subject,ablation,Q_across_node_var,Q_mean_cos,Q_eff_rank,Q_frac_var_sv1,Q_mean_pair_dist,Q_mean_norm,W1_across_node_var,W1_mean_cos,W1_eff_rank,W1_frac_var_sv1,W1_mean_pair_dist,W1_mean_norm,q_norm
CMU_a_0050642,1_raw_signed,3.168755915236989,0.9999010345834661,1.1850652463591644,0.9988799271906362,3.468640575299376,15.388966145047197,0.12501299646336259,0.998901147010806,1.226985960052466,0.9981048323262357,2.2523128173596674,9.617463017446406,15.388966145047197
CMU_a_0050642,2_abs,3.071832702986559,0.9998993478048754,1.186663733390814,0.9988559357073522,3.423456144943752,15.417319446485585,0.1213612238345185,0.9989947531930533,1.2288448199221418,0.9980646641963198,2.224453728945272,9.63440918189217,15.417319446485585
CMU_a_0050642,3_pos_only,3.119856085689855,0.9999003855258568,1.1856885475159127,0.9988711113448734,3.4459715152581856,15.403141485808964,0.12317115198210565,0.9989501405483977,1.227702409335458,0.9980901037874844,2.238334986937337,9.62593136318851,15.403141485808964
CMU_a_0050642,4_all_ones,0.010082548632692373,0.9999981664544181,1.7842305336035669,0.9386380164531403,0.18956056368515145,32.08680997101408,0.00039770059217756227,0.9999969240968408,1.889520696075271,0.9043225578508366,0.12432304286907703,20.252956332325223,32.08680997101408
CMU_a_0050642,5_offdiag_only,3.089127599786512,0.9999483750156449,1.145167847900847,0.9994030811541379,3.4125720470644123,15.0361135861773,0.12132230209865802,0.9988191824833239,1.1793696068567139,0.9989739930408316,2.2098179738886796,9.393159908821376,15.0361135861773
CMU_a_0050646,1_raw_signed,4.884113358627981,0.9996602186741704,1.3102691492874858,0.9953433371228138,4.352303828199935,17.68795885129213,0.1773414150641244,0.9986367594039347,1.4292987946358906,0.9922634525107263,2.7172566275746655,10.574317030097552,17.68795885129213
CMU_a_0050646,2_abs,4.36904799753675,0.9996979637851318,1.320905467027383,0.9948821636882121,4.143648417818317,17.867630990762773,0.1587515889652133,0.9989663890490823,1.4323588774688878,0.991538240316118,2.5881138336328733,10.684855838328412,17.867630990762773
CMU_a_0050646,3_pos_only,4.616400995754652,0.9996828099633904,1.3153638391647233,0.9951259708027126,4.246532523165177,17.77778419858733,0.16768207965105406,0.9988296868490766,1.4270269081419054,0.9919238788678711,2.6517797983939846,10.629532604407729,17.77778419858733
CMU_a_0050646,4_all_ones,0.02556019513906152,0.9999972377941495,1.832254115216152,0.9186248420913294,0.32662980718087653,48.179307619484504,0.00096100527493906,0.9999951448953984,1.9511370988412995,0.8679297912544006,0.21048215454341904,29.482371600597876,48.179307619484504
CMU_a_0050646,5_offdiag_only,4.759652893115974,0.9997734227500583,1.2613575181541947,0.9970239331213058,4.2819213835818655,17.157682595089273,0.1726013925502964,0.9986496435002911,1.3721284651751495,0.9950568445361205,2.6695264345580876,10.246206085359216,17.157682595089273
CMU_a_0050647,1_raw_signed,5.6130448558117,0.9982917435399382,1.4632183978822635,0.9825171642994804,4.79984156712708,16.640328950315833,0.20852697523050837,0.9960091866190772,1.8815083819470835,0.9706898230690013,3.0453621955866974,9.973342580091815,16.640328950315833
CMU_a_0050647,2_abs,5.15009108007019,0.9984838918715838,1.4691818636871739,0.9819163886179023,4.618300964413035,16.83064597828336,0.1917900496907035,0.9966524612513976,1.872109134830338,0.9697732242701125,2.9334394558257375,10.088802615779702,16.83064597828336
CMU_a_0050647,3_pos_only,5.3737260755460925,0.9983950873546291,1.466185314618577,0.9822182085792326,4.70804675282579,16.735465807423193,0.19987867480913657,0.9963708603061563,1.876157563280104,0.9702312138504888,2.988752535516085,10.031003567467602,16.735465807423193
CMU_a_0050647,4_all_ones,0.02015378167298595,0.9999968780132512,1.9207159463682126,0.8828677066540531,0.2880722568344398,48.56449844535094,0.0008159178968011074,0.9999944137821293,2.0158427642196575,0.8241401556125724,0.19241377488946815,29.772207473079995,48.56449844535094
CMU_a_0050647,5_offdiag_only,5.34075961243649,0.9985833583733699,1.4298598215832097,0.9854767865143556,4.661588431585386,16.104443541972458,0.19751396445484115,0.9962830103917236,1.8223102353088887,0.9753174105254749,2.94943169396963,9.639903458754201,16.104443541972458
CMU_a_0050649,1_raw_signed,4.406613316303312,0.9996108444265965,1.3341406843699395,0.9941721697340574,4.031891427159627,14.651547239916765,0.16609268752438047,0.9945759479178893,1.581877967801355,0.9895773878576587,2.572936538210326,8.951808967553228,14.651547239916765
CMU_a_0050649,2_abs,3.3163390891477693,0.9997152026563376,1.357525053884736,0.9930489232450732,3.5819746725736556,15.046149705638502,0.12549068444769784,0.9982715982014181,1.54679379115159,0.9877021607999872,2.2889612799967947,9.195642351290768,15.046149705638502
CMU_a_0050649,3_pos_only,3.809480647632922,0.9996788477639496,1.3458690300272973,0.9936253550061865,3.8008292094114378,14.848811870683013,0.14390881191534982,0.9972587806527996,1.5540590538822556,0.9886774261999729,2.4272201084894083,9.07291546735711,14.848811870683013
CMU_a_0050649,4_all_ones,0.02989678465271466,0.9999971819324943,1.737207327818409,0.9431186394626044,0.3397544023562246,43.061322265961316,0.0011425606451249373,0.9999953095242166,1.8432534847110253,0.910272795960292,0.22079278684292464,26.885471005816957,43.061322265961316
CMU_a_0050649,5_offdiag_only,4.252665602855814,0.9996906539344195,1.2973078007946055,0.9956960793606446,3.9495775854941058,14.177719067303535,0.16001272436340674,0.9937905446937614,1.5211961177355084,0.9922056673375051,2.5160746934386466,8.654685117211042,14.177719067303535
CMU_a_0050654,1_raw_signed,3.2554542240245667,0.999864954166415,1.2652118088117184,0.9971835445587941,3.390466089269968,18.15905642426882,0.120558940285782,0.9993042785481645,1.4318278742569797,0.995030528715538,2.1356323770944456,10.947704159119102,18.15905642426882
CMU_a_0050654,2_abs,3.1335159862587223,0.9998746714179347,1.266711924709503,0.9971499876562878,3.3465695777587627,18.201051833566257,0.11609756926480111,0.9993944933206996,1.4232887557139178,0.9950000269125594,2.1084185230013164,10.973280725011204,18.201051833566257
CMU_a_0050654,3_pos_only,3.1925165086364884,0.9998704245072041,1.2659618776154482,0.9971668917427221,3.368230917680171,18.18005260239336,0.11826032137538627,0.9993543031610775,1.4246534482879292,0.9950159936938285,2.1218713381998713,10.960480807679991,18.18005260239336
CMU_a_0050654,4_all_ones,0.020488622325124706,0.9999985935194607,1.6995030418230992,0.963441394643921,0.27915935426258287,40.354200172715345,0.0007778547018451438,0.9999975190929801,1.8117993130575656,0.9412158773576307,0.17922831303906242,24.80399681221301,40.354200172715345
CMU_a_0050654,5_offdiag_only,3.2451487094586784,0.9999023506257011,1.2230180667432131,0.9981246981161656,3.3774996396607544,17.71530366824595,0.11981044265301477,0.9992612670217007,1.375476757514894,0.9965970251644006,2.123210185667035,10.671362120527434,17.71530366824595
CMU_a_0050656,1_raw_signed,9.740112280460709,0.9662358694823376,1.3214889737709532,0.9936302924152314,5.749900031859228,17.486546010899996,0.3657342951665903,0.9469422343304338,1.927797806007802,0.9870296048996353,3.680529198415989,10.675881330000221,17.486546010899996
CMU_a_0050656,2_abs,6.548054225263667,0.9993779209761061,1.3362626050410578,0.9930016743617869,5.084550851957532,18.32620408606412,0.25053140122825984,0.9980384216180727,1.5108893895092392,0.9876257300136433,3.2659234590227664,11.165075793500014,18.32620408606412
CMU_a_0050656,3_pos_only,7.887740173512189,0.9988454240316575,1.3285810573066907,0.9933402909378868,5.406744461820434,17.897905439782974,0.3016858824141142,0.9953905077593923,1.5751822891344986,0.9881668194024353,3.475825012313753,10.90538945736782,17.897905439782974
CMU_a_0050656,4_all_ones,0.021212009833790683,0.9999976667751281,1.791554864166471,0.9301656271478299,0.2930505889534683,43.6532514129398,0.0008263057364250044,0.9999959574623767,1.89883448174557,0.8894199525310944,0.19079836176962106,27.0081467330075,43.6532514129398
CMU_a_0050656,5_offdiag_only,9.422893282093296,0.9507771194749387,1.2993755193800294,0.994567127859992,5.5874969842372675,17.012855064391488,0.3490175782416888,0.9348869365402823,1.9433005756932544,0.9878098944792485,3.5591627773177175,10.387960097781152,17.012855064391488
CMU_a_0050659,1_raw_signed,3.4073007981721495,0.9998797773124694,1.3184974792166089,0.9956445550123606,3.688472044358038,20.436366805851595,0.12534004376565047,0.9995918171502678,1.438291941697656,0.9926675941898955,2.3172558120542814,12.371972797820838,20.436366805851595
CMU_a_0050659,2_abs,3.258311851638308,0.999877220385818,1.3265155724952697,0.9953669997276507,3.6162083273100327,20.479929439893688,0.11988437154950943,0.9996061819522178,1.4469970083942834,0.9922213590414664,2.27222356425833,12.39902318029737,20.479929439893688
CMU_a_0050659,3_pos_only,3.330771314753449,0.9998785623900929,1.3224683820534504,0.9955083980638791,3.652114302048421,20.458147504641342,0.1225374613376629,0.99959985510079,1.4424854320630758,0.9924487133917455,2.294597724686875,12.385495346289764,20.458147504641342
CMU_a_0050659,4_all_ones,0.021143217624478086,0.9999974140532484,1.8784501844908117,0.9254399861580971,0.28942745035326595,45.57084246399563,0.0007879210724159076,0.9999953722270296,2.016647162769947,0.872595945154134,0.18619399676925913,28.05867604888841,45.57084246399563
CMU_a_0050659,5_offdiag_only,3.4239739183865012,0.9999265013826586,1.2533167343578764,0.9975410340997303,3.6920623882077614,19.935126179265833,0.1256701262110989,0.9996500220446154,1.3579959035102187,0.9958778164213717,2.3146492124777867,12.059305150160734,19.935126179265833
CMU_a_0050660,1_raw_signed,5.562163659236184,0.998988706077627,1.420063421008252,0.9889547191500834,4.666500530707066,17.176675638463582,0.20235857646258698,0.9969814063810838,1.8212320665693986,0.9813452938026841,2.924573314848528,10.319672593585409,17.176675638463582
CMU_a_0050660,2_abs,3.7946436604034504,0.9994134863610907,1.4534078226565876,0.9863640502520888,3.847037775233615,17.97298852338112,0.13868962109479877,0.9984353360208493,1.79607605413715,0.9770384224828187,2.418306002462648,10.806530908695892,17.97298852338112
CMU_a_0050660,3_pos_only,4.58461715139,0.9992583048648364,1.4355172988075144,0.9878039027073037,4.2388520668761,17.574638531692976,0.16718863862457112,0.9979102663532965,1.792774590344414,0.9794525580467595,2.6603409260971556,10.562410426293843,17.574638531692976
CMU_a_0050660,4_all_ones,0.026134922579549604,0.9999976764365949,1.82456502147562,0.928503833560737,0.3209993115800716,51.09241518683359,0.0009845580112192527,0.9999958795811561,1.9512438795938871,0.8795249113475405,0.20711093808622877,31.43601594997583,51.09241518683359
CMU_a_0050660,5_offdiag_only,5.58709854300789,0.9991475742726811,1.3751303368487424,0.9917678133627028,4.66260663222596,16.613894330328783,0.20282492370223015,0.9969291349060259,1.7388658022112908,0.9859999080430589,2.916231025077289,9.969727087075768,16.613894330328783
CMU_a_0050663,1_raw_signed,3.527955093750736,0.999069429845757,1.435496937293781,0.9850742794369897,3.777205100296604,15.046226926509132,0.14191114838825802,0.9975142624352139,1.5578608460927061,0.9763687296978463,2.489018160584342,9.457347785214466,15.046226926509132
CMU_a_0050663,2_abs,2.4128099362876525,0.9994007081330843,1.4810191447472811,0.980433013025126,3.149524628144557,15.6639971594891,0.09734498146484649,0.9985295121092187,1.6016622349691079,0.9689600133938003,2.08147888960518,9.85760288127933,15.6639971594891
CMU_a_0050663,3_pos_only,2.898555670862725,0.9992894490635627,1.4582458734687522,0.9828601548118017,3.449570090834008,15.354964577720251,0.116719292616672,0.9981832545443222,1.573959874948198,0.9727765166965624,2.2762768420839743,9.657187277176089,15.354964577720251
CMU_a_0050663,4_all_ones,0.017492758239427034,0.9999971543488813,1.8419819554639536,0.9100465111405722,0.26667698750781454,40.83583344952186,0.0007198092643888299,0.9999955020817206,1.999117554268143,0.869093253963231,0.17865534333446048,26.09100445191239,40.83583344952186
CMU_a_0050663,5_offdiag_only,3.4937768222939387,0.9991237562206859,1.4001049324104933,0.9878645528202413,3.74976073459083,14.596682558452548,0.13992217631929238,0.9974128461364827,1.5069438900958452,0.9805622613977242,2.4635467871332906,9.168518288919255,14.596682558452548
CMU_a_0050664,1_raw_signed,10.479355557921702,0.9557002882309685,1.4232711208620223,0.987134299050322,6.160397359784725,22.685879464470162,0.3619171927910847,0.9757103635466862,1.9121771174251072,0.9758013635968922,3.803211712501902,13.557146065505416,22.685879464470162
CMU_a_0050664,2_abs,7.219181527555695,0.9992695506969218,1.4508544588430106,0.9849706794316663,5.347263179007398,23.315575562466748,0.25901695663734525,0.9984076855681386,1.6063080360821378,0.9769408687805584,3.328435663566571,13.925837633344125,23.315575562466748
CMU_a_0050664,3_pos_only,8.669586881021958,0.9990418059371146,1.4368760730157943,0.986092004940521,5.745550484136923,22.980043223140864,0.3108960810597559,0.9965647025832423,1.6397645886077257,0.978577835971061,3.575774408256807,13.721567246452734,22.980043223140864
CMU_a_0050664,4_all_ones,0.028125457179293923,0.9999979543708819,1.8718711151210194,0.9219386535124596,0.3357583992611747,57.38611418167246,0.0010406044239139635,0.9999968360495372,1.9791206126113792,0.886947798625462,0.21365117961215174,34.89855824515856,57.38611418167246
CMU_a_0050664,5_offdiag_only,10.264394010666672,0.9555971472488102,1.3906582807275703,0.9892827300703703,6.093915270940594,22.060157354263193,0.35257085433879143,0.97595760471514,1.8829943141489887,0.9781064958795406,3.752636156058197,13.174378551461329,22.060157354263193
CMU_a_0050665,1_raw_signed,7.603408975412368,0.9945446814475375,1.2504294409941108,0.9978939817076544,4.788879593608087,21.075087866431442,0.2734611371875136,0.9811085047878286,1.519594485098127,0.9963892034899099,2.978458028821142,12.714327770650415,21.075087866431442
CMU_a_0050665,2_abs,6.394549945933426,0.9996357306046926,1.2678940398392615,0.9975414136713163,4.558643276785005,21.236897986420548,0.2325815341300998,0.998343633920835,1.4481229969431002,0.996085140844163,2.843129154165042,12.803707831633007,21.236897986420548
CMU_a_0050665,3_pos_only,6.971206949728153,0.999445029549526,1.2585933931311573,0.9977362319180606,4.6732968937235,21.155462941343256,0.25311294270034734,0.996204526043382,1.4789083523529023,0.9963465686971169,2.9131630393396275,12.755508388694754,21.155462941343256
CMU_a_0050665,4_all_ones,0.025531483825875306,0.9999973485454806,1.7828585534867438,0.9429123438834909,0.31657402913303195,41.662968077144924,0.0009427343396824139,0.9999952285711022,1.9954141971874606,0.9047653477383819,0.20208648590779493,25.46674391697856,41.662968077144924
CMU_a_0050665,5_offdiag_only,7.400366560234242,0.9911151665139989,1.2122521360023957,0.9986322483858726,4.710110417922131,20.61689136901776,0.2651607513631588,0.9797055774265029,1.4685830184671582,0.9975318734566124,2.9247944635458665,12.43129115991296,20.61689136901776
CMU_a_0050666,1_raw_signed,6.5187653410476285,0.9995822369566925,1.3143900266233048,0.9948483910330177,4.826006418702998,22.019923013663217,0.2502529846957206,0.9978294586445859,1.4612883832228676,0.9917539728687625,3.0985618008613596,13.679489745925594,22.019923013663217
CMU_a_0050666,2_abs,5.636398436497504,0.9997344056195169,1.318433318804325,0.9946794466966565,4.531882500443126,22.225949057605366,0.21685469129522678,0.9988415680907583,1.4149927065222314,0.9915050606658361,2.912844885590625,13.807928378212686,22.225949057605366
CMU_a_0050666,3_pos_only,6.0593367138748135,0.9996790753204048,1.316178717386782,0.9947746735581956,4.677474489243246,22.12290053078602,0.23289483787625295,0.9984633386892515,1.43641568831457,0.9916552140064103,3.0048891478272766,13.743583780863846,22.12290053078602
CMU_a_0050666,4_all_ones,0.027237213059757404,0.9999980655077938,1.81191320230284,0.9386801354690645,0.33201664240127554,53.99814833542793,0.0010207149175651892,0.9999966768102815,1.9462318893856385,0.8939666909069576,0.2135947321913714,33.87580691981642,53.99814833542793
CMU_a_0050666,5_offdiag_only,6.565504107902583,0.9996831692168956,1.2739643554172027,0.9962950786866192,4.844139448158592,21.42579708244842,0.2509459898755195,0.9974555418892296,1.3960404103021802,0.9940212924045269,3.1002496695594552,13.304354333882673,21.42579708244842
CMU_a_0050668,1_raw_signed,21.11406576653667,0.9998470333261513,1.1621200364327995,0.9992056125179376,8.461235072520497,33.82366020690092,0.7814849134746767,0.9985312809938429,1.2488949871726094,0.9987553193179131,5.322814086170156,20.781079908552204,33.82366020690092
CMU_a_0050668,2_abs,17.850590179692734,0.9998542021608996,1.1832629859363188,0.9988437372972527,7.933803161583297,34.17533932120053,0.6638772282048437,0.9995325135835739,1.253146159034417,0.9982433475485353,5.002000121814123,20.99277393623723,34.17533932120053
CMU_a_0050668,3_pos_only,19.40991646266517,0.9998614393315693,1.1710837154416331,0.9990594786103123,8.196325663312878,33.99945774091953,0.7201862503197354,0.9993774098971537,1.247656999898847,0.9985592432464353,5.161759477081064,20.88648527509381,33.99945774091953
CMU_a_0050668,4_all_ones,0.03150066440832503,0.9999982789329668,1.8681026796377898,0.9232993160108933,0.36558245990031585,66.50336038780478,0.0011994728239452584,0.9999970477998181,1.9928211034339582,0.8746342771422918,0.23674230348412106,41.14477984644385,66.50336038780478
CMU_a_0050668,5_offdiag_only,20.864267547931046,0.9999331529834219,1.1305037235861326,0.9995348473118544,8.392374379523847,33.09238831392614,0.7703130202983366,0.9981707903912196,1.2059022768842107,0.9992743722212757,5.270917188791383,20.32500971967061,33.09238831392614
CMU_b_0050644,1_raw_signed,5.68924437237323,0.9996018925837913,1.362451680018447,0.993032722441881,4.614224412649719,18.58871402985105,0.21049040182887296,0.9969481600224188,1.596844100981303,0.9886909119944665,2.9128177581649486,11.255943428496412,18.58871402985105
CMU_b_0050644,2_abs,4.884024858875562,0.9996282966502473,1.3848631680471302,0.991721392848583,4.390614774688332,18.845390239835265,0.18121077540065011,0.9987937569064963,1.5895210736599201,0.9866024586022413,2.7749433965506456,11.415179774064326,18.845390239835265
CMU_b_0050644,3_pos_only,5.235281501118758,0.9996244489129728,1.3742744732980041,0.992364815816628,4.499997073850981,18.71703512766164,0.19403367859771892,0.9985722766907726,1.5781685161040226,0.9876419874761279,2.8425834387528988,11.334922023857432,18.71703512766164
CMU_b_0050644,4_all_ones,0.025967373997536125,0.9999967832475246,1.963807509705866,0.8915263839194945,0.33550111689791046,51.562255338651944,0.001016892939311935,0.9999945364464499,2.078333677461048,0.831368401924884,0.2204374535800917,31.901214687726704,51.562255338651944
CMU_b_0050644,5_offdiag_only,5.71109487679002,0.9996657410462557,1.3039144352600822,0.9954264257460905,4.605503594843746,18.02113751383074,0.21071221233632942,0.9963619282068527,1.5290284671981236,0.9926168222210163,2.899613624665549,10.901289548231956,18.02113751383074
CMU_b_0050645,1_raw_signed,7.656756088676242,0.9926909647650257,1.3501936359130056,0.9915278085074771,5.33140684787866,16.556347420304164,0.2937148168489206,0.9840580812959966,1.8789899155570946,0.9846139617987382,3.439473250964065,9.989020011727547,16.556347420304164
CMU_b_0050645,2_abs,6.636826633742399,0.9978772969368132,1.3624609935884804,0.9907507743661129,5.088496622324895,16.739135635301686,0.2556740059222269,0.9953241507365949,1.711141560138993,0.984668757737147,3.284698139877945,10.099027582878344,16.739135635301686
CMU_b_0050645,3_pos_only,7.102609932848751,0.9970712005330303,1.35650962869408,0.991124054443492,5.208433906966895,16.64603374973096,0.27306147055969726,0.9936668605497835,1.745864510287369,0.9848568834352431,3.361051536353076,10.042137408983416,16.64603374973096
CMU_b_0050645,4_all_ones,0.02710553459559543,0.9999953890165717,1.6494637996523207,0.9624453859638696,0.30842006046908604,35.05847485648903,0.0010879992910085151,0.9999923496731127,1.722189779369767,0.9482377500885105,0.20331381389039913,21.489604948005827,35.05847485648903
CMU_b_0050645,5_offdiag_only,7.1805213154342455,0.9919852665946522,1.333194894709927,0.9923664284664229,5.118411797993303,16.169434401439908,0.27383150793004263,0.9824035840244494,1.8669830366280464,0.985775669277191,3.2940099922602757,9.747899992660022,16.169434401439908
CMU_b_0050652,1_raw_signed,5.7578194804507445,0.9992210389279987,1.3964155402819134,0.9900754640822217,4.786285340230822,16.939809861026816,0.2090211510754617,0.9974269271954679,1.7137304025925864,0.9831764144807073,2.9965153390978667,10.080038133829268,16.939809861026816
CMU_b_0050652,2_abs,4.879754172076223,0.9992906009266407,1.4195399639753012,0.9884160969948655,4.441572495218546,17.25237607318891,0.17766495614940997,0.9981301939201622,1.738618746146213,0.9806044692515578,2.7850367199304364,10.270254413500211,17.25237607318891
CMU_b_0050652,3_pos_only,5.300782508421825,0.9992621007294618,1.407457007956551,0.989299262575366,4.611339086995834,17.096078092821056,0.19272782901364266,0.9978587125830307,1.7236151418439492,0.9819723796597103,2.8892653687287213,10.17499141854448,17.096078092821056
CMU_b_0050652,4_all_ones,0.02499110795342017,0.9999971667447951,1.8960062446068255,0.9145406364477696,0.3193067477956308,47.84789925189816,0.0009634905663221975,0.999994945939588,2.0149258440687343,0.8643320334794812,0.20785508538056174,29.162779311009736,47.84789925189816
CMU_b_0050652,5_offdiag_only,5.621921826784295,0.9994169962352727,1.3557334180711584,0.9923286738569772,4.711336189461952,16.412660321069602,0.20338522268693285,0.9972074781083305,1.640057002752682,0.9868634299880813,2.9419903360239625,9.754966965027732,16.412660321069602
CMU_b_0050655,1_raw_signed,11.615781010314045,0.9995084792645839,1.2103664790521687,0.998093443940959,5.792931834729182,29.15822640632291,0.43076043474896,0.9969308630789486,1.3865560990637116,0.9965291856138894,3.659202117211187,17.89111813503362,29.15822640632291
CMU_b_0050655,2_abs,10.536742964451358,0.9998629029269595,1.2133439275175895,0.9980343571061224,5.64806946378061,29.279492547141242,0.3913490126065551,0.9990810121460186,1.3366799666507538,0.9964898088267993,3.5687057700237843,17.964414681731192,29.279492547141242
CMU_b_0050655,3_pos_only,11.057177008617002,0.999790389894932,1.2117896501401346,0.9980653085262874,5.720307321073907,29.21875795646834,0.41042957600367913,0.9985520694595406,1.3618108980030592,0.9965243590396775,3.61396259182805,17.927502562753975,29.21875795646834
CMU_b_0050655,4_all_ones,0.02279441208138366,0.9999980818309506,1.8720717791230006,0.9221309652288192,0.3117949597169946,53.13648139208047,0.0008828670389966208,0.9999967320672815,1.988567069645788,0.8768443270405983,0.20352100216307512,32.8997570484939,53.13648139208047
CMU_b_0050655,5_offdiag_only,11.362028441615296,0.9995083508585906,1.1719429128954315,0.9987994216676568,5.677858041392193,28.573811227815632,0.420598409434905,0.9960183270582529,1.3306565687296668,0.9977292079862551,3.5798539599379793,17.525025275072124,28.573811227815632
CMU_b_0050658,1_raw_signed,10.091788604498499,0.9995025658495207,1.2485530494979884,0.9974304873343957,6.1228004838429895,18.932441119896453,0.3624548698310389,0.9848795205268669,1.543758706133724,0.9954594436338234,3.8017158163806415,11.32784820257214,18.932441119896453
CMU_b_0050658,2_abs,6.29179759371669,0.9997432225077832,1.3044108948940472,0.9956860853622889,5.061561937697812,20.064259591649265,0.22738184542210316,0.9991652208062491,1.487910499295992,0.9927090131891263,3.150787200751102,12.019996779949608,20.064259591649265
CMU_b_0050658,3_pos_only,7.879502819371704,0.9997290783726903,1.2751556947884624,0.9966556503490703,5.575090744154057,19.498231150689545,0.2839987503511308,0.9985259294471037,1.4800493245757196,0.9942973497355,3.466188380749068,11.669864068090062,19.498231150689545
CMU_b_0050658,4_all_ones,0.0333414748137309,0.99999696262071,1.927758093913455,0.9002353154029963,0.3797034173537115,57.44411172982636,0.0012829737110564836,0.9999946551948515,2.048054438482671,0.8403205666751041,0.24678755203686586,35.15154251713836,57.44411172982636
CMU_b_0050658,5_offdiag_only,9.92225922319808,0.9973990702015367,1.2001063555577332,0.9985333007322302,6.045850602738364,18.300539994241166,0.3537705006254289,0.974506250697568,1.5081684453988498,0.9971449421026928,3.7424505568511655,10.943659893570285,18.300539994241166
CMU_b_0050661,1_raw_signed,18.220694085740526,0.8747562040579931,1.1435165876619606,0.9992984922489276,7.67644414228966,22.166867677355274,0.7255793087990727,0.9303735040153538,1.8794449046478767,0.9814100006595222,5.105983687604275,14.655614111670866,22.166867677355274
CMU_b_0050661,2_abs,12.228047594770246,0.9996733152936556,1.1268039769138356,0.9995261497663488,6.843828264411406,23.117943530533008,0.5268939293290162,0.9991032897245513,1.204376715178402,0.9992638756290675,4.641366382545703,15.217003436293302,23.117943530533008
CMU_b_0050661,3_pos_only,14.506821018199638,0.9992300391765357,1.1356778633609705,0.9994149085597399,7.236538552911987,22.538275470516883,0.62590250163995,0.9968183189622256,1.2255029229645036,0.9990761183207076,4.913658055107339,14.836798588132051,22.538275470516883
CMU_b_0050661,4_all_ones,0.022517960159955937,0.9999985701866548,1.7159620852425055,0.9539863461224714,0.30684875619466295,47.88120636059576,0.0009868124993725532,0.999997888572625,1.7893782439789467,0.9379973400188373,0.21157886827263905,31.56777059146669,47.88120636059576
CMU_b_0050661,5_offdiag_only,17.81809750108944,0.8722947110738162,1.1348129078118672,0.9993704556094564,7.545783969902872,21.670604445559533,0.7019961227276295,0.930046926185619,1.8950314371388453,0.9762521416314448,5.001090727621603,14.333533826985443,21.670604445559533
CMU_b_0050667,1_raw_signed,3.7920560034048,0.9983933054818541,1.5894700720032768,0.9698494366684244,3.8839305111136584,17.670927642015606,0.1459507246191508,0.996729452044028,1.9986812648699752,0.9507111804945377,2.5125719737080723,10.755962812772323,17.670927642015606
CMU_b_0050667,2_abs,2.864579314518954,0.998783578423415,1.62807547657433,0.9636858418663173,3.432058393105414,18.13298052721397,0.1113706570915274,0.9975637347217768,1.9802281735126228,0.9411403113175026,2.234918202410147,11.03677359425915,18.13298052721397
CMU_b_0050667,3_pos_only,3.282278340551087,0.9986275269432623,1.6088180369764602,0.9668461151170347,3.649911551958043,17.901848581272024,0.1270050116018988,0.997235207803357,1.9864247932134291,0.9460686762737303,2.368992640088684,10.896125582261934,17.901848581272024
CMU_b_0050667,4_all_ones,0.024965867458067743,0.9999969155269586,1.8823917729707584,0.9138309312981958,0.3190031810951629,47.77074327396344,0.0009472533882428629,0.9999947327529217,2.0064773374440343,0.8593265434217385,0.20640909597038054,29.539787829746167,47.77074327396344
CMU_b_0050667,5_offdiag_only,3.7591105368646147,0.9985229588003889,1.5515941329038272,0.9745150306366102,3.843161193054075,17.14453152832822,0.14381519369415546,0.9968113218193018,1.9418842938102698,0.9575496395064097,2.4775899215368535,10.426686523359612,17.14453152832822
Caltech_0051456,1_raw_signed,6.131381687909812,0.8716187656593021,1.331669763962651,0.9937877162487612,4.741793560754725,9.897545539358893,0.20219239932551142,0.9080472506812163,2.7939294538565136,0.9367859302284585,2.8787603288459054,5.812039361333694,9.897545539358893
Caltech_0051456,2_abs,2.9106555294842664,0.9991506709552079,1.4204793259488229,0.9880962145039263,3.4356747725753527,10.969493901389832,0.10527587576658441,0.9956039636820737,1.592933925591556,0.9812938273855167,2.1449626727071385,6.387556753139009,10.969493901389832
Caltech_0051456,3_pos_only,4.265519927359544,0.9984345148447172,1.3694743488653853,0.9916670664530708,4.072778870882864,10.34464557234456,0.15311262194141795,0.9664764205460223,1.7500705222945787,0.9860038741155306,2.5337413974447003,6.022767698933257,10.34464557234456
Caltech_0051456,4_all_ones,0.015095387149798545,0.9999954934329452,1.8029521169091427,0.9362431357847296,0.23691154696444164,33.55515199744616,0.0005798003069139584,0.9999927866947124,1.9258205663030614,0.9109638642089511,0.15266811921255294,20.29451385390087,33.55515199744616
Caltech_0051456,5_offdiag_only,5.909671596845198,0.870513672577976,1.2995155194606332,0.9952095696952048,4.645135705246417,9.538124619714186,0.19424954735175692,0.9014614178353715,2.7913112995326315,0.9320111039343536,2.8144235998289706,5.598330536323751,9.538124619714186
Caltech_0051458,1_raw_signed,2.584027738219248,0.8986065173409201,1.369070720642346,0.9948105222323629,3.0933572869980384,6.359487292353029,0.08504496343368179,0.8618060194845453,3.0766820722030617,0.9637583615772769,1.8630978176518065,3.6840264519066164,6.359487292353029
Caltech_0051458,2_abs,3.2461191585394515,0.9991275491648988,1.367547586939771,0.9931747749880815,3.644169939098321,11.371187227411726,0.11784367504380544,0.9962996523011628,1.6100699883555343,0.9885486337948899,2.276399622114944,6.636175297182825,11.371187227411726
Caltech_0051458,3_pos_only,1.7565512825591272,0.9987735983863167,1.491587868685625,0.9862513979508163,2.6762881637129996,8.832179273531484,0.06310516769620574,0.9924397453144823,1.83664771020732,0.9754294204428342,1.6691805877331296,5.08819813681589,8.832179273531484
Caltech_0051458,4_all_ones,0.019403856718210218,0.999996442933879,1.8588352437327347,0.9277052506127736,0.2729078442338278,36.51265679856261,0.0007457616317953687,0.9999935906653374,1.9762916518320386,0.8865321899477576,0.17716986572842508,22.087412992277258,36.51265679856261
Caltech_0051458,5_offdiag_only,2.696360134144881,0.8133177203214851,1.3019414896306531,0.9970462197941955,3.151832529398785,5.979789099179243,0.08594156333890615,0.8229861581760131,3.0750083105639554,0.9611770539052025,1.8721433895185948,3.4871382897188963,5.979789099179243
Caltech_0051459,1_raw_signed,16.948091047437842,0.49272724120003814,1.3106999143769007,0.9949018010567056,8.249807325420365,9.892875142223177,0.5331099051451932,0.6687707801108674,3.439490291530568,0.8853947392079381,4.915726298598616,6.0853182998739666,9.892875142223177
Caltech_0051459,2_abs,7.192718077261138,0.9982933730419741,1.3169860007357845,0.9957514160567906,5.38308801141025,13.856158021452746,0.25898529231650913,0.995916921426251,1.4926214096043753,0.9930168365684425,3.3447331182960673,8.141065673891246,13.856158021452746
Caltech_0051459,3_pos_only,10.091291452344334,0.9923848314186954,1.3048881026464163,0.995558679972755,6.429208115897992,11.369259238137268,0.36420157202463516,0.982231963118174,1.628715335125411,0.9923110384813894,3.9998485347997486,6.616998902912736,11.369259238137268
Caltech_0051459,4_all_ones,0.03621987620006862,0.9999942892921453,1.8782482014494768,0.9187591716567344,0.3780017260047247,44.30509243529206,0.0014691474898806825,0.999987831521495,2.237405331832574,0.8584410688173584,0.25237361925543117,26.89625307669408,44.30509243529206
Caltech_0051459,5_offdiag_only,16.159306790699098,0.4682193382143108,1.2971242881691734,0.9953178752900078,8.023109278299588,9.506912416566315,0.5046164804670734,0.6565659854466762,3.477368265055518,0.8694208945855867,4.771123212188919,5.88048705092139,9.506912416566315
Caltech_0051461,1_raw_signed,8.183881512734137,0.9624848387878272,1.172028684040411,0.9988110890596735,4.896318249388082,20.22828494427339,0.3036176718298393,0.9645662647129212,1.515406619414448,0.9967396599883118,3.1046770999354085,12.453100950632077,20.22828494427339
Caltech_0051461,2_abs,6.819873435392682,0.9996705061787537,1.174516319368086,0.9987896854610705,4.657959267773983,20.438882879834388,0.2590775196326298,0.9979037546864339,1.2741271429346166,0.998037990283834,2.970243810107457,12.565794204106306,20.438882879834388
Caltech_0051461,3_pos_only,7.458823102246576,0.9991227795681048,1.1726845244696895,0.9988093287234181,4.776028557991572,20.328382945410038,0.28268125815457845,0.9937771928463763,1.3292140364657357,0.9979045315499748,3.0439830836394113,12.500708451716898,20.328382945410038
Caltech_0051461,4_all_ones,0.02097578549199437,0.9999984126875607,1.633893506935715,0.9687248083991862,0.2837008239503701,35.96146785525386,0.0008134796476135862,0.9999969861802507,1.7495260474788266,0.9463263432947695,0.18478046927338654,22.283726321941177,35.96146785525386
Caltech_0051461,5_offdiag_only,7.8851598972962575,0.9535388922160509,1.1541463009181965,0.999068412081413,4.754106090051448,19.83889410697145,0.28978937445753655,0.9620751315189404,1.5117837981162014,0.9966651521446289,3.004586567750247,12.21078503283959,19.83889410697145
Caltech_0051462,1_raw_signed,6.528344098565341,0.9998309972181078,1.2766555629607759,0.9965249474632083,4.8433607404898025,22.024654884386162,0.23183522943732293,0.998898347982449,1.3857854060700563,0.9946053347603565,2.9883342899773737,13.111310412545688,22.024654884386162
Caltech_0051462,2_abs,5.7623468023849105,0.9998344785690134,1.294705721890446,0.9960126549122581,4.650178331090132,22.170057150276815,0.20488815073762423,0.9994053470993202,1.393764189805151,0.9938281155943779,2.8705104935685073,13.198797303801369,22.170057150276815
Caltech_0051462,3_pos_only,6.12392120434082,0.9998346438593839,1.2853626293293672,0.9962741639901068,4.745964452079786,22.097352192206323,0.21763925988154256,0.9992647485547163,1.3816072401671355,0.994226428242044,2.929027342524382,13.15491318574945,22.097352192206323
Caltech_0051462,4_all_ones,0.029841402696344888,0.9999959006178214,1.9468116746376252,0.9097303544053517,0.34807081746209956,44.456334725351546,0.0011201222829719491,0.9999926973819189,2.0814934539320356,0.8539756924487398,0.2225218448738269,26.872067663398063,44.456334725351546
Caltech_0051462,5_offdiag_only,6.347464840300108,0.9998876288023893,1.2191443828704351,0.9979557859094088,4.764908015935357,21.535494319313273,0.22508011041984702,0.998851903623915,1.3126899222903168,0.9968446232548314,2.9353431257077234,12.811259827151543,21.535494319313273
Caltech_0051463,1_raw_signed,8.35057245490936,0.9198237525500758,1.6418381666994826,0.9547442981378805,5.962831777482376,10.900405920703701,0.3018521942971778,0.8964176449357928,3.4099124484749757,0.9177662195059336,3.7646021516504025,6.340024838069768,10.900405920703701
Caltech_0051463,2_abs,4.7211953707479895,0.9981863547098586,1.5434881554242477,0.9765020540115685,4.412186931334258,16.37915906441247,0.17444888302598113,0.9955947863961613,1.8851892475982028,0.9543683994571828,2.8066386263517153,9.618906101292085,16.37915906441247
Caltech_0051463,3_pos_only,5.0697009407162925,0.9944812438013887,1.6297079192588075,0.9603361249340193,4.6520135697865515,13.591680898834037,0.1897557909223589,0.9882960504396348,2.175277127592843,0.9343050422541047,2.9738946312041654,7.913103022781621,13.591680898834037
Caltech_0051463,4_all_ones,0.03657276857966616,0.9999965670775547,1.9094882576387024,0.9133689248786526,0.38430271860784104,54.596206012938715,0.001450965129963454,0.9999919974056379,2.071194527640738,0.831443972873456,0.25577986550477944,32.91517297172349,54.596206012938715
Caltech_0051463,5_offdiag_only,8.092309290660546,0.9010385919451467,1.6207675699896062,0.9573876540272964,5.857586316969943,10.319386831486788,0.2891454550669766,0.8798674747182125,3.455252648550885,0.9162658597344462,3.6809256784959055,6.001795105871761,10.319386831486788
Caltech_0051465,1_raw_signed,7.787571345841474,0.9226873870092681,1.2837898438443582,0.9960865062945834,5.353489873287827,14.619774845131264,0.27619215330007346,0.9525469032635238,2.0577812753081406,0.9856428912033615,3.338674802153077,8.898617059222483,14.619774845131264
Caltech_0051465,2_abs,4.836477019971819,0.9994554822661404,1.329745195551551,0.9940131553564419,4.401507213915745,15.78429364884365,0.18089093269923823,0.9977910258768714,1.5560043856189336,0.989700981085774,2.789907392579908,9.578425338618255,15.78429364884365
Caltech_0051465,3_pos_only,6.077681490998775,0.9992722135194712,1.3043328612175784,0.9952387569116621,4.861145112567457,15.173439780008723,0.22602814276515548,0.9944870659018108,1.5829220753420554,0.9917740787476605,3.0726807510167973,9.20792735965354,15.173439780008723
Caltech_0051465,4_all_ones,0.025331618215908933,0.999996552041573,1.8771867072890451,0.9026229083114985,0.32926153891619114,46.416858588486036,0.0009975411312661041,0.9999942681829301,1.977782207154712,0.853319681258901,0.2159055751597441,28.758852831478446,46.416858588486036
Caltech_0051465,5_offdiag_only,7.751701278319565,0.9146269365251051,1.2432185697530314,0.9973703555475047,5.341865826080641,14.131521425862067,0.27154778016594394,0.950794923660262,2.037231914313825,0.9833157641049388,3.316603059692883,8.597372624419332,14.131521425862067
Caltech_0051468,1_raw_signed,2.1803652058713068,0.967724767074441,1.426831595861369,0.9887616565697555,2.9698755595508923,6.157081411934667,0.0765402319003504,0.9306789630095353,2.459671982425092,0.9763161699617559,1.8331562323446888,3.5120345071934103,6.157081411934667
Caltech_0051468,2_abs,0.9612981447100416,0.9985468733528592,1.537829664903805,0.9775593464293559,1.9832859581554303,7.637386889649032,0.03500455538186749,0.9951035465206145,1.9191621582574117,0.9634969330836162,1.2445720720717997,4.3533832617507215,7.637386889649032
Caltech_0051468,3_pos_only,1.4217141559887418,0.9977596469620346,1.4680579448478726,0.9852996642138715,2.4102851006827812,6.893952925345021,0.05124015233664301,0.9889706043419509,1.915065175004331,0.9742968192208149,1.5038286997495744,3.9144423308509917,6.893952925345021
Caltech_0051468,4_all_ones,0.015322241498949543,0.9999935610262628,1.8572822817310821,0.914620729185504,0.241676395421973,27.987860155819888,0.000592602528447774,0.9999886047103606,2.0420625864512676,0.8713150501048794,0.15672920763624587,16.82052445700414,27.987860155819888
Caltech_0051468,5_offdiag_only,2.08045882299082,0.958252696904798,1.3916752499152891,0.9910408112852102,2.9040212098787044,5.85002290471677,0.07241746978183242,0.9146991328361437,2.4636505237563466,0.9793152803634021,1.7849715596036426,3.3395095336523943,5.85002290471677
Caltech_0051470,1_raw_signed,2.6346950686416135,0.9546448259821246,1.2140682048319609,0.9986945658282184,3.093713927118635,9.426412600194398,0.0891042567456734,0.9619196664445165,2.1024214061841584,0.975704677235098,1.893959978045343,5.523727653676281,9.426412600194398
Caltech_0051470,2_abs,1.682689667963072,0.999852215656111,1.244890858969445,0.9981720401286005,2.5552910672435463,9.933595949251893,0.0607288375512167,0.9966885093103497,1.4869908848579168,0.9962773684467834,1.590004598918602,5.8073950465245625,9.933595949251893
Caltech_0051470,3_pos_only,2.0950716081792344,0.9997982666985057,1.2266273402101526,0.9984999251110834,2.8118291714467762,9.656403674585642,0.07525272395356565,0.9825001888668463,1.5558473905772625,0.9964458021098281,1.7464537592036251,5.646817260757432,9.656403674585642
Caltech_0051470,4_all_ones,0.017923057816546187,0.9999976449475011,1.6524196063926537,0.9690430715337313,0.24830717873098038,26.925728186053846,0.0006694147573024183,0.9999956037818427,1.7634686015605416,0.9498065555266564,0.15872783237138682,16.273573726922944,26.925728186053846
Caltech_0051470,5_offdiag_only,2.5211272361943493,0.9546722148959335,1.1796559072834538,0.9991779652629375,3.0220551588963085,9.135312168601082,0.0846720031362087,0.961335154008758,2.087282992879574,0.9708904477474646,1.8446652952949547,5.348445549200619,9.135312168601082
Caltech_0051472,1_raw_signed,1.2807019989441601,0.8336743736698523,1.5035740611563777,0.9786925590267539,2.3135789827204154,3.4531046227348794,0.044639623700843435,0.8233622844574904,3.736899680774352,0.9386217169870688,1.4362858138579802,2.1356805628120616,3.4531046227348794
Caltech_0051472,2_abs,1.1764290082995315,0.9977754862111319,1.4564453996875446,0.985652457294208,2.165064635721573,6.509710174420645,0.04646456659392684,0.9895703467540259,1.9551919623920193,0.9767475084186529,1.4109538652275642,3.8377635561116272,6.509710174420645
Caltech_0051472,3_pos_only,0.7492078188218422,0.9964010508552658,1.5535931133934486,0.9745159298538755,1.7372647796961087,4.956711350383884,0.02985995418333143,0.978506041718882,2.3349180722288225,0.9573771777846177,1.1364052363449297,2.9127043994259925,4.956711350383884
Caltech_0051472,4_all_ones,0.01355975860235009,0.999994642687935,1.7226436603034585,0.9543423741187945,0.20528678038082812,23.21326989387407,0.0005704223565067027,0.9999896563551856,1.810845329265292,0.9325093090483085,0.1377501604645169,14.140871431548756,23.21326989387407
Caltech_0051472,5_offdiag_only,1.2523027030843534,0.7196868126433185,1.4732642652214745,0.9814887208709073,2.2766909370779316,3.2371978028547774,0.04190446782546298,0.7937013260390198,4.07087265722231,0.9207137109393978,1.392663860844579,2.0374101095369657,3.2371978028547774
Caltech_0051473,1_raw_signed,6.008755423825209,0.9978477438643585,1.2892581791634936,0.9959525003194621,4.853767436054818,13.314858458428823,0.22097057866980852,0.9830287317850404,1.6852411566893324,0.9925269007379796,3.052055105971569,7.946090401009226,13.314858458428823
Caltech_0051473,2_abs,4.640317129448528,0.9992321666973742,1.3115539927736628,0.9952289722268117,4.327447187959311,13.772349435212359,0.17194532272927288,0.9968757506812996,1.6040781142541338,0.9917264830971549,2.730243299512615,8.216381392120484,13.772349435212359
Caltech_0051473,3_pos_only,5.280002008200962,0.9991133876114114,1.2986571583056563,0.9956612649946052,4.586802098400458,13.543239117094883,0.19493946220785713,0.9948243761934774,1.6238827104226117,0.9923500591321712,2.8890548110896943,8.079426021413427,13.543239117094883
Caltech_0051473,4_all_ones,0.025256949186342994,0.9999949309423459,1.9169571572617214,0.906197417485101,0.31947608485984635,38.770864069867216,0.001000766485653702,0.9999910447982794,2.0233490884925267,0.8579871829087488,0.21110186384686572,23.710442873084276,38.770864069867216
Caltech_0051473,5_offdiag_only,5.739827370903885,0.9968511621903787,1.2565112073543028,0.9968309031213913,4.733433136217339,12.888083256891992,0.20969775019260256,0.9799676253890784,1.6387921822565978,0.9939718508603115,2.9661421224858833,7.684891751545467,12.888083256891992
Caltech_0051474,1_raw_signed,3.5818819338759043,0.8999222680503363,1.4124884586985278,0.988415561300871,3.697065795683783,8.195990993241207,0.12194807003523368,0.8849070017978854,2.6095303729951733,0.9752181494744906,2.2619595046134897,4.736975525642032,8.195990993241207
Caltech_0051474,2_abs,1.5154553899564502,0.9989649668292743,1.507482437986309,0.9800366226008131,2.502113170620403,9.699726699674217,0.05444797049730606,0.9962281390413767,1.8419409495754702,0.9665053805679364,1.5620046767903426,5.57635170947364,9.699726699674217
Caltech_0051474,3_pos_only,2.328122231786002,0.9985166676562195,1.4519322514651458,0.9852816672530147,3.059142496997172,8.937966449246446,0.08326991264018353,0.9875429944952597,1.9056732872510396,0.9751346735242385,1.9039998337699835,5.120543986681704,8.937966449246446
Caltech_0051474,4_all_ones,0.019501493557975064,0.9999953237047737,1.8406703468559245,0.9232331987575005,0.2723139793455593,31.07047269404764,0.000762763043288386,0.9999889736874652,2.0031092506523986,0.8459188344939663,0.17962150365377932,18.6680099145645,31.07047269404764
Caltech_0051474,5_offdiag_only,3.56049838684606,0.85466051642979,1.3692359078016012,0.991130569671695,3.6814944462012424,7.873735725297267,0.11896558352903532,0.875275156594023,2.6849489053006517,0.9768989364734175,2.2346539667364187,4.549520242405913,7.873735725297267
Caltech_0051476,1_raw_signed,4.109351999389733,0.9981592917443046,1.48258468184076,0.9829459567041323,4.071191110212841,12.336441294692936,0.14923266210501002,0.9905457351917009,2.004020691856353,0.9711743981974675,2.555075374621343,7.306565168228587,12.336441294692936
Caltech_0051476,2_abs,2.9410362335323956,0.998928284898325,1.496714170057901,0.9809553694165124,3.484287889389846,12.914719762929339,0.10723691663068166,0.9964258132899381,1.9086087861810452,0.967861610256694,2.192104204669716,7.651870702412105,12.914719762929339
Caltech_0051476,3_pos_only,3.4559046013624726,0.9986487401172889,1.4901905753196902,0.9819199735415516,3.766168814032086,12.625356134898995,0.12579912720801711,0.9950626426079899,1.947424647844208,0.9694708780203849,2.3667620969535355,7.477484004232026,12.625356134898995
Caltech_0051476,4_all_ones,0.016232510616041702,0.9999962261608828,1.8515097378917662,0.9138897849896855,0.24188219837712388,33.90485757048186,0.0006380419672230871,0.9999933574793446,1.9527090658946347,0.8700651873396957,0.15861180999281502,20.64938118314748,33.90485757048186
Caltech_0051476,5_offdiag_only,3.9151658338793474,0.9982984617754641,1.454016830545104,0.9855659802436567,3.9633964931480268,11.962559760884915,0.1416908376471881,0.9896983303193377,1.9614469361451927,0.9752687420233731,2.4812857891975733,7.076014237951005,11.962559760884915
Caltech_0051477,1_raw_signed,4.0457501386018295,0.9987110005425981,1.3546779987864763,0.9913918187317566,3.9930052020023976,11.91592063397019,0.14631956913869637,0.9901083301189015,1.6401179292087131,0.9860251411657412,2.491185990445611,6.9850035515109035,11.91592063397019
Caltech_0051477,2_abs,3.719941212538652,0.9991304688504853,1.352036164772857,0.9915492896967352,3.863258329826883,12.054012446660055,0.1348104631466907,0.9954852133237769,1.543950368035394,0.9866257987368592,2.411551547576178,7.0653998913930876,12.054012446660055
Caltech_0051477,3_pos_only,3.8758958837873325,0.9990053651491493,1.353262708624067,0.9914749606272845,3.927515797013278,11.984889586379852,0.14035616896880543,0.9939117078973131,1.5863761346033272,0.9863597315679326,2.4511809057485876,7.0244615801671655,11.984889586379852
Caltech_0051477,4_all_ones,0.021048202393928284,0.9999955657866266,1.619171518510652,0.9671827443056441,0.2623446693262797,27.804056720106058,0.0007844026101521439,0.9999929212468678,1.7040196843351691,0.9518934827161378,0.16627197391390774,16.77720452566253,27.804056720106058
Caltech_0051477,5_offdiag_only,3.7999956010722222,0.998835036238475,1.3310297056828988,0.9926884988836352,3.847420790084511,11.609409802983189,0.137144234148107,0.9884190269910746,1.612122354622425,0.9880255155220222,2.3976633898624256,6.797329656589132,11.609409802983189
Caltech_0051479,1_raw_signed,4.832055166546904,0.9997987869813318,1.2575821191425005,0.9977344947098946,4.396077690742655,14.058547725972067,0.168023531022104,0.9982286360010919,1.4519577516383317,0.9958028820516902,2.6829086450120636,8.118264713269038,14.058547725972067
Caltech_0051479,2_abs,2.929642831820624,0.9998058543929931,1.3379019514157673,0.9952002419359058,3.4153333482737973,15.168218418316435,0.10188363079283945,0.999258698799422,1.5821310687637657,0.991357700842308,2.087762359519409,8.792026396350547,15.168218418316435
Caltech_0051479,3_pos_only,3.738251519442054,0.9998124961009625,1.2937434415288385,0.9967433338020919,3.8698749678755893,14.613337787237159,0.12995188084368958,0.9989975833842065,1.5108324517706393,0.9940514204968182,2.3629741037045995,8.454802362766355,14.613337787237159
Caltech_0051479,4_all_ones,0.03416788634464406,0.9999976331604138,1.7391341152385793,0.9604392952522444,0.35899990732756415,46.6046227078538,0.0012279264585346983,0.9999964672293424,1.8330767900236329,0.9458930351047644,0.22370524282452034,27.88838652722257,46.6046227078538
Caltech_0051479,5_offdiag_only,4.634827110086508,0.9998602536411934,1.2060865925321094,0.9987401420502475,4.297040231397461,13.545925181842156,0.16113376295351273,0.9980350733562107,1.3684557647828262,0.9975644099051141,2.620012118384481,7.808095780750644,13.545925181842156
Caltech_0051480,1_raw_signed,3.042093309019947,0.9967390954294507,1.5148203353902536,0.9795539907257226,3.524740434810123,10.344679583880199,0.11027319710344592,0.9891187333172754,2.0523426681230243,0.9650320408928318,2.2116002522966802,5.958719304742772,10.344679583880199
Caltech_0051480,2_abs,1.7224026839323479,0.9987935754391126,1.555067707440929,0.9755565856012283,2.6878873387445945,11.6267152942854,0.06273327008008112,0.9970210305834122,1.8318159827838512,0.9589057789271282,1.691896124059269,6.73699834369862,11.6267152942854
Caltech_0051480,3_pos_only,2.265411270777054,0.9982439623353772,1.5352192951209893,0.9775042179070054,3.0696008374450523,10.984801836608014,0.08224574991929828,0.995248346892639,1.9037534651524273,0.9620289557434747,1.9285809342063396,6.3461181292516144,10.984801836608014
Caltech_0051480,4_all_ones,0.021225695653425233,0.999995081828386,1.9865597148444634,0.8760181885382268,0.29302420164234,41.732019104791426,0.0009014962618105648,0.9999884073221909,2.117772970847086,0.7793223749675948,0.20179293667256207,25.181949032370383,41.732019104791426
Caltech_0051480,5_offdiag_only,3.0580808503284405,0.9969582391503988,1.466777762002378,0.9837054676753613,3.518190318359624,9.884285456884326,0.11028821438949703,0.9871825791213128,1.9775269028731555,0.9719484206842334,2.1994288244246003,5.680953315423574,9.884285456884326
Caltech_0051481,1_raw_signed,5.055533665158604,0.9997998586234622,1.3458469862387632,0.9937508011920657,4.405101999965572,23.829523215348864,0.18605894946229834,0.9994581841282161,1.510190808047498,0.9900134638784824,2.769780481255046,14.459140127241467,23.829523215348864
Caltech_0051481,2_abs,4.971285473096799,0.9997997208808648,1.3484684620801215,0.9936163869760082,4.379568997612386,23.845109593968157,0.1829435441387181,0.9994701510665636,1.5140795696536276,0.9897929831374871,2.753682767331703,14.468988973944615,23.845109593968157
Caltech_0051481,3_pos_only,5.013030750257998,0.9997998366556707,1.3471416948325576,0.9936845740826893,4.392317332802641,23.837315969769513,0.1844869588765834,0.9994645129373606,1.5120948499293878,0.9899048714968961,2.7617151640436806,14.464063650050369,23.837315969769513
Caltech_0051481,4_all_ones,0.028045833956650723,0.9999949401758528,1.949585100295233,0.8923335393386187,0.33461120245696824,43.856310342576506,0.0010938904534697005,0.9999913401684014,2.06571768051144,0.8296650538542358,0.2197397869651209,26.913857831091015,43.856310342576506
Caltech_0051481,5_offdiag_only,4.82629115964355,0.9998854601876066,1.2774818732052224,0.996382011839904,4.269876314490393,23.34665976497077,0.1770447121292658,0.9995839876877456,1.386182061022334,0.9941223158769548,2.677770521283522,14.158056826995455,23.34665976497077
Caltech_0051482,1_raw_signed,6.372623494056889,0.9960319340310779,1.5656484621324636,0.9710294908698286,5.118113537422681,15.208033073338486,0.23000418058497607,0.9878810214908927,2.117373524594416,0.9462071725170584,3.22202374326531,8.860540321207772,15.208033073338486
Caltech_0051482,2_abs,2.5612045086344963,0.9992228066604295,1.6354928249682734,0.9627324910505751,3.2223066302547747,20.566158659469924,0.09466218496960835,0.9980165831317358,1.8704659139222357,0.9199167730690319,2.06869936089266,12.117323512571906,20.566158659469924
Caltech_0051482,3_pos_only,2.9029788969825083,0.9985766046713965,1.6673212533509656,0.9540893718537625,3.4478382461763313,17.88402249189642,0.10730449511559985,0.9965024426879886,2.068676065758012,0.9066656536497361,2.2148914393609314,10.487907714233291,17.88402249189642
Caltech_0051482,4_all_ones,0.032856104927814954,0.999996900232516,2.005941725712884,0.8661440678981945,0.37508455421099135,66.10851555866434,0.0013576556761047572,0.9999925625414872,2.152715645865842,0.7400936008260726,0.2543261533257101,39.80927395524683,66.10851555866434
Caltech_0051482,5_offdiag_only,6.49550367888364,0.9958432091864233,1.5224207770284361,0.9760685754493882,5.155243287149561,14.479754051818286,0.23323657379348944,0.985611566437843,2.0684326832573636,0.9551393611762209,3.232239052023824,8.419793664652333,14.479754051818286
Caltech_0051484,1_raw_signed,9.239988818279024,0.9995074366511507,1.2364067511223242,0.997612549050071,5.871566056500706,20.40156893015309,0.322638885180154,0.9975983487648264,1.4109242228185759,0.9956798840576103,3.589298925352934,11.990760036541104,20.40156893015309
Caltech_0051484,2_abs,7.375816279913839,0.9997810010160648,1.2280212812373172,0.9978912064796415,5.30550696135215,20.97917726213254,0.25709931566574007,0.9991693479433036,1.3846925844975573,0.9962503878816439,3.2408558327848396,12.34264168540114,20.97917726213254
Caltech_0051484,3_pos_only,8.26099998369453,0.9996958177703684,1.2316653835392097,0.9977693222900803,5.583705711598063,20.69024393043489,0.28819730777158153,0.9987175069217269,1.3971194254278843,0.9959901107424195,3.4119736464275854,12.166381307209019,20.69024393043489
Caltech_0051484,4_all_ones,0.03628429194262366,0.99999790930688,1.744064972352283,0.9517944293024853,0.3700615675422975,53.23269437112977,0.0013042853867442363,0.9999970074265215,1.8292048306397468,0.9359491281807479,0.2312788757942559,31.99942099962698,53.23269437112977
Caltech_0051484,5_offdiag_only,9.39435228977984,0.9995746712079768,1.196228151602561,0.9984772587868422,5.905938432630432,19.81594739933329,0.3279891295403376,0.9973362704916089,1.3500243361653639,0.9971448021439083,3.6080980715549624,11.63475689409533,19.81594739933329
Caltech_0051485,1_raw_signed,5.5374886235939575,0.95770623561759,1.4041594294504856,0.9910632884283495,4.501654187961263,16.288580064128805,0.19316695361483444,0.9739597034009058,1.887745083349919,0.9814854433100086,2.780559051440054,9.552927144794523,16.288580064128805
Caltech_0051485,2_abs,3.757585419662219,0.9994217424662599,1.4488043978042522,0.9880545052167308,3.8441224263155687,16.871552186507202,0.13370831767504746,0.9981293431000425,1.7462839476856344,0.9768351465784895,2.3889408223758872,9.892447397155875,16.871552186507202
Caltech_0051485,3_pos_only,4.562663710880963,0.9993404733757091,1.4253825780238798,0.989710525391791,4.166268301983329,16.576831961030457,0.16208097757997558,0.9961940773619729,1.756218265227272,0.9800181946588751,2.585918627841953,9.7142872301982,16.576831961030457
Caltech_0051485,4_all_ones,0.02972331740948435,0.9999969470159592,1.8638190784065347,0.9234427061851445,0.348432850860709,47.59271097678199,0.0011074517924084702,0.9999942163372597,1.9999358607126632,0.8678846814036438,0.22386541636097176,28.635427931581347,47.59271097678199
Caltech_0051485,5_offdiag_only,5.420133747084063,0.9564291822922342,1.3652293327978064,0.9931375814872474,4.455691241160283,15.768184878986393,0.18811089914011597,0.9740888409774012,1.8226438118632557,0.985147113563034,2.7436242712384336,9.235472831896326,15.768184878986393
Caltech_0051486,1_raw_signed,17.069521221748474,0.9990956025805865,1.226621047849618,0.9978147490767338,7.988621630122817,22.055990284106098,0.6092218328968071,0.9754254930441235,1.4213997751620457,0.9963243820651871,4.942022716948012,13.184394840197383,22.055990284106098
Caltech_0051486,2_abs,13.756427620943073,0.9997443622348653,1.2396700590795895,0.9974105169879932,7.355020345799024,22.544337957406736,0.4929612528615733,0.9984025231877075,1.328641557967284,0.9958527629416399,4.556262333287038,13.469002061727727,22.544337957406736
Caltech_0051486,3_pos_only,15.282598503894329,0.9997314529804989,1.2328132802018485,0.9976266911063534,7.668084114875863,22.3000036240807,0.5475249521473652,0.9969633659513402,1.3314771896111042,0.9961981346291422,4.749499042863558,13.32092871275919,22.3000036240807
Caltech_0051486,4_all_ones,0.03934466484410495,0.9999969419170815,1.8354297385875136,0.9247475600800108,0.3983036589512454,54.07200470098381,0.0015449385085978692,0.9999929327431222,1.9974653130062334,0.8484170004956275,0.2637284207858104,32.84834925464411,54.07200470098381
Caltech_0051486,5_offdiag_only,16.30775544298488,0.9982717906108033,1.1909152085959405,0.998606309802099,7.798017699339776,21.461016868965032,0.580970912880062,0.9736122346402688,1.3658450573074639,0.9975988860086049,4.817773225410374,12.821366985483033,21.461016868965032
Caltech_0051487,1_raw_signed,2.845500339112782,0.9988177211356443,1.470214629938618,0.9840374240418658,3.3898447951503505,11.293103076033372,0.10263556187355927,0.994343161043361,1.8243715375929317,0.9711689193391186,2.1214395660774716,6.557713874606272,11.293103076033372
Caltech_0051487,2_abs,1.7572095256388611,0.999266594628912,1.5276577607449806,0.9781906180138361,2.681557301967223,12.58166819519398,0.06363847523545713,0.9977620520287018,1.8145231096886332,0.960353504709464,1.6838645583890468,7.345158318666605,12.58166819519398
Caltech_0051487,3_pos_only,2.152659346230875,0.9991072493557394,1.5013377062437208,0.9810056819219665,2.957163224359321,11.937175156138663,0.07778437634553276,0.9968752187408481,1.810803757119367,0.9655363924548367,1.853570607753264,6.950537428805103,11.937175156138663
Caltech_0051487,4_all_ones,0.02935621790982762,0.9999950001260782,1.9103570708472377,0.9027294988022418,0.3342320334576215,41.89064994691999,0.0011578833499005406,0.9999883180902057,2.0749832641977735,0.8021261816410986,0.22351923328530823,25.3474274172084,41.89064994691999
Caltech_0051487,5_offdiag_only,2.804353788926545,0.999040029510745,1.412587818320606,0.9883819631593727,3.361884432939142,10.831260421123206,0.10092727281182891,0.9940945345599833,1.7511208259264062,0.9792482705647204,2.0980543577314394,6.276969603476357,10.831260421123206
Caltech_0051488,1_raw_signed,5.539194948890878,0.9970038619800539,1.6436613661059458,0.9576178403931676,4.746938680289339,18.612390188985447,0.20627387987688134,0.9929783865575544,2.1414617275003267,0.9208216391536349,3.0439047614468064,11.012144875469405,18.612390188985447
Caltech_0051488,2_abs,3.7163411546832665,0.9985684087617364,1.672367151824735,0.9536523933800353,3.8874178023388817,19.516264592077682,0.13830408923478352,0.9966637938352287,1.9997196480241333,0.913423870638092,2.500558139276953,11.566080400301454,19.516264592077682
Caltech_0051488,3_pos_only,4.462564067206458,0.9980403467579263,1.6602142579817014,0.955055032821704,4.285798239973817,19.06339297267088,0.1662624031317217,0.9953974916111136,2.016013584471138,0.915901239239062,2.753544315136573,11.287952292811285,19.06339297267088
Caltech_0051488,4_all_ones,0.0338645893439733,0.9999955756660214,1.8881001828861943,0.9196550943164387,0.3720383625476671,45.93554845007812,0.0013685747647390759,0.9999895351486591,2.04358664373927,0.8450095335137748,0.24993404546797923,27.78922001018431,45.93554845007812
Caltech_0051488,5_offdiag_only,5.529253588113337,0.9970106679801424,1.6039354200742142,0.9633775648381088,4.704036501278638,18.105768391216742,0.20462032597203547,0.9928331942786836,2.1214877191104855,0.9311907207161793,3.00305235888327,10.702482113661393,18.105768391216742
Caltech_0051489,1_raw_signed,5.940659579519839,0.8696334803052603,1.1667497747557938,0.9991602022599326,4.54379414417948,10.367297922569485,0.19218207352385958,0.8880633205106342,2.411896080110169,0.9580122045583712,2.7201975713404303,6.050074115838243,10.367297922569485
Caltech_0051489,2_abs,3.465104098394992,0.999690049176872,1.1981416958766595,0.9987330309665914,3.6552955928792987,11.058760506907971,0.12199944301953017,0.9936616078177569,1.3733568251872348,0.9976207965382512,2.2436842372781047,6.38916661719214,11.058760506907971
Caltech_0051489,3_pos_only,4.506383267167061,0.9993584103977043,1.1801849947996637,0.9989927157071232,4.085897177672065,10.646984382901532,0.15808461883122785,0.9656469361515035,1.4871631883416743,0.9975888215163864,2.5043096313491904,6.15494729703527,10.646984382901532
Caltech_0051489,4_all_ones,0.029914339585969327,0.9999983315701517,1.5471340189092206,0.9804682197975075,0.3184514452293773,32.728359056087065,0.0010691938350529827,0.9999970708219305,1.6434867683401517,0.9690751220587029,0.19843076943117224,19.631895076373745,32.728359056087065
Caltech_0051489,5_offdiag_only,5.618028379014347,0.8676987099251479,1.143532901836196,0.9994326511689898,4.412307334899095,10.01447889610737,0.18071702330596084,0.8836230001923543,2.3919306478917792,0.9525626548515692,2.635773615324465,5.841024878827534,10.01447889610737
Caltech_0051490,1_raw_signed,5.532410391365552,0.9760988108045379,1.3990843675466593,0.9905503123225285,4.6254398357782875,15.011157378444175,0.19682277021742645,0.9762151458660803,1.7940867244083691,0.9827829714523565,2.876338438638129,8.85597954749232,15.011157378444175
Caltech_0051490,2_abs,3.996766909504664,0.9994902690055326,1.3981125460568127,0.9910353144579837,3.9856473992310284,16.667655346464965,0.14404216055099425,0.998247953361884,1.530152721079359,0.9852305707286272,2.4832655874463434,9.858780042718543,16.667655346464965
Caltech_0051490,3_pos_only,4.532731090440598,0.999184688730155,1.4026026613151807,0.9905546977149053,4.211849666755251,15.837061212166383,0.16348159739038393,0.9956510389047835,1.6025174773475521,0.9841340451564591,2.6272090380870345,9.35087231200012,15.837061212166383
Caltech_0051490,4_all_ones,0.028273101587715444,0.9999975792482143,1.8364880186276462,0.9338528651981247,0.33855897837072113,48.3790073352027,0.001045178192631106,0.9999960130952653,1.9505014024913672,0.8987801989379622,0.2158528232419066,29.38187566888366,48.3790073352027
Caltech_0051490,5_offdiag_only,5.564513244618875,0.9694024922735117,1.3572268661302436,0.9928053318889514,4.64222551867318,14.479350437919408,0.19743300910703715,0.975666870450707,1.7433835250765675,0.9864899039792183,2.8798193951235973,8.530847659229268,14.479350437919408
Caltech_0051491,1_raw_signed,8.144119195369413,0.9771521884283426,1.694666891678892,0.942683317693893,5.766037431475278,15.776131393746477,0.29946740442050035,0.9587834805897688,2.8642862358999333,0.9067846260820822,3.6735863850391284,9.25902141637446,15.776131393746477
Caltech_0051491,2_abs,3.730832539741943,0.9971564333071112,1.7644186241014956,0.9291772904370706,3.9833320019461835,17.806677991637475,0.13968647216813596,0.99409204373161,2.1572190846349706,0.8824632303926008,2.563883648628721,10.476547461677978,17.806677991637475
Caltech_0051491,3_pos_only,5.424426159968806,0.994520972650284,1.7265634335065727,0.9356643050210982,4.789494885555064,16.778967301247437,0.20303612155127831,0.9885734573630789,2.3521940303074516,0.8949397003556769,3.076654419569136,9.848907293603059,16.778967301247437
Caltech_0051491,4_all_ones,0.029597140833597865,0.9999945465234616,2.037089331401444,0.8439246568386809,0.36502226641307145,53.08390438029351,0.0011537611514684512,0.9999909209025679,2.2768634249702706,0.7744631315182572,0.2385269683062211,32.09751136737827,53.08390438029351
Caltech_0051491,5_offdiag_only,8.042383995286881,0.971170712963947,1.6616655824846718,0.9498001157822819,5.698303974633353,15.192019888537972,0.29306806470204105,0.9512743308563384,2.836406977517943,0.9174095639798442,3.6126451516750437,8.907387099007476,15.192019888537972
Caltech_0051492,1_raw_signed,6.5394480584421535,0.9989069090284953,1.320516840039353,0.9945434656877455,4.984158747662012,14.908718701583796,0.23505209207958408,0.989765634733051,1.667246668235228,0.9908334077192147,3.099541951914701,8.85222685161777,14.908718701583796
Caltech_0051492,2_abs,4.85024796334165,0.9994907252430726,1.3519991309156894,0.9930400682799949,4.378988324749785,15.407861493594044,0.17515167347620025,0.9977192023544511,1.5995581189886026,0.9886413024298092,2.72961432997485,9.149358585162195,15.407861493594044
Caltech_0051492,3_pos_only,5.637522950384354,0.999422561093685,1.3343407986328601,0.9939161813982295,4.678759864303343,15.158056951304372,0.2031204104615057,0.9964105991748241,1.5923796782202386,0.9899644415537483,2.9129804538892974,8.999342986426354,15.158056951304372
Caltech_0051492,4_all_ones,0.021358904846177307,0.9999964998542197,1.8914514716442876,0.9100144954378053,0.294544026008129,41.302660401692414,0.0008193114249404629,0.9999939067386777,2.0073269700929313,0.85941492564071,0.19191594668525958,25.150159929342333,41.302660401692414
Caltech_0051492,5_offdiag_only,6.262245862954656,0.9990474188958016,1.2817448811287688,0.9960286964284983,4.868240812270439,14.45382131487075,0.224644852351565,0.9877406955691775,1.6080522444883496,0.9931608014719531,3.0224819854573504,8.572832475886948,14.45382131487075
Caltech_0051493,1_raw_signed,2.62364350107268,0.9993420374707915,1.4193570683638206,0.9900814306500332,3.254919823234115,13.006624667159414,0.09362608637623063,0.9973216836657479,1.5742748412531602,0.9838322553797115,2.017963481538121,7.600209911399471,13.006624667159414
Caltech_0051493,2_abs,1.8426795001139216,0.9994671951363108,1.4904841736291217,0.9844371921028543,2.764783461502929,13.676297409425148,0.06602861004630908,0.9984621163976526,1.6085562630511872,0.9753170546774359,1.7191412843083358,8.009050617850555,13.676297409425148
Caltech_0051493,3_pos_only,2.169183548158926,0.999429042327233,1.4521872921097336,0.9877435053832649,2.9843085667848497,13.341369872741002,0.07754535471792329,0.9980957150448926,1.582178403703326,0.9803535267513622,1.8524190264960985,7.804271681944441,13.341369872741002
Caltech_0051493,4_all_ones,0.028748374489537543,0.9999955653884712,1.865295217714259,0.9127947801221756,0.3285116083814481,42.022825576142786,0.0010808886877953262,0.9999927129422519,2.059277579848988,0.8699840875999992,0.21080058525297968,25.43139427384091,42.022825576142786
Caltech_0051493,5_offdiag_only,2.6854685735488624,0.9994797544883768,1.3577978313048054,0.9934698241537002,3.2864083117018428,12.543869058676746,0.09567176249816361,0.9973136850995447,1.49806950269617,0.9892020376832608,2.033425723167249,7.31706634771489,12.543869058676746
KKI_0050772,1_raw_signed,20.3180867095541,0.8650851438101042,1.195075487695602,0.9986908908726231,8.530963328922462,18.504668701756426,0.6798775054098747,0.9033149095237677,2.203882697317956,0.9732629508336765,5.176302497957668,11.069570476573013,18.504668701756426
KKI_0050772,2_abs,12.43355258399386,0.9997112233254872,1.2305787486471431,0.9979990251902404,7.009659411193421,19.697908243620972,0.4451099829528151,0.9977648303336133,1.3471571802475704,0.9961145598004173,4.3421693375534565,11.721172582051617,19.697908243620972
KKI_0050772,3_pos_only,15.796931235929245,0.9993903263946561,1.2111052494011485,0.9983978900317456,7.752629121556662,18.994986688549474,0.5637820755496906,0.9772721952832586,1.4395199272455452,0.9967322490963989,4.796418272818161,11.299887021181897,18.994986688549474
KKI_0050772,4_all_ones,0.038232184229577616,0.9999963796489042,1.8688866125593306,0.921385503327264,0.40065265053296484,50.05621576231557,0.001477646888585391,0.9999916795836281,2.0404423446300894,0.8389684668623084,0.26206981710956834,30.37732306921538,50.05621576231557
KKI_0050772,5_offdiag_only,19.638758164999885,0.8542689188046538,1.1572935911698619,0.9992399977705031,8.357084054233539,17.972621902946635,0.6523043265490444,0.8948381061353778,2.153929011653882,0.9720989276805887,5.053564512850723,10.75233557312613,17.972621902946635
KKI_0050773,1_raw_signed,15.447587550515903,0.9416236998881494,1.4218495553652306,0.9884968992204753,7.594294150743806,19.727014533788964,0.545619544751761,0.9498880416413659,1.915039964706609,0.9822754396760283,4.702274754839478,11.756873170318983,19.727014533788964
KKI_0050773,2_abs,7.635482108652304,0.9989455309055123,1.5083061219428346,0.9813353330437204,5.560725369517503,21.680427801620667,0.275996124355952,0.9978106947008744,1.701132598114895,0.9725957623703381,3.475963722935075,12.918719352658872,21.680427801620667
KKI_0050773,3_pos_only,10.983632178747976,0.9984690300948286,1.459213830147423,0.985603729631974,6.545070777944825,20.691703617564727,0.39564261839980003,0.9951472529565025,1.679122858222023,0.979092645335301,4.081223613521985,12.316022265697711,20.691703617564727
KKI_0050773,4_all_ones,0.04617567386149046,0.9999973847674966,1.9102464010152023,0.9183057176513062,0.45066357660899664,66.91212312460145,0.0017825354976884011,0.9999945545889153,2.0773620946045357,0.8457659458593954,0.2947889945077406,40.73021359334577,66.91212312460145
KKI_0050773,5_offdiag_only,15.010942641250752,0.9273570761727279,1.3871915125766154,0.9905404842784417,7.4827825639853645,18.998061862661856,0.5264648781287542,0.9493602376526686,1.8912617922061346,0.9850480616659516,4.617192578999068,11.312365384156948,18.998061862661856
KKI_0050774,1_raw_signed,2.6411829683180312,0.9227243251807467,1.32539159941239,0.9960749920312394,3.2697927968436256,5.883405012452548,0.09108724557517145,0.9035516027691555,2.4717722483164457,0.986132490541076,1.9956987702915874,3.400171780897248,5.883405012452548
KKI_0050774,2_abs,1.3996991149226083,0.9994475653634067,1.3917941007726162,0.993164550327519,2.3430913069246766,8.805739464357698,0.05008509453689384,0.9963518920024327,1.6573614954089728,0.9881183862999812,1.4542488054358385,5.072892899987151,8.805739464357698
KKI_0050774,3_pos_only,1.7912604938116037,0.9987671008476474,1.3477710609775146,0.9952073329535558,2.6727104981986174,7.3354521267832675,0.06396434318901384,0.9878716840255793,1.685823892408821,0.9912139144911802,1.6552398670188573,4.2011881943492755,7.3354521267832675
KKI_0050774,4_all_ones,0.02376674215864072,0.999997262356535,1.80675353977236,0.9470585585072743,0.3036609182708814,38.218644371890264,0.0008863928858554161,0.9999952109169609,2.0357373776910794,0.9160455902296223,0.19367840737686953,23.10564469867049,38.218644371890264
KKI_0050774,5_offdiag_only,2.479468306430451,0.9010364921435403,1.2854596807083294,0.9972294998693783,3.169628407749115,5.467830398951084,0.08392498746199563,0.8798399355744586,2.512934054872134,0.9855791898267633,1.918744011934307,3.1763729729358894,5.467830398951084
KKI_0050775,1_raw_signed,5.044218440180884,0.9997416861001932,1.250110034029822,0.9978447268608847,4.53291937475283,13.726603141872179,0.1825543578780805,0.9974755652597256,1.3871582477981568,0.996617704695353,2.8201492595065156,8.110060821631029,13.726603141872179
KKI_0050775,2_abs,3.163388453498925,0.9998201021944542,1.2993371839852768,0.9967769485240449,3.5698697376394,15.208459054070211,0.11478552590926673,0.999009552697591,1.423915234525033,0.9948486267003093,2.2256569956556373,9.013634485721646,15.208459054070211
KKI_0050775,3_pos_only,3.8823269238573963,0.9997926197434018,1.2717472675358328,0.997362860114978,3.976579943631144,14.46748480956862,0.1408174691539907,0.9986250199261464,1.400021214764616,0.9958717808101991,2.477424005058625,8.560742549814874,14.46748480956862
KKI_0050775,4_all_ones,0.02898631014979001,0.9999984934303832,1.768139667152185,0.9585965482277614,0.3466942474919283,49.2643091974692,0.0010723185255982711,0.9999973456841731,1.8991269304197407,0.9317432403354424,0.22031507741097947,30.06773515301073,49.2643091974692
KKI_0050775,5_offdiag_only,4.883958438514155,0.9998320432058578,1.2078814974213932,0.9986527478383884,4.457327467568066,13.184718410565335,0.17643160344974052,0.9971926771545465,1.3386374467791582,0.9978502545923654,2.769541811399938,7.777337411652285,13.184718410565335
KKI_0050776,1_raw_signed,3.899215203108238,0.998159605428808,1.3634482401162278,0.9922853034398703,3.926801370487523,9.592564919833366,0.1397538096525408,0.9542156692369426,1.8736647811714027,0.9860297618029551,2.4434152382854557,5.592076326464667,9.592564919833366
KKI_0050776,2_abs,2.266129265721323,0.99931183060571,1.4074645562004178,0.9897025138774804,3.0400836340261517,10.678527538853997,0.08250332481368391,0.9963311509012073,1.593320849788759,0.9832575600644075,1.904424138437439,6.224734859532954,10.678527538853997
KKI_0050776,3_pos_only,2.9741685863433087,0.9990750767269319,1.3806612276846588,0.9913050090595861,3.4604396616196818,10.135085468717907,0.10775707647397101,0.9911032964516715,1.6533003235055286,0.9853513137293851,2.1626429470233783,5.899566658538486,10.135085468717907
KKI_0050776,4_all_ones,0.020298161330871686,0.9999970811415897,1.7504712947917722,0.9544079016459434,0.27460084795562667,35.202558432922096,0.0007709910477545519,0.9999947734031807,1.865925302888122,0.9274244790119972,0.17661922795885932,21.35120565534672,35.202558432922096
KKI_0050776,5_offdiag_only,3.7039918106342107,0.9975955824698172,1.335964660144765,0.9934669372375331,3.821633751239085,9.205078423113218,0.13181806958778203,0.949767151115956,1.9278555332689788,0.9875492842921731,2.370619709013981,5.360080549481744,9.205078423113218
KKI_0050777,1_raw_signed,9.052037203249272,0.9997327740316106,1.2437544215579694,0.9973135457998601,5.622144585783314,23.410696432780206,0.31883500368266776,0.998514431489848,1.3966518168790047,0.9939910159013661,3.4609675206114505,13.908054150937048,23.410696432780206
KKI_0050777,2_abs,8.715821194611571,0.9998047871556416,1.2460249688980167,0.997254189412313,5.556430219548747,23.44911602702674,0.3068604677697304,0.9989521025750988,1.3771296139919755,0.9938662308716072,3.4202398471112154,13.931365944108194,23.44911602702674
KKI_0050777,3_pos_only,8.881399580185507,0.9997772112076732,1.244877825507727,0.9972843408622359,5.589272004993868,23.429895525792983,0.3127554501667678,0.9987882298259739,1.3872815522826276,0.9939314306539105,3.4405894874100142,13.919675215005668,23.429895525792983
KKI_0050777,4_all_ones,0.030444617834123906,0.9999961696540487,1.8884700264602217,0.9077947776746196,0.36077466079908976,47.31039810442543,0.0011983081082096176,0.999991150137549,2.048753602622602,0.8173701892511229,0.23824723079116952,28.526206247919436,47.31039810442543
KKI_0050777,5_offdiag_only,8.714580301830166,0.9998244740950579,1.1907061381927677,0.9985472081724346,5.516159018582582,22.89003086817088,0.30655984975526146,0.9986269996121017,1.3214007900039089,0.9967166916771717,3.387793298358087,13.589549846877505,22.89003086817088
KKI_0050778,1_raw_signed,3.016190041171582,0.9403942652117611,1.4968965495255304,0.979355205636104,3.4466353239863707,8.527398631226772,0.10779362817044282,0.9452052991105894,2.6335013925727755,0.9624119699454138,2.1592045068782357,4.964162498366732,8.527398631226772
KKI_0050778,2_abs,2.0161868782028107,0.9977320652264048,1.5050725683819173,0.9790193219009172,2.8596602942135694,9.28957214514891,0.07551035472790049,0.9937344066814053,1.9286801560905638,0.967566708007331,1.8143684722500037,5.398420724422918,9.28957214514891
KKI_0050778,3_pos_only,2.4092300784664076,0.9971677269901178,1.5057372108293618,0.9785572363415929,3.128490379416481,8.899264631626528,0.0895709948875299,0.9863429879610057,2.0485356739793605,0.9657508014897308,1.9815781348530843,5.1669781872227825,8.899264631626528
KKI_0050778,4_all_ones,0.0257242341672793,0.9999960689787523,1.616078251250062,0.9728726023804108,0.2955671526947174,31.014184771128672,0.0009721790188116673,0.9999933682058139,1.7111069994122492,0.95896250947822,0.18893268332719113,18.800553508159812,31.014184771128672
KKI_0050778,5_offdiag_only,2.8401134219533652,0.9242397019079451,1.4801516354840019,0.9807134977512701,3.340022618814095,8.188584371180594,0.10045284352447895,0.9395699319865785,2.687450581199553,0.9627216188601792,2.0854645190350714,4.760762273775495,8.188584371180594
KKI_0050779,1_raw_signed,2.2304977904971324,0.9903234457898268,1.6298219233825417,0.9654143736056423,3.067011365085842,6.695995574896097,0.08130496363342628,0.9505246111513111,2.612603926547677,0.9401578318801334,1.932029338312173,3.7473016778465937,6.695995574896097
KKI_0050779,2_abs,1.101684441205369,0.9967166430156211,1.6980168471715886,0.9522327789687786,2.1432663207136544,7.943297348675714,0.04081444322843268,0.9927855425889542,2.329737802066618,0.922133326976603,1.3593668609865734,4.473261985620407,7.943297348675714
KKI_0050779,3_pos_only,1.5638774377626292,0.9953163417370636,1.6623909376237596,0.9594581554477708,2.573897789182284,7.317888267163303,0.05750891911783727,0.9869219386328283,2.3487887542297132,0.9327762035163096,1.62704989735976,4.100107800525154,7.317888267163303
KKI_0050779,4_all_ones,0.019109128994995412,0.9999936653817937,1.8170102125354228,0.9437621466151581,0.25807421723597845,31.070434641742164,0.0007901174031608475,0.9999849399059969,1.9485258939883103,0.9041179541595922,0.17234343856924345,18.545352425145143,31.070434641742164
KKI_0050779,5_offdiag_only,2.116279357327722,0.9891937397906821,1.596338671578259,0.9697564121884553,2.983144766679864,6.351950318064358,0.07628558312380569,0.9413376513593854,2.666397611664518,0.9467929705701456,1.869466373144758,3.5492190599770184,6.351950318064358
KKI_0050780,1_raw_signed,9.542660641213963,0.9995293452240569,1.3009066514733414,0.9963236830985136,6.130517919597125,21.189324829447543,0.3618033217010469,0.9983650174845828,1.475326406091745,0.9937357709842651,3.912309561365765,12.990269111487107,21.189324829447543
KKI_0050780,2_abs,8.775984446017572,0.9995159002472936,1.3015175436461244,0.9962981928611553,5.899190977918875,21.369857440795627,0.33425202669616627,0.9986080558112025,1.4562277192220943,0.993723185755371,3.7723758731835852,13.098752832275139,21.369857440795627
KKI_0050780,3_pos_only,9.1501644380186,0.9995269185136846,1.300765899122799,0.996326466977446,6.013733735857081,21.27956011289759,0.34772206071901274,0.9985128188311794,1.461949485917662,0.9937495199360661,3.8417421139907635,13.044372415358206,21.27956011289759
KKI_0050780,4_all_ones,0.026158354063784788,0.9999957409460533,1.9484335330462332,0.8863203411279046,0.33882394523867915,46.36622944166218,0.0010264713313414267,0.9999929022868342,2.05751048389841,0.8251295068763795,0.22225206453901492,28.7309453417296,46.36622944166218
KKI_0050780,5_offdiag_only,9.428023504818785,0.999668268413745,1.2629965397532121,0.9974361508486835,6.072957470345705,20.678703401609862,0.35566845016388815,0.9984065185176336,1.399432556055643,0.9955161856002149,3.863155356079642,12.670605462412645,20.678703401609862
KKI_0050781,1_raw_signed,23.526240337293867,0.866444732360752,1.4426314169281602,0.9881426676616653,8.639336374417194,22.777385420938547,0.7468782904012904,0.9209056437491462,3.018673708320158,0.8702960733374796,5.215218395283001,13.618733805520476,22.777385420938547
KKI_0050781,2_abs,11.320357369008297,0.9984659951399942,1.5434256779902773,0.9790484994629136,6.618521213709751,24.197821682163973,0.4011021309417619,0.9964674631012179,1.96614152443093,0.9659363228265533,4.109413523596669,14.350273759970921,24.197821682163973
KKI_0050781,3_pos_only,16.11752662804587,0.9977792003352555,1.4917302741927587,0.9842027431511419,7.599683549153497,23.237634024884084,0.5687721172305258,0.9705433556505235,1.9683876290162485,0.9742554431674174,4.707221949640112,13.775404019048615,23.237634024884084
KKI_0050781,4_all_ones,0.039863245013390135,0.9999954636995456,1.9991322778054235,0.8650299513520232,0.4191665498478585,65.81570296318412,0.0015949294932049362,0.9999916582285279,2.0990358718724673,0.8001589870519431,0.27628413199088,39.76769842899388,65.81570296318412
KKI_0050781,5_offdiag_only,23.049849002119277,0.866287324595481,1.4042646825163179,0.9907654519753127,8.536646543171582,22.072780471839263,0.731322547338885,0.9184539023257097,2.945036130122715,0.8661828237961976,5.141076084504453,13.195151148653665,22.072780471839263
KKI_0050782,1_raw_signed,10.852534113485406,0.9009986065571979,1.308136753161773,0.9956644476126447,6.363616481456713,14.675628853712302,0.37353097784349865,0.9319525311021303,2.2704540575821635,0.977089413750501,3.9212077135286676,8.751232705784956,14.675628853712302
KKI_0050782,2_abs,6.842064526857322,0.9986847808661166,1.3293716660079453,0.9950974789477093,5.249212287258619,15.641097779976757,0.25157994029721004,0.9963262294887912,1.5106901951314957,0.9916897241320473,3.2986300454852953,9.287093043198844,15.641097779976757
KKI_0050782,3_pos_only,8.582684447906571,0.9971699070940176,1.317371806395739,0.9954366378751981,5.79408817430238,15.099561814839154,0.3145561284072035,0.9895723553161148,1.6292794790138556,0.9917991302074968,3.6369138601892725,8.961091639795477,15.099561814839154
KKI_0050782,4_all_ones,0.02753983904971809,0.999995627101377,2.0085758001476206,0.8789880300599062,0.34751770219928746,49.227044254307565,0.0010946250268868128,0.9999920774331594,2.1216684306111717,0.8118936209930359,0.22887358566225183,29.993488990064726,49.227044254307565
KKI_0050782,5_offdiag_only,10.498390928454006,0.8997214012682836,1.2691338364291678,0.9968378351694193,6.251074374521634,14.142247620185639,0.3588419966522598,0.9311339804633155,2.2269034497131703,0.9762342252933887,3.8386135609237826,8.426446490543908,14.142247620185639
KKI_0050783,1_raw_signed,4.249783091551742,0.945181181320097,1.5307576269618701,0.979360212501088,4.124199057941842,9.773151761976521,0.14540520222720915,0.9438422082977659,2.9337340710010213,0.9514210420142346,2.535856471379681,5.6025329321137916,9.773151761976521
KKI_0050783,2_abs,2.4548477956525776,0.9979316340069846,1.627222009834709,0.9673080535665498,3.2177839445011918,11.579463244813041,0.08770025405503178,0.9943586147430918,2.035787046428619,0.9411775935526885,2.01249812583892,6.667277692328834,11.579463244813041
KKI_0050783,3_pos_only,2.999521798383467,0.9963958051917525,1.5717598728898559,0.9752018157336566,3.5107473808482395,10.652374713622935,0.10661910092449056,0.9858429374212838,2.1663562328901067,0.9562482822487641,2.1850039569763893,6.106245095209883,10.652374713622935
KKI_0050783,4_all_ones,0.027188003842480657,0.999994239356509,1.9541646326730104,0.9025866274026652,0.33612736158932055,38.386136721988834,0.0011013365062547856,0.9999861478900351,2.1110597446934585,0.8131760138792903,0.22590364454420622,22.9925178084337,38.386136721988834
KKI_0050783,5_offdiag_only,4.176959224093653,0.9427850899877833,1.4892563614799648,0.9828960168561942,4.080103286857844,9.352428900659032,0.14240875058600633,0.9360791236360368,2.924444808526893,0.9555083536665454,2.5022125410934195,5.354457322064511,9.352428900659032
KKI_0050784,1_raw_signed,13.69003645982643,0.9050899333463811,1.2489554712594932,0.9975519841604374,6.768981752168221,18.545474816402475,0.45358487959968974,0.9207277425693139,2.174966435683005,0.9712475716913348,4.113763625451177,11.145009452294419,18.545474816402475
KKI_0050784,2_abs,8.318631182638471,0.9996499900474466,1.301664283985981,0.9960433116906328,5.695821705318939,19.35744288077597,0.29997434338623064,0.997760982087891,1.4413251365494628,0.9937778606274729,3.5427507215858656,11.572596422868513,19.35744288077597
KKI_0050784,3_pos_only,10.653243574027009,0.9994390686230374,1.2733143115565702,0.9969141283676565,6.226947337194622,18.866443231402577,0.38247595212048047,0.982427820847245,1.4981640660682085,0.995052461881155,3.8667989606924382,11.281279669308068,18.866443231402577
KKI_0050784,4_all_ones,0.039476832899031866,0.9999974601064742,1.8295633642269997,0.9393641978441818,0.40199941319233007,54.16561432438022,0.0014677211875069335,0.9999955258162817,1.9606871249092532,0.9005293027712041,0.25627176922853434,33.08406045728565,54.16561432438022
KKI_0050784,5_offdiag_only,13.442287495984772,0.881258076354821,1.2109129623517259,0.9983515454951009,6.702686276134094,17.958904562399763,0.44338276645812547,0.9110674262326156,2.162938439610945,0.9699611315576403,4.063901967974145,10.789999770615056,17.958904562399763
KKI_0050785,1_raw_signed,13.171986022228454,0.8962407752610859,1.1555800422200704,0.999140128146259,6.438362469885794,16.638562195791334,0.4322682904823569,0.9081903655786072,2.177928537008906,0.9670241185314816,3.86853002212134,9.830598620948068,16.638562195791334
KKI_0050785,2_abs,9.3144917690655,0.9993006777280803,1.1612171078464284,0.9990798258023478,5.64695334287919,17.348382770109,0.3268373853869546,0.9938599536317033,1.3114869493930086,0.9983453714676042,3.4578541256596935,10.184908811459701,17.348382770109
KKI_0050785,3_pos_only,10.98014513881364,0.9986501154369292,1.15670212545618,0.999131322838444,6.029697331144076,16.91357468739654,0.38453613064282033,0.9644731887189631,1.3968515654161968,0.9982467055661398,3.6896250847082186,9.93576462979969,16.91357468739654
KKI_0050785,4_all_ones,0.018952846278880598,0.999996817953214,1.852088097146169,0.932240889006219,0.26618735168726676,36.321048485435924,0.0007233752328791031,0.9999928737288273,2.0213009552673307,0.8685135055880543,0.17318826468845608,21.737675247640187,36.321048485435924
KKI_0050785,5_offdiag_only,13.027884430927562,0.8522180783033998,1.1202152680777069,0.9995296764420902,6.371791371005463,16.247461497333415,0.42474570161551767,0.9025259181649355,2.1238123400534876,0.9669486217346133,3.816208989383344,9.598981063702675,16.247461497333415
KKI_0050786,1_raw_signed,4.7708744850177345,0.977937295782569,1.4005727744633572,0.993189805243093,4.245691835304843,12.003897268531533,0.16774472654073874,0.9688091696759533,1.89487288091781,0.989250323732198,2.6151673856731246,7.013134128599529,12.003897268531533
KKI_0050786,2_abs,2.6467177686367225,0.9994286199881421,1.4715147328421196,0.9897520752599738,3.265979972164609,13.10296147354755,0.09470058838247727,0.9979635690620076,1.5944480762153355,0.9854290694566843,2.0250346359060694,7.662915887404941,13.10296147354755
KKI_0050786,3_pos_only,3.5515389512702473,0.9990814762013874,1.4325367526690858,0.9917834996649748,3.728960449396366,12.550890459447626,0.12685094462225366,0.995370947537508,1.659167168649553,0.9884213200261958,2.3090044491578134,7.328679685950835,12.550890459447626
KKI_0050786,4_all_ones,0.028795715438511463,0.9999970060647402,1.8393883209145037,0.9368477745108923,0.3328156640662597,43.46346919002243,0.0010571951603761988,0.999995187995671,1.951206071918426,0.9072215864060794,0.21058918289449258,26.331031904061668,43.46346919002243
KKI_0050786,5_offdiag_only,4.629778564910579,0.9667199300222501,1.3588943977960373,0.9948620845238155,4.183597248350523,11.526731825463793,0.16216550826616444,0.9652643527437379,1.8755884870381272,0.9913305475312121,2.5713489780950405,6.725020471822745,11.526731825463793
KKI_0050787,1_raw_signed,11.91708595874676,0.9998712852935968,1.2089273623017853,0.9984948981865084,6.686686865914956,28.90310009478811,0.41524395534351843,0.9991758300881173,1.3363583914138202,0.9970290152798091,4.082127457038854,17.158709169287473,28.90310009478811
KKI_0050787,2_abs,11.231948779022828,0.9999077010670049,1.2131387446177064,0.9984073631250489,6.55415125481397,28.98759457299709,0.39136488911009887,0.9996131776311081,1.3095680901182964,0.9968767291063354,4.0013991318975854,17.209642158448005,28.98759457299709
KKI_0050787,3_pos_only,11.566260172109084,0.9998966229453401,1.2109603073122637,0.99845291808805,6.62013148941155,28.945335067528298,0.4030103128225714,0.9994831946231045,1.3237962661152343,0.9969614072885051,4.041583175139362,17.1840998903746,28.945335067528298
KKI_0050787,4_all_ones,0.04676365033513697,0.999997721122301,1.8100120722349493,0.9395567170101231,0.4499929842696882,61.2894581336873,0.0016901009365773902,0.9999960293359332,2.106905378021296,0.9012607931407236,0.2825817147738519,36.87926131256195,61.2894581336873
KKI_0050787,5_offdiag_only,11.518833611692147,0.9999009230465876,1.1710067792781462,0.9990774224816125,6.569124738752553,28.22917271260623,0.4013087106013158,0.9992238399545796,1.2789719068789664,0.9981096575339102,4.008520831013976,16.748650848470053,28.22917271260623
KKI_0050788,1_raw_signed,3.613929268889225,0.8674635692635826,1.4578319408606422,0.9879173452689777,3.4677080193812633,9.490186401621786,0.11499455674397269,0.9031821466997831,3.169512489148972,0.9365578459854617,2.099482180545369,5.436920673537832,9.490186401621786
KKI_0050788,2_abs,1.6855550881281183,0.9988894215471115,1.574294620153869,0.9772263800856857,2.553859586491967,10.324683113609028,0.06018761978181025,0.9953253750351037,2.023849817124355,0.9533354036332072,1.6012479163704283,5.873397791278619,10.324683113609028
KKI_0050788,3_pos_only,2.4843546261737965,0.9984298282832885,1.5110965687517328,0.9835850847930254,2.9941063564638175,9.857405137390586,0.08757846905230457,0.9720103847487722,2.136715179647791,0.9654568919965628,1.8664174512388667,5.604040708561278,9.857405137390586
KKI_0050788,4_all_ones,0.021770054247778527,0.9999956042600576,1.8890999180020536,0.9175282499095359,0.2915052494450735,35.72507365612981,0.000819687816578345,0.9999914013748216,2.071069182512187,0.8621068088527742,0.18607839844109733,21.269913673324837,35.72507365612981
KKI_0050788,5_offdiag_only,3.483797486456242,0.8383034160988793,1.4153583710359021,0.9905697698983041,3.403701705440124,9.104872363670069,0.10975270379180634,0.8988039470677425,3.079084116785965,0.9389413150120968,2.0495196218504583,5.208655460586787,9.104872363670069
KKI_0050789,1_raw_signed,9.397786154085411,0.8255254156729559,1.185288181421248,0.9989117005848812,5.775808676773903,11.25519125308165,0.3105988671365395,0.8761977819355898,2.642132423847616,0.905757483496133,3.5119506399918863,6.790976700270125,11.25519125308165
KKI_0050789,2_abs,4.316764853446455,0.9996196489152434,1.2502005667827338,0.9976288337243564,4.167074103913051,12.827859366249971,0.15882006124525813,0.9961454887449205,1.5145724066297743,0.9956811659015616,2.6163919325806213,7.6246095364101505,12.827859366249971
KKI_0050789,3_pos_only,6.242554130693896,0.9992676556538542,1.2116205909791538,0.9984791177914524,4.926835510685442,11.863831886582057,0.22800651385073667,0.9775924334468232,1.5292854819237403,0.9968845819142989,3.0835413497465294,7.049015679202924,11.863831886582057
KKI_0050789,4_all_ones,0.03304224889582236,0.9999985462955834,1.6245394786577692,0.9729800028712136,0.3569168540371892,43.10964270016378,0.0012277151213537258,0.9999974331646296,1.7346035873921086,0.9558300269404756,0.22674632059030464,26.434121968021543,43.10964270016378
KKI_0050789,5_offdiag_only,9.019503954178385,0.8241623362432657,1.1615178070986782,0.9992295079993209,5.632178780734442,10.800364505375601,0.29764374227930523,0.8699850820356166,2.663185438207393,0.8921698858081901,3.4187469068145027,6.521153421137301,10.800364505375601
KKI_0050790,1_raw_signed,5.91127191575443,0.9521758407374932,1.3022546522980682,0.995147156493247,4.800992972081709,9.87250428292207,0.20121353925368987,0.9338487901853255,2.5173291128869306,0.9546048745243649,2.934665292838039,5.7221248706770504,9.87250428292207
KKI_0050790,2_abs,3.400108152163318,0.9991312003752655,1.3551048650078346,0.9926745558163533,3.6868369077800396,11.533406445038228,0.12213717860794035,0.9968719672226196,1.622698671121806,0.9865681831056378,2.2909251218122773,6.681510673109478,11.533406445038228
KKI_0050790,3_pos_only,4.379042681923942,0.9989653980396358,1.3272394766905136,0.9940383513307363,4.19597043144054,10.653432975373677,0.1565390725372438,0.983218232851504,1.732686088730675,0.9886889940113411,2.599643092509226,6.153744967325074,10.653432975373677
KKI_0050790,4_all_ones,0.027381373733374344,0.9999965829674377,1.8466430670910545,0.9307399665657649,0.33293358399322154,43.93723840531698,0.0010678898653366715,0.999992324578598,2.0061723881131437,0.8684212442552154,0.21927896067432642,26.46373730581087,43.93723840531698
KKI_0050790,5_offdiag_only,5.65100477414375,0.9084747889838591,1.262942110202586,0.9964743072966573,4.679537259410069,9.400395992022016,0.19011201591499832,0.9203234422587507,2.5711342327474065,0.9512679437647749,2.8462720981462915,5.447200071286179,9.400395992022016
KKI_0050791,1_raw_signed,2.4213302971105666,0.898458572805745,1.5473620964629646,0.9751031103328391,3.112204942898496,6.047029543903809,0.08405549839880402,0.8502121601056774,3.3911950049258475,0.9498572492162177,1.9218385384281946,3.4156512810043194,6.047029543903809
KKI_0050791,2_abs,0.9954329960009073,0.9978525188431728,1.752647873663617,0.9318051209058139,2.0788205435876503,9.18248564616941,0.03680795795259059,0.9944331506602376,2.3073397833933424,0.8872003324274518,1.3232134890269387,5.231000376982171,9.18248564616941
KKI_0050791,3_pos_only,1.3195406282966342,0.994734669346109,1.6380509652061046,0.9611197043845349,2.3349044770743967,7.590182543534162,0.04829384646530437,0.9822591412737852,2.379792165049708,0.9400514676063129,1.472425788518787,4.263723513053243,7.590182543534162
KKI_0050791,4_all_ones,0.01721936815253023,0.9999945337621229,1.9276228641068618,0.9016725720767863,0.26330651854764264,37.61336650261509,0.0007290953442004442,0.9999874369966792,2.0517810272233303,0.8363926841864393,0.1790084087036385,22.607118640803908,37.61336650261509
KKI_0050791,5_offdiag_only,2.4511403483656795,0.8741020583807431,1.491610731224463,0.981067255854161,3.1348745767425235,5.643777923644606,0.08391560450463131,0.8216696163219617,3.3824953270308518,0.955342034966776,1.9231479123799453,3.1932619050047886,5.643777923644606
KKI_0050792,1_raw_signed,4.265504980672711,0.9097865926369475,1.2077944894831754,0.9986401705290695,4.040545673781765,8.194098918441943,0.14259641520118382,0.8979300626195396,2.298385886716484,0.9801547340425018,2.44466056165427,4.74057007191921,8.194098918441943
KKI_0050792,2_abs,1.6776109934610683,0.9996952729313872,1.3197436811684835,0.9956573496373711,2.611782082515057,9.902501844434768,0.06017448090372514,0.9971162000451741,1.5045480525602393,0.9929543316853208,1.6197352052073986,5.7109562527107816,9.902501844434768
KKI_0050792,3_pos_only,2.7234574275289076,0.9996885192587658,1.250830457073192,0.9977609504533377,3.2875563341373115,9.01315659639773,0.09730237484906176,0.9862350878911285,1.5535924743511618,0.9960489165354154,2.033598301454183,5.177849537864387,9.01315659639773
KKI_0050792,4_all_ones,0.02523275967893314,0.999996402915162,1.8155713561296967,0.9407177677035865,0.31062405918471975,35.456791231308316,0.0009691767937311719,0.999991590459379,1.9883220661613898,0.8783370019136374,0.20331341957887294,21.410259012617136,35.456791231308316
KKI_0050792,5_offdiag_only,4.154905640635964,0.895124801779923,1.1548509762233983,0.9993547854170969,3.998255934083019,7.81300199924416,0.13803281741492326,0.8919797985510702,2.2688869568791663,0.9767852313995572,2.4123330074267924,4.517438187585454,7.81300199924416
KKI_0050793,1_raw_signed,7.574902770804179,0.6494598414687609,1.3141034918946373,0.9945181357655887,5.381200981256034,7.871983128963001,0.22772322996784788,0.7489631893651613,3.533882850383369,0.9122580572546651,3.1370278018348476,4.591398556559893,7.871983128963001
KKI_0050793,2_abs,4.415314484339927,0.9992767373676911,1.325981760130109,0.9945296666575582,4.256360812621509,11.819433680948627,0.15364307555788936,0.9956800531944812,1.6018688066560887,0.9895406230266581,2.6048360793460485,6.7585137136280435,11.819433680948627
KKI_0050793,3_pos_only,4.90057643410803,0.9973984609928271,1.3336048096790591,0.9940040387361265,4.476893613281108,9.610368560430507,0.17005381825391283,0.9733213534124743,1.7941090869064966,0.9880620200493748,2.7371532943929515,5.432701927025491,9.610368560430507
KKI_0050793,4_all_ones,0.03328655924005173,0.999994598353159,1.8562496474043502,0.9152269496261468,0.33169958144927014,39.439112617884284,0.0012410020736023462,0.9999894476035124,1.9886730805418908,0.8529353348602015,0.2133029491580469,23.498745323755788,39.439112617884284
KKI_0050793,5_offdiag_only,7.522847919976967,0.625601834618823,1.2802963795634636,0.9957554274996673,5.341868648788866,7.54467697208676,0.2230660197728664,0.7344411866533341,3.4570910183146375,0.8888927650044193,3.1015978544764082,4.423102257215974,7.54467697208676
KKI_0050794,1_raw_signed,13.863869308924597,0.9547219554871427,1.2427235857446446,0.9974793764752033,7.384428771491234,16.2230267337616,0.46546557896357466,0.9664807334969775,1.9524212779685235,0.982950812345416,4.461115097262401,9.470255440730591,16.2230267337616
KKI_0050794,2_abs,7.888520760019245,0.9995595488037575,1.2814501927090183,0.9964947581539516,5.65832108416255,17.91118864473835,0.2734574897039277,0.998318815223025,1.4955000437771424,0.9936025087686967,3.448711883846944,10.462953477212068,17.91118864473835
KKI_0050794,3_pos_only,10.502791690380304,0.9990245369041351,1.2576425322339846,0.997125976312585,6.498719501940274,17.02378447505235,0.36435353488361555,0.9936644820494681,1.5306076813544305,0.9943987164525494,3.9617677253985004,9.927345189594783,17.02378447505235
KKI_0050794,4_all_ones,0.04370243773272794,0.999997915198807,1.731460495809245,0.9558855021023323,0.4078404818565425,53.36841069099622,0.0015431273658157063,0.9999968918428502,1.8598151341658624,0.9373967224114221,0.25319787621900747,32.01953927420657,53.36841069099622
KKI_0050794,5_offdiag_only,13.395969965775544,0.9546802144600693,1.2144176590914495,0.9981428312640508,7.2481688077358655,15.645497484504924,0.44860609931317774,0.9625668153543899,1.9575113241611415,0.9807204397138525,4.374489611550076,9.123745473283872,15.645497484504924
KKI_0050795,1_raw_signed,8.740902547757546,0.9531004961798601,1.3482969064980033,0.9920668305734412,5.564117699397525,15.280242066896934,0.31039381217167783,0.9476099093462086,2.171870264881291,0.9768928625748703,3.486790994750495,9.175919916528716,15.280242066896934
KKI_0050795,2_abs,6.806450622826236,0.9989271285757169,1.3760535902001445,0.9902831754010438,5.102040223532209,15.551195808609686,0.25224333894710993,0.9945464740501323,1.6670117166423088,0.9829428678213679,3.2356527369133268,9.311458674840479,15.551195808609686
KKI_0050795,3_pos_only,7.6910708539868695,0.9987697140152515,1.3617194175395941,0.9912287900294328,5.331866341378957,15.387235379293118,0.2835902714141292,0.9824456346540443,1.7297992484179856,0.9842657921167235,3.3754812583391542,9.218802910326023,15.387235379293118
KKI_0050795,4_all_ones,0.022861946597856786,0.9999966593968926,1.7678195048394088,0.9394304922096004,0.3017226761778478,39.937627722495954,0.0009054998879409075,0.9999943175187287,1.8576896069141322,0.9125680542901627,0.19689403225725507,24.45476965143498,39.937627722495954
KKI_0050795,5_offdiag_only,8.320115623341765,0.953147284089217,1.323062100990746,0.9934034560529139,5.419255016422619,14.841331854819499,0.2936016514085259,0.9443942290140561,2.1509832939958864,0.9781448953303468,3.384565531967436,8.906247434915715,14.841331854819499
KKI_0050796,1_raw_signed,10.994059566139251,0.9123041040858316,1.1491632518265522,0.9993146451770121,6.3652103064160475,16.303942931173538,0.37283989038671883,0.9414286806770324,1.6870354721183274,0.9921668272532282,3.87331385596051,9.636319229241296,16.303942931173538
KKI_0050796,2_abs,7.816693416034354,0.999870819258404,1.1645933380012574,0.9991630292495367,5.5938536626258735,16.979508204072353,0.2778231792125957,0.9985165338801328,1.2762016837927916,0.9978505558928956,3.450064295729567,10.011691524050043,16.979508204072353
KKI_0050796,3_pos_only,9.203143132061259,0.9996697629030562,1.1565077285870313,0.9992433261116541,5.973319563690478,16.605542398227307,0.32728597199230325,0.9942586118547568,1.3213997424868449,0.9979552357537175,3.684971206258511,9.785582670756888,16.605542398227307
KKI_0050796,4_all_ones,0.026054815973534224,0.9999985681567856,1.7149103565650832,0.9656421075258018,0.31733384348087884,44.59845256227755,0.0009668419200868477,0.9999965804658695,1.8959322654108606,0.9252233768908636,0.20376844298861727,26.913064331515248,44.59845256227755
KKI_0050796,5_offdiag_only,10.64485274380751,0.9110479448246105,1.1207098656961778,0.999564014863208,6.25938709345841,15.831178352756421,0.3575233114012577,0.9388062327899823,1.7514362075049112,0.9896080701361233,3.79660372959451,9.352735560438582,15.831178352756421
KKI_0050797,1_raw_signed,19.0932870915024,0.99797227817749,1.1279783621271866,0.9995169568204895,7.0749393054647465,33.587347154330075,0.6849065012126146,0.9886223463764164,1.277885322975519,0.9990768150827629,4.381449102092427,20.355579014381924,33.587347154330075
KKI_0050797,2_abs,17.917316684683044,0.9997420660173011,1.1182604797766371,0.9996193164235004,6.945682647300667,33.6837791153046,0.643166689798937,0.9979168057846306,1.2136966389937256,0.9993207670755003,4.301784262990021,20.409104100098926,33.6837791153046
KKI_0050797,3_pos_only,18.491971455847168,0.9993978766502503,1.122746169067809,0.9995736620576902,7.010035606350526,33.63522436441059,0.6634736135513821,0.9959770455314106,1.2416104079052928,0.9992325047529266,4.3412381883162015,20.381306957862563,33.63522436441059
KKI_0050797,4_all_ones,0.0275391267836627,0.9999983011155046,1.7741230355794035,0.9498897779528735,0.33985636488256715,49.9247666599552,0.001021079005055377,0.9999969448625979,1.9040304429241135,0.9159423979250939,0.21582291613099308,30.42787779920541,49.9247666599552
KKI_0050797,5_offdiag_only,18.484387040960065,0.9986362975350748,1.096192685258551,0.9997528693431329,6.949063092123592,33.03749760890053,0.6620589398600294,0.985489196698751,1.2210538817865264,0.9994724061305057,4.299869237269711,20.01730071556024,33.03749760890053
KKI_0050798,1_raw_signed,14.448124629913584,0.9985234495964921,1.1970208856706859,0.99861419434497,7.3094056962287,21.38716956861077,0.5050544885775998,0.9923175654307816,1.333275451529491,0.997836490323672,4.468470897029686,12.651418698294176,21.38716956861077
KKI_0050798,2_abs,11.842060359957507,0.9998076505443111,1.1933735068086129,0.9986986184934923,6.706345312656885,21.87723093125698,0.4135884008167089,0.9986210323813453,1.2364894162784361,0.9980042286158319,4.097728250511596,12.948968066456281,21.87723093125698
KKI_0050798,3_pos_only,13.063544412734785,0.9996429042538584,1.1943694291711684,0.9986698142864208,7.004485882430489,21.631718499825993,0.4563665402699437,0.9976284768578736,1.273332227190389,0.9979728612705396,4.280695490654096,12.799384173564961,21.631718499825993
KKI_0050798,4_all_ones,0.02404967537078148,0.9999976565465967,1.8682437783183812,0.938621818710852,0.31766225485706245,44.13940769735724,0.0008729450662839858,0.9999961710717951,1.9941256856340754,0.9062873372344219,0.1998288561359219,26.569743941179407,44.13940769735724
KKI_0050798,5_offdiag_only,14.00663627080805,0.9986551789694412,1.1661714666007603,0.9990717542402112,7.185271874402244,20.901418137898222,0.48963496425456504,0.9912034381139153,1.2886344912123349,0.99853704429648,4.39137544514663,12.355546345697846,20.901418137898222
KKI_0050799,1_raw_signed,4.301020096683554,0.8412055539582879,1.4248065136161818,0.9900963779990397,4.007227896665571,7.588931811140927,0.1471478216103138,0.8835038588507217,3.5343009248787007,0.8711507746776123,2.492120567831311,4.575339289742098,7.588931811140927
KKI_0050799,2_abs,1.2774779006025347,0.9991924630652029,1.4928832379500006,0.986958017134008,2.281909597013733,9.979157049876662,0.049296590712213526,0.9975004656588076,1.850515307928324,0.9785786969199489,1.4720878134732602,5.906770629299519,9.979157049876662
KKI_0050799,3_pos_only,2.224115727917659,0.9974733681617772,1.4623392326199807,0.9881294620546632,3.0105239986058145,8.650705152224855,0.08500271290143863,0.9890812407812223,2.0432561495159356,0.9798643803696787,1.9334514911504248,5.110485624575197,8.650705152224855
KKI_0050799,4_all_ones,0.02067789781034812,0.9999966394060368,1.927965603797898,0.917624005423486,0.2951147267773646,39.45314945839202,0.0008098284294063426,0.9999942198811534,2.0417639662462213,0.8755530859919131,0.1928921685705179,24.184744828571446,39.45314945839202
KKI_0050799,5_offdiag_only,4.227242783113401,0.8238789344745089,1.3900391251459698,0.9918679357645365,3.968002013708465,7.184262535335324,0.14436020709726538,0.8739223331287284,3.553967344167347,0.8544987070546327,2.4611667942313,4.3433751946523635,7.184262535335324
KKI_0050800,1_raw_signed,9.984653808745257,0.9474472708872664,1.4326427303260878,0.9857638526640107,6.197957559655891,15.580704267011631,0.3529860887935896,0.9556969251032237,2.1664542382989973,0.9745926053253086,3.847994245448074,9.22700134629487,15.580704267011631
KKI_0050800,2_abs,7.172325350395234,0.9981788627458665,1.4348301580492528,0.985883011709291,5.394615042505885,16.263146129723907,0.25878708217012086,0.9954225519741489,1.631287594591415,0.9783623377518427,3.3659587115281013,9.622073991547468,16.263146129723907
KKI_0050800,3_pos_only,8.45436387812842,0.9969473633389648,1.4334703500451718,0.985820570227222,5.788600729801705,15.905372663245915,0.3052776096971398,0.9891862877293723,1.7567112787887482,0.9780463281530701,3.6143297130200023,9.405905421456662,15.905372663245915
KKI_0050800,4_all_ones,0.02733243541014622,0.9999958464156813,1.912921193552081,0.8967159057813703,0.3436176343096886,45.79371027669437,0.0010347827371633535,0.9999934154013295,2.011970389355493,0.8510934264104487,0.22082715456930188,27.80558535455858,45.79371027669437
KKI_0050800,5_offdiag_only,9.586146887394639,0.9472490602607735,1.4037066154836473,0.9878285439303164,6.056317258016165,15.076102611727158,0.3374561042667447,0.9539204173197116,2.1218166398114775,0.9774917457949068,3.751055517582591,8.918807064799674,15.076102611727158
KKI_0050801,1_raw_signed,20.33467537323919,0.7788801351404074,1.263192329787329,0.996304820763814,8.720182340439141,15.775570922638417,0.6534951293885181,0.8647439478743253,2.6610062586407306,0.9163863268205803,5.211763234815274,9.377353930724665,15.775570922638417
KKI_0050801,2_abs,11.502748166922133,0.9991330854562565,1.282462923888251,0.9957918808050147,6.8046117937131525,17.29156305458518,0.4036797305119642,0.9948661092368272,1.451585027748472,0.9923403787651878,4.176884078150432,10.144354530707947,17.29156305458518
KKI_0050801,3_pos_only,15.155300781242582,0.9986912472483377,1.2725707618098054,0.9960315722214504,7.726495607405826,16.308064570158407,0.530690043121772,0.9539894583516534,1.5796037910800025,0.992807854093214,4.738590344956058,9.567595684040011,16.308064570158407
KKI_0050801,4_all_ones,0.04207016804481315,0.9999974660988786,1.7393189013284265,0.9562585913305495,0.3950696353439081,47.923545731130574,0.0015482713994574458,0.9999943605279129,1.9139757874870336,0.9103942978681894,0.2522662612771392,28.78833161829984,47.923545731130574
KKI_0050801,5_offdiag_only,19.514762647733594,0.7489022398243026,1.2455604093571608,0.9967369953745664,8.520955843046949,15.273253434692593,0.6254217912046625,0.8633640648767315,2.665341712080336,0.909429589049125,5.086454440477004,9.07822810160654,15.273253434692593
KKI_0050802,1_raw_signed,8.519957698871384,0.9528020493930514,1.2057977329463736,0.9985284857138403,5.573758263299213,13.476250649214721,0.2869006181123721,0.938679330714566,2.121316701757395,0.9729614451569328,3.387915260854037,7.88097696939349,13.476250649214721
KKI_0050802,2_abs,3.7383654522885568,0.9998376260825839,1.266955457760174,0.9971111341182505,3.846848687024491,15.361804386064007,0.13279599512057258,0.9991979089310503,1.4470174244833498,0.9955005128429115,2.372649590640299,8.97876493816697,15.361804386064007
KKI_0050802,3_pos_only,5.638133179248716,0.9996950924350222,1.2317224266654618,0.9979947028211162,4.644461750880608,14.370668074186495,0.2003128074838414,0.994756748394316,1.4120203460444543,0.9967377480512231,2.863947591549414,8.37759544933359,14.370668074186495
KKI_0050802,4_all_ones,0.02768450443237277,0.999997898255383,1.866693814626401,0.9376158996659396,0.3424285240390293,52.270992610814716,0.0010043878836448398,0.9999970108636982,1.965985814926901,0.9169869974246269,0.21456063191942698,31.54247594956271,52.270992610814716
KKI_0050802,5_offdiag_only,8.229935263263808,0.9293264109316963,1.1642849214981452,0.9991532832427086,5.477649378991936,12.907152404366666,0.2764769621294947,0.9326405722137748,2.0976395300006896,0.970365868766674,3.3246066100864113,7.538721673355921,12.907152404366666
KKI_0050803,1_raw_signed,6.781273830066069,0.9540745326422182,1.2667679900954105,0.9964723127207278,4.992665371455419,12.026226154843512,0.23730458779313396,0.9373869738459927,2.4275966603177856,0.950387278461198,3.106850765971297,7.239551947595479,12.026226154843512
KKI_0050803,2_abs,3.9722262803786967,0.9992283947356503,1.3211614501682205,0.9944524321644697,4.008365555213445,12.83351865516354,0.14851683243860414,0.9960527969071666,1.5867859609560724,0.9902200053783051,2.541915492606954,7.677616472344692,12.83351865516354
KKI_0050803,3_pos_only,5.153824864178414,0.9991209122403173,1.2907883292795221,0.9956536994603387,4.49018259345846,12.373736424403521,0.19093753152007648,0.9821491363005646,1.6444757381236226,0.9918865778201654,2.8361643321576926,7.405852213049821,12.373736424403521
KKI_0050803,4_all_ones,0.018960236233467806,0.9999964480026542,1.888695366350087,0.9075337305619287,0.27877653808492187,38.643496011542304,0.0007419271302030854,0.9999938579891665,1.995760146349681,0.8586910872190988,0.1821557238062334,23.67337591910347,38.643496011542304
KKI_0050803,5_offdiag_only,6.693092409823244,0.9534533266029638,1.2265383757960047,0.9976027558125017,4.962990823595536,11.606268808664362,0.2335126005816658,0.9345324276984738,2.395477478456462,0.947113480479576,3.079627994269445,6.985640611200063,11.606268808664362
KKI_0050804,1_raw_signed,3.799690198560183,0.9988140388203639,1.3188476234549453,0.9953866195392215,3.9178129824942043,9.832067135046838,0.13420651896661642,0.9774418774697022,1.7458646716534743,0.9910133696460997,2.4142705451811706,5.631910033837534,9.832067135046838
KKI_0050804,2_abs,3.0118544621879217,0.9994464515601243,1.323073501974196,0.9952838840098387,3.513912409861831,10.225952352662668,0.10649235382994082,0.9957582100441571,1.5989032821315687,0.9905645756824097,2.166784175733182,5.86135377546216,10.225952352662668
KKI_0050804,3_pos_only,3.3821459264788345,0.9992669186020758,1.3203790385850354,0.995355398271077,3.7119989144414243,10.02889957880846,0.11957981015987951,0.9922389366224642,1.6523511475873407,0.9909326134927229,2.28846385009184,5.744506111587794,10.02889957880846
KKI_0050804,4_all_ones,0.023646955996792673,0.9999963329799348,1.7566834673887406,0.9560005944121373,0.2797038954901164,29.67386813923807,0.0008857547733990519,0.9999909380255475,1.9371757190151409,0.9057936356799248,0.18077706861888473,17.679411160952274,29.67386813923807
KKI_0050804,5_offdiag_only,3.6055161842759964,0.9990189523129779,1.284427813910222,0.996445571991527,3.809412864309052,9.505248244431158,0.12714797478496448,0.9719185430930737,1.7077884607118792,0.9929918262647021,2.344150385263599,5.437290232245354,9.505248244431158
KKI_0050807,1_raw_signed,4.416520561937674,0.999672061401774,1.3048356012401097,0.9954074972670137,4.019764641773753,14.289515449479428,0.16156707668938947,0.9839937070042599,1.585529465119699,0.9917078881835478,2.524321791975398,8.591330710273224,14.289515449479428
KKI_0050807,2_abs,3.520973733561405,0.9997361720129521,1.3285197561109123,0.9944836866002,3.678221439881823,14.537639825335075,0.12928095995954625,0.9972281571858193,1.5022785119857183,0.9903351312684912,2.3128859523898004,8.737400898686843,14.537639825335075
KKI_0050807,3_pos_only,3.942650562616287,0.9997191317815274,1.3162728253785407,0.9949733786588854,3.847866138862926,14.413561496731127,0.14454535272367522,0.9947918354102446,1.514171232669936,0.9911506862275976,2.418066975798547,8.662890375402025,14.413561496731127
KKI_0050807,4_all_ones,0.023037681810572645,0.9999977858832373,1.7220471959805097,0.9594204415214158,0.29564812757723147,36.25406348261761,0.0008489291445368712,0.9999961706157798,1.8425488617632184,0.934568468827435,0.18755063285405657,22.261351963501507,36.25406348261761
KKI_0050807,5_offdiag_only,4.250410510718326,0.9997492976524778,1.2671063563152545,0.9966129520876684,3.9459032592400045,13.890590485268502,0.1553211629256705,0.9833105128475612,1.5305093877683944,0.9937898334931958,2.4744356152094684,8.344151616286716,13.890590485268502
KKI_0050812,1_raw_signed,8.174911524923198,0.9554175965291714,1.2177719677316257,0.998543737504079,5.510713889036622,15.143575490460558,0.2932369295775202,0.9620504176108261,1.66133413463729,0.9967193666870149,3.425398970637992,9.07530299345534,15.143575490460558
KKI_0050812,2_abs,6.082557002366737,0.9998127123881326,1.2313980380122367,0.9983618550298174,4.873413857600397,15.645973686996609,0.2219360531206092,0.9978029432526856,1.415398892735511,0.9973744905352162,3.0456799876336476,9.359935672106577,15.645973686996609
KKI_0050812,3_pos_only,7.044468776572699,0.9997492595813972,1.2238848076738413,0.9984635801122065,5.189538351016198,15.390847904832029,0.2563418857248061,0.9938366874546419,1.4562240694946051,0.9974597440875127,3.2398007105782893,9.20800955745402,15.390847904832029
KKI_0050812,4_all_ones,0.026620259493828877,0.9999983277350974,1.6844285107530534,0.9671371685624278,0.3224839198340916,40.01377980198842,0.0009704667893084421,0.9999970660173347,1.8070320271289548,0.9459058058079456,0.204003561010068,24.498084257141766,40.01377980198842
KKI_0050812,5_offdiag_only,7.928523505669013,0.9550206419077745,1.1921356444986781,0.9989023263527462,5.434925164902887,14.71484494134568,0.28190815923275403,0.9587800855243326,1.7001201842157319,0.9963213548238267,3.3681039968847752,8.811419088972372,14.71484494134568
KKI_0050814,1_raw_signed,7.317500959334417,0.9555589772256339,1.1796273453128396,0.9991300810698829,5.167924722717431,14.287034412766351,0.2578325035832531,0.9551673082556856,1.5819891528601477,0.9968132027758928,3.1856801610256635,8.462835114109179,14.287034412766351
KKI_0050814,2_abs,5.67001143077907,0.9998763172100781,1.1866820054626472,0.999070319196135,4.68869562234341,14.66040678309361,0.2041351340090798,0.996485266006044,1.2699266302518775,0.9985159786316516,2.908239480452683,8.668633075992295,14.66040678309361
KKI_0050814,3_pos_only,6.432914283463035,0.9998157659732225,1.1824468174983054,0.9991104143997402,4.926895312979239,14.465141442759826,0.23123708001607576,0.9891760244175217,1.3398355773686064,0.9984175210860189,3.0544619752730435,8.55366136339288,14.465141442759826
KKI_0050814,4_all_ones,0.02656573566738533,0.9999981736307866,1.6786790340273354,0.9674774457949892,0.31980697191928403,38.82080810022247,0.0009856414543864623,0.9999967479631239,1.8242714822739972,0.9470007954864632,0.203686736172495,23.603528479776145,38.82080810022247
KKI_0050814,5_offdiag_only,7.068275510609531,0.9554413721757484,1.1477367549327642,0.9994834987536884,5.075341157846045,13.861146597062113,0.2486886329593843,0.950495928070247,1.5609299603536047,0.997133983674101,3.1259783372173935,8.202359041653873,13.861146597062113
KKI_0050815,1_raw_signed,13.656479892032143,0.9097919388667801,1.287523458991472,0.9961613296404743,7.088776077492738,16.858702377695906,0.46556033435180744,0.9298188553145436,2.133647724798507,0.9847903769148221,4.321959192328587,10.03043668979133,16.858702377695906
KKI_0050815,2_abs,7.93927228223755,0.9993009480469731,1.2832036681496464,0.9966898029606979,5.594867690358803,18.230465424880535,0.28457264962303924,0.997388686697544,1.3516945845108423,0.9953271673607583,3.463243669127275,10.813763596925217,18.230465424880535
KKI_0050815,3_pos_only,10.41730382899979,0.9983735288938924,1.281509302585428,0.9965477968533557,6.318646015976703,17.496309302262095,0.3724124404778801,0.9887254570942962,1.4549345885410578,0.9950281699848297,3.906766613875704,10.372756152525945,17.496309302262095
KKI_0050815,4_all_ones,0.024704435180912438,0.9999971099192547,1.8651502008167258,0.9246034689242685,0.31920729727952785,46.287164495005186,0.0009110264461410689,0.9999955197452131,1.9743582218065543,0.8898015546083499,0.20203302050381916,28.075437672439755,46.287164495005186
KKI_0050815,5_offdiag_only,13.347267285347913,0.9048979552230343,1.260634436819572,0.9968899861004079,7.002285337898621,16.356387882529773,0.45351181593255624,0.9261432670217478,2.104767214549303,0.9843870146690723,4.263306730269524,9.725354524090026,16.356387882529773
KKI_0050816,1_raw_signed,13.659946741763632,0.8631207359777138,1.4105226919950167,0.9888423272490325,7.345056774372814,13.571412597600066,0.45346502444416675,0.9043363532758831,2.892394471550277,0.9387282527240871,4.47096134026527,8.096088452868669,13.571412597600066
KKI_0050816,2_abs,7.968792716634958,0.9981615299265586,1.4368922820785324,0.9870951584472347,5.776082332122936,15.42001020673384,0.28915471352076855,0.9952752952316868,1.6864843814309896,0.9793348192350725,3.6132468710243733,9.12359650669219,15.42001020673384
KKI_0050816,3_pos_only,10.293466252887942,0.996828819208283,1.422056800478796,0.9880971455192065,6.527844431662524,14.35338679742242,0.3718662816625461,0.983988168706829,1.830029947847022,0.9807081166599533,4.075161813843945,8.480357975981633,14.35338679742242
KKI_0050816,4_all_ones,0.033246220163702586,0.99999405645357,2.0576409633590926,0.8550158178379748,0.3875482932591115,50.408696282818404,0.0013269627962187538,0.9999894643109118,2.1666824406567002,0.7797765064750745,0.25680495305905526,30.675109536579324,50.408696282818404
KKI_0050816,5_offdiag_only,13.217937355600993,0.8618642797168468,1.3703616500009497,0.9912342201014208,7.180892645420844,13.06033849895187,0.43528299812524185,0.9022029598440419,2.894805699021537,0.9271351000159668,4.358445088663503,7.794283178084236,13.06033849895187
KKI_0050817,1_raw_signed,4.3119120248462615,0.9183291227869451,1.6248639356679893,0.9553951264862699,3.980505197894731,11.240350235675713,0.15301361164439137,0.933846861944747,2.891144999642816,0.9254797863553649,2.508447329010492,6.623462220746327,11.240350235675713
KKI_0050817,2_abs,2.891784176695902,0.9962700894793635,1.6790334304304952,0.9420000212463296,3.4262192950186097,11.692980695317672,0.10815471892347787,0.9910066367037578,2.147500253020904,0.9145674812137123,2.1919119086791254,6.865722661446194,11.692980695317672
KKI_0050817,3_pos_only,3.5321200369497787,0.9954139649694043,1.6509889300943952,0.9492773198669932,3.700303268939613,11.453229836158004,0.131111278991179,0.9803786091852984,2.3297252271232103,0.923789947735804,2.361610528752872,6.725529605709869,11.453229836158004
KKI_0050817,4_all_ones,0.017323008135396608,0.9999909822303678,1.913068183847889,0.8837307123766698,0.25770655830616807,30.360845650751045,0.0006959810888933475,0.9999844831421172,1.999827241859308,0.8361126445024263,0.1695545863723159,18.385220347201567,30.360845650751045
KKI_0050817,5_offdiag_only,4.142743389728223,0.9083904963149827,1.5967911363466425,0.9607056096810127,3.888867873287572,10.912701215578275,0.14472961374694526,0.9319603526845934,2.8648932864683014,0.9314415665994772,2.4359651803753737,6.421751180079611,10.912701215578275
KKI_0050818,1_raw_signed,3.525830740292274,0.7348334336870257,1.3257520947976844,0.9945721190525095,3.680641558568745,6.1624765594588276,0.1098985565559918,0.8169346016299232,3.3197033259291304,0.93324705355572,2.180541383757257,3.596587504088141,6.1624765594588276
KKI_0050818,2_abs,1.6288155520218222,0.9996714467517546,1.3786918584346537,0.9924614433825519,2.5823142090685054,10.34730816438574,0.05882418507091506,0.9981945832300811,1.4939329367025542,0.9878571367017884,1.6069936003723049,5.997040917231486,10.34730816438574
KKI_0050818,3_pos_only,2.050492382928328,0.9992276082170007,1.360983792686796,0.9932449635668447,2.894245439552552,8.158046358093411,0.07361476035446031,0.9906780834549154,1.6585175820914404,0.988117903498237,1.7981897691000133,4.672285534595721,8.158046358093411
KKI_0050818,4_all_ones,0.025232816617817243,0.9999982644719667,1.7021005816461374,0.9647859479929367,0.2988842887703459,44.08839691797398,0.0009422668976340756,0.9999969503095948,1.8173645904432438,0.9440327078103861,0.19117069566628775,26.780463220017698,44.08839691797398
KKI_0050818,5_offdiag_only,3.4297854494153257,0.684952375967969,1.2879042516850057,0.995656922392943,3.6217468715796968,5.74948732300966,0.1048582215171048,0.8012343951709607,3.3720288226363055,0.909583997750839,2.1309602203733604,3.3671537742146156,5.74948732300966
KKI_0050819,1_raw_signed,6.265079619926882,0.9977688852173824,1.2850655666102169,0.9965609766905742,4.889838874730577,11.246323917224514,0.223263838426274,0.928136559850561,1.7984430177319963,0.9933072025120074,3.0307228519604883,6.649931847161031,11.246323917224514
KKI_0050819,2_abs,3.2726598929213715,0.9995389444910303,1.3582171338543645,0.9941948480894889,3.5895295331560066,13.028565788640249,0.11887956527077222,0.9968576485788277,1.6641155268837933,0.9900496970876608,2.244710525103408,7.697022682267225,13.028565788640249
KKI_0050819,3_pos_only,4.462240972086538,0.9993806014255074,1.319498277759914,0.9955313056408674,4.180375480010369,12.137071717600035,0.16110889795565997,0.9903677597684005,1.6763387987231138,0.9921055218756364,2.605230527446861,7.158392245865909,12.137071717600035
KKI_0050819,4_all_ones,0.025151706773920673,0.9999970689462115,1.927913653360435,0.9271439107985643,0.3215128425383532,44.29486167874307,0.0009455641388582993,0.9999948774312402,2.065634215993365,0.8816918022733083,0.20632283497845272,27.012657593859114,44.29486167874307
KKI_0050819,5_offdiag_only,6.236398016235522,0.9979264590695571,1.2415989663988802,0.9976500764083738,4.871123743210086,10.758504472466857,0.22018879540117461,0.912683178515214,1.7649979647421008,0.9949876910486325,3.005641384292819,6.362450763855257,10.758504472466857
KKI_0050820,1_raw_signed,3.7963976468782845,0.9047461185291235,1.634913196474358,0.9603720388382453,3.7826241789770623,9.158647212916602,0.12794702119945017,0.9104640421440495,3.470094558170926,0.9028507381115134,2.3456161664681594,5.268082936433003,9.158647212916602
KKI_0050820,2_abs,1.4885211409343346,0.9978499546632191,1.7338292492937202,0.9395114493449905,2.4776237329435222,11.45373567577596,0.0552307177633607,0.9951618932409015,2.2187826399932504,0.8973966138267692,1.588723431764042,6.613657347019071,11.45373567577596
KKI_0050820,3_pos_only,2.310624653277261,0.9958066730060322,1.6887479801568523,0.9496454796716777,3.0186493696905536,10.261273739975866,0.08485067255951347,0.9875160114883212,2.254887024439409,0.9180180829245924,1.923313944791729,5.888782605361972,10.261273739975866
KKI_0050820,4_all_ones,0.025290865582831265,0.9999964955524656,1.8972763362373821,0.9122276494486274,0.320458520618779,44.0788936036467,0.0009903502629583871,0.9999920072800693,2.0598151772078386,0.8290159109229819,0.21232820248924583,26.50375158148735,44.0788936036467
KKI_0050820,5_offdiag_only,3.7247975639104083,0.8865229080211096,1.5993695234689076,0.965675321920783,3.750732614330617,8.68499969305471,0.12408973180637534,0.9000056344207967,3.5150298220949856,0.9044502063713737,2.3115758714487153,4.990092612298768,8.68499969305471
KKI_0050821,1_raw_signed,2.872342567272811,0.9529336440497266,1.4478363249477246,0.9925061379555423,3.37879611389911,7.198172766315265,0.09842280974160217,0.9257685737984718,2.6767086116923866,0.9770598244900063,2.065583176023773,4.099704795840798,7.198172766315265
KKI_0050821,2_abs,1.2267239548444826,0.9995667289361057,1.5468093975206725,0.9876998190303127,2.2355085798456553,10.364202407247737,0.044436469394891306,0.9981827920853475,1.7256072090148238,0.9834723378448201,1.394360342934501,5.964904128196317,10.364202407247737
KKI_0050821,3_pos_only,1.6990823549303748,0.9992388960014995,1.508133853400261,0.9898079063871833,2.6411725634182788,8.763666496573874,0.06121124157939666,0.9947945407756232,1.7894582108266937,0.9863185032079825,1.6420945891138177,4.997290360869316,8.763666496573874
KKI_0050821,4_all_ones,0.028452789038809045,0.9999972834540006,1.902953350817158,0.9402026549508377,0.3326895410732634,44.146330144724274,0.0010857240428889105,0.9999938335589373,2.08888790011633,0.8806598227952106,0.21769108097833595,26.619259960321305,44.146330144724274
KKI_0050821,5_offdiag_only,2.7339580756823083,0.9123152826125028,1.3856853747126665,0.9947784061911338,3.2813859025586343,6.721664835831842,0.09230452652914786,0.9119463776400212,2.7113361496813093,0.973393755482073,1.9938330866809146,3.8265482492706724,6.721664835831842
KKI_0050822,1_raw_signed,7.180700609261762,0.9105083871601338,1.345984243176924,0.9953614964923239,5.165191942373685,12.564595375553305,0.24026192473352098,0.9466217245832163,2.4668298681160716,0.961621418842429,3.1500880933926894,7.346585504383307,12.564595375553305
KKI_0050822,2_abs,4.6027203935102925,0.9991518709567299,1.3666546810635891,0.9945580547463068,4.317137541544397,13.384199524611372,0.16504206010954253,0.9968086941700806,1.6043646522277937,0.9897811897260106,2.6811775387591337,7.7996640243970585,13.384199524611372
KKI_0050822,3_pos_only,5.701748927599496,0.9988111232700165,1.356309181509988,0.9949833582425379,4.726803070635275,12.915914821901252,0.20374354411316056,0.978056090321133,1.7446530694646794,0.9900932272435241,2.932443297224357,7.524353283859356,12.915914821901252
KKI_0050822,4_all_ones,0.02826250660426044,0.9999968483011205,1.8349605287352357,0.9390831298919542,0.329889071307548,40.51709232355211,0.0010699352919614769,0.9999927257245123,2.0132090376474703,0.8755332160895106,0.21338093380090986,24.332653889384176,40.51709232355211
KKI_0050822,5_offdiag_only,6.943185913881268,0.9104705514290464,1.3114419719027421,0.9965050265464179,5.068768401003846,12.122912641484342,0.23161163108703595,0.945225372863673,2.421100761972449,0.9611013281614507,3.0849504353495893,7.080159268586673,12.122912641484342
KKI_0050823,1_raw_signed,4.8262837612631015,0.9550009578199657,1.2620512392577794,0.9975598385015164,4.239831439443971,11.193635163015673,0.16376479532312993,0.9650856903830555,2.297919961631386,0.9558358290499546,2.5980028540592524,6.595370351127985,11.193635163015673
KKI_0050823,2_abs,2.825202698584477,0.9995938092196419,1.3033040103509785,0.9962555854127235,3.371670053054591,12.089860615214373,0.10213151126827198,0.9976182397850102,1.5760680973326333,0.9935362283645268,2.100480155974709,7.105146272370369,12.089860615214373
KKI_0050823,3_pos_only,3.6499875659153447,0.9995434313913014,1.280350320593893,0.9970360255262792,3.7791529996980655,11.59606615355572,0.1310864108431969,0.9836781681391482,1.6448010197924685,0.9945064598215904,2.3476174615179253,6.813123170504616,11.59606615355572
KKI_0050823,4_all_ones,0.030027113104754533,0.999996192698386,1.835058805707452,0.9390218957509295,0.34369724184864553,38.03189296567893,0.0011208994464364502,0.9999933809033815,2.0667776324323675,0.9032568040967366,0.2198096807933578,23.096134363341175,38.03189296567893
KKI_0050823,5_offdiag_only,4.733786343876761,0.9551499055236038,1.2147096264486659,0.9985342400004997,4.192353073596145,10.780438850960918,0.16032778771850703,0.96277154997456,2.239395946997019,0.9513462446491705,2.563535305617348,6.346177217279007,10.780438850960918
KKI_0050824,1_raw_signed,7.972626970678069,0.9545404035168175,1.237680266890891,0.9982795565744348,5.217815377729692,14.916640251128275,0.2720210773725338,0.9563037290379834,1.9760559449436825,0.9760219040770005,3.196323936726514,8.847694919609182,14.916640251128275
KKI_0050824,2_abs,4.2756128413235155,0.9997822587132043,1.30515269745235,0.9967520167652039,4.052150006990982,16.019523821572154,0.15423030712548214,0.998815053062371,1.3815803838729768,0.9951561879212791,2.518327134758261,9.487874939426952,16.019523821572154
KKI_0050824,3_pos_only,5.842144004254172,0.9997360896622898,1.2669074300729555,0.9976963375400617,4.617900410981154,15.42450798782035,0.2101284766381482,0.993332283798321,1.4201738018330683,0.9963514652123003,2.8664832398882623,9.127641345169172,15.42450798782035
KKI_0050824,4_all_ones,0.02758343273108771,0.999998275197915,1.759276787426807,0.9603280697495447,0.3282047327719228,48.308492146770305,0.0010300627733680328,0.9999969668825274,1.8846461871388924,0.9358808810689172,0.2098897250045068,29.405400469673957,48.308492146770305
KKI_0050824,5_offdiag_only,7.836258265837361,0.9542039817346032,1.198303775342812,0.9989400134249576,5.192287154683755,14.393818841156795,0.26640963699368664,0.9509424530136558,1.9581043211909757,0.9721944711085844,3.1750622613349004,8.53094161468128,14.393818841156795
KKI_0050825,1_raw_signed,2.8624887527566525,0.8354773438735054,1.577956569135547,0.971242563092522,3.4045888992284357,5.989042684206251,0.09460344356422565,0.8330479875478541,3.8982722263138196,0.9291257993761094,2.0708716222201184,3.4750656767074517,5.989042684206251
KKI_0050825,2_abs,1.085770182205411,0.9965618879432826,1.698492804408887,0.9465771888813157,2.154958839072987,7.745179070673014,0.04024177566883796,0.9917976068686818,2.2400820120872234,0.9184642625272973,1.369055297350378,4.409416344210728,7.745179070673014
KKI_0050825,3_pos_only,1.7947299512026003,0.994472286461345,1.6295754727412712,0.9621036952515069,2.7431608996332932,6.833210210895973,0.06546544804037475,0.9707369309069906,2.4441085720264537,0.938294098461081,1.7297943929251827,3.8769318649615525,6.833210210895973
KKI_0050825,4_all_ones,0.019167561348015383,0.999992312158766,1.9677372783258216,0.8690790398547483,0.2735154793722745,32.22707512567171,0.0007370693853768136,0.9999876695526115,2.060685668354168,0.8149296415524766,0.17687141147194144,19.43785855382758,32.22707512567171
KKI_0050825,5_offdiag_only,2.7866840067762317,0.7575154313544519,1.5283207900938474,0.9774024144558786,3.353626940368219,5.652265409976736,0.09042946892623023,0.8197309699203051,3.9415757803665823,0.932037495770185,2.022038399874095,3.286876505871157,5.652265409976736
Leuven_1_0050682,1_raw_signed,20.241814354454775,0.9851784894170627,1.2580660216265207,0.9970100747169974,8.07951825636302,25.993620343703217,0.7148219429843806,0.9705345235821341,1.5912228962351345,0.9945873648082164,4.982872606270441,15.529277764638701,25.993620343703217
Leuven_1_0050682,2_abs,15.788684639377747,0.9994933224832332,1.2524328584683766,0.9975230205455273,7.490363924487301,26.79391270030107,0.5611475641391954,0.9981478485079502,1.3574797303250072,0.9961581744407447,4.623892978625977,16.002230978924878,26.79391270030107
Leuven_1_0050682,3_pos_only,17.751200021329254,0.9989738981192324,1.2532928099182046,0.9973165749501959,7.768598625001821,26.38901028053745,0.6305337851588664,0.9959747810128505,1.4029090058507763,0.9957754725556061,4.796521909352121,15.754490239618942,26.38901028053745
Leuven_1_0050682,4_all_ones,0.02861650280653461,0.999997737706252,1.8906848379293963,0.9303402243385964,0.33692425547600974,51.769200068008914,0.0010562639346966066,0.9999964436774508,2.005582763072894,0.8990915117728552,0.21397281355122197,31.32058882329956,51.769200068008914
Leuven_1_0050682,5_offdiag_only,19.88071297667672,0.9709993093844331,1.2333930879029602,0.997514384785232,7.954737144597277,25.42899998176097,0.6980778850018443,0.9652688373463796,1.5585373609615056,0.9953737139711745,4.894228086395791,15.187226407129128,25.42899998176097
Leuven_1_0050683,1_raw_signed,11.961400545668758,0.9936000797492484,1.2348614745951043,0.9974823986494367,6.146277881059763,21.00696273623125,0.4298344786324804,0.9560591625569678,1.554162614822163,0.9953062222475872,3.8267659376614303,12.693147631816922,21.00696273623125
Leuven_1_0050683,2_abs,9.511606137398257,0.999772408265754,1.2581529003087544,0.9967504529653796,5.715381814954518,21.462693784924067,0.34449747710907513,0.9974108717404059,1.4246115828033337,0.9944633294624535,3.5672727861414604,12.948010971319073,21.462693784924067
Leuven_1_0050683,3_pos_only,10.622851757869071,0.9997564783078184,1.2452664420681607,0.9971726184442731,5.927832837103148,21.233534242754814,0.3838755963680332,0.9930738610048857,1.4386136739629218,0.9951121022468951,3.696828368321755,12.811818045696002,21.233534242754814
Leuven_1_0050683,4_all_ones,0.021512397119135565,0.9999977377709451,1.8388246300587254,0.9377756010885572,0.29536076788441634,42.79743827673265,0.000808749078341487,0.9999960470052394,1.9666566709836348,0.8988186462488704,0.18954681548770944,26.195942392029274,42.79743827673265
Leuven_1_0050683,5_offdiag_only,11.670688743950251,0.9874499771526485,1.2057632864925045,0.9981092656752086,6.048375080021243,20.537797849869676,0.416364735643944,0.9461296641796552,1.5604504554507799,0.9962235419599447,3.754529699105728,12.408945361187973,20.537797849869676
Leuven_1_0050685,1_raw_signed,2.5812966666516783,0.9999279565233548,1.2612350457379415,0.996754546655829,3.1528672108146076,21.3208924400911,0.09296024696134414,0.9997204068564947,1.3939740091804282,0.9936448271434721,1.9606207730983785,12.788611663627982,21.3208924400911
Leuven_1_0050685,2_abs,2.5132275644144015,0.9999261753210709,1.264525362667902,0.9966569372948149,3.1219123067946257,21.339358389019168,0.09049496115867975,0.9997239340864355,1.4006002348039455,0.9934662549438122,1.941262264500068,12.800181595881513,21.339358389019168
Leuven_1_0050685,3_pos_only,2.5467017937956,0.9999271069901818,1.2628001986522812,0.996708442930118,3.137314172368315,21.330124906903325,0.09170690864985998,0.9997223982260658,1.397166039692456,0.993560683506809,1.9508872039261753,12.794395732443725,21.330124906903325
Leuven_1_0050685,4_all_ones,0.014994251325138987,0.9999975709054993,1.8620200415905803,0.9251101557833489,0.23428888662748146,38.11212305052066,0.0005941208902241328,0.9999945697645837,2.01972944595261,0.8561114262448846,0.15693351484550716,23.185121827687944,38.11212305052066
Leuven_1_0050685,5_offdiag_only,2.604998728211261,0.9999569476322283,1.2049454298019073,0.9981131789720604,3.165217179305161,20.901796397289957,0.09372987742864326,0.9997715526979027,1.3072688396905796,0.9962923229498962,1.9648479193526451,12.53022161577759,20.901796397289957
Leuven_1_0050686,1_raw_signed,13.871368100678687,0.9999661729809751,1.1690759888430498,0.9994011194094407,7.282107850936613,30.19258839976575,0.47837528721218747,0.9996706271225236,1.229656119341533,0.9986543147351283,4.420884086140401,17.906239149763834,30.19258839976575
Leuven_1_0050686,2_abs,13.268549821048433,0.9999645541178049,1.1751277781238465,0.999345834093158,7.144351678566631,30.32217911992476,0.45762978111619235,0.9997027239599282,1.2384784381091762,0.9985078673288806,4.337673426251393,17.984838354214464,30.32217911992476
Leuven_1_0050686,3_pos_only,13.563907467130848,0.9999654866682262,1.1719719260192147,0.999374997231271,7.212753767711162,30.257382524181303,0.467791088829287,0.9996882676001088,1.2338674852539004,0.9985856634468887,4.378948384050642,17.945534001959455,30.257382524181303
Leuven_1_0050686,4_all_ones,0.03075337479356308,0.9999989400357713,1.8700242975136696,0.9478937137716422,0.34764956774112854,67.99713709139279,0.0011407610114041236,0.9999974955976155,2.0708154129844827,0.8883044905290945,0.2238569953588054,40.85603504409153,67.99713709139279
Leuven_1_0050686,5_offdiag_only,13.788745463963883,0.999982052253929,1.1270450562365508,0.9997206516323024,7.256148648147703,29.445140723497165,0.47550255175316813,0.999671213580893,1.1772520185289013,0.9993848179197533,4.402804952944009,17.452790139567917,29.445140723497165
Leuven_1_0050687,1_raw_signed,2.7031201608741813,0.9985409312490143,1.5132786794783188,0.9794352769038693,3.2907784985546717,13.204948961398209,0.09603631273584443,0.996094605401791,1.7586501440993745,0.9650092902799631,2.042049316973025,7.668179221836423,13.204948961398209
Leuven_1_0050687,2_abs,1.5639285987839353,0.9992303301852998,1.5858652379786038,0.9709960641011292,2.49096205496642,13.97333479506361,0.055782878674605074,0.9979869304003381,1.7493264839941665,0.9507116957832445,1.5553205243026305,8.136673082410777,13.97333479506361
Leuven_1_0050687,3_pos_only,1.9917898340466824,0.9990540722970763,1.5478861869948837,0.9755879905303204,2.8462461232421616,13.588598971422153,0.07083481601593719,0.997475735967053,1.7034069206905083,0.9585783444227622,1.7700308798488735,7.901595158526107,13.588598971422153
Leuven_1_0050687,4_all_ones,0.015165003671250852,0.9999968728575875,1.8435577860772663,0.9373180909750388,0.24360059273183862,33.78673532593362,0.0005693494575797579,0.9999944865161478,2.1072162839555935,0.9035216609167115,0.15539785850388618,20.238324039266374,33.78673532593362
Leuven_1_0050687,5_offdiag_only,2.73991412482253,0.9986005370955153,1.4705734828711166,0.983049635427038,3.31045279168994,12.832876856545807,0.09717985478811883,0.9960370945409429,1.7102904943777935,0.9711004802872372,2.050522575981532,7.441677572098623,12.832876856545807
Leuven_1_0050688,1_raw_signed,4.208032191965618,0.9549238736275211,1.2494251998321555,0.997348358565519,3.871788786181121,11.993263506299218,0.14801317809731687,0.967047276798958,1.9085336194660576,0.9911121963415286,2.394347032522925,7.148471922052456,11.993263506299218
Leuven_1_0050688,2_abs,2.506415064063185,0.9997061598121619,1.3202912450264828,0.9951123770502901,3.160813525847341,12.933071079103463,0.09094879059070707,0.99818326758179,1.5622201087910346,0.9909091268674155,1.9719413280972495,7.700814606227114,12.933071079103463
Leuven_1_0050688,3_pos_only,3.188584067885602,0.9996373176024684,1.282953263863096,0.9963879764504104,3.481613246017715,12.452087797023468,0.11569163646098175,0.9949797554047932,1.570159606989875,0.9932244471932093,2.171216413863123,7.410909742099137,12.452087797023468
Leuven_1_0050688,4_all_ones,0.019368264756485648,0.9999972331868976,1.8538960889083633,0.9349740626028759,0.2822907688548906,37.11755821120657,0.0007387201454738602,0.9999951562298878,1.9766961029427457,0.8964443607057903,0.1823917522611299,22.74628902766633,37.11755821120657
Leuven_1_0050688,5_offdiag_only,4.18858278536155,0.9550010159211724,1.1998901254552476,0.9984222730790521,3.856209948120194,11.5907998469933,0.14651248815326723,0.959492207746087,1.8794867612672737,0.9912566230216744,2.3794153095917716,6.904350804246151,11.5907998469933
Leuven_1_0050689,1_raw_signed,2.2546460563800905,0.9989763157891463,1.4614823468090468,0.9865331191923401,3.038706950337306,10.355049968761305,0.08205323929673142,0.9948158309082499,1.9495037141589415,0.9763735822323864,1.9070847044266495,6.0967551818660315,10.355049968761305
Leuven_1_0050689,2_abs,1.404402280818573,0.9992731420545169,1.532965313385486,0.9794417988948844,2.4069910737015654,11.151550932041271,0.05148346280518146,0.9975200108547174,1.9778436523538716,0.9641864938945611,1.5198682141774755,6.582821385030812,11.151550932041271
Leuven_1_0050689,3_pos_only,1.7642186020327368,0.9991697557392403,1.4950867706949307,0.9834971665552388,2.697008015395577,10.753187704545889,0.06439530649630242,0.9966733844339513,1.9639457041507171,0.9710841542299297,1.6972041136249665,6.338921899759901,10.753187704545889
Leuven_1_0050689,4_all_ones,0.020978904854034808,0.9999967811385999,1.8097202344461294,0.933103685771668,0.27789485699567945,36.16668125484513,0.0008019612395693705,0.999994377731985,1.923535421128512,0.8942523718129191,0.17973795388137878,22.12061779355218,36.16668125484513
Leuven_1_0050689,5_offdiag_only,2.260349355794116,0.9991797340079498,1.4065830995433866,0.9904471751554834,3.0301642277236738,9.956457964822617,0.08188864178013014,0.9939723340536432,1.8591488501265856,0.9828751756395939,1.8951393713125442,5.852258371642608,9.956457964822617
Leuven_1_0050690,1_raw_signed,13.071835296527281,0.9997166120537511,1.1955082413496072,0.9987720577903778,6.736465942067455,27.142576836537202,0.456408796209405,0.9969577827958281,1.331191389774074,0.997134975323118,4.121020390199617,16.162018648862826,27.142576836537202
Leuven_1_0050690,2_abs,12.166598899189191,0.9998993512245403,1.1965715951407305,0.9987707338546091,6.598524335528121,27.304231072928182,0.42460921989741635,0.9991360268946683,1.2976423084564115,0.9971665948533406,4.035655526981001,16.259454219027166,27.304231072928182
Leuven_1_0050690,3_pos_only,12.5979253638808,0.9998613306673829,1.196051237576487,0.9987710379715147,6.666948489828725,27.22334362752726,0.43983240842112775,0.9986961093709036,1.3074451283880142,0.997163921087733,4.078178923138677,16.210205504150004,27.22334362752726
Leuven_1_0050690,4_all_ones,0.028367515799812754,0.9999983402351603,1.8170168153944037,0.9436019301073234,0.3292323760341089,53.97610852082379,0.0010603299051096435,0.9999959945701955,2.0066675845249944,0.8763896188310588,0.21356310073363477,32.54741393562443,53.97610852082379
Leuven_1_0050690,5_offdiag_only,12.656391200896948,0.9997011265807366,1.1616439084381869,0.9992312426743015,6.5767188192838075,26.549066218983626,0.4417522257313074,0.9954999212951587,1.2886781667896332,0.9981901754936703,4.019394965919149,15.800662543016923,26.549066218983626
Leuven_1_0050691,1_raw_signed,6.946061551403116,0.9295406659795377,1.4756756352645006,0.9820664250757667,5.195758173172963,13.070581363592206,0.25378531820030414,0.9405262795000497,2.657846846804054,0.9642911282844632,3.291029599666942,7.800158203375447,13.070581363592206
Leuven_1_0050691,2_abs,3.266107933803554,0.9978691795382734,1.4704185086051773,0.9838977245782493,3.6909050232337806,14.587780682463666,0.12492928549599044,0.9961998000010104,1.8596479290426646,0.9757155827467974,2.370071797517542,8.686993994438334,14.587780682463666
Leuven_1_0050691,3_pos_only,4.683443849374365,0.9957408054123367,1.4711095426731544,0.9831999429399199,4.379273050854753,13.80419215327131,0.1781325576694671,0.9919977682295787,1.9663036139351708,0.973942283407443,2.8073498484283377,8.213751519928199,13.80419215327131
Leuven_1_0050691,4_all_ones,0.024964335879616217,0.9999966608091808,1.7911947357712374,0.9390830338278696,0.30972710797879377,42.40519462512247,0.0009782399649668687,0.9999943967603149,2.1187017002202575,0.9121272124833097,0.20258824219990731,25.91080610385271,42.40519462512247
Leuven_1_0050691,5_offdiag_only,6.699511155726728,0.9222502686667678,1.4636344825597305,0.9828173356972547,5.0900886945540575,12.611777001657241,0.24245442618403085,0.9380735759546536,2.706857717997764,0.9629293927515493,3.211445791693516,7.51957908397059,12.611777001657241
Leuven_1_0050692,1_raw_signed,8.253605702181884,0.9985780820049278,1.45330951767788,0.9850626315107042,5.7913659493710865,19.57078433315485,0.30604679085604214,0.996827116130895,1.8001312060419914,0.9758370447949969,3.664407035431459,11.879756477457954,19.57078433315485
Leuven_1_0050692,2_abs,6.196578349067362,0.9991386248457437,1.4787378805470874,0.9829533320762334,5.038608350721017,20.22658496609782,0.2308171524198258,0.9980350867621696,1.741528784771408,0.9719783350353283,3.199433916133171,12.284413665914672,20.22658496609782
Leuven_1_0050692,3_pos_only,7.118708430856567,0.9989498973959118,1.465635591098747,0.9840697822716935,5.399876598860423,19.898370293531563,0.2645780822534567,0.9976095292166611,1.7621418669600983,0.9740075731002084,3.422776192409391,12.081494365185627,19.898370293531563
Leuven_1_0050692,4_all_ones,0.02978966274281751,0.9999966913540476,1.9263818119112586,0.8926462819249392,0.3561693494757441,54.053449376302005,0.001155611496736373,0.9999944780065697,2.036960914496278,0.8346554407427225,0.2327071497649198,33.42265637797841,54.053449376302005
Leuven_1_0050692,5_offdiag_only,8.000022852013396,0.9987193412958081,1.4185519150252608,0.98761914027968,5.694672806325677,18.97511901813283,0.2955732540071171,0.9969405779651435,1.7486249075175426,0.9798150889719652,3.5937114091117035,11.507051464155792,18.97511901813283
Leuven_1_0050693,1_raw_signed,11.73144857884784,0.9995158999766215,1.3196967515554778,0.9945727603500628,6.602427892053874,29.0593099105526,0.4100149994573028,0.9985760080608477,1.496850375569647,0.9890276320620489,4.055707469682159,17.286777871166546,29.0593099105526
Leuven_1_0050693,2_abs,11.439743191659302,0.9995803222631441,1.3196502695507435,0.9945816667794308,6.545488017858147,29.10577339345271,0.3997071773347661,0.9987793294665998,1.4936559825737807,0.9890508965961556,4.019957095250051,17.31504962949166,29.10577339345271
Leuven_1_0050693,3_pos_only,11.582632009461975,0.999552821635457,1.3196585450356817,0.9945776815721087,6.573849457733629,29.08252713832489,0.40475969767415926,0.9986924421926318,1.4938729079839623,0.9890398425195343,4.037772909206209,17.300882654610025,29.08252713832489
Leuven_1_0050693,4_all_ones,0.02358896061176127,0.9999976813859286,1.9117155714430447,0.9142819464793991,0.30515325268250765,53.56983572545486,0.0009028727771323564,0.9999944017542461,2.095679980725084,0.8158182993983355,0.20083383180859668,32.26636412564843,53.56983572545486
Leuven_1_0050693,5_offdiag_only,11.26462442612821,0.9995797731609228,1.2881303308267236,0.9957342833631997,6.448113973142153,28.46969191298352,0.39363477832193006,0.9986786660607444,1.452242709904582,0.9912931685449597,3.9570519921712934,16.929150570160306,28.46969191298352
Leuven_1_0050694,1_raw_signed,9.53414297123669,0.9990572279600465,1.286073595599428,0.9966184591877804,6.188949463668635,14.504418341909432,0.3396800973261246,0.9862065520968555,1.569091789974816,0.9933002569214686,3.82835093232824,8.52678089184595,14.504418341909432
Leuven_1_0050694,2_abs,6.979898933758022,0.9995689377102961,1.3121536321619294,0.995550023752739,5.3199129767878395,15.738150641359354,0.24948620922852055,0.9970836218825679,1.489425605068398,0.9915206159920019,3.297854752466403,9.275248049527614,15.738150641359354
Leuven_1_0050694,3_pos_only,8.093284968064344,0.9994457365861104,1.2980343575581388,0.9961503077919822,5.71920627914394,15.121097228439062,0.288857072937592,0.9947846367433442,1.5167499089004624,0.9925780978318265,3.5414144663258487,8.898700974630447,15.121097228439062
Leuven_1_0050694,4_all_ones,0.026063913558255176,0.9999966365055553,1.8820062072366828,0.921889456176907,0.32608651659084986,46.705068903364435,0.0010600539448457139,0.9999924812727277,2.02504426638989,0.86099099049943,0.2176882390155373,28.30994247351703,46.705068903364435
Leuven_1_0050694,5_offdiag_only,9.23908420032464,0.999151805480855,1.2486007909920145,0.9976307998112186,6.083665859991495,13.990179852091034,0.32893687072969136,0.9821135784472571,1.5333910548797682,0.9950828255097475,3.759590616054769,8.215701108732599,13.990179852091034
Leuven_1_0050695,1_raw_signed,5.325478100661926,0.9981964474709639,1.370784108125247,0.9918314161696684,4.526911740435675,14.24526715170029,0.20029793287070088,0.9910539759394542,1.7430801267743943,0.9852030540484406,2.883254703039038,8.591532978445322,14.24526715170029
Leuven_1_0050695,2_abs,3.049415687697404,0.9993954666898102,1.3977755036915003,0.9902531118133012,3.475817792431512,15.254204393385766,0.11642665601156779,0.9981682329991343,1.6211607761034281,0.9826807220245208,2.2324869089279473,9.202585237604849,15.254204393385766
Leuven_1_0050695,3_pos_only,4.050506700113563,0.9991262088531495,1.3828782729425901,0.9911285068889639,3.9845871554961576,14.749336019811901,0.15355359040568714,0.996787252710691,1.6486019959076097,0.9841338164088933,2.548692196637046,8.895125022159032,14.749336019811901
Leuven_1_0050695,4_all_ones,0.015530951458699099,0.999997392706783,1.975789812927032,0.8764131153939518,0.25670587022070135,47.266452993118904,0.000627601273994694,0.999995505840818,2.0744425076259865,0.8162418789549549,0.16977825023543622,29.156114617862094,47.266452993118904
Leuven_1_0050695,5_offdiag_only,5.356470428173971,0.9980736025849143,1.3303615992488087,0.993819965638951,4.540582734466306,13.724667669189898,0.20030830608492964,0.9863679401608081,1.6977466021673555,0.9885525363098074,2.880970331997791,8.270747069617304,13.724667669189898
Leuven_1_0050696,1_raw_signed,4.962818908088945,0.9964472332181789,1.439939240186249,0.9863510901470536,4.3110719327238884,14.450751811195095,0.17897616058845814,0.9878797695489746,2.008957438341692,0.9767498903201541,2.6949145426365027,8.53649961963608,14.450751811195095
Leuven_1_0050696,2_abs,2.571122399995303,0.9993706620441729,1.4912727702674704,0.9825152880525055,3.166066260760646,15.504292546648337,0.09351569340900463,0.9982744145990318,1.8344307566346931,0.971056518721803,1.9915160838907646,9.170214239914575,15.504292546648337
Leuven_1_0050696,3_pos_only,3.5408828791444953,0.9990406532417633,1.4658369889647112,0.9844342347767328,3.7098177744254777,14.976186101916586,0.12818926493165703,0.9970466599977071,1.841647140551509,0.9739928438407897,2.3257799179104492,8.850396598319298,14.976186101916586
Leuven_1_0050696,4_all_ones,0.019715645681605,0.999998402603237,1.7578369358970751,0.9524589923828808,0.26788960031404535,42.906441161871825,0.0007431666047192729,0.9999971294073267,1.87600646332101,0.9237516022968205,0.1716881093498369,26.039317816250716,42.906441161871825
Leuven_1_0050696,5_offdiag_only,4.875605786702044,0.9958465942126747,1.414803961939717,0.9878917500443246,4.278735055709254,13.978725532073783,0.1750811360059295,0.9855663190079015,1.9778385199916668,0.9791161594169661,2.66773014917356,8.248331640734834,13.978725532073783
Leuven_1_0050697,1_raw_signed,11.69246209314545,0.9995365766020888,1.3233840684822142,0.9948600225370606,6.651683256386709,23.45265547907892,0.4193852165089287,0.9966271277403167,1.5094784229880673,0.9898632034551285,4.136950662914212,14.044025684220792,23.45265547907892
Leuven_1_0050697,2_abs,9.956145738188555,0.9996401061819414,1.3422904337700567,0.9940348439374412,6.284841245046412,23.850280649051122,0.3572704413245776,0.998834208210634,1.495987958791805,0.9881147521739676,3.9110684077782887,14.286126951130163,23.850280649051122
Leuven_1_0050697,3_pos_only,10.758402314987086,0.9996304732092208,1.3323957590690654,0.994478672856224,6.46498244227355,23.651371927825682,0.3860455977355385,0.9984339745561435,1.4819847286300805,0.9890658400638825,4.022212804508368,14.164362657327292,23.651371927825682
Leuven_1_0050697,4_all_ones,0.04097023852816322,0.9999976682622985,1.8341003948803412,0.9385737985325145,0.41364315216115605,57.32357502648563,0.0015390912073247154,0.9999948242657639,2.013301498592265,0.8749712267274826,0.2677668116278198,34.85979095266736,57.32357502648563
Leuven_1_0050697,5_offdiag_only,11.365226313639829,0.9995291261035012,1.2859495404051102,0.9961819612221575,6.513213013919651,22.821846771468284,0.4070277229116553,0.994904788009716,1.4767257650734198,0.9923631760737708,4.043814916243495,13.658417764217274,22.821846771468284
Leuven_1_0050698,1_raw_signed,4.331517377639539,0.9995463564374347,1.3703956233039305,0.9939031800457435,4.179854789306904,15.26103464637012,0.15509788446200434,0.9983188767992893,1.4557217584431534,0.9904050045200575,2.591235317483377,8.993589036909636,15.26103464637012
Leuven_1_0050698,2_abs,2.5325216496925766,0.9996670986415963,1.4374761617750271,0.9900203937573218,3.178277890240856,16.574769987257053,0.09083754032076699,0.9991901205159159,1.5444376725251685,0.9846325868228072,1.974868248952535,9.799765703444276,16.574769987257053
Leuven_1_0050698,3_pos_only,3.2429144666113783,0.9996299954996096,1.403991038022745,0.992135356398559,3.606242327851567,15.9177998201437,0.11620503177536388,0.9989337511799226,1.4994511448307097,0.9877595527857291,2.2382986169053125,9.39624701078802,15.9177998201437
Leuven_1_0050698,4_all_ones,0.025914918426662617,0.9999978205936703,1.9112001018359956,0.9217475798162749,0.32710334502912414,53.04214213434091,0.0009668820908042657,0.999996591207368,2.0228636102318864,0.886884657248171,0.20846555022188049,32.27371919582871,53.04214213434091
Leuven_1_0050698,5_offdiag_only,4.351815448710105,0.9996311763851516,1.3236388793688074,0.9956569115929701,4.180218493384675,14.677433664858524,0.15567143530144606,0.998187144771807,1.3982346439428968,0.9931263142924175,2.588553434589287,8.635664726277113,14.677433664858524
Leuven_1_0050699,1_raw_signed,4.581823041315558,0.999875225063582,1.208470741766849,0.9987014752974162,3.9394316540846024,17.690488935497054,0.16182154826762354,0.998289393312175,1.2890309164440974,0.9979029722305479,2.4212087948126437,10.448959267942058,17.690488935497054
Leuven_1_0050699,2_abs,3.6461049738475335,0.999924217777891,1.2193444898618353,0.9985052424057989,3.6161562237930314,18.09392820569273,0.1288049210282305,0.9992725912192518,1.273225977903225,0.9975849508016954,2.222554970147626,10.694937225360555,18.09392820569273
Leuven_1_0050699,3_pos_only,4.075513918848389,0.9999073075664772,1.2131858229973689,0.9986197732396027,3.7685630115270836,17.89218974387392,0.14397493303347242,0.998954387930343,1.2763277474597976,0.9977771186141573,2.3163011724286675,10.571716392459347,17.89218974387392
Leuven_1_0050699,4_all_ones,0.017414998671502185,0.9999986800661878,1.7676563509454826,0.9561416045176014,0.24589972833630128,41.91052585564254,0.0006387160100039342,0.9999976304779586,1.921369224564531,0.9275067752405859,0.1563248925283105,25.322087039615717,41.91052585564254
Leuven_1_0050699,5_offdiag_only,4.782142134501833,0.9999225490014927,1.1640895174314028,0.999297302723537,3.997307215841962,17.229657751867904,0.16888838686960242,0.9976628102789376,1.2482238858104389,0.998848562258214,2.4559267246193914,10.167411949656856,17.229657751867904
Leuven_1_0050700,1_raw_signed,3.5774785720486744,0.8538541081376791,1.2997599256959573,0.9958295112423085,3.77396921685163,6.67206516987966,0.11846318448518127,0.8763149449867301,2.877207189595118,0.9676589464287384,2.2747014639111796,3.852654490259205,6.67206516987966
Leuven_1_0050700,2_abs,1.4995151225605243,0.9994413054614273,1.3818516999263293,0.9926679477442336,2.4698987217820116,9.974234280413791,0.05353739017915866,0.997860474423232,1.4934882339279876,0.988781699277449,1.528980710514988,5.754983400880328,9.974234280413791
Leuven_1_0050700,3_pos_only,2.1333779035243374,0.9984790706862412,1.3295246253105524,0.9949375405459839,2.942325585165297,8.279251521794958,0.07607789504838999,0.9921313728006598,1.6677169579232594,0.9915777973190892,1.8188636510143112,4.735523983856371,8.279251521794958
Leuven_1_0050700,4_all_ones,0.02593194133921445,0.9999971649669999,1.8131453347200686,0.9407644822062525,0.3212956260316316,40.28525561024962,0.0009496917535907656,0.9999953260281004,1.9276497978032392,0.9097428008239554,0.20263600056716552,24.368161916570106,40.28525561024962
Leuven_1_0050700,5_offdiag_only,3.5884497230204704,0.830888159062124,1.2548762906418667,0.9971390828354414,3.7666965453391636,6.272655129167728,0.11658940828093783,0.8534833722358447,2.929993396826816,0.9498330994466413,2.2554607583694755,3.638277853064611,6.272655129167728
Leuven_1_0050701,1_raw_signed,14.921598916577741,0.9993025345451203,1.255293044727662,0.9967019960513005,7.343286440085068,25.61875555442984,0.5275955660127963,0.993846437960955,1.4580613950447872,0.9929480936347257,4.525604267805967,15.312539556719734,25.61875555442984
Leuven_1_0050701,2_abs,11.684932880745096,0.9996338429906272,1.2664618238028615,0.9963433422724086,6.661211986364349,26.188655931329833,0.4127042982690876,0.9985954850262476,1.417475128081227,0.9920671769729814,4.104642501486617,15.661997761109745,26.188655931329833
Leuven_1_0050701,3_pos_only,13.182320220886254,0.999611573922325,1.2598446617913495,0.9965604742470777,6.996665187929704,25.903550311576172,0.46577618224117734,0.9981308405949944,1.4302471153848262,0.9925907945802943,4.311349565363452,15.486313314521436,25.903550311576172
Leuven_1_0050701,4_all_ones,0.03188068259676096,0.9999967368915958,1.917788108308498,0.8883774463223846,0.3646704621895133,59.486825358455995,0.0012832338006745535,0.9999924078137495,2.072331407356489,0.7746816058934946,0.24661734002616015,36.12880550640925,59.486825358455995
Leuven_1_0050701,5_offdiag_only,14.576757292621693,0.9995471098895102,1.2257773249035129,0.9975362116062297,7.214177742718406,24.963818527043976,0.5150621827723442,0.9918515546384564,1.4111459752677946,0.9946745455940044,4.441759304271174,14.911969345472663,24.963818527043976
Leuven_1_0050702,1_raw_signed,4.219312187202937,0.9990701030802517,1.3896165621487533,0.9909891738560749,4.170648677631784,12.69011822849949,0.15183083139067224,0.9963465340955642,1.6790557730941251,0.9872211528835205,2.5922403074212244,7.499444547936991,12.69011822849949
Leuven_1_0050702,2_abs,2.4812258825015014,0.9996560482998377,1.4201002835558754,0.9900358960064249,3.1657584401539474,14.294651726387535,0.08967448349141863,0.9987919462187496,1.6688421712077117,0.9861072037602266,1.9726217815315092,8.481919176746008,14.294651726387535
Leuven_1_0050702,3_pos_only,3.1399712501243697,0.9994682714927142,1.4063865288378472,0.99036276912316,3.584074962809936,13.492061623455015,0.11320142939429827,0.9980696795979687,1.6716857642404463,0.9864626354890126,2.230101364076558,7.989448117819973,13.492061623455015
Leuven_1_0050702,4_all_ones,0.029408839177469236,0.999998857464166,1.6384541506678947,0.9753816202922003,0.3355595597736754,45.52993860250184,0.0010782257694329051,0.9999980501060913,1.7520310086538389,0.9606542451004745,0.21141788589798177,27.84918042013018,45.52993860250184
Leuven_1_0050702,5_offdiag_only,4.0859372627688115,0.9990882142497328,1.3624159237612157,0.9920582041770033,4.106016580889047,12.189339386275474,0.14689516373283845,0.9959445709539406,1.6487736083213789,0.9886668454794065,2.5501412706272633,7.191670005147781,12.189339386275474
Leuven_1_0050703,1_raw_signed,3.24153291572464,0.9989975538755183,1.4202236981375995,0.9899417866045994,3.6022870624024126,12.691723113418757,0.11699236950830821,0.995326936106875,1.7352307146290993,0.9824134728774899,2.2478079348771733,7.454197750736445,12.691723113418757
Leuven_1_0050703,2_abs,2.07941480573059,0.9992649660031875,1.5073262042170286,0.9836552907358999,2.9424881141054398,13.626210984531083,0.0757290195705097,0.998194937789333,1.7368355446255557,0.9730445012177191,1.8451530056067227,8.021072787880076,13.626210984531083
Leuven_1_0050703,3_pos_only,2.577521572115935,0.9992120211035436,1.458513063179589,0.9874401875759712,3.2533173286394423,13.158768899767725,0.09344445116431155,0.997648208685893,1.692242148550439,0.9787454861868156,2.034616840266658,7.736586272284601,13.158768899767725
Leuven_1_0050703,4_all_ones,0.029502978683026804,0.9999936482792444,1.993363945298457,0.8649747165750095,0.3415377846434629,44.77945551132863,0.0011565672671464762,0.9999883985053437,2.108054473262132,0.7833562370349866,0.2239978876535483,27.223822928319102,44.77945551132863
Leuven_1_0050703,5_offdiag_only,3.2129669500158027,0.9992029795177609,1.3434050600714251,0.9940312056140984,3.5563709627914535,12.198011740528463,0.11548076651737513,0.9920710584677097,1.6574874366488273,0.9890525594924418,2.212108886782858,7.152958995099649,12.198011740528463
Leuven_1_0050704,1_raw_signed,4.078735976806844,0.9572340993363943,1.3235337666961378,0.9949408645817477,3.9288384741089915,12.598646302332387,0.14344538722555836,0.9748024328069624,1.6812599524385299,0.9908176036943607,2.426185834061751,7.409595899926371,12.598646302332387
Leuven_1_0050704,2_abs,3.0407927603900755,0.9995697897917385,1.362104890089036,0.9933442730437732,3.4449330347678258,13.059345165959849,0.10935955273031234,0.9968753725504989,1.4874634374563669,0.990163912609784,2.140479594362945,7.679834515338062,13.059345165959849
Leuven_1_0050704,3_pos_only,3.512568668461371,0.9994635712246238,1.3413776653531018,0.994224867076744,3.6743827818020707,12.824953223314273,0.12614136367192763,0.9900755199248057,1.533241766562137,0.9913555409941004,2.281225458308346,7.53852436823797,12.824953223314273
Leuven_1_0050704,4_all_ones,0.014486019079974178,0.9999974479908875,1.8586552284968654,0.9317759658389619,0.22989936792054178,34.28175959484198,0.0005393302531008624,0.9999957262945411,2.0980596438043895,0.8955343845550949,0.14735880351072445,20.784196437463944,34.28175959484198
Leuven_1_0050704,5_offdiag_only,4.005703760708016,0.9561127348456552,1.2866351378629526,0.9961827660778186,3.8905921358895386,12.224050971088008,0.14046384208213863,0.9741185470035987,1.6638769827908402,0.9922972897849216,2.3990560695283554,7.179867527312703,12.224050971088008
Leuven_1_0050705,1_raw_signed,12.20484324292068,0.9998773671747071,1.2057450356774928,0.9980924509838085,6.407928664154695,29.707776746049362,0.4376391421854942,0.9988643854629679,1.2888518453358853,0.9970086579195007,3.9702714106734853,17.930647050942426,29.707776746049362
Leuven_1_0050705,2_abs,11.711289016054868,0.9998851633656426,1.2089506375361865,0.9980165719576998,6.3427090929036005,29.76036466832352,0.42010307278896836,0.9994148120692036,1.2781659634731313,0.9969008040758112,3.9302260581022233,17.962473099667804,29.76036466832352
Leuven_1_0050705,3_pos_only,11.950688826744264,0.9998831821325063,1.2073664223307146,0.9980542329676638,6.375250299431865,29.734067252269863,0.4286398343323177,0.9992369561275145,1.2803667346009122,0.996957260024296,3.950268523502752,17.946471581305353,29.734067252269863
Leuven_1_0050705,4_all_ones,0.021277082590613377,0.9999987765572448,1.800012877914793,0.9419354129910285,0.29390975465024644,56.63057924881662,0.0007951682439182478,0.9999979278422056,1.9201038471482372,0.908604000868323,0.18783315272218026,34.5626460292574,56.63057924881662
Leuven_1_0050705,5_offdiag_only,11.9310636659484,0.9999085558011219,1.1748214073434349,0.9986682857649912,6.332502350319122,29.08503846305916,0.42760195056213496,0.9987206095349118,1.2539213378032434,0.9979044930773028,3.9207132054031377,17.546103553548885,29.08503846305916
Leuven_1_0050707,1_raw_signed,12.126459286962112,0.9543603944603061,1.3457219934562537,0.9935950846976567,6.386316576849921,22.419949559680322,0.4086900529974442,0.9736498412184649,2.134243541454566,0.973851664743674,3.9040942141299144,13.404627792128199,22.419949559680322
Leuven_1_0050707,2_abs,6.927485180618384,0.9995856369905861,1.3928851848901627,0.9911714667867418,5.198801456170204,23.310660952727943,0.24685382306187179,0.9989569141958232,1.5950663293248846,0.9844265691374599,3.2207138526968606,13.918780718523768,23.310660952727943
Leuven_1_0050707,3_pos_only,9.18056823575037,0.9993183726379427,1.3677583014162293,0.9925225047945145,5.781808366279902,22.820753687700233,0.3266309708958449,0.9969914208607011,1.6175635096095426,0.986918567562885,3.5786533136953396,13.621623442781193,22.820753687700233
Leuven_1_0050707,4_all_ones,0.027300211399742102,0.9999980948798062,1.9223922384836705,0.9189508236622042,0.33510371971800473,59.74387399680048,0.001023364794997888,0.9999964875469762,2.063186442817404,0.8621711673389165,0.2147851721516115,36.3087112471481,59.74387399680048
Leuven_1_0050707,5_offdiag_only,11.96995871082232,0.9543113752778274,1.3136142047077248,0.9949106449735783,6.328384166275679,21.769796632523107,0.40224960176125796,0.9730027110061162,2.119240360292607,0.9735654067160495,3.8620819478026704,13.006800839415705,21.769796632523107
Leuven_1_0050708,1_raw_signed,3.9823463769917935,0.9992090665788561,1.3987872122789757,0.9891770818724894,3.7779404990900307,14.185811518802181,0.14498450097374616,0.9953226170101437,1.676096687486552,0.9811862077576273,2.37509919395926,8.407777699015275,14.185811518802181
Leuven_1_0050708,2_abs,3.0059953075937202,0.999387442777603,1.4392939538877874,0.9858839340631014,3.400751685660066,14.555062071639183,0.10981773390884725,0.997785621753882,1.7034257383901668,0.9756021973334931,2.142009254750291,8.63341785370702,14.555062071639183
Leuven_1_0050708,3_pos_only,3.4559897177775363,0.9993401831327562,1.418033885031553,0.9876851482588062,3.586730417798466,14.370339135435895,0.1260302393557734,0.9970509853286389,1.6795626436727435,0.9786473789232774,2.256952698335378,8.52015850423381,14.370339135435895
Leuven_1_0050708,4_all_ones,0.021756454618475973,0.9999972992778757,1.816158383847706,0.9290646792018009,0.30138623787827384,41.7873185219242,0.0008292648241492373,0.9999951307214033,1.9351317240786752,0.884178782419471,0.19441067715578142,25.487960886979383,41.7873185219242
Leuven_1_0050708,5_offdiag_only,3.8448396783263408,0.9993027079068633,1.3584468607758984,0.9915686314938176,3.6936362628581656,13.725682726809481,0.13962384506778347,0.99502880666612,1.6241873468556174,0.9851444130750991,2.31690137914112,8.123868068214307,13.725682726809481
Leuven_1_0050709,1_raw_signed,3.9194412543507577,0.9999727210829754,1.1979918618982859,0.9986287262761627,3.661931126581979,26.413613221467717,0.1475607313044318,0.9998448571320576,1.2560774164505513,0.9976691449149423,2.3244669040327413,16.353591554968087,26.413613221467717
Leuven_1_0050709,2_abs,3.9049446179592464,0.9999727254799443,1.1982777746642272,0.9986239347579268,3.6573342231784847,26.416148657849654,0.14702338606488993,0.9998461349814237,1.2559864194636308,0.9976609172260268,2.3215988155798546,16.35516650490791,26.416148657849654
Leuven_1_0050709,3_pos_only,3.9121770496369574,0.9999727237471954,1.1981346008263252,0.9986263365166301,3.659627674333327,26.414880936138257,0.14729147389988223,0.9998455009414952,1.256027028918619,0.9976650412599871,2.323030448693628,16.354379013566756,26.414880936138257
Leuven_1_0050709,4_all_ones,0.015597290619311735,0.9999986297778714,1.8036463764472572,0.9433138656783214,0.2521748536041805,44.149354553882915,0.0006060543055173414,0.9999977412207635,2.071993585558021,0.9135419726574159,0.16347167119136818,27.550111437068832,44.149354553882915
Leuven_1_0050709,5_offdiag_only,3.7594421753107063,0.9999860566230391,1.1507806990198515,0.9992820152111297,3.5901451375056856,25.92829490344265,0.14127162792095727,0.9998637249231748,1.1983325926363446,0.9987854834454062,2.27485012157475,16.047111046722375,25.92829490344265
Leuven_1_0050710,1_raw_signed,21.37254054025163,0.9996071419601432,1.1880063774472616,0.9985498636706042,8.684122751007909,27.553864396941496,0.7635870207847943,0.9967766158059426,1.28022155259434,0.9975354832340937,5.368946160867879,16.598052349064385,27.553864396941496
Leuven_1_0050710,2_abs,18.82111998447603,0.9997974225076685,1.1868540795789915,0.9985914383169324,8.255731978841878,27.94959529840321,0.6729025731324676,0.9985344605814319,1.2507985766158922,0.9976082124115119,5.10463247439777,16.83862008429346,27.94959529840321
Leuven_1_0050710,3_pos_only,20.038588154397967,0.9997385016625544,1.1872087936012117,0.9985742310161133,8.466647859909523,27.75163970532835,0.7163084393683479,0.9979849643281797,1.2630220276513289,0.9975819265966973,5.235106490430259,16.717736626372293,27.75163970532835
Leuven_1_0050710,4_all_ones,0.02450526546542205,0.9999985486335272,1.8165223139032298,0.9374001456295554,0.32155029015740716,56.49541418550483,0.0009206191657971149,0.9999973851755549,1.9444590976117844,0.8957416356892488,0.20620589053153562,34.48290100181424,56.49541418550483
Leuven_1_0050710,5_offdiag_only,20.886928239565435,0.9996569336544572,1.167662315135756,0.9988616250003463,8.568607534999781,26.932500501589992,0.7462033047747497,0.9965574162812388,1.2556318733890401,0.9980682014062813,5.296272318915763,16.214612143445894,26.932500501589992
Leuven_1_0050711,1_raw_signed,9.282619847766968,0.9979278332890664,1.4196323128340373,0.9895297952195411,5.743048354611104,20.788174975320743,0.33910224090488544,0.9825342849535718,1.7737421319653828,0.983301075739153,3.610594891227865,12.50993656267731,20.788174975320743
Leuven_1_0050711,2_abs,7.165774529103686,0.9992218397774771,1.4498982932645434,0.987538576614495,5.185564211605799,21.283849113427713,0.26325245364047206,0.9979571405329656,1.7068891267519195,0.9804836868696356,3.2683131728122072,12.809501237610933,21.283849113427713
Leuven_1_0050711,3_pos_only,8.134839821140185,0.9990410757254772,1.4345542753345095,0.9885760538638158,5.456892885672173,21.035637952560474,0.29832326418038196,0.9963933511265801,1.723027480191219,0.9820378529711289,3.4359066170947026,12.657086614576365,21.035637952560474
Leuven_1_0050711,4_all_ones,0.02747848004498188,0.9999967119363977,1.9267628964574324,0.9030847158289469,0.3431309095682135,49.40489045900751,0.0010658241095388903,0.9999942606509461,2.04341273393373,0.8478224662727043,0.2235484668733492,30.24890272423453,49.40489045900751
Leuven_1_0050711,5_offdiag_only,8.927626220494675,0.9980670225307257,1.3896697713727708,0.9911716131333961,5.629201569758316,20.24406439873404,0.325086919478207,0.9810651503021237,1.7391511751831734,0.9858303144364254,3.531357681601482,12.173436075002028,20.24406439873404
Leuven_2_0050722,1_raw_signed,4.777329455048904,0.9983595798791323,1.5121786073915626,0.9827409942123796,4.339002460138264,15.105272822260488,0.1696514591316841,0.9946487869920835,1.9724212068788967,0.9668871643403169,2.6956476204551723,8.779529908083143,15.105272822260488
Leuven_2_0050722,2_abs,2.900663174179298,0.9991923633928504,1.575343425563309,0.9770057449212649,3.414618239830308,16.14457229417739,0.10297298886682656,0.9980333777132315,2.030146385471123,0.9590064204905732,2.1244196369143378,9.405455225284058,16.14457229417739
Leuven_2_0050722,3_pos_only,3.697344734367816,0.9989356449151005,1.5420729898928114,0.9801319317888915,3.843553030742051,15.624516462296278,0.13127477823460804,0.9970882935709708,1.9970253952106367,0.9631406134048983,2.390070921279395,9.091521905762521,15.624516462296278
Leuven_2_0050722,4_all_ones,0.03370796421995622,0.9999955418295311,1.990053032517817,0.8929111494083732,0.3792377411584507,49.47242344314804,0.0012159417806126833,0.9999935025172605,2.0979490569842407,0.8542600001925446,0.23802309278118455,29.67472021939628,49.47242344314804
Leuven_2_0050722,5_offdiag_only,4.798961785754656,0.9983864435152097,1.4574293601014934,0.9866718092235801,4.332188375661749,14.56019232698732,0.16972881763755335,0.9938179521538033,1.8921922640323976,0.9739405330743182,2.6825138036784892,8.449769687798659,14.56019232698732
Leuven_2_0050723,1_raw_signed,7.123142906349003,0.9996198913088215,1.3077440587553797,0.9949921451737616,5.1086213352671965,22.019955458894824,0.26512853475457926,0.998437695333214,1.4985647427970634,0.9911150532573605,3.2355796421861567,13.366158409422315,22.019955458894824
Leuven_2_0050723,2_abs,5.978768190655489,0.9996601467539911,1.3318985155922447,0.9939678640091427,4.7710409147159005,22.3172457422904,0.22352378280130256,0.9990196429477195,1.5100745005567784,0.9895723923576593,3.0282936902697037,13.547496601857018,22.3172457422904
Leuven_2_0050723,3_pos_only,6.516424140557757,0.999647912586011,1.319162557796066,0.9945205874039836,4.93749768048023,22.168581856838998,0.24311122103114696,0.9988620551438263,1.5060779840521494,0.9904114595058322,3.1306161910046897,13.456604453617928,22.168581856838998
Leuven_2_0050723,4_all_ones,0.02086019343167429,0.9999973009805095,1.9645233514715943,0.8970082860132295,0.29974551685794976,49.14382581055416,0.0008128257059815677,0.999995413485054,2.081272056192139,0.8408772859922283,0.1966167105860303,30.256612066115398,49.14382581055416
Leuven_2_0050723,5_offdiag_only,7.008028434080127,0.9997200825158813,1.2638457517588713,0.9963788312931132,5.034522210059624,21.47902912813082,0.2597735654276725,0.9980724369415656,1.4387938332893848,0.9934432932523156,3.179602892676334,13.029323680538628,21.47902912813082
Leuven_2_0050724,1_raw_signed,5.106120414814402,0.9997588302412623,1.2186920227573235,0.9981042384189557,4.471923629683308,13.724867222947942,0.1841522402328103,0.9951960612435193,1.4497551242178945,0.9966342313050396,2.7789377456192006,8.144475327132112,13.724867222947942
Leuven_2_0050724,2_abs,4.166398002543622,0.9998167378001062,1.2314563964865672,0.9978127240955119,4.087427954661783,14.06909736531809,0.15060645339907852,0.9981615876915988,1.4244126182609407,0.996237794110206,2.5425419463353074,8.351851164490126,14.06909736531809
Leuven_2_0050724,3_pos_only,4.610109438144094,0.9997939852607086,1.2246155033395785,0.9979700180403767,4.276765656689712,13.89696882607968,0.16647284024180944,0.9973396948263022,1.4236764917071474,0.9964584273254589,2.659033679427869,8.247573449686454,13.89696882607968
Leuven_2_0050724,4_all_ones,0.022612682849436367,0.9999973739179802,1.7416336168146083,0.950993149593107,0.2784982235807575,35.59132465391962,0.0008413527038536152,0.9999951803416256,1.9256933264999314,0.9174160032082235,0.17866159370971976,21.68794269897461,35.59132465391962
Leuven_2_0050724,5_offdiag_only,4.958050623272968,0.9998178910015959,1.180611436078548,0.998794211533878,4.393088986213062,13.333369537957012,0.1785041698209386,0.9942894036666206,1.3908143412849838,0.9977602234458393,2.726575920979824,7.903651703910499,13.333369537957012
Leuven_2_0050725,1_raw_signed,14.767148021983354,0.9547134233653166,1.1630392300168537,0.9991423255361327,7.034156254796285,19.48652479570696,0.49982487826332245,0.9612851860886487,2.1637139679250175,0.9265220868716988,4.301346882401858,11.682485956779518,19.48652479570696
Leuven_2_0050725,2_abs,9.689234956464242,0.9998551460531077,1.1892087571496255,0.998770000076851,6.0784986505933585,20.101247498003747,0.34637479903363155,0.9977709412115066,1.3491067658953595,0.9977908741220785,3.7598256691070997,11.994691794698054,20.101247498003747
Leuven_2_0050725,3_pos_only,11.756573869456489,0.9997082703024307,1.1762841108901478,0.9989645031793303,6.54552422223361,19.68505438000422,0.4185776792890807,0.9796824840207438,1.406629714416344,0.9979762105735775,4.043528141109588,11.749763065902284,19.68505438000422
Leuven_2_0050725,4_all_ones,0.018473574145732526,0.9999984503876236,1.8344997709883752,0.9351807960694296,0.27434003148670905,49.2236540003294,0.0007004011748630806,0.999997312029326,1.9522641524083433,0.8993333706652075,0.17716147003941524,29.92830976566052,49.2236540003294
Leuven_2_0050725,5_offdiag_only,14.379411500153742,0.9547465966118595,1.1346446479272951,0.99945807360675,6.931870873180448,18.949347353304937,0.4869509522289412,0.9577993695500565,2.1338380292496044,0.9220692031816904,4.236628502628207,11.355376586816293,18.949347353304937
Leuven_2_0050726,1_raw_signed,8.471410723745514,0.996567196951111,1.6140532139351087,0.9613887553756358,5.901613687762204,21.352458601125132,0.3102387621817761,0.9921228030640786,2.103809191604847,0.92783005445061,3.7514855677262404,12.680706176915349,21.352458601125132
Leuven_2_0050726,2_abs,6.552403377190029,0.9973059670759623,1.64885098717139,0.9546237716654133,5.258785230126841,21.955854735364714,0.2413924055448433,0.9941169360102358,2.1127231654170244,0.9153347670443058,3.3532999030850172,13.05139443661983,21.955854735364714
Leuven_2_0050726,3_pos_only,7.440370817693922,0.9970143743460712,1.6300759586283002,0.9583801131593459,5.570387012571966,21.653827485067037,0.273167953232572,0.993365730257905,2.087415208751322,0.9222632156691454,3.545612742050608,12.865514782418998,21.653827485067037
Leuven_2_0050726,4_all_ones,0.039097757472726626,0.9999933061486225,2.0293516133560456,0.8316269515429112,0.41124286055272313,58.53731365146341,0.0016708531935085555,0.9999846318684373,2.1520745190156454,0.6933094642302957,0.2820345308743774,35.52107647973124,58.53731365146341
Leuven_2_0050726,5_offdiag_only,8.191025912403427,0.9969609515863492,1.5729235023691182,0.9674342007629757,5.775551615685517,20.704412375140745,0.2987428807393547,0.9926629298318226,1.9943015994578213,0.9378549078568795,3.6615463431008046,12.283762067529304,20.704412375140745
Leuven_2_0050728,1_raw_signed,7.081064214749413,0.9967401441017892,1.7523925594843275,0.9405394264572395,5.462927490041043,21.506227865653802,0.2579864350342771,0.9933563410609472,2.3226512238044514,0.9013205785250606,3.4614304742412654,12.746123906508078,21.506227865653802
Leuven_2_0050728,2_abs,5.588531776006307,0.9974776014663301,1.7864705363268183,0.931884265622655,4.892510700284238,22.043998556959135,0.20445981277614442,0.995080939938712,2.2883019231267268,0.8881239797114938,3.109191732050856,13.071312074897694,22.043998556959135
Leuven_2_0050728,3_pos_only,6.282811746778594,0.9971710855439813,1.769224239753557,0.936375436110903,5.169588350548136,21.77484770753432,0.22934277012502477,0.9943887518251104,2.2992223361296897,0.8950024326264024,3.280295211314595,12.90825658219899,21.77484770753432
Leuven_2_0050728,4_all_ones,0.032783219426815134,0.9999951324514407,2.1127878530350426,0.8288883883645121,0.3791382043099435,60.7600234751564,0.0013098761227699732,0.9999909634970007,2.2259240288376474,0.7284090379283064,0.25206276676200035,36.72298664765553,60.7600234751564
Leuven_2_0050728,5_offdiag_only,7.003763319959781,0.997058991475362,1.7053380392259412,0.9502440215542463,5.40178108196264,20.8343118464822,0.2535358860737078,0.9937015059406067,2.217178913468006,0.9169026235535086,3.4079092518901204,12.334447378719773,20.8343118464822
Leuven_2_0050730,1_raw_signed,8.15348323307194,0.9999017339048996,1.2829732257681195,0.9969352927283319,5.3783886040862905,31.32272361530004,0.28350640164731156,0.9995793915456939,1.3989885814947134,0.991726544934397,3.295468597948435,18.628802123948397,31.32272361530004
Leuven_2_0050730,2_abs,8.126906321115799,0.9999029109998744,1.2828761981178165,0.9969383139672433,5.3723457270056025,31.326422242357133,0.2825832804621392,0.9995852731261702,1.3989013979366232,0.9917308879823992,3.291732906380455,18.631045823397756,31.326422242357133
Leuven_2_0050730,3_pos_only,8.140165332197915,0.9999023402242015,1.2829149025163324,0.996937066780927,5.375364587578821,31.324572771985984,0.28304371841948806,0.9995823913087405,1.3989330929855563,0.9917293173227929,3.2935981352837627,18.629923719869275,31.324572771985984
Leuven_2_0050730,4_all_ones,0.030751695884666804,0.9999975367680158,1.9420014190143045,0.9250959768796341,0.35164547448492994,53.31408588638817,0.0011841356331138088,0.9999938657852463,2.1349073765806814,0.837139488719186,0.232483881395872,32.01399771566537,53.31408588638817
Leuven_2_0050730,5_offdiag_only,8.073182586111137,0.9999355924971938,1.2316619016972121,0.9980340556103816,5.3351224140862215,30.73638540445337,0.28042763967709977,0.9996681319855417,1.3321155525617794,0.9945595346741027,3.2616999340255854,18.27184109970811,30.73638540445337
Leuven_2_0050731,1_raw_signed,7.5734344491495476,0.9550688756256771,1.3472267793545416,0.9948676890291668,4.94312512587254,19.423913047536757,0.24979687359835673,0.9751765331240013,2.094174126763261,0.9710209007068781,3.0103510473757984,11.560231543601509,19.423913047536757
Leuven_2_0050731,2_abs,4.208815637846464,0.9995821937525341,1.4353126932313276,0.9906923831025727,3.9972116465552388,20.20912378858901,0.15022712768954133,0.9990298935979681,1.5789164870721444,0.9856643627879254,2.4781026539917637,12.011536411832193,20.20912378858901
Leuven_2_0050731,3_pos_only,5.65834727399952,0.9995217614996276,1.3860330590426548,0.9932529053186624,4.459851285155207,19.773031475479883,0.20137511240524864,0.9963246105719741,1.5914632889656382,0.9894815958865893,2.76018760414685,11.747381005957077,19.773031475479883
Leuven_2_0050731,4_all_ones,0.02459665576301301,0.9999975032423798,1.9962944285256838,0.8855660699464807,0.32425669188170875,58.46166848309344,0.0009497867114065503,0.9999956172715775,2.1184738291286433,0.8208959701121759,0.21100207205931262,35.52144584591569,58.46166848309344
Leuven_2_0050731,5_offdiag_only,7.589627964391558,0.9551796509260392,1.2968967643351204,0.9965230146480555,4.956449920598372,18.788571728832647,0.24962824471853118,0.9742637109543044,2.0469170869064772,0.9695858964726345,3.011777940387332,11.172990604508215,18.788571728832647
Leuven_2_0050732,1_raw_signed,6.718189463614475,0.9996531851707682,1.31249253013339,0.9956341756785743,5.080647560502414,20.5810866895685,0.25382472415007656,0.9985316631704992,1.4180291553759157,0.9932522974904878,3.234100920933006,12.640267675209703,20.5810866895685
Leuven_2_0050732,2_abs,6.099799402018493,0.9996804597992737,1.3187128424060257,0.9954271425498389,4.890932783183438,20.72645765025267,0.23096886425689514,0.9990224162101758,1.420595959916048,0.9929346923675413,3.1167232108311924,12.728328701669195,20.72645765025267
Leuven_2_0050732,3_pos_only,6.401043087608219,0.9996693033523704,1.3154469014794683,0.9955378754081399,4.985294986247454,20.65376399835372,0.242115365212335,0.9988344752933896,1.4149869048014434,0.9931057324373848,3.1751527509494952,12.684221852837302,20.65376399835372
Leuven_2_0050732,4_all_ones,0.02203822492447013,0.9999979450603623,1.8721238118079162,0.9278325276716746,0.29275402493556896,48.52462118146923,0.000851896877491811,0.9999961805828881,2.0109289922839464,0.8753437073057042,0.19265882935517292,30.125143153381032,48.52462118146923
Leuven_2_0050732,5_offdiag_only,6.534409672455424,0.9997247761982979,1.2818482655606391,0.9965620444943941,5.003937603430256,20.047214184547133,0.2458492390752174,0.9984494922392335,1.3730532448971227,0.9946990618318398,3.176498478636026,12.306031781865881,20.047214184547133
Leuven_2_0050733,1_raw_signed,2.7027066753618647,0.9963015606455577,1.5953987463033885,0.9709375437556976,3.3378997805156434,10.797767589047375,0.11099088435889207,0.9911500590479103,2.0105341916082753,0.9590178817004152,2.224233365056768,6.639820801536305,10.797767589047375
Leuven_2_0050733,2_abs,1.6361989656163087,0.9986840461726747,1.5875897726659314,0.9735907776558174,2.616395573309775,12.273872612348722,0.06835389230448652,0.9974926115093803,1.7658867136339713,0.9649236390246416,1.7566848829852002,7.537013892521976,12.273872612348722
Leuven_2_0050733,3_pos_only,2.024463735834657,0.9979726201433704,1.59494374813352,0.9716813084619925,2.906761330544858,11.534815390953195,0.08433784447519732,0.9957738959999924,1.8301642943910723,0.9615881357152374,1.950036355275247,7.085521246905048,11.534815390953195
Leuven_2_0050733,4_all_ones,0.02105018521983347,0.9999965505790729,1.8996198339844383,0.910302607696893,0.28791049696240395,41.79249403310037,0.0008133265766146873,0.9999942441484092,2.0206832333036178,0.8550321086471062,0.18905567796635386,26.15479792767031,41.79249403310037
Leuven_2_0050733,5_offdiag_only,2.645723219517891,0.9964138207112415,1.5645980786140727,0.9744657153229098,3.2844225686728685,10.336792147699649,0.10741312527130108,0.990382840036416,1.9623567225505945,0.9630797892242965,2.17645688906859,6.3525584059914335,10.336792147699649
Leuven_2_0050735,1_raw_signed,6.884678383613102,0.9954798811258255,1.3558343299159543,0.9926000719694122,5.056309347005111,18.500980823603896,0.24433079546733538,0.9876321575801081,1.7864699169622453,0.9864221457070894,3.1267156771005546,10.986501814594869,18.500980823603896
Leuven_2_0050735,2_abs,4.826425530018343,0.9995819257169011,1.3778104332172296,0.9916926729211868,4.3754795823556245,19.18871725670777,0.17202923892513222,0.9987909723706789,1.670795230647839,0.9851437598561408,2.712217063052694,11.39729660929336,19.18871725670777
Leuven_2_0050735,3_pos_only,5.753559804851171,0.9993300055004064,1.3649234382575801,0.9922392311047439,4.7092471906471305,18.84347648578828,0.20483370333893414,0.9979966923571916,1.6804922789224979,0.9860445833276729,2.916090379260152,11.189229384930266,18.84347648578828
Leuven_2_0050735,4_all_ones,0.030781254134557668,0.9999963655317469,1.9214492069992133,0.9071756087793785,0.34650940780311973,51.00069385030695,0.0011580722654337646,0.9999932868226015,2.058471804437556,0.8398557017608903,0.2238093008800121,30.949533089683012,51.00069385030695
Leuven_2_0050735,5_offdiag_only,6.807362326521683,0.9861326266340151,1.304793993629924,0.9948416978648582,4.988311594651382,17.94189542502144,0.23914680903476115,0.9800328491441903,1.7352299340396125,0.989996051598439,3.0736780940197987,10.646881435322618,17.94189542502144
Leuven_2_0050736,1_raw_signed,9.790585228586423,0.9993102736513031,1.3315541931526882,0.9941748689701491,6.145047691776463,19.951569312547203,0.34061081457829856,0.9972169493119745,1.5249775808786254,0.9882975492471529,3.7652510021926577,11.718193536657594,19.951569312547203
Leuven_2_0050736,2_abs,8.339179744216212,0.999482749121196,1.3462495177552207,0.9935332805258776,5.702401123756943,20.35327914343308,0.28984410197056704,0.9979554517910008,1.4969833773672623,0.9867784007314002,3.4949168017100174,11.962736882806391,20.35327914343308
Leuven_2_0050736,3_pos_only,9.024755886380241,0.9994225914952473,1.3384058446158,0.993875621993873,5.919661670880342,20.152352868357152,0.3137982823243112,0.9976797514873614,1.5065573303911606,0.987559731222061,3.627501067865416,11.840417289347632,20.152352868357152
Leuven_2_0050736,4_all_ones,0.03612210384041752,0.9999966527399529,1.919681555299614,0.9189354696860221,0.379131406121259,52.28211471092247,0.001391056794822907,0.999992341826343,2.0956121405895605,0.8391869620061827,0.25000917878626466,31.38156813002816,52.28211471092247
Leuven_2_0050736,5_offdiag_only,9.64392258282824,0.999384937974722,1.2909382773898461,0.9956374476178718,6.076341512751606,19.376049893839898,0.3352644556790192,0.997212751392933,1.4755200915001903,0.9913604109529508,3.7168945157019015,11.368490833145353,19.376049893839898
Leuven_2_0050737,1_raw_signed,3.451322340353942,0.9997973313989796,1.2513906972575275,0.9972580709400541,3.434740298647696,16.10815013954172,0.12253772051703835,0.9967908431104143,1.4298383336371852,0.9953324966651024,2.120458719606205,9.528494768367112,16.10815013954172
Leuven_2_0050737,2_abs,2.742739470849165,0.9998147102270515,1.2988526290138847,0.9954908262188604,3.2485811559678486,16.665900094661534,0.09773138158270542,0.999109373841108,1.4185362347216655,0.9925611242137928,2.0088068397620256,9.869901357457227,16.665900094661534
Leuven_2_0050737,3_pos_only,3.009446408926548,0.9998153966346063,1.2729339326525806,0.996541393305468,3.324689515832203,16.386991912468645,0.10705511567248936,0.9987824612013715,1.4150964521775586,0.994236393478527,2.053778727047232,9.69840623199421,16.386991912468645
Leuven_2_0050737,4_all_ones,0.020609673246102515,0.9999984836226956,1.6933263536444099,0.9617218548169074,0.27185255991247487,39.58994628266194,0.0007566217802285163,0.9999972681477428,1.8143306936458767,0.936636474688472,0.17208938735655044,24.003105623255816,39.58994628266194
Leuven_2_0050737,5_offdiag_only,3.566429315601988,0.9998686975900738,1.217662897607578,0.9980528723657284,3.4444280888448446,15.672735353238949,0.12651674869737245,0.9940422173057654,1.3941759041451212,0.996651539645879,2.1249542177099285,9.26253182743849,15.672735353238949
Leuven_2_0050738,1_raw_signed,3.7685035047364868,0.99953900600888,1.288264751801267,0.9961758195123935,3.7177246067907816,13.7637720772884,0.13698415799998195,0.9945768591194161,1.5452621230225723,0.9924216502118481,2.326236080582097,8.270106213674373,13.7637720772884
Leuven_2_0050738,2_abs,3.2517867844415367,0.9996858227631324,1.2919448728834928,0.9960935456342994,3.492709972092844,13.959898762341378,0.11821737012718143,0.9970012013666427,1.4915629027583182,0.9922664789270995,2.1856076192290086,8.389923951555307,13.959898762341378
Leuven_2_0050738,3_pos_only,3.4957236925009862,0.9996326420320507,1.2899117593747986,0.9961380168306764,3.6029479020162656,13.861806101755052,0.12707412574551016,0.9961533305721917,1.5191899955461676,0.9923593840792491,2.2544658543074196,8.32973577055873,13.861806101755052
Leuven_2_0050738,4_all_ones,0.015633913971969476,0.9999975775405925,1.8303886873784583,0.9368607761292124,0.24579623844153256,35.386876271306626,0.0006000278119121017,0.9999957146676501,1.9515404318597898,0.8975702172182105,0.15967650066445174,21.758300519444102,35.386876271306626
Leuven_2_0050738,5_offdiag_only,3.6549149237204563,0.9996220024983622,1.2466227844817699,0.9973215020363466,3.663463696647529,13.374358347177425,0.1327969915879156,0.9943970171933484,1.4895614830982336,0.9946819366763288,2.2887223774668257,8.028301292560368,13.374358347177425
Leuven_2_0050739,1_raw_signed,9.716787795616364,0.9996385055796179,1.334325656184911,0.993403054296451,6.052574839941625,26.651840505450767,0.35091348864870764,0.998984941049077,1.4625082692505729,0.98922922243274,3.7729830337098957,16.07855436305175,26.651840505450767
Leuven_2_0050739,2_abs,8.75363849263198,0.9996687945253886,1.3446203426541063,0.9928938244147127,5.780823238455135,26.83919801510091,0.3164489164457381,0.9991586820736114,1.4527244981117002,0.9884159900645647,3.605688686020006,16.193498084260643,26.83919801510091
Leuven_2_0050739,3_pos_only,9.220192738251049,0.9996546149637547,1.3392870849054341,0.9931555133239726,5.91544588125173,26.745513472613023,0.3331565415560954,0.9990833147406334,1.456266143404489,0.988834437965545,3.688602402395931,16.135989389321722,26.745513472613023
Leuven_2_0050739,4_all_ones,0.01881521799802079,0.9999982995287309,1.9378591038041149,0.8948481751181813,0.28585261936742534,59.7607918185016,0.0007293859520964331,0.9999970790435924,2.0514480400548982,0.8379096779258773,0.18655033873212543,36.55376522538041,59.7607918185016
Leuven_2_0050739,5_offdiag_only,9.569681707561385,0.9997232675029197,1.2951341413050639,0.9951397184823498,6.023721154613913,25.994103701785782,0.34510612189948486,0.9991157846723745,1.3938672615278167,0.9920426987101914,3.748841863170243,15.671454223995116,25.994103701785782
Leuven_2_0050740,1_raw_signed,5.007006347896488,0.9997185393567393,1.2578715125861997,0.9984901289467584,4.3337319204393685,13.373192300487517,0.17834144382140302,0.9844511602416636,1.4665014732331663,0.9975103514622939,2.675765071337463,7.863074971450254,13.373192300487517
Leuven_2_0050740,2_abs,3.098632719211075,0.9998781249981138,1.2876053622674262,0.9979624187106592,3.480075409296664,14.388604863801586,0.11086334563032435,0.9986234701005288,1.3907125897478843,0.9969076782782865,2.153203917384152,8.472637535189516,14.388604863801586
Leuven_2_0050740,3_pos_only,3.9051211755882584,0.9998379258859366,1.2712903782777107,0.9982773023692372,3.8827705645355577,13.8808365622627,0.13953844873605742,0.9973124025681374,1.3858822319468558,0.9973892191387812,2.400603708532006,8.164547277881072,13.8808365622627
Leuven_2_0050740,4_all_ones,0.024645338548204703,0.9999983748336688,1.789342341893383,0.9556885546871675,0.3123961894351127,44.96843387505833,0.0009002926181615686,0.9999971791680752,1.9238962100440495,0.9281576351099811,0.19728303223354363,27.31368603407211,44.96843387505833
Leuven_2_0050740,5_offdiag_only,4.903718224621894,0.9997673861446332,1.2143903315956677,0.9990714119421876,4.283840656078191,12.878662994850144,0.17452367868074836,0.9810320936895252,1.4243053052496282,0.9982958237833869,2.643019853710239,7.561866233449453,12.878662994850144
Leuven_2_0050741,1_raw_signed,6.863602200195589,0.9996495105907889,1.347765155875679,0.9933896410261844,5.066098067469512,22.969710980517068,0.24888745637291237,0.9985360392543126,1.5495917888534616,0.9887231077076827,3.168218828177945,13.88025336471718,22.969710980517068
Leuven_2_0050741,2_abs,6.254791366370679,0.9997042438728362,1.3587426196606702,0.9927847705580002,4.901753466130706,23.08942959723967,0.22738921134762136,0.9990294831715809,1.5339858777930866,0.9878545871775968,3.0682903950626867,13.952104037375518,23.08942959723967
Leuven_2_0050741,3_pos_only,6.549284772766857,0.9996862839294918,1.352944992202693,0.9931088880704675,4.983459512012232,23.029535040809318,0.23780688964320104,0.9988464026629259,1.538876612417564,0.9883278783284452,3.118005440044717,13.916049532082077,23.029535040809318
Leuven_2_0050741,4_all_ones,0.02622604884849622,0.9999975410994137,1.9028386611790802,0.9142465113293716,0.3288142991607758,53.51166517453475,0.000999737696425054,0.9999958446016397,2.024527567119936,0.864661105653134,0.21278979910356782,32.85744809749664,53.51166517453475
Leuven_2_0050741,5_offdiag_only,6.812107970966668,0.9997087090679851,1.300854295293133,0.9953024274111061,5.042595372407415,22.38089688325341,0.2465671620681849,0.9984708120292265,1.4852247074749652,0.9917996008975241,3.147414387564012,13.514549625424737,22.38089688325341
Leuven_2_0050742,1_raw_signed,15.277645963902017,0.9996534794843192,1.232317791588243,0.9976779043461925,7.255346931279399,24.397784773169672,0.5582370436488646,0.9931530819361798,1.4031335909217668,0.9956598066004375,4.540989893675248,14.949348120741151,24.397784773169672
Leuven_2_0050742,2_abs,11.983461309421477,0.9997503757345351,1.2635828495650305,0.9967153093774549,6.673985644758129,25.027570319480734,0.4380097427108848,0.9987779791616637,1.401017826466629,0.9940172891350493,4.178844709155076,15.330534910067556,25.027570319480734
Leuven_2_0050742,3_pos_only,13.456156728691523,0.9997521560635312,1.247689747626508,0.9972304526482642,6.9574253415066165,24.71255029223877,0.4919791264148171,0.9980166643209379,1.3822493315112694,0.994907274459726,4.355904714914412,15.137609408782769,24.71255029223877
Leuven_2_0050742,4_all_ones,0.025894777436421573,0.99999814397042,1.7198280584016319,0.9569149329045015,0.32108577044936637,49.60499458964674,0.0009405348899885967,0.9999968392900142,1.8447008620537808,0.9288376477578482,0.20280182805434302,30.732435352103543,49.60499458964674
Leuven_2_0050742,5_offdiag_only,14.82403736332433,0.999619143142611,1.2066657308192605,0.9982321262718977,7.095184108104232,23.8522480433104,0.5414722785617727,0.990505514185847,1.3676803781220255,0.9965958632346483,4.43943302282252,14.609119831977637,23.8522480433104
Leuven_2_0050743,1_raw_signed,18.04887845737608,0.9997927849230613,1.248586243992834,0.9969012379031857,8.196002838380666,32.647225088214725,0.6529820323990388,0.9992762225352723,1.3034887145864118,0.9953596844760763,5.1016718358586175,19.820113668407576,32.647225088214725
Leuven_2_0050743,2_abs,16.53425503077871,0.99980695287761,1.2558844850069004,0.9966641855116466,7.91442593878731,32.85378195644142,0.5982413981617938,0.9994329806805875,1.3116752870498327,0.9950051556567816,4.9268904740340425,19.947944777617156,32.85378195644142
Leuven_2_0050743,3_pos_only,17.272542665657195,0.999800684311063,1.2521419485946021,0.9967869069105592,8.054473406265338,32.75049828337872,0.6249236037401078,0.999367048690568,1.307477661963149,0.9951887024295667,5.013807741856556,19.884006256440227,32.75049828337872
Leuven_2_0050743,4_all_ones,0.03152701040722923,0.99999759727794,1.975716733778276,0.870715872655004,0.37185072274494124,72.25590103894545,0.0012115728090779806,0.9999962515604855,2.129355260884895,0.815542220998027,0.241302119336296,44.39301058827787,72.25590103894545
Leuven_2_0050743,5_offdiag_only,17.792783100359333,0.9998553523557256,1.203917536982128,0.998048090118733,8.116814673351136,31.852235934720536,0.6433678796385311,0.9993176442784183,1.2477616545827312,0.9970861754419632,5.047744489867816,19.326917814136834,31.852235934720536
Leuven_2_0050744,1_raw_signed,6.288745896756357,0.999622751706758,1.2562213306406944,0.9969030503090155,4.802723340159183,17.173276497982368,0.22427587568473056,0.9889031748751818,1.469570547411005,0.9945091026205926,2.973327027421243,10.179986837293969,17.173276497982368
Leuven_2_0050744,2_abs,5.657193368143498,0.9997413202137655,1.266329457734505,0.9966044845220147,4.62719914302989,17.314776513352424,0.2022925283469193,0.9977405760583176,1.4119902117617806,0.994207405555374,2.8670660725319492,10.261127367762297,17.314776513352424
Leuven_2_0050744,3_pos_only,5.962195291822788,0.9997373545684638,1.2609777659155346,0.9967651136340302,4.714676982043142,17.24398258146575,0.2129777959823006,0.995914327212978,1.4327102643994138,0.994393386684117,2.9202274337579066,10.219416186556433,17.24398258146575
Leuven_2_0050744,4_all_ones,0.017861416498752898,0.9999981741090728,1.779654017245158,0.948167798351357,0.266185160082517,40.32652710963338,0.0006624528866082417,0.9999967847994992,1.9043977416204374,0.9162374885417954,0.16935416710495005,24.40546952551955,40.32652710963338
Leuven_2_0050744,5_offdiag_only,6.229541041453058,0.9995442639054836,1.225433103332112,0.9976302216655895,4.761075542220004,16.72980016857994,0.22185651903656453,0.9857862771240423,1.4465132729690702,0.995681993159424,2.944247653269372,9.909616999926566,16.72980016857994
Leuven_2_0050745,1_raw_signed,2.0907552063734296,0.9912791146370046,1.6995638238344848,0.953132267810077,2.979278518882302,7.233214183302183,0.07603813819106811,0.9639889178429405,2.619131748020327,0.9306842984123035,1.8748320294669625,4.1240723609530585,7.233214183302183
Leuven_2_0050745,2_abs,0.8781723684583054,0.9986019329444137,1.7800594963477592,0.9334700239924102,1.9259309711128687,11.22417457095925,0.03252839501866041,0.9971936119214048,1.9279047267557292,0.9044524247233818,1.2254177765524272,6.531971365771759,11.22417457095925
Leuven_2_0050745,3_pos_only,1.1159538929230852,0.9974345047761588,1.783318203695819,0.932755229149941,2.195868445223049,9.225568571031486,0.041193304085166166,0.9942387009875043,2.1295649164299784,0.9040492147071898,1.3922712536623199,5.313487886319118,9.225568571031486
Leuven_2_0050745,4_all_ones,0.02548082661040808,0.9999964379322613,1.950629676320164,0.8993856019502287,0.3260346491480236,47.89034833645885,0.0009641429983386148,0.9999943998913052,2.0562618656597116,0.8553717645183869,0.20943551296806592,29.128618193536916,47.89034833645885
Leuven_2_0050745,5_offdiag_only,2.073036685975541,0.9834955464052154,1.6439412208332527,0.9624154646827864,2.9404150307965096,6.70720398326804,0.07420566833453739,0.9452345828435326,2.6996050457187954,0.9427491005625391,1.8370885359083915,3.8185958712628985,6.70720398326804
Leuven_2_0050746,1_raw_signed,4.772538424469765,0.9981580927972751,1.4542141009357064,0.9880295126179736,4.409756319942359,15.795878074107495,0.17992973813161695,0.9958928486361605,1.8641928814053503,0.9781973341594435,2.8160566439000836,9.431454178295777,15.795878074107495
Leuven_2_0050746,2_abs,3.1096363881640063,0.9991243213474849,1.495432920502635,0.9860756228509661,3.5802860609052995,17.029195343202442,0.11848195311159451,0.9981898074657526,1.8166297505425042,0.9772382621769576,2.2974031685375818,10.174673724074841,17.029195343202442
Leuven_2_0050746,3_pos_only,3.713850462322142,0.9988559778129961,1.4645204551022748,0.9879924359822129,3.915855464769636,16.411942487021772,0.14114749666547577,0.9976019151696911,1.8188690839774326,0.9792389933154246,2.5098016945485497,9.801646701777706,16.411942487021772
Leuven_2_0050746,4_all_ones,0.022072912933939665,0.9999979530604536,1.907780728329176,0.9198222307546475,0.3063844132378189,52.56889943619678,0.0008352955645721114,0.9999963841660308,2.0403937013122917,0.8672272369590699,0.19787890754429105,32.13400912130176,52.56889943619678
Leuven_2_0050746,5_offdiag_only,4.788562086290507,0.9982584945685216,1.4231617375243588,0.9896226643655209,4.401966272503468,15.216829608494855,0.1791818120259296,0.9957566001108349,1.83410806526332,0.9805178588321302,2.8002037467715977,9.074979835347488,15.216829608494855
Leuven_2_0050747,1_raw_signed,8.7609832997461,0.9998063943389809,1.2919849382444781,0.9959784350719939,5.595205922091208,26.587619316545705,0.3289054023886887,0.9988063989484995,1.4166279257111196,0.9932722282789775,3.558042055938258,16.527965608148115,26.587619316545705
Leuven_2_0050747,2_abs,8.471377166380822,0.9998249754509514,1.2938267711204658,0.9958773483326216,5.540449992775356,26.618438365524224,0.318234195752896,0.9991477171857719,1.409047282562475,0.9931345585793204,3.5236895421166787,16.546746232641986,26.618438365524224
Leuven_2_0050747,3_pos_only,8.613991362110623,0.9998179030685216,1.2928615486871589,0.9959291823420636,5.567814876918992,26.603023461906083,0.32349130746770066,0.9990082935552898,1.4128962839728405,0.9932064335777664,3.5408560024586833,16.5373215605692,26.603023461906083
Leuven_2_0050747,4_all_ones,0.021036657605821758,0.9999975632551014,1.9126381015563068,0.9154135015040288,0.3017792755047645,48.978836247292406,0.0008070930892818231,0.999995848592898,2.044384634056671,0.8575206308185681,0.19603092158698124,30.695360222959252,48.978836247292406
Leuven_2_0050747,5_offdiag_only,8.585025310224212,0.9998524510593495,1.2531529446675749,0.9971544102136439,5.537377782434917,26.048794053226093,0.32206216737153637,0.9988389217274269,1.357219991743588,0.9952278836262817,3.516391843696372,16.186660130392273,26.048794053226093
Leuven_2_0050748,1_raw_signed,5.790666288990074,0.9997194606059636,1.2346350870541865,0.9985021453097179,4.645567311684395,17.801361188042016,0.20768954210839272,0.9975120783038388,1.3486984170551946,0.9974325136609943,2.8769123461379595,10.573501958021422,17.801361188042016
Leuven_2_0050748,2_abs,4.07176161411915,0.9996571807723367,1.2958173969418887,0.9970951910230268,3.956348947504947,18.36338035921683,0.1462359483720035,0.9987025129194902,1.3715118693004116,0.9952095226870449,2.4534977183523896,10.92054347079235,18.36338035921683
Leuven_2_0050748,3_pos_only,4.824186979073073,0.999702101231385,1.250669755185994,0.9982243178907452,4.285105030080483,18.082216136605023,0.17311292770635656,0.9984769328981243,1.3235572019844366,0.997016445989998,2.6546975973440112,10.746502852664753,18.082216136605023
Leuven_2_0050748,4_all_ones,0.023831547307695756,0.9999966965242064,1.8998570782453787,0.910511397934727,0.3121347249802363,44.73217897935132,0.0009051895008675625,0.9999945587493468,2.0060447635609924,0.8660649478723873,0.20102612950371368,27.214822190945952,44.73217897935132
Leuven_2_0050748,5_offdiag_only,5.8776178485012,0.999826788272421,1.1874885477181059,0.9991846314493226,4.685593778400401,17.309237232785733,0.21074499854748158,0.9974028512114999,1.280682687527237,0.9985509779626263,2.899989382266745,10.270210574637456,17.309237232785733
Leuven_2_0050749,1_raw_signed,4.684973768390315,0.9547834774426432,1.4590639927177818,0.988436251958243,4.040576257920834,14.608005960722112,0.16317063198924506,0.9695224004573911,2.061721578546601,0.9776358520518873,2.5034004879743,8.650392662751072,14.608005960722112
Leuven_2_0050749,2_abs,2.9687787289096033,0.9993152522124839,1.5217367185561552,0.9833463821104148,3.4118667346915323,15.440626865191673,0.10731630473660081,0.9980176809362592,1.7352068820165376,0.9724657150615573,2.1351699932529074,9.137721673171948,15.440626865191673
Leuven_2_0050749,3_pos_only,3.6884268418513693,0.9991921220043641,1.489813124438463,0.9861219264664469,3.7093445786872317,15.015395561301855,0.1329005629505971,0.9958066829918891,1.7665040722446697,0.9768570272144446,2.318033740715153,8.88105681769521,15.015395561301855
Leuven_2_0050749,4_all_ones,0.022887686495069143,0.9999956276653892,2.0762934989979285,0.8357332455953174,0.3089486611363389,51.005117536514625,0.0009071015959846126,0.9999922841660261,2.1865757837408366,0.7462107029212053,0.20425018887308025,31.07764173788388,51.005117536514625
Leuven_2_0050749,5_offdiag_only,4.727275643277973,0.9545453009504288,1.397102325423269,0.9920824783071183,4.040212896760664,14.069102677916648,0.16108223127302065,0.9686726990423986,2.144888720340919,0.9775394360516723,2.484864656255765,8.322297489802096,14.069102677916648
Leuven_2_0050750,1_raw_signed,1.9798794251994245,0.9997065295513685,1.333009899891753,0.9949827975040351,2.8300971932107863,11.276558780497531,0.06831530582552035,0.9982483557714833,1.5403380434201386,0.9904832808753029,1.7237279332435274,6.416477707212383,11.276558780497531
Leuven_2_0050750,2_abs,1.8002952010714963,0.9996978334688998,1.3498626088699937,0.9942591492618711,2.7059070196310056,11.373613141643093,0.06212937211649192,0.9985164952708314,1.5653686458701774,0.9890358406150415,1.6489010544922007,6.4748933553587715,11.373613141643093
Leuven_2_0050750,3_pos_only,1.88738021498823,0.9997035797324065,1.3407369257224242,0.994653364476551,2.7670547761408724,11.325078980133796,0.06512590039368649,0.9984011441127347,1.5518864629063334,0.9898318782375732,1.6856721594630695,6.445668568868637,11.325078980133796
Leuven_2_0050750,4_all_ones,0.015306212886110544,0.9999954103611756,1.9133320571534582,0.9145848293514528,0.21277932262754043,29.840956727726685,0.0005731332322655787,0.999990934142184,2.0480487510071264,0.857551281586611,0.1398544454952502,17.624739490242433,29.840956727726685
Leuven_2_0050750,5_offdiag_only,1.9743728032907335,0.9998351893120625,1.258299852991342,0.9973931286616698,2.8253180368447866,10.947970091688978,0.0680169827425157,0.9983897655487869,1.4090782361635894,0.9951702711496165,1.7165804142252556,6.218954667339358,10.947970091688978
Leuven_2_0050751,1_raw_signed,4.849797003466793,0.9967940275045926,1.57450760161038,0.9680342443953606,4.352677553511577,17.309157299010426,0.17896544064287642,0.9930153865258686,2.048631956071568,0.9487876289335025,2.756545753001668,10.266900712519197,17.309157299010426
Leuven_2_0050751,2_abs,3.8423641367532446,0.99835074044767,1.586323578956418,0.9665791672272748,3.9569669318919884,17.611895848106197,0.14137428991005757,0.9965171737410431,1.8264199877721263,0.9466409003234845,2.504611018294225,10.45216003523901,17.611895848106197
Leuven_2_0050751,3_pos_only,4.30420217047197,0.9978996039360333,1.5806280472350014,0.9672706471008161,4.151614218539764,17.45988079183974,0.15856105538950177,0.995545591589919,1.9201566274568604,0.9476564446441393,2.6285856378454735,10.358707029834669,17.45988079183974
Leuven_2_0050751,4_all_ones,0.02026749384933662,0.9999956091259242,1.8960968855761067,0.9078460548192622,0.2846461118024411,41.44853889095714,0.0007654561563672625,0.9999930891810127,1.9977764375848064,0.8662284199202783,0.18376408420950666,25.161508374700723,41.44853889095714
Leuven_2_0050751,5_offdiag_only,4.83104392634833,0.9969724812815239,1.5299703152280213,0.9737138041652897,4.319691441969084,16.851342742715662,0.17738469049237288,0.9931374389542545,1.973357161265248,0.9578436827055079,2.7254050367653466,9.986280384972682,16.851342742715662
Leuven_2_0050752,1_raw_signed,2.4309136141994103,0.9994294711901586,1.3950932968059544,0.9927972442279713,3.1237797563026954,10.454741903540373,0.08703542417457175,0.9949584627689468,1.619273856232258,0.9891852916217461,1.9364834814382397,6.082108044165484,10.454741903540373
Leuven_2_0050752,2_abs,1.2996308329194703,0.9995399805135481,1.514401347744511,0.9826081789659138,2.3127285771365855,12.57575036116934,0.04702931202439258,0.998732717451759,1.6941273017484089,0.9738087731529634,1.4452176748656136,7.378864142266377,12.57575036116934
Leuven_2_0050752,3_pos_only,1.4675305749448528,0.9995194234298389,1.477358758292644,0.9871342695379972,2.4158671738874666,11.515121681257238,0.052793922857072226,0.9981877843353978,1.6516507904289968,0.9808989302674821,1.5038105321214323,6.727706809109975,11.515121681257238
Leuven_2_0050752,4_all_ones,0.0236209925310553,0.9999983197874608,1.7415569795961539,0.9566320774697893,0.30669357171036915,42.96704602269463,0.0008748428772066898,0.9999970471761702,1.8643499316519139,0.9296508434237715,0.19512397183389651,26.137962306433298,42.96704602269463
Leuven_2_0050752,5_offdiag_only,2.465272143845898,0.9995529063538041,1.3478080662578162,0.9949207555029452,3.1435464555371713,9.981898993142668,0.08808053528293391,0.9929284539636779,1.5816460539838777,0.9921760838757513,1.9457240931065856,5.795002255214345,9.981898993142668
Leuven_2_0050753,1_raw_signed,14.354365646658664,0.999401935268778,1.232391882624552,0.9973461812517337,7.151358757793514,24.1540954078042,0.5156283054685173,0.9947846216953488,1.4021194756839135,0.9957428986431202,4.4376873634474725,14.524612711492887,24.1540954078042
Leuven_2_0050753,2_abs,12.038921296522735,0.9997080575133026,1.241280012001194,0.9970833302401062,6.714127099962321,24.44620672643015,0.43315729941865083,0.9987119420443067,1.346982812329359,0.9953261655416762,4.168703749590017,14.700429669499954,24.44620672643015
Leuven_2_0050753,3_pos_only,13.147226169264874,0.9996345977595672,1.2362078706589532,0.9972331357650716,6.932263594840351,24.300024617729832,0.47271254156754816,0.997844211173945,1.3575027750430855,0.9955707570880846,4.303058348899181,14.611919957081192,24.300024617729832
Leuven_2_0050753,4_all_ones,0.02736403941396354,0.9999982796972987,1.807020741888305,0.9357580355313335,0.34214358018538477,55.99535993276205,0.00102638526889357,0.9999970808227305,1.9244955091266893,0.8990456790852515,0.21880500506327882,34.188122902362856,55.99535993276205
Leuven_2_0050753,5_offdiag_only,13.946976644952073,0.9995321850841478,1.20377965528639,0.9980225985942226,7.053648843599814,23.537963917649584,0.5005484461754603,0.9939216344681644,1.3530498126730826,0.9967920356914409,4.373225584348394,14.144694623447561,23.537963917649584
Leuven_2_0050754,1_raw_signed,5.05521011996598,0.9935559673264011,1.6547425777810754,0.9497672480963295,4.544942524558099,14.940012828275407,0.1864435539271051,0.9860135357621761,2.4958380781865466,0.9227873268984206,2.886463557557595,8.902110645059075,14.940012828275407
Leuven_2_0050754,2_abs,3.0879384302275965,0.9980620344744475,1.6551290484448318,0.9518000989567315,3.5875127448596853,15.941888472993082,0.11467844834443304,0.9960247534087762,1.9979829704253027,0.9262065081486867,2.2863622279095708,9.501715081281787,15.941888472993082
Leuven_2_0050754,3_pos_only,3.8991260533310648,0.9967941022763535,1.6574260774613105,0.9499881436783737,4.031254407369364,15.43842239245863,0.14434621579246246,0.9932531457046796,2.175803094259942,0.9234515945854795,2.5648738646991474,9.198238225961209,15.43842239245863
Leuven_2_0050754,4_all_ones,0.02749184005342609,0.9999948781966858,1.9735500815256564,0.8628553873640078,0.34298125595614287,47.164730127031966,0.001082057979907115,0.9999911598287199,2.0785726033512906,0.7893283650002044,0.22571413695005485,28.869845283739792,47.164730127031966
Leuven_2_0050754,5_offdiag_only,5.050832453855344,0.993663235206073,1.6119974509294457,0.9581141671352406,4.52352023283874,14.418113964850981,0.18524038129864587,0.9853379140919148,2.4101472048126005,0.935306102636458,2.8623022427193807,8.578586515072596,14.418113964850981
Leuven_2_0050755,1_raw_signed,4.786341843425018,0.9984761825235257,1.4631665078232994,0.9840161039726244,4.39610135750529,15.12078791972567,0.1753079356792783,0.9953669649409953,1.8741255725815655,0.9737041106403516,2.7680968713097305,9.048778803418061,15.12078791972567
Leuven_2_0050755,2_abs,3.0110993249837357,0.9991288720723761,1.5159623872898937,0.9785642237310412,3.428632632417397,16.145541200278252,0.11126668425284927,0.9976071864877833,1.842331986971945,0.9648726044707671,2.1728325592984805,9.674633052820969,16.145541200278252
Leuven_2_0050755,3_pos_only,3.7340507241078833,0.9989249844528053,1.4893597913138226,0.9814208384250854,3.8704537008359696,15.632806028734224,0.13741607827923386,0.9969292689549508,1.8265050775300717,0.9693997407116571,2.4450949208897383,9.360400756094409,15.632806028734224
Leuven_2_0050755,4_all_ones,0.024872758684382285,0.9999964847850317,1.9182204828053337,0.9069502630376293,0.31138861069889795,44.681432139950964,0.0009565997332348584,0.9999940176380638,2.0355873502146435,0.8553208780626967,0.20287005804441455,27.386791305576526,44.681432139950964
Leuven_2_0050755,5_offdiag_only,4.833802114943192,0.9986438886668606,1.4186668370974236,0.9873703876742306,4.413011349221851,14.628386200100467,0.17622762043655657,0.9952752984974961,1.8111693576009185,0.9790985691714662,2.7695148770383864,8.744062355135604,14.628386200100467
Leuven_2_0050756,1_raw_signed,6.164902869898356,0.9553708389596022,1.2622500958198763,0.9967580206609049,4.2183973620872495,19.01286048924032,0.19775777405828654,0.9773055281232468,1.9902632129024551,0.9571329512015345,2.5596418135484056,11.34245423265905,19.01286048924032
Leuven_2_0050756,2_abs,4.542347205435439,0.9998219319206889,1.2968852680303402,0.995554541746095,3.973963150545485,19.14308232956299,0.16228981079718627,0.9988722669749708,1.3811704447710382,0.9932383959977669,2.46095412484465,11.392690782128614,19.14308232956299
Leuven_2_0050756,3_pos_only,5.231960442509567,0.9995231768731102,1.2802199789606714,0.9961639943931634,4.095811015352471,19.0234848256147,0.18598788036018749,0.9824559788718138,1.449628106326583,0.9938334942284285,2.5335115843423517,11.327657467689196,19.0234848256147
Leuven_2_0050756,4_all_ones,0.012724916657681136,0.9999975033102938,1.8567559079618634,0.9239983713396531,0.22006853566507534,36.07437895202012,0.0004810286850610474,0.9999956963867684,2.067676125704158,0.8821926684111036,0.14202876354379196,21.83000132759192,36.07437895202012
Leuven_2_0050756,5_offdiag_only,6.078830720992475,0.9554039826652186,1.2236172603934719,0.997802632050426,4.170990187728781,18.62079370645164,0.1946441850347191,0.9771548672754203,1.956767422377251,0.9544384220030382,2.5273230184597435,11.102271665674333,18.62079370645164
Leuven_2_0050757,1_raw_signed,3.811206114774149,0.9999132672996709,1.3159704822774339,0.9965923737722736,3.56834473024102,23.253143035872007,0.13377066385874148,0.9996379336980161,1.3848440536187423,0.9942801422200357,2.1898355852655746,13.792811355130352,23.253143035872007
Leuven_2_0050757,2_abs,3.627844708172493,0.9999121960283572,1.3238054673428687,0.9963488362153827,3.505853894232781,23.28976635092667,0.12729301107003518,0.9996607333137533,1.3941092897768004,0.9938818357628566,2.1514611650806086,13.815241433326813,23.28976635092667
Leuven_2_0050757,3_pos_only,3.71828800874461,0.9999128732447408,1.3197810123039522,0.9964748015468545,3.5370435536632034,23.27145371430561,0.13048741597482585,0.999650200652921,1.3893541516938464,0.9940876206570897,2.1706117015332,13.804024067174838,23.27145371430561
Leuven_2_0050757,4_all_ones,0.015181760457100216,0.9999971369897338,2.0273633884467186,0.8817823403114025,0.24925815171552707,43.494098447691705,0.0005760309262827286,0.9999952179194304,2.1423619249954724,0.8241749841730356,0.16040190098010115,26.17209632818976,43.494098447691705
Leuven_2_0050757,5_offdiag_only,3.7937404806685096,0.9999501112165213,1.252240543079879,0.9981828727560181,3.5562969366273363,22.774783546748413,0.1331172806775392,0.9996797666052561,1.3092652550730839,0.996901919752509,2.179830944371509,13.500530850083106,22.774783546748413
MaxMun_a_0051318,1_raw_signed,3.680986521553359,0.9990507465865623,1.3536845069708163,0.9933195973945167,3.834485764899357,12.0903433061118,0.13113043848995304,0.9945194908032893,1.7264474516880655,0.9881898219633478,2.3748387670719704,7.041034494607656,12.0903433061118
MaxMun_a_0051318,2_abs,2.1135253263705795,0.9995478034243523,1.4025231948038963,0.9906548362971503,2.911952292378017,13.607027863666568,0.07592807669389487,0.998561381050075,1.7170760542601071,0.9843010133266697,1.8125922549541356,7.958462970520513,13.607027863666568
MaxMun_a_0051318,3_pos_only,2.6574816792391247,0.9994290540282399,1.3791568867737158,0.9920329089411231,3.271085210224072,12.848408103075036,0.09513606322792102,0.9977897926487806,1.697471452105401,0.9863726307306214,2.0318686059479987,7.49791685219885,12.848408103075036
MaxMun_a_0051318,4_all_ones,0.023146955275644573,0.999996634845872,1.8984662690027938,0.9156226053171753,0.30215941626882475,41.75642811585505,0.0008704044673546361,0.9999940305650582,2.077905476273749,0.8651538565103192,0.1938261788986694,25.198987383001207,41.75642811585505
MaxMun_a_0051318,5_offdiag_only,3.6542296996366215,0.9991571889126909,1.3020859515983798,0.9954210421433682,3.818665590217381,11.630549961191248,0.1297849722842711,0.9939294721472988,1.6325172416758267,0.9916391204571602,2.359368918731786,6.761364049653131,11.630549961191248
MaxMun_a_0051319,1_raw_signed,3.0907757596193535,0.9512734135924308,1.561553334117089,0.9800269180815677,3.453326268606433,8.632171672311925,0.10494052097747537,0.9376891821824593,2.988679202550793,0.947498505024012,2.125324105945703,4.922708180345748,8.632171672311925
MaxMun_a_0051319,2_abs,1.726762393557402,0.9988118863624011,1.5970166999495365,0.9743653400947266,2.6524520498379096,11.048049228982581,0.06231611868188778,0.9965871064677618,1.999050673593332,0.9541065166075426,1.6644388224799875,6.3491626591980905,11.048049228982581
MaxMun_a_0051319,3_pos_only,2.1343879522544476,0.9981595613017018,1.589459266874822,0.97633534108378,2.904233350518699,9.814785379539446,0.07684150828191928,0.9885503091162451,2.1692430816081103,0.9597478510487455,1.8190672357825164,5.605337312829265,9.814785379539446
MaxMun_a_0051319,4_all_ones,0.03198742551449715,0.9999961239841682,1.8666038617803464,0.9251614032152284,0.35319473324154016,43.30343767802479,0.0012191150530173566,0.999991049584723,2.0414838388952496,0.8480789881242435,0.23110596343944292,25.96648673812675,43.30343767802479
MaxMun_a_0051319,5_offdiag_only,3.0237704711158133,0.9495009852790789,1.511820780736299,0.9844113899447284,3.41339645459326,8.155177016339682,0.10222956389836574,0.929605491314501,2.9435675416201783,0.9540218487416081,2.0919390470525236,4.6411628783775285,8.155177016339682
MaxMun_a_0051320,1_raw_signed,6.372021842424196,0.995526982341116,1.3679565566748393,0.9924283492705319,4.974418339440387,13.601581978818773,0.22159783018700618,0.9555107628195769,1.8563245838872806,0.9855421515064485,3.0538897313632045,7.889278588188405,13.601581978818773
MaxMun_a_0051320,2_abs,3.8820819700885054,0.9992822086684021,1.4305373616733685,0.9883781065297838,3.987132657643801,14.693242774992697,0.13702660029201819,0.9978809004121838,1.7134125618996165,0.9797154167627264,2.4624245724983815,8.520896102897922,14.693242774992697
MaxMun_a_0051320,3_pos_only,4.95298040079774,0.9991995868907884,1.39478963518475,0.9908254488575958,4.453345065440593,14.146686002862245,0.1744209563967712,0.9958220611812283,1.6706509463761958,0.9838038724017697,2.7457074259854153,8.193459396479088,14.146686002862245
MaxMun_a_0051320,4_all_ones,0.03951992384449971,0.999995962301438,1.9277730878894053,0.9111826928025623,0.3981669075776013,52.19604378285587,0.0014348741038010824,0.9999940793643974,2.02847857110716,0.8798739255634703,0.25019751422852937,31.32526840326611,52.19604378285587
MaxMun_a_0051320,5_offdiag_only,6.308263593168388,0.9378996387133579,1.3133418474989027,0.9947577015659698,4.950567305625531,13.03518328366047,0.2174136767057178,0.949941793391148,1.8605381526130196,0.9886140184214042,3.026060536054765,7.55221445322022,13.03518328366047
MaxMun_a_0051321,1_raw_signed,7.143192349166927,0.9979955090089185,1.4860287147125535,0.984481963510931,5.344970178182745,15.113358303907198,0.2562049115316774,0.9921191026956326,1.7745991898892743,0.9772734973002117,3.3254770766012425,8.896155357365997,15.113358303907198
MaxMun_a_0051321,2_abs,4.586031338376664,0.9989980692215162,1.526413944077375,0.9812263314635219,4.306006400172457,16.530105988416413,0.16524504297940068,0.9974279683379267,1.7094275946771882,0.9725539661695807,2.6858932839160516,9.75947458108987,16.530105988416413
MaxMun_a_0051321,3_pos_only,5.6765890594830255,0.9987350776946695,1.5021660883400534,0.9833270741759694,4.782086291419552,15.82090151117987,0.20402864516803867,0.9962010178660533,1.7025161027012132,0.9756565949937495,2.9786888985362765,9.326270121030575,15.82090151117987
MaxMun_a_0051321,4_all_ones,0.029559446360832343,0.9999959604700039,2.0326178983511856,0.8648205249491651,0.34816674778393025,54.698876717351666,0.001151845251821565,0.9999929669157106,2.1494521161650284,0.791722218329367,0.22743180033185562,33.216413298735645,54.698876717351666
MaxMun_a_0051321,5_offdiag_only,6.904721980758332,0.9981609969900214,1.4439969418126952,0.9873559761242726,5.240576062680663,14.51027756504179,0.24702752569357112,0.9903128105362938,1.7087912087082802,0.9817010394686378,3.25355402138223,8.527636614585655,14.51027756504179
MaxMun_a_0051362,1_raw_signed,1.6468882341395474,0.995966759029213,1.4738226480174614,0.984973665466976,2.594805345830804,7.042621062564515,0.05850822690660984,0.9718056954080265,2.1115843503273193,0.9744012143261179,1.608764666335397,4.016681549085513,7.042621062564515
MaxMun_a_0051362,2_abs,0.7410822479104686,0.9994717530765921,1.516110344983423,0.9824588204406506,1.7587298078972824,8.976643391199536,0.02673995411810612,0.9980198758536207,1.7374245273360298,0.9731202692596919,1.0977583863830511,5.158095398297896,8.976643391199536
MaxMun_a_0051362,3_pos_only,0.9761696268031943,0.9990429023822879,1.5133699631206292,0.9819139570244926,2.014590314445433,8.008421587664923,0.03503515386984227,0.9951477149976583,1.7817945810248517,0.9708481695079119,1.2554768378127812,4.577730957988965,8.008421587664923
MaxMun_a_0051362,4_all_ones,0.021053188366248143,0.9999965579153534,1.811715934792026,0.9411353993675299,0.28246959832434737,36.3182237654892,0.0007868743162334551,0.9999939958371723,1.93511033524488,0.9063025612336418,0.18087262284196098,21.93976109302433,36.3182237654892
MaxMun_a_0051362,5_offdiag_only,1.7150321779948927,0.9958350994573936,1.411486472130483,0.9892538801316646,2.643708956951535,6.642446267552239,0.06058695288581778,0.9631810459909739,2.0650118124591965,0.980858911203169,1.6326728583032737,3.7836785247185913,6.642446267552239
MaxMun_a_0051363,1_raw_signed,8.675798311329368,0.9993869794004808,1.2822873970249933,0.9965541664364693,5.7227333574199095,19.446532906442513,0.3179361710085267,0.9973742558755219,1.509963101150541,0.9930186467184947,3.5942091891836605,11.639358915645763,19.446532906442513
MaxMun_a_0051363,2_abs,6.667691379123663,0.9996701336931393,1.270700243276619,0.9971763197742914,5.060845475922899,20.308317958453767,0.24546910536333189,0.9988402293479909,1.447856288847098,0.9944431052734171,3.1856063020959566,12.163772509798777,20.308317958453767
MaxMun_a_0051363,3_pos_only,7.5023688305010765,0.9995701360676916,1.275467721780748,0.9968716726258597,5.351703086762208,19.877302948518487,0.27571686474005863,0.9983731335818822,1.4791415899569438,0.9937526519637023,3.366246658430357,11.900887205674659,19.877302948518487
MaxMun_a_0051363,4_all_ones,0.028396283224078677,0.9999982119127236,1.8229700764575152,0.9466777018869399,0.3401895272554361,50.695791084591356,0.0010643072213195699,0.9999968207235511,1.9531268697019832,0.9129302996865591,0.21829055033700778,30.90996742055966,50.695791084591356
MaxMun_a_0051363,5_offdiag_only,8.500232096454994,0.9994604635972355,1.2637466499312489,0.9968279631926729,5.648070097766092,18.888875549654205,0.31050715401205675,0.9970937731859535,1.485625560817407,0.9934754273985535,3.5411407689305836,11.296514701941515,18.888875549654205
MaxMun_a_0051364,1_raw_signed,9.365452989526107,0.9543694826376388,1.3140371147026113,0.9939948400029801,5.854180822323714,15.899080538533624,0.3222518028627286,0.9673559362716769,2.028377433728397,0.9788616644577638,3.595570785042257,9.41795838262868,15.899080538533624
MaxMun_a_0051364,2_abs,6.812301522199689,0.9993622759692781,1.342538266977755,0.9925314750515841,5.194130620447395,16.52558069161187,0.24383940073272253,0.9969757257104297,1.5182611341067556,0.9880393286152527,3.223969732346347,9.776656482756293,16.52558069161187
MaxMun_a_0051364,3_pos_only,7.885236004197135,0.999163261208184,1.3274325083020855,0.9933339889565439,5.510158507682964,16.179289445002002,0.28182183267755223,0.9934406974525251,1.5507493540831785,0.9892410339158514,3.417808534561872,9.567040349998734,16.179289445002002
MaxMun_a_0051364,4_all_ones,0.0266308499600163,0.9999958099306427,1.873831997307179,0.9141195704454708,0.32467401134865825,41.36566944734123,0.001010579514152098,0.9999927170179839,1.990387366408207,0.8660619480915911,0.20952572532736904,25.050452443641614,41.36566944734123
MaxMun_a_0051364,5_offdiag_only,9.13966287339728,0.9544417311674898,1.276018430122469,0.9955304992986276,5.765472535959784,15.449582340786328,0.31338873772223624,0.9657127168271077,1.9929281405583568,0.9789037565843317,3.5337141809544903,9.143999202115769,15.449582340786328
MaxMun_a_0051365,1_raw_signed,8.862432523504891,0.9546217221294306,1.2773928923197597,0.9959596267678202,5.637085166301911,18.64755537807069,0.30852709278189216,0.9640655137148054,1.6218306344203504,0.9928939788659876,3.4578610905896316,11.051797554068216,18.64755537807069
MaxMun_a_0051365,2_abs,6.532650215342319,0.999652900413354,1.3106779403528068,0.9945824970794439,5.040693465523438,19.253477915692482,0.23131571340163284,0.9984961533254026,1.4012320111157566,0.9918653635266536,3.1065833327408305,11.401284543413249,19.253477915692482
MaxMun_a_0051365,3_pos_only,7.591942752465819,0.9996094031813848,1.2924434240187592,0.9953633244284051,5.3343643260136915,18.946302758139584,0.26854752419261224,0.9961422267179216,1.433390000115435,0.9929491042357481,3.2858957432711895,11.215356680758587,18.946302758139584
MaxMun_a_0051365,4_all_ones,0.028012906833039627,0.9999966738874102,1.8109896100859844,0.928375684981088,0.32533563017752815,42.93070074424431,0.0010258968232863034,0.999994740640488,1.9143000257668201,0.8944544186484558,0.20587361321380196,25.930243101873923,42.93070074424431
MaxMun_a_0051365,5_offdiag_only,8.611368873964135,0.9545070981303542,1.2441098326077074,0.9970297801365866,5.53054447097819,18.195098401692587,0.29570520181685966,0.9634070270606332,1.6665780135050794,0.992656411191327,3.379111755366281,10.775999298820391,18.195098401692587
MaxMun_a_0051369,1_raw_signed,6.037420747348926,0.9992601223030171,1.332977647119638,0.9948838960523355,4.925740768006112,15.427395603720472,0.21298873128990245,0.9968949811066666,1.5466672309112315,0.9913955517694635,3.0310149716921395,9.037916061201951,15.427395603720472
MaxMun_a_0051369,2_abs,3.6218878964121544,0.999581413294075,1.379826362900336,0.9924791247958723,3.840934973807576,16.690824182620194,0.1280402178182078,0.9988153008198496,1.5684467235617465,0.9873193716093407,2.3681217880099963,9.805491087168235,16.690824182620194
MaxMun_a_0051369,3_pos_only,4.585011899359845,0.9994925299688653,1.3548324336980206,0.9938562126413479,4.313835236780157,16.058896948489696,0.1618587197061339,0.9983585130899991,1.5425237980104647,0.9897133042363326,2.6563624331244857,9.420924016543497,16.058896948489696
MaxMun_a_0051369,4_all_ones,0.03788834809861525,0.999997286680238,1.7867431641009672,0.9419689747159474,0.3733617982852495,49.965835389563686,0.0014248390206756671,0.9999938975428045,1.9573844535272562,0.8824140217174974,0.24325911994005125,30.13839373709079,49.965835389563686
MaxMun_a_0051369,5_offdiag_only,6.0594421880168285,0.999464541849888,1.2854787676287107,0.9966189668137986,4.922138260140969,14.87718581548709,0.21358006422722184,0.9966558644664228,1.4615778801482588,0.9943941688131865,3.0249388843070872,8.704344095605732,14.87718581548709
MaxMun_a_0051370,1_raw_signed,3.3798634358957638,0.9982962471838724,1.4539401267259584,0.9880097029477231,3.676775453186819,10.48324628991642,0.12144153742486964,0.9867602593277403,1.9280653465005908,0.9792858237377524,2.292490452119196,6.085155020856542,10.48324628991642
MaxMun_a_0051370,2_abs,2.194515066425005,0.9991846933607776,1.527385469984862,0.9818094169414509,2.9650670784249176,12.098452015772132,0.0795481610366724,0.9971975242668132,1.9214371059567625,0.9701077567698139,1.8595793719339884,7.059561774849734,12.098452015772132
MaxMun_a_0051370,3_pos_only,2.5750971709296766,0.9990758129301149,1.4966643636635049,0.9845494888758685,3.23467859996611,11.290419907711776,0.09304365318800248,0.9958977800145795,1.873112610782283,0.9741673977826056,2.023611656556609,6.569501027974386,11.290419907711776
MaxMun_a_0051370,4_all_ones,0.028648657342534117,0.9999944389428521,1.990512777440502,0.8761410747730733,0.3443574400052984,43.84940758638736,0.0011022047128430967,0.9999900919929322,2.111319474042794,0.8037331435929319,0.22437585609553676,26.539393976581287,43.84940758638736
MaxMun_a_0051370,5_offdiag_only,3.364571004119455,0.9970031950914583,1.3875233653077836,0.9921909728554748,3.647954810938898,10.000325804607995,0.11977198536730524,0.9784879592177261,1.8375859710851237,0.9857781155188509,2.262797279849227,5.794864174485928,10.000325804607995
MaxMun_a_0051373,1_raw_signed,1.5259148493436987,0.9730191746452531,1.4857575943776566,0.9849174132737386,2.512365434599966,4.874553368995824,0.05320121192471921,0.9181826734929289,2.7706682168909067,0.9706541595386948,1.546276537036691,2.7037212840756677,4.874553368995824
MaxMun_a_0051373,2_abs,0.9564438913839898,0.9989338655518823,1.4606131010103154,0.9875177343378566,1.9490337615304472,8.455873370272672,0.034415081392581204,0.9973723660308699,1.7416800851618517,0.9810416594362484,1.2133001091233553,4.805858126229755,8.455873370272672
MaxMun_a_0051373,3_pos_only,0.9188732413095869,0.9983722256462432,1.5232281967826642,0.9816499475802659,1.9276953013686404,6.660500261643377,0.033001468113767154,0.99424430364343,1.9725504834767107,0.972343963051285,1.2000353838419546,3.723229459789397,6.660500261643377
MaxMun_a_0051373,4_all_ones,0.024594090318344027,0.9999957281230865,1.926702763479435,0.9104045759399829,0.30808100446582276,41.24033507418197,0.0009819056525873582,0.9999901568765736,2.0846872355514097,0.8304969043123889,0.20620093707256917,24.79046625763346,41.24033507418197
MaxMun_a_0051373,5_offdiag_only,1.4379649057029742,0.9510727923662455,1.4253213442092036,0.9890646634988621,2.434612973590672,4.426445302509029,0.04934257791434437,0.8964552785004298,2.9271097439990665,0.9724927956754793,1.4871072081568233,2.458042947734938,4.426445302509029
MaxMun_a_0051606,1_raw_signed,2.160354226402024,0.9054677466439797,1.5020902123204123,0.9860649830003164,2.8936009503605717,5.845792285920979,0.07096246548729124,0.866591915388452,3.483936799143771,0.9473184724965913,1.752712995742949,3.2342243600434326,5.845792285920979
MaxMun_a_0051606,2_abs,1.0895988220982324,0.999216131728122,1.5610254141938056,0.9813375538188579,2.087441304780437,8.991614110863768,0.03851154356245346,0.9966652172585285,1.9103772586570158,0.9623944572193062,1.297497083269592,5.029133638202116,8.991614110863768
MaxMun_a_0051606,3_pos_only,1.1961346683765408,0.9984220731793896,1.5718923198348096,0.9808928366919564,2.1914101394453094,7.392135274559848,0.04211752557469614,0.9880270080726585,2.057817527346011,0.9597436660704699,1.3607481559629533,4.076445803386613,7.392135274559848
MaxMun_a_0051606,4_all_ones,0.028443742125072193,0.9999959447135474,1.8248317979447815,0.9380601741122486,0.310708044473521,36.60740532637883,0.001055964971746552,0.9999916811468229,1.9723232301457227,0.8904950837755575,0.1999416130133255,21.71414859573815,36.60740532637883
MaxMun_a_0051606,5_offdiag_only,2.1381802979252686,0.8978243039028304,1.4442598522077386,0.9898795895864233,2.8683852258251124,5.456309720892084,0.06878663978022091,0.833500290661762,3.5411093219602763,0.9464602038766707,1.7203648878443,3.0272092481714057,5.456309720892084
MaxMun_a_0051607,1_raw_signed,5.501367930550965,0.9979611425020564,1.4260738040688747,0.9866303932807561,4.598177942240489,17.20336970713458,0.19410661022049364,0.993910465221294,1.834358386303122,0.9763541348636998,2.8443726722239853,10.08387094261196,17.20336970713458
MaxMun_a_0051607,2_abs,3.839279267042093,0.9992027438599927,1.4362291657554866,0.9863417319453945,3.9590670023494314,17.835067847452326,0.13561998238300862,0.9979973428635871,1.6491689277059984,0.9769171651406502,2.445829038986933,10.468604608907565,17.835067847452326
MaxMun_a_0051607,3_pos_only,4.529925569020769,0.9989415163162839,1.428700215224136,0.9866596489963935,4.2586135610015825,17.518462921049338,0.16000785089498812,0.9971869012001958,1.6797446237375526,0.9770371123930365,2.632531755711002,10.274341260793902,17.518462921049338
MaxMun_a_0051607,4_all_ones,0.03461641229811544,0.9999956370604521,1.8460350628759128,0.9204327290400579,0.3591769775818502,44.82957846652893,0.0012758273162471008,0.9999926390832249,2.100463046206103,0.8785843403370658,0.22896881603862718,26.96978741093431,44.82957846652893
MaxMun_a_0051607,5_offdiag_only,5.587450458703099,0.9980858828549759,1.3903643499928757,0.9889340753632974,4.631806546145803,16.709284807515598,0.1970353215750265,0.9934892307870018,1.771414838738678,0.9803874500945966,2.861538164317596,9.784060215107495,16.709284807515598
MaxMun_b_0051322,1_raw_signed,10.602580112032923,0.9975761665328374,1.3303882416176234,0.9938549478755438,6.350343112619668,19.853276162795478,0.3838411182603142,0.9944815350035174,1.5677635757882695,0.9902500431436043,3.958336902253888,11.829713757366875,19.853276162795478
MaxMun_b_0051322,2_abs,8.333378765494173,0.9992253049371049,1.312542555395587,0.9948688271344394,5.7155775899844325,21.27866533177068,0.3009508278980613,0.9983581207707981,1.4238767464271125,0.9920589277414634,3.5567650447635812,12.70529870086533,21.27866533177068
MaxMun_b_0051322,3_pos_only,9.183654198415455,0.9988567068199354,1.3206840682885124,0.9944055742722789,5.965871782686662,20.56508257131001,0.33196297817540604,0.9975754238142209,1.4642119045822137,0.9912893986465241,3.715211578845969,12.266881651130035,20.56508257131001
MaxMun_b_0051322,4_all_ones,0.04394984850654025,0.9999976215531885,1.800176476033952,0.9423054959933683,0.4286347219756257,57.06824778162871,0.0016097646847732573,0.9999963132892146,1.907959313858262,0.9152028531594476,0.2708420312816601,34.75771344397204,57.06824778162871
MaxMun_b_0051322,5_offdiag_only,10.624630553894105,0.9970174255636077,1.2975671532973094,0.9951325420080155,6.336070386880207,19.224940561062052,0.38340706051104123,0.9904972909644252,1.5214654412384168,0.9921723874209406,3.9414728422254113,11.44533258918971,19.224940561062052
MaxMun_b_0051323,1_raw_signed,5.76104489350277,0.9974830691352334,1.365599862463672,0.9924373003899573,4.77801605167494,12.922112131444313,0.2056536213758845,0.9854500554812917,1.710383371164341,0.987915162731324,2.9584953634072795,7.546703560359229,12.922112131444313
MaxMun_b_0051323,2_abs,4.205048265055981,0.9992519765125091,1.3537075707606525,0.9931917070687577,4.1251249376883194,13.843736536237422,0.14996651566082092,0.9975505930037699,1.4582337792118822,0.9895819995756449,2.551961749424145,8.102194887253042,13.843736536237422
MaxMun_b_0051323,3_pos_only,4.877462353355959,0.9988879568429986,1.3608947405350658,0.9927346145912728,4.436994258701574,13.382301949795565,0.1739632523975011,0.9956523623787737,1.5526028572635373,0.9887021613789031,2.745713833008846,7.822836439337042,13.382301949795565
MaxMun_b_0051323,4_all_ones,0.027570173383973464,0.9999958845841201,1.965623549383943,0.8887781678562559,0.3408819254503438,49.274507386910244,0.0010603480058261074,0.9999925889989512,2.379378686645947,0.8214912430534069,0.2215642925502212,29.85698623770676,49.274507386910244
MaxMun_b_0051323,5_offdiag_only,5.757812240337647,0.9970602392281144,1.3238978864597455,0.9942629657466007,4.765742505892105,12.379250895230095,0.20470310241771944,0.9758524556845141,1.6662072908674264,0.9906337316329763,2.9443760022886405,7.22032689790082,12.379250895230095
MaxMun_b_0051324,1_raw_signed,9.15940721689899,0.8155092057495525,1.2090712437525322,0.9982223650421179,6.09301343188302,9.045460853215916,0.3099501469082705,0.8527232021805502,2.2827561378558157,0.9865765998004953,3.6829711821664994,5.304959918111588,9.045460853215916
MaxMun_b_0051324,2_abs,5.360263569617877,0.9991211619171905,1.253278375025709,0.9971044964292379,4.581586467630354,11.46048034150904,0.19220279560956016,0.9958986241254874,1.40972912557654,0.9953577253377577,2.837760469122367,6.665740348159027,11.46048034150904
MaxMun_b_0051324,3_pos_only,6.925336849973437,0.9985016876434206,1.2248676469557127,0.9978642952250532,5.272342367520699,10.204251907177747,0.2471814188616342,0.9847724922987126,1.4737865358160795,0.9960350087365845,3.257254617045965,5.9144837338152785,10.204251907177747
MaxMun_b_0051324,4_all_ones,0.03044871694028098,0.9999966838614801,1.7796254467085268,0.9424070997077743,0.34389032904097777,43.36354901475368,0.0011230338459811986,0.9999947071060007,1.8839338891923436,0.9143677595148133,0.2182019476536594,26.235733991906287,43.36354901475368
MaxMun_b_0051324,5_offdiag_only,8.802392129248659,0.7841192371647554,1.1744777222096587,0.9988370729178047,5.976556220421666,8.600853615883368,0.2940105690909748,0.8281563629092416,2.3010344909748888,0.9834731453000859,3.5931634990377503,5.055424220683262,8.600853615883368
MaxMun_b_0051325,1_raw_signed,5.277067620648043,0.997023924984606,1.4449377477569205,0.9894993906664299,4.643693996100555,10.709789880887648,0.18470904448018105,0.9838549532039055,1.9468176038289788,0.9797087560943843,2.8586536121295794,6.080177218546615,10.709789880887648
MaxMun_b_0051325,2_abs,3.201253538497451,0.9992894778040027,1.4813919475806652,0.9879324182840525,3.623355293097247,13.794175846152758,0.11198479121680834,0.9979139469236948,1.8263394135593067,0.9792318904911794,2.227159495203297,7.934722994451763,13.794175846152758
MaxMun_b_0051325,3_pos_only,3.8370530314524007,0.9988601547291118,1.4576422397938522,0.9892282139124063,3.9582918444841995,12.250263599401244,0.13420853162860014,0.995789927797277,1.8142859450437445,0.9798306507366511,2.4351316313922693,7.002222998070853,12.250263599401244
MaxMun_b_0051325,4_all_ones,0.03661333391912852,0.9999961414013706,1.9838139416297387,0.9009304090915622,0.3852115108871978,57.57336369430636,0.001350722555886581,0.9999936463647923,2.3264079048086637,0.8574939732597114,0.24471328858794056,34.438456284152814,57.57336369430636
MaxMun_b_0051325,5_offdiag_only,5.2376934847589505,0.9974002913660688,1.3868789608467114,0.9927153196912663,4.6166334253055,10.074657582124818,0.1826382288580559,0.9763020815356495,1.8556669254898885,0.9851312706634717,2.8337078396031643,5.701857627531976,10.074657582124818
MaxMun_b_0051326,1_raw_signed,6.578639483690289,0.9469216515758356,1.1636146274360837,0.9989657388830787,5.034427836224085,11.411342954581832,0.2249940904003959,0.9496781675295859,2.04229145576282,0.9836388337465769,3.072457673866374,6.710972405858288,11.411342954581832
MaxMun_b_0051326,2_abs,5.147169366079681,0.999649957207967,1.178721775331361,0.9987159781078385,4.552453128871107,12.041562153533416,0.18371695917382255,0.9935676477964607,1.414587328829032,0.9975367491449402,2.8130645862737937,7.061292774975973,12.041562153533416
MaxMun_b_0051326,3_pos_only,5.705681716743239,0.9996066202593378,1.1712498941867875,0.9988448502578497,4.774390778956673,11.695429241581314,0.20325071420052254,0.9864504222337088,1.4514118961936726,0.9976844717830463,2.947751961470849,6.855611656628638,11.695429241581314
MaxMun_b_0051326,4_all_ones,0.01932586827378919,0.9999974247353676,1.6419937435091805,0.9669416602808261,0.24258943189878596,30.6407403395204,0.0007282601375234937,0.9999954286560155,1.9164990776482465,0.9492654625911551,0.15545709835858398,18.477152665083015,30.6407403395204
MaxMun_b_0051326,5_offdiag_only,6.329342839752072,0.9248502345199896,1.1330295839945046,0.9993643620385457,4.914196522654633,11.085246771573933,0.21493980952097796,0.9462252128319234,2.0433943894463673,0.9793194609328166,2.991601081096143,6.5170896834518555,11.085246771573933
MaxMun_b_0051327,1_raw_signed,20.18324615095968,0.9553121838637593,1.2482320484213236,0.9973553010678494,8.733382476057228,27.527049180462868,0.6741626237265501,0.9765379404492404,1.6413904068071536,0.9917139716710399,5.265268523550505,16.229370193682495,27.527049180462868
MaxMun_b_0051327,2_abs,16.672057591057065,0.9997442762427511,1.258835200963127,0.9970129371040255,8.160830756145554,27.955388557873817,0.5735439931003727,0.9992756493285083,1.3712540225083878,0.9947997719299125,4.955007442017192,16.466840875368977,27.955388557873817
MaxMun_b_0051327,3_pos_only,18.29037616612816,0.9997131535160756,1.2535201955723756,0.9971870807571418,8.445997562255338,27.71311943663971,0.629251355006148,0.997571517684977,1.3916817728499578,0.9950832800160551,5.127935869404282,16.322072521188066,27.71311943663971
MaxMun_b_0051327,4_all_ones,0.02736743281693416,0.9999980200210885,1.9681742499600359,0.8889021332331328,0.3365350540538715,71.65581323960754,0.0010363267951920968,0.999996533902196,2.070738326448973,0.8338416465144322,0.21702805071283413,42.87584423121296,71.65581323960754
MaxMun_b_0051327,5_offdiag_only,20.08331547556765,0.9553691470699733,1.2113177426807582,0.9982264043089517,8.705000915987997,26.74980071193939,0.667705977486281,0.9769441302778396,1.6208979544045468,0.9918337875577419,5.237617795046561,15.76188533968193,26.74980071193939
MaxMun_c_0051328,1_raw_signed,7.483462768259936,0.980315599833614,1.3096571004483026,0.9947652744039365,5.432044360786914,12.50040974841517,0.2638763935279398,0.9505091445386464,1.9339107901354062,0.9891635698451284,3.350537118455803,7.305446975524421,12.50040974841517
MaxMun_c_0051328,2_abs,3.7981737007656258,0.9994832828011398,1.3802534908705362,0.9917858794768697,3.8969934747900354,14.81095316745025,0.1353126111313624,0.9979169371680414,1.603616026596838,0.9828847104588387,2.41888180856254,8.691414629584738,14.81095316745025
MaxMun_c_0051328,3_pos_only,5.188394502465336,0.999124847615036,1.3371581529699983,0.9937739422574724,4.563417990287077,13.653110946394408,0.18459902363409988,0.9950891790518683,1.5993801950614817,0.9876612904238194,2.824985546736115,7.983082948411047,13.653110946394408
MaxMun_c_0051328,4_all_ones,0.036143867326276787,0.999996682568866,1.8738172307499061,0.9152992740814412,0.38686210452129904,52.804699628658675,0.0014005475971261754,0.9999924855770197,2.0398049951475654,0.8303451710857574,0.25390140953229245,31.979568056181506,52.804699628658675
MaxMun_c_0051328,5_offdiag_only,7.3732878032057085,0.9470531430241407,1.2711983398082911,0.9961104610116779,5.38150832597168,11.92781142320148,0.25853466010495485,0.9388985519288815,1.956316264190033,0.9910215635678572,3.3098614799003463,6.962156174865981,11.92781142320148
MaxMun_c_0051332,1_raw_signed,6.825767103546327,0.9964455531160784,1.3118395980456998,0.9941402336714521,5.1884943376203,14.736282084930329,0.26184278601284694,0.9892777152080735,1.6630311323053377,0.989789223690396,3.336434998478643,8.907166598550187,14.736282084930329
MaxMun_c_0051332,2_abs,5.005740473418091,0.9992588249654522,1.3161173521278169,0.9940668465029087,4.531578989359843,15.471684056726039,0.19365938718144676,0.997941995992464,1.4481032953859407,0.990539772638738,2.9212717469332845,9.359373301918371,15.471684056726039
MaxMun_c_0051332,3_pos_only,5.775860449434309,0.9989471526478496,1.3154680272445876,0.994020859600781,4.839832637089595,15.102900547521228,0.22277385625897983,0.996873407608068,1.518417739203311,0.9903302465057001,3.117308783690268,9.131258503008402,15.102900547521228
MaxMun_c_0051332,4_all_ones,0.02099453370434104,0.99999736446129,1.7594813011917358,0.9424345295061415,0.2958376768208873,43.84556659453627,0.0008694352298113531,0.9999953487972614,2.0029618423114637,0.9195621938496268,0.19812111492299453,27.018183534893442,43.84556659453627
MaxMun_c_0051332,5_offdiag_only,6.549872439964125,0.9962951885007925,1.2985183988524567,0.9946026471576409,5.070303374322705,14.253321322981655,0.24978360707681013,0.9863627620399579,1.6500674524458219,0.9904725757534262,3.250678443620418,8.60873351829079,14.253321322981655
MaxMun_c_0051333,1_raw_signed,5.278932689662161,0.9993728392110374,1.3329912755706572,0.9960492049772283,4.350184605474814,18.666558711359475,0.18843014064060204,0.9940165982622081,1.5374881975183472,0.9927638265336418,2.6957514419760593,11.066667168150092,18.666558711359475
MaxMun_c_0051333,2_abs,3.8242969596064085,0.9997792088349232,1.3694599076194327,0.9949789241777066,3.689840886643455,19.42677475576103,0.13686044615284587,0.9989808202734821,1.5161101473148801,0.9912722144166785,2.2905667953626576,11.529245616569332,19.42677475576103
MaxMun_c_0051333,3_pos_only,4.447014898640981,0.9997005856146476,1.350236013672837,0.9955884540910307,3.994302527530908,19.04656156541046,0.15890557690466806,0.9982286930552614,1.5264259977798933,0.9921634135424171,2.477131317249267,11.29725399227949,19.04656156541046
MaxMun_c_0051333,4_all_ones,0.03980390342158163,0.999997319631772,1.8063166258708931,0.9399643331958304,0.3993099812192635,52.1372295559498,0.001466153979455208,0.9999951809798387,1.9378228139612006,0.8999768538234215,0.25308445358682236,31.62846889809211,52.1372295559498
MaxMun_c_0051333,5_offdiag_only,5.313258571602742,0.9994329040506791,1.277018089773533,0.9975375760497521,4.367905008296536,18.09282626815894,0.18897478553500857,0.9855048149700266,1.4727163812439867,0.99513729851235,2.7007684148544917,10.71837209495114,18.09282626815894
MaxMun_c_0051334,1_raw_signed,5.481878830278201,0.999689090445994,1.3734409648726087,0.9911611252467111,4.5575433402296905,23.680788978121914,0.20017076781894677,0.999095650564143,1.5683208597926799,0.9850397243322635,2.861779544965859,14.309726839257982,23.680788978121914
MaxMun_c_0051334,2_abs,5.362618746955351,0.9997007533126296,1.3743459505576652,0.9910960461797439,4.524776113169965,23.701809273171065,0.19591342524118582,0.9991765888168158,1.5616434802394425,0.984942884744341,2.8415333698112986,14.322520442988589,23.701809273171065
MaxMun_c_0051334,3_pos_only,5.421579695334951,0.9996953974139612,1.3738713422225093,0.9911295983893559,4.541114184629347,23.691297401571557,0.19802108485414613,0.999139826018477,1.5635023107503287,0.9849917403917625,2.8516348710638253,14.316112549733818,23.691297401571557
MaxMun_c_0051334,4_all_ones,0.023103661134408832,0.9999966512453178,1.893299354523559,0.9082918403756217,0.3057572474187918,43.80461847884812,0.0008945901113558344,0.9999942569157492,2.003877756421737,0.8594241702533743,0.19989594424252458,26.79280076584362,43.80461847884812
MaxMun_c_0051334,5_offdiag_only,5.389684674343715,0.9997755296075425,1.3236768793782094,0.9937084429973009,4.515020331419444,23.19847377913859,0.19625135202081034,0.9992065940851227,1.4840336916258208,0.9892469148907467,2.8274000238470203,14.009952037562488,23.19847377913859
MaxMun_c_0051335,1_raw_signed,5.845004266132849,0.9990550057596743,1.3609814860388048,0.9926077941538692,4.717814040629323,13.841361446764697,0.2075427350615255,0.9920024024474764,1.6929984985608648,0.9869678008482584,2.9188820924531833,8.054662119631606,13.841361446764697
MaxMun_c_0051335,2_abs,4.059688350781072,0.9992629854460647,1.4111748177794294,0.9893256772119958,4.024949677368575,14.501345104350273,0.14440006265631097,0.9975836898605281,1.720426894717218,0.9814600534702858,2.4945793492027653,8.451532484200953,14.501345104350273
MaxMun_c_0051335,3_pos_only,4.876040572064948,0.9992009072177207,1.3836731846021664,0.9912034134238171,4.364722827360701,14.171264352023352,0.17323823839540703,0.9965723401018505,1.6755343648581036,0.9846125427634578,2.7023805394458127,8.252010815628635,14.171264352023352
MaxMun_c_0051335,4_all_ones,0.03174842352274477,0.9999947940500344,1.9952909514287944,0.873792562052876,0.37095117872821387,49.66196655176222,0.0012314351369206462,0.999990427028938,2.1126709787035094,0.8007771165136972,0.24230109682820153,29.906678976525168,49.66196655176222
MaxMun_c_0051335,5_offdiag_only,5.711200495793462,0.9993093609868349,1.2982813401340447,0.9954385450442826,4.640122187620374,13.293845457566315,0.20223748087038343,0.9900350833727548,1.5831527535331482,0.9917185141580307,2.862835666557715,7.72281102917859,13.293845457566315
MaxMun_c_0051336,1_raw_signed,9.417255962358814,0.9111060564754283,1.0873330763424087,0.9998066116402076,5.4562425157998575,14.9632721829832,0.3096915223130656,0.9141119123086899,2.030092283237631,0.9627374629827561,3.3008634876550924,8.937001860591785,14.9632721829832
MaxMun_c_0051336,2_abs,5.995658777561609,0.9998762666071289,1.1167552859731031,0.9995664633104177,4.740567630152551,15.4869711884171,0.21537742688350234,0.9963662235186778,1.2276735431869368,0.9992747467432712,2.936889027418677,9.184902214763813,15.4869711884171
MaxMun_c_0051336,3_pos_only,7.468620424778632,0.9998310821342987,1.0991609490248044,0.9997225233424473,5.093812108183108,15.143866055176915,0.26712730783714356,0.9682522228387079,1.2951480191994058,0.9992541876439137,3.1514445326162766,8.990993921845886,15.143866055176915
MaxMun_c_0051336,4_all_ones,0.01848979012506158,0.9999986195753685,1.578538607944176,0.9764150015215864,0.2470900735610468,30.928271968782422,0.0006769097090725228,0.9999974474300767,1.6851091388057584,0.9612020302620539,0.1562484983881417,18.700294006685965,30.928271968782422
MaxMun_c_0051336,5_offdiag_only,9.066212860894929,0.9118691101311533,1.0617112373613267,0.9999216756438346,5.301532341227066,14.638238586409576,0.2958482091608058,0.9085941708329052,2.0273419447895233,0.9560936492597677,3.199990992899365,8.744489159986653,14.638238586409576
MaxMun_c_0051338,1_raw_signed,3.6359013979768373,0.9523814489415413,1.5600967993530621,0.9723623749116921,3.6753011697043307,11.123887715642473,0.12225354063267953,0.9692662115190139,2.9127741616864324,0.9016427821106874,2.2747351866346035,6.512580181401066,11.123887715642473
MaxMun_c_0051338,2_abs,2.1756099569440983,0.9983894070828737,1.602411211395469,0.965979677716161,2.98601962979809,11.92892170880904,0.07927905731262867,0.9959213716148178,1.9391288965049813,0.9476907770999756,1.8799337835108414,6.969740929055066,11.92892170880904
MaxMun_c_0051338,3_pos_only,2.766461489006607,0.9975371521127243,1.5836459717584381,0.9689207704186367,3.313579123617131,11.480064366796634,0.1003901445393087,0.9866297257052309,2.0889148497861423,0.9514997432420539,2.0831917711765118,6.702063057778954,11.480064366796634
MaxMun_c_0051338,4_all_ones,0.016609564235722216,0.9999957336630703,1.967791466293782,0.8629893038611537,0.26642573745845133,41.62042082184261,0.0006574519737165023,0.9999925451095214,2.067172231842217,0.795407545393706,0.1755684214163448,25.24013030872227,41.62042082184261
MaxMun_c_0051338,5_offdiag_only,3.502534637521785,0.9527593004641339,1.518605197098747,0.9776689222360955,3.5948290340384954,10.670087721700254,0.11729516560987635,0.9691427324391126,2.8533019780103195,0.9010988558782951,2.218308520046888,6.235704504789382,10.670087721700254
MaxMun_c_0051339,1_raw_signed,2.563937382811044,0.9973483703347606,1.280042611397084,0.9969210464583559,3.19146033656767,6.820869532482963,0.08957675997114734,0.9231712409852887,2.016436357773913,0.9920669912780439,1.9583108856940095,3.873987848607664,6.820869532482963
MaxMun_c_0051339,2_abs,1.4047198367496645,0.9996373535775488,1.3372929140073142,0.9951249701476266,2.3670377829225004,8.574727997634215,0.05041728520891691,0.996493425121265,1.6021223949678491,0.9919363718472877,1.4678231141118563,4.887791332091353,8.574727997634215
MaxMun_c_0051339,3_pos_only,1.8267918270052936,0.9994772708747548,1.30787067365929,0.9960867264496021,2.7005585796086256,7.697398821491433,0.06535970360159506,0.9886315892405524,1.6958249795065123,0.9926326106322143,1.6721492296906513,4.362484731914527,7.697398821491433
MaxMun_c_0051339,4_all_ones,0.017043678343640324,0.9999965570110257,1.8588597968284664,0.9272906872523832,0.25572485109511167,34.109893425033704,0.0006667007277333152,0.9999923078941584,2.016273808468152,0.8639010498781652,0.16890781654829476,20.490079375800306,34.109893425033704
MaxMun_c_0051339,5_offdiag_only,2.5219978008044937,0.973360681347257,1.2294476036161774,0.9980973176732518,3.1605602371092516,6.44683331172184,0.08693827780066248,0.9101333074035465,2.0091684249960506,0.9926973238894824,1.9284666970913087,3.661413327601041,6.44683331172184
MaxMun_c_0051340,1_raw_signed,6.611141353446066,0.9927929196113344,1.3404405837021796,0.9947820499693324,5.170261829014153,11.825111247723092,0.23123495427141594,0.9712496225228475,1.7276070684428406,0.9906235586795495,3.1721098724421646,6.8601114799272525,11.825111247723092
MaxMun_c_0051340,2_abs,4.228325056401835,0.9992933112167827,1.3541236436362731,0.9938714726046285,4.161721117621053,13.339578366443268,0.14922310164327163,0.997205296352745,1.4847293598269882,0.9896985541777471,2.5622774385259492,7.765117333092243,13.339578366443268
MaxMun_c_0051340,3_pos_only,5.214595137926088,0.9990407839662546,1.3465927456814508,0.9943800122640672,4.616685293893331,12.581441725416354,0.18378316855210647,0.9948734720796332,1.5314651916299056,0.9905124945534316,2.840332189481288,7.305702644174654,12.581441725416354
MaxMun_c_0051340,4_all_ones,0.02622719350271457,0.9999973047135141,1.8487531386012594,0.9316192462951342,0.32860032318570936,45.750517502098255,0.0009703044469126947,0.999995589391133,1.9606172319483772,0.8976640883076499,0.20892217627088067,27.600368860074504,45.750517502098255
MaxMun_c_0051340,5_offdiag_only,6.437003798120848,0.9561961325790006,1.3080509183783282,0.9959976450881798,5.083419866479324,11.331795597950888,0.2232827364718164,0.9631253677757855,1.795120073289878,0.9913491919963238,3.108502945334292,6.566324249107628,11.331795597950888
MaxMun_c_0051341,1_raw_signed,8.606940175032097,0.9998385020399029,1.2690357479568604,0.9966771442526681,5.614739781517997,26.452662558345978,0.30558319604660733,0.9993335604520961,1.3667434368450577,0.9943997409818262,3.465162262953624,15.827862785068653,26.452662558345978
MaxMun_c_0051341,2_abs,8.223876558403207,0.9998462187266489,1.2726249166468693,0.9965636814427823,5.523652891432406,26.50890186094072,0.29202856786482023,0.9994252804671473,1.367923519147492,0.9942082232646429,3.409256970788233,15.862168235764587,26.50890186094072
MaxMun_c_0051341,3_pos_only,8.412989921147355,0.9998425876904102,1.2707851665604029,0.9966219784281737,5.5691360588402645,26.48078118950319,0.29872099758576703,0.9993839523143268,1.3671532358664282,0.9943061966385042,3.4371711482523315,15.845007859416263,26.48078118950319
MaxMun_c_0051341,4_all_ones,0.03221264751549791,0.9999976075237705,1.845655324957699,0.9305182767211875,0.36725432411848263,53.285695680819856,0.0011968053564716183,0.9999957953179834,1.9742181243388779,0.8873674485868575,0.23387899719259836,32.304043499425994,53.285695680819856
MaxMun_c_0051341,5_offdiag_only,8.536546949425391,0.9998907139876232,1.2256825269144578,0.9978436973956974,5.575067078960438,25.866510951069657,0.3027707977366406,0.999361015774005,1.310665844093154,0.9963515235890676,3.435958032090555,15.468082997737598,25.866510951069657
MaxMun_c_0051342,1_raw_signed,5.970304952719721,0.9987965752152065,1.4277677760656242,0.9881390438345798,4.9161316506235595,16.794309297540345,0.21146688771239305,0.9964840520836453,1.8151986346283304,0.9782356925944226,3.041446235906987,9.8417110310738,16.794309297540345
MaxMun_c_0051342,2_abs,4.980868541661757,0.9992990757060045,1.4236248030765788,0.9886366003286863,4.5082699908910255,17.211562935782,0.17606117030187768,0.998068210243756,1.7462311513066635,0.9792870875142,2.786516686804559,10.094498746691466,17.211562935782
MaxMun_c_0051342,3_pos_only,5.438980635378676,0.9991125402274127,1.4251796594901007,0.9884227785809488,4.7047791451175,17.00272890960227,0.19239574241556734,0.9974802953640274,1.763334012211405,0.9787378959109992,2.9091355026008334,9.967955004718723,17.00272890960227
MaxMun_c_0051342,4_all_ones,0.025246606405263484,0.9999965647596962,1.8887976679432719,0.9186234705541748,0.31292596331206807,45.15545325174153,0.0009483948917989732,0.9999936600825416,2.01690150458954,0.8677276347305509,0.20125769287084946,27.134186610897014,45.15545325174153
MaxMun_c_0051342,5_offdiag_only,5.888791988881226,0.9989363389564498,1.3843891924575316,0.9908683721462431,4.86505020348403,16.296688341777585,0.20812410285687094,0.9964396904710668,1.7369012145511797,0.9830966343094614,3.003328152252465,9.539269286109613,16.296688341777585
MaxMun_c_0051343,1_raw_signed,9.01326439319341,0.9988647788266544,1.3247400428346852,0.9939623844206839,6.023597511055939,16.054295592620633,0.3244038978656436,0.9953713531445207,1.5597400008486493,0.990522059612463,3.7447231120667235,9.53028575093587,16.054295592620633
MaxMun_c_0051343,2_abs,6.643671729667628,0.9993040856509534,1.349294815148194,0.9927696208531428,5.15906991949902,17.22773519284907,0.23957323177788276,0.9977845272569331,1.5451967002732476,0.9886266451993497,3.21157270715063,10.246789142628613,17.22773519284907
MaxMun_c_0051343,3_pos_only,7.682166825871015,0.9991599787058792,1.336033264306695,0.9934259909276065,5.5610685803185955,16.640829166487574,0.2768009523421111,0.9970552875016446,1.5475776348129655,0.9896839478319166,3.459746377517252,9.887645147020278,16.640829166487574
MaxMun_c_0051343,4_all_ones,0.03374242906936805,0.9999971654541159,1.8414868837103766,0.9191091492708797,0.37870732106616506,54.65625501270341,0.0012823085154367907,0.9999951572335816,1.9539701717955775,0.8740589487056184,0.2446106989922783,33.35107539960582,54.65625501270341
MaxMun_c_0051343,5_offdiag_only,8.786538824689263,0.9990935454134364,1.2895507399804504,0.9954235003676096,5.943071128830042,15.45216301191352,0.315656900198666,0.9950803062369838,1.5027885817819393,0.9927589234676538,3.6892993394819675,9.160189165827827,15.45216301191352
MaxMun_c_0051344,1_raw_signed,13.849351239577322,0.9552106626461028,1.181030923422612,0.998678029507266,7.221477785142528,18.55063853323083,0.46887265767119113,0.9713551706606561,1.7484209884387711,0.9827691894017115,4.389032374966287,10.983344276713236,18.55063853323083
MaxMun_c_0051344,2_abs,11.619589146183877,0.9997980060499828,1.1889374748365495,0.9985337165733297,6.7903616618649405,18.814677004258044,0.41017208537206706,0.9973821804623292,1.2411981947898316,0.9977616829409504,4.1710324125186755,11.11416326771184,18.814677004258044
MaxMun_c_0051344,3_pos_only,12.590589857290974,0.9997577098641376,1.185364498054163,0.9985996874594338,7.003891089567171,18.63432870517461,0.4439847461389693,0.9893589916104921,1.3025552598357835,0.9977737737554712,4.300720465836237,11.008893602480388,18.63432870517461
MaxMun_c_0051344,4_all_ones,0.03393858424811302,0.9999979312407443,1.6503594736214013,0.9653916028324234,0.3575334052672425,41.98460159930303,0.001218675193895283,0.9999966949367296,1.7485629020537825,0.9480730761828562,0.22348812078614863,25.298565578627436,41.98460159930303
MaxMun_c_0051344,5_offdiag_only,13.088683232080463,0.9552777364162641,1.1564324039694291,0.9990690671234476,6.978885236622337,18.095049741872963,0.4417596487354485,0.9700736340013455,1.7521796111685477,0.9803343058770185,4.237747897390982,10.70683850736369,18.095049741872963
MaxMun_c_0051345,1_raw_signed,3.559812544646542,0.9549899452848865,1.3268503605300312,0.9942147518137963,3.741477891228387,10.693284170059876,0.1238732638609174,0.9731069511888204,1.7620878220940968,0.9885203951532262,2.299177175367987,6.191378174447953,10.693284170059876
MaxMun_c_0051345,2_abs,1.9157173799814033,0.9993082079762311,1.5149407383303173,0.9783456177857793,2.7928081032548717,13.142505497189,0.06884964379284776,0.9982054391253177,1.6164284117472227,0.9663836103716986,1.7411291369853101,7.670618131669462,13.142505497189
MaxMun_c_0051345,3_pos_only,2.14579990791074,0.9993472727404626,1.4401691554415057,0.9866283058002429,2.972866808345182,11.912375563278548,0.07669595877075419,0.9975662259895343,1.5694840629007913,0.9790384816300585,1.8448080258819899,6.919042399576139,11.912375563278548
MaxMun_c_0051345,4_all_ones,0.022783122768354893,0.9999972177199081,1.8030901519322373,0.9353936764435187,0.29478938823572054,44.61579564282163,0.000842764570598656,0.9999956127627391,1.9052328193669994,0.9055597469219956,0.18737189782662486,26.984691771685686,44.61579564282163
MaxMun_c_0051345,5_offdiag_only,3.5263861772470855,0.9550107644276882,1.27254951755342,0.9962868260780601,3.7134526044755916,10.21558543866922,0.12128289126841295,0.9714576674117984,1.8096152079565906,0.9886591694016095,2.272275905816095,5.902029221362589,10.21558543866922
MaxMun_c_0051346,1_raw_signed,10.647751584351637,0.9916235385672928,1.505773052209378,0.9776966771837623,6.139735333522705,22.655663833521388,0.3826912302337414,0.9835037966231885,2.031593037636283,0.9650470991709064,3.839688727309782,13.498452326231101,22.655663833521388
MaxMun_c_0051346,2_abs,8.722183818874152,0.9977309396863003,1.5130267409160836,0.9768668789939683,5.696151318353701,22.9740973948561,0.3146534778218844,0.9957426640091048,1.8202114872996662,0.9643197295455852,3.564981846975601,13.687371426578054,22.9740973948561
MaxMun_c_0051346,3_pos_only,9.61684676917364,0.9971827776490771,1.5093798981693312,0.9772787562086568,5.915624072014261,22.81260804998745,0.3468456074871871,0.9946051793215873,1.878256480669303,0.9648201822057301,3.702448215866587,13.589232545466436,22.81260804998745
MaxMun_c_0051346,4_all_ones,0.027905426259663264,0.9999935007908552,2.057192938059826,0.8003795133254368,0.351792392228533,51.01629465555729,0.0010945287024394412,0.9999896832917723,2.3277987914341534,0.7228698085855254,0.2297835758119418,30.895851232052472,51.01629465555729
MaxMun_c_0051346,5_offdiag_only,10.541036094541832,0.9909366980035842,1.4649900391303108,0.9819677639291372,6.107068110540336,22.091188630111944,0.3769826673859312,0.982717034960483,1.931905622687769,0.971495733307777,3.805726959466275,13.15239033805764,22.091188630111944
MaxMun_c_0051347,1_raw_signed,10.374079886895283,0.7833696707764483,1.2478246000363575,0.9967728874086108,6.207011330049034,10.404999162772551,0.3246944002206876,0.8473183531498799,2.8990222647544637,0.8781691505870924,3.6973117792777135,6.187192657102197,10.404999162772551
MaxMun_c_0051347,2_abs,4.963894073460732,0.9994612648736017,1.2987667307243995,0.9947471243037623,4.48228883626471,12.19859527103571,0.17730595555718254,0.9963969726990938,1.4988830042613115,0.9901778295375915,2.776977075483888,7.099459873453285,12.19859527103571
MaxMun_c_0051347,3_pos_only,6.690337125251429,0.9991312068695213,1.2768492375603195,0.9956962147148294,5.222352447631529,11.032820408456763,0.23868747440589613,0.9837961403877323,1.5797833256343954,0.9919577286964442,3.232080474243223,6.398603729822526,11.032820408456763
MaxMun_c_0051347,4_all_ones,0.0262910393863444,0.9999975798253429,1.6590674701126837,0.9615074501221262,0.2940540118472661,37.23952421201982,0.000988945950115391,0.9999944183839079,1.8154567955602912,0.9213234659080405,0.19049839631965007,22.422637877758586,37.23952421201982
MaxMun_c_0051347,5_offdiag_only,9.901087095768528,0.7715846469240956,1.2264360909685212,0.9974023357246417,6.0165967462005225,10.03405039731088,0.308358538311722,0.8370501380805075,2.9272673366681468,0.8610516416832138,3.577788947576681,5.9786331429070225,10.03405039731088
MaxMun_c_0051348,1_raw_signed,2.8683533745144225,0.9981804898934007,1.5624358870220316,0.9818980064994083,3.301468800713959,11.123559427045539,0.10184249217569324,0.9852552291801984,2.004778740631974,0.9704660151937409,2.051854010893033,6.400518137259673,11.123559427045539
MaxMun_c_0051348,2_abs,1.7329936046890833,0.9990102439983078,1.6423657653045567,0.9728295720052172,2.632469935649637,11.966926617303526,0.06199181768454793,0.997109210078677,1.9018051695094893,0.9570813067783971,1.6434123609905766,6.905320652445459,11.966926617303526
MaxMun_c_0051348,3_pos_only,2.2060890419098875,0.9988139974748792,1.6026812435939084,0.9777177335383931,2.937255848341552,11.544985046903022,0.07860756508727423,0.9954268418381587,1.928206480305492,0.9644105129042316,1.829569723812752,6.651080930180139,11.544985046903022
MaxMun_c_0051348,4_all_ones,0.02020773722638597,0.9999962268267716,1.891100685791777,0.9142773431568276,0.27963950192786,38.24582149950363,0.0007542273150463789,0.999993777989537,1.9985763600841513,0.8740884212899918,0.17846321358688788,22.92365959519842,38.24582149950363
MaxMun_c_0051348,5_offdiag_only,2.8568470007383624,0.9985019884589602,1.5076993174217348,0.9865482250970546,3.284001889433131,10.701546547555047,0.10068589063195697,0.9766443627844119,1.945702659307902,0.9776649406690558,2.0313628304724456,6.149980150074716,10.701546547555047
MaxMun_d_0051329,1_raw_signed,5.125401936797215,0.9976022365633236,1.4556545843633242,0.9843340246611223,4.47708385922653,16.3013652920298,0.19880451988775777,0.9949071517297925,1.8107175928413417,0.9756980487895115,2.8925385893156244,9.934117285300495,16.3013652920298
MaxMun_d_0051329,2_abs,3.555796309234511,0.998902333501866,1.4628005494390892,0.9844370191482892,3.7932260375072997,16.984305074913305,0.13932602284721543,0.997812943610777,1.6906128557169984,0.9763175572382242,2.4640590764478287,10.35679833645942,16.984305074913305
MaxMun_d_0051329,3_pos_only,4.233833552018308,0.9985019166510269,1.4601720516226895,0.9842438503000096,4.1135916732616895,16.642305309867115,0.16526422496192658,0.9969313448331795,1.7348232367860499,0.9758813326191865,2.6658547454848316,10.14427374407181,16.642305309867115
MaxMun_d_0051329,4_all_ones,0.02055422269733928,0.9999973082949394,1.9110743885130692,0.907393865247406,0.29420946380397495,46.50686407222888,0.0008379947140497052,0.9999949336851424,2.027107340278205,0.8504175939414407,0.19710134762614376,28.816080567320554,46.50686407222888
MaxMun_d_0051329,5_offdiag_only,5.229720858079731,0.9975898767520528,1.4185278871476508,0.9869855178790469,4.5082148447578785,15.788915402027255,0.20120330801982472,0.9945246797953226,1.7701344564249926,0.9794975206304968,2.898866143444917,9.614072239364853,15.788915402027255
MaxMun_d_0051330,1_raw_signed,6.929505855664412,0.999850273994059,1.2697935808158631,0.9964511063407795,4.860029792701625,23.931568567559907,0.2571171561235094,0.9992049395022053,1.3601783884042937,0.9934990173290703,3.0714262275994537,14.621143497815554,23.931568567559907
MaxMun_d_0051330,2_abs,6.88544343602706,0.9998505939673815,1.2704613716772006,0.996427431760258,4.849362789122511,23.938207244800463,0.2555061074766317,0.9992176748592684,1.3606293339766173,0.9934564608525847,3.0647958528062325,14.62525954249382,23.938207244800463
MaxMun_d_0051330,3_pos_only,6.907398182096533,0.9998504391886079,1.2701267923013924,0.9964392821345065,4.8546901963982645,23.93488788542173,0.25630879725527667,0.9992114012942166,1.360401110445505,0.9934777580332651,3.0681059705932654,14.623201371382342,23.93488788542173
MaxMun_d_0051330,4_all_ones,0.018296135667346825,0.9999975094658737,1.901038779199413,0.9079122224432454,0.27912575605691375,45.222053060429936,0.0007210621847784157,0.9999958080712129,2.0058980574132055,0.8617472476728184,0.1830685622442702,27.898539594745973,45.222053060429936
MaxMun_d_0051330,5_offdiag_only,6.759597967136354,0.9998990770404281,1.2292537459268793,0.9976082591047772,4.773858267513122,23.434087852389986,0.2498340350940863,0.99922250154384,1.3051289858440924,0.9955783968502864,3.007273226480685,14.310877678492858,23.434087852389986
MaxMun_d_0051331,1_raw_signed,6.0738429640757845,0.9996066041572048,1.382135881144267,0.9911628214783461,4.888133756724352,24.365392275086148,0.2204791191872868,0.9990883136991656,1.5958633029950704,0.9862447241866853,3.0546639311895514,14.755868296956493,24.365392275086148
MaxMun_d_0051331,2_abs,6.005951496940193,0.9996107064600559,1.3831429998511517,0.9911029501691799,4.865402034156828,24.382165743934255,0.2180254502251083,0.9991036252696569,1.5956313953897225,0.9861563665277188,3.040565442195015,14.766197205638209,24.382165743934255
MaxMun_d_0051331,3_pos_only,6.039632245820374,0.9996086909228611,1.382640653819242,0.9911328478656393,4.8767432303423,24.373778844102677,0.21924272725314098,0.9990961602043784,1.5957181946363808,0.986200560064069,3.047599489744943,14.76103228547924,24.373778844102677
MaxMun_d_0051331,4_all_ones,0.0258502826583133,0.9999978026109089,1.8144920066588612,0.9333907962379654,0.32362934990650094,52.4329096646237,0.0009577182126157938,0.9999961654828748,1.94264885390213,0.8892917335453968,0.2066952889453422,32.2149252440227,52.4329096646237
MaxMun_d_0051331,5_offdiag_only,6.037168540015404,0.9996752715455229,1.3422293950025739,0.9932103533927699,4.873464213151502,23.78836061230656,0.21900431594652067,0.999179578312202,1.5334491459583082,0.9894781972059982,3.0418685448848533,14.396272297922193,23.78836061230656
MaxMun_d_0051349,1_raw_signed,5.8539650543852995,0.9428691348412868,1.2896528291961746,0.9957354902908065,4.322984775549255,14.53585021559654,0.20498795394138453,0.9450450903428078,2.1137855814049344,0.9837611022843901,2.6919751663288576,8.805408907388982,14.53585021559654
MaxMun_d_0051349,2_abs,2.753357426963205,0.9996668490346452,1.3778216772311596,0.9914184642738387,3.236013063156663,15.524175758421027,0.10213620119070012,0.9986494582826944,1.5812979712472937,0.9846558820152502,2.0505254452507833,9.384194971959547,15.524175758421027
MaxMun_d_0051349,3_pos_only,4.0338161629401865,0.9996149231497411,1.3298049032828556,0.9940151878565816,3.7558351203008775,15.007755225763812,0.14934115498114778,0.9950417457934977,1.5756937373636775,0.9892658688522694,2.375284926529577,9.067452302118225,15.007755225763812
MaxMun_d_0051349,4_all_ones,0.02068386631016105,0.9999978605248312,1.7831750794245473,0.9408226806159673,0.2922987710870877,45.10395662621775,0.0007733541230252544,0.9999963660601955,1.9059153100564306,0.9026357686679367,0.18699989757876292,27.91694318493664,45.10395662621775
MaxMun_d_0051349,5_offdiag_only,5.734565071906317,0.9138194429489589,1.2496127786030808,0.9970362137101639,4.276364226037204,14.055660523136579,0.19766048680378706,0.9392370929441347,2.1128354443216275,0.9832486777423292,2.6482752541492505,8.51046302765199,14.055660523136579
MaxMun_d_0051350,1_raw_signed,6.271667432677013,0.9997991234651648,1.379521176199681,0.9927055220985979,4.9509300956805955,31.529957826188273,0.2248287044802745,0.9996046207046908,1.4868535927378523,0.9878304058772538,3.075572981156238,18.977622282521125,31.529957826188273
MaxMun_d_0051350,2_abs,6.271170804587615,0.9997991215873735,1.3795342647611228,0.9927048104778122,4.950833552383581,31.530025026497587,0.22481110841526603,0.9996046407431206,1.486869815360226,0.9878292519922074,3.075513851808895,18.977663885223624,31.530025026497587
MaxMun_d_0051350,3_pos_only,6.2714190995336585,0.9997991225271182,1.3795277204355743,0.9927051662912301,4.950881821722962,31.52999142633397,0.22481990575994626,0.9996046307283283,1.4868617029909583,0.9878298289428151,3.0755434151328322,18.977643083856698,31.52999142633397
MaxMun_d_0051350,4_all_ones,0.022107303269788967,0.9999984323658929,1.89308943597484,0.9109813699383151,0.30846098088902507,62.28959267220522,0.0008325206694205269,0.9999971710775502,2.0216372027435794,0.8526748587709995,0.1989619077680272,37.893458936625485,62.28959267220522
MaxMun_d_0051350,5_offdiag_only,6.292042464655009,0.999842238203972,1.3404494889441236,0.9944811966194272,4.95603825300247,30.844780111942747,0.22507184348521875,0.9996729913864543,1.4368338701502597,0.9908051816182586,3.072544400400076,18.556038249396195,30.844780111942747
MaxMun_d_0051351,1_raw_signed,6.858905415206951,0.9554426828919802,1.162896981726883,0.9990692383783518,4.923554832654394,14.595398719455577,0.23726504540082088,0.9735549745227178,1.9499476498537385,0.9584838273004171,3.0475390369824527,8.836699859802184,14.595398719455577
MaxMun_d_0051351,2_abs,4.310948718599114,0.9998863391346041,1.2048105883425244,0.9983422836668431,4.094322574655378,15.252906978848594,0.15860836966281544,0.9981708772758386,1.315508759233646,0.9969511240720321,2.569451083824145,9.211565127671562,15.252906978848594
MaxMun_d_0051351,3_pos_only,5.4172841263304505,0.9998808111554643,1.181552991907674,0.9987792170061214,4.50203254858136,14.868951291802839,0.19886329598295438,0.9842665304814353,1.3718639977746832,0.997535458991652,2.8227039134131324,8.980472859400173,14.868951291802839
MaxMun_d_0051351,4_all_ones,0.01959240806036496,0.999998450146972,1.7612364648433605,0.945838024597358,0.2744757653820311,45.55698067501242,0.0007411931732862927,0.9999973935387995,1.8744376677884518,0.9142954574387826,0.1766558262831729,28.193611724533678,45.55698067501242
MaxMun_d_0051351,5_offdiag_only,6.804726673676611,0.9554939652803699,1.1226301873055606,0.9995324529776745,4.911298578977176,14.0970497247587,0.23581747673212425,0.9719853564315053,1.9030885546030705,0.9569225012847654,3.0392387533679694,8.528652087164739,14.0970497247587
MaxMun_d_0051352,1_raw_signed,6.945138868753136,0.9990408348807711,1.3366745030107805,0.9942005749271947,5.099539231469849,20.36288119020977,0.25286032519623314,0.9947635400452445,1.5809815490585706,0.9906810536146238,3.1909752156426494,12.21830726238559,20.36288119020977
MaxMun_d_0051352,2_abs,6.2917926448130075,0.9995600967299714,1.3426627613845512,0.9939609971254143,4.959966707835576,20.507169039743914,0.2293654515141429,0.9987344475532987,1.5333831087069967,0.9905834704321332,3.1042217558371332,12.305260337229182,20.507169039743914
MaxMun_d_0051352,3_pos_only,6.599428680481189,0.9994983910887248,1.3398189913218965,0.9940745887788796,5.029152889312302,20.434862557149323,0.24044155382512358,0.9981030030141755,1.5434488544358587,0.9907003918103161,3.1472569337620984,12.26139555574815,20.434862557149323
MaxMun_d_0051352,4_all_ones,0.022284273517544948,0.999997463202188,1.817620668881226,0.9408899722842681,0.306150335845147,46.59271538046386,0.0008543851896326794,0.9999957370116082,1.9288321562085569,0.9107556971470955,0.1977173219686888,28.447069715741048,46.59271538046386
MaxMun_d_0051352,5_offdiag_only,6.632879907843715,0.9988392669246839,1.307489955409256,0.9953137583598877,4.946166658141192,19.849989579268037,0.24090046867100634,0.9891111448741856,1.5396116157283728,0.9922767539896553,3.0899720842565066,11.902274728925505,19.849989579268037
MaxMun_d_0051354,1_raw_signed,5.686358413009618,0.9997505664629186,1.3926715778892762,0.9902746436736972,4.432344119345195,28.047243076199386,0.21637389991568434,0.9993478744268061,1.524384031634338,0.9843219983794399,2.8422091255154744,17.4078148860966,28.047243076199386
MaxMun_d_0051354,2_abs,5.609069667110622,0.9997485358362294,1.395762426188082,0.9900483622002819,4.41147397568583,28.061645367312558,0.2135333472883374,0.9993662041055801,1.5264792202285085,0.9839698658793411,2.829556083769828,17.416511110518815,28.061645367312558
MaxMun_d_0051354,3_pos_only,5.64751040529966,0.9997495933846368,1.3942057534850507,0.9901624352534942,4.421888160232458,28.05444394481236,0.21494736196004696,0.9993580577674239,1.5239309098276743,0.9841475389889005,2.8358725333460537,17.412158152306198,28.05444394481236
MaxMun_d_0051354,4_all_ones,0.024168745343613556,0.9999972596089527,1.8695428304913364,0.9271115023757155,0.30173762189002573,48.24476766005129,0.0009092136977642798,0.9999953510534775,2.21488472853823,0.8743365109166266,0.1949717734478538,30.149621821258336,48.24476766005129
MaxMun_d_0051354,5_offdiag_only,5.5376855746431675,0.9997917033609475,1.3536797093466875,0.992264909346793,4.335020589104612,27.51645627288781,0.21035606421666814,0.9993524541910352,1.482633254761935,0.9874944316540594,2.7762656235852985,17.072257672343383,27.51645627288781
