file_id,T,tr,min_valid_vox,OLD_max_abs,OLD_max_rel,OLD_mean_abs,M1_max_abs,M1_max_rel,M1_mean_abs,M2_max_abs,M2_max_rel,M2_mean_abs
CMU_a_0050642,236,2.0,62,1.7763568394002505e-15,4.610620168181248e-16,3.1744154630022993e-16,2.664535259100376e-15,4.973208620379703e-16,2.746774001665202e-16,5.3290705182007506e-15,4.145635167549572e-16,6.250144434926807e-16
Caltech_0051476,146,2.0,62,1.7763568394002505e-15,5.366157275169797e-16,2.683038976177461e-16,2.664535259100376e-15,3.750408493471672e-16,2.664535259100376e-16,7.105427357601002e-15,4.333502885217785e-16,6.809367884367627e-16
KKI_0050788,152,2.5,62,3.552713678800501e-15,4.3752709751014846e-16,3.634952421365328e-16,3.552713678800501e-15,4.892660510103064e-16,3.388236193670848e-16,7.105427357601002e-15,4.13376276940222e-16,7.763337298119613e-16
Leuven_1_0050683,246,1.666159987449646,15,3.552713678800501e-15,5.739265917155192e-16,3.1903492193742343e-16,2.664535259100376e-15,4.011049238721405e-16,3.5856091758264317e-16,5.3290705182007506e-15,3.8866542274269567e-16,5.888293967641571e-16
Leuven_2_0050728,246,1.650760054588318,47,1.7763568394002505e-15,4.548596982902753e-16,3.067505097668025e-16,5.3290705182007506e-15,5.976383526557436e-16,2.64808751058741e-16,5.3290705182007506e-15,4.2710642350705136e-16,6.31593542897867e-16
MaxMun_a_0051362,116,3.0,29,1.7763568394002505e-15,4.315815173893904e-16,1.4844093032951167e-16,1.7763568394002505e-15,3.9355340380594526e-16,1.8668194562215599e-16,7.105427357601002e-15,4.555817504124746e-16,5.921189464667501e-16
MaxMun_d_0051329,196,3.0,62,3.552713678800501e-15,5.208647607571971e-16,2.64808751058741e-16,1.7763568394002505e-15,4.3188956844644433e-16,3.355340696644917e-16,5.3290705182007506e-15,4.071000127656978e-16,7.894919286223335e-16
NYU_0050974,176,2.0,62,3.552713678800501e-15,4.2069720486093997e-16,2.7673336873064086e-16,1.7763568394002505e-15,3.377255233732826e-16,2.7303262531522373e-16,7.105427357601002e-15,4.2533212310329234e-16,9.93444010183103e-16
NYU_0051010,176,2.0,62,3.552713678800501e-15,4.200465518206581e-16,4.243519116345043e-16,3.552713678800501e-15,4.1954902161302167e-16,4.1941758708061473e-16,1.4210854715202004e-14,7.812386780193839e-16,1.3618735768735254e-15
NYU_0051047,176,2.0,62,3.552713678800501e-15,4.891421339229672e-16,3.297773576849539e-16,3.552713678800501e-15,5.224927921317637e-16,3.552713678800501e-16,7.105427357601002e-15,4.486846413129142e-16,9.802858113727307e-16
NYU_0051079,176,2.0,62,3.552713678800501e-15,4.089130763658808e-16,3.5362659302875356e-16,3.552713678800501e-15,4.07988067377082e-16,4.144832625267251e-16,7.105427357601002e-15,5.063467957857652e-16,1.0131813083986617e-15
NYU_0051113,176,2.0,62,1.7763568394002505e-15,4.69643764730696e-16,2.98937829223144e-16,1.7763568394002505e-15,4.3176314376477045e-16,3.2237587085411955e-16,7.105427357601002e-15,4.4256324174430793e-16,1.0329186066142197e-15
Olin_0050109,206,1.5,62,3.552713678800501e-15,4.196912969034398e-16,4.3586533559358004e-16,5.3290705182007506e-15,4.867744406749689e-16,5.986980458719362e-16,8.881784197001252e-15,5.713691330488785e-16,1.210554290554245e-15
Pitt_0050008,196,1.5,62,3.552713678800501e-15,4.416622991280419e-16,3.7254150381866365e-16,3.552713678800501e-15,4.303724016566907e-16,3.3224451996189873e-16,7.105427357601002e-15,5.017133957784418e-16,7.237009345704725e-16
Pitt_0050043,196,1.5,62,1.7763568394002505e-15,4.793153156566826e-16,2.475386151201275e-16,3.552713678800501e-15,4.316751368430978e-16,2.722102378895754e-16,5.3290705182007506e-15,5.565323927171217e-16,5.986980458719362e-16
SBL_0051571,196,2.200000047683716,62,1.7763568394002505e-15,4.436079616218706e-16,2.9359231095643033e-16,3.552713678800501e-15,4.0692445405008254e-16,2.886579864025407e-16,7.105427357601002e-15,5.677616119230745e-16,6.480412914108321e-16
SDSU_0050202,176,2.0,47,3.552713678800501e-15,4.3718009273216755e-16,4.1941758708061473e-16,3.552713678800501e-15,4.252993890028568e-16,4.753399320246967e-16,7.105427357601002e-15,4.138667985484117e-16,1.0822618521531156e-15
Stanford_0051179,176,2.0,62,3.552713678800501e-15,4.359730891104862e-16,3.182639337258782e-16,3.552713678800501e-15,4.162779887540249e-16,2.7549978759216847e-16,7.105427357601002e-15,4.1694403008184406e-16,6.447517417082391e-16
Trinity_0050246,146,2.0,61,3.552713678800501e-15,4.220490958820831e-16,3.067505097668025e-16,3.552713678800501e-15,4.2434643288138455e-16,4.153056499523734e-16,7.105427357601002e-15,4.3146955992284814e-16,7.960710280275196e-16
Trinity_0051141,146,2.0,62,3.552713678800501e-15,4.043385413031801e-16,4.901429056863654e-16,3.552713678800501e-15,4.0671365224287216e-16,5.213936278609994e-16,7.105427357601002e-15,4.5871153098771315e-16,7.56596431596403e-16
UCLA_1_0051236,116,3.0,62,3.552713678800501e-15,5.519543476743579e-16,3.2566542055671256e-16,3.552713678800501e-15,4.2353404054892764e-16,4.021474511420012e-16,5.3290705182007506e-15,3.6469841022311593e-16,7.56596431596403e-16
UCLA_1_0051279,116,3.0,62,1.7763568394002505e-15,4.269601098485322e-16,1.8750433304780424e-16,1.7763568394002505e-15,4.1643205927960016e-16,2.1957744264808648e-16,3.552713678800501e-15,3.969325949991553e-16,4.8356380628117935e-16
UM_1_0050277,296,2.0,62,3.552713678800501e-15,4.951428106237386e-16,4.1119371282413205e-16,3.552713678800501e-15,4.0443532703825996e-16,4.1777281222931823e-16,7.105427357601002e-15,4.2121527430927584e-16,9.605485131571725e-16
UM_1_0050318,296,2.0,62,1.7763568394002505e-15,4.4068758687320525e-16,2.9441469838207856e-16,2.664535259100376e-15,4.602870675810876e-16,3.2402064570541606e-16,7.105427357601002e-15,4.0299011017220646e-16,7.302800339756585e-16
UM_1_0050352,296,2.0,62,3.552713678800501e-15,5.678171356846862e-16,4.48201146978304e-16,3.552713678800501e-15,5.427140420221836e-16,4.967220050915515e-16,7.105427357601002e-15,5.446265459149834e-16,9.079157179156837e-16
UM_2_0050387,296,2.0,62,3.552713678800501e-15,6.073942141435213e-16,3.3142213253625046e-16,3.552713678800501e-15,4.215158580534627e-16,3.667847918391258e-16,7.105427357601002e-15,3.8496934894241963e-16,7.829128292171476e-16
USM_0050435,236,2.0,54,3.552713678800501e-15,5.193582124782435e-16,4.046146134189459e-16,3.552713678800501e-15,4.2886608343864623e-16,4.424444349987661e-16,7.105427357601002e-15,3.7683295219253847e-16,8.289665250534502e-16
USM_0050490,236,2.0,62,3.552713678800501e-15,4.908200347583335e-16,4.161280373780216e-16,3.552713678800501e-15,3.584857225764205e-16,4.506683092552487e-16,7.105427357601002e-15,4.2799410997251646e-16,1.0658141036401502e-15
USM_0050529,236,2.0,62,3.552713678800501e-15,4.566205628131882e-16,3.5856091758264317e-16,2.664535259100376e-15,4.559690495451446e-16,3.865220900546841e-16,7.105427357601002e-15,4.744674116234949e-16,8.355456244586365e-16
Yale_0050602,196,2.0,62,7.105427357601002e-15,4.4174020316621874e-16,3.67607179264774e-16,3.552713678800501e-15,4.401375385154795e-16,3.4211316906967787e-16,7.105427357601002e-15,4.597951594065075e-16,7.434382327860307e-16
CMU_a_0050646,236,2.0,62,2.664535259100376e-15,5.254335912487568e-16,3.1579677144893343e-16,2.664535259100376e-15,4.599482436869876e-16,2.8783559897689243e-16,3.552713678800501e-15,4.096439678060667e-16,6.677785896263905e-16
Caltech_0051477,146,2.0,53,3.552713678800501e-15,4.441562945322651e-16,3.096288657565714e-16,3.552713678800501e-15,4.3280866287438956e-16,3.3224451996189873e-16,7.105427357601002e-15,4.179801908460171e-16,7.59885981298996e-16
KKI_0050789,152,2.5,62,3.552713678800501e-15,4.0107194795842184e-16,3.980355140137598e-16,3.552713678800501e-15,3.2272684216371693e-16,3.3059974511060223e-16,1.0658141036401504e-14,4.685649735880212e-16,9.605485131571725e-16
Leuven_1_0050685,246,1.6657400131225586,43,2.664535259100376e-15,3.890554889557519e-16,3.433467502081502e-16,3.552713678800501e-15,4.039458090107184e-16,3.79942990649498e-16,5.3290705182007506e-15,5.223526353751874e-16,7.368591333808446e-16
Leuven_2_0050730,246,1.650990009307861,62,5.3290705182007506e-15,4.974819281850521e-16,4.543690526706659e-16,3.552713678800501e-15,5.215093152051064e-16,4.39154885296173e-16,5.3290705182007506e-15,4.792328273469292e-16,7.894919286223335e-16
MaxMun_a_0051363,116,3.0,62,1.7763568394002505e-15,4.1684953743258197e-16,2.39725934576469e-16,3.552713678800501e-15,4.3117429193368655e-16,2.220446049250313e-16,5.3290705182007506e-15,5.577431781615715e-16,6.31593542897867e-16
MaxMun_d_0051330,196,3.0,61,3.552713678800501e-15,4.998114908203953e-16,4.449115972757108e-16,2.664535259100376e-15,6.035136232064167e-16,2.89480373828189e-16,7.105427357601002e-15,4.242005833423295e-16,9.34232115536428e-16
NYU_0050976,176,2.0,62,2.664535259100376e-15,4.309061636761451e-16,3.417019753568537e-16,3.552713678800501e-15,4.158883116831261e-16,3.8816686490598067e-16,7.105427357601002e-15,4.533469934791105e-16,1.052655904829778e-15
NYU_0051011,176,2.0,62,3.552713678800501e-15,4.348852657513246e-16,3.388236193670848e-16,3.552713678800501e-15,5.770177227506916e-16,3.3388929481319524e-16,7.105427357601002e-15,4.498969259995808e-16,1.2368706881749892e-15
NYU_0051048,176,2.0,62,2.664535259100376e-15,4.553223075176881e-16,3.067505097668025e-16,3.552713678800501e-15,4.549242077232231e-16,2.722102378895754e-16,3.552713678800501e-15,3.213961889516633e-16,1.0658141036401502e-15
NYU_0051080,176,2.0,62,2.664535259100376e-15,4.802668638623812e-16,3.380012319414365e-16,1.7763568394002505e-15,3.982305436520111e-16,3.8158776550079455e-16,7.105427357601002e-15,4.568942814481188e-16,1.1316050976920117e-15
NYU_0051114,176,2.0,62,5.3290705182007506e-15,5.619868213632475e-16,3.0387215377703358e-16,1.7763568394002505e-15,4.0080615892086313e-16,3.1579677144893343e-16,8.881784197001252e-15,6.269331309305407e-16,9.802858113727307e-16
Olin_0050110,206,1.5,62,3.552713678800501e-15,5.170641000457048e-16,3.717191163930153e-16,2.664535259100376e-15,4.791835796923703e-16,3.634952421365328e-16,7.105427357601002e-15,4.325081081308692e-16,7.763337298119613e-16
Pitt_0050009,196,1.5,62,2.664535259100376e-15,4.30354002073378e-16,2.6234158878179627e-16,2.664535259100376e-15,5.38608890283331e-16,3.2402064570541606e-16,7.105427357601002e-15,4.016413431010273e-16,7.434382327860307e-16
Pitt_0050044,196,1.5,62,3.552713678800501e-15,4.2897438716233903e-16,2.9071395496666143e-16,1.7763568394002505e-15,3.803336197798791e-16,2.886579864025407e-16,5.3290705182007506e-15,5.045928128348527e-16,6.250144434926807e-16
SBL_0051572,196,2.200000047683716,62,2.220446049250313e-15,5.798292666685319e-16,2.4568824341241893e-16,1.7763568394002505e-15,4.644166822146952e-16,2.541177145253136e-16,7.105427357601002e-15,4.941621177819557e-16,7.434382327860307e-16
SDSU_0050203,176,2.0,62,1.7763568394002505e-15,4.803816033895573e-16,2.8536843669994765e-16,3.552713678800501e-15,4.29649926229377e-16,3.733638912443119e-16,5.3290705182007506e-15,4.667419480022609e-16,6.41462192005646e-16
Stanford_0051180,236,2.0,62,3.552713678800501e-15,4.663468762066089e-16,3.667847918391258e-16,1.7763568394002505e-15,4.2556762397062173e-16,3.116848343206921e-16,5.3290705182007506e-15,5.892302174589888e-16,4.67116057768214e-16
Trinity_0050247,146,2.0,62,4.440892098500626e-15,7.472527829643622e-16,4.605369583630279e-16,3.552713678800501e-15,4.370745374162797e-16,4.325757858909869e-16,7.105427357601002e-15,4.74901131316634e-16,1.111867799476453e-15
Trinity_0051142,146,2.0,62,3.552713678800501e-15,4.0690127795368597e-16,3.20731096002823e-16,3.552713678800501e-15,4.209675914945705e-16,3.1661915887458166e-16,7.105427357601002e-15,5.3597020093019665e-16,6.743576890315766e-16
UCLA_1_0051237,116,3.0,62,8.881784197001252e-16,4.2167410858706325e-16,1.3651631265761184e-16,1.7763568394002505e-15,4.458344842666086e-16,1.5378644859622538e-16,3.552713678800501e-15,4.594674733348436e-16,4.210623619319112e-16
UCLA_1_0051280,116,3.0,62,3.552713678800501e-15,4.767211774113306e-16,2.3931474086364484e-16,1.7763568394002505e-15,4.296045603565683e-16,2.606968139304997e-16,5.3290705182007506e-15,4.384411425131292e-16,4.802742565785862e-16
UM_1_0050278,296,2.0,62,7.105427357601002e-15,4.668050667053428e-16,6.3735025487740475e-16,7.105427357601002e-15,3.7232570491424807e-16,6.3488309260046e-16,1.4210854715202004e-14,4.0217420134659096e-16,1.2434497875801752e-15
UM_1_0050319,296,2.0,62,3.552713678800501e-15,4.744171406475944e-16,2.6521994477156517e-16,1.7763568394002505e-15,4.141720448392253e-16,2.4918338997142403e-16,5.3290705182007506e-15,4.369151417923701e-16,6.480412914108321e-16
UM_1_0050353,296,2.0,59,3.552713678800501e-15,4.875158331234175e-16,3.593833050082914e-16,3.552713678800501e-15,4.3389382905465033e-16,2.7138785046392723e-16,7.105427357601002e-15,4.241500336482562e-16,7.401486830834377e-16
UM_2_0050388,296,2.0,62,2.664535259100376e-15,6.271798525634527e-16,3.2402064570541606e-16,1.7763568394002505e-15,4.0382534713271193e-16,3.4375794392097437e-16,7.105427357601002e-15,4.4164034542594456e-16,8.421247238638226e-16
USM_0050436,236,2.0,62,3.552713678800501e-15,4.339107128197349e-16,4.070817756958907e-16,3.552713678800501e-15,4.643819195482074e-16,4.3093101103969037e-16,7.105427357601002e-15,4.1220265314669445e-16,1.0197604078038477e-15
USM_0050491,236,2.0,62,1.7763568394002505e-15,5.209384593845868e-16,2.557624893766101e-16,1.7763568394002505e-15,3.559202086584104e-16,2.606968139304997e-16,5.3290705182007506e-15,4.273904667354812e-16,8.289665250534502e-16
USM_0050530,236,2.0,62,5.3290705182007506e-15,4.932248523289057e-16,3.865220900546841e-16,3.552713678800501e-15,4.2536142069976445e-16,3.684295666904223e-16,1.0658141036401504e-14,3.952749657914495e-16,1.105288700071267e-15
Yale_0050603,196,2.0,62,1.7763568394002505e-15,4.570421745651654e-16,2.61519201356148e-16,3.552713678800501e-15,3.969184967438843e-16,2.89480373828189e-16,7.105427357601002e-15,5.816063019258194e-16,5.82250297358971e-16
CMU_a_0050647,202,2.0,62,2.664535259100376e-15,4.949382629309231e-16,2.6398636363309283e-16,3.552713678800501e-15,4.2705828530018173e-16,3.380012319414365e-16,5.3290705182007506e-15,4.2675776321635183e-16,6.710681393289835e-16
Caltech_0051479,146,2.0,47,1.7763568394002505e-15,4.1480401785852512e-16,2.1567110237625727e-16,1.7763568394002505e-15,4.733525690223876e-16,2.319132540328105e-16,3.552713678800501e-15,3.486926476974771e-16,5.000115547941446e-16
KKI_0050790,152,2.5,62,2.664535259100376e-15,4.797023810440816e-16,2.1875505522243822e-16,2.664535259100376e-15,4.207557374306567e-16,2.977042480846716e-16,7.105427357601002e-15,4.539623097313533e-16,7.697546304067752e-16
Leuven_1_0050686,246,1.6663899421691897,28,2.664535259100376e-15,6.194741047233672e-16,3.6508861777372624e-16,3.552713678800501e-15,4.68974250519775e-16,4.136608751010768e-16,3.552713678800501e-15,4.023189821660189e-16,5.732040356768401e-16
Leuven_2_0050731,246,1.6513999700546265,62,2.664535259100376e-15,5.022199338114177e-16,2.6398636363309283e-16,1.7763568394002505e-15,4.537234259512134e-16,1.8914910789910075e-16,5.3290705182007506e-15,4.865686918875231e-16,5.131697536045169e-16
MaxMun_a_0051364,116,3.0,62,1.7763568394002505e-15,4.200656515574178e-16,2.557624893766101e-16,2.664535259100376e-15,5.059852076198393e-16,3.2402064570541606e-16,7.105427357601002e-15,4.846341873610951e-16,7.631755310015891e-16
MaxMun_d_0051331,196,3.0,62,3.552713678800501e-15,5.441046125950534e-16,3.8405492777773934e-16,3.552713678800501e-15,4.958154612873348e-16,4.0132506371635287e-16,7.105427357601002e-15,4.84615440485929e-16,1.0592350042349642e-15
NYU_0050977,176,2.0,62,2.664535259100376e-15,4.769771284298744e-16,3.182639337258782e-16,3.552713678800501e-15,4.285259799403811e-16,3.3388929481319524e-16,1.0658141036401504e-14,5.179627994019418e-16,1.0723932030453365e-15
NYU_0051012,176,2.0,62,3.552713678800501e-15,5.026764362383924e-16,4.1777281222931823e-16,3.552713678800501e-15,4.332933222413388e-16,4.786294817272897e-16,1.7763568394002505e-14,5.894436359900106e-16,1.1447632965023837e-15
NYU_0051049,176,2.0,62,3.552713678800501e-15,5.426903304601245e-16,3.445803313466226e-16,1.7763568394002505e-15,3.827074463579312e-16,3.0263857263856123e-16,7.105427357601002e-15,3.9701387401905877e-16,1.105288700071267e-15
NYU_0051081,176,2.0,62,3.552713678800501e-15,4.491699904593412e-16,2.746774001665202e-16,1.7763568394002505e-15,4.104947384092428e-16,2.8619082412559593e-16,1.0658141036401504e-14,6.430595066950107e-16,9.671276125623585e-16
NYU_0051116,176,2.0,62,1.7763568394002505e-15,5.114495886497749e-16,2.8043411214605813e-16,3.552713678800501e-15,4.973906750203689e-16,2.8783559897689243e-16,7.105427357601002e-15,5.050364972053982e-16,9.210739167260555e-16
Olin_0050111,206,1.5,60,3.552713678800501e-15,5.807006773992233e-16,3.001714103616164e-16,3.552713678800501e-15,6.25357713446686e-16,4.161280373780216e-16,5.3290705182007506e-15,5.599392005927964e-16,7.56596431596403e-16
Pitt_0050010,196,1.5,59,1.7763568394002505e-15,4.979636816968043e-16,1.8092523364261812e-16,1.7763568394002505e-15,4.06545445983476e-16,1.74346134237432e-16,5.3290705182007506e-15,5.577945341758287e-16,6.644890399237975e-16
Pitt_0050045,196,1.5,62,1.7763568394002505e-15,3.968681706290511e-16,2.0477446898641775e-16,3.552713678800501e-15,4.684213272289441e-16,3.0757289719245075e-16,5.3290705182007506e-15,5.013446906792972e-16,7.631755310015891e-16
SBL_0051573,196,2.200000047683716,62,2.664535259100376e-15,5.058757814121152e-16,2.2615654205327265e-16,3.552713678800501e-15,4.465083273194972e-16,2.1628789294549344e-16,7.105427357601002e-15,5.681754962647787e-16,6.644890399237975e-16
SDSU_0050204,176,2.0,7,1.7763568394002505e-15,4.606604892350901e-16,2.371688236748439e-16,2.664535259100376e-15,4.218693230695991e-16,2.808453058588822e-16,5.3290705182007506e-15,6.303586436486736e-16,7.15888254026814e-16
Stanford_0051181,236,2.0,62,1.7763568394002505e-15,3.9419349022317744e-16,2.812564995717063e-16,1.7763568394002505e-15,4.417826333781775e-16,3.6185046728523623e-16,5.3290705182007506e-15,4.648614355991454e-16,6.90805437544542e-16
Trinity_0050248,146,2.0,62,1.7763568394002505e-15,4.339545725203705e-16,2.105311809659556e-16,1.7763568394002505e-15,4.3825968389523364e-16,2.4671622769447924e-16,3.552713678800501e-15,4.162466977518888e-16,5.72381648251192e-16
UCLA_1_0051201,116,3.0,62,3.552713678800501e-15,4.970147691896747e-16,4.3997727272182133e-16,3.552713678800501e-15,5.1632679133166e-16,3.750086660956084e-16,7.105427357601002e-15,4.33152785031141e-16,8.552829226741946e-16
UCLA_1_0051239,116,3.0,62,1.7763568394002505e-15,3.535133551314714e-16,2.3931474086364484e-16,2.664535259100376e-15,4.607833052316969e-16,2.680983007613341e-16,5.3290705182007506e-15,3.8428523468641517e-16,6.217248937900876e-16
UCLA_1_0051281,116,3.0,62,1.7763568394002505e-15,4.736651676487493e-16,1.8914910789910075e-16,1.7763568394002505e-15,6.573365579409478e-16,2.3602519116105183e-16,3.552713678800501e-15,4.4085098621726767e-16,4.1777281222931823e-16
UM_1_0050280,296,2.0,36,3.552713678800501e-15,4.939604399443976e-16,3.2116798932269864e-16,3.552713678800501e-15,3.670780115463919e-16,2.236893797763278e-16,7.105427357601002e-15,5.15332881518272e-16,6.90805437544542e-16
UM_1_0050320,296,2.0,62,3.552713678800501e-15,6.340913950659468e-16,4.2681907391144913e-16,3.552713678800501e-15,4.348276011701622e-16,3.6020569243393973e-16,7.105427357601002e-15,4.672732272519489e-16,8.68441121484567e-16
UM_1_0050354,296,2.0,62,7.105427357601002e-15,4.653768314899033e-16,7.072531860575071e-16,7.105427357601002e-15,4.0151889260312263e-16,7.138322854626932e-16,1.4210854715202004e-14,4.2605084368897893e-16,1.3684526762787117e-15
UM_2_0050390,296,2.0,62,2.664535259100376e-15,5.484234448100638e-16,3.0592812234115424e-16,1.7763568394002505e-15,4.339033835021886e-16,2.582296516535549e-16,7.105427357601002e-15,3.764149100077936e-16,6.447517417082391e-16
USM_0050437,236,2.0,61,5.3290705182007506e-15,5.286210658886757e-16,3.733638912443119e-16,3.552713678800501e-15,3.966523748901048e-16,4.161280373780216e-16,8.881784197001252e-15,5.919952847624654e-16,1.046076805424592e-15
USM_0050492,236,2.0,60,3.552713678800501e-15,4.578918677199877e-16,3.659624044134775e-16,1.7763568394002505e-15,4.3041067274411543e-16,3.2237587085411955e-16,7.105427357601002e-15,3.900134710490658e-16,8.68441121484567e-16
USM_0050532,236,2.0,62,3.552713678800501e-15,5.32288938501004e-16,3.782982157982015e-16,3.552713678800501e-15,5.424294659510781e-16,5.181040781584064e-16,7.105427357601002e-15,4.0727866162391487e-16,1.2368706881749892e-15
Yale_0050604,196,2.0,53,1.7763568394002505e-15,4.3870437803091997e-16,2.0107372557100055e-16,1.7763568394002505e-15,4.436861958740036e-16,2.2862370433021743e-16,5.3290705182007506e-15,5.996960901008617e-16,4.704056074708071e-16
CMU_a_0050649,236,2.0,62,3.552713678800501e-15,5.811532550731039e-16,2.911251486794855e-16,1.7763568394002505e-15,4.666996955814121e-16,2.680983007613341e-16,5.3290705182007506e-15,4.059906783274483e-16,6.019875955745295e-16
Caltech_0051480,146,2.0,60,8.881784197001252e-16,3.9161568193886295e-16,1.5131928631928062e-16,1.3322676295501878e-15,4.07518497791736e-16,1.9161627017604555e-16,5.3290705182007506e-15,4.46383251586503e-16,5.361966015226682e-16
KKI_0050791,124,2.5,62,2.664535259100376e-15,5.823271438057836e-16,3.634952421365328e-16,3.552713678800501e-15,5.137078561487412e-16,4.070817756958907e-16,7.105427357601002e-15,4.643084808182919e-16,7.697546304067752e-16
Leuven_1_0050687,246,1.6664400100708008,49,3.552713678800501e-15,5.2378570611250545e-16,3.242262425618281e-16,3.552713678800501e-15,5.234073598200975e-16,3.3388929481319524e-16,5.3290705182007506e-15,4.209714236354415e-16,6.283039931952737e-16
Leuven_2_0050732,246,1.6512600183486938,62,3.552713678800501e-15,4.982456940714847e-16,3.355340696644917e-16,3.552713678800501e-15,4.479239554400901e-16,3.2402064570541606e-16,5.3290705182007506e-15,5.946342555482719e-16,5.1645930330711e-16
MaxMun_a_0051365,116,3.0,62,2.664535259100376e-15,3.987843421925244e-16,2.4671622769447924e-16,3.552713678800501e-15,4.317079449662159e-16,3.1250722174634037e-16,7.105427357601002e-15,3.981340260025139e-16,6.31593542897867e-16
MaxMun_d_0051349,196,3.0,62,3.552713678800501e-15,4.824367470888005e-16,3.454027187722709e-16,3.552713678800501e-15,4.33181355135818e-16,3.273101954080091e-16,7.105427357601002e-15,5.625908076191847e-16,8.289665250534502e-16
NYU_0050978,176,2.0,62,2.664535259100376e-15,4.670064210647047e-16,2.64808751058741e-16,2.664535259100376e-15,4.129330300701261e-16,2.7303262531522373e-16,5.3290705182007506e-15,4.3990352571905664e-16,9.210739167260555e-16
NYU_0051013,176,2.0,62,3.552713678800501e-15,4.817891208261455e-16,3.947459643111668e-16,3.552713678800501e-15,3.881757029076412e-16,3.5856091758264317e-16,7.105427357601002e-15,4.134162103463012e-16,8.68441121484567e-16
NYU_0051050,176,2.0,61,1.7763568394002505e-15,4.1759214179416814e-16,2.4568824341241893e-16,1.7763568394002505e-15,4.476968967463114e-16,2.5658487680225843e-16,7.105427357601002e-15,4.652550662895544e-16,9.83575361075324e-16
NYU_0051082,176,2.0,62,3.552713678800501e-15,4.254055992047425e-16,4.210623619319112e-16,3.552713678800501e-15,4.4151009333096037e-16,3.9310118945987024e-16,7.105427357601002e-15,3.7882022947168335e-16,9.93444010183103e-16
NYU_0051117,176,2.0,62,1.7763568394002505e-15,4.3065293587673367e-16,2.8290127442300287e-16,5.3290705182007506e-15,6.078311363777693e-16,3.454027187722709e-16,7.105427357601002e-15,4.362551690899918e-16,7.5330688189381e-16
Olin_0050112,206,1.5,62,3.552713678800501e-15,4.1939190167501903e-16,3.5280420560310533e-16,3.552713678800501e-15,5.385635190069357e-16,4.6876083261951055e-16,7.105427357601002e-15,4.503829449602338e-16,9.605485131571725e-16
Pitt_0050011,196,1.5,62,1.7763568394002505e-15,4.158151395892169e-16,2.327356414584587e-16,2.664535259100376e-15,5.251551648291921e-16,2.680983007613341e-16,7.105427357601002e-15,6.249482758096629e-16,6.677785896263905e-16
Pitt_0050046,196,1.5,62,3.552713678800501e-15,4.490528537392814e-16,3.0099379778726473e-16,3.552713678800501e-15,4.532985936317841e-16,3.1579677144893343e-16,1.0658141036401504e-14,5.060840520956301e-16,8.618620220793807e-16
SBL_0051574,196,2.200000047683716,62,1.7763568394002505e-15,4.954581734918018e-16,2.2780131690456915e-16,1.7763568394002505e-15,3.5838830320086194e-16,2.080640186890108e-16,7.105427357601002e-15,4.2679556513612383e-16,7.138322854626932e-16
SDSU_0050205,176,2.0,56,1.7763568394002505e-15,4.4039002984613854e-16,2.24100573489152e-16,1.7763568394002505e-15,3.6341326813820837e-16,2.2780131690456915e-16,3.552713678800501e-15,4.352296835616199e-16,4.868533559837725e-16
Stanford_0051182,236,2.0,62,1.7763568394002505e-15,4.68383665396821e-16,2.450714528431827e-16,1.7763568394002505e-15,5.880072620708995e-16,2.327356414584587e-16,3.552713678800501e-15,3.987100313726143e-16,4.4079966014746956e-16
Trinity_0050249,146,2.0,22,1.7763568394002505e-15,4.5474717965067825e-16,3.059538219482057e-16,1.7763568394002505e-15,4.0498190903663525e-16,3.503370433261605e-16,7.105427357601002e-15,5.216873848407255e-16,7.368591333808446e-16
UCLA_1_0051202,116,3.0,62,3.552713678800501e-15,4.953736297499613e-16,4.498459218296005e-16,3.552713678800501e-15,4.747293957079752e-16,4.39154885296173e-16,7.105427357601002e-15,4.424717902805624e-16,9.539694137519865e-16
UCLA_1_0051240,116,3.0,62,3.552713678800501e-15,4.396763913410248e-16,2.919475361051337e-16,3.552713678800501e-15,4.23558347821086e-16,3.750086660956084e-16,5.3290705182007506e-15,4.247336582675721e-16,7.894919286223335e-16
UCLA_1_0051282,116,3.0,62,3.552713678800501e-15,4.639833027395375e-16,3.412907816440296e-16,3.552713678800501e-15,4.820793775179369e-16,4.375101104448765e-16,5.3290705182007506e-15,4.0058836743453935e-16,7.105427357601002e-16
UM_1_0050282,296,2.0,62,1.7763568394002505e-15,4.835775614687379e-16,3.3306690738754696e-16,2.664535259100376e-15,5.170705526764978e-16,3.4211316906967787e-16,7.105427357601002e-15,4.3928525007623167e-16,7.237009345704725e-16
UM_1_0050321,296,2.0,62,1.7763568394002505e-15,4.056386958474749e-16,2.5494010195096187e-16,1.7763568394002505e-15,4.3160838899433184e-16,2.483610025457757e-16,5.3290705182007506e-15,3.865117994556287e-16,6.41462192005646e-16
UM_1_0050355,296,2.0,62,5.3290705182007506e-15,6.790501623269128e-16,4.810966440042346e-16,3.552713678800501e-15,4.93391900157089e-16,3.8981163975727723e-16,7.105427357601002e-15,4.460861069014122e-16,9.144948173208697e-16
UM_2_0050391,296,2.0,62,3.552713678800501e-15,4.083506718560515e-16,5.057682667736824e-16,3.552713678800501e-15,3.5596072603750803e-16,4.0625938827024254e-16,7.105427357601002e-15,4.3291048027491234e-16,7.894919286223335e-16
USM_0050438,236,2.0,62,3.552713678800501e-15,5.281848865937109e-16,3.5280420560310533e-16,1.7763568394002505e-15,3.9729229476607723e-16,3.9145641460857374e-16,7.105427357601002e-15,4.2284790864386166e-16,8.355456244586365e-16
USM_0050493,236,2.0,62,1.3322676295501878e-15,4.3533315136032963e-16,2.1711028037114167e-16,2.664535259100376e-15,6.08777250742702e-16,2.812564995717063e-16,7.105427357601002e-15,5.122051393554658e-16,9.144948173208697e-16
Yale_0050551,196,2.0,62,2.664535259100376e-15,4.27177078504971e-16,2.224557986378554e-16,1.7763568394002505e-15,3.816625494115964e-16,2.4342667799188623e-16,4.440892098500626e-15,5.976192408434649e-16,4.67116057768214e-16
Yale_0050605,196,2.0,2,1.7763568394002505e-15,4.463134178618536e-16,1.8825604655406084e-16,3.552713678800501e-15,4.275965320306104e-16,2.7508859387934435e-16,4.440892098500626e-15,5.830739835311453e-16,4.963108113787274e-16
CMU_a_0050654,236,2.0,62,3.552713678800501e-15,4.257718199995828e-16,3.79942990649498e-16,3.552713678800501e-15,4.303039676357193e-16,4.0625938827024254e-16,7.105427357601002e-15,4.200162647036862e-16,6.90805437544542e-16
Caltech_0051481,146,2.0,61,2.664535259100376e-15,7.193759740381701e-16,2.2821251061739327e-16,1.7763568394002505e-15,4.134065814599437e-16,2.7632217501781674e-16,5.3290705182007506e-15,5.276991282439543e-16,5.85539847061564e-16
KKI_0050792,124,2.5,62,5.3290705182007506e-15,4.697112035220772e-16,4.070817756958907e-16,7.105427357601002e-15,4.251779088451759e-16,4.786294817272897e-16,1.4210854715202004e-14,5.808536212493276e-16,1.0131813083986617e-15
Leuven_1_0050688,246,1.666800022125244,34,3.552713678800501e-15,7.153055049942434e-16,3.1332960917198864e-16,3.552713678800501e-15,4.406419001843155e-16,3.0263857263856123e-16,5.3290705182007506e-15,4.545986940996428e-16,6.97384536949728e-16
Leuven_2_0050733,246,1.651239991188049,62,5.3290705182007506e-15,3.987271019588739e-16,2.294460917558657e-16,3.552713678800501e-15,4.651379288611146e-16,3.042833474898577e-16,5.3290705182007506e-15,5.043537088168303e-16,5.78960747656378e-16
MaxMun_a_0051369,116,3.0,49,3.552713678800501e-15,5.375455967601816e-16,2.347916100225794e-16,1.7763568394002505e-15,4.404294650305292e-16,2.475386151201275e-16,5.3290705182007506e-15,4.1037574953271243e-16,4.868533559837725e-16
MaxMun_d_0051350,196,3.0,62,5.3290705182007506e-15,5.861947045656648e-16,5.320846643944269e-16,3.552713678800501e-15,4.423842318234837e-16,4.950772302402549e-16,7.105427357601002e-15,4.675638282872488e-16,1.0197604078038477e-15
NYU_0050979,176,2.0,62,3.552713678800501e-15,4.1453234199606143e-16,4.0050267629070464e-16,3.552713678800501e-15,3.988856302289635e-16,5.329070518200751e-16,7.105427357601002e-15,4.636308474186345e-16,1.0592350042349642e-15
NYU_0051014,176,2.0,62,1.7763568394002505e-15,3.8206141378428536e-16,3.865220900546841e-16,3.552713678800501e-15,3.617197205338231e-16,4.1777281222931823e-16,1.0658141036401504e-14,7.468012890546239e-16,1.0263395072090337e-15
NYU_0051051,176,2.0,62,2.664535259100376e-15,4.631549904724721e-16,3.120960280335162e-16,1.7763568394002505e-15,3.590274162431032e-16,2.89480373828189e-16,1.0658141036401504e-14,6.315318852094033e-16,1.1316050976920117e-15
NYU_0051083,176,2.0,62,3.552713678800501e-15,4.55384088845645e-16,4.1037132539848383e-16,3.552713678800501e-15,4.4377655013834926e-16,3.7007434154171886e-16,7.105427357601002e-15,4.820414119476891e-16,1.203975191149059e-15
NYU_0051121,176,2.0,62,3.552713678800501e-15,5.28464575481779e-16,3.2402064570541606e-16,3.552713678800501e-15,4.2328425783838713e-16,3.8981163975727723e-16,7.105427357601002e-15,4.190628351930569e-16,1.0723932030453365e-15
Olin_0050113,206,1.5,62,1.7763568394002505e-15,4.832708026580552e-16,2.33558028884107e-16,1.7763568394002505e-15,4.2244275436719754e-16,2.7714456244346497e-16,5.3290705182007506e-15,4.616211934827749e-16,7.50017332191217e-16
Pitt_0050012,196,1.5,62,3.552713678800501e-15,4.655811173756859e-16,2.911251486794855e-16,3.552713678800501e-15,4.4278999347617484e-16,3.371788445157883e-16,7.105427357601002e-15,4.0656958036382974e-16,5.921189464667501e-16
Pitt_0050047,196,1.5,54,1.7763568394002505e-15,4.746182857348843e-16,3.0263857263856123e-16,2.664535259100376e-15,4.595452625611547e-16,3.1744154630022993e-16,5.3290705182007506e-15,3.5143950387198983e-16,5.85539847061564e-16
SBL_0051575,196,2.200000047683716,62,5.3290705182007506e-15,6.419536089309954e-16,3.844661214905634e-16,3.552713678800501e-15,4.974761048457758e-16,2.8783559897689243e-16,1.0658141036401504e-14,4.979362108038088e-16,8.256769753508571e-16
SDSU_0050206,176,2.0,62,3.552713678800501e-15,4.050189723816831e-16,3.9885790143940814e-16,3.552713678800501e-15,4.553069360488483e-16,3.947459643111668e-16,5.3290705182007506e-15,3.8099715444200224e-16,5.526443500356335e-16
Stanford_0051183,236,2.0,62,5.3290705182007506e-15,6.260038089458038e-16,3.906340271829255e-16,3.552713678800501e-15,3.7511295568555183e-16,3.947459643111668e-16,7.105427357601002e-15,4.535436322217465e-16,8.618620220793807e-16
Trinity_0050250,146,2.0,62,3.552713678800501e-15,4.2243045266722383e-16,4.523130841065453e-16,3.552713678800501e-15,4.528645697525028e-16,4.292862361883938e-16,1.0658141036401504e-14,4.792771168469866e-16,9.34232115536428e-16
UCLA_1_0051204,116,3.0,62,3.552713678800501e-15,4.656807950322734e-16,5.838950722102675e-16,5.3290705182007506e-15,4.651927924885889e-16,6.38172642303053e-16,1.0658141036401504e-14,4.456300735056674e-16,1.335557179252781e-15
UCLA_1_0051241,116,3.0,62,2.664535259100376e-15,4.2139634154502636e-16,2.6234158878179627e-16,2.664535259100376e-15,5.390849749019421e-16,2.6892068818698234e-16,5.3290705182007506e-15,4.13210226309037e-16,5.394861512252612e-16
UCLA_2_0051291,116,3.0,62,2.664535259100376e-15,3.738134374288849e-16,2.080640186890108e-16,3.552713678800501e-15,4.660306727190188e-16,2.606968139304997e-16,3.552713678800501e-15,3.939374151391552e-16,5.986980458719362e-16
UM_1_0050283,296,2.0,62,3.552713678800501e-15,5.348928456154318e-16,5.592234494408196e-16,3.552713678800501e-15,4.4392056478149078e-16,5.361966015226682e-16,1.0658141036401504e-14,4.863695888220707e-16,1.092130501260895e-15
UM_1_0050322,296,2.0,62,7.105427357601002e-15,5.382690997382701e-16,6.019875955745295e-16,7.105427357601002e-15,4.41038199148651e-16,6.052771452771225e-16,1.4210854715202004e-14,4.507286896205129e-16,1.1250259982868252e-15
UM_1_0050356,296,2.0,62,1.7763568394002505e-15,4.012654615230286e-16,2.1340953695572452e-16,1.7763568394002505e-15,4.163552397445483e-16,2.3520280373540355e-16,5.3290705182007506e-15,4.428478739550143e-16,6.283039931952737e-16
UM_2_0050397,296,2.0,62,1.7763568394002505e-15,4.511102668939775e-16,2.0477446898641775e-16,1.7763568394002505e-15,3.5122870923756675e-16,1.8750433304780424e-16,5.3290705182007506e-15,5.302382021772674e-16,4.704056074708071e-16
USM_0050439,236,2.0,62,1.7763568394002505e-15,3.535088581015424e-16,2.993490229359681e-16,1.7763568394002505e-15,4.3053806656233916e-16,3.782982157982015e-16,1.0658141036401504e-14,4.323222939331962e-16,1.328978079847595e-15
USM_0050494,236,2.0,62,3.552713678800501e-15,4.912912270839728e-16,3.1415199659763687e-16,1.7763568394002505e-15,4.32070006616487e-16,2.4671622769447924e-16,7.105427357601002e-15,4.467354092631946e-16,9.802858113727307e-16
Yale_0050552,196,2.0,61,2.664535259100376e-15,4.73975922529011e-16,2.33558028884107e-16,1.7763568394002505e-15,3.4844582482891676e-16,2.294460917558657e-16,3.552713678800501e-15,5.325978501012661e-16,4.63826508065621e-16
Yale_0050606,196,2.0,62,3.552713678800501e-15,3.899149166335592e-16,3.1415199659763687e-16,2.664535259100376e-15,4.608807053664869e-16,2.8536843669994765e-16,7.105427357601002e-15,4.45020126183783e-16,6.31593542897867e-16
CMU_a_0050656,236,2.0,62,3.552713678800501e-15,4.940672246924076e-16,3.8282134663926685e-16,3.552713678800501e-15,4.294757907408599e-16,4.07904163121539e-16,1.0658141036401504e-14,6.495138970667377e-16,7.960710280275196e-16
Caltech_0051482,146,2.0,49,2.664535259100376e-15,4.2710975660596446e-16,2.3993153143288104e-16,2.664535259100376e-15,4.75864952068559e-16,3.3388929481319524e-16,3.552713678800501e-15,4.1986690264962574e-16,4.786294817272897e-16
KKI_0050793,124,2.5,62,3.552713678800501e-15,4.427492273223766e-16,2.7303262531522373e-16,3.552713678800501e-15,4.265662975180941e-16,3.758310535212567e-16,7.105427357601002e-15,4.418263231153371e-16,8.421247238638226e-16
Leuven_1_0050689,246,1.6660900115966797,38,3.552713678800501e-15,5.237688307528549e-16,2.993490229359681e-16,2.664535259100376e-15,7.28224005077228e-16,3.116848343206921e-16,5.3290705182007506e-15,4.1522771045867983e-16,5.23038402712296e-16
Leuven_2_0050735,246,1.6512500047683716,62,1.7763568394002505e-15,5.247372234577679e-16,2.582296516535549e-16,3.552713678800501e-15,4.3643644607563033e-16,2.722102378895754e-16,3.552713678800501e-15,4.333654497261168e-16,4.8356380628117935e-16
MaxMun_a_0051370,116,3.0,62,8.881784197001252e-16,3.808404656003156e-16,1.3158198810372222e-16,8.881784197001252e-16,4.157245227609436e-16,1.603655480014115e-16,5.3290705182007506e-15,5.199333643810829e-16,6.90805437544542e-16
MaxMun_d_0051351,196,3.0,61,1.7763568394002505e-15,5.254249046366916e-16,2.7632217501781674e-16,3.552713678800501e-15,4.325190141675978e-16,3.289549702593056e-16,3.552713678800501e-15,3.223440594261465e-16,7.960710280275196e-16
NYU_0050981,176,2.0,62,3.552713678800501e-15,4.2064835360732464e-16,4.658824766297416e-16,3.552713678800501e-15,3.753016744805159e-16,4.095489379728356e-16,7.105427357601002e-15,4.447596527354783e-16,9.34232115536428e-16
NYU_0051015,176,2.0,57,1.7763568394002505e-15,4.2998912534993325e-16,2.5329532709966536e-16,1.7763568394002505e-15,3.4227386230738924e-16,2.6563113848438933e-16,7.105427357601002e-15,4.27719298560628e-16,7.960710280275196e-16
NYU_0051052,176,2.0,62,1.7763568394002505e-15,4.400410383234227e-16,2.3438041630975528e-16,3.552713678800501e-15,4.563830823640106e-16,3.503370433261605e-16,7.105427357601002e-15,5.022588310868146e-16,9.572589634545794e-16
NYU_0051084,176,2.0,62,3.552713678800501e-15,5.178500103592126e-16,5.559338997382265e-16,3.552713678800501e-15,3.598737424923453e-16,4.950772302402549e-16,1.0658141036401504e-14,4.824038666451468e-16,9.539694137519865e-16
NYU_0051122,176,2.0,62,5.3290705182007506e-15,5.893125923555375e-16,5.575786745895232e-16,3.552713678800501e-15,3.986192415777775e-16,4.046146134189459e-16,1.0658141036401504e-14,4.66682152161336e-16,1.105288700071267e-15
Olin_0050114,206,1.5,62,5.3290705182007506e-15,5.41982746880579e-16,2.993490229359681e-16,3.552713678800501e-15,4.7948286952695e-16,3.108624468950438e-16,3.552713678800501e-15,3.4703403542130463e-16,6.480412914108321e-16
Pitt_0050013,196,1.5,62,2.664535259100376e-15,5.757487936232452e-16,3.865220900546841e-16,3.552713678800501e-15,4.575636505740879e-16,4.63826508065621e-16,7.105427357601002e-15,3.6723471363820765e-16,8.289665250534502e-16
Pitt_0050048,196,1.5,62,3.552713678800501e-15,5.19537834019038e-16,3.042833474898577e-16,3.552713678800501e-15,3.787269724571644e-16,2.64808751058741e-16,7.105427357601002e-15,5.973450794510101e-16,6.052771452771225e-16
SBL_0051576,196,2.200000047683716,52,3.552713678800501e-15,4.658486560866968e-16,2.8166769328453047e-16,3.552713678800501e-15,4.2821771005505806e-16,2.9359231095643033e-16,5.3290705182007506e-15,4.1777539720228793e-16,6.94094987247135e-16
SDSU_0050207,176,2.0,62,3.552713678800501e-15,4.596047788200649e-16,4.317533984653386e-16,3.552713678800501e-15,4.1582453611528143e-16,5.526443500356335e-16,7.105427357601002e-15,4.5084926099800465e-16,7.138322854626932e-16
Stanford_0051184,236,2.0,62,3.552713678800501e-15,4.638814089415867e-16,3.1004005946939563e-16,3.552713678800501e-15,4.32222247803267e-16,3.8158776550079455e-16,8.881784197001252e-15,7.254210599776968e-16,6.41462192005646e-16
Trinity_0050251,146,2.0,62,5.3290705182007506e-15,5.164071822614791e-16,5.139921410301651e-16,3.552713678800501e-15,4.15128724131308e-16,4.556026338091383e-16,7.105427357601002e-15,3.536188415709032e-16,8.68441121484567e-16
UCLA_1_0051205,116,3.0,62,3.552713678800501e-15,4.405754389945022e-16,2.4589384026883096e-16,1.7763568394002505e-15,3.9700869706156053e-16,2.73855012740872e-16,5.3290705182007506e-15,4.2384653724675283e-16,5.559338997382265e-16
UCLA_1_0051248,116,3.0,62,1.7763568394002505e-15,4.1574616948200297e-16,2.6234158878179627e-16,1.7763568394002505e-15,3.276972291923573e-16,2.680983007613341e-16,5.3290705182007506e-15,5.206733111245346e-16,6.809367884367627e-16
UCLA_2_0051293,116,3.0,62,3.552713678800501e-15,4.775450861455499e-16,2.1711028037114167e-16,2.664535259100376e-15,4.711356038114061e-16,2.606968139304997e-16,5.3290705182007506e-15,3.985046020948171e-16,4.5395785895784175e-16
UM_1_0050284,296,2.0,62,3.552713678800501e-15,4.354968143238431e-16,4.621817332143244e-16,3.552713678800501e-15,4.220047322953055e-16,4.67116057768214e-16,1.0658141036401504e-14,5.504647517746404e-16,1.0723932030453365e-15
UM_1_0050324,296,2.0,62,2.664535259100376e-15,4.1431255928270397e-16,2.631639762074445e-16,2.664535259100376e-15,4.2534570549466276e-16,2.64808751058741e-16,5.3290705182007506e-15,4.169348202321236e-16,7.763337298119613e-16
UM_1_0050357,296,2.0,62,1.7763568394002505e-15,4.86409074481222e-16,2.4918338997142403e-16,2.664535259100376e-15,4.523929592760813e-16,2.516505522483688e-16,5.3290705182007506e-15,4.754085558282008e-16,5.197488530097029e-16
UM_2_0050399,296,2.0,62,3.552713678800501e-15,3.9890345108752005e-16,3.6020569243393973e-16,3.552713678800501e-15,4.0913904489991125e-16,3.733638912443119e-16,7.105427357601002e-15,5.538946952024728e-16,1.1316050976920117e-15
USM_0050440,236,2.0,62,1.7763568394002505e-15,4.33006256015359e-16,3.577385301569949e-16,1.7763568394002505e-15,3.5874516533176053e-16,3.273101954080091e-16,7.105427357601002e-15,4.426188915032898e-16,9.671276125623585e-16
USM_0050496,236,2.0,62,3.552713678800501e-15,4.675234488089977e-16,5.197488530097029e-16,3.552713678800501e-15,3.710905036583487e-16,4.901429056863654e-16,1.0658141036401504e-14,5.132979245766039e-16,1.4276645709253865e-15
Yale_0050553,196,2.0,62,1.7763568394002505e-15,4.880311510666535e-16,2.5370652081248953e-16,3.552713678800501e-15,4.383208969218075e-16,2.968818606590233e-16,3.552713678800501e-15,4.923226839882138e-16,7.434382327860307e-16
Yale_0050607,196,2.0,62,5.3290705182007506e-15,6.651612288368384e-16,4.136608751010768e-16,3.552713678800501e-15,4.417724991465984e-16,3.1661915887458166e-16,5.3290705182007506e-15,3.5734489176725236e-16,5.82250297358971e-16
CMU_a_0050659,236,2.0,62,3.552713678800501e-15,4.887418081928628e-16,4.2023997450626296e-16,1.7763568394002505e-15,3.759165611197226e-16,3.454027187722709e-16,5.3290705182007506e-15,5.084977090469882e-16,8.487038232690086e-16
Caltech_0051484,146,2.0,42,1.7763568394002505e-15,4.517572718636587e-16,2.453798481278008e-16,3.552713678800501e-15,4.260626822325863e-16,2.500057773970723e-16,5.3290705182007506e-15,4.1926007197601874e-16,7.00674086652321e-16
KKI_0050794,124,2.5,62,2.664535259100376e-15,3.956323091462657e-16,3.355340696644917e-16,5.3290705182007506e-15,4.450969182711963e-16,4.662936703425659e-16,7.105427357601002e-15,4.190551675617464e-16,8.881784197001252e-16
Leuven_1_0050690,246,1.6661100387573242,10,3.552713678800501e-15,5.325385833206733e-16,3.873958766944354e-16,3.552713678800501e-15,4.4036752120405023e-16,5.123473661788685e-16,5.3290705182007506e-15,5.779203251773139e-16,6.513308411134251e-16
Leuven_2_0050736,246,1.6516599655151367,18,3.552713678800501e-15,4.876318071173577e-16,3.2155348342847127e-16,3.552713678800501e-15,4.2041679257904413e-16,3.454027187722709e-16,7.105427357601002e-15,4.170675346775621e-16,5.526443500356335e-16
MaxMun_a_0051373,116,3.0,57,1.7763568394002505e-15,4.813866451884872e-16,1.8750433304780424e-16,1.7763568394002505e-15,4.877540680051452e-16,2.0230730670947294e-16,5.3290705182007506e-15,4.863247561648689e-16,6.31593542897867e-16
MaxMun_d_0051352,196,3.0,62,7.105427357601002e-15,4.587736927144081e-16,6.760024638828732e-16,5.3290705182007506e-15,4.65858878121665e-16,6.447517417082391e-16,7.105427357601002e-15,3.768738547133401e-16,1.052655904829778e-15
NYU_0050982,176,2.0,62,3.552713678800501e-15,4.2550377757317012e-16,3.1332960917198864e-16,2.664535259100376e-15,5.747020851569352e-16,3.273101954080091e-16,7.105427357601002e-15,4.316114981729875e-16,1.052655904829778e-15
NYU_0051016,176,2.0,62,1.7763568394002505e-15,5.702754111428801e-16,2.524729396740171e-16,3.552713678800501e-15,3.9652729038824327e-16,3.4046839421838136e-16,7.105427357601002e-15,4.314362833769445e-16,9.408112149416142e-16
NYU_0051053,176,2.0,62,3.552713678800501e-15,5.131327554677089e-16,3.445803313466226e-16,3.552713678800501e-15,4.325478489919638e-16,3.6185046728523623e-16,7.105427357601002e-15,4.3068236411421077e-16,7.993605777301127e-16
NYU_0051085,176,2.0,62,5.3290705182007506e-15,4.711177878139196e-16,3.848773152033876e-16,7.105427357601002e-15,4.10087484170465e-16,4.473787595526556e-16,1.0658141036401504e-14,5.397672796071603e-16,1.2500288869853617e-15
NYU_0051123,176,2.0,38,3.552713678800501e-15,4.450948197433939e-16,3.7233590696225157e-16,3.552713678800501e-15,4.019327289037529e-16,4.3093101103969037e-16,7.105427357601002e-15,4.952685579187009e-16,9.473903143468002e-16
Olin_0050115,206,1.5,62,1.7763568394002505e-15,3.72683295546201e-16,3.0263857263856123e-16,2.664535259100376e-15,4.091816058695848e-16,2.9441469838207856e-16,7.105427357601002e-15,5.793804029219447e-16,8.223874256482641e-16
Pitt_0050014,196,1.5,62,1.7763568394002505e-15,3.718298641345756e-16,2.0559685641206603e-16,2.664535259100376e-15,3.9714538158926013e-16,2.837236618486511e-16,5.3290705182007506e-15,4.303166605833663e-16,6.644890399237975e-16
Pitt_0050049,196,1.5,62,3.552713678800501e-15,4.003026668014958e-16,3.963907391624633e-16,5.3290705182007506e-15,4.314032625872434e-16,5.065906541993307e-16,3.552713678800501e-15,3.7083604411223936e-16,7.237009345704725e-16
SBL_0051577,196,2.200000047683716,41,1.7763568394002505e-15,5.049852572852073e-16,2.2739012319174504e-16,2.664535259100376e-15,4.50253979693919e-16,2.121759558172521e-16,7.105427357601002e-15,6.202011392677979e-16,6.151457943849015e-16
SDSU_0050208,176,2.0,7,1.7763568394002505e-15,4.1732555934830793e-16,3.5270140717489926e-16,3.552713678800501e-15,4.4149522139220253e-16,3.634952421365328e-16,5.3290705182007506e-15,3.917684440646604e-16,5.970532710206398e-16
Stanford_0051185,236,2.0,62,3.552713678800501e-15,4.977399254333573e-16,4.802742565785862e-16,3.552713678800501e-15,3.67285426398593e-16,3.9310118945987024e-16,5.3290705182007506e-15,5.090048522586553e-16,8.585724723767877e-16
Trinity_0050252,146,2.0,62,3.552713678800501e-15,4.3156978731140384e-16,3.569161427313466e-16,3.552713678800501e-15,4.053131117649637e-16,3.717191163930153e-16,7.105427357601002e-15,4.830468369308729e-16,8.256769753508571e-16
UCLA_1_0051206,116,3.0,62,1.7763568394002505e-15,5.757420443562363e-16,2.121759558172521e-16,1.7763568394002505e-15,4.146874251317454e-16,2.1628789294549344e-16,3.552713678800501e-15,3.847134631902253e-16,6.052771452771225e-16
UCLA_1_0051249,116,3.0,62,1.7763568394002505e-15,5.307019626001392e-16,2.401371282892931e-16,1.7763568394002505e-15,4.109816963708458e-16,2.0970879354030732e-16,3.552713678800501e-15,4.1392694023220423e-16,5.460652506304475e-16
UCLA_2_0051294,116,3.0,62,3.552713678800501e-15,4.141903252297698e-16,3.289549702593056e-16,3.552713678800501e-15,4.368263663560516e-16,3.9968028886505636e-16,7.105427357601002e-15,4.28806490424996e-16,6.513308411134251e-16
UM_1_0050285,296,2.0,62,1.7763568394002505e-15,4.867204197300109e-16,2.9441469838207856e-16,2.664535259100376e-15,4.411641413911101e-16,3.108624468950438e-16,5.3290705182007506e-15,4.3665996024962797e-16,7.56596431596403e-16
UM_1_0050325,296,2.0,62,5.3290705182007506e-15,4.8263490938562e-16,5.000115547941446e-16,3.552713678800501e-15,4.2609429620873853e-16,4.1119371282413205e-16,7.105427357601002e-15,4.4353065324993724e-16,9.27653016131242e-16
UM_1_0050358,296,2.0,62,2.664535259100376e-15,6.474032721095928e-16,2.981154417974957e-16,3.552713678800501e-15,4.234991857601985e-16,3.108624468950438e-16,5.3290705182007506e-15,5.196285239513979e-16,7.237009345704725e-16
UM_2_0050402,296,2.0,62,2.664535259100376e-15,6.762723966445448e-16,2.5658487680225843e-16,2.664535259100376e-15,4.441245184259008e-16,2.2533415462762437e-16,5.3290705182007506e-15,4.606925111101396e-16,6.776472387341696e-16
USM_0050441,236,2.0,62,1.7763568394002505e-15,4.7601228163664775e-16,2.8619082412559593e-16,3.552713678800501e-15,4.205486285888319e-16,3.0757289719245075e-16,7.105427357601002e-15,4.076773811878791e-16,8.618620220793807e-16
USM_0050497,236,2.0,62,2.664535259100376e-15,4.931718762716215e-16,3.1415199659763687e-16,1.7763568394002505e-15,4.3176661344858284e-16,3.0592812234115424e-16,7.105427357601002e-15,4.3548379003230384e-16,8.68441121484567e-16
Yale_0050554,196,2.0,62,2.664535259100376e-15,5.899223355764519e-16,3.018161852129129e-16,2.664535259100376e-15,4.964591869701444e-16,2.2122221749938303e-16,3.552713678800501e-15,4.49731113659167e-16,5.85539847061564e-16
Yale_0050608,196,2.0,54,3.552713678800501e-15,4.984186953817382e-16,3.478698810492157e-16,3.552713678800501e-15,3.89879643182428e-16,3.108624468950438e-16,5.3290705182007506e-15,4.544913735998263e-16,6.90805437544542e-16
CMU_a_0050660,236,2.0,62,3.552713678800501e-15,4.770960318922268e-16,3.717191163930153e-16,3.552713678800501e-15,4.076146503237899e-16,3.848773152033876e-16,7.105427357601002e-15,4.733517385733078e-16,6.90805437544542e-16
Caltech_0051485,146,2.0,30,1.7763568394002505e-15,4.422690161174306e-16,2.717990441767513e-16,2.664535259100376e-15,3.449584089315565e-16,2.475386151201275e-16,7.105427357601002e-15,5.903707227597012e-16,6.283039931952737e-16
KKI_0050795,152,2.5,62,2.664535259100376e-15,4.3860631539413213e-16,3.388236193670848e-16,3.552713678800501e-15,4.38529716856736e-16,3.462251061979192e-16,7.105427357601002e-15,4.1139275462768246e-16,9.243634664286489e-16
Leuven_1_0050691,246,1.66552996635437,38,1.7763568394002505e-15,4.16912439336538e-16,1.89971495324749e-16,1.7763568394002505e-15,3.950861172979152e-16,2.6727591333568584e-16,3.552713678800501e-15,4.0077606919211004e-16,4.5395785895784175e-16
Leuven_2_0050737,246,1.6510299444198608,62,2.664535259100376e-15,4.430167609386882e-16,2.8413485556147526e-16,1.7763568394002505e-15,3.640534886827844e-16,2.8619082412559593e-16,3.552713678800501e-15,4.2189401731287416e-16,7.072531860575071e-16
MaxMun_a_0051606,116,3.0,62,1.7763568394002505e-15,5.2551435213477795e-16,1.8709313933498008e-16,1.7763568394002505e-15,4.727635592696577e-16,1.5954316057576322e-16,3.552713678800501e-15,4.055719335506836e-16,5.26327952414889e-16
MaxMun_d_0051354,196,3.0,62,3.552713678800501e-15,4.0481784466238595e-16,4.588921835117314e-16,5.3290705182007506e-15,4.985629081236713e-16,4.1119371282413205e-16,5.3290705182007506e-15,4.187811934385549e-16,8.09229226837892e-16
NYU_0050983,176,2.0,62,5.3290705182007506e-15,5.251668030417819e-16,4.613593457886762e-16,3.552713678800501e-15,4.380576677031224e-16,3.9310118945987024e-16,7.105427357601002e-15,4.702785990669637e-16,1.1381841970971977e-15
NYU_0051017,176,2.0,49,3.552713678800501e-15,4.4991848733744525e-16,3.61233676716e-16,2.664535259100376e-15,4.841945641285437e-16,3.1415199659763687e-16,7.105427357601002e-15,4.412585026896976e-16,1.1283155479894184e-15
NYU_0051054,176,2.0,62,3.552713678800501e-15,4.620224631872539e-16,3.355340696644917e-16,2.664535259100376e-15,4.897815289335746e-16,4.39154885296173e-16,7.105427357601002e-15,4.627002548420732e-16,9.73706711967545e-16
NYU_0051086,176,2.0,62,2.664535259100376e-15,6.038708603225845e-16,3.782982157982015e-16,3.552713678800501e-15,4.4071520868137484e-16,4.1119371282413205e-16,7.105427357601002e-15,4.737753825014455e-16,9.013366185104977e-16
NYU_0051124,176,2.0,62,3.552713678800501e-15,4.249244685446544e-16,3.2648780798236084e-16,3.552713678800501e-15,4.385907460422277e-16,3.5444898045440184e-16,1.0658141036401504e-14,4.750908932434509e-16,1.2500288869853617e-15
Olin_0050116,206,1.5,62,3.552713678800501e-15,5.354123803322405e-16,4.588921835117314e-16,3.552713678800501e-15,4.3291081245930855e-16,4.243519116345043e-16,5.3290705182007506e-15,4.461240943875172e-16,7.960710280275196e-16
Pitt_0050015,196,1.5,62,2.664535259100376e-15,4.755079646074939e-16,2.886579864025407e-16,1.7763568394002505e-15,4.284301686601647e-16,2.508281648227205e-16,7.105427357601002e-15,4.429819389874379e-16,8.15808326243078e-16
Pitt_0050050,196,1.5,62,3.552713678800501e-15,4.792591334256064e-16,2.7796694986911325e-16,3.552713678800501e-15,4.19972802624541e-16,3.4046839421838136e-16,5.3290705182007506e-15,4.08803622972278e-16,7.56596431596403e-16
SBL_0051578,196,2.200000047683716,62,2.664535259100376e-15,5.571555919643642e-16,2.619303950689721e-16,1.7763568394002505e-15,5.065983153659631e-16,1.8668194562215599e-16,5.3290705182007506e-15,4.3667033032528526e-16,7.072531860575071e-16
SDSU_0050210,176,2.0,32,8.881784197001252e-16,4.165623772982867e-16,1.6828102697327603e-16,1.7763568394002505e-15,4.63027543537287e-16,1.9284985131451792e-16,5.3290705182007506e-15,6.168114661323887e-16,5.394861512252612e-16
Stanford_0051186,236,2.0,62,3.552713678800501e-15,4.281451318886786e-16,3.9968028886505636e-16,3.552713678800501e-15,3.686110340488259e-16,3.865220900546841e-16,7.105427357601002e-15,6.037028332315026e-16,9.408112149416142e-16
Trinity_0050253,146,2.0,62,2.664535259100376e-15,4.5244389258892e-16,3.445803313466226e-16,2.664535259100376e-15,4.474699577192424e-16,3.454027187722709e-16,7.105427357601002e-15,4.3699857794664596e-16,7.894919286223335e-16
UCLA_1_0051207,116,3.0,62,3.552713678800501e-15,4.32608646435168e-16,4.2681907391144913e-16,5.3290705182007506e-15,5.656597241969987e-16,4.095489379728356e-16,7.105427357601002e-15,4.116579060671228e-16,8.355456244586365e-16
UCLA_1_0051250,116,3.0,62,2.664535259100376e-15,4.551174165401719e-16,2.2697892947892088e-16,1.7763568394002505e-15,4.1196222109536797e-16,2.557624893766101e-16,5.3290705182007506e-15,3.9409981046783e-16,5.361966015226682e-16
UCLA_2_0051295,116,3.0,62,2.664535259100376e-15,5.576839340242126e-16,2.903027612538372e-16,1.7763568394002505e-15,4.337323096383594e-16,3.0263857263856123e-16,5.3290705182007506e-15,4.3673319902369245e-16,5.1645930330711e-16
UM_1_0050287,296,2.0,62,3.552713678800501e-15,6.774856576370593e-16,3.2237587085411955e-16,2.664535259100376e-15,4.161621059535992e-16,2.92769923530782e-16,5.3290705182007506e-15,4.474627119594087e-16,6.710681393289835e-16
UM_1_0050326,296,2.0,62,3.552713678800501e-15,5.537904329366567e-16,3.634952421365328e-16,3.552713678800501e-15,4.188217845968433e-16,3.782982157982015e-16,7.105427357601002e-15,5.081603622341302e-16,9.671276125623585e-16
UM_1_0050359,296,2.0,62,3.552713678800501e-15,4.766333363411347e-16,6.398174171543494e-16,3.552713678800501e-15,4.3715044468203643e-16,5.625129991434126e-16,1.4210854715202004e-14,6.844195293011159e-16,1.217133389959431e-15
UM_2_0050403,296,2.0,62,7.105427357601002e-15,4.609135642851906e-16,6.118562446823085e-16,5.3290705182007506e-15,4.547824286644378e-16,4.704056074708071e-16,7.105427357601002e-15,3.904823262819264e-16,1.046076805424592e-15
USM_0050442,236,2.0,62,1.3322676295501878e-15,4.646237014722845e-16,2.0230730670947294e-16,1.7763568394002505e-15,4.2118278969171214e-16,2.401371282892931e-16,5.3290705182007506e-15,3.5593870902663563e-16,7.763337298119613e-16
USM_0050498,236,2.0,62,1.7763568394002505e-15,4.49691775344204e-16,3.791206032238497e-16,3.552713678800501e-15,4.98339666183928e-16,3.7007434154171886e-16,1.0658141036401504e-14,4.806188146701709e-16,1.2368706881749892e-15
Yale_0050555,196,2.0,62,2.664535259100376e-15,4.445880250819148e-16,2.3561399744822767e-16,1.7763568394002505e-15,4.4258588435653574e-16,2.705654630382789e-16,5.3290705182007506e-15,3.802117346520725e-16,3.980355140137598e-16
Yale_0050609,196,2.0,62,3.552713678800501e-15,4.527029645474942e-16,3.634952421365328e-16,3.552713678800501e-15,4.762123337408545e-16,3.1250722174634037e-16,7.105427357601002e-15,3.9027116923133055e-16,6.513308411134251e-16
CMU_a_0050663,236,2.0,62,2.664535259100376e-15,4.2210079142700136e-16,2.9071395496666143e-16,1.7763568394002505e-15,4.1463026310002155e-16,2.697430756126306e-16,5.3290705182007506e-15,5.672984977794894e-16,7.269904842730655e-16
Caltech_0051486,146,2.0,59,2.664535259100376e-15,4.902055223161493e-16,2.08680809258247e-16,3.552713678800501e-15,3.6958001015688514e-16,2.9441469838207856e-16,3.552713678800501e-15,4.3023088198861493e-16,4.868533559837725e-16
KKI_0050796,152,2.5,61,3.552713678800501e-15,4.541859680026114e-16,4.852085811324758e-16,5.3290705182007506e-15,3.832569655565745e-16,5.85539847061564e-16,1.4210854715202004e-14,3.699117795378395e-16,1.223712489364617e-15
Leuven_1_0050692,246,1.6667799949645996,23,1.7763568394002505e-15,5.291973129914531e-16,2.2862370433021743e-16,2.664535259100376e-15,4.747619373841324e-16,2.6892068818698234e-16,3.552713678800501e-15,3.9267405145802567e-16,4.6876083261951055e-16
Leuven_2_0050738,246,1.651239991188049,47,3.552713678800501e-15,4.377997624986986e-16,3.417019753568537e-16,2.664535259100376e-15,4.2664823082170396e-16,3.190863211515265e-16,3.552713678800501e-15,4.58487285297619e-16,5.1645930330711e-16
MaxMun_a_0051607,116,3.0,44,1.7763568394002505e-15,4.467574560088732e-16,2.697430756126306e-16,1.7763568394002505e-15,3.7495667806737316e-16,2.993490229359681e-16,3.552713678800501e-15,4.2672212713339876e-16,5.592234494408196e-16
MaxMun_d_0051355,196,3.0,62,3.552713678800501e-15,4.695854733873066e-16,5.641577739947092e-16,3.552713678800501e-15,4.39507034604854e-16,5.871846219128607e-16,8.881784197001252e-15,5.719711089252631e-16,1.171079694123128e-15
NYU_0050984,176,2.0,62,5.3290705182007506e-15,4.625984407206447e-16,6.59965909082732e-16,7.105427357601002e-15,4.988623585489305e-16,7.664650807041821e-16,1.0658141036401504e-14,5.407610136630723e-16,1.1250259982868252e-15
NYU_0051018,176,2.0,61,1.7763568394002505e-15,4.3185393083350805e-16,3.3512287595166763e-16,2.664535259100376e-15,4.2729308648913423e-16,3.273101954080091e-16,7.105427357601002e-15,4.88050487129205e-16,1.0066022089934752e-15
NYU_0051055,176,2.0,62,1.7763568394002505e-15,4.3392240155722644e-16,2.8701321155124416e-16,1.7763568394002505e-15,4.598407468447555e-16,4.095489379728356e-16,1.0658141036401504e-14,5.390288043357742e-16,8.75020220889753e-16
NYU_0051087,176,2.0,62,3.552713678800501e-15,5.160583380517295e-16,3.708967289673671e-16,2.664535259100376e-15,5.676849559589132e-16,3.684295666904223e-16,1.0658141036401504e-14,4.347050637858313e-16,1.0263395072090337e-15
NYU_0051126,176,2.0,62,2.664535259100376e-15,5.13667001470252e-16,3.7007434154171886e-16,3.552713678800501e-15,4.2834188465097557e-16,3.6020569243393973e-16,1.0658141036401504e-14,6.990857790017059e-16,1.1250259982868252e-15
Olin_0050117,206,1.5,62,3.552713678800501e-15,4.0072367719108583e-16,2.70976656751103e-16,3.552713678800501e-15,4.616698176793784e-16,3.5856091758264317e-16,5.3290705182007506e-15,4.833790493549976e-16,6.710681393289835e-16
Pitt_0050016,196,1.5,62,3.552713678800501e-15,4.814414650131153e-16,2.7591098130499263e-16,3.552713678800501e-15,3.9405986618649336e-16,2.722102378895754e-16,5.3290705182007506e-15,4.94938314314886e-16,7.434382327860307e-16
Pitt_0050051,196,1.5,62,2.220446049250313e-15,6.251396702735018e-16,1.8832672047345247e-16,2.664535259100376e-15,5.221149264959438e-16,2.680983007613341e-16,5.3290705182007506e-15,5.878054121519859e-16,6.085666949797155e-16
SBL_0051579,196,2.200000047683716,62,3.552713678800501e-15,7.649350637982588e-16,2.9071395496666143e-16,2.664535259100376e-15,4.449576592137339e-16,2.92769923530782e-16,7.105427357601002e-15,4.057403027307632e-16,7.368591333808446e-16
SDSU_0050211,176,2.0,4,1.7763568394002505e-15,4.464208811701323e-16,3.20628297574617e-16,3.552713678800501e-15,4.355603496323881e-16,3.429355564953261e-16,7.105427357601002e-15,4.3863430834548687e-16,8.598060535152601e-16
Stanford_0051187,236,2.0,62,5.3290705182007506e-15,4.848676077514262e-16,5.345518266713717e-16,5.3290705182007506e-15,4.558510005638477e-16,4.819190314298828e-16,8.881784197001252e-15,5.805992064315559e-16,9.34232115536428e-16
Trinity_0050254,146,2.0,62,3.552713678800501e-15,5.013828820418327e-16,3.7418627866996015e-16,3.552713678800501e-15,4.1467427489202724e-16,3.8981163975727723e-16,7.105427357601002e-15,5.27967907260248e-16,6.743576890315766e-16
UCLA_1_0051208,116,3.0,62,1.7763568394002505e-15,3.809341724171417e-16,2.594632327920273e-16,2.664535259100376e-15,4.879956445983969e-16,3.6431762956218097e-16,3.552713678800501e-15,3.476280307462316e-16,4.67116057768214e-16
UCLA_1_0051251,116,3.0,62,7.105427357601002e-15,4.89914567437777e-16,4.802742565785862e-16,3.552713678800501e-15,4.362479713095652e-16,4.8356380628117935e-16,7.105427357601002e-15,3.9847752620939005e-16,7.368591333808446e-16
UCLA_2_0051297,116,3.0,62,1.7763568394002505e-15,3.823417003399447e-16,3.1579677144893343e-16,3.552713678800501e-15,4.42978411931821e-16,3.2566542055671256e-16,7.105427357601002e-15,4.624588984839638e-16,7.960710280275196e-16
UM_1_0050288,296,2.0,62,3.552713678800501e-15,4.574480486568998e-16,4.621817332143244e-16,3.552713678800501e-15,4.312600684703783e-16,5.871846219128607e-16,7.105427357601002e-15,3.751326457535082e-16,1.1447632965023837e-15
UM_1_0050327,296,2.0,62,1.7763568394002505e-15,4.2161719491384662e-16,2.820788869973546e-16,3.552713678800501e-15,3.411120336740953e-16,3.2402064570541606e-16,1.0658141036401504e-14,5.424204556644534e-16,7.171218351652863e-16
UM_1_0050360,296,2.0,62,3.552713678800501e-15,4.595983082491522e-16,3.018161852129129e-16,1.7763568394002505e-15,4.3184168132836744e-16,2.220446049250313e-16,3.552713678800501e-15,4.132736256564763e-16,6.513308411134251e-16
UM_2_0050404,296,2.0,62,3.552713678800501e-15,4.773739983952447e-16,3.7007434154171886e-16,2.664535259100376e-15,4.506579856226983e-16,3.001714103616164e-16,7.105427357601002e-15,4.4304302545624194e-16,7.171218351652863e-16
USM_0050443,236,2.0,62,2.664535259100376e-15,6.511320936516488e-16,2.722102378895754e-16,1.7763568394002505e-15,3.8937922326212175e-16,2.796117247204098e-16,7.105427357601002e-15,5.263104365501253e-16,1.046076805424592e-15
USM_0050499,236,2.0,62,2.664535259100376e-15,4.580217456442593e-16,3.1579677144893343e-16,1.7763568394002505e-15,4.0842545453533015e-16,2.845460492742993e-16,7.105427357601002e-15,4.535108363544017e-16,9.473903143468002e-16
Yale_0050556,196,2.0,62,2.664535259100376e-15,5.507675935997272e-16,2.076528249761867e-16,1.7763568394002505e-15,3.261201242496695e-16,2.33558028884107e-16,3.552713678800501e-15,3.6892567616243876e-16,3.9310118945987024e-16
Yale_0050611,196,2.0,62,2.664535259100376e-15,4.720974161811925e-16,3.20731096002823e-16,2.664535259100376e-15,4.2442411644810837e-16,2.582296516535549e-16,4.440892098500626e-15,6.436188324852101e-16,5.427757009278545e-16
CMU_a_0050664,236,2.0,62,3.552713678800501e-15,4.3813077002057664e-16,2.339692225969312e-16,1.7763568394002505e-15,4.663558570246402e-16,2.541177145253136e-16,7.105427357601002e-15,5.253688720481235e-16,6.052771452771225e-16
Caltech_0051487,146,2.0,43,1.7763568394002505e-15,4.372818765891679e-16,2.783781435819374e-16,1.7763568394002505e-15,3.8284296986659833e-16,2.3602519116105183e-16,7.105427357601002e-15,4.788304493524313e-16,5.361966015226682e-16
KKI_0050797,152,2.5,62,7.105427357601002e-15,5.263250529652162e-16,7.59885981298996e-16,7.105427357601002e-15,4.105557652119587e-16,9.408112149416142e-16,1.4210854715202004e-14,4.56551923705139e-16,1.4868764655720617e-15
Leuven_1_0050693,246,1.6658400297164917,4,3.552713678800501e-15,4.674954169987331e-16,3.067505097668025e-16,8.881784197001252e-15,5.574521382309812e-16,3.8076537807514628e-16,7.105427357601002e-15,4.948910724879407e-16,6.661338147750939e-16
Leuven_2_0050739,246,1.651379942893982,41,3.552713678800501e-15,5.459035788957398e-16,2.882467926897165e-16,3.552713678800501e-15,5.992852050089325e-16,3.503370433261605e-16,7.105427357601002e-15,5.368395755988423e-16,7.072531860575071e-16
MaxMun_b_0051322,116,3.0,45,2.664535259100376e-15,4.966443017323632e-16,2.619303950689721e-16,3.552713678800501e-15,6.030662745337561e-16,3.108624468950438e-16,3.552713678800501e-15,3.8205851244661957e-16,6.052771452771225e-16
MaxMun_d_0051356,196,3.0,62,3.552713678800501e-15,6.629738496748324e-16,2.89480373828189e-16,3.552713678800501e-15,4.792805844846293e-16,3.5115943075180877e-16,5.3290705182007506e-15,3.636369272141434e-16,6.677785896263905e-16
NYU_0050985,176,2.0,62,2.664535259100376e-15,4.631930998822484e-16,4.0132506371635287e-16,3.552713678800501e-15,3.324433725285099e-16,3.297773576849539e-16,7.105427357601002e-15,4.226138918461517e-16,8.68441121484567e-16
NYU_0051019,176,2.0,62,3.552713678800501e-15,4.127810698053496e-16,3.3142213253625046e-16,3.552713678800501e-15,4.103588222578284e-16,3.48692268474864e-16,7.105427357601002e-15,4.118952824990589e-16,9.605485131571725e-16
NYU_0051056,176,2.0,62,3.552713678800501e-15,4.3904309291314255e-16,3.478698810492157e-16,3.552713678800501e-15,4.2721244074176113e-16,3.873444774803324e-16,7.105427357601002e-15,4.154431493247691e-16,9.079157179156837e-16
NYU_0051088,176,2.0,62,3.552713678800501e-15,4.834789766859488e-16,3.289549702593056e-16,3.552713678800501e-15,4.4159075450849085e-16,3.634952421365328e-16,7.105427357601002e-15,4.620097079895059e-16,1.2566079863905477e-15
NYU_0051127,176,2.0,62,3.552713678800501e-15,3.814936707457599e-16,4.679384451938623e-16,3.552713678800501e-15,4.254420964457886e-16,5.345518266713717e-16,7.105427357601002e-15,4.5904741984915215e-16,1.1908169923386865e-15
Olin_0050118,206,1.5,62,2.664535259100376e-15,4.828833192494384e-16,3.018161852129129e-16,2.664535259100376e-15,4.006471195286408e-16,3.824101529264428e-16,7.105427357601002e-15,4.735809059856195e-16,8.487038232690086e-16
Pitt_0050017,196,1.5,62,3.552713678800501e-15,5.996810442239986e-16,4.144832625267251e-16,5.3290705182007506e-15,5.023841563705489e-16,4.292862361883938e-16,7.105427357601002e-15,3.91353096089213e-16,8.618620220793807e-16
Pitt_0050052,196,1.5,62,3.552713678800501e-15,5.673410807981945e-16,3.359452633773159e-16,3.552713678800501e-15,4.518715188242093e-16,3.9310118945987024e-16,5.3290705182007506e-15,4.712565655606666e-16,5.954084961693432e-16
SBL_0051580,196,2.200000047683716,40,3.552713678800501e-15,5.146220707284289e-16,2.8228448385376667e-16,5.3290705182007506e-15,4.270704446658009e-16,3.462251061979192e-16,7.105427357601002e-15,4.263685535919059e-16,8.487038232690086e-16
SDSU_0050212,176,2.0,62,3.552713678800501e-15,4.391525896570069e-16,2.9359231095643033e-16,3.552713678800501e-15,3.7032726887373776e-16,3.8981163975727723e-16,7.105427357601002e-15,5.486906173034803e-16,5.72381648251192e-16
Stanford_0051188,236,2.0,62,3.552713678800501e-15,7.775724777863862e-16,4.305198173268663e-16,3.552713678800501e-15,4.3225337740996775e-16,3.4951465590051227e-16,7.105427357601002e-15,4.427732121392247e-16,7.894919286223335e-16
Trinity_0050255,146,2.0,50,3.552713678800501e-15,4.262938526072351e-16,2.968818606590233e-16,3.552713678800501e-15,4.20679446418115e-16,3.667847918391258e-16,7.105427357601002e-15,5.275384536736187e-16,8.026501274327057e-16
UCLA_1_0051209,116,3.0,62,3.552713678800501e-15,5.566862699349554e-16,4.605369583630279e-16,3.552713678800501e-15,4.494854868984201e-16,4.39154885296173e-16,7.105427357601002e-15,4.426795335438467e-16,1.0131813083986617e-15
UCLA_1_0051252,116,3.0,62,1.7763568394002505e-15,4.473986040156545e-16,2.7632217501781674e-16,8.881784197001252e-16,3.500230040227818e-16,2.129983432429004e-16,3.552713678800501e-15,3.6170616916194845e-16,5.065906541993307e-16
UCLA_2_0051298,116,3.0,62,2.664535259100376e-15,4.882742910322717e-16,3.6020569243393973e-16,2.664535259100376e-15,5.074630602937255e-16,3.1250722174634037e-16,7.105427357601002e-15,4.298811904185152e-16,6.644890399237975e-16
UM_1_0050289,296,2.0,62,3.552713678800501e-15,4.297315299206824e-16,5.411309260765578e-16,3.552713678800501e-15,4.814535886106724e-16,4.786294817272897e-16,7.105427357601002e-15,4.3596794247473445e-16,9.86864910777917e-16
UM_1_0050329,296,2.0,62,1.3322676295501878e-15,4.275966121863566e-16,1.9737298215558335e-16,1.7763568394002505e-15,4.2649833346374815e-16,2.228669923506796e-16,5.3290705182007506e-15,3.7305237335356094e-16,6.97384536949728e-16
UM_1_0050361,296,2.0,62,3.552713678800501e-15,4.1380621939430003e-16,3.281325828336574e-16,3.552713678800501e-15,3.6759405278381897e-16,3.1250722174634037e-16,5.3290705182007506e-15,3.6306169471648854e-16,6.184353440874946e-16
UM_2_0050405,296,2.0,60,1.7763568394002505e-15,6.680492712086973e-16,2.33558028884107e-16,1.7763568394002505e-15,4.243249844910008e-16,2.7632217501781674e-16,5.3290705182007506e-15,4.558460111723692e-16,8.223874256482641e-16
USM_0050444,236,2.0,62,3.552713678800501e-15,4.867882909797477e-16,4.2023997450626296e-16,3.552713678800501e-15,4.032440685095468e-16,4.490235344039522e-16,1.0658141036401504e-14,5.953482022825283e-16,9.34232115536428e-16
USM_0050500,236,2.0,62,5.3290705182007506e-15,6.034607602493845e-16,3.6020569243393973e-16,1.7763568394002505e-15,3.943955241195462e-16,3.20731096002823e-16,1.0658141036401504e-14,5.042731205421578e-16,1.1776587935283142e-15
Yale_0050557,196,2.0,62,3.552713678800501e-15,3.920639587458839e-16,3.211422897156471e-16,3.552713678800501e-15,4.317055874663023e-16,3.667847918391258e-16,5.3290705182007506e-15,3.848688412798995e-16,5.625129991434126e-16
Yale_0050612,196,2.0,62,3.552713678800501e-15,4.621362454394578e-16,3.116848343206921e-16,3.552713678800501e-15,4.430202294546971e-16,3.1744154630022993e-16,5.3290705182007506e-15,5.195033635552536e-16,5.75671197953785e-16
CMU_a_0050665,236,2.0,56,3.552713678800501e-15,4.246158392808953e-16,3.593833050082914e-16,3.552713678800501e-15,4.338554020557015e-16,3.4046839421838136e-16,5.3290705182007506e-15,4.3957360043768656e-16,7.56596431596403e-16
Caltech_0051488,146,2.0,62,1.7763568394002505e-15,4.133085596195757e-16,2.697430756126306e-16,1.7763568394002505e-15,3.2458454194903875e-16,2.7714456244346497e-16,7.105427357601002e-15,4.791199750880335e-16,6.875158878419487e-16
KKI_0050798,152,2.5,62,3.552713678800501e-15,7.034491019438561e-16,4.917876805376619e-16,3.552713678800501e-15,5.109608937271155e-16,4.67116057768214e-16,7.105427357601002e-15,6.326101376493213e-16,8.15808326243078e-16
Leuven_1_0050694,246,1.6672300100326538,29,2.664535259100376e-15,4.838504019441728e-16,2.70976656751103e-16,3.552713678800501e-15,5.601692318488894e-16,3.289549702593056e-16,3.552713678800501e-15,4.113642593004601e-16,5.296175021174821e-16
Leuven_2_0050740,246,1.650130033493042,56,1.7763568394002505e-15,4.463826934520605e-16,2.1340953695572452e-16,1.7763568394002505e-15,4.469846305697725e-16,2.977042480846716e-16,3.552713678800501e-15,4.3181934511054984e-16,4.63826508065621e-16
MaxMun_b_0051323,116,3.0,59,1.3322676295501878e-15,4.2347109140616533e-16,1.385722812217325e-16,1.7763568394002505e-15,4.2870273969220343e-16,2.0477446898641775e-16,7.105427357601002e-15,4.357272324612879e-16,7.829128292171476e-16
MaxMun_d_0051357,196,3.0,62,3.552713678800501e-15,5.064732891872174e-16,2.8783559897689243e-16,1.7763568394002505e-15,4.4058308501733314e-16,3.273101954080091e-16,5.3290705182007506e-15,4.509658003000508e-16,7.59885981298996e-16
NYU_0050986,176,2.0,62,1.7763568394002505e-15,4.101143610852104e-16,2.8660201783842004e-16,1.7763568394002505e-15,4.3091406737285184e-16,3.4211316906967787e-16,7.105427357601002e-15,4.681507334136267e-16,1.0592350042349642e-15
NYU_0051021,176,2.0,62,3.552713678800501e-15,5.732216949016087e-16,3.980355140137598e-16,3.552713678800501e-15,4.3859532152645795e-16,3.865220900546841e-16,7.105427357601002e-15,5.299610669684023e-16,1.0197604078038477e-15
NYU_0051057,176,2.0,62,2.664535259100376e-15,6.024287566344265e-16,3.3388929481319524e-16,1.7763568394002505e-15,4.078586848991308e-16,3.3471168223884347e-16,7.105427357601002e-15,4.339998277179805e-16,8.388351741612295e-16
NYU_0051089,176,2.0,48,5.3290705182007506e-15,5.016754106433265e-16,3.5280420560310533e-16,3.552713678800501e-15,4.163290943853069e-16,4.0050267629070464e-16,7.105427357601002e-15,4.858109408496383e-16,1.0723932030453365e-15
NYU_0051128,176,2.0,62,3.552713678800501e-15,4.767716154400406e-16,3.9721312658811163e-16,3.552713678800501e-15,4.017774667703895e-16,3.733638912443119e-16,7.105427357601002e-15,4.301270772518261e-16,1.1447632965023837e-15
Olin_0050119,206,1.5,62,2.664535259100376e-15,5.031515277720774e-16,2.619303950689721e-16,3.552713678800501e-15,4.724686838769225e-16,3.4704749362356744e-16,5.3290705182007506e-15,5.426596510517506e-16,7.00674086652321e-16
Pitt_0050019,196,1.5,62,1.7763568394002505e-15,4.606829332827788e-16,2.384923534379966e-16,2.664535259100376e-15,4.75591464397228e-16,3.289549702593056e-16,7.105427357601002e-15,4.2435924188437916e-16,9.34232115536428e-16
Pitt_0050053,196,1.5,61,3.552713678800501e-15,4.861437107389707e-16,4.884981308350689e-16,5.3290705182007506e-15,3.923434858624719e-16,5.658025488460057e-16,7.105427357601002e-15,4.363148274813129e-16,8.026501274327057e-16
SBL_0051581,196,2.200000047683716,26,2.664535259100376e-15,6.463022471239176e-16,2.3808115972517245e-16,1.7763568394002505e-15,4.519649015933538e-16,2.220446049250313e-16,7.105427357601002e-15,5.457068302444298e-16,6.217248937900876e-16
SDSU_0050213,176,2.0,42,3.552713678800501e-15,4.580666149294275e-16,3.6431762956218097e-16,3.552713678800501e-15,4.2723196033654565e-16,3.733638912443119e-16,5.3290705182007506e-15,4.506384045217169e-16,6.90805437544542e-16
Stanford_0051189,236,2.0,62,3.552713678800501e-15,5.52198745714078e-16,3.634952421365328e-16,1.7763568394002505e-15,3.858649934613583e-16,3.190863211515265e-16,7.105427357601002e-15,3.632748828367785e-16,6.743576890315766e-16
Trinity_0050257,146,2.0,62,1.7763568394002505e-15,3.8745452940035694e-16,2.6486015027284406e-16,3.552713678800501e-15,3.8507999940267135e-16,2.92769923530782e-16,7.105427357601002e-15,3.9918595189497053e-16,7.664650807041821e-16
UCLA_1_0051210,116,3.0,62,5.3290705182007506e-15,4.442904591414241e-16,3.0263857263856123e-16,3.552713678800501e-15,4.644296498396431e-16,2.92769923530782e-16,5.3290705182007506e-15,5.136793746921221e-16,7.59885981298996e-16
UCLA_1_0051253,116,3.0,62,1.7763568394002505e-15,5.078434288513224e-16,2.2122221749938303e-16,1.7763568394002505e-15,4.3906882132219396e-16,1.8914910789910075e-16,5.3290705182007506e-15,5.717569254576379e-16,5.098802039019237e-16
UCLA_2_0051299,116,3.0,62,3.552713678800501e-15,3.964781467935602e-16,3.4375794392097437e-16,3.552713678800501e-15,4.0624739369480076e-16,4.0296983856764943e-16,7.105427357601002e-15,4.0757198068881636e-16,6.118562446823085e-16
UM_1_0050290,296,2.0,62,1.7763568394002505e-15,4.095346399302623e-16,3.4375794392097437e-16,2.664535259100376e-15,3.9769630336767127e-16,3.20731096002823e-16,5.3290705182007506e-15,3.938171852785529e-16,6.611994902212045e-16
UM_1_0050330,296,2.0,62,1.7763568394002505e-15,4.736814406954121e-16,3.429355564953261e-16,3.552713678800501e-15,4.41108229602046e-16,3.2402064570541606e-16,7.105427357601002e-15,4.987676349326828e-16,9.27653016131242e-16
UM_1_0050362,296,2.0,62,2.664535259100376e-15,4.798025092351775e-16,2.450714528431827e-16,1.7763568394002505e-15,3.948807208730755e-16,3.355340696644917e-16,3.552713678800501e-15,3.6473794236313767e-16,6.94094987247135e-16
UM_2_0050406,296,2.0,62,3.552713678800501e-15,4.081274311515052e-16,2.7878933729476153e-16,2.664535259100376e-15,4.672698888959774e-16,3.355340696644917e-16,7.105427357601002e-15,3.9472212030190993e-16,9.27653016131242e-16
USM_0050445,236,2.0,62,2.664535259100376e-15,4.2255155241115208e-16,2.6398636363309283e-16,2.664535259100376e-15,4.800059035046028e-16,2.664535259100376e-16,5.3290705182007506e-15,4.322602519892153e-16,8.15808326243078e-16
USM_0050501,236,2.0,62,3.552713678800501e-15,4.4008616934492805e-16,3.9721312658811163e-16,3.552713678800501e-15,4.80235940638439e-16,3.717191163930153e-16,1.0658141036401504e-14,4.2915560817884327e-16,1.1184468988816392e-15
Yale_0050558,196,2.0,61,1.7763568394002505e-15,3.55676752031216e-16,2.1258714953007624e-16,1.7763568394002505e-15,4.0918230369446607e-16,3.199087085771747e-16,3.552713678800501e-15,4.3592855864040284e-16,4.934324553889585e-16
Yale_0050613,196,2.0,62,3.552713678800501e-15,4.217298952338227e-16,2.5329532709966536e-16,3.552713678800501e-15,4.3010867009327372e-16,2.3931474086364484e-16,7.105427357601002e-15,5.894157809498287e-16,6.332383177491633e-16
CMU_a_0050666,236,2.0,62,1.7763568394002505e-15,4.517351557360212e-16,2.61519201356148e-16,1.7763568394002505e-15,3.7984605685266007e-16,2.2039983007373478e-16,3.552713678800501e-15,3.802810172299211e-16,6.184353440874946e-16
Caltech_0051489,146,2.0,62,3.552713678800501e-15,4.467463583078385e-16,3.034609600642094e-16,3.552713678800501e-15,4.3723808562794485e-16,3.001714103616164e-16,7.105427357601002e-15,5.246984922618673e-16,6.447517417082391e-16
KKI_0050799,152,2.5,62,2.664535259100376e-15,5.282930050768404e-16,2.475386151201275e-16,3.552713678800501e-15,3.888290124892114e-16,2.845460492742993e-16,5.3290705182007506e-15,4.66515909333908e-16,9.27653016131242e-16
Leuven_1_0050695,246,1.6651899814605713,40,3.552713678800501e-15,4.620101665798759e-16,2.769389655870529e-16,3.552713678800501e-15,5.22244258686606e-16,2.968818606590233e-16,3.552713678800501e-15,4.4378927979251172e-16,5.85539847061564e-16
Leuven_2_0050741,246,1.651379942893982,23,2.664535259100376e-15,4.0353197931784255e-16,2.223530002096494e-16,3.552713678800501e-15,4.232074903428986e-16,1.89971495324749e-16,3.552713678800501e-15,4.1976020466026897e-16,3.832325403520911e-16
MaxMun_b_0051324,116,3.0,62,1.7763568394002505e-15,5.343805730459309e-16,2.1752147408396583e-16,3.552713678800501e-15,4.935499971205839e-16,2.500057773970723e-16,7.105427357601002e-15,4.551095870118953e-16,8.815993202949391e-16
MaxMun_d_0051360,196,3.0,62,3.552713678800501e-15,4.2000936470451214e-16,3.20731096002823e-16,2.664535259100376e-15,4.57120696854794e-16,2.993490229359681e-16,7.105427357601002e-15,4.628946757282946e-16,7.631755310015891e-16
NYU_0050987,176,2.0,62,1.7763568394002505e-15,4.729078075716264e-16,2.812564995717063e-16,1.7763568394002505e-15,3.940139265820436e-16,2.89480373828189e-16,7.105427357601002e-15,4.783793856164377e-16,8.552829226741946e-16
NYU_0051023,176,2.0,62,1.7763568394002505e-15,4.987465220855138e-16,3.046945412026818e-16,1.7763568394002505e-15,3.854149290215183e-16,2.8783559897689243e-16,7.105427357601002e-15,4.203533140524223e-16,9.605485131571725e-16
NYU_0051058,176,2.0,24,1.7763568394002505e-15,4.4223302482506757e-16,2.3363512770526153e-16,1.7763568394002505e-15,4.1169888996428843e-16,2.508281648227205e-16,5.3290705182007506e-15,3.8981194936968846e-16,8.848888699975322e-16
NYU_0051090,176,2.0,62,2.664535259100376e-15,5.656849726586186e-16,3.116848343206921e-16,3.552713678800501e-15,4.485312327655944e-16,3.503370433261605e-16,7.105427357601002e-15,4.161728046280683e-16,9.473903143468002e-16
NYU_0051129,176,2.0,62,1.7763568394002505e-15,4.54769662261222e-16,2.981154417974957e-16,3.552713678800501e-15,4.594530907200587e-16,3.1415199659763687e-16,7.105427357601002e-15,4.818528724892065e-16,1.111867799476453e-15
Olin_0050120,206,1.5,46,1.7763568394002505e-15,4.135843096392543e-16,3.750086660956084e-16,3.552713678800501e-15,5.0931183959237225e-16,4.375101104448765e-16,1.0658141036401504e-14,5.198066071347357e-16,9.27653016131242e-16
Pitt_0050020,196,1.5,59,1.7763568394002505e-15,3.7650039206643656e-16,2.541177145253136e-16,2.664535259100376e-15,5.871265354005482e-16,3.2402064570541606e-16,5.3290705182007506e-15,4.950408447617789e-16,7.368591333808446e-16
Pitt_0050054,196,1.5,62,3.552713678800501e-15,5.0016254533256735e-16,5.329070518200751e-16,5.3290705182007506e-15,4.380534939924551e-16,5.806055225076744e-16,1.0658141036401504e-14,4.2604033684123636e-16,1.157921495312756e-15
SBL_0051582,196,2.200000047683716,62,3.552713678800501e-15,4.376497754495936e-16,3.1127364060786798e-16,3.552713678800501e-15,5.470416197589543e-16,3.48692268474864e-16,7.105427357601002e-15,4.1025916537993335e-16,8.75020220889753e-16
SDSU_0050214,176,2.0,62,3.552713678800501e-15,3.863727647850309e-16,3.67607179264774e-16,3.552713678800501e-15,4.189137570548315e-16,3.832325403520911e-16,3.552713678800501e-15,4.0553673968611853e-16,5.493548003330404e-16
Stanford_0051190,236,2.0,62,5.3290705182007506e-15,4.548148262348697e-16,3.9145641460857374e-16,2.664535259100376e-15,4.144529620168269e-16,3.3059974511060223e-16,5.3290705182007506e-15,4.967797841145089e-16,7.467277824886238e-16
Trinity_0050260,146,2.0,62,1.7763568394002505e-15,4.2348436628830036e-16,2.8043411214605813e-16,2.664535259100376e-15,6.659142059467394e-16,2.8290127442300287e-16,5.3290705182007506e-15,5.659259948492135e-16,5.460652506304475e-16
UCLA_1_0051211,116,3.0,62,2.664535259100376e-15,4.625141365955259e-16,2.680983007613341e-16,2.664535259100376e-15,5.857424193757718e-16,2.61519201356148e-16,3.552713678800501e-15,3.699383881434209e-16,5.296175021174821e-16
UCLA_1_0051254,116,3.0,62,1.7763568394002505e-15,4.227797477893761e-16,2.4918338997142403e-16,1.7763568394002505e-15,4.568998208617809e-16,2.327356414584587e-16,7.105427357601002e-15,4.619093649387581e-16,6.579099405186112e-16
UCLA_2_0051301,116,3.0,62,3.552713678800501e-15,3.5574780089952864e-16,3.6020569243393973e-16,3.552713678800501e-15,5.15428130450782e-16,3.79942990649498e-16,7.105427357601002e-15,4.491643474469333e-16,6.776472387341696e-16
UM_1_0050291,296,2.0,62,3.552713678800501e-15,3.5725758846003263e-16,2.520617459611929e-16,2.664535259100376e-15,4.661363956763469e-16,3.7665344094690494e-16,5.3290705182007506e-15,3.4956227307782132e-16,7.368591333808446e-16
UM_1_0050331,296,2.0,62,1.7763568394002505e-15,4.675636711501485e-16,3.1744154630022993e-16,3.552713678800501e-15,4.580421528495487e-16,3.552713678800501e-16,7.105427357601002e-15,4.1941461531013495e-16,7.039636363549141e-16
UM_1_0050363,296,2.0,62,3.552713678800501e-15,8.080744570621627e-16,3.569161427313466e-16,2.664535259100376e-15,4.3020229495582093e-16,3.4046839421838136e-16,1.0658141036401504e-14,4.344835801233149e-16,8.815993202949391e-16
UM_2_0050407,296,2.0,62,1.7763568394002505e-15,5.180248952771929e-16,2.5987442650485144e-16,2.664535259100376e-15,6.053486701328972e-16,2.911251486794855e-16,5.3290705182007506e-15,4.732406367132685e-16,6.217248937900876e-16
USM_0050446,236,2.0,62,1.7763568394002505e-15,4.88936390838903e-16,3.3471168223884347e-16,1.7763568394002505e-15,4.0457319968349796e-16,2.73855012740872e-16,8.881784197001252e-15,7.25195137519463e-16,7.237009345704725e-16
USM_0050502,236,2.0,61,1.7763568394002505e-15,4.949112957210127e-16,3.2484303313106433e-16,3.552713678800501e-15,4.047607027257745e-16,3.51981818177457e-16,1.0658141036401504e-14,6.022584624282314e-16,1.282924384011292e-15
Yale_0050559,196,2.0,62,2.664535259100376e-15,4.672149751196865e-16,3.659624044134775e-16,1.7763568394002505e-15,3.828847311180423e-16,3.108624468950438e-16,5.3290705182007506e-15,4.2481242453473975e-16,8.487038232690086e-16
Yale_0050614,196,2.0,57,3.552713678800501e-15,4.2354232282527245e-16,3.1415199659763687e-16,3.552713678800501e-15,3.4275205478501827e-16,3.6020569243393973e-16,5.3290705182007506e-15,4.683680051665873e-16,6.151457943849015e-16
CMU_a_0050668,236,2.0,61,3.552713678800501e-15,4.664019432873027e-16,3.770646346597291e-16,3.552713678800501e-15,3.7492471948719084e-16,3.3142213253625046e-16,3.552713678800501e-15,4.1483862453890464e-16,6.743576890315766e-16
Caltech_0051490,146,2.0,47,1.7763568394002505e-15,4.320241926094608e-16,2.0025133814535232e-16,1.7763568394002505e-15,4.00190251542866e-16,1.5872077315011494e-16,3.552713678800501e-15,5.125564009489603e-16,4.5395785895784175e-16
KKI_0050800,152,2.5,62,7.105427357601002e-15,4.078926386508321e-16,5.238607901379442e-16,3.552713678800501e-15,4.713121854148917e-16,3.8158776550079455e-16,7.105427357601002e-15,3.7289974563068966e-16,9.93444010183103e-16
Leuven_1_0050696,246,1.667099952697754,17,3.552713678800501e-15,6.605830553803033e-16,2.843404524178873e-16,3.552713678800501e-15,5.301675072563271e-16,3.503370433261605e-16,5.3290705182007506e-15,5.498298045320798e-16,6.628442650725009e-16
Leuven_2_0050742,246,1.6515300273895264,30,3.552713678800501e-15,5.59666220913751e-16,3.3368369795678316e-16,3.552713678800501e-15,4.3339032151487264e-16,4.1283848767542856e-16,5.3290705182007506e-15,3.920008964068037e-16,7.138322854626932e-16
MaxMun_b_0051325,116,3.0,46,1.3322676295501878e-15,4.497087430372494e-16,1.8051403992979398e-16,1.3322676295501878e-15,5.264064342290856e-16,1.4720734919103928e-16,3.552713678800501e-15,4.3013670755611284e-16,3.980355140137598e-16
MaxMun_d_0051361,196,3.0,62,5.3290705182007506e-15,6.35122100894772e-16,5.016563296454412e-16,3.552713678800501e-15,4.57787244640598e-16,5.098802039019237e-16,7.105427357601002e-15,4.337606265679098e-16,1.2960825828216642e-15
NYU_0050988,176,2.0,62,3.552713678800501e-15,4.588596593515237e-16,3.120960280335162e-16,3.552713678800501e-15,4.0128644930212647e-16,3.1250722174634037e-16,7.105427357601002e-15,4.887166281083483e-16,1.0066022089934752e-15
NYU_0051024,176,2.0,61,3.552713678800501e-15,4.780966426010597e-16,3.088064783309232e-16,3.552713678800501e-15,4.003990341862215e-16,3.3142213253625046e-16,1.0658141036401504e-14,7.356027630616428e-16,9.73706711967545e-16
NYU_0051059,176,2.0,62,2.664535259100376e-15,4.633302170708036e-16,3.4581391248509504e-16,2.664535259100376e-15,4.072688521229161e-16,3.445803313466226e-16,7.105427357601002e-15,5.316426232342951e-16,1.0329186066142197e-15
NYU_0051091,176,2.0,62,3.552713678800501e-15,4.309529899817129e-16,3.750086660956084e-16,3.552713678800501e-15,4.522724685713782e-16,4.292862361883938e-16,7.105427357601002e-15,4.968621309362926e-16,8.355456244586365e-16
NYU_0051130,176,2.0,62,3.552713678800501e-15,4.751792078656393e-16,4.0872655054718727e-16,3.552713678800501e-15,4.4267399053470863e-16,4.440892098500626e-16,7.105427357601002e-15,4.1883281111562477e-16,1.105288700071267e-15
Olin_0050121,206,1.5,62,3.552713678800501e-15,4.242029343421636e-16,3.6514001698782925e-16,3.552713678800501e-15,3.806084367884199e-16,3.684295666904223e-16,7.105427357601002e-15,5.287805160300435e-16,9.013366185104977e-16
Pitt_0050022,196,1.5,62,3.552713678800501e-15,4.240753873248473e-16,2.7878933729476153e-16,3.552713678800501e-15,3.850620791727081e-16,2.384923534379966e-16,5.3290705182007506e-15,4.072285267520429e-16,5.394861512252612e-16
Pitt_0050055,196,1.5,62,2.664535259100376e-15,5.460438399546319e-16,2.0559685641206603e-16,3.552713678800501e-15,4.241008012067918e-16,2.680983007613341e-16,5.3290705182007506e-15,4.204255036836794e-16,6.611994902212045e-16
SBL_0051583,196,2.200000047683716,62,3.552713678800501e-15,5.253261902086422e-16,3.1332960917198864e-16,5.3290705182007506e-15,4.2699828129018926e-16,3.2648780798236084e-16,7.105427357601002e-15,4.78499978056257e-16,6.875158878419487e-16
SDSU_0050215,176,2.0,56,3.552713678800501e-15,4.36796217828456e-16,3.1456319031046104e-16,3.552713678800501e-15,3.9780210986581007e-16,3.4704749362356744e-16,7.105427357601002e-15,3.661649778354708e-16,6.90805437544542e-16
Stanford_0051191,236,2.0,62,3.552713678800501e-15,4.3822799522400123e-16,3.8816686490598067e-16,3.552713678800501e-15,4.368485129981708e-16,4.67116057768214e-16,7.105427357601002e-15,4.5419170549288895e-16,8.947575191053113e-16
Trinity_0050261,146,2.0,61,2.664535259100376e-15,4.359758886347151e-16,2.915363423923096e-16,2.664535259100376e-15,4.461461682334397e-16,3.3471168223884347e-16,5.3290705182007506e-15,4.3705624742730157e-16,6.184353440874946e-16
UCLA_1_0051212,116,3.0,62,2.664535259100376e-15,4.665896182936201e-16,2.590520390792032e-16,3.552713678800501e-15,4.620588735123281e-16,3.1332960917198864e-16,5.3290705182007506e-15,4.679007675760724e-16,7.039636363549141e-16
UCLA_1_0051255,116,3.0,62,3.552713678800501e-15,6.301888677784147e-16,3.3635645709014e-16,2.664535259100376e-15,4.397148417674713e-16,3.1744154630022993e-16,3.552713678800501e-15,3.696120763367414e-16,5.296175021174821e-16
UCLA_2_0051302,116,3.0,62,2.664535259100376e-15,4.367600139206763e-16,2.8290127442300287e-16,2.664535259100376e-15,4.38065573470962e-16,3.4211316906967787e-16,7.105427357601002e-15,4.1566720336317073e-16,6.019875955745295e-16
UM_1_0050292,296,2.0,62,3.552713678800501e-15,4.2127083327077374e-16,4.3093101103969037e-16,3.552713678800501e-15,4.75013577943415e-16,4.506683092552487e-16,7.105427357601002e-15,4.053287134480089e-16,9.473903143468002e-16
UM_1_0050332,296,2.0,62,3.552713678800501e-15,6.342922384995302e-16,4.1119371282413205e-16,3.552713678800501e-15,4.2379428388285004e-16,3.733638912443119e-16,1.0658141036401504e-14,5.818396403903648e-16,9.473903143468002e-16
UM_1_0050364,296,2.0,62,5.3290705182007506e-15,4.736393982358737e-16,5.082354290506272e-16,3.552713678800501e-15,4.073648018402348e-16,4.210623619319112e-16,7.105427357601002e-15,4.068998902519929e-16,8.355456244586365e-16
UM_2_0050408,296,2.0,62,1.7763568394002505e-15,4.3987321186692123e-16,2.7755575615628914e-16,3.552713678800501e-15,4.5086503062622695e-16,3.454027187722709e-16,5.3290705182007506e-15,5.690843050048373e-16,6.842263381393557e-16
USM_0050447,236,2.0,62,3.552713678800501e-15,4.846933938152058e-16,3.4211316906967787e-16,2.664535259100376e-15,4.329708031309112e-16,3.569161427313466e-16,8.881784197001252e-15,6.74870595346296e-16,1.0329186066142197e-15
USM_0050503,236,2.0,62,1.7763568394002505e-15,4.835545933350804e-16,2.9523708580772683e-16,3.552713678800501e-15,4.433133733907307e-16,3.0757289719245075e-16,7.105427357601002e-15,4.279673080297098e-16,8.09229226837892e-16
Yale_0050560,196,2.0,62,3.552713678800501e-15,5.315256688720275e-16,2.705654630382789e-16,1.7763568394002505e-15,3.7616339722816357e-16,2.7878933729476153e-16,3.552713678800501e-15,3.897747682332463e-16,5.246831775635925e-16
Yale_0050615,196,2.0,62,2.664535259100376e-15,5.396122151576587e-16,3.79942990649498e-16,2.664535259100376e-15,6.369574303925955e-16,3.8405492777773934e-16,1.0658141036401504e-14,6.119912502103304e-16,8.190978759456711e-16
CMU_b_0050644,316,1.5,22,2.664535259100376e-15,5.605729211625206e-16,2.591034382933062e-16,2.664535259100376e-15,4.329660718010618e-16,2.319132540328105e-16,5.3290705182007506e-15,5.19646637468578e-16,5.85539847061564e-16
Caltech_0051491,146,2.0,56,1.7763568394002505e-15,4.390922628331345e-16,1.990177570068799e-16,1.3322676295501878e-15,3.8679316748852655e-16,2.0312969413512122e-16,3.552713678800501e-15,3.9506754493631533e-16,5.197488530097029e-16
KKI_0050801,152,2.5,62,5.3290705182007506e-15,4.3749000515635113e-16,3.9968028886505636e-16,3.552713678800501e-15,3.788889563432404e-16,3.947459643111668e-16,7.105427357601002e-15,4.4386240962061375e-16,9.210739167260555e-16
Leuven_1_0050697,246,1.6664899587631226,62,3.552713678800501e-15,5.744916552950308e-16,3.4046839421838136e-16,3.552713678800501e-15,3.907561424429902e-16,4.786294817272897e-16,3.552713678800501e-15,4.269009535490733e-16,7.00674086652321e-16
Leuven_2_0050743,246,1.6516300439834597,62,3.552713678800501e-15,4.528574149134838e-16,2.1711028037114167e-16,2.664535259100376e-15,4.3096857581211134e-16,2.977042480846716e-16,3.552713678800501e-15,4.374902507944042e-16,4.901429056863654e-16
MaxMun_b_0051326,116,3.0,57,2.220446049250313e-15,5.598961707444402e-16,2.236893797763278e-16,3.552713678800501e-15,4.056654555013951e-16,3.018161852129129e-16,7.105427357601002e-15,4.475067766121842e-16,8.15808326243078e-16
NYU_0050952,176,2.0,62,3.552713678800501e-15,4.2692656752528516e-16,6.052771452771225e-16,3.552713678800501e-15,3.4024486328860674e-16,5.641577739947092e-16,1.0658141036401504e-14,5.318343022341754e-16,1.3487153780631532e-15
NYU_0050989,176,2.0,62,1.7763568394002505e-15,4.441020548965322e-16,3.2648780798236084e-16,1.7763568394002505e-15,3.868300207877531e-16,2.6892068818698234e-16,7.105427357601002e-15,4.3220700077953935e-16,9.93444010183103e-16
NYU_0051025,176,2.0,51,3.552713678800501e-15,4.7649350066646385e-16,2.993490229359681e-16,5.3290705182007506e-15,4.056476599723223e-16,3.4375794392097437e-16,7.105427357601002e-15,4.116124916458456e-16,9.802858113727307e-16
NYU_0051060,176,2.0,62,3.552713678800501e-15,4.432913991778292e-16,4.185951996549664e-16,3.552713678800501e-15,4.11685503929957e-16,4.457339847013592e-16,7.105427357601002e-15,4.527539707366696e-16,8.947575191053113e-16
NYU_0051093,176,2.0,62,3.552713678800501e-15,3.73782954366198e-16,3.7418627866996015e-16,3.552713678800501e-15,3.924879449502461e-16,3.9310118945987024e-16,7.105427357601002e-15,4.72105549617306e-16,1.0658141036401502e-15
NYU_0051131,176,2.0,62,3.552713678800501e-15,5.206771109573127e-16,5.337294392457234e-16,3.552713678800501e-15,4.475480991310765e-16,3.8816686490598067e-16,7.105427357601002e-15,4.464986813943962e-16,1.164500594717942e-15
Olin_0050122,206,1.5,62,2.664535259100376e-15,4.887675209132985e-16,2.746774001665202e-16,3.552713678800501e-15,4.004756561736162e-16,2.977042480846716e-16,5.3290705182007506e-15,4.4851452025103185e-16,6.776472387341696e-16
Pitt_0050023,196,1.5,62,3.552713678800501e-15,4.564855661283125e-16,3.733638912443119e-16,3.552713678800501e-15,5.162756776960574e-16,4.1941758708061473e-16,3.552713678800501e-15,4.008317628172543e-16,7.631755310015891e-16
Pitt_0050056,196,1.5,62,3.552713678800501e-15,4.484263603799744e-16,3.9145641460857374e-16,3.552713678800501e-15,4.223492267568092e-16,3.8816686490598067e-16,7.105427357601002e-15,4.539494150106777e-16,7.171218351652863e-16
SBL_0051584,196,2.200000047683716,62,3.552713678800501e-15,5.0248179098469e-16,3.939235768855185e-16,5.3290705182007506e-15,4.0904286467081324e-16,5.38663763799613e-16,1.0658141036401504e-14,4.351479436242287e-16,9.73706711967545e-16
SDSU_0050217,176,2.0,41,1.7763568394002505e-15,3.924056955527674e-16,2.9667626380261126e-16,2.664535259100376e-15,3.719876163341629e-16,3.1004005946939563e-16,3.552713678800501e-15,4.351001843890361e-16,5.098802039019237e-16
Stanford_0051192,236,2.0,62,3.552713678800501e-15,5.803479649335407e-16,3.708967289673671e-16,3.552713678800501e-15,4.673505675907383e-16,3.569161427313466e-16,7.105427357601002e-15,4.949606252234623e-16,7.138322854626932e-16
Trinity_0050262,146,2.0,62,5.3290705182007506e-15,4.335055890978728e-16,7.056084112062107e-16,5.3290705182007506e-15,4.184111636927466e-16,7.467277824886238e-16,1.0658141036401504e-14,6.365397968626687e-16,1.0592350042349642e-15
UCLA_1_0051214,116,3.0,62,1.7763568394002505e-15,4.531892966894773e-16,2.24100573489152e-16,1.7763568394002505e-15,4.630359291293142e-16,2.524729396740171e-16,5.3290705182007506e-15,4.538334314768226e-16,6.31593542897867e-16
UCLA_1_0051256,116,3.0,62,2.664535259100376e-15,4.1829525463315294e-16,2.319132540328105e-16,2.664535259100376e-15,4.3661291745516704e-16,2.3438041630975528e-16,5.3290705182007506e-15,5.436446789416576e-16,5.625129991434126e-16
UCLA_2_0051303,116,3.0,62,1.7763568394002505e-15,4.841066363669928e-16,2.2615654205327265e-16,2.664535259100376e-15,4.362700051460905e-16,2.2574534834044853e-16,7.105427357601002e-15,4.3490338348634593e-16,4.57247408660435e-16
UM_1_0050293,296,2.0,62,1.7763568394002505e-15,4.506700248353496e-16,2.4712742140730336e-16,2.664535259100376e-15,5.027819951061922e-16,2.5987442650485144e-16,5.3290705182007506e-15,5.177691215247047e-16,7.072531860575071e-16
UM_1_0050333,296,2.0,62,5.3290705182007506e-15,3.8952566548288255e-16,4.950772302402549e-16,3.552713678800501e-15,4.353899244389653e-16,5.575786745895232e-16,1.0658141036401504e-14,4.37699702160891e-16,1.0723932030453365e-15
UM_1_0050365,296,2.0,62,3.552713678800501e-15,4.260386666589514e-16,3.2607661426953673e-16,2.664535259100376e-15,4.0643980744104856e-16,2.746774001665202e-16,3.552713678800501e-15,3.792044450171494e-16,5.658025488460057e-16
UM_2_0050410,296,2.0,62,3.552713678800501e-15,5.405455682046071e-16,4.3010862361404204e-16,3.552713678800501e-15,4.42468845489652e-16,4.457339847013592e-16,7.105427357601002e-15,3.9966813099303476e-16,1.0394977060194058e-15
USM_0050448,236,2.0,62,3.552713678800501e-15,4.789982814004403e-16,5.213936278609994e-16,3.552713678800501e-15,3.6449719355142613e-16,5.049458793480342e-16,7.105427357601002e-15,4.620504267126114e-16,9.73706711967545e-16
USM_0050504,236,2.0,62,1.7763568394002505e-15,4.55569690974558e-16,2.796117247204098e-16,1.7763568394002505e-15,4.2134222242438916e-16,3.51981818177457e-16,7.105427357601002e-15,4.3759879577113956e-16,9.34232115536428e-16
Yale_0050561,196,2.0,62,1.7763568394002505e-15,3.430433074363936e-16,2.224557986378554e-16,1.7763568394002505e-15,3.5541276739594923e-16,2.837236618486511e-16,3.552713678800501e-15,4.253629265497752e-16,5.888293967641571e-16
Yale_0050616,196,2.0,62,2.664535259100376e-15,4.819064304148173e-16,3.454027187722709e-16,1.7763568394002505e-15,4.462925153445669e-16,3.0099379778726473e-16,5.3290705182007506e-15,4.903793745311908e-16,4.704056074708071e-16
CMU_b_0050645,316,1.5,55,3.552713678800501e-15,6.037681926240352e-16,4.445004035628868e-16,7.105427357601002e-15,3.74638886555614e-16,3.6267285471088446e-16,5.3290705182007506e-15,4.533757570632205e-16,7.105427357601002e-16
Caltech_0051492,146,2.0,62,3.552713678800501e-15,4.865799929482327e-16,2.2081102378655887e-16,1.7763568394002505e-15,4.409277612135706e-16,2.6727591333568584e-16,3.552713678800501e-15,4.375003763076919e-16,4.63826508065621e-16
KKI_0050802,152,2.5,62,2.664535259100376e-15,4.876627227236843e-16,3.750086660956084e-16,1.7763568394002505e-15,4.2097614775155004e-16,3.1415199659763687e-16,1.0658141036401504e-14,5.36389011548901e-16,7.894919286223335e-16
Leuven_1_0050698,246,1.6666699647903442,22,1.7763568394002505e-15,4.109462913392913e-16,2.2564254991224247e-16,2.664535259100376e-15,5.629610430744418e-16,2.1793266779679002e-16,3.552713678800501e-15,3.7643622979380463e-16,4.786294817272897e-16
Leuven_2_0050744,246,1.6511199474334717,42,5.3290705182007506e-15,4.937358056518314e-16,4.644432986348572e-16,3.552713678800501e-15,5.719217964006586e-16,5.246831775635925e-16,1.0658141036401504e-14,5.328340371142927e-16,9.9015446048051e-16
MaxMun_b_0051327,116,3.0,62,2.664535259100376e-15,4.0717623266892123e-16,2.0641924383771428e-16,1.7763568394002505e-15,3.8736890615041535e-16,2.3684757858670006e-16,7.105427357601002e-15,4.431729758312299e-16,8.026501274327057e-16
NYU_0050954,176,2.0,62,1.7763568394002505e-15,5.044627577421365e-16,3.092176720437473e-16,3.552713678800501e-15,4.257565432663905e-16,3.4375794392097437e-16,5.3290705182007506e-15,4.0339882071404127e-16,8.552829226741946e-16
NYU_0050990,176,2.0,60,2.664535259100376e-15,4.528669056818884e-16,2.569960705150825e-16,3.552713678800501e-15,5.191794784627111e-16,3.3224451996189873e-16,7.105427357601002e-15,4.1326725469932957e-16,8.68441121484567e-16
NYU_0051026,176,2.0,62,2.664535259100376e-15,6.582680922525601e-16,3.445803313466226e-16,1.7763568394002505e-15,3.9368517559144637e-16,3.758310535212567e-16,7.105427357601002e-15,4.767156039818602e-16,9.408112149416142e-16
NYU_0051061,176,2.0,62,1.7763568394002505e-15,4.048548223949517e-16,3.092176720437473e-16,1.7763568394002505e-15,3.7165807096880117e-16,2.500057773970723e-16,8.881784197001252e-15,5.941430775639276e-16,9.144948173208697e-16
NYU_0051094,176,2.0,62,3.552713678800501e-15,4.301508285637125e-16,3.8981163975727723e-16,3.552713678800501e-15,4.388286992670912e-16,4.2270713678320764e-16,1.4210854715202004e-14,6.045706908652923e-16,1.1447632965023837e-15
NYU_0051146,176,2.0,62,1.7763568394002505e-15,4.689237657322757e-16,3.17647143156642e-16,2.664535259100376e-15,4.92553006717997e-16,3.454027187722709e-16,7.105427357601002e-15,5.141744920163601e-16,9.408112149416142e-16
Olin_0050124,206,1.5,62,3.552713678800501e-15,4.151203275192306e-16,3.569161427313466e-16,2.664535259100376e-15,4.318939710642687e-16,3.9145641460857374e-16,7.105427357601002e-15,4.640510169374847e-16,8.09229226837892e-16
Pitt_0050024,196,1.5,62,1.7763568394002505e-15,6.548286431202857e-16,1.8627075190933182e-16,1.7763568394002505e-15,4.311326177662783e-16,1.9737298215558335e-16,3.552713678800501e-15,3.7313033774437895e-16,5.329070518200751e-16
Pitt_0050057,196,1.5,62,1.7763568394002505e-15,4.940896373881634e-16,2.438378717047103e-16,3.552713678800501e-15,4.381656322441657e-16,3.3964600679273313e-16,5.3290705182007506e-15,5.04666946912875e-16,7.00674086652321e-16
SBL_0051585,196,2.200000047683716,62,3.552713678800501e-15,4.836951342201104e-16,3.297773576849539e-16,3.552713678800501e-15,4.3270512983963165e-16,3.848773152033876e-16,1.0658141036401504e-14,5.123739233907068e-16,8.585724723767877e-16
Stanford_0051160,176,2.0,62,3.552713678800501e-15,4.881894896052676e-16,4.366877230192282e-16,3.552713678800501e-15,3.8466385431324843e-16,4.276414613370973e-16,7.105427357601002e-15,5.106105257545005e-16,7.401486830834377e-16
Stanford_0051193,236,2.0,62,5.3290705182007506e-15,5.758180576076424e-16,4.778070943016416e-16,3.552713678800501e-15,4.689418519161202e-16,4.161280373780216e-16,7.105427357601002e-15,4.2365433598015884e-16,8.190978759456711e-16
Trinity_0050263,146,2.0,62,1.7763568394002505e-15,4.624770875562954e-16,2.61519201356148e-16,1.7763568394002505e-15,3.985571395887645e-16,3.3306690738754696e-16,7.105427357601002e-15,4.59563891898319e-16,7.105427357601002e-16
UCLA_1_0051215,116,3.0,62,1.7763568394002505e-15,3.640815435772587e-16,2.3684757858670006e-16,2.664535259100376e-15,4.50104594557733e-16,3.2237587085411955e-16,3.552713678800501e-15,3.32949781628956e-16,5.921189464667501e-16
UCLA_1_0051257,116,3.0,62,2.664535259100376e-15,5.415694506118583e-16,2.294460917558657e-16,2.664535259100376e-15,4.0157450132091333e-16,2.319132540328105e-16,5.3290705182007506e-15,4.344787265582366e-16,5.065906541993307e-16
UCLA_2_0051304,116,3.0,62,5.3290705182007506e-15,4.924812646033287e-16,4.292862361883938e-16,3.552713678800501e-15,3.759953524926511e-16,4.424444349987661e-16,8.881784197001252e-15,5.91328795116024e-16,8.815993202949391e-16
UM_1_0050294,296,2.0,62,1.7763568394002505e-15,4.523010589241911e-16,2.7714456244346497e-16,1.7763568394002505e-15,3.640667783068837e-16,2.911251486794855e-16,1.0658141036401504e-14,5.527812132492305e-16,6.38172642303053e-16
UM_1_0050334,296,2.0,62,1.7763568394002505e-15,4.456066196264816e-16,2.413707094277655e-16,2.664535259100376e-15,6.592041008761526e-16,2.6892068818698234e-16,5.3290705182007506e-15,5.723354834512276e-16,7.368591333808446e-16
UM_1_0050366,296,2.0,62,3.552713678800501e-15,6.292992378157993e-16,5.616906117177644e-16,3.552713678800501e-15,3.596831705083845e-16,3.9145641460857374e-16,1.0658141036401504e-14,6.845402181988386e-16,1.052655904829778e-15
UM_2_0050411,296,2.0,62,3.552713678800501e-15,4.778562461981792e-16,4.1777281222931823e-16,3.552713678800501e-15,4.2951009500168563e-16,4.325757858909869e-16,1.0658141036401504e-14,4.888761338255142e-16,9.802858113727307e-16
USM_0050449,236,2.0,62,1.7763568394002505e-15,4.222504772867321e-16,3.412907816440296e-16,2.664535259100376e-15,4.866936312845159e-16,3.108624468950438e-16,7.105427357601002e-15,4.801919511182366e-16,8.947575191053113e-16
USM_0050505,236,2.0,62,1.7763568394002505e-15,4.0461239737215434e-16,2.6398636363309283e-16,3.552713678800501e-15,4.0285841139432708e-16,2.9523708580772683e-16,7.105427357601002e-15,5.792267640798368e-16,9.079157179156837e-16
Yale_0050562,196,2.0,62,2.664535259100376e-15,4.3023311188356902e-16,3.2155348342847127e-16,2.664535259100376e-15,4.4722736785837e-16,2.845460492742993e-16,3.552713678800501e-15,4.206558180628675e-16,6.776472387341696e-16
Yale_0050617,196,2.0,62,1.7763568394002505e-15,4.3714219098866975e-16,2.084752124018349e-16,1.7763568394002505e-15,4.13541618549138e-16,2.1711028037114167e-16,3.552713678800501e-15,4.820730760030818e-16,4.1119371282413205e-16
CMU_b_0050652,316,1.5,11,1.7763568394002505e-15,4.0699130751813423e-16,2.450714528431827e-16,2.664535259100376e-15,4.2962863185278695e-16,2.7632217501781674e-16,5.3290705182007506e-15,4.0288027936156175e-16,6.250144434926807e-16
Caltech_0051493,146,2.0,62,1.7763568394002505e-15,3.8697264849303967e-16,1.8585955819650766e-16,2.664535259100376e-15,4.447793716491828e-16,2.0312969413512122e-16,5.3290705182007506e-15,6.065883181710792e-16,5.526443500356335e-16
KKI_0050803,152,2.5,62,2.664535259100376e-15,4.760616201401346e-16,2.92769923530782e-16,1.7763568394002505e-15,4.174014344783829e-16,3.4211316906967787e-16,8.881784197001252e-15,6.003477685357075e-16,8.487038232690086e-16
Leuven_1_0050699,246,1.6664700508117676,49,3.552713678800501e-15,5.166143685134124e-16,3.398516036491451e-16,5.3290705182007506e-15,4.644364395515452e-16,3.9885790143940814e-16,7.105427357601002e-15,4.252940010144847e-16,6.858711129906523e-16
Leuven_2_0050745,246,1.6512800455093384,62,1.7763568394002505e-15,5.135197462327812e-16,2.512393585355447e-16,2.664535259100376e-15,5.785188342470058e-16,3.2155348342847127e-16,3.552713678800501e-15,4.538087510653183e-16,5.1645930330711e-16
MaxMun_c_0051328,116,3.0,62,1.7763568394002505e-15,5.502810377288897e-16,2.4589384026883096e-16,1.7763568394002505e-15,3.970718158496006e-16,2.0230730670947294e-16,7.105427357601002e-15,4.169360347282231e-16,6.710681393289835e-16
NYU_0050955,176,2.0,62,1.7763568394002505e-15,4.265389606846431e-16,3.1456319031046104e-16,3.552713678800501e-15,4.749551383233522e-16,3.5856091758264317e-16,7.105427357601002e-15,4.334016111027138e-16,1.092130501260895e-15
NYU_0050991,176,2.0,62,1.7763568394002505e-15,4.745340845421167e-16,2.487721962585999e-16,1.7763568394002505e-15,3.6385074997556513e-16,2.2615654205327265e-16,7.105427357601002e-15,4.645789064150479e-16,8.487038232690086e-16
NYU_0051027,176,2.0,62,1.7763568394002505e-15,4.803204899126712e-16,2.569960705150825e-16,1.7763568394002505e-15,4.0448495070140223e-16,3.2566542055671256e-16,7.105427357601002e-15,4.209310643599727e-16,9.73706711967545e-16
NYU_0051062,176,2.0,26,1.7763568394002505e-15,4.2634897073694277e-16,2.6113370725037536e-16,1.7763568394002505e-15,3.3781341604109123e-16,2.7138785046392723e-16,5.3290705182007506e-15,3.7485494413251024e-16,8.519933729716016e-16
NYU_0051095,176,2.0,62,3.552713678800501e-15,4.898190089922504e-16,4.1941758708061473e-16,3.552713678800501e-15,4.470551781031706e-16,3.8981163975727723e-16,7.105427357601002e-15,4.3515578802372167e-16,9.210739167260555e-16
NYU_0051147,176,2.0,62,7.105427357601002e-15,4.480120151836882e-16,4.473787595526556e-16,3.552713678800501e-15,4.1480007963230044e-16,4.605369583630279e-16,1.0658141036401504e-14,5.447535110761124e-16,1.1776587935283142e-15
Olin_0050125,206,1.5,62,1.7763568394002505e-15,6.231386653687824e-16,2.0230730670947294e-16,1.7763568394002505e-15,5.223911829454747e-16,1.9326104502734206e-16,3.552713678800501e-15,3.9550735060611514e-16,5.921189464667501e-16
Pitt_0050025,196,1.5,62,3.552713678800501e-15,5.530356451928163e-16,2.7632217501781674e-16,3.552713678800501e-15,4.959309089548665e-16,3.001714103616164e-16,5.3290705182007506e-15,4.325676546461639e-16,5.460652506304475e-16
Pitt_0050058,196,1.5,62,1.7763568394002505e-15,5.120433692352582e-16,2.3561399744822767e-16,2.664535259100376e-15,4.684602998277603e-16,2.6398636363309283e-16,3.552713678800501e-15,3.7425454135160685e-16,6.118562446823085e-16
SDSU_0050182,176,2.0,19,1.7763568394002505e-15,5.085060093604564e-16,2.668904192299132e-16,2.664535259100376e-15,4.547583622217919e-16,3.2648780798236084e-16,5.3290705182007506e-15,4.872876983918316e-16,8.65151571781974e-16
Stanford_0051161,176,2.0,62,3.552713678800501e-15,4.1456412263948084e-16,6.513308411134251e-16,3.552713678800501e-15,3.6508893887373375e-16,5.493548003330404e-16,7.105427357601002e-15,4.327170583515701e-16,1.1316050976920117e-15
Stanford_0051194,236,2.0,62,3.552713678800501e-15,4.3720620865520476e-16,2.7549978759216847e-16,2.664535259100376e-15,4.213286161360506e-16,2.968818606590233e-16,3.552713678800501e-15,4.0767967790020295e-16,4.375101104448765e-16
Trinity_0050264,146,2.0,62,3.552713678800501e-15,5.270205344283825e-16,2.769389655870529e-16,1.7763568394002505e-15,4.1663344334733694e-16,2.7632217501781674e-16,5.3290705182007506e-15,4.934006604803345e-16,6.480412914108321e-16
UCLA_1_0051216,116,3.0,62,1.7763568394002505e-15,4.3965993098922116e-16,2.4424906541753446e-16,1.7763568394002505e-15,4.278554134342041e-16,2.5329532709966536e-16,3.552713678800501e-15,3.7605666394976685e-16,6.019875955745295e-16
UCLA_1_0051260,116,3.0,62,1.7763568394002505e-15,4.3990804583732383e-16,2.413707094277655e-16,1.7763568394002505e-15,4.366772381610874e-16,3.0263857263856123e-16,5.3290705182007506e-15,5.43440867551717e-16,5.361966015226682e-16
UCLA_2_0051305,116,3.0,62,1.7763568394002505e-15,4.1639225467753726e-16,1.694118096835424e-16,2.664535259100376e-15,4.3715437686224196e-16,1.9490581987863862e-16,3.552713678800501e-15,4.1452455276237213e-16,4.1777281222931823e-16
UM_1_0050295,296,2.0,62,1.7763568394002505e-15,4.4379724737635e-16,2.5452890823813776e-16,1.7763568394002505e-15,4.460122458710551e-16,2.92769923530782e-16,7.105427357601002e-15,4.29734110879682e-16,7.697546304067752e-16
UM_1_0050335,296,2.0,62,1.7763568394002505e-15,5.045687765611817e-16,2.483610025457757e-16,1.7763568394002505e-15,4.3703602079320524e-16,2.4342667799188623e-16,5.3290705182007506e-15,4.607226958662311e-16,8.190978759456711e-16
UM_1_0050367,296,2.0,62,2.220446049250313e-15,5.682324886587901e-16,2.5987442650485144e-16,1.7763568394002505e-15,3.7808734265248112e-16,2.4178190314058963e-16,5.3290705182007506e-15,4.200242428024426e-16,6.184353440874946e-16
UM_2_0050412,296,2.0,62,3.552713678800501e-15,6.674348850014713e-16,3.2237587085411955e-16,3.552713678800501e-15,4.1550971336084735e-16,2.450714528431827e-16,5.3290705182007506e-15,3.6419395736768957e-16,6.513308411134251e-16
USM_0050453,236,2.0,62,3.552713678800501e-15,4.365409060884563e-16,8.010053525814093e-16,7.105427357601002e-15,3.9149641500198567e-16,9.34232115536428e-16,1.4210854715202004e-14,6.440681950021701e-16,1.5263510620031782e-15
USM_0050507,236,2.0,61,5.3290705182007506e-15,5.26674930200089e-16,4.9836677994284815e-16,3.552713678800501e-15,3.592368666912577e-16,4.6876083261951055e-16,7.105427357601002e-15,4.2408561562107e-16,1.052655904829778e-15
Yale_0050563,196,2.0,62,1.7763568394002505e-15,4.285657592071894e-16,2.911251486794855e-16,3.552713678800501e-15,4.308436293954659e-16,3.2402064570541606e-16,7.105427357601002e-15,4.869725744122011e-16,5.460652506304475e-16
Yale_0050618,196,2.0,62,3.552713678800501e-15,4.779842506088305e-16,4.893205182607171e-16,3.552713678800501e-15,4.4401604520458096e-16,5.493548003330404e-16,7.105427357601002e-15,4.638585991259952e-16,8.881784197001252e-16
CMU_b_0050655,316,1.5,33,1.7763568394002505e-15,4.2601256946788623e-16,2.8660201783842004e-16,3.552713678800501e-15,5.680352071453574e-16,3.20731096002823e-16,3.552713678800501e-15,3.8988285074248063e-16,5.329070518200751e-16
KKI_0050772,152,2.5,62,3.552713678800501e-15,7.387591983966819e-16,3.9310118945987024e-16,3.552713678800501e-15,5.921546929156226e-16,3.8158776550079455e-16,7.105427357601002e-15,4.578451050243383e-16,8.289665250534502e-16
KKI_0050804,152,2.5,62,7.105427357601002e-15,4.3990446633446984e-16,5.312622769687787e-16,3.552713678800501e-15,4.2758404578628153e-16,4.046146134189459e-16,7.105427357601002e-15,4.36530866296507e-16,9.671276125623585e-16
Leuven_1_0050700,246,1.6661800146102903,62,1.0658141036401504e-14,4.578121896392851e-16,7.524844944681616e-16,1.0658141036401504e-14,5.626069198281827e-16,7.829128292171476e-16,7.105427357601002e-15,3.585457909967028e-16,1.4210854715202005e-15
Leuven_2_0050746,246,1.6516300439834597,54,2.664535259100376e-15,6.150431122191417e-16,3.400572005055572e-16,3.552713678800501e-15,5.135597640768907e-16,3.018161852129129e-16,7.105427357601002e-15,4.2062132941058046e-16,5.444204757791508e-16
MaxMun_c_0051332,116,3.0,62,1.7763568394002505e-15,5.685588437749847e-16,2.693318818998065e-16,3.552713678800501e-15,4.843709178019446e-16,3.462251061979192e-16,1.0658141036401504e-14,6.425076470294808e-16,1.0658141036401502e-15
NYU_0050956,176,2.0,62,3.552713678800501e-15,4.347957620160291e-16,2.310908666071622e-16,1.7763568394002505e-15,4.855240302134e-16,3.108624468950438e-16,5.3290705182007506e-15,4.650950661724453e-16,8.75020220889753e-16
NYU_0050992,176,2.0,62,3.552713678800501e-15,5.282994937632773e-16,4.292862361883938e-16,2.664535259100376e-15,4.0152819640092124e-16,4.259966864858008e-16,7.105427357601002e-15,5.042262073864796e-16,1.1250259982868252e-15
NYU_0051028,176,2.0,62,3.552713678800501e-15,4.4098210105787133e-16,2.9523708580772683e-16,2.664535259100376e-15,4.2482559338034446e-16,2.8701321155124416e-16,7.105427357601002e-15,4.2578427605499823e-16,1.0723932030453365e-15
NYU_0051063,176,2.0,62,2.664535259100376e-15,4.138606029073586e-16,3.8857805861880484e-16,3.552713678800501e-15,3.9179922295236885e-16,3.865220900546841e-16,7.105427357601002e-15,4.811583782738058e-16,9.605485131571725e-16
NYU_0051096,176,2.0,62,1.7763568394002505e-15,4.754562480728442e-16,2.6234158878179627e-16,1.7763568394002505e-15,4.105776415848914e-16,2.903027612538372e-16,7.105427357601002e-15,5.68734394998055e-16,1.052655904829778e-15
NYU_0051148,176,2.0,62,2.664535259100376e-15,6.352918120916734e-16,3.9885790143940814e-16,3.552713678800501e-15,4.0986003300020197e-16,4.2270713678320764e-16,7.105427357601002e-15,4.192232522534538e-16,1.0197604078038477e-15
Olin_0050126,206,1.5,62,3.552713678800501e-15,4.2693624897557584e-16,3.552713678800501e-16,2.664535259100376e-15,4.779540857692641e-16,3.733638912443119e-16,7.105427357601002e-15,4.3078968690650444e-16,8.552829226741946e-16
Pitt_0050026,196,1.5,62,7.105427357601002e-15,4.678234136466406e-16,5.049458793480342e-16,7.105427357601002e-15,4.3830844266358633e-16,4.753399320246967e-16,1.0658141036401504e-14,4.844835426497754e-16,8.68441121484567e-16
Pitt_0050059,196,1.5,62,3.552713678800501e-15,4.360063372584655e-16,3.6020569243393973e-16,3.552713678800501e-15,4.1190055017709296e-16,3.4704749362356744e-16,7.105427357601002e-15,4.69420567482912e-16,5.85539847061564e-16
SDSU_0050183,176,2.0,34,2.664535259100376e-15,4.3298055626384864e-16,2.8012571686144003e-16,1.7763568394002505e-15,4.545666617441029e-16,2.3026847918151394e-16,7.105427357601002e-15,5.110176020052971e-16,5.72381648251192e-16
Stanford_0051162,176,2.0,62,3.552713678800501e-15,4.09806571063154e-16,3.758310535212567e-16,3.552713678800501e-15,3.990084266535762e-16,3.108624468950438e-16,7.105427357601002e-15,6.237334060522716e-16,7.796232795145545e-16
Stanford_0051195,236,2.0,62,5.3290705182007506e-15,5.535573779099268e-16,5.049458793480342e-16,3.552713678800501e-15,4.315172537251386e-16,4.325757858909869e-16,7.105427357601002e-15,4.575378713809136e-16,9.079157179156837e-16
Trinity_0050265,146,2.0,62,7.105427357601002e-15,5.699787902595597e-16,7.985381903044644e-16,3.552713678800501e-15,3.8535991307792224e-16,6.677785896263905e-16,7.105427357601002e-15,4.917105024815636e-16,1.1513423959075697e-15
UCLA_1_0051217,116,3.0,62,1.7763568394002505e-15,5.520473744753455e-16,2.4589384026883096e-16,1.7763568394002505e-15,4.220770651942759e-16,2.4342667799188623e-16,5.3290705182007506e-15,4.809221340793684e-16,4.704056074708071e-16
UCLA_1_0051261,116,3.0,62,3.552713678800501e-15,3.9469139096469534e-16,3.190863211515265e-16,3.552713678800501e-15,4.781451123341385e-16,3.865220900546841e-16,5.3290705182007506e-15,4.219864429261418e-16,7.105427357601002e-16
UCLA_2_0051306,116,3.0,62,1.7763568394002505e-15,4.3557767474414736e-16,2.796117247204098e-16,3.552713678800501e-15,4.4138817765531813e-16,2.796117247204098e-16,3.552713678800501e-15,3.8415141729486006e-16,5.592234494408196e-16
UM_1_0050296,296,2.0,62,1.4210854715202004e-14,5.549676135622269e-16,9.177843670234628e-16,1.4210854715202004e-14,4.740333943511528e-16,8.848888699975322e-16,2.8421709430404014e-14,4.4384983822581197e-16,2.092153610849184e-15
UM_1_0050336,296,2.0,62,1.7763568394002505e-15,5.09214219345026e-16,2.3561399744822767e-16,1.7763568394002505e-15,4.4344330950221566e-16,2.3931474086364484e-16,3.552713678800501e-15,4.3431715372246397e-16,5.82250297358971e-16
UM_1_0050368,296,2.0,62,3.552713678800501e-15,6.531112722902732e-16,3.717191163930153e-16,3.552713678800501e-15,4.379754136253236e-16,3.552713678800501e-16,5.3290705182007506e-15,3.9128633575212564e-16,8.15808326243078e-16
UM_2_0050413,296,2.0,62,1.7763568394002505e-15,4.2757197224186435e-16,2.508281648227205e-16,3.552713678800501e-15,4.676607491223051e-16,3.2402064570541606e-16,7.105427357601002e-15,4.591582599329817e-16,8.223874256482641e-16
USM_0050455,236,2.0,62,2.664535259100376e-15,4.649117243758174e-16,3.5115943075180877e-16,3.552713678800501e-15,4.3207298171708528e-16,3.9968028886505636e-16,7.105427357601002e-15,5.853662188165447e-16,1.0131813083986617e-15
USM_0050509,236,2.0,62,5.3290705182007506e-15,4.838314057764054e-16,5.904741716154538e-16,5.3290705182007506e-15,3.649452247989018e-16,6.90805437544542e-16,7.105427357601002e-15,3.874180732039406e-16,1.394769073899456e-15
Yale_0050564,196,2.0,62,1.7763568394002505e-15,4.1951782735587325e-16,2.421930968534138e-16,3.552713678800501e-15,4.275644941776771e-16,2.6892068818698234e-16,3.552713678800501e-15,4.464785151668549e-16,4.243519116345043e-16
Yale_0050619,196,2.0,62,2.220446049250313e-15,5.669086290077254e-16,2.2122221749938303e-16,1.7763568394002505e-15,4.1390778090377404e-16,1.9161627017604555e-16,3.552713678800501e-15,3.746904462729707e-16,4.473787595526556e-16
CMU_b_0050658,316,1.5,44,2.664535259100376e-15,5.630083303516961e-16,1.9490581987863862e-16,1.3322676295501878e-15,4.844277330116151e-16,1.9408343245299034e-16,7.105427357601002e-15,5.27941040428539e-16,5.658025488460057e-16
KKI_0050773,152,2.5,62,3.552713678800501e-15,6.731729912088311e-16,3.092176720437473e-16,1.7763568394002505e-15,4.121212935217664e-16,3.116848343206921e-16,7.105427357601002e-15,5.236215959549398e-16,8.355456244586365e-16
KKI_0050807,152,2.5,62,7.105427357601002e-15,4.920618162330408e-16,5.033011044967376e-16,3.552713678800501e-15,4.22887798645678e-16,6.184353440874946e-16,1.4210854715202004e-14,4.41316692003653e-16,1.447401869140945e-15
Leuven_1_0050701,246,1.66989004611969,28,3.552713678800501e-15,4.2144552429510327e-16,3.575329333005828e-16,3.552713678800501e-15,4.040627272435816e-16,3.8076537807514628e-16,5.3290705182007506e-15,4.2984359092609016e-16,7.516621070425134e-16
Leuven_2_0050747,246,1.650990009307861,62,3.552713678800501e-15,4.7173138263556e-16,4.67116057768214e-16,5.3290705182007506e-15,5.091559034010902e-16,5.016563296454412e-16,1.0658141036401504e-14,4.043994876024743e-16,7.302800339756585e-16
MaxMun_c_0051333,116,3.0,57,2.664535259100376e-15,4.904955137623196e-16,3.48692268474864e-16,3.552713678800501e-15,4.1230091087574087e-16,3.388236193670848e-16,7.105427357601002e-15,3.837905942831794e-16,8.75020220889753e-16
NYU_0050957,176,2.0,44,1.7763568394002505e-15,4.630865124096966e-16,3.326557136747228e-16,2.664535259100376e-15,3.59707351134485e-16,2.911251486794855e-16,5.3290705182007506e-15,4.909803427633026e-16,7.927814783249266e-16
NYU_0050993,176,2.0,62,3.552713678800501e-15,4.510921468726145e-16,3.6431762956218097e-16,3.552713678800501e-15,4.1606806334883034e-16,3.9968028886505636e-16,1.0658141036401504e-14,6.047778314268826e-16,1.0789723024505225e-15
NYU_0051029,176,2.0,62,1.7763568394002505e-15,5.098363337283945e-16,3.3224451996189873e-16,3.552713678800501e-15,4.2511965708146093e-16,3.6020569243393973e-16,7.105427357601002e-15,4.212475904580295e-16,9.93444010183103e-16
NYU_0051064,176,2.0,62,7.105427357601002e-15,4.11493281058368e-16,6.159681818105498e-16,3.552713678800501e-15,4.1063465680664464e-16,6.217248937900876e-16,1.0658141036401504e-14,5.395395648957427e-16,1.335557179252781e-15
NYU_0051097,176,2.0,62,3.552713678800501e-15,3.9519834451837975e-16,3.889892523316289e-16,3.552713678800501e-15,3.844928668402463e-16,3.371788445157883e-16,1.0658141036401504e-14,5.39220889901142e-16,8.75020220889753e-16
NYU_0051149,176,2.0,56,2.664535259100376e-15,4.448935074391696e-16,3.4704749362356744e-16,2.664535259100376e-15,4.598566852523949e-16,3.5362659302875356e-16,7.105427357601002e-15,4.443388997016939e-16,9.34232115536428e-16
Olin_0050127,206,1.5,62,1.7763568394002505e-15,4.832979565628131e-16,3.2566542055671256e-16,3.552713678800501e-15,3.846479690884693e-16,3.5362659302875356e-16,7.105427357601002e-15,4.029917029756621e-16,6.97384536949728e-16
Pitt_0050027,196,1.5,62,1.7763568394002505e-15,4.54786105166826e-16,2.911251486794855e-16,1.7763568394002505e-15,4.581556286964675e-16,2.7632217501781674e-16,3.552713678800501e-15,3.920349114070819e-16,5.888293967641571e-16
Pitt_0050060,196,1.5,62,1.7763568394002505e-15,5.013447009118915e-16,2.298572854686898e-16,2.664535259100376e-15,4.3486617469980954e-16,2.228669923506796e-16,3.552713678800501e-15,3.659978766277525e-16,5.85539847061564e-16
SDSU_0050185,176,2.0,62,3.552713678800501e-15,4.348347477197539e-16,6.332383177491633e-16,7.105427357601002e-15,4.35062463093012e-16,6.184353440874946e-16,1.0658141036401504e-14,4.088015855627059e-16,1.1184468988816392e-15
Stanford_0051163,176,2.0,62,3.552713678800501e-15,4.672054271217483e-16,4.095489379728356e-16,3.552713678800501e-15,3.896843010037216e-16,3.782982157982015e-16,5.3290705182007506e-15,3.99938726323265e-16,7.796232795145545e-16
Stanford_0051196,234,2.0,62,3.552713678800501e-15,4.994212399584639e-16,4.720503823221037e-16,1.7763568394002505e-15,3.9413362887882044e-16,3.9145641460857374e-16,5.3290705182007506e-15,4.046909864070057e-16,8.190978759456711e-16
Trinity_0050266,146,2.0,43,2.664535259100376e-15,5.623690645100908e-16,3.3142213253625046e-16,1.7763568394002505e-15,4.00820889772969e-16,3.0099379778726473e-16,3.552713678800501e-15,3.783317924948183e-16,7.105427357601002e-16
UCLA_1_0051218,116,3.0,62,1.7763568394002505e-15,4.1920275004816916e-16,2.1587669923266928e-16,3.552713678800501e-15,4.847734097560546e-16,2.557624893766101e-16,7.105427357601002e-15,4.885054175010346e-16,6.052771452771225e-16
UCLA_1_0051262,116,3.0,62,1.7763568394002505e-15,5.155503303498025e-16,1.9655059472993512e-16,1.7763568394002505e-15,4.37130501581089e-16,2.7796694986911325e-16,3.552713678800501e-15,3.518903865788493e-16,4.243519116345043e-16
UCLA_2_0051307,116,3.0,62,2.664535259100376e-15,4.44256106791804e-16,3.388236193670848e-16,3.552713678800501e-15,4.969882915110474e-16,3.733638912443119e-16,7.105427357601002e-15,4.914136266175798e-16,6.842263381393557e-16
UM_1_0050297,296,2.0,62,3.552713678800501e-15,4.42291658968366e-16,4.704056074708071e-16,3.552713678800501e-15,3.75715695406244e-16,3.832325403520911e-16,1.0658141036401504e-14,4.3564347039805274e-16,1.0329186066142197e-15
UM_1_0050337,296,2.0,62,3.552713678800501e-15,4.818855905396571e-16,3.3142213253625046e-16,2.664535259100376e-15,3.899293766011824e-16,2.7138785046392723e-16,3.552713678800501e-15,4.2513336820057934e-16,6.31593542897867e-16
UM_1_0050369,296,2.0,62,1.7763568394002505e-15,5.283984070646221e-16,2.3602519116105183e-16,3.552713678800501e-15,4.473390521801277e-16,3.371788445157883e-16,3.552713678800501e-15,4.210241473676406e-16,6.611994902212045e-16
UM_2_0050414,296,2.0,62,2.664535259100376e-15,5.388624018102091e-16,3.1250722174634037e-16,1.7763568394002505e-15,3.802598965954476e-16,2.4342667799188623e-16,5.3290705182007506e-15,4.847581420389147e-16,6.513308411134251e-16
USM_0050463,236,2.0,62,3.552713678800501e-15,4.4392405777696643e-16,3.3142213253625046e-16,1.7763568394002505e-15,4.2634025493537656e-16,2.911251486794855e-16,5.3290705182007506e-15,4.292284279925551e-16,8.026501274327057e-16
USM_0050510,236,2.0,47,3.552713678800501e-15,4.595005018700765e-16,7.50017332191217e-16,5.3290705182007506e-15,4.478854782976853e-16,5.658025488460057e-16,1.0658141036401504e-14,3.6913687103813927e-16,1.5460883602187365e-15
Yale_0050565,196,2.0,62,3.552713678800501e-15,4.918957920248434e-16,4.0132506371635287e-16,3.552713678800501e-15,4.00190282418461e-16,4.144832625267251e-16,7.105427357601002e-15,4.24195735029209e-16,8.0593967713529895e-16
Yale_0050620,196,2.0,62,1.7763568394002505e-15,4.406664867414892e-16,2.5370652081248953e-16,2.664535259100376e-15,4.312514673897893e-16,2.1382073066854863e-16,5.3290705182007506e-15,4.014208426714652e-16,4.161280373780216e-16
CMU_b_0050661,316,1.5,28,2.664535259100376e-15,7.400615481573539e-16,2.426042905662379e-16,3.552713678800501e-15,4.903099922920746e-16,2.7878933729476153e-16,3.552713678800501e-15,4.969080078251792e-16,5.197488530097029e-16
KKI_0050774,152,2.5,62,2.664535259100376e-15,4.269915637377424e-16,2.590520390792032e-16,2.664535259100376e-15,4.087137720354791e-16,2.680983007613341e-16,7.105427357601002e-15,3.852539680940525e-16,7.335695836782516e-16
KKI_0050812,152,2.5,62,3.552713678800501e-15,4.788605290630065e-16,3.6925195411607063e-16,5.3290705182007506e-15,3.8202912705787317e-16,4.5395785895784175e-16,7.105427357601002e-15,4.306752274350108e-16,9.73706711967545e-16
Leuven_1_0050702,246,1.6664999723434448,62,3.552713678800501e-15,5.613023818710981e-16,3.4992584961333643e-16,3.552713678800501e-15,5.89818238866692e-16,3.3388929481319524e-16,7.105427357601002e-15,4.4093364835075684e-16,5.78960747656378e-16
Leuven_2_0050748,246,1.6661800146102903,62,1.7763568394002505e-15,5.124028449116981e-16,2.7632217501781674e-16,2.664535259100376e-15,4.45533894444669e-16,2.886579864025407e-16,3.552713678800501e-15,4.431484574228051e-16,4.736951571734001e-16
MaxMun_c_0051334,116,3.0,62,3.552713678800501e-15,5.835633612605976e-16,3.297773576849539e-16,3.552713678800501e-15,4.1802142558571643e-16,3.0263857263856123e-16,7.105427357601002e-15,4.41179152352605e-16,8.487038232690086e-16
NYU_0050958,176,2.0,56,3.552713678800501e-15,5.46782229843484e-16,4.366877230192282e-16,3.552713678800501e-15,4.3397418080908845e-16,4.2270713678320764e-16,7.105427357601002e-15,4.3916926289683454e-16,8.914679694027183e-16
NYU_0050994,176,2.0,18,1.7763568394002505e-15,4.223920753115276e-16,3.0315256477959136e-16,2.664535259100376e-15,4.0367953304543935e-16,3.503370433261605e-16,7.105427357601002e-15,4.714905314181337e-16,8.733754460384564e-16
NYU_0051030,176,2.0,62,5.3290705182007506e-15,4.4398576098069405e-16,5.954084961693432e-16,3.552713678800501e-15,4.251471270471311e-16,5.740264231024883e-16,1.0658141036401504e-14,6.190075971782738e-16,1.0723932030453365e-15
NYU_0051065,176,2.0,62,3.552713678800501e-15,5.247041743468302e-16,3.417019753568537e-16,1.7763568394002505e-15,3.5539688961074633e-16,2.664535259100376e-16,8.881784197001252e-15,5.773706760512193e-16,9.539694137519865e-16
NYU_0051098,176,2.0,62,2.664535259100376e-15,3.931421154017955e-16,4.2270713678320764e-16,3.552713678800501e-15,3.8667071653742206e-16,5.131697536045169e-16,7.105427357601002e-15,4.745088092872195e-16,1.0658141036401502e-15
NYU_0051150,176,2.0,25,1.7763568394002505e-15,4.409118907356009e-16,3.5300980245951736e-16,3.552713678800501e-15,3.813080437714129e-16,4.161280373780216e-16,7.105427357601002e-15,4.374676367659594e-16,1.0691036533427432e-15
Olin_0050128,206,1.5,62,3.552713678800501e-15,4.347223249098459e-16,3.1004005946939563e-16,2.664535259100376e-15,3.824215293807435e-16,3.20731096002823e-16,5.3290705182007506e-15,4.0009061275999504e-16,8.552829226741946e-16
Pitt_0050028,196,1.5,62,3.552713678800501e-15,3.7595568151752925e-16,3.659624044134775e-16,3.552713678800501e-15,4.33868243110692e-16,4.424444349987661e-16,7.105427357601002e-15,4.652030171440827e-16,8.552829226741946e-16
SBL_0051556,196,2.200000047683716,62,3.552713678800501e-15,4.2748272110061484e-16,5.320846643944269e-16,7.105427357601002e-15,4.77174541214299e-16,7.056084112062107e-16,1.0658141036401504e-14,4.758126683487721e-16,1.1250259982868252e-15
SDSU_0050186,176,2.0,62,3.552713678800501e-15,4.568444675863715e-16,4.2270713678320764e-16,3.552713678800501e-15,4.330020352842043e-16,4.144832625267251e-16,7.105427357601002e-15,4.547193772676248e-16,7.960710280275196e-16
Stanford_0051164,176,2.0,62,3.552713678800501e-15,4.251296115428864e-16,3.655512107006534e-16,5.3290705182007506e-15,4.678969204289138e-16,4.490235344039522e-16,7.105427357601002e-15,4.1733770086644726e-16,7.105427357601002e-16
Stanford_0051197,236,2.0,62,2.664535259100376e-15,4.3716363151388544e-16,3.1250722174634037e-16,1.7763568394002505e-15,3.9528510782671804e-16,2.4671622769447924e-16,5.3290705182007506e-15,4.621984363896099e-16,6.052771452771225e-16
Trinity_0050267,146,2.0,62,1.7763568394002505e-15,4.575728427056894e-16,2.401371282892931e-16,3.552713678800501e-15,3.854177097568905e-16,2.6563113848438933e-16,5.3290705182007506e-15,4.133368662507183e-16,7.302800339756585e-16
UCLA_1_0051219,116,3.0,62,2.664535259100376e-15,4.6001352991038265e-16,2.105311809659556e-16,3.552713678800501e-15,4.97317663080219e-16,3.034609600642094e-16,3.552713678800501e-15,4.248075469059498e-16,5.526443500356335e-16
UCLA_1_0051264,116,3.0,62,1.7763568394002505e-15,4.789178299162963e-16,2.0970879354030732e-16,3.552713678800501e-15,5.565112827716687e-16,2.384923534379966e-16,5.3290705182007506e-15,4.164987796026913e-16,4.5395785895784175e-16
UCLA_2_0051308,116,3.0,62,1.7763568394002505e-15,5.21097839719861e-16,2.0148491928382471e-16,1.7763568394002505e-15,4.624481317380268e-16,2.1628789294549344e-16,5.3290705182007506e-15,4.0576593952496357e-16,5.26327952414889e-16
UM_1_0050298,296,2.0,62,1.7763568394002505e-15,5.524853367388275e-16,3.281325828336574e-16,2.664535259100376e-15,3.979023210459906e-16,3.108624468950438e-16,5.3290705182007506e-15,4.1217835964211094e-16,7.56596431596403e-16
UM_1_0050338,296,2.0,62,2.664535259100376e-15,4.040241466450543e-16,3.5115943075180877e-16,3.552713678800501e-15,4.0786470410064436e-16,3.273101954080091e-16,5.3290705182007506e-15,4.995269983053122e-16,9.473903143468002e-16
UM_1_0050370,296,2.0,62,3.552713678800501e-15,4.539928130392763e-16,5.361966015226682e-16,3.552713678800501e-15,5.314659538994193e-16,3.980355140137598e-16,7.105427357601002e-15,4.1404429892185767e-16,8.552829226741946e-16
UM_2_0050415,296,2.0,62,2.664535259100376e-15,5.44999933849987e-16,2.824900807101787e-16,3.552713678800501e-15,3.942221226975932e-16,2.3438041630975528e-16,7.105427357601002e-15,4.769366860055985e-16,7.763337298119613e-16
USM_0050466,236,2.0,60,1.7763568394002505e-15,4.892417715596026e-16,2.3602519116105183e-16,1.7763568394002505e-15,4.1686369213815247e-16,2.4178190314058963e-16,7.105427357601002e-15,4.237794962914046e-16,9.539694137519865e-16
USM_0050511,236,2.0,62,3.552713678800501e-15,5.167709366800517e-16,5.345518266713717e-16,5.3290705182007506e-15,4.542848062771425e-16,4.819190314298828e-16,1.0658141036401504e-14,4.730899292606604e-16,1.1908169923386865e-15
Yale_0050566,196,2.0,62,1.7763568394002505e-15,5.616203163529221e-16,3.0510573491550597e-16,1.7763568394002505e-15,4.653176219125827e-16,2.73855012740872e-16,3.552713678800501e-15,4.4404791761451077e-16,4.917876805376619e-16
Yale_0050621,196,2.0,62,3.552713678800501e-15,4.338562663176489e-16,2.3438041630975528e-16,3.552713678800501e-15,3.9721837503571363e-16,2.911251486794855e-16,3.552713678800501e-15,4.145849182710305e-16,4.852085811324758e-16
CMU_b_0050667,316,1.5,62,2.664535259100376e-15,4.282809036818647e-16,2.606968139304997e-16,3.552713678800501e-15,3.7997997620850317e-16,2.590520390792032e-16,3.552713678800501e-15,4.46429318928596e-16,5.78960747656378e-16
KKI_0050775,152,2.5,62,5.3290705182007506e-15,5.557872202316397e-16,3.6102807985958796e-16,5.3290705182007506e-15,5.469054987733372e-16,4.39154885296173e-16,7.105427357601002e-15,4.751411893344096e-16,9.93444010183103e-16
KKI_0050814,152,2.5,62,1.7763568394002505e-15,4.932258327055722e-16,2.6398636363309283e-16,2.664535259100376e-15,4.12084424624543e-16,2.92769923530782e-16,7.105427357601002e-15,3.818722918848238e-16,6.743576890315766e-16
Leuven_1_0050703,246,1.666509985923767,62,3.552713678800501e-15,6.095460186443153e-16,2.7673336873064086e-16,3.552713678800501e-15,4.339326023532301e-16,2.796117247204098e-16,5.3290705182007506e-15,4.546874852819892e-16,5.296175021174821e-16
Leuven_2_0050749,246,1.650760054588318,60,1.7763568394002505e-15,3.9538236364599677e-16,1.803084430733819e-16,1.7763568394002505e-15,4.1744593833807375e-16,2.0312969413512122e-16,3.552713678800501e-15,4.590940824639005e-16,4.243519116345043e-16
MaxMun_c_0051335,116,3.0,62,2.664535259100376e-15,4.099605685609137e-16,2.1176476210442799e-16,2.664535259100376e-15,4.379896777770372e-16,2.919475361051337e-16,7.105427357601002e-15,4.075496117409948e-16,9.013366185104977e-16
NYU_0050959,176,2.0,51,3.552713678800501e-15,4.753616956267872e-16,3.6308404842370863e-16,3.552713678800501e-15,4.591477552439089e-16,5.213936278609994e-16,7.105427357601002e-15,4.389054586332976e-16,9.309425658338349e-16
NYU_0050995,176,2.0,62,2.664535259100376e-15,4.934355288718839e-16,3.2319825827976783e-16,3.552713678800501e-15,3.9879195991890935e-16,3.5856091758264317e-16,7.105427357601002e-15,4.2023382556635325e-16,1.0131813083986617e-15
NYU_0051032,176,2.0,62,1.7763568394002505e-15,4.245913895033096e-16,3.3388929481319524e-16,3.552713678800501e-15,3.5537154087916557e-16,3.5362659302875356e-16,7.105427357601002e-15,4.2402489038892715e-16,7.368591333808446e-16
NYU_0051066,176,2.0,55,2.664535259100376e-15,4.597255382523449e-16,4.0996013168565966e-16,1.7763568394002505e-15,3.753065287373986e-16,3.273101954080091e-16,1.0658141036401504e-14,6.419851591883281e-16,1.0263395072090337e-15
NYU_0051099,176,2.0,62,3.552713678800501e-15,4.133537818884346e-16,2.903027612538372e-16,3.552713678800501e-15,4.114897867133459e-16,3.848773152033876e-16,7.105427357601002e-15,4.674070602913518e-16,1.0000231095882892e-15
NYU_0051151,176,2.0,62,2.664535259100376e-15,5.330832418742302e-16,3.6431762956218097e-16,1.7763568394002505e-15,3.825326102473079e-16,3.634952421365328e-16,8.881784197001252e-15,6.19728904082464e-16,9.27653016131242e-16
Olin_0050129,206,1.5,62,3.552713678800501e-15,3.60823457235139e-16,4.0296983856764943e-16,3.552713678800501e-15,4.796057314991662e-16,3.4211316906967787e-16,5.3290705182007506e-15,4.2732540568234913e-16,6.97384536949728e-16
Pitt_0050029,196,1.5,62,1.7763568394002505e-15,6.415882987471055e-16,3.0263857263856123e-16,1.7763568394002505e-15,5.106211022799033e-16,2.8290127442300287e-16,7.105427357601002e-15,4.0579814979983724e-16,6.842263381393557e-16
SBL_0051557,196,2.200000047683716,62,3.552713678800501e-15,5.100421512453631e-16,2.310908666071622e-16,1.7763568394002505e-15,6.476788173282644e-16,2.228669923506796e-16,8.881784197001252e-15,6.480062656013086e-16,7.763337298119613e-16
SDSU_0050187,176,2.0,17,2.664535259100376e-15,3.886026907781108e-16,2.4897779311501194e-16,1.7763568394002505e-15,3.938040609757851e-16,2.6727591333568584e-16,5.3290705182007506e-15,5.144819194499905e-16,4.753399320246967e-16
Stanford_0051165,176,2.0,62,7.105427357601002e-15,5.393208414652929e-16,4.490235344039522e-16,3.552713678800501e-15,3.710961423810706e-16,3.51981818177457e-16,5.3290705182007506e-15,4.2647536519530843e-16,7.368591333808446e-16
Stanford_0051198,236,2.0,62,1.7763568394002505e-15,5.113617595939075e-16,2.606968139304997e-16,1.7763568394002505e-15,3.996310142503567e-16,2.705654630382789e-16,5.3290705182007506e-15,5.754896837578949e-16,6.250144434926807e-16
Trinity_0050268,146,2.0,62,3.552713678800501e-15,4.1390319346310844e-16,4.39154885296173e-16,3.552713678800501e-15,4.011961074824871e-16,4.654712829169174e-16,7.105427357601002e-15,5.536744383929532e-16,8.947575191053113e-16
UCLA_1_0051220,116,3.0,62,3.552713678800501e-15,4.673956491311349e-16,2.6604233219721345e-16,3.552713678800501e-15,4.243683288749769e-16,3.092176720437473e-16,3.552713678800501e-15,4.056063593968687e-16,5.592234494408196e-16
UCLA_1_0051265,116,3.0,62,1.7763568394002505e-15,3.8610106676920375e-16,1.6529987255530111e-16,1.7763568394002505e-15,4.2066866679556736e-16,2.0970879354030732e-16,3.552713678800501e-15,4.520402033566154e-16,4.210623619319112e-16
UCLA_2_0051309,116,3.0,62,1.7763568394002505e-15,5.265308732441405e-16,3.3306690738754696e-16,3.552713678800501e-15,4.093412887691818e-16,3.2402064570541606e-16,5.3290705182007506e-15,4.484317784820996e-16,6.579099405186112e-16
UM_1_0050300,296,2.0,62,5.3290705182007506e-15,5.136761258179242e-16,6.546203908160182e-16,3.552713678800501e-15,4.1736361386652583e-16,5.493548003330404e-16,7.105427357601002e-15,4.3167544795147523e-16,1.052655904829778e-15
UM_1_0050339,296,2.0,62,2.664535259100376e-15,4.122311022952682e-16,2.55351295663786e-16,1.7763568394002505e-15,4.1291276954929244e-16,2.327356414584587e-16,5.3290705182007506e-15,4.3678669407669925e-16,7.302800339756585e-16
UM_1_0050371,296,2.0,62,5.3290705182007506e-15,5.642054193376487e-16,5.904741716154538e-16,3.552713678800501e-15,3.581137906088537e-16,5.361966015226682e-16,1.0658141036401504e-14,4.401272268051555e-16,1.210554290554245e-15
UM_2_0050416,296,2.0,62,3.552713678800501e-15,4.956960333147625e-16,4.095489379728356e-16,3.552713678800501e-15,4.130663596399089e-16,4.046146134189459e-16,7.105427357601002e-15,4.1033883215420957e-16,9.144948173208697e-16
USM_0050467,236,2.0,62,2.664535259100376e-15,5.576282694084201e-16,3.889892523316289e-16,3.552713678800501e-15,4.44135409698894e-16,3.190863211515265e-16,7.105427357601002e-15,4.102472108620205e-16,9.210739167260555e-16
USM_0050514,236,2.0,62,1.7763568394002505e-15,3.737922322537873e-16,2.594632327920273e-16,1.7763568394002505e-15,4.312711004998087e-16,3.0099379778726473e-16,5.3290705182007506e-15,4.131853832815878e-16,7.56596431596403e-16
Yale_0050567,196,2.0,62,3.552713678800501e-15,4.3523681153340605e-16,3.1579677144893343e-16,3.552713678800501e-15,4.2142735074998245e-16,3.2155348342847127e-16,5.3290705182007506e-15,3.952629717100781e-16,5.016563296454412e-16
Yale_0050622,196,2.0,62,3.552713678800501e-15,4.206740949515185e-16,2.722102378895754e-16,1.7763568394002505e-15,4.211094581163108e-16,3.4704749362356744e-16,7.105427357601002e-15,5.14389938310714e-16,7.467277824886238e-16
Caltech_0051456,146,2.0,36,1.7763568394002505e-15,4.650384157136863e-16,2.21119419071177e-16,1.7763568394002505e-15,4.48228989309774e-16,2.3766996601234834e-16,5.3290705182007506e-15,5.659890789927217e-16,5.329070518200751e-16
KKI_0050776,152,2.5,62,3.552713678800501e-15,4.337227726781895e-16,3.774758283725532e-16,3.552713678800501e-15,5.770107549378725e-16,3.6925195411607063e-16,8.881784197001252e-15,5.956789988476594e-16,9.93444010183103e-16
KKI_0050815,152,2.5,62,3.552713678800501e-15,6.228002944054276e-16,4.745175445990483e-16,3.552713678800501e-15,4.242548285052601e-16,4.967220050915515e-16,1.4210854715202004e-14,5.533723531241559e-16,9.013366185104977e-16
Leuven_1_0050704,246,1.6663199663162231,62,1.7763568394002505e-15,5.437511705201992e-16,2.6295837935103247e-16,2.664535259100376e-15,3.838001143516073e-16,2.89480373828189e-16,3.552713678800501e-15,4.1372569143751885e-16,3.733638912443119e-16
Leuven_2_0050750,246,1.6512600183486938,50,2.664535259100376e-15,4.549228419159782e-16,3.042833474898577e-16,3.552713678800501e-15,4.324189625611042e-16,4.07904163121539e-16,7.105427357601002e-15,4.163318084280352e-16,7.269904842730655e-16
MaxMun_c_0051336,116,3.0,62,7.105427357601002e-15,5.041933795820011e-16,6.036323704258258e-16,7.105427357601002e-15,6.293373975384139e-16,6.480412914108321e-16,1.0658141036401504e-14,5.55197560943999e-16,1.447401869140945e-15
NYU_0050960,176,2.0,62,3.552713678800501e-15,6.267685112166081e-16,3.1332960917198864e-16,3.552713678800501e-15,4.529523427203199e-16,3.5362659302875356e-16,7.105427357601002e-15,5.112363141231648e-16,7.763337298119613e-16
NYU_0050996,176,2.0,58,3.552713678800501e-15,5.723941928615787e-16,3.1415199659763687e-16,3.552713678800501e-15,4.19442991338508e-16,3.782982157982015e-16,7.105427357601002e-15,4.647652237569975e-16,1.0559454545323713e-15
NYU_0051033,176,2.0,62,3.552713678800501e-15,4.3642387137735005e-16,3.906340271829255e-16,3.552713678800501e-15,3.3981980825753145e-16,3.865220900546841e-16,1.0658141036401504e-14,5.20700358372646e-16,1.0066022089934752e-15
NYU_0051067,176,2.0,60,2.664535259100376e-15,4.3815197450391596e-16,2.970874575154354e-16,3.552713678800501e-15,4.1204218513852293e-16,2.9441469838207856e-16,7.105427357601002e-15,4.3733385250230327e-16,9.671276125623585e-16
NYU_0051100,176,2.0,62,5.3290705182007506e-15,5.285592482262245e-16,4.679384451938623e-16,1.7763568394002505e-15,4.510130571759423e-16,4.144832625267251e-16,7.105427357601002e-15,4.015876451066953e-16,1.1316050976920117e-15
NYU_0051152,176,2.0,62,5.3290705182007506e-15,4.923996516353297e-16,3.30188551397778e-16,3.552713678800501e-15,3.680131578513464e-16,4.07904163121539e-16,1.0658141036401504e-14,4.571384860939941e-16,1.1842378929335002e-15
Olin_0050130,206,1.5,62,3.552713678800501e-15,3.955776241595279e-16,2.33558028884107e-16,3.552713678800501e-15,4.907239679494005e-16,3.3142213253625046e-16,5.3290705182007506e-15,5.205534274306297e-16,5.78960747656378e-16
Pitt_0050030,196,1.5,62,1.7763568394002505e-15,5.808510287707997e-16,2.495945836842481e-16,1.7763568394002505e-15,4.2929201860260095e-16,2.4342667799188623e-16,5.3290705182007506e-15,5.030278515777105e-16,5.658025488460057e-16
SBL_0051559,196,2.200000047683716,62,2.664535259100376e-15,5.95502242333901e-16,3.5115943075180877e-16,3.552713678800501e-15,5.423209544434562e-16,3.758310535212567e-16,7.105427357601002e-15,3.870025990058783e-16,7.894919286223335e-16
SDSU_0050188,176,2.0,47,5.3290705182007506e-15,5.134920194587867e-16,3.297773576849539e-16,5.3290705182007506e-15,4.642158168484611e-16,3.4211316906967787e-16,5.3290705182007506e-15,4.445714903362968e-16,5.26327952414889e-16
Stanford_0051166,236,2.0,62,5.3290705182007506e-15,4.3442516305237123e-16,5.871846219128607e-16,3.552713678800501e-15,4.356386919329578e-16,5.72381648251192e-16,1.0658141036401504e-14,6.075800508305753e-16,1.105288700071267e-15
Stanford_0051199,234,2.0,62,3.552713678800501e-15,6.657811527210484e-16,3.593833050082914e-16,3.552713678800501e-15,4.245457435230013e-16,3.6020569243393973e-16,5.3290705182007506e-15,5.161698157576306e-16,7.5330688189381e-16
Trinity_0050269,146,2.0,62,2.664535259100376e-15,4.248290341517953e-16,3.182639337258782e-16,3.552713678800501e-15,4.07547273472451e-16,3.7665344094690494e-16,7.105427357601002e-15,5.42765436515809e-16,6.217248937900876e-16
UCLA_1_0051221,116,3.0,62,1.7763568394002505e-15,4.381663091006671e-16,2.2697892947892088e-16,1.7763568394002505e-15,4.3083604302261743e-16,2.6892068818698234e-16,3.552713678800501e-15,3.9297085770543757e-16,5.394861512252612e-16
UCLA_1_0051266,116,3.0,62,3.552713678800501e-15,5.167335947635398e-16,3.6102807985958796e-16,1.7763568394002505e-15,3.544287001831872e-16,3.3388929481319524e-16,7.105427357601002e-15,4.4386396835523843e-16,7.434382327860307e-16
UCLA_2_0051311,116,3.0,62,3.552713678800501e-15,5.506311828747416e-16,2.4671622769447924e-16,1.7763568394002505e-15,3.883449837241266e-16,2.7138785046392723e-16,3.552713678800501e-15,4.295137492959407e-16,5.658025488460057e-16
UM_1_0050301,296,2.0,61,2.664535259100376e-15,5.957310561072844e-16,2.594632327920273e-16,5.3290705182007506e-15,4.926568498436618e-16,2.1875505522243822e-16,3.552713678800501e-15,3.8408368087359117e-16,7.105427357601002e-16
UM_1_0050340,296,2.0,62,2.664535259100376e-15,4.645060024878574e-16,2.500057773970723e-16,1.7763568394002505e-15,4.632179803931615e-16,2.2780131690456915e-16,3.552713678800501e-15,3.4435989099991434e-16,5.954084961693432e-16
UM_1_0050372,296,2.0,62,1.7763568394002505e-15,3.7475928586646434e-16,2.606968139304997e-16,1.7763568394002505e-15,3.6202219452148764e-16,2.680983007613341e-16,5.3290705182007506e-15,4.106746994155776e-16,6.513308411134251e-16
UM_2_0050417,296,2.0,62,1.7763568394002505e-15,4.420199716109561e-16,2.216334112122072e-16,1.7763568394002505e-15,5.467064959254817e-16,2.6563113848438933e-16,3.552713678800501e-15,4.4021688810936764e-16,6.052771452771225e-16
USM_0050468,236,2.0,62,2.664535259100376e-15,4.88515120756746e-16,2.524729396740171e-16,3.552713678800501e-15,3.798035990809106e-16,2.722102378895754e-16,5.3290705182007506e-15,5.240686638031491e-16,6.97384536949728e-16
USM_0050515,236,2.0,62,2.664535259100376e-15,4.849091740710146e-16,3.1497438402328515e-16,3.552713678800501e-15,4.045331210509131e-16,2.7796694986911325e-16,5.3290705182007506e-15,4.3393118388884323e-16,6.90805437544542e-16
Yale_0050568,196,2.0,62,1.7763568394002505e-15,4.2155865578955445e-16,2.1957744264808648e-16,1.7763568394002505e-15,4.296371359792796e-16,2.2697892947892088e-16,3.552713678800501e-15,4.607584294347481e-16,4.588921835117314e-16
Yale_0050623,196,2.0,62,1.7763568394002505e-15,4.4101839132245713e-16,1.8585955819650766e-16,2.664535259100376e-15,4.2867919723471564e-16,2.2615654205327265e-16,5.3290705182007506e-15,3.896055969478247e-16,4.276414613370973e-16
Caltech_0051458,146,2.0,47,1.3322676295501878e-15,6.779363708604858e-16,1.6992580182457256e-16,1.7763568394002505e-15,4.459335921861287e-16,1.8914910789910075e-16,5.3290705182007506e-15,4.89858890355937e-16,4.736951571734001e-16
KKI_0050777,152,2.5,62,2.664535259100376e-15,4.508766798589517e-16,3.462251061979192e-16,3.552713678800501e-15,5.274394716937612e-16,3.4046839421838136e-16,5.3290705182007506e-15,3.821102456299547e-16,6.743576890315766e-16
KKI_0050816,124,2.5,62,3.552713678800501e-15,4.0734500804655544e-16,3.2155348342847127e-16,3.552713678800501e-15,4.4207460723530197e-16,3.7007434154171886e-16,7.105427357601002e-15,4.064079541480249e-16,8.947575191053113e-16
Leuven_1_0050705,246,1.666790008544922,4,3.552713678800501e-15,4.461050072391195e-16,2.937336587952136e-16,3.552713678800501e-15,5.377795825575008e-16,3.848773152033876e-16,3.552713678800501e-15,4.245552422143263e-16,5.41953313502206e-16
Leuven_2_0050751,246,1.651039958000183,62,1.7763568394002505e-15,4.84306550054353e-16,3.1415199659763687e-16,3.552713678800501e-15,5.905901391135767e-16,3.6185046728523623e-16,7.105427357601002e-15,4.049409345485489e-16,7.00674086652321e-16
MaxMun_c_0051338,116,3.0,62,2.664535259100376e-15,4.941984152275291e-16,3.3471168223884347e-16,3.552713678800501e-15,4.559616560346853e-16,3.3059974511060223e-16,7.105427357601002e-15,4.47201878700465e-16,1.0592350042349642e-15
NYU_0050961,176,2.0,62,3.552713678800501e-15,4.4052717556914894e-16,2.574072642279066e-16,1.7763568394002505e-15,3.703878782552435e-16,3.3224451996189873e-16,7.105427357601002e-15,4.2510700533305462e-16,8.355456244586365e-16
NYU_0050997,176,2.0,62,3.552713678800501e-15,3.9417262389410036e-16,3.8569970262903584e-16,3.552713678800501e-15,4.948734098472618e-16,4.556026338091383e-16,1.0658141036401504e-14,4.965481651809722e-16,1.342136278657967e-15
NYU_0051034,176,2.0,62,2.664535259100376e-15,5.545424686350778e-16,4.350429481679317e-16,3.552713678800501e-15,4.431620757492593e-16,3.273101954080091e-16,7.105427357601002e-15,4.617928933240282e-16,1.0723932030453365e-15
NYU_0051068,176,2.0,62,2.664535259100376e-15,5.092592107482441e-16,3.0757289719245075e-16,3.552713678800501e-15,2.935409113255697e-16,2.5987442650485144e-16,8.881784197001252e-15,5.826152495813632e-16,1.0723932030453365e-15
NYU_0051101,176,2.0,62,2.664535259100376e-15,4.2517701562003006e-16,3.0592812234115424e-16,3.552713678800501e-15,4.347351821424803e-16,3.906340271829255e-16,7.105427357601002e-15,4.6017820529889165e-16,9.86864910777917e-16
NYU_0051153,176,2.0,62,3.552713678800501e-15,6.07450750637643e-16,4.473787595526556e-16,2.664535259100376e-15,4.926125487853595e-16,2.977042480846716e-16,7.105427357601002e-15,4.4013705739405783e-16,8.618620220793807e-16
Olin_0050131,206,1.5,61,1.7763568394002505e-15,4.359140225496458e-16,2.4918338997142403e-16,2.664535259100376e-15,4.666082144055007e-16,2.61519201356148e-16,5.3290705182007506e-15,3.887120170043322e-16,7.368591333808446e-16
Pitt_0050031,196,1.5,62,1.7763568394002505e-15,4.0924663996093483e-16,3.1497438402328515e-16,3.552713678800501e-15,4.753428305081337e-16,3.3224451996189873e-16,7.105427357601002e-15,5.205952419994961e-16,7.697546304067752e-16
SBL_0051560,196,2.200000047683716,62,3.552713678800501e-15,4.432798034712623e-16,2.3643638487387594e-16,3.552713678800501e-15,4.3620207079253087e-16,2.483610025457757e-16,5.3290705182007506e-15,5.287105497335604e-16,6.94094987247135e-16
SDSU_0050189,176,2.0,62,1.7763568394002505e-15,4.240450416631249e-16,2.7796694986911325e-16,3.552713678800501e-15,4.183477866721663e-16,2.3931474086364484e-16,3.552713678800501e-15,5.385320003634778e-16,5.954084961693432e-16
Stanford_0051167,177,2.0,62,3.552713678800501e-15,4.466258942771441e-16,4.2270713678320764e-16,3.552713678800501e-15,4.3881872006379896e-16,4.852085811324758e-16,5.3290705182007506e-15,3.8937743303255294e-16,8.190978759456711e-16
Trinity_0050232,146,2.0,62,3.552713678800501e-15,4.706294361518038e-16,4.3956607900899716e-16,3.552713678800501e-15,3.927777319906109e-16,3.832325403520911e-16,7.105427357601002e-15,5.076193012608823e-16,9.210739167260555e-16
Trinity_0050270,146,2.0,57,3.552713678800501e-15,4.2929472483058044e-16,4.095489379728356e-16,3.552713678800501e-15,3.2737341643793217e-16,4.210623619319112e-16,7.105427357601002e-15,4.354185822944293e-16,6.31593542897867e-16
UCLA_1_0051222,116,3.0,62,1.7763568394002505e-15,4.049484172380394e-16,2.590520390792032e-16,2.664535259100376e-15,4.475884459383277e-16,3.116848343206921e-16,5.3290705182007506e-15,5.221426682896605e-16,5.986980458719362e-16
UCLA_1_0051267,116,3.0,62,2.664535259100376e-15,5.242186289860512e-16,3.018161852129129e-16,3.552713678800501e-15,4.046682401767535e-16,3.454027187722709e-16,5.3290705182007506e-15,3.699906715541163e-16,6.052771452771225e-16
UCLA_2_0051312,116,3.0,62,3.552713678800501e-15,5.259208283405617e-16,2.4671622769447924e-16,3.552713678800501e-15,4.919033687560659e-16,2.73855012740872e-16,5.3290705182007506e-15,5.433042604295444e-16,5.526443500356335e-16
UM_1_0050302,296,2.0,62,5.3290705182007506e-15,7.314557066642588e-16,4.490235344039522e-16,3.552713678800501e-15,4.227035023022063e-16,4.506683092552487e-16,7.105427357601002e-15,4.189425923867421e-16,7.50017332191217e-16
UM_1_0050341,296,2.0,62,2.664535259100376e-15,4.783113191509805e-16,2.224557986378554e-16,1.7763568394002505e-15,4.1337710496479344e-16,1.9572820730428687e-16,5.3290705182007506e-15,4.29242300785757e-16,4.934324553889585e-16
UM_1_0050373,296,2.0,62,3.552713678800501e-15,5.768625501183268e-16,3.9885790143940814e-16,1.7763568394002505e-15,3.7419304722590033e-16,4.1941758708061473e-16,5.3290705182007506e-15,4.871429034384112e-16,6.447517417082391e-16
UM_2_0050418,296,2.0,62,3.552713678800501e-15,6.303999260425854e-16,4.0050267629070464e-16,3.552713678800501e-15,5.227224673296709e-16,3.0757289719245075e-16,5.3290705182007506e-15,3.619085398496082e-16,6.579099405186112e-16
USM_0050469,236,2.0,62,1.7763568394002505e-15,4.426441979418128e-16,2.4671622769447924e-16,1.7763568394002505e-15,4.3907774331587943e-16,2.574072642279066e-16,5.3290705182007506e-15,4.2029820090646476e-16,7.697546304067752e-16
USM_0050516,236,2.0,62,2.664535259100376e-15,5.571290415591383e-16,2.96059473233375e-16,1.7763568394002505e-15,4.2542690214854014e-16,2.92769923530782e-16,7.105427357601002e-15,4.5851091877066585e-16,9.013366185104977e-16
Yale_0050569,196,2.0,62,1.7763568394002505e-15,4.398866195115005e-16,2.224557986378554e-16,1.7763568394002505e-15,3.665856718332561e-16,2.080640186890108e-16,3.552713678800501e-15,7.567824045381094e-16,4.0132506371635287e-16
Yale_0050624,196,2.0,62,3.552713678800501e-15,4.603932860983396e-16,3.634952421365328e-16,1.7763568394002505e-15,4.1949280041041364e-16,3.4704749362356744e-16,5.3290705182007506e-15,4.104174531610802e-16,6.052771452771225e-16
Caltech_0051459,146,2.0,48,2.664535259100376e-15,3.982661618727437e-16,2.561736830894342e-16,1.7763568394002505e-15,4.146919015639768e-16,2.7303262531522373e-16,3.552713678800501e-15,3.788219091850941e-16,6.052771452771225e-16
KKI_0050778,152,2.5,62,7.105427357601002e-15,5.129667978972939e-16,4.366877230192282e-16,5.3290705182007506e-15,4.1101485556813374e-16,4.506683092552487e-16,7.105427357601002e-15,4.686812914712337e-16,8.552829226741946e-16
KKI_0050817,124,2.5,62,5.3290705182007506e-15,4.3432636431292894e-16,3.6925195411607063e-16,5.3290705182007506e-15,5.592457555634008e-16,4.1119371282413205e-16,7.105427357601002e-15,3.9419023645251322e-16,8.487038232690086e-16
Leuven_1_0050707,246,1.6663399934768677,10,1.7763568394002505e-15,4.0748782987301927e-16,3.0392355299113663e-16,1.7763568394002505e-15,4.1908655310618315e-16,3.182639337258782e-16,5.3290705182007506e-15,6.001182963472746e-16,5.764935853794331e-16
Leuven_2_0050752,246,1.650760054588318,62,1.7763568394002505e-15,4.358618836424354e-16,2.539121176689016e-16,2.664535259100376e-15,4.370316126763937e-16,3.0510573491550597e-16,3.552713678800501e-15,4.857639558902392e-16,6.036323704258258e-16
MaxMun_c_0051339,116,3.0,62,1.7763568394002505e-15,4.506950541757812e-16,1.9326104502734206e-16,2.664535259100376e-15,4.822185467764983e-16,2.1382073066854863e-16,5.3290705182007506e-15,5.676709246683222e-16,7.368591333808446e-16
NYU_0050962,176,2.0,62,3.552713678800501e-15,3.5832252615255533e-16,2.8577963041277176e-16,3.552713678800501e-15,3.716893659458378e-16,4.2270713678320764e-16,7.105427357601002e-15,4.0161861593699923e-16,8.355456244586365e-16
NYU_0050998,176,2.0,62,3.552713678800501e-15,5.689635238176617e-16,3.355340696644917e-16,3.552713678800501e-15,4.428131931318297e-16,3.2566542055671256e-16,7.105427357601002e-15,4.645066373790968e-16,8.947575191053113e-16
NYU_0051035,176,2.0,62,3.552713678800501e-15,4.563504041866643e-16,3.963907391624633e-16,3.552713678800501e-15,4.001446092149687e-16,4.276414613370973e-16,1.0658141036401504e-14,5.302470385083534e-16,1.2631870857957337e-15
NYU_0051069,176,2.0,62,3.552713678800501e-15,5.32061195455628e-16,3.380012319414365e-16,1.7763568394002505e-15,4.0886495169824684e-16,3.388236193670848e-16,7.105427357601002e-15,4.8571846626855195e-16,9.079157179156837e-16
NYU_0051102,176,2.0,62,3.552713678800501e-15,4.57340748011778e-16,4.1941758708061473e-16,3.552713678800501e-15,3.673757912716821e-16,4.325757858909869e-16,7.105427357601002e-15,4.476299195820166e-16,9.539694137519865e-16
NYU_0051154,176,2.0,20,3.552713678800501e-15,4.671370069921096e-16,3.686351635468344e-16,3.552713678800501e-15,4.179700724345794e-16,3.1415199659763687e-16,7.105427357601002e-15,4.672625414854714e-16,9.86864910777917e-16
Olin_0050132,206,1.5,62,3.552713678800501e-15,5.133740019860057e-16,2.508281648227205e-16,3.552713678800501e-15,4.42297898709391e-16,2.919475361051337e-16,5.3290705182007506e-15,3.775100381304295e-16,7.56596431596403e-16
Pitt_0050032,196,1.5,62,2.664535259100376e-15,4.855145079590194e-16,2.73855012740872e-16,2.664535259100376e-15,5.591435022789479e-16,3.297773576849539e-16,5.3290705182007506e-15,5.305224265745686e-16,6.90805437544542e-16
SBL_0051561,196,2.200000047683716,60,3.552713678800501e-15,4.859277973308594e-16,2.9256432667436997e-16,3.552713678800501e-15,4.3750451423411603e-16,2.985266355103199e-16,7.105427357601002e-15,4.1758199173530704e-16,7.664650807041821e-16
SDSU_0050190,176,2.0,62,3.552713678800501e-15,5.720936166345934e-16,3.1415199659763687e-16,3.552713678800501e-15,4.1206070994579796e-16,2.837236618486511e-16,5.3290705182007506e-15,5.016066285703259e-16,5.85539847061564e-16
Stanford_0051168,176,2.0,62,3.552713678800501e-15,4.543512145380197e-16,4.82741418855531e-16,3.552713678800501e-15,4.446764880890227e-16,4.3586533559358004e-16,7.105427357601002e-15,4.3743334264291135e-16,8.815993202949391e-16
Trinity_0050233,146,2.0,62,1.7763568394002505e-15,5.224254816159622e-16,3.1497438402328515e-16,1.7763568394002505e-15,4.1441811885792015e-16,2.1875505522243822e-16,5.3290705182007506e-15,4.874593746125013e-16,6.085666949797155e-16
Trinity_0050271,146,2.0,62,3.552713678800501e-15,5.917550063168363e-16,3.5239301189028117e-16,2.664535259100376e-15,4.134661465804927e-16,3.6925195411607063e-16,5.3290705182007506e-15,3.9343159746797054e-16,6.809367884367627e-16
UCLA_1_0051223,116,3.0,62,3.552713678800501e-15,5.598387633433034e-16,3.1497438402328515e-16,1.7763568394002505e-15,4.8377190819353675e-16,2.384923534379966e-16,5.3290705182007506e-15,3.747868208108959e-16,5.26327952414889e-16
UCLA_1_0051268,116,3.0,62,3.552713678800501e-15,5.146569925907022e-16,2.808453058588822e-16,2.664535259100376e-15,5.053495024357585e-16,2.7632217501781674e-16,3.552713678800501e-15,3.5253851599971793e-16,5.394861512252612e-16
UCLA_2_0051313,116,3.0,62,1.7763568394002505e-15,4.392857675148055e-16,1.9860656329405582e-16,2.664535259100376e-15,4.413155485320056e-16,2.0312969413512122e-16,3.552713678800501e-15,4.13705224988958e-16,5.658025488460057e-16
UM_1_0050304,296,2.0,62,3.552713678800501e-15,4.1167990403296133e-16,6.135010195336049e-16,3.552713678800501e-15,3.835136086638675e-16,5.394861512252612e-16,1.0658141036401504e-14,5.870796265890044e-16,1.4671391673565032e-15
UM_1_0050342,296,2.0,62,3.552713678800501e-15,5.848803295560555e-16,4.473787595526556e-16,2.664535259100376e-15,3.874691087900519e-16,3.1415199659763687e-16,7.105427357601002e-15,4.2226188516354047e-16,7.763337298119613e-16
UM_1_0050374,296,2.0,62,3.552713678800501e-15,4.913016578896902e-16,2.977042480846716e-16,3.552713678800501e-15,4.392191759236392e-16,3.3059974511060223e-16,3.552713678800501e-15,4.488022385777479e-16,6.513308411134251e-16
UM_2_0050419,296,2.0,62,2.664535259100376e-15,4.944826676338538e-16,3.182639337258782e-16,2.664535259100376e-15,5.576232683567391e-16,2.7303262531522373e-16,7.105427357601002e-15,4.694166523650139e-16,7.894919286223335e-16
USM_0050470,236,2.0,62,3.552713678800501e-15,6.631132523291292e-16,5.5428912488693e-16,7.105427357601002e-15,4.162560035760555e-16,6.776472387341696e-16,7.105427357601002e-15,4.341022012424711e-16,1.0987096006660808e-15
USM_0050518,236,2.0,62,1.7763568394002505e-15,4.584841608801845e-16,2.92769923530782e-16,1.7763568394002505e-15,4.1411843294782923e-16,2.582296516535549e-16,7.105427357601002e-15,4.645587672831555e-16,1.0723932030453365e-15
Yale_0050570,196,2.0,62,1.7763568394002505e-15,5.513438173685778e-16,1.9984014443252816e-16,1.7763568394002505e-15,4.359131123537962e-16,2.746774001665202e-16,3.552713678800501e-15,4.175471787091277e-16,4.1941758708061473e-16
Yale_0050625,196,2.0,62,1.7763568394002505e-15,5.01284735941661e-16,2.0189611299664883e-16,1.3322676295501878e-15,4.240815161574941e-16,1.6283271027835628e-16,1.7763568394002505e-15,3.7335309187425934e-16,3.5362659302875356e-16
Caltech_0051461,146,2.0,60,3.552713678800501e-15,4.3546346743393965e-16,3.7788702208537743e-16,7.105427357601002e-15,3.644636329951386e-16,5.394861512252612e-16,7.105427357601002e-15,4.025763609089625e-16,8.75020220889753e-16
KKI_0050779,152,2.5,62,3.552713678800501e-15,4.397916949145851e-16,2.73855012740872e-16,3.552713678800501e-15,4.310214319901751e-16,2.845460492742993e-16,7.105427357601002e-15,4.522893863782822e-16,8.454142735664155e-16
KKI_0050818,152,2.5,62,1.7763568394002505e-15,3.836549759304071e-16,2.228669923506796e-16,2.664535259100376e-15,4.099451551786387e-16,2.245117672019761e-16,1.0658141036401504e-14,6.25154285881606e-16,6.184353440874946e-16
Leuven_1_0050708,246,1.664520025253296,19,1.7763568394002505e-15,4.672637346776896e-16,2.1226590444193243e-16,1.7763568394002505e-15,4.289148256973536e-16,2.5864084536637905e-16,3.552713678800501e-15,5.07175509507586e-16,5.23038402712296e-16
Leuven_2_0050753,246,1.650760054588318,62,5.3290705182007506e-15,5.002708628099845e-16,3.844661214905634e-16,2.664535259100376e-15,4.721809710133418e-16,2.33558028884107e-16,7.105427357601002e-15,4.946847478230368e-16,6.513308411134251e-16
MaxMun_c_0051340,116,3.0,61,2.664535259100376e-15,4.861078880363142e-16,2.4794980883295163e-16,1.7763568394002505e-15,4.3448860236958077e-16,2.73855012740872e-16,7.105427357601002e-15,4.537772177331602e-16,8.68441121484567e-16
NYU_0050964,176,2.0,62,1.7763568394002505e-15,3.713337500948284e-16,3.199087085771747e-16,1.7763568394002505e-15,2.751711753990467e-16,3.1744154630022993e-16,7.105427357601002e-15,5.087043302353461e-16,1.0789723024505225e-15
NYU_0050999,176,2.0,62,3.552713678800501e-15,5.532472928146151e-16,3.4951465590051227e-16,3.552713678800501e-15,4.092292908091891e-16,4.046146134189459e-16,7.105427357601002e-15,4.949737707077038e-16,1.0394977060194058e-15
NYU_0051036,176,2.0,58,2.664535259100376e-15,4.572671981852801e-16,2.880411958333045e-16,3.552713678800501e-15,4.403058537168463e-16,2.680983007613341e-16,7.105427357601002e-15,5.232915465235376e-16,7.862023789197405e-16
NYU_0051070,176,2.0,62,3.552713678800501e-15,5.409187869148182e-16,4.39154885296173e-16,3.552713678800501e-15,4.143916918712224e-16,3.552713678800501e-16,7.105427357601002e-15,4.3508989900462434e-16,9.013366185104977e-16
NYU_0051103,176,2.0,62,2.664535259100376e-15,4.11727525479981e-16,3.5444898045440184e-16,2.664535259100376e-15,5.437105764129055e-16,3.2566542055671256e-16,7.105427357601002e-15,4.528449067803188e-16,8.947575191053113e-16
NYU_0051155,176,2.0,62,1.7763568394002505e-15,4.046236852294151e-16,1.9017709218116108e-16,1.7763568394002505e-15,4.724348477470944e-16,2.9441469838207856e-16,7.105427357601002e-15,4.677594528088291e-16,1.0789723024505225e-15
Olin_0050133,206,1.5,62,3.552713678800501e-15,5.030140764286792e-16,3.2237587085411955e-16,3.552713678800501e-15,4.4293210010509974e-16,4.457339847013592e-16,7.105427357601002e-15,4.519941381060845e-16,7.56596431596403e-16
Pitt_0050033,196,1.5,62,3.552713678800501e-15,4.418987847447605e-16,3.67607179264774e-16,3.552713678800501e-15,5.033278816768328e-16,4.704056074708071e-16,7.105427357601002e-15,4.446778206256977e-16,8.815993202949391e-16
SBL_0051562,196,2.200000047683716,62,1.7763568394002505e-15,5.40099882262419e-16,2.746774001665202e-16,3.552713678800501e-15,4.361187453680593e-16,2.319132540328105e-16,7.105427357601002e-15,4.593084304795702e-16,6.579099405186112e-16
SDSU_0050191,176,2.0,62,3.552713678800501e-15,3.914107295914748e-16,3.750086660956084e-16,3.552713678800501e-15,4.045141882201359e-16,3.8158776550079455e-16,7.105427357601002e-15,4.494037457191964e-16,5.82250297358971e-16
Stanford_0051169,176,2.0,62,1.7763568394002505e-15,4.3269099736221884e-16,4.243519116345043e-16,3.552713678800501e-15,4.1646502587662814e-16,3.79942990649498e-16,7.105427357601002e-15,3.640632022842848e-16,7.171218351652863e-16
Trinity_0050234,146,2.0,62,3.552713678800501e-15,4.2671715644315237e-16,4.51490696680897e-16,3.552713678800501e-15,4.2303450276149824e-16,4.1037132539848383e-16,1.0658141036401504e-14,5.148442466133335e-16,8.15808326243078e-16
Trinity_0051132,146,2.0,62,3.552713678800501e-15,4.052126924041636e-16,3.6102807985958796e-16,3.552713678800501e-15,4.696008834381913e-16,3.7665344094690494e-16,5.3290705182007506e-15,3.918729002657922e-16,7.664650807041821e-16
UCLA_1_0051224,116,3.0,62,1.7763568394002505e-15,4.668535808903162e-16,1.89971495324749e-16,1.7763568394002505e-15,4.044429070108827e-16,2.105311809659556e-16,5.3290705182007506e-15,4.254832364812326e-16,4.901429056863654e-16
UCLA_1_0051269,116,3.0,62,3.552713678800501e-15,4.892984740570308e-16,2.6234158878179627e-16,3.552713678800501e-15,3.7417947889722634e-16,2.680983007613341e-16,5.3290705182007506e-15,5.275594173478777e-16,5.986980458719362e-16
UCLA_2_0051314,116,3.0,62,1.7763568394002505e-15,4.718339277013309e-16,2.746774001665202e-16,1.7763568394002505e-15,4.567354864184317e-16,2.631639762074445e-16,5.3290705182007506e-15,3.746916927792558e-16,5.033011044967376e-16
UM_1_0050305,296,2.0,62,5.3290705182007506e-15,4.2290039334033976e-16,5.78960747656378e-16,7.105427357601002e-15,3.994107138569682e-16,7.5330688189381e-16,1.4210854715202004e-14,4.988992356170105e-16,1.868464231072856e-15
UM_1_0050343,296,2.0,62,2.664535259100376e-15,6.161605065374145e-16,3.684295666904223e-16,1.7763568394002505e-15,3.507752747109799e-16,3.569161427313466e-16,7.105427357601002e-15,3.745553207372536e-16,8.75020220889753e-16
UM_1_0050375,296,2.0,62,1.7763568394002505e-15,4.884629515050641e-16,2.2636213890968473e-16,1.7763568394002505e-15,4.037657711014055e-16,2.0559685641206603e-16,5.3290705182007506e-15,6.257410828123546e-16,5.361966015226682e-16
UM_2_0050421,296,2.0,62,3.552713678800501e-15,5.723469103324533e-16,4.736951571734001e-16,3.552713678800501e-15,5.813946631356344e-16,4.161280373780216e-16,7.105427357601002e-15,5.211344145422158e-16,8.618620220793807e-16
USM_0050477,236,2.0,62,1.7763568394002505e-15,4.615734056780049e-16,3.429355564953261e-16,2.664535259100376e-15,4.1678444603108565e-16,4.0625938827024254e-16,5.3290705182007506e-15,3.4896510316988113e-16,8.026501274327057e-16
USM_0050519,236,2.0,62,3.552713678800501e-15,4.525677461112987e-16,3.3388929481319524e-16,1.7763568394002505e-15,3.8102415972316397e-16,2.8619082412559593e-16,7.105427357601002e-15,3.9049078342734284e-16,1.111867799476453e-15
Yale_0050571,196,2.0,62,3.552713678800501e-15,4.263974951236964e-16,3.2319825827976783e-16,3.552713678800501e-15,4.0580851432449333e-16,3.634952421365328e-16,7.105427357601002e-15,4.677708082905847e-16,5.296175021174821e-16
Yale_0050626,196,2.0,62,3.552713678800501e-15,4.2317006387057327e-16,3.3635645709014e-16,3.552713678800501e-15,3.387719257046917e-16,3.1415199659763687e-16,1.0658141036401504e-14,5.032734517016581e-16,5.82250297358971e-16
Caltech_0051462,146,2.0,62,1.7763568394002505e-15,4.4203071785401896e-16,3.014049915000888e-16,3.552713678800501e-15,4.433996421627402e-16,3.667847918391258e-16,5.3290705182007506e-15,4.756472256879197e-16,7.631755310015891e-16
KKI_0050780,152,2.5,62,3.552713678800501e-15,6.125506771871178e-16,4.580697960860831e-16,3.552713678800501e-15,4.717483418399759e-16,4.259966864858008e-16,7.105427357601002e-15,4.1151418260890224e-16,7.105427357601002e-16
KKI_0050819,152,2.5,62,2.664535259100376e-15,5.067597345015183e-16,2.9482589209490267e-16,4.440892098500626e-15,5.575199906271462e-16,3.092176720437473e-16,7.105427357601002e-15,4.076334050093901e-16,7.138322854626932e-16
Leuven_1_0050709,246,1.6660900115966797,26,3.552713678800501e-15,4.874103424732089e-16,3.451971219158588e-16,5.3290705182007506e-15,4.086432659405336e-16,4.0132506371635287e-16,5.3290705182007506e-15,4.766407445351274e-16,8.0593967713529895e-16
Leuven_2_0050754,246,1.651360034942627,54,2.664535259100376e-15,5.7963514458651015e-16,2.1423192438137282e-16,1.7763568394002505e-15,5.889598052211216e-16,2.8619082412559593e-16,3.552713678800501e-15,4.0641429404311793e-16,5.016563296454412e-16
MaxMun_c_0051341,116,3.0,62,5.3290705182007506e-15,5.616144631601064e-16,4.761623194503449e-16,3.552713678800501e-15,3.994294462742426e-16,4.753399320246967e-16,7.105427357601002e-15,4.549918391987377e-16,1.171079694123128e-15
NYU_0050965,176,2.0,62,3.552713678800501e-15,3.452883222630875e-16,3.5609375530569834e-16,3.552713678800501e-15,4.647293166015914e-16,3.9145641460857374e-16,7.105427357601002e-15,4.874047050797911e-16,8.815993202949391e-16
NYU_0051000,176,2.0,62,3.552713678800501e-15,5.382631738437571e-16,3.182639337258782e-16,3.552713678800501e-15,3.9023873513717984e-16,4.580697960860831e-16,1.0658141036401504e-14,5.984694883803019e-16,1.3487153780631532e-15
NYU_0051038,176,2.0,62,1.7763568394002505e-15,4.57826170902386e-16,3.2484303313106433e-16,2.664535259100376e-15,4.334108660708288e-16,2.6398636363309283e-16,5.3290705182007506e-15,4.1048322078567063e-16,7.763337298119613e-16
NYU_0051071,176,2.0,62,1.7763568394002505e-15,4.974550001555326e-16,2.993490229359681e-16,1.7763568394002505e-15,3.9935763439651197e-16,3.380012319414365e-16,7.105427357601002e-15,4.720998392618783e-16,1.0197604078038477e-15
NYU_0051104,176,2.0,62,2.664535259100376e-15,4.20616628617089e-16,3.1456319031046104e-16,3.552713678800501e-15,4.100521744843792e-16,3.1415199659763687e-16,7.105427357601002e-15,3.5044722578847955e-16,1.0066022089934752e-15
NYU_0051156,176,2.0,62,3.552713678800501e-15,4.407455548683464e-16,3.6020569243393973e-16,3.552713678800501e-15,4.2619314173930247e-16,4.490235344039522e-16,7.105427357601002e-15,4.197803788810139e-16,1.0658141036401502e-15
Olin_0050134,206,1.5,62,3.552713678800501e-15,5.22223933821212e-16,3.8981163975727723e-16,3.552713678800501e-15,4.679848511539238e-16,3.5856091758264317e-16,7.105427357601002e-15,4.75489164802427e-16,7.302800339756585e-16
Pitt_0050034,196,1.5,62,3.552713678800501e-15,4.4187032370842e-16,2.680983007613341e-16,3.552713678800501e-15,3.947430994585254e-16,3.4375794392097437e-16,5.3290705182007506e-15,3.87768611959187e-16,6.38172642303053e-16
SBL_0051563,196,2.200000047683716,62,3.552713678800501e-15,4.245399742012476e-16,3.6390643584935686e-16,5.3290705182007506e-15,5.409613067772244e-16,3.9310118945987024e-16,7.105427357601002e-15,5.394589638840354e-16,8.322560747560432e-16
SDSU_0050193,176,2.0,62,1.7763568394002505e-15,4.620958793024835e-16,2.2780131690456915e-16,1.7763568394002505e-15,3.82960589914522e-16,2.475386151201275e-16,3.552713678800501e-15,4.110310989610429e-16,5.23038402712296e-16
Stanford_0051170,176,2.0,62,3.552713678800501e-15,4.648730058600561e-16,3.947459643111668e-16,2.664535259100376e-15,4.748497393803944e-16,3.552713678800501e-16,7.105427357601002e-15,4.193839115532469e-16,6.611994902212045e-16
Trinity_0050235,146,2.0,62,3.552713678800501e-15,4.867516557011428e-16,4.597145709373796e-16,3.552713678800501e-15,3.617423353326594e-16,4.704056074708071e-16,7.105427357601002e-15,4.1736504920073502e-16,9.210739167260555e-16
Trinity_0051133,146,2.0,62,3.552713678800501e-15,4.690057528153926e-16,3.1867512743870233e-16,3.552713678800501e-15,4.533385353156795e-16,3.182639337258782e-16,7.105427357601002e-15,4.2189694454661183e-16,6.743576890315766e-16
UCLA_1_0051225,116,3.0,62,1.7763568394002505e-15,3.929184330148767e-16,2.7303262531522373e-16,1.7763568394002505e-15,3.919298182915276e-16,2.977042480846716e-16,3.552713678800501e-15,4.265107756423394e-16,5.26327952414889e-16
UCLA_1_0051271,116,3.0,62,3.552713678800501e-15,7.130067414823466e-16,2.1279274638648835e-16,1.7763568394002505e-15,4.4395581171942375e-16,2.4178190314058963e-16,5.3290705182007506e-15,5.252858363471288e-16,6.41462192005646e-16
UCLA_2_0051315,116,3.0,62,2.664535259100376e-15,5.061944321871419e-16,2.820788869973546e-16,2.664535259100376e-15,4.719307038102202e-16,2.7796694986911325e-16,3.552713678800501e-15,3.820441749239217e-16,5.592234494408196e-16
UM_1_0050306,296,2.0,62,7.105427357601002e-15,3.9136661424792078e-16,7.039636363549141e-16,3.552713678800501e-15,4.0143809160519933e-16,6.38172642303053e-16,1.4210854715202004e-14,4.108746663995838e-16,1.5987211554602257e-15
UM_1_0050344,296,2.0,62,1.7763568394002505e-15,4.592303235572778e-16,2.919475361051337e-16,1.7763568394002505e-15,4.499512385727799e-16,2.500057773970723e-16,5.3290705182007506e-15,4.3957667842589846e-16,7.697546304067752e-16
UM_1_0050376,296,2.0,62,5.3290705182007506e-15,5.298026347683997e-16,6.513308411134251e-16,5.3290705182007506e-15,4.687683228559742e-16,5.690920985485987e-16,1.4210854715202004e-14,7.073310997791896e-16,1.572404757839481e-15
UM_2_0050422,296,2.0,62,7.105427357601002e-15,4.840623223764175e-16,6.069219201284189e-16,7.105427357601002e-15,4.515327148409528e-16,6.743576890315766e-16,2.131628207280301e-14,4.3394715904473244e-16,1.3684526762787117e-15
USM_0050480,236,2.0,62,1.7763568394002505e-15,4.3603395535490284e-16,2.845460492742993e-16,2.664535259100376e-15,4.80019125545762e-16,3.3224451996189873e-16,1.0658141036401504e-14,8.302481570295818e-16,9.671276125623585e-16
USM_0050520,236,2.0,62,3.552713678800501e-15,4.83483206726475e-16,4.2846384876274564e-16,2.664535259100376e-15,4.263131704590601e-16,3.4704749362356744e-16,7.105427357601002e-15,4.3766774021412854e-16,8.15808326243078e-16
Yale_0050572,196,2.0,62,2.664535259100376e-15,5.847016088498546e-16,2.520617459611929e-16,3.552713678800501e-15,4.455061297021527e-16,2.3438041630975528e-16,3.552713678800501e-15,3.961482616902259e-16,5.296175021174821e-16
Yale_0050627,196,2.0,62,1.7763568394002505e-15,4.744510471187103e-16,2.0127932242741263e-16,1.7763568394002505e-15,4.290716288261785e-16,2.0066253185817644e-16,3.552713678800501e-15,4.447460328243425e-16,4.3422056074228333e-16
Caltech_0051463,146,2.0,62,2.664535259100376e-15,6.125135563051248e-16,2.109423746787797e-16,1.7763568394002505e-15,4.169824701457322e-16,2.4178190314058963e-16,3.552713678800501e-15,4.760866677156927e-16,5.888293967641571e-16
KKI_0050781,152,2.5,62,3.552713678800501e-15,4.1532894685373283e-16,4.588921835117314e-16,5.3290705182007506e-15,4.59803485113302e-16,5.246831775635925e-16,7.105427357601002e-15,4.518165864680312e-16,9.473903143468002e-16
KKI_0050820,152,2.5,62,2.664535259100376e-15,5.110990190545124e-16,3.2319825827976783e-16,3.552713678800501e-15,4.405201773045959e-16,3.79942990649498e-16,7.105427357601002e-15,4.347119402780926e-16,8.815993202949391e-16
Leuven_1_0050710,246,1.666059970855713,17,2.664535259100376e-15,5.791930145045742e-16,2.657853361266984e-16,2.664535259100376e-15,5.010390677300458e-16,3.1332960917198864e-16,5.3290705182007506e-15,5.745063234993117e-16,4.39154885296173e-16
Leuven_2_0050755,246,1.6512600183486938,62,1.7763568394002505e-15,5.411905186433266e-16,2.972930543718474e-16,3.552713678800501e-15,3.9196213610675486e-16,3.634952421365328e-16,3.552713678800501e-15,4.38762242378049e-16,6.579099405186112e-16
MaxMun_c_0051342,116,3.0,62,2.664535259100376e-15,5.509823934334445e-16,2.61519201356148e-16,2.664535259100376e-15,4.467336373314462e-16,2.4342667799188623e-16,5.3290705182007506e-15,4.2000289154383697e-16,7.434382327860307e-16
NYU_0050966,176,2.0,62,2.664535259100376e-15,4.633720387954637e-16,3.170303525874058e-16,3.552713678800501e-15,3.640992909236127e-16,3.7254150381866365e-16,7.105427357601002e-15,4.952482303402246e-16,1.0197604078038477e-15
NYU_0051001,176,2.0,62,2.664535259100376e-15,4.057286005165405e-16,3.1415199659763687e-16,3.552713678800501e-15,4.31787530611642e-16,3.0099379778726473e-16,7.105427357601002e-15,4.025023437621672e-16,1.092130501260895e-15
NYU_0051039,176,2.0,62,3.552713678800501e-15,4.501263422585354e-16,4.276414613370973e-16,3.552713678800501e-15,3.940081968843175e-16,4.67116057768214e-16,1.0658141036401504e-14,4.822318496623555e-16,1.0592350042349642e-15
NYU_0051072,176,2.0,62,1.7763568394002505e-15,4.3254964740175493e-16,2.8290127442300287e-16,1.7763568394002505e-15,4.448673422437872e-16,3.4951465590051227e-16,7.105427357601002e-15,4.368973707604334e-16,8.487038232690086e-16
NYU_0051105,176,2.0,62,3.552713678800501e-15,5.356056279980724e-16,3.4046839421838136e-16,1.7763568394002505e-15,3.94927986793979e-16,4.0050267629070464e-16,7.105427357601002e-15,5.218982069094515e-16,1.0066022089934752e-15
NYU_0051159,176,2.0,62,3.552713678800501e-15,4.797406402345207e-16,4.5395785895784175e-16,3.552713678800501e-15,4.0860826120972783e-16,3.4046839421838136e-16,7.105427357601002e-15,4.2342117816726595e-16,9.93444010183103e-16
Olin_0050135,206,1.5,62,3.552713678800501e-15,4.586178320252076e-16,3.947459643111668e-16,5.3290705182007506e-15,4.675647093842695e-16,4.63826508065621e-16,1.0658141036401504e-14,6.1677152487091325e-16,1.1250259982868252e-15
Pitt_0050035,196,1.5,50,3.552713678800501e-15,4.708313694435206e-16,3.832325403520911e-16,3.552713678800501e-15,4.2713921242611437e-16,5.23038402712296e-16,7.105427357601002e-15,4.601739879782282e-16,7.631755310015891e-16
SBL_0051564,196,2.200000047683716,62,1.7763568394002505e-15,4.5200931272347665e-16,2.9482589209490267e-16,1.7763568394002505e-15,4.121367990238818e-16,3.2566542055671256e-16,7.105427357601002e-15,5.062425094022369e-16,7.204113848678795e-16
SDSU_0050194,176,2.0,51,2.664535259100376e-15,4.0669415543463992e-16,3.7130792268019126e-16,3.552713678800501e-15,4.325796645007599e-16,3.4046839421838136e-16,3.552713678800501e-15,3.781200213076879e-16,6.41462192005646e-16
Stanford_0051171,176,2.0,61,3.552713678800501e-15,4.640143446976753e-16,3.412907816440296e-16,3.552713678800501e-15,4.645529822155287e-16,3.1415199659763687e-16,5.3290705182007506e-15,3.954094621646152e-16,6.38172642303053e-16
Trinity_0050236,146,2.0,51,3.552713678800501e-15,4.4396201917303135e-16,3.1487158559507913e-16,3.552713678800501e-15,4.5668153011923305e-16,3.593833050082914e-16,7.105427357601002e-15,4.471614969074759e-16,7.631755310015891e-16
Trinity_0051134,146,2.0,62,3.552713678800501e-15,5.137867811098635e-16,3.244318394182401e-16,3.552713678800501e-15,3.660418578522899e-16,2.664535259100376e-16,7.105427357601002e-15,3.7668520795353767e-16,6.677785896263905e-16
UCLA_1_0051226,116,3.0,62,2.664535259100376e-15,4.87663442049146e-16,2.8536843669994765e-16,3.552713678800501e-15,3.6356287403589804e-16,2.845460492742993e-16,3.552713678800501e-15,3.5586963802177037e-16,5.559338997382265e-16
UCLA_1_0051272,116,3.0,62,2.664535259100376e-15,4.732586908635622e-16,2.6049121707408763e-16,1.7763568394002505e-15,3.9026412582799334e-16,2.89480373828189e-16,5.3290705182007506e-15,7.152176210406163e-16,5.690920985485987e-16
UCLA_2_0051316,116,3.0,62,2.664535259100376e-15,4.35368082748588e-16,2.426042905662379e-16,3.552713678800501e-15,4.673270810447607e-16,2.6563113848438933e-16,7.105427357601002e-15,4.1649127724507216e-16,5.78960747656378e-16
UM_1_0050307,296,2.0,62,3.552713678800501e-15,4.657609458721854e-16,3.0757289719245075e-16,1.7763568394002505e-15,3.462107495361642e-16,2.812564995717063e-16,5.3290705182007506e-15,4.493019857653407e-16,6.052771452771225e-16
UM_1_0050345,296,2.0,62,1.7763568394002505e-15,4.2502755727131363e-16,3.108624468950438e-16,3.552713678800501e-15,4.2591609745276965e-16,3.8076537807514628e-16,7.105427357601002e-15,5.069592707237989e-16,7.960710280275196e-16
UM_1_0050377,296,2.0,62,3.552713678800501e-15,4.237791637648501e-16,2.812564995717063e-16,3.552713678800501e-15,3.7229982431586333e-16,3.4211316906967787e-16,7.105427357601002e-15,5.334046915025141e-16,8.0593967713529895e-16
UM_2_0050424,296,2.0,62,3.552713678800501e-15,4.2697418524023797e-16,2.9359231095643033e-16,1.7763568394002505e-15,4.066970018014112e-16,2.89480373828189e-16,7.105427357601002e-15,4.390560320593992e-16,7.829128292171476e-16
USM_0050481,236,2.0,62,3.552713678800501e-15,4.656010616869055e-16,5.411309260765578e-16,3.552713678800501e-15,4.375070716972167e-16,5.181040781584064e-16,1.0658141036401504e-14,4.643836039087287e-16,1.5526674596239229e-15
USM_0050521,236,2.0,62,3.552713678800501e-15,4.89215086269703e-16,4.054370008445942e-16,3.552713678800501e-15,4.6265472399361225e-16,3.5856091758264317e-16,8.881784197001252e-15,6.330655941220744e-16,1.0131813083986617e-15
Yale_0050573,196,2.0,62,3.552713678800501e-15,3.6937415597858014e-16,2.697430756126306e-16,5.3290705182007506e-15,4.090666655680965e-16,3.478698810492157e-16,5.3290705182007506e-15,4.023905200939752e-16,6.38172642303053e-16
Yale_0050628,196,2.0,62,3.552713678800501e-15,4.480205647465988e-16,2.631639762074445e-16,1.7763568394002505e-15,3.908436615026284e-16,2.039520815607695e-16,3.552713678800501e-15,4.0626999219074044e-16,4.292862361883938e-16
Caltech_0051465,146,2.0,47,1.7763568394002505e-15,4.333357258936088e-16,2.607996123587057e-16,1.7763568394002505e-15,4.086534597913205e-16,2.541177145253136e-16,3.552713678800501e-15,3.977019745932119e-16,5.131697536045169e-16
KKI_0050782,152,2.5,62,1.7763568394002505e-15,4.4248814180129644e-16,3.0839528461809903e-16,1.7763568394002505e-15,5.5503642764717945e-16,2.9441469838207856e-16,7.105427357601002e-15,4.3800337625596734e-16,7.368591333808446e-16
KKI_0050821,152,2.5,62,3.552713678800501e-15,4.099026363663317e-16,4.292862361883938e-16,3.552713678800501e-15,3.537695037277401e-16,3.5362659302875356e-16,7.105427357601002e-15,4.3580822697520994e-16,1.0131813083986617e-15
Leuven_1_0050711,246,1.666759967803955,29,1.7763568394002505e-15,4.3787649510887584e-16,3.0387215377703358e-16,5.3290705182007506e-15,5.502244360445416e-16,3.092176720437473e-16,3.552713678800501e-15,5.452453476813091e-16,4.506683092552487e-16
Leuven_2_0050756,246,1.6667699813842771,60,3.552713678800501e-15,4.1548016259570684e-16,3.178527400130541e-16,3.552713678800501e-15,3.7947535568245156e-16,3.503370433261605e-16,7.105427357601002e-15,4.002962421876576e-16,6.019875955745295e-16
MaxMun_c_0051343,116,3.0,62,3.552713678800501e-15,4.3241323351449763e-16,3.116848343206921e-16,5.3290705182007506e-15,4.586607747085971e-16,3.552713678800501e-16,5.3290705182007506e-15,3.935018618847726e-16,7.56596431596403e-16
NYU_0050967,176,2.0,62,3.552713678800501e-15,4.222127674034483e-16,2.705654630382789e-16,1.7763568394002505e-15,3.887297053490579e-16,2.796117247204098e-16,5.3290705182007506e-15,4.317945951680718e-16,8.289665250534502e-16
NYU_0051002,176,2.0,62,3.552713678800501e-15,4.441796054323133e-16,5.625129991434126e-16,3.552713678800501e-15,4.2038714530460023e-16,6.480412914108321e-16,1.0658141036401504e-14,4.731204482620845e-16,1.203975191149059e-15
NYU_0051040,176,2.0,62,2.664535259100376e-15,4.015317759075136e-16,2.8701321155124416e-16,5.3290705182007506e-15,5.548922303402285e-16,3.569161427313466e-16,7.105427357601002e-15,4.735802534751432e-16,1.0394977060194058e-15
NYU_0051073,176,2.0,62,3.552713678800501e-15,5.053625876214027e-16,3.474586873363916e-16,3.552713678800501e-15,3.875280501152432e-16,4.646488954912692e-16,7.105427357601002e-15,4.824144229285765e-16,9.144948173208697e-16
NYU_0051106,176,2.0,62,2.664535259100376e-15,4.521674194879399e-16,3.1250722174634037e-16,3.552713678800501e-15,4.22665187791863e-16,2.557624893766101e-16,7.105427357601002e-15,3.9848519932107797e-16,8.09229226837892e-16
Olin_0050102,206,1.5,62,3.552713678800501e-15,5.39636146790128e-16,3.018161852129129e-16,3.552713678800501e-15,4.248220702802509e-16,3.8816686490598067e-16,7.105427357601002e-15,5.279468731021636e-16,8.783097705923461e-16
Olin_0050136,206,1.5,62,2.664535259100376e-15,4.817501271891238e-16,3.3142213253625046e-16,3.552713678800501e-15,4.363722334333033e-16,3.848773152033876e-16,7.105427357601002e-15,6.382971478124133e-16,9.144948173208697e-16
Pitt_0050036,196,1.5,62,1.7763568394002505e-15,6.351689217493302e-16,2.0312969413512122e-16,1.7763568394002505e-15,3.8531780515180136e-16,2.508281648227205e-16,5.3290705182007506e-15,4.643693752905979e-16,5.559338997382265e-16
SBL_0051565,196,2.200000047683716,62,1.7763568394002505e-15,5.178446780155169e-16,1.9737298215558335e-16,3.552713678800501e-15,4.47872734661736e-16,2.590520390792032e-16,3.552713678800501e-15,4.032840871154821e-16,6.842263381393557e-16
SDSU_0050196,176,2.0,62,1.7763568394002505e-15,4.3735192938785996e-16,3.4087958793120553e-16,2.664535259100376e-15,4.203620886992476e-16,2.3766996601234834e-16,5.3290705182007506e-15,4.145430292361042e-16,6.546203908160182e-16
Stanford_0051172,176,2.0,62,1.7763568394002505e-15,4.266400375384747e-16,4.054370008445942e-16,3.552713678800501e-15,4.790096463626534e-16,3.8981163975727723e-16,5.3290705182007506e-15,4.335560009766205e-16,7.434382327860307e-16
Trinity_0050237,146,2.0,62,2.664535259100376e-15,4.399400538635353e-16,2.796117247204098e-16,1.7763568394002505e-15,3.884452138348757e-16,3.116848343206921e-16,5.3290705182007506e-15,4.548316279997483e-16,7.927814783249266e-16
Trinity_0051135,146,2.0,62,1.7763568394002505e-15,5.213961577081002e-16,2.993490229359681e-16,1.7763568394002505e-15,4.403898019809578e-16,2.812564995717063e-16,5.3290705182007506e-15,4.745931549968436e-16,6.283039931952737e-16
UCLA_1_0051227,116,3.0,62,3.552713678800501e-15,4.845978701088141e-16,4.51490696680897e-16,3.552713678800501e-15,4.394898521809628e-16,5.592234494408196e-16,7.105427357601002e-15,4.25818578222989e-16,7.56596431596403e-16
UCLA_1_0051273,116,3.0,62,1.3322676295501878e-15,4.4366531966702775e-16,1.5131928631928062e-16,1.7763568394002505e-15,3.9543892297684455e-16,1.784580713656733e-16,3.552713678800501e-15,3.984094788190825e-16,4.3422056074228333e-16
UCLA_2_0051317,116,3.0,62,2.664535259100376e-15,4.52415815618982e-16,2.680983007613341e-16,3.552713678800501e-15,4.233914409279282e-16,2.8536843669994765e-16,7.105427357601002e-15,4.249881782473221e-16,6.41462192005646e-16
UM_1_0050310,296,2.0,62,1.7763568394002505e-15,4.440603472625758e-16,2.4589384026883096e-16,1.7763568394002505e-15,4.653176455254594e-16,2.796117247204098e-16,7.105427357601002e-15,4.404965500425255e-16,6.875158878419487e-16
UM_1_0050346,296,2.0,62,3.552713678800501e-15,4.87244857949231e-16,2.5987442650485144e-16,1.7763568394002505e-15,4.4026998612648623e-16,2.8290127442300287e-16,5.3290705182007506e-15,5.025250430315944e-16,7.894919286223335e-16
UM_1_0050379,296,2.0,62,1.7763568394002505e-15,6.300396626123592e-16,2.7303262531522373e-16,1.7763568394002505e-15,3.980311349611391e-16,2.5494010195096187e-16,7.105427357601002e-15,4.837893906300852e-16,8.355456244586365e-16
UM_2_0050425,296,2.0,62,1.7763568394002505e-15,3.852907518670402e-16,2.7426620645369607e-16,3.552713678800501e-15,3.6480386918719566e-16,3.79942990649498e-16,7.105427357601002e-15,6.221420797686399e-16,6.90805437544542e-16
USM_0050482,236,2.0,62,1.7763568394002505e-15,5.033722962182603e-16,2.6604233219721345e-16,1.7763568394002505e-15,3.5323779397160636e-16,2.8043411214605813e-16,7.105427357601002e-15,4.54988076611115e-16,8.68441121484567e-16
USM_0050523,236,2.0,62,5.3290705182007506e-15,4.4345647464925963e-16,6.299487680465703e-16,3.552713678800501e-15,4.0398638963663503e-16,4.868533559837725e-16,7.105427357601002e-15,4.116320731231901e-16,1.052655904829778e-15
Yale_0050574,196,2.0,62,3.552713678800501e-15,4.490676519185155e-16,2.783781435819374e-16,1.7763568394002505e-15,3.938762620185548e-16,2.3026847918151394e-16,3.552713678800501e-15,4.958913043699545e-16,4.506683092552487e-16
Caltech_0051468,146,2.0,29,1.7763568394002505e-15,4.801323175330986e-16,2.354084005918156e-16,3.552713678800501e-15,3.2917445577762893e-16,2.8043411214605813e-16,5.3290705182007506e-15,4.119713637659181e-16,5.394861512252612e-16
KKI_0050783,152,2.5,57,1.7763568394002505e-15,5.070808784465046e-16,2.6892068818698234e-16,3.552713678800501e-15,5.94793022528437e-16,3.042833474898577e-16,5.3290705182007506e-15,4.703453257173057e-16,6.677785896263905e-16
KKI_0050822,152,2.5,62,3.552713678800501e-15,4.504333487206774e-16,3.684295666904223e-16,3.552713678800501e-15,4.2608694213240284e-16,4.1283848767542856e-16,7.105427357601002e-15,3.5195255868610795e-16,9.046261682130906e-16
Leuven_2_0050722,246,1.6519099473953247,62,2.664535259100376e-15,4.1807385259044453e-16,2.800229184332339e-16,1.7763568394002505e-15,4.143011058039995e-16,2.919475361051337e-16,5.3290705182007506e-15,5.609746035737861e-16,6.102114698310119e-16
Leuven_2_0050757,246,1.6664899587631226,42,2.664535259100376e-15,4.652915669097435e-16,2.619303950689721e-16,2.664535259100376e-15,4.947276405704933e-16,3.380012319414365e-16,3.552713678800501e-15,4.618098215105102e-16,6.102114698310119e-16
MaxMun_c_0051344,116,3.0,62,3.552713678800501e-15,4.3745682230670536e-16,3.1291841545916453e-16,7.105427357601002e-15,4.71460851405019e-16,4.531354715321935e-16,7.105427357601002e-15,4.0876727055436784e-16,7.697546304067752e-16
NYU_0050968,176,2.0,62,3.552713678800501e-15,4.662721006704384e-16,3.3224451996189873e-16,3.552713678800501e-15,4.227705762527887e-16,3.3635645709014e-16,1.0658141036401504e-14,4.565369370758717e-16,1.276345284606106e-15
NYU_0051003,176,2.0,62,2.664535259100376e-15,6.839412342373583e-16,3.1579677144893343e-16,2.664535259100376e-15,4.637639620552794e-16,3.355340696644917e-16,5.3290705182007506e-15,5.409883607806747e-16,8.881784197001252e-16
NYU_0051041,176,2.0,62,3.552713678800501e-15,4.3789123446435514e-16,3.4992584961333643e-16,1.7763568394002505e-15,4.570774927645687e-16,3.5856091758264317e-16,7.105427357601002e-15,5.553294604209163e-16,9.539694137519865e-16
NYU_0051074,176,2.0,62,2.664535259100376e-15,4.302720370248904e-16,3.199087085771747e-16,1.7763568394002505e-15,4.562883372276459e-16,3.1661915887458166e-16,7.105427357601002e-15,4.39477780475912e-16,1.0394977060194058e-15
NYU_0051107,176,2.0,62,2.664535259100376e-15,4.1973118402156483e-16,3.67607179264774e-16,3.552713678800501e-15,3.971331991318935e-16,3.371788445157883e-16,7.105427357601002e-15,4.28677611257877e-16,1.046076805424592e-15
Olin_0050103,206,1.5,62,5.3290705182007506e-15,5.632646716411609e-16,4.704056074708071e-16,5.3290705182007506e-15,4.62555178972073e-16,5.477100254817439e-16,1.4210854715202004e-14,4.1512178167231053e-16,1.0197604078038477e-15
Pitt_0050003,196,1.5,62,7.105427357601002e-15,4.014858417449482e-16,5.139921410301651e-16,1.0658141036401504e-14,5.448173895862666e-16,6.085666949797155e-16,1.0658141036401504e-14,4.158515886472481e-16,9.473903143468002e-16
Pitt_0050037,196,1.5,62,3.552713678800501e-15,5.69604192965088e-16,3.273101954080091e-16,1.7763568394002505e-15,4.4228571037111613e-16,2.606968139304997e-16,7.105427357601002e-15,4.049248761393832e-16,6.3488309260046e-16
SBL_0051566,196,2.200000047683716,62,1.7763568394002505e-15,4.805988119578793e-16,2.722102378895754e-16,1.7763568394002505e-15,4.4306420125049095e-16,2.4918338997142403e-16,7.105427357601002e-15,6.624070161675756e-16,7.237009345704725e-16
SDSU_0050197,176,2.0,62,3.552713678800501e-15,4.688049744483511e-16,4.292862361883938e-16,3.552713678800501e-15,4.493181191636234e-16,4.0132506371635287e-16,7.105427357601002e-15,4.971952994372308e-16,6.38172642303053e-16
Stanford_0051173,176,2.0,62,1.7763568394002505e-15,4.27368114203252e-16,3.0099379778726473e-16,3.552713678800501e-15,4.872944364325837e-16,2.845460492742993e-16,3.552713678800501e-15,4.725421966914826e-16,5.296175021174821e-16
Trinity_0050239,146,2.0,62,3.552713678800501e-15,3.9714497113813935e-16,3.73775084957136e-16,3.552713678800501e-15,3.875111178968263e-16,4.5395785895784175e-16,7.105427357601002e-15,3.9476447220402734e-16,8.454142735664155e-16
Trinity_0051136,146,2.0,62,7.105427357601002e-15,4.09138093160044e-16,8.026501274327057e-16,7.105427357601002e-15,4.21478377534596e-16,8.207426507969677e-16,1.4210854715202004e-14,4.521965043819652e-16,1.677670348322459e-15
UCLA_1_0051229,116,3.0,62,1.7763568394002505e-15,4.192792921941047e-16,2.0888640611465911e-16,3.552713678800501e-15,5.784002632968457e-16,2.7714456244346497e-16,5.3290705182007506e-15,5.245443357214816e-16,5.065906541993307e-16
UCLA_1_0051274,116,3.0,62,3.552713678800501e-15,4.292963345419004e-16,5.115249787532203e-16,5.3290705182007506e-15,5.341981647108145e-16,4.967220050915515e-16,1.0658141036401504e-14,4.1488254968572564e-16,1.203975191149059e-15
UM_1_0050272,296,2.0,62,3.552713678800501e-15,4.079163601793837e-16,4.0296983856764943e-16,2.664535259100376e-15,3.558118816210829e-16,3.20731096002823e-16,1.0658141036401504e-14,4.3180557912554884e-16,1.1316050976920117e-15
UM_1_0050311,296,2.0,62,5.3290705182007506e-15,4.9892629174859005e-16,5.625129991434126e-16,7.105427357601002e-15,3.433559157035746e-16,4.736951571734001e-16,1.4210854715202004e-14,4.577904277239574e-16,1.111867799476453e-15
UM_1_0050347,296,2.0,62,3.552713678800501e-15,3.698052350996241e-16,2.7591098130499263e-16,1.7763568394002505e-15,4.4220524012802513e-16,2.450714528431827e-16,5.3290705182007506e-15,4.459712150553608e-16,7.829128292171476e-16
UM_1_0050380,296,2.0,62,2.664535259100376e-15,4.051851716640924e-16,4.169504248036699e-16,3.552713678800501e-15,4.6147327181506825e-16,3.6185046728523623e-16,7.105427357601002e-15,3.689472156803738e-16,9.079157179156837e-16
UM_2_0050426,296,2.0,62,3.552713678800501e-15,5.933406552538794e-16,3.310109388234263e-16,3.552713678800501e-15,4.85311704738572e-16,3.297773576849539e-16,7.105427357601002e-15,4.964779036726116e-16,7.829128292171476e-16
USM_0050483,236,2.0,62,3.552713678800501e-15,4.590491905232476e-16,4.63826508065621e-16,3.552713678800501e-15,4.4249739204607565e-16,4.917876805376619e-16,1.0658141036401504e-14,4.955682664773062e-16,1.2368706881749892e-15
USM_0050524,236,2.0,62,3.552713678800501e-15,4.851867732680045e-16,4.2023997450626296e-16,2.664535259100376e-15,4.009977465329082e-16,2.993490229359681e-16,1.0658141036401504e-14,4.3586576469637507e-16,1.2960825828216642e-15
Yale_0050575,196,2.0,58,1.7763568394002505e-15,4.740810311146055e-16,2.409595157149414e-16,1.7763568394002505e-15,4.3083006295321797e-16,2.1628789294549344e-16,5.3290705182007506e-15,4.689967706855052e-16,5.921189464667501e-16
Caltech_0051470,146,2.0,53,1.7763568394002505e-15,3.596052614803033e-16,1.7496292480666822e-16,1.7763568394002505e-15,3.7970417036171824e-16,2.705654630382789e-16,3.552713678800501e-15,4.318137464753276e-16,4.736951571734001e-16
KKI_0050784,152,2.5,62,5.3290705182007506e-15,5.648620048337962e-16,5.764935853794331e-16,3.552713678800501e-15,4.3601122968180357e-16,4.325757858909869e-16,7.105427357601002e-15,4.527172573201544e-16,1.0362081563168128e-15
KKI_0050823,152,2.5,62,3.552713678800501e-15,4.256023496876027e-16,3.6431762956218097e-16,3.552713678800501e-15,4.2787130548313673e-16,3.750086660956084e-16,5.3290705182007506e-15,4.458690315187756e-16,7.302800339756585e-16
Leuven_2_0050723,246,1.651520013809204,62,1.7763568394002505e-15,4.628698692577676e-16,2.886579864025407e-16,3.552713678800501e-15,5.046637025853458e-16,2.812564995717063e-16,5.3290705182007506e-15,4.2793611188715237e-16,4.506683092552487e-16
MaxMun_a_0051318,116,3.0,62,2.664535259100376e-15,5.477524225861621e-16,2.524729396740171e-16,3.552713678800501e-15,5.198708661594344e-16,2.574072642279066e-16,7.105427357601002e-15,5.202196649015211e-16,6.644890399237975e-16
MaxMun_c_0051345,116,3.0,56,2.664535259100376e-15,4.1618904869499824e-16,2.105311809659556e-16,1.7763568394002505e-15,3.9465665337596974e-16,2.73855012740872e-16,7.105427357601002e-15,4.525606257952673e-16,6.513308411134251e-16
NYU_0050969,176,2.0,62,3.552713678800501e-15,4.922785556821596e-16,3.8981163975727723e-16,3.552713678800501e-15,3.962616163251631e-16,3.8816686490598067e-16,7.105427357601002e-15,4.764002475682848e-16,9.013366185104977e-16
NYU_0051006,176,2.0,62,2.664535259100376e-15,4.803003683312409e-16,2.8290127442300287e-16,3.552713678800501e-15,4.4229802879574414e-16,3.1250722174634037e-16,5.3290705182007506e-15,3.8434365401830247e-16,1.0131813083986617e-15
NYU_0051042,176,2.0,44,3.552713678800501e-15,4.19899108365632e-16,3.8117657178797044e-16,3.552713678800501e-15,4.875051093873718e-16,4.375101104448765e-16,7.105427357601002e-15,5.183836176153138e-16,9.079157179156837e-16
NYU_0051075,176,2.0,62,3.552713678800501e-15,4.368646121055661e-16,3.865220900546841e-16,3.552713678800501e-15,4.1602794760538896e-16,5.000115547941446e-16,1.0658141036401504e-14,4.463323565343434e-16,1.1513423959075697e-15
NYU_0051109,176,2.0,62,3.552713678800501e-15,5.970723185482444e-16,2.886579864025407e-16,3.552713678800501e-15,4.112663974520968e-16,4.375101104448765e-16,7.105427357601002e-15,3.804290217791795e-16,8.15808326243078e-16
Olin_0050104,206,1.5,59,1.7763568394002505e-15,4.429876189641635e-16,2.8043411214605813e-16,1.7763568394002505e-15,4.4302629820645423e-16,2.796117247204098e-16,3.552713678800501e-15,3.774067174349281e-16,6.842263381393557e-16
Pitt_0050004,196,1.5,62,2.664535259100376e-15,4.676378301796822e-16,2.1587669923266928e-16,1.7763568394002505e-15,3.9088604662394063e-16,2.61519201356148e-16,3.552713678800501e-15,3.714897305946226e-16,6.480412914108321e-16
Pitt_0050038,196,1.5,62,2.664535259100376e-15,4.74127320415907e-16,2.574072642279066e-16,2.664535259100376e-15,4.880530795213389e-16,3.092176720437473e-16,5.3290705182007506e-15,4.2785482472214846e-16,6.217248937900876e-16
SBL_0051567,196,2.200000047683716,62,1.7763568394002505e-15,4.585290771631097e-16,2.631639762074445e-16,2.664535259100376e-15,4.10879573590284e-16,2.845460492742993e-16,5.3290705182007506e-15,4.2709003856678276e-16,5.888293967641571e-16
SDSU_0050198,176,2.0,49,2.664535259100376e-15,4.95294969955581e-16,2.800229184332339e-16,3.552713678800501e-15,4.353163769786156e-16,3.3059974511060223e-16,5.3290705182007506e-15,4.423756374153356e-16,6.891606626932453e-16
Stanford_0051174,236,2.0,62,1.7763568394002505e-15,4.077383178575893e-16,3.190863211515265e-16,1.7763568394002505e-15,6.190812239043608e-16,3.1415199659763687e-16,5.3290705182007506e-15,4.827012530212428e-16,5.954084961693432e-16
Trinity_0050240,146,2.0,38,3.552713678800501e-15,4.494775740681747e-16,3.421388686767294e-16,3.552713678800501e-15,4.148505616221811e-16,3.6431762956218097e-16,5.3290705182007506e-15,4.797959937829404e-16,6.842263381393557e-16
Trinity_0051137,146,2.0,62,3.552713678800501e-15,4.076302623594223e-16,3.2648780798236084e-16,3.552713678800501e-15,3.681454903304176e-16,3.462251061979192e-16,7.105427357601002e-15,4.06013399396401e-16,8.256769753508571e-16
UCLA_1_0051230,116,3.0,62,1.7763568394002505e-15,5.072644479510534e-16,2.319132540328105e-16,1.7763568394002505e-15,4.763607614540366e-16,2.796117247204098e-16,5.3290705182007506e-15,5.522977911192856e-16,4.144832625267251e-16
UCLA_1_0051275,116,3.0,62,1.7763568394002505e-15,4.65262920441122e-16,2.977042480846716e-16,3.552713678800501e-15,5.412337059166129e-16,3.2237587085411955e-16,5.3290705182007506e-15,5.20335119552304e-16,5.82250297358971e-16
UM_1_0050273,296,2.0,62,1.7763568394002505e-15,3.9978433844661136e-16,2.541177145253136e-16,1.7763568394002505e-15,3.4605162254147547e-16,1.9655059472993512e-16,7.105427357601002e-15,5.314542253102744e-16,8.09229226837892e-16
UM_1_0050312,296,2.0,62,5.3290705182007506e-15,6.310858910474278e-16,5.526443500356335e-16,5.3290705182007506e-15,4.3424435398539855e-16,4.967220050915515e-16,7.105427357601002e-15,4.02067106720747e-16,1.322398980442409e-15
UM_1_0050348,296,2.0,62,3.552713678800501e-15,4.428812219783698e-16,2.993490229359681e-16,1.7763568394002505e-15,4.4196259261628925e-16,2.631639762074445e-16,7.105427357601002e-15,5.260672655802045e-16,8.223874256482641e-16
UM_1_0050381,296,2.0,62,2.664535259100376e-15,4.770169823762387e-16,4.243519116345043e-16,1.7763568394002505e-15,4.210579394526703e-16,3.4211316906967787e-16,7.105427357601002e-15,4.262124679596917e-16,1.0394977060194058e-15
UM_2_0050427,296,2.0,62,3.552713678800501e-15,4.857274726926531e-16,3.429355564953261e-16,3.552713678800501e-15,4.4187317846394443e-16,2.33558028884107e-16,5.3290705182007506e-15,4.304262161737116e-16,5.921189464667501e-16
USM_0050485,236,2.0,62,3.552713678800501e-15,5.118377305771641e-16,3.7665344094690494e-16,2.664535259100376e-15,4.789453473366749e-16,3.20731096002823e-16,7.105427357601002e-15,4.994284273101308e-16,8.421247238638226e-16
USM_0050525,236,2.0,62,1.7763568394002505e-15,4.637649723026571e-16,2.306796728943381e-16,1.7763568394002505e-15,4.795634650664026e-16,2.384923534379966e-16,7.105427357601002e-15,5.234475828944812e-16,9.210739167260555e-16
Yale_0050576,196,2.0,62,1.7763568394002505e-15,4.226727517772927e-16,1.990177570068799e-16,1.7763568394002505e-15,4.437660133867494e-16,2.524729396740171e-16,3.552713678800501e-15,4.892917077164701e-16,4.605369583630279e-16
Caltech_0051472,146,2.0,29,1.7763568394002505e-15,3.9199528675314246e-16,2.2924049489945363e-16,3.552713678800501e-15,4.755896345157679e-16,2.7303262531522373e-16,7.105427357601002e-15,4.4357266933156684e-16,6.809367884367627e-16
KKI_0050785,152,2.5,62,7.105427357601002e-15,4.141790763909557e-16,4.0625938827024254e-16,3.552713678800501e-15,3.994464168908145e-16,3.684295666904223e-16,7.105427357601002e-15,5.524007486302398e-16,8.289665250534502e-16
KKI_0050824,152,2.5,62,3.552713678800501e-15,4.073515269080304e-16,2.9523708580772683e-16,2.664535259100376e-15,4.826752748173613e-16,3.6185046728523623e-16,7.105427357601002e-15,5.486509988697583e-16,9.408112149416142e-16
Leuven_2_0050724,246,1.6505000591278076,62,2.664535259100376e-15,5.188163271826242e-16,2.541177145253136e-16,1.7763568394002505e-15,3.5047410377138943e-16,2.2533415462762437e-16,3.552713678800501e-15,4.179379795289993e-16,5.460652506304475e-16
MaxMun_a_0051319,116,3.0,58,1.7763568394002505e-15,3.950506072551655e-16,1.784580713656733e-16,2.664535259100376e-15,5.721461376120497e-16,2.294460917558657e-16,5.3290705182007506e-15,4.777792104159362e-16,5.954084961693432e-16
MaxMun_c_0051346,116,3.0,62,1.7763568394002505e-15,4.912681639701901e-16,2.2039983007373478e-16,2.664535259100376e-15,4.885269028958346e-16,3.1250722174634037e-16,7.105427357601002e-15,4.3009701153299584e-16,9.408112149416142e-16
NYU_0050970,176,2.0,62,1.7763568394002505e-15,3.988563380259971e-16,2.9523708580772683e-16,3.552713678800501e-15,3.90349698865516e-16,3.1579677144893343e-16,1.0658141036401504e-14,4.92928378238593e-16,8.026501274327057e-16
NYU_0051007,176,2.0,62,2.664535259100376e-15,4.655737649846128e-16,3.5609375530569834e-16,1.7763568394002505e-15,4.137333256901163e-16,3.190863211515265e-16,1.0658141036401504e-14,4.835502849960019e-16,9.86864910777917e-16
NYU_0051044,176,2.0,62,3.552713678800501e-15,4.1122829894709373e-16,2.7303262531522373e-16,3.552713678800501e-15,4.2689605734399996e-16,3.6020569243393973e-16,1.0658141036401504e-14,6.048396638670222e-16,1.052655904829778e-15
NYU_0051076,176,2.0,62,3.552713678800501e-15,4.338172617911959e-16,3.733638912443119e-16,3.552713678800501e-15,4.187461980045959e-16,3.832325403520911e-16,1.0658141036401504e-14,4.3611652179419723e-16,1.223712489364617e-15
NYU_0051110,176,2.0,60,2.664535259100376e-15,4.1440634002424316e-16,3.182639337258782e-16,1.7763568394002505e-15,4.2825171734571073e-16,3.5280420560310533e-16,7.105427357601002e-15,4.315765199453449e-16,1.052655904829778e-15
Olin_0050105,206,1.5,51,2.664535259100376e-15,4.549061153299228e-16,3.297773576849539e-16,2.664535259100376e-15,3.7484251414198364e-16,3.380012319414365e-16,5.3290705182007506e-15,4.28482099681256e-16,7.237009345704725e-16
Pitt_0050005,196,1.5,62,2.664535259100376e-15,4.1102943718167224e-16,3.733638912443119e-16,5.3290705182007506e-15,4.871028642287127e-16,3.4375794392097437e-16,7.105427357601002e-15,4.454030080237899e-16,6.447517417082391e-16
Pitt_0050040,196,1.5,61,1.7763568394002505e-15,4.466245440298045e-16,2.2780131690456915e-16,1.7763568394002505e-15,4.930352410894672e-16,2.3438041630975528e-16,3.552713678800501e-15,4.133909217784193e-16,5.296175021174821e-16
SBL_0051568,196,2.200000047683716,62,3.552713678800501e-15,4.489034807796011e-16,3.3573966652090383e-16,3.552713678800501e-15,5.028450191734407e-16,3.503370433261605e-16,7.105427357601002e-15,4.652652166526454e-16,8.454142735664155e-16
SDSU_0050199,176,2.0,28,2.664535259100376e-15,4.238613054937518e-16,2.8516283984353557e-16,3.552713678800501e-15,4.667848793811324e-16,2.664535259100376e-16,5.3290705182007506e-15,4.780559152904037e-16,5.345518266713717e-16
Stanford_0051175,176,2.0,62,5.3290705182007506e-15,4.3900420111873075e-16,5.345518266713717e-16,3.552713678800501e-15,4.422002697515076e-16,5.72381648251192e-16,1.4210854715202004e-14,6.810746282547483e-16,1.0394977060194058e-15
Trinity_0050241,146,2.0,62,1.7763568394002505e-15,4.317334550683305e-16,2.8043411214605813e-16,2.664535259100376e-15,4.2265254986314793e-16,3.782982157982015e-16,3.552713678800501e-15,3.4682068609671087e-16,6.38172642303053e-16
Trinity_0051138,146,2.0,62,1.7763568394002505e-15,4.81227647206842e-16,2.8536843669994765e-16,3.552713678800501e-15,3.9183432415141085e-16,3.552713678800501e-16,7.105427357601002e-15,4.1778349454341093e-16,7.401486830834377e-16
UCLA_1_0051231,116,3.0,62,2.664535259100376e-15,4.562982873796513e-16,2.722102378895754e-16,3.552713678800501e-15,4.442850520557734e-16,3.388236193670848e-16,7.105427357601002e-15,5.8927294872750215e-16,7.5330688189381e-16
UCLA_1_0051276,116,3.0,62,2.664535259100376e-15,5.60384899201833e-16,2.084752124018349e-16,1.7763568394002505e-15,3.909238448572589e-16,2.327356414584587e-16,3.552713678800501e-15,4.4327752314753276e-16,5.033011044967376e-16
UM_1_0050274,296,2.0,62,3.552713678800501e-15,5.083319000707508e-16,4.070817756958907e-16,3.552713678800501e-15,5.353876223937885e-16,3.848773152033876e-16,1.0658141036401504e-14,5.298533839930369e-16,1.4737182667616892e-15
UM_1_0050314,296,2.0,62,2.664535259100376e-15,4.286344362596631e-16,2.7632217501781674e-16,2.664535259100376e-15,5.443757016945465e-16,2.7303262531522373e-16,7.105427357601002e-15,5.276249391348238e-16,8.881784197001252e-16
UM_1_0050349,296,2.0,62,1.7763568394002505e-15,4.851966282169628e-16,2.796117247204098e-16,3.552713678800501e-15,4.4119159509891077e-16,3.2319825827976783e-16,1.0658141036401504e-14,5.272583599531828e-16,6.611994902212045e-16
UM_2_0050382,296,2.0,62,1.7763568394002505e-15,5.015183377433215e-16,2.820788869973546e-16,3.552713678800501e-15,4.2890706676926576e-16,2.5494010195096187e-16,5.3290705182007506e-15,3.951188978317384e-16,7.368591333808446e-16
UM_2_0050428,296,2.0,62,5.3290705182007506e-15,4.27153332021783e-16,2.7549978759216847e-16,1.7763568394002505e-15,3.636446784473923e-16,2.319132540328105e-16,5.3290705182007506e-15,3.952211571625202e-16,6.151457943849015e-16
USM_0050486,236,2.0,62,3.552713678800501e-15,5.794866158003233e-16,4.926100679633103e-16,3.552713678800501e-15,4.103163131233319e-16,5.181040781584064e-16,1.0658141036401504e-14,4.243790883837178e-16,1.4079272727098282e-15
USM_0050526,232,2.0,62,1.7763568394002505e-15,4.5750134839697675e-16,2.8701321155124416e-16,1.7763568394002505e-15,4.803493034060799e-16,3.067505097668025e-16,7.105427357601002e-15,5.569450209941194e-16,8.289665250534502e-16
Yale_0050577,196,2.0,62,2.664535259100376e-15,5.592689406336697e-16,3.034609600642094e-16,3.552713678800501e-15,3.771288238630168e-16,2.722102378895754e-16,5.3290705182007506e-15,5.6166762903308e-16,5.26327952414889e-16
Caltech_0051473,146,2.0,6,1.7763568394002505e-15,4.706053345726896e-16,2.38495565888878e-16,2.664535259100376e-15,4.445015289142092e-16,2.96059473233375e-16,3.552713678800501e-15,4.339853339566772e-16,6.167905692361982e-16
KKI_0050786,152,2.5,62,3.552713678800501e-15,5.269926457884132e-16,3.2237587085411955e-16,3.552713678800501e-15,4.511434995955179e-16,3.79942990649498e-16,7.105427357601002e-15,4.431359966991738e-16,9.27653016131242e-16
KKI_0050825,152,2.5,62,5.3290705182007506e-15,4.649719309023675e-16,2.475386151201275e-16,2.664535259100376e-15,3.9068501390320365e-16,2.8701321155124416e-16,7.105427357601002e-15,3.900912667500999e-16,7.829128292171476e-16
Leuven_2_0050725,246,1.650990009307861,40,2.664535259100376e-15,4.611380909974183e-16,2.9585387637696303e-16,2.664535259100376e-15,4.262370258438343e-16,3.3388929481319524e-16,3.552713678800501e-15,4.053563950221199e-16,5.016563296454412e-16
MaxMun_a_0051320,116,3.0,41,1.7763568394002505e-15,4.349616827656686e-16,1.74346134237432e-16,2.664535259100376e-15,4.347014242303624e-16,2.0724163126336256e-16,7.105427357601002e-15,5.477073593858019e-16,8.68441121484567e-16
MaxMun_c_0051347,116,3.0,62,3.552713678800501e-15,4.984656023711651e-16,3.462251061979192e-16,3.552713678800501e-15,5.620896191664505e-16,4.021474511420012e-16,7.105427357601002e-15,4.4307894220230513e-16,1.0131813083986617e-15
NYU_0050972,176,2.0,25,2.664535259100376e-15,3.9143084810190874e-16,3.4375794392097437e-16,3.552713678800501e-15,4.161397656779312e-16,4.07904163121539e-16,7.105427357601002e-15,4.2592128837245047e-16,1.2072647408516516e-15
NYU_0051008,176,2.0,62,5.3290705182007506e-15,6.319849350097078e-16,4.942548428146067e-16,3.552713678800501e-15,4.433767602577199e-16,5.444204757791508e-16,7.105427357601002e-15,4.502612652674028e-16,1.0987096006660808e-15
NYU_0051045,176,2.0,62,3.552713678800501e-15,4.228879778471951e-16,3.824101529264428e-16,3.552713678800501e-15,4.822203050524787e-16,4.161280373780216e-16,1.0658141036401504e-14,6.213217493496656e-16,1.0000231095882892e-15
NYU_0051077,176,2.0,62,3.552713678800501e-15,4.3616247902819773e-16,4.778070943016416e-16,3.552713678800501e-15,4.100939827101321e-16,5.312622769687787e-16,7.105427357601002e-15,4.57320452368917e-16,1.052655904829778e-15
NYU_0051111,176,2.0,62,1.7763568394002505e-15,3.857266769397778e-16,3.182639337258782e-16,3.552713678800501e-15,4.019200814976278e-16,3.454027187722709e-16,1.0658141036401504e-14,6.731826277413975e-16,1.0658141036401502e-15
Olin_0050106,206,1.5,62,3.552713678800501e-15,4.2230044698494295e-16,4.654712829169174e-16,3.552713678800501e-15,3.906937757728513e-16,5.329070518200751e-16,7.105427357601002e-15,3.856104405207968e-16,8.618620220793807e-16
Pitt_0050006,196,1.5,62,3.552713678800501e-15,5.215864445771391e-16,2.7549978759216847e-16,3.552713678800501e-15,4.177263259802211e-16,2.911251486794855e-16,3.552713678800501e-15,4.104492331295761e-16,5.197488530097029e-16
Pitt_0050041,196,1.5,62,1.7763568394002505e-15,4.513670139468333e-16,1.9038268903757314e-16,2.664535259100376e-15,4.578718123695372e-16,2.3520280373540355e-16,3.552713678800501e-15,4.0361681967127557e-16,5.72381648251192e-16
SBL_0051569,196,2.200000047683716,62,3.552713678800501e-15,4.551779263259405e-16,2.5329532709966536e-16,3.552713678800501e-15,5.002806516509785e-16,2.524729396740171e-16,5.3290705182007506e-15,3.7205156931250364e-16,7.631755310015891e-16
SDSU_0050200,176,2.0,41,2.664535259100376e-15,4.4196916417738316e-16,2.4301548427906207e-16,1.7763568394002505e-15,4.0902671283348973e-16,2.5658487680225843e-16,3.552713678800501e-15,4.037992692592992e-16,6.052771452771225e-16
Stanford_0051177,176,2.0,62,1.7763568394002505e-15,4.273747628245883e-16,3.20731096002823e-16,1.7763568394002505e-15,4.896000549662553e-16,2.796117247204098e-16,5.3290705182007506e-15,4.5966928971926685e-16,5.329070518200751e-16
Trinity_0050243,146,2.0,62,1.7763568394002505e-15,5.201617939122485e-16,2.820788869973546e-16,3.552713678800501e-15,3.7836388349655007e-16,3.7007434154171886e-16,5.3290705182007506e-15,4.2492310550711637e-16,7.631755310015891e-16
Trinity_0051139,146,2.0,62,3.552713678800501e-15,4.366278051405365e-16,2.347916100225794e-16,3.552713678800501e-15,4.53659445375897e-16,2.977042480846716e-16,5.3290705182007506e-15,5.629761766342506e-16,6.480412914108321e-16
UCLA_1_0051234,116,3.0,62,1.7763568394002505e-15,4.3169581730800384e-16,1.9490581987863862e-16,1.7763568394002505e-15,3.615077333309493e-16,1.784580713656733e-16,3.552713678800501e-15,3.883324608872041e-16,4.473787595526556e-16
UCLA_1_0051277,116,3.0,62,1.7763568394002505e-15,4.951798333696036e-16,2.5329532709966536e-16,2.664535259100376e-15,4.620522070146769e-16,2.516505522483688e-16,3.552713678800501e-15,4.285713053479642e-16,3.9145641460857374e-16
UM_1_0050275,296,2.0,62,3.552713678800501e-15,4.388223974606256e-16,3.569161427313466e-16,3.552713678800501e-15,4.388836028705976e-16,3.8981163975727723e-16,1.0658141036401504e-14,4.548285158235289e-16,8.68441121484567e-16
UM_1_0050315,296,2.0,62,1.7763568394002505e-15,4.648421061630138e-16,2.820788869973546e-16,2.664535259100376e-15,4.12887262192694e-16,2.5329532709966536e-16,7.105427357601002e-15,4.6598874717107945e-16,8.026501274327057e-16
UM_1_0050350,296,2.0,62,1.7763568394002505e-15,4.723446794402533e-16,2.495945836842481e-16,1.7763568394002505e-15,4.1989419695373846e-16,2.7138785046392723e-16,5.3290705182007506e-15,5.02186411450792e-16,6.743576890315766e-16
UM_2_0050385,296,2.0,62,1.7763568394002505e-15,4.742834053104365e-16,3.3964600679273313e-16,3.552713678800501e-15,4.390437669707375e-16,3.1415199659763687e-16,7.105427357601002e-15,4.255862695262083e-16,6.710681393289835e-16
USM_0050433,236,2.0,62,1.7763568394002505e-15,4.883566728663585e-16,2.7632217501781674e-16,3.552713678800501e-15,4.2255169048509687e-16,3.042833474898577e-16,7.105427357601002e-15,4.639382684827565e-16,9.144948173208697e-16
USM_0050487,236,2.0,62,3.552713678800501e-15,6.61668334076378e-16,4.761623194503449e-16,3.552713678800501e-15,3.632756352882047e-16,4.8356380628117935e-16,7.105427357601002e-15,4.188086339689548e-16,1.0394977060194058e-15
USM_0050527,236,2.0,62,1.7763568394002505e-15,4.512800332342458e-16,2.500057773970723e-16,1.7763568394002505e-15,4.281457915748175e-16,2.64808751058741e-16,7.105427357601002e-15,4.455040215625458e-16,7.697546304067752e-16
Yale_0050578,196,2.0,62,3.552713678800501e-15,4.3690524864305975e-16,2.812564995717063e-16,2.664535259100376e-15,4.351239859943881e-16,3.454027187722709e-16,3.552713678800501e-15,3.863357304145295e-16,5.85539847061564e-16
Caltech_0051474,146,2.0,48,1.7763568394002505e-15,4.949742344751506e-16,2.483610025457757e-16,3.552713678800501e-15,4.4037661094722166e-16,3.1415199659763687e-16,5.3290705182007506e-15,4.576453733671918e-16,5.26327952414889e-16
KKI_0050787,152,2.5,62,5.3290705182007506e-15,6.236925225481101e-16,3.939235768855185e-16,3.552713678800501e-15,4.0286681817056077e-16,4.605369583630279e-16,1.0658141036401504e-14,4.452487726347167e-16,1.0394977060194058e-15
Leuven_1_0050682,246,1.6666500568389893,15,3.552713678800501e-15,3.5330737619504494e-16,3.2371225042079796e-16,3.552713678800501e-15,4.232646447912929e-16,4.778070943016416e-16,5.3290705182007506e-15,3.682843883314385e-16,6.694233644776869e-16
Leuven_2_0050726,246,1.651020050048828,62,2.664535259100376e-15,5.797332281590708e-16,2.874244052640683e-16,1.7763568394002505e-15,4.79839948130539e-16,3.2237587085411955e-16,5.3290705182007506e-15,4.142573472185428e-16,5.921189464667501e-16
MaxMun_a_0051321,116,3.0,51,1.7763568394002505e-15,4.555054270442086e-16,2.4671622769447924e-16,1.7763568394002505e-15,4.4265696569980263e-16,2.294460917558657e-16,3.552713678800501e-15,3.664405510623095e-16,4.868533559837725e-16
MaxMun_c_0051348,116,3.0,62,2.664535259100376e-15,3.710700892568559e-16,3.3635645709014e-16,3.552713678800501e-15,3.784114015289388e-16,3.289549702593056e-16,7.105427357601002e-15,4.5297967073464405e-16,7.960710280275196e-16
NYU_0050973,176,2.0,62,2.664535259100376e-15,5.494629924478751e-16,3.0716170347962664e-16,3.552713678800501e-15,4.795661756850851e-16,3.0757289719245075e-16,7.105427357601002e-15,4.352993651353366e-16,9.86864910777917e-16
NYU_0051009,176,2.0,62,3.552713678800501e-15,4.1853000172343405e-16,3.001714103616164e-16,3.552713678800501e-15,4.809663631954002e-16,4.1941758708061473e-16,7.105427357601002e-15,4.208469266143541e-16,1.1513423959075697e-15
NYU_0051046,176,2.0,62,1.7763568394002505e-15,4.850523318883993e-16,2.6604233219721345e-16,2.664535259100376e-15,4.322415009659246e-16,2.2615654205327265e-16,7.105427357601002e-15,5.101096065283869e-16,7.993605777301127e-16
NYU_0051078,176,2.0,62,1.7763568394002505e-15,4.754080883025588e-16,3.6020569243393973e-16,2.664535259100376e-15,4.1809677686587773e-16,2.96059473233375e-16,5.3290705182007506e-15,4.0698279798654125e-16,8.09229226837892e-16
NYU_0051112,176,2.0,48,3.552713678800501e-15,4.759976109843602e-16,4.050258071317701e-16,3.552713678800501e-15,4.441095481835727e-16,3.758310535212567e-16,7.105427357601002e-15,4.811763185994818e-16,9.473903143468002e-16
Olin_0050107,206,1.5,62,1.7763568394002505e-15,5.538919720534588e-16,2.606968139304997e-16,2.664535259100376e-15,4.2635037636250635e-16,2.8783559897689243e-16,5.3290705182007506e-15,4.904960676413164e-16,6.710681393289835e-16
Pitt_0050007,196,1.5,62,3.552713678800501e-15,3.989771906784585e-16,4.161280373780216e-16,3.552713678800501e-15,4.0190743745707652e-16,4.490235344039522e-16,7.105427357601002e-15,4.3429605489342415e-16,1.1250259982868252e-15
Pitt_0050042,196,1.5,56,1.7763568394002505e-15,4.236340556150113e-16,2.524729396740171e-16,1.7763568394002505e-15,4.491822905961935e-16,3.092176720437473e-16,7.105427357601002e-15,4.67273367404254e-16,5.690920985485987e-16
SBL_0051570,196,2.200000047683716,62,3.552713678800501e-15,5.129179688590462e-16,3.001714103616164e-16,3.552713678800501e-15,4.930972897179984e-16,3.2155348342847127e-16,7.105427357601002e-15,4.302495947988727e-16,7.434382327860307e-16
SDSU_0050201,176,2.0,62,5.3290705182007506e-15,4.279026654812725e-16,4.0749296940871493e-16,3.552713678800501e-15,4.537208029422531e-16,4.161280373780216e-16,5.3290705182007506e-15,5.008434174550398e-16,6.579099405186112e-16
Stanford_0051178,176,2.0,62,2.664535259100376e-15,4.359789605525825e-16,3.355340696644917e-16,3.552713678800501e-15,4.440127987298813e-16,3.4211316906967787e-16,1.0658141036401504e-14,4.235950222627903e-16,8.552829226741946e-16
Trinity_0050245,146,2.0,62,3.552713678800501e-15,5.843806455126972e-16,3.388236193670848e-16,3.552713678800501e-15,3.5901442856078336e-16,3.371788445157883e-16,7.105427357601002e-15,4.0261412980233936e-16,7.862023789197405e-16
Trinity_0051140,146,2.0,62,2.664535259100376e-15,4.242100468800611e-16,3.096288657565714e-16,1.7763568394002505e-15,4.484167096848832e-16,3.1497438402328515e-16,3.552713678800501e-15,4.0062532011714014e-16,7.401486830834377e-16
UCLA_1_0051235,116,3.0,62,1.7763568394002505e-15,5.52490279367705e-16,1.74346134237432e-16,2.664535259100376e-15,4.194883417643022e-16,2.0641924383771428e-16,3.552713678800501e-15,4.185847125156064e-16,4.967220050915515e-16
UCLA_1_0051278,116,3.0,62,3.552713678800501e-15,4.698996845663317e-16,3.4046839421838136e-16,1.7763568394002505e-15,3.692299463112149e-16,3.1250722174634037e-16,7.105427357601002e-15,3.5803158219439275e-16,7.039636363549141e-16
UM_1_0050276,296,2.0,62,1.7763568394002505e-15,4.909066653670216e-16,2.541177145253136e-16,1.7763568394002505e-15,4.1150860975354566e-16,2.105311809659556e-16,3.552713678800501e-15,3.5352021116234156e-16,5.72381648251192e-16
UM_1_0050316,296,2.0,62,3.552713678800501e-15,5.155611481558075e-16,4.852085811324758e-16,3.552713678800501e-15,4.2768842690069487e-16,5.986980458719362e-16,1.0658141036401504e-14,4.320571600686391e-16,9.73706711967545e-16
UM_1_0050351,296,2.0,62,1.7763568394002505e-15,4.384283583345556e-16,2.3314683517128293e-16,1.7763568394002505e-15,4.385327849530227e-16,2.129983432429004e-16,3.552713678800501e-15,3.645976180634907e-16,6.184353440874946e-16
UM_2_0050386,296,2.0,62,1.7763568394002505e-15,4.3156037874243535e-16,2.475386151201275e-16,1.7763568394002505e-15,3.0899739859720644e-16,1.8421478334521115e-16,7.105427357601002e-15,4.732989502935821e-16,6.38172642303053e-16
USM_0050434,236,2.0,60,3.552713678800501e-15,4.299212864611225e-16,3.388236193670848e-16,3.552713678800501e-15,5.024487357013638e-16,4.57247408660435e-16,7.105427357601002e-15,5.102822563424538e-16,1.046076805424592e-15
USM_0050488,236,2.0,62,3.552713678800501e-15,4.4095779724459427e-16,4.3093101103969037e-16,3.552713678800501e-15,4.452239685451141e-16,4.769847068759932e-16,7.105427357601002e-15,4.2232656727201587e-16,1.105288700071267e-15
USM_0050528,236,2.0,62,1.7763568394002505e-15,4.312998973819039e-16,2.590520390792032e-16,1.7763568394002505e-15,4.23439762706742e-16,2.96059473233375e-16,7.105427357601002e-15,4.693528842718976e-16,8.223874256482641e-16
Yale_0050601,196,2.0,62,3.552713678800501e-15,5.836966194510114e-16,3.3059974511060223e-16,3.552713678800501e-15,4.730780276381646e-16,3.3059974511060223e-16,1.0658141036401504e-14,6.360576672456905e-16,6.677785896263905e-16
