source,band,roi,cohen_d,hedges_g,mwu_p,fdr_q,fdr_sig,univar_auc,univar_auc_dev,mutual_info
M1,slow5,0,0.07555839161899391,0.07549884993923112,0.3409452073694317,0.5606927604268556,False,0.5178312669294634,0.017831266929463352,0.0
M1,slow5,1,0.0703915465425086,0.07033607645067054,0.47537932141569705,0.6734225133828339,False,0.5133651919223061,0.013365191922306119,0.02938794205622486
M1,slow5,2,0.08670886594494102,0.08664053744537842,0.4942014155164298,0.684278883022749,False,0.512801427029884,0.01280142702988396,0.0
M1,slow5,3,0.16772441144211467,0.16759224090512326,0.02926908393438751,0.16364965266392512,False,0.5408134951221124,0.04081349512211241,0.004195216401536861
M1,slow5,4,0.16470549061171955,0.16457569905095382,0.11267060850525419,0.3168860864210274,False,0.5297011605628841,0.029701160562884077,0.017598532973846837
M1,slow5,5,0.1561478582302637,0.15602481027263543,0.08994365261477269,0.28373070761093505,False,0.5317492127111365,0.03174921271113651,0.0
M1,slow5,6,0.22970197818472304,0.22952096795762714,0.0012656556203058363,0.028477251456881316,True,0.5603558765883415,0.06035587658834152,0.0
M1,slow5,7,0.2064733527784798,0.20631064722073475,0.011227283449652478,0.1010455510468723,False,0.5474729679138497,0.047472967913849695,0.03163336507083092
M1,slow5,8,0.229408663945904,0.22922788485690015,0.0065425065572064945,0.07360319876857306,False,0.5509128146402695,0.05091281464026953,0.02246734650481974
M1,slow5,9,0.3286378028483438,0.3283788290084318,1.4860198776544116e-05,0.0013374178898889705,True,0.5810830452113017,0.08108304521130172,0.006046599611108983
M1,slow5,10,0.10465603189437675,0.10457356063204863,0.03127979412600516,0.16364965266392512,False,0.5403202008412429,0.04032020084124288,0.0010448112759871009
M1,slow5,11,0.03636746008877292,0.036338801727788854,0.6798764959903387,0.794660839469227,False,0.5077275429980841,0.0077275429980840915,0.00030465927797385106
M1,slow5,12,0.11136880672925666,0.11128104565224385,0.05897679942426395,0.2211629978409898,False,0.5353564271399943,0.03535642713999432,0.009127251796922087
M1,slow5,13,0.11270019992759801,0.11261138968336823,0.09142433911907909,0.28373070761093505,False,0.5316038670748089,0.03160386707480889,0.024871115998518434
M1,slow5,14,0.12864722793301822,0.12854585107885508,0.04478183924429347,0.2015182765993206,False,0.5375718469906846,0.03757184699068461,0.0023797617114744707
M1,slow5,15,0.21062854681502208,0.21046256687269346,0.0016181814469096599,0.02912726604437388,True,0.5590257437952828,0.0590257437952828,0.0
M1,slow5,16,-0.008393950482935758,-0.008387335864745896,0.8154742684823744,0.895032733700167,False,0.5043713801228832,0.004371380122883184,0.005350627785836393
M1,slow5,17,0.005072467194790576,0.005068469978719031,0.9797301721455537,0.9907383763269644,False,0.5004778788345923,0.0004778788345922713,0.0
M1,slow5,18,0.03614937442546444,0.03612088792079504,0.5172125005850656,0.697568717541803,False,0.5121275518069105,0.012127551806910497,0.005819504292302602
M1,slow5,19,0.04313030013009838,0.04309631250194228,0.6024730115916102,0.7427749457978755,False,0.5097535730802264,0.009753573080226396,0.0
M1,slow5,20,0.12695436436105972,0.1268543215207437,0.08764968233052499,0.28373070761093505,False,0.5319782421986831,0.03197824219868306,0.0
M1,slow5,21,0.1668209486051516,0.16668949001681027,0.01979721342448464,0.13705763140027827,False,0.5436279151710013,0.043627915171001286,0.0
M1,slow5,22,-0.04256984590196818,-0.04253629992411005,0.2780341339367045,0.5200385495272402,False,0.4796890484265234,0.02031095157347662,0.014197357957799861
M1,slow5,23,0.0478735926283976,0.047835867181093894,0.8940727582164011,0.9466652734056011,False,0.5024951000902904,0.002495100090290414,0.004087849774392138
M1,slow5,24,-0.04094007270185492,-0.040907811021238805,0.13552288052554376,0.339886707428134,False,0.4720517958994913,0.02794820410050869,0.0
M1,slow5,25,0.05458260477583716,0.054539592478929484,0.6951102989065996,0.8020503448922303,False,0.49266004536545616,0.007339954634543844,0.011917487400235682
M1,slow5,26,0.0999077330732561,0.09982900357516843,0.3769090560438365,0.5951195621744787,False,0.5165451782686252,0.016545178268625227,0.0
M1,slow5,27,0.20959949794588376,0.20943432891676958,0.014279768159452323,0.11683446675915538,False,0.5458741659142461,0.04587416591424609,0.0
M1,slow5,28,0.002315883191153594,0.0023140582240998874,0.7642183057038838,0.8491314507820932,False,0.5056178290647229,0.005617829064722857,0.00557833012693143
M1,slow5,29,-0.07430381138044052,-0.07424525833758754,0.22821884046764684,0.4714720378273608,False,0.4774383932700566,0.022561606729943395,0.0
M1,slow5,30,-0.02357383399863919,-0.023555257297300625,0.5607164157730088,0.700895519716261,False,0.489105683895263,0.010894316104737012,0.0
M1,slow5,31,0.027969578813769824,0.027947538168526506,0.9598483517355852,0.9816630870023032,False,0.4990552533638706,0.0009447466361294232,0.0
M1,slow5,32,0.012253196916539116,0.012243541127006777,0.4788782317389041,0.6734225133828339,False,0.513259486004977,0.01325948600497695,0.005300702505781851
M1,slow5,33,-0.0007937567097925264,-0.0007931312119912714,0.9923042641860811,0.9923042641860811,False,0.500182783148715,0.00018278314871500445,0.01472710208091943
M1,slow5,34,-0.08849803400806723,-0.08842829560459357,0.14907700908606414,0.36261975183096684,False,0.47298553150256556,0.02701446849743444,0.010731394727921506
M1,slow5,35,-0.028891658321581377,-0.02886889105734057,0.3128642234514374,0.541495771358257,False,0.481102865070801,0.018897134929198978,0.0
M1,slow5,36,0.14516188896315638,0.1450474981917118,0.062899565258811,0.2264384349317196,False,0.5348234931401264,0.03482349314012645,0.005035483427036969
M1,slow5,37,0.17824083170810082,0.178100373999899,0.06766958709692114,0.23424087841241933,False,0.5342112797022617,0.03421127970226168,0.0039809233408449884
M1,slow5,38,0.14937868265792612,0.14926096896000812,0.024858376365528675,0.1598038480641129,False,0.5420070911052876,0.04200709110528755,0.03243538928082934
M1,slow5,39,0.11521455379276516,0.11512376218221136,0.17645310334342734,0.3970194825227115,False,0.5253099605805016,0.02530996058050161,0.019852234053535867
M1,slow5,40,0.09371165710464767,0.09363781025113731,0.1359546829712536,0.339886707428134,False,0.5279173732079544,0.0279173732079544,0.026035725186620118
M1,slow5,41,0.15151751528650848,0.15139811614128665,0.051710929852312196,0.21200797552110054,False,0.5364266995529521,0.03642669955295208,0.013478824967862568
M1,slow5,42,0.040527357811794076,0.04049542135961772,0.34887549537671014,0.5606927604268556,False,0.5175405756568081,0.01754057565680811,0.0
M1,slow5,43,0.05323688668620107,0.05319493484484079,0.45142525815735535,0.6734225133828339,False,0.5141007289303883,0.014100728930388273,0.016111708884821718
M1,slow5,44,0.1288010905880733,0.12869959248674306,0.03155788412712839,0.16364965266392512,False,0.5402541346429122,0.040254134642912165,0.0
M1,slow5,45,0.07770529683766515,0.0776440633492194,0.24384196687526827,0.48768393375053654,False,0.5218216653086393,0.02182166530863927,0.011921854975357915
M1,slow5,46,0.024809214745412297,0.024789664536787073,0.465398525864148,0.6734225133828339,False,0.5136690964346275,0.013669096434627548,0.022753222262515305
M1,slow5,47,0.05585764181229362,0.05581362475806802,0.3039261241286574,0.5363402190505718,False,0.5192494879869629,0.01924948798696291,0.01343286101142871
M1,slow5,48,0.08226428739949888,0.08219946132589802,0.2882689845655544,0.5200385495272402,False,0.5198837234909379,0.01988372349093792,0.011011616849526007
M1,slow5,49,0.03529024035197122,0.0352624308639082,0.5283839590538975,0.697568717541803,False,0.511806029641701,0.011806029641700966,0.006740149169345733
M1,slow5,50,0.068827783402186,0.06877354559020633,0.26967926548260135,0.5164071041156196,False,0.5206677090444626,0.02066770904446258,0.017834165402373037
M1,slow5,51,0.10761647919711158,0.10753167503698777,0.16918987511931016,0.3904381733522542,False,0.5257415930762623,0.025741593076262337,0.030431658999535705
M1,slow5,52,0.011443957812482652,0.01143493972121986,0.9594734240573368,0.9816630870023032,False,0.5009535554625735,0.0009535554625734743,0.0
M1,slow5,53,-0.03393857481586021,-0.03391183047006363,0.7511529788111345,0.8450471011625262,False,0.4940606487700676,0.005939351229932388,0.0
M1,slow5,54,0.04451158619672268,0.044476510084668526,0.4390826737454081,0.6734225133828339,False,0.5144883172939285,0.014488317293928521,0.0
M1,slow5,55,-0.011913611354625358,-0.011904223166008632,0.8821781151544914,0.9466652734056011,False,0.4972230174634984,0.0027769825365016043,0.030189187747408086
M1,slow5,56,-0.025644309645010424,-0.025624101363178265,0.5271537202617409,0.697568717541803,False,0.4881587350525226,0.011841264947477392,0.0
M1,slow5,57,-0.05458782744573675,-0.054544811033249964,0.2889103052929112,0.5200385495272402,False,0.48014270298839434,0.019857297011605657,0.0
M1,slow5,58,0.08141043527284911,0.08134628205356396,0.1338062573605696,0.339886707428134,False,0.528071527670726,0.02807152767072596,0.02780333838828808
M1,slow5,59,0.07256106965917178,0.07250388993524808,0.33820896128820765,0.5606927604268556,False,0.5179325684335704,0.017932568433570384,0.0
M1,slow5,60,0.0988246056575378,0.0987467296877525,0.19905813015441365,0.4316891956874486,False,0.5240458939857737,0.024045893985773725,0.0
M1,slow5,61,0.187238659186428,0.18709111099163966,0.00907600765779515,0.0907600765779515,False,0.5488515492523509,0.04885154925235091,0.007229172039081355
M1,slow5,62,0.05904330187064575,0.05899677444600379,0.6565901175226247,0.7775409286452135,False,0.5083265431962827,0.008326543196282676,0.014749768539028096
M1,slow5,63,0.07497509623311256,0.07491601420298402,0.536260955825135,0.697568717541803,False,0.5115814045673766,0.011581404567376552,0.01890831381392566
M1,slow5,64,-0.009552175471727131,-0.009544648146690309,0.5503042105052002,0.697568717541803,False,0.4888149926226079,0.011185007377392087,0.0
M1,slow5,65,0.21598047577075363,0.21581027839031963,0.0021880148381772896,0.03282022257265934,True,0.5573564711841265,0.057356471184126456,0.018800711618365495
M1,slow5,66,0.04274730170832672,0.04271361589137768,0.4592379950715946,0.6734225133828339,False,0.5138584862031756,0.013858486203175646,0.0
M1,slow5,67,0.00784788236727517,0.007841698062809233,0.8879364349992275,0.9466652734056011,False,0.502640445726618,0.0026404457266180348,0.0
M1,slow5,68,-0.0368270225183233,-0.036798002012004685,0.34453546597718476,0.5606927604268556,False,0.4823008654671982,0.017699134532801808,0.018669940938667917
M1,slow5,69,-0.046554418013071246,-0.04651773210447151,0.1547250892142931,0.366454158665431,False,0.47335550221321765,0.02664449778678235,0.004902579992246636
M1,slow5,70,0.022389057739058936,0.022371414667554556,0.7408227258947186,0.8439752573484136,False,0.5061948071968112,0.006194807196811203,0.0
M1,slow5,71,0.04692900484126194,0.04689202374997647,0.619625408534592,0.7535984698393687,False,0.5092955141051334,0.009295514105133407,0.004432781330623969
M1,slow5,72,0.11174936822758375,0.11166130725971331,0.1202230211923498,0.3278809668882267,False,0.5290933515382412,0.02909335153824122,0.04010086311182093
M1,slow5,73,0.08803521804705694,0.08796584435277242,0.09931693922838715,0.29795081768516146,False,0.5308595212402828,0.030859521240282795,0.0
M1,slow5,74,0.15824997580893968,0.158125271336277,0.05616229757914371,0.21976551226621452,False,0.5357572287432008,0.03575722874320075,0.0
M1,slow5,75,0.17166083753532949,0.17152556500772087,0.037023279849156016,0.17537343086442322,False,0.5390473254200709,0.039047325420070944,0.0035883532103375693
M1,slow5,76,0.06656538066504522,0.06651292567634148,0.448462166336679,0.6734225133828339,False,0.5141932216080513,0.014193221608051254,0.0
M1,slow5,77,0.06826413514434979,0.06821034149963398,0.5452903677957741,0.697568717541803,False,0.5113259486004977,0.011325948600497737,0.009428654604799247
M1,slow5,78,0.06677132964915537,0.06671871236810797,0.20145495798747604,0.4316891956874486,False,0.5239181660023343,0.023918166002334318,0.0
M1,slow5,79,-0.020983993059906603,-0.02096745721037161,0.9356874006170315,0.9792077448317772,False,0.4984870840582264,0.0015129159417736071,0.0
M1,slow5,80,0.04662280879447609,0.04658606899243159,0.6528536100476183,0.7775409286452135,False,0.5084234402871677,0.008423440287167683,0.0
M1,slow5,81,0.0653292382616551,0.06527775738044024,0.2658196631603478,0.5164071041156196,False,0.5208350767469004,0.02083507674690044,0.024053015327792915
M1,slow5,82,0.05048686987963094,0.05044708511219231,0.23049744071559863,0.4714720378273608,False,0.5224514963993923,0.022451496399392257,0.0
M1,slow5,83,0.10131991636181557,0.10124007403213724,0.1075381698577009,0.3122075899094542,False,0.5301327930586448,0.030132793058644802,0.0
M1,slow5,84,0.11839710441873844,0.11830380488806962,0.0518241717940468,0.21200797552110054,False,0.5364090819000639,0.03640908190006387,0.0058684056089231
M1,slow5,85,0.18682981464350037,0.18668258862723283,0.0005339068753604485,0.016017206260813457,True,0.5648395692483869,0.06483956924838685,0.013304357148648416
M1,slow5,86,0.15555902957446185,0.15543644562680664,0.019513145624512798,0.13705763140027827,False,0.5437292166751084,0.04372921667510843,0.0
M1,slow5,87,0.2459187018237274,0.24572491246058814,0.0003037786739492071,0.013670040327714319,True,0.5676275628179437,0.06762756281794369,0.0
M1,slow5,88,0.12081125572719072,0.1207160537920235,0.03272993053278502,0.16364965266392512,False,0.5399810610231452,0.03998106102314525,0.018932279910311323
M1,slow5,89,0.17076029189061168,0.1706257290128413,0.0046776569662807695,0.06014130385218132,False,0.5529564623753,0.05295646237530005,0.011549912764426074
M1,slow4,0,0.14690000981069795,0.14678424936167456,0.11081586840078961,0.2319401896760713,False,0.5298553150256557,0.02985531502565575,0.0
M1,slow4,1,0.12953748105070415,0.1294354026574412,0.21462300978044535,0.33641955932132217,False,0.5232354819529168,0.023235481952916803,0.010011641827631035
M1,slow4,2,0.1474599658948449,0.14734376418807196,0.1292316195225109,0.2528444729788257,False,0.5284062630756017,0.02840626307560168,0.0
M1,slow4,3,0.17300943618327616,0.17287310093017666,0.010652580154652211,0.04543854308648753,True,0.5478165121451695,0.047816512145169465,0.0
M1,slow4,4,0.23742424541583573,0.23723714987177283,0.0009885667874532551,0.009885667874532551,True,0.561668391728512,0.06166839172851202,0.023868294176723426
M1,slow4,5,0.21901310529767673,0.2188405181382617,0.0021657552646119843,0.01681458139604995,True,0.5574137285560131,0.05741372855601312,0.0009339813302515765
M1,slow4,6,0.2601045040307815,0.25989953594249876,0.00041085440965251893,0.007063574898559084,True,0.5661476799753353,0.06614767997533533,0.03968603272967819
M1,slow4,7,0.22906716873019609,0.22888665874695716,0.0017063791139402009,0.015357412025461809,True,0.5587350525226277,0.05873505252262767,0.0005750007224734066
M1,slow4,8,0.2577637108336967,0.25756058734210197,0.00011636523869222437,0.004845721494096933,True,0.5721508951969874,0.07215089519698736,0.003436592293369456
M1,slow4,9,0.2707282145367737,0.27051487473020414,0.0001258869459887663,0.004845721494096933,True,0.5717897333127794,0.07178973331277938,0.024354836211520903
M1,slow4,10,0.16874876040613337,0.16861578265955643,0.038388112346046444,0.11913552107393724,False,0.5387698473870818,0.03876984738708178,0.028008011012494283
M1,slow4,11,0.10941956027170989,0.109333335243915,0.20529988241727415,0.33641955932132217,False,0.52371556299412,0.023715562994120032,0.014898900213317079
M1,slow4,12,0.17604094266619758,0.17590221851910048,0.02866399051126196,0.09554663503753986,False,0.540967649584884,0.04096764958488397,0.0
M1,slow4,13,0.18607827477642597,0.18593164099015613,0.002634415825622263,0.01693553030757169,True,0.5563082208372789,0.05630822083727893,0.012059702528114835
M1,slow4,14,0.23105467829847834,0.23087260211384597,0.002485484898101773,0.01693553030757169,True,0.5566385518289325,0.056638551828932515,0.0
M1,slow4,15,0.2399549972009819,0.23976590736867223,0.0004709049932372723,0.007063574898559084,True,0.5654694003391398,0.06546940033913984,0.0
M1,slow4,16,0.12561402242622002,0.12551503580492276,0.0995584787866652,0.21984142197650283,False,0.5308374991741726,0.030837499174172556,0.02441103275541634
M1,slow4,17,0.08776689624962851,0.08769773399884077,0.370464498775381,0.4630806234692263,False,0.5167698033429496,0.01676980334294964,0.0
M1,slow4,18,0.09982880944704121,0.09975014214251242,0.15458874827300903,0.2898539030118919,False,0.5266533066132264,0.026653306613226402,0.022645368882834305
M1,slow4,19,0.1095567180747401,0.10947038496357009,0.17713161181217119,0.3188369012619081,False,0.5252703208615032,0.02527032086150316,0.013168921596546035
M1,slow4,20,0.14402180973408274,0.1439083173702261,0.05528921768140737,0.13822304420351844,False,0.53588495672664,0.03588495672664005,0.009928556519795295
M1,slow4,21,0.20543803238325278,0.20527614268082311,0.005809797264408353,0.03028470348100426,True,0.5516439472351296,0.05164394723512955,0.019691199329908704
M1,slow4,22,0.052916990122426885,0.05287529036661725,0.7094172460372276,0.7692476161849455,False,0.5069787927503359,0.0069787927503358604,0.03804596380386949
M1,slow4,23,0.09345270085615509,0.09337905806588231,0.27070130870662723,0.3792795950988914,False,0.5206236649122421,0.0206236649122421,0.00889806930035153
M1,slow4,24,0.028629195304983063,0.028606634867390485,0.8777243177795643,0.9099099358638086,False,0.4971173115461692,0.002882688453830773,0.01269345105368802
M1,slow4,25,0.13188125467448922,0.13177732933589623,0.2899813082055721,0.38379879027208075,False,0.5198132528793852,0.01981325287938518,0.0
M1,slow4,26,0.1361720013521234,0.13606469481047476,0.10259266358903465,0.21984142197650283,False,0.5305644255544055,0.030564425554405528,0.0164257064033142
M1,slow4,27,0.23115401633795288,0.23097186187275354,0.0006088997878767211,0.007828711558414986,True,0.5641745028518576,0.06417450285185755,0.03143665858933509
M1,slow4,28,0.11226306089491511,0.11217459512588838,0.09467648785885004,0.2184842027511924,False,0.5312911537360435,0.03129115373604352,0.0
M1,slow4,29,0.04456039941958176,0.044525284841630944,0.4367208491995169,0.5171694266836384,False,0.5145631923187033,0.014563192318703289,0.03553695756983566
M1,slow4,30,0.04068702009436893,0.04065495782479102,0.8795796046683484,0.9099099358638086,False,0.5028386443216102,0.002838644321610184,0.0
M1,slow4,31,0.08368199191225657,0.08361604865621855,0.7771707638321632,0.8326829612487463,False,0.5053007113127354,0.005300711312735351,0.008199535927474688
M1,slow4,32,0.05791709844513903,0.05787145849364562,0.4086881852697487,0.4904258223236984,False,0.5154705014424453,0.015470501442445328,0.021139354532295318
M1,slow4,33,0.06308925666080764,0.06303954093451859,0.26209833770745083,0.3792795950988914,False,0.5209980400361162,0.02099804003611616,0.0
M1,slow4,34,-0.12623731247691358,-0.12613783468930373,0.014839697540556477,0.05623064773421738,False,0.45438569446585486,0.04561430553414514,0.006004874215610023
M1,slow4,35,-0.060687259124945665,-0.06063943622571403,0.21680371600707427,0.33641955932132217,False,0.47687462837763445,0.023125371622365554,0.00944390097302561
M1,slow4,36,0.16448288902943273,0.16435327288362545,0.018447206350054004,0.06640994286019442,False,0.5441212094518708,0.04412120945187081,0.01066072745576041
M1,slow4,37,0.14715203370490912,0.14703607465549626,0.04574286629579936,0.12475327171581642,False,0.5374044792882469,0.03740447928824686,0.0
M1,slow4,38,0.21295431949506846,0.21278650679255068,0.0060569406962008515,0.03028470348100426,True,0.5513884912682507,0.051388491268250736,0.0
M1,slow4,39,0.16186624581450046,0.1617386916412818,0.04428291295116122,0.12475327171581642,False,0.5376599352551257,0.037659935255125676,0.006345379273096308
M1,slow4,40,0.09473601324251744,0.09466135917376842,0.1002372831977636,0.21984142197650283,False,0.5307758373890639,0.030775837389063865,0.0
M1,slow4,41,0.17287079674911326,0.1727345707469469,0.054309503072574275,0.13822304420351844,False,0.5360303023629677,0.03603030236296767,0.0
M1,slow4,42,0.05973454315375317,0.05968747101572815,0.28923132592043244,0.38379879027208075,False,0.5198440837719395,0.01984408377193947,0.0
M1,slow4,43,0.08657185397057146,0.08650363343946778,0.27193126096374143,0.3792795950988914,False,0.5205708119535775,0.02057081195357746,0.006633826421514
M1,slow4,44,0.11786011813234981,0.11776724175872305,0.0762133206503525,0.18050523311925593,False,0.5331982646611905,0.03319826466119047,0.010266484589581015
M1,slow4,45,0.10381978531535944,0.10373797303378705,0.1361400660384922,0.2606937434779638,False,0.5279041599682883,0.027904159968288322,0.005909154671592365
M1,slow4,46,0.06333561031692939,0.06328570045852361,0.2509566693794778,0.3764350040692167,False,0.5214957387302076,0.021495738730207603,0.0
M1,slow4,47,0.04721056267217945,0.04717335970711075,0.33820896128820765,0.4287155847315309,False,0.5179325684335705,0.017932568433570495,0.028136962939765198
M1,slow4,48,0.0925781444759371,0.09250519085538868,0.1968453970518066,0.33641955932132217,False,0.524164813142769,0.02416481314276897,0.0064116638421019
M1,slow4,49,0.05230132057176779,0.052260105977148585,0.5296156584675452,0.6033596109123932,False,0.5117707943359245,0.01177079433592454,0.0
M1,slow4,50,0.08256342806051957,0.08249836625747739,0.21073767248885522,0.33641955932132217,False,0.523433680547909,0.023433680547908953,0.0
M1,slow4,51,0.0958896668187443,0.09581410364552229,0.20673424698390497,0.33641955932132217,False,0.5236406879693453,0.023640687969345264,0.00269599766574391
M1,slow4,52,0.049154267735203615,0.04911553308765814,0.6738533129499191,0.7395950995791795,False,0.5078816974608558,0.007881697460855763,0.0
M1,slow4,53,0.0012390670552903352,0.0012380906431112254,0.8090873286530111,0.8566807009267178,False,0.4954744654143452,0.0045255345856548,0.0
M1,slow4,54,0.13226289363676427,0.13215866755824832,0.06050793041534405,0.1471814523616477,False,0.535145015305336,0.03514501530533598,0.008862013000421776
M1,slow4,55,0.07425718765463467,0.07419867135230634,0.2964634068502746,0.3866914002394886,False,0.5195489880860622,0.019548988086062202,0.0
M1,slow4,56,0.03882398466308861,0.03879339050653771,0.9250291465452787,0.9460525362394896,False,0.4982360325045696,0.0017639674954303963,0.0
M1,slow4,57,0.043196084821901785,0.043162045353957026,0.9373713864937352,0.9479036492633277,False,0.5014732762227753,0.001473276222775266,0.0
M1,slow4,58,0.13520584440503491,0.13509929921637848,0.04303184351770217,0.12475327171581642,False,0.5378845603294502,0.0378845603294502,0.008867799218287287
M1,slow4,59,0.0822289171698891,0.0821641189688096,0.11347295046166976,0.23210376230796087,False,0.5296350943645532,0.02963509436455325,0.0
M1,slow4,60,0.15394737918524787,0.1538260652536598,0.022997664131852207,0.07960729891794995,False,0.5425664515844877,0.042566451584487686,0.0
M1,slow4,61,0.17488960312642438,0.1747517862602885,0.005987834216996214,0.03028470348100426,True,0.5514589618798036,0.05145896187980359,0.0
M1,slow4,62,0.10749364875280121,0.10740894138577772,0.4073552073004104,0.4904258223236984,False,0.5155145455746658,0.015514545574665806,0.0
M1,slow4,63,0.13500228497546016,0.13489590019612568,0.04851588621889827,0.12842440469708366,False,0.5369376114867097,0.03693761148670971,0.004252195050041596
M1,slow4,64,0.05718286269266622,0.057137801335146385,0.45553529636939005,0.530878675420921,False,0.5139730009469489,0.013973000946948866,0.0005623912967120948
M1,slow4,65,0.1518457807379357,0.1517261229122951,0.04548829495144575,0.12475327171581642,False,0.5374485234204673,0.03744852342046734,0.007839184289546663
M1,slow4,66,0.08248097656685661,0.0824159797374107,0.11865942669138727,0.23731885338277453,False,0.5292166751084586,0.0292166751084586,0.019014847022567727
M1,slow4,67,0.05057678456593318,0.050536928943737805,0.39000400617996656,0.48082685693420535,False,0.5160959281199762,0.016095928119976177,0.0
M1,slow4,68,0.056400592223262346,0.056356147312132905,0.46009485203146483,0.530878675420921,False,0.5138320597238433,0.01383205972384327,0.00143464347075839
M1,slow4,69,0.043395935899450275,0.04336173894444677,0.9664109499874259,0.9664109499874259,False,0.5007905921733578,0.0007905921733577514,0.04050554843190257
M1,slow4,70,0.03384300273635612,0.03381633370346695,0.6652849927112339,0.7392055474569266,False,0.5081019181219582,0.008101918121958152,0.01946092084775719
M1,slow4,71,0.04141040451371011,0.04137777220124855,0.6652849927112339,0.7392055474569266,False,0.5081019181219582,0.008101918121958152,0.02090862437879437
M1,slow4,72,0.11167550239089015,0.11158749963092884,0.19996480663110372,0.33641955932132217,False,0.5239974454403311,0.02399744544033111,0.0
M1,slow4,73,0.1037085704488598,0.10362684580705613,0.24241723996913245,0.36978901012240545,False,0.52188773150697,0.021887731506969987,0.0
M1,slow4,74,0.21829428861707956,0.21812226790106926,0.006445435424112723,0.03053100990369184,True,0.5510053073179326,0.051005307317932624,0.0
M1,slow4,75,0.17437426658199892,0.17423685581243076,0.009927057591291436,0.04467175916081146,True,0.5482745711202626,0.048274571120262566,0.02757743713514138
M1,slow4,76,0.09600638312083005,0.09593072797258669,0.2658196631603478,0.3792795950988914,False,0.5208350767469004,0.02083507674690044,0.0
M1,slow4,77,0.09663674638010185,0.09656059449170146,0.2757476733357537,0.3792795950988914,False,0.5204078486643617,0.02040784866436174,0.014128486431897125
M1,slow4,78,0.07857523772276397,0.07851331870170584,0.16722873991851273,0.30715482842175806,False,0.5258605122332577,0.025860512233257693,0.0129001982192396
M1,slow4,79,0.04123235180533341,0.041199859802334725,0.3277541744142525,0.42139822424689605,False,0.5183245612103328,0.018324561210332768,0.0
M1,slow4,80,0.10318067886110265,0.10309937020951786,0.2144492388731869,0.33641955932132217,False,0.523244290779361,0.023244290779360965,0.0
M1,slow4,81,0.08352412444609282,0.08345830559310141,0.27813836973918704,0.3792795950988914,False,0.5203065471602546,0.020306547160254595,0.0
M1,slow4,82,0.1231928590772476,0.12309578038609137,0.03098548493904715,0.09959620158979442,False,0.5403906714527957,0.040390671452795734,0.0
M1,slow4,83,0.16157269762889095,0.16144537477811957,0.011107199421141396,0.04543854308648753,True,0.5475434385254024,0.04754343852540244,0.0
M1,slow4,84,0.16999075151727236,0.1698567950542958,0.014994839395791302,0.05623064773421738,False,0.5455438349225924,0.0455438349225924,0.0
M1,slow4,85,0.20502103489867643,0.2048594737994655,0.0002153653997376415,0.004845721494096933,True,0.5692792177762117,0.06927921777621171,0.02582543556872774
M1,slow4,86,0.19149158655458923,0.19134068695919554,0.005919438974308674,0.03028470348100426,True,0.5515294324913564,0.05152943249135644,0.0
M1,slow4,87,0.26520160725953396,0.26499262254144135,0.0002061710820772441,0.004845721494096933,True,0.569486225197648,0.06948622519764802,0.015672947910861046
M1,slow4,88,0.20492147515233308,0.20475999250839902,0.0022419441861399932,0.01681458139604995,True,0.557219934374243,0.057219934374243,0.0
M1,slow4,89,0.23110261999320741,0.2309205060294618,0.0007705574019924785,0.008668770772415383,True,0.5629676936290163,0.06296769362901633,0.008955591405135799
M1,classical,0,0.1290909643877191,0.1289892378594388,0.2133222003498244,0.3831759596252613,False,0.5233015481512475,0.02330154815124752,0.006859474824504108
M1,classical,1,0.11255755493865656,0.11246885710182547,0.3035942782136366,0.46310991591910666,False,0.5192627012266291,0.019262701226629098,0.004472668147873282
M1,classical,2,0.13023426179809064,0.13013163432622454,0.25066544700641324,0.41017982237413075,False,0.5215089519698738,0.02150895196987379,0.0
M1,classical,3,0.18540489208857663,0.18525878894272274,0.01275237017446131,0.05216878707734173,False,0.5466317249884384,0.04663172498843837,0.0
M1,classical,4,0.22142619662231458,0.2212517078936918,0.0038343206118908848,0.02654529654385997,True,0.554136845118809,0.05413684511880901,0.0
M1,classical,5,0.20762002280346287,0.2074564136444373,0.0057061026903299185,0.03131569980777632,True,0.5517540575656809,0.051754057565680855,0.0
M1,classical,6,0.26135200460068264,0.2611460534544252,0.0006724678160909682,0.010087017241364522,True,0.563667995331322,0.06366799533132195,0.019688115772972692
M1,classical,7,0.23796142892331523,0.23777391006679569,0.0012583973300854339,0.012583973300854338,True,0.5603867074808959,0.06038670748089592,0.0
M1,classical,8,0.2592229276822211,0.2590186542955527,0.0002475777532986862,0.0044563995593763514,True,0.5686141513796824,0.06861415137968241,0.0020249736595365775
M1,classical,9,0.3021851580378635,0.30194702946572965,2.5689549517446586e-05,0.0023120594565701927,True,0.5787971547490585,0.07879715474905846,0.0014594221511976535
M1,classical,10,0.15635097572239257,0.15622776770369878,0.030967169799290623,0.09953733149771986,False,0.5403950758660178,0.04039507586601776,0.033381979270295625
M1,classical,11,0.08828662975904822,0.08821705794678734,0.2998501880575485,0.46310991591910666,False,0.5194124512761787,0.019412451276178744,0.014295047791430981
M1,classical,12,0.1668783579534582,0.1667468541252837,0.030875733430031336,0.09953733149771986,False,0.540417097932128,0.040417097932128,0.011276564702193292
M1,classical,13,0.17495661537717325,0.17481874570390518,0.007409167978733146,0.03509605884663069,True,0.550137637913189,0.05013763791318904,0.0021302867718402396
M1,classical,14,0.21000557369679987,0.20984008467103407,0.004535267968220095,0.02721160780932057,True,0.5531414477306261,0.053141447730626123,0.02903662884080238
M1,classical,15,0.24882282557226443,0.24862674769553295,0.00020559691019546818,0.0044563995593763514,True,0.5694994384373142,0.06949943843731421,0.02693141281573741
M1,classical,16,0.08759746459514943,0.08752843586024388,0.221390554450151,0.3831759596252613,False,0.5228963421348191,0.02289634213481906,0.0020059489359769422
M1,classical,17,0.06585925076953983,0.06580735222677424,0.5073692452498313,0.6080972328618517,False,0.5124138386663437,0.012413838666343713,0.004560994312610589
M1,classical,18,0.08515378852732398,0.08508668546307865,0.26733862269492203,0.42965135790255327,False,0.5207690105485696,0.02076901054856961,0.0
M1,classical,19,0.09170684429533654,0.09163457727855535,0.24959965044507915,0.41017982237413075,False,0.5215574005153164,0.021557400515316405,0.011806064656552318
M1,classical,20,0.15687607444478127,0.15675245263670814,0.03352530436543892,0.10057591309631676,False,0.5398004800810413,0.03980048008104131,0.021684378411893634
M1,classical,21,0.20922238865091902,0.20905751679225004,0.00436442186005591,0.02721160780932057,True,0.5533704772181727,0.053370477218172674,0.0
M1,classical,22,0.013348724006687239,0.013338204917635476,0.8769823904525024,0.8868361251766878,False,0.497099693893281,0.002900306106718986,0.01284277015990809
M1,classical,23,0.08054062878317929,0.08047716099059996,0.4532650895775,0.5972607888547667,False,0.5140434715585016,0.014043471558501608,0.012513094594383656
M1,classical,24,0.006612394358367462,0.006607183645713114,0.5182784103989613,0.6080972328618517,False,0.4879032790856438,0.012096720914356207,0.010388979773727769
M1,classical,25,0.11645682958142022,0.11636505903013462,0.49732704075368395,0.6080972328618517,False,0.5127089343522209,0.012708934352220869,0.0
M1,classical,26,0.13140961226598852,0.13130605859202005,0.14709843390454602,0.32273062458347834,False,0.5271466008940959,0.02714660089409593,0.003697869550114863
M1,classical,27,0.23290901191847457,0.2327254744780345,0.001178131062120378,0.012583973300854338,True,0.5607390605386597,0.06073906053865974,0.0
M1,classical,28,0.07514058940163765,0.07508137695924078,0.21811976819136025,0.3831759596252613,False,0.5230593054240349,0.023059305424034893,0.006637470730097128
M1,classical,29,0.0010045899228283662,0.0010037982838032847,0.9534758565580002,0.9534758565580002,False,0.5010944966856791,0.0010944966856790694,0.01982710922495179
M1,classical,30,0.01951628839593361,0.01950090913005817,0.8686433050790034,0.8868361251766878,False,0.4969014952982889,0.00309850470171108,0.0
M1,classical,31,0.07373315680446318,0.07367505345000734,0.8505343352073591,0.8798631053869231,False,0.5035301371974719,0.003530137197471861,0.00022670467957874862
M1,classical,32,0.04331890366053959,0.043284767408640026,0.422432268725347,0.5674463311236004,False,0.5150212512937964,0.01502125129379639,0.0
M1,classical,33,0.0414603232173296,0.041427651567828155,0.48474086927568516,0.6059260865946065,False,0.513083309476095,0.01308330947609504,0.04664566785173552
M1,classical,34,-0.12611560704278119,-0.1260162251617388,0.02551726523062541,0.08832899502908796,False,0.4581822986632606,0.0418177013367394,0.0032177825428747475
M1,classical,35,-0.05141716597865477,-0.05137664811736347,0.23836550484752028,0.40477161200522316,False,0.4779228787244819,0.022077121275518086,0.0
M1,classical,36,0.16953090740632684,0.16939731331065597,0.01743258165129599,0.06537218119235995,False,0.5445132022286331,0.044513202228633086,0.024562248590594304
M1,classical,37,0.17167902967017742,0.17154374280676515,0.03528842168725852,0.10245025651139571,False,0.539412891717501,0.03941289171750095,0.026985341579116584
M1,classical,38,0.2076795361741837,0.20751588011730884,0.0030512604616200747,0.022884453462150563,True,0.5554669779118677,0.05546697791186772,0.014399563205933275
M1,classical,39,0.15671336659008328,0.15658987299938976,0.05561904496574746,0.14606143519206902,False,0.5358365081811975,0.035836508181197546,0.004117003621672
M1,classical,40,0.10003135035750596,0.09995252344627073,0.07664303692539098,0.18642900873743753,False,0.533149816115748,0.033149816115747965,0.0
M1,classical,41,0.18470347152221117,0.18455792111124017,0.03336882391788847,0.10057591309631676,False,0.5398357153868176,0.03983571538681763,0.024720759995260355
M1,classical,42,0.05542256325540706,0.05537888905268412,0.34658061416314834,0.5031008915271509,False,0.5176242595080269,0.01762425950802693,0.0
M1,classical,43,0.07592177326516013,0.07586194523264227,0.3712191105841989,0.5139956915781215,False,0.5167433768636174,0.016743376863617376,0.0
M1,classical,44,0.12857275925671935,0.12847144108551625,0.06788201076904654,0.16970502692261635,False,0.5341848532229294,0.03418485322292941,0.0
M1,classical,45,0.10023883390429719,0.10015984349144905,0.20902728509084567,0.3831759596252613,False,0.5235217688123499,0.023521768812349908,0.0
M1,classical,46,0.05317020995036203,0.053128310651740784,0.3344255377575035,0.49341472783893964,False,0.518073509656676,0.01807350965667598,0.0
M1,classical,47,0.0525841949622887,0.052542757456408254,0.3592598805481064,0.5052092070207747,False,0.517166200532934,0.01716620053293405,0.0
M1,classical,48,0.09852738378049385,0.09844974202810575,0.1841015762691004,0.36820315253820074,False,0.5248695192582968,0.024869519258296835,0.01941999101122982
M1,classical,49,0.05126775627070099,0.051227356147556226,0.4645361691092631,0.5972607888547667,False,0.5136955229139598,0.013695522913959812,0.0
M1,classical,50,0.08486085669561404,0.08479398446811552,0.1946507287931032,0.37273543811445287,False,0.5242837322997643,0.024283732299764327,0.0009572004618687568
M1,classical,51,0.11006218702290586,0.10997545559105172,0.19055432056805321,0.37273543811445287,False,0.5245083573740889,0.02450835737408885,0.013417185445438795
M1,classical,52,0.04852562171793795,0.048487382457324917,0.6642596979708993,0.7380663310787771,False,0.5081283446012905,0.008128344601290527,0.0
M1,classical,53,-0.009324211394590713,-0.009316863710276615,0.7399343403383328,0.8023384413307223,False,0.49378317073707856,0.006216829262921442,0.0
M1,classical,54,0.1101086765380194,0.11002190847140157,0.11921601277731145,0.2802339589187151,False,0.5291726309762382,0.029172630976238234,0.0019885619492052697
M1,classical,55,0.04820766601045331,0.04816967730595335,0.5140215950941882,0.6080972328618517,False,0.5122200444845736,0.012220044484573589,0.004246805348627092
M1,classical,56,0.015788094254426597,0.01577565288779584,0.6379952542751451,0.7177446610595383,False,0.491188971349292,0.008811028650707986,0.002489788398452486
M1,classical,57,0.01183986154683939,0.011830531474698461,0.803622895941409,0.8429058015986614,False,0.4953423330176837,0.004657666982316289,0.0
M1,classical,58,0.12507702690604663,0.12497846344906788,0.05680166924136017,0.14606143519206902,False,0.5356647360655377,0.03566473606553766,0.0
M1,classical,59,0.08505984978624141,0.08499282074779678,0.16321572576386367,0.3338503481533575,False,0.5261071593736923,0.026107159373692346,0.0
M1,classical,60,0.1475666063356632,0.14745032059386995,0.04548829495144575,0.12793582955094115,False,0.5374485234204673,0.03744852342046734,0.033889527266136366
M1,classical,61,0.2005917364031409,0.20043366568887522,0.0021657552646119843,0.019491797381507858,True,0.5574137285560131,0.05741372855601312,0.014530296491154449
M1,classical,62,0.10125427664271981,0.10117448603858843,0.5202609658929176,0.6080972328618517,False,0.5120394635424695,0.012039463542469542,0.0
M1,classical,63,0.12257536614647074,0.12247877405336871,0.12248465549806668,0.2802339589187151,False,0.5289171750093594,0.02891717500935942,0.0012296254683856755
M1,classical,64,0.026851930573605534,0.026830770659835947,0.7809604401146135,0.8367433286942287,False,0.5052082186350724,0.00520821863507237,5.804429541700351e-05
M1,classical,65,0.18777490972822689,0.18762693895617943,0.010042557112483133,0.045191507006174095,True,0.5481996960954877,0.04819969609548769,0.02159963969392842
M1,classical,66,0.0722105667159629,0.07215366319609216,0.20353802466324444,0.38163379624358335,False,0.5238080556717831,0.023808055671783124,0.018860980664483717
M1,classical,67,0.037106439677854805,0.03707719898464924,0.4605236157667112,0.5972607888547667,False,0.5138188464841772,0.013818846484177194,0.010422318967867827
M1,classical,68,0.03224174862436284,0.03221634141504498,0.8054433215276098,0.8429058015986614,False,0.5046136228500957,0.0046136228500957,0.0025424295235130234
M1,classical,69,0.020099156489729167,0.020083317910935053,0.7180160801629394,0.7880664294471286,False,0.49323702349754456,0.006762976502455442,0.0
M1,classical,70,0.03635085460039122,0.036322209324898394,0.5900754920600834,0.6808563369924039,False,0.510088308485102,0.010088308485102004,0.0
M1,classical,71,0.04651040528447032,0.046473754058871844,0.6234472989087614,0.7102564164783357,False,0.5091942126010263,0.009194212601026264,0.007004927347553425
M1,classical,72,0.1261083338361115,0.12600895768651646,0.1245484261860956,0.2802339589187151,False,0.5287586161333657,0.028758616133365722,0.0
M1,classical,73,0.10363723268203216,0.1035555642559628,0.16180024174542285,0.3338503481533575,False,0.5261952476381334,0.026195247638133412,0.0
M1,classical,74,0.2190530629651501,0.21888044431821144,0.005915187741468861,0.03131569980777632,True,0.5515338369045784,0.051533836904578356,0.022789851277910778
M1,classical,75,0.17835816039963953,0.17821761023383997,0.011302920149426814,0.048441086354686344,True,0.5474289237816292,0.04742892378162922,0.012027441902848546
M1,classical,76,0.08021749697308507,0.08015428381550187,0.3999385633998239,0.5453707682724872,False,0.5157611927151006,0.01576119271510057,0.0
M1,classical,77,0.08646132442349218,0.08639319099211039,0.3552054450007227,0.5052092070207747,False,0.5173115461692616,0.01731154616926156,0.0021098538504640274
M1,classical,78,0.08092217887869736,0.080858410416224,0.15060762480562323,0.32273062458347834,False,0.5269131669933272,0.026913166993327242,0.020545990907115286
M1,classical,79,0.020683339877199138,0.020667040949005917,0.4845938309080333,0.6059260865946065,False,0.5130877138893171,0.013087713889317065,0.0008097461431233466
M1,classical,80,0.09223368399417857,0.09216100181609017,0.31648744874346724,0.47473117311520086,False,0.5187561937060935,0.018756193706093494,0.0
M1,classical,81,0.08227616138934273,0.08221132595877587,0.2779299247306035,0.43883672325884765,False,0.5203153559866986,0.020315355986698647,0.019349438473511116
M1,classical,82,0.10470569198627662,0.10462318159070036,0.05540896576295286,0.14606143519206902,False,0.5358673390737518,0.035867339073751836,0.0
M1,classical,83,0.14807301760460123,0.14795633279955425,0.018447206350054004,0.06640994286019442,False,0.5441212094518708,0.04412120945187081,0.0
M1,classical,84,0.15980471259603574,0.15967878295648016,0.013974785297620742,0.054683942468950725,False,0.5460195115505737,0.04601951155057371,0.0
M1,classical,85,0.20747843864779678,0.20731494106020987,0.00014745469793974928,0.004423640938192478,True,0.5710586007179194,0.07105860071791936,0.0
M1,classical,86,0.1932741569621128,0.19312185266190626,0.006817474883540159,0.034087374417700794,True,0.5506573586733907,0.05065735867339072,0.004215872549157229
M1,classical,87,0.27692081802588653,0.27670259831113014,7.727402138681877e-05,0.0034773309624068446,True,0.5740051531634698,0.07400515316346978,0.0
M1,classical,88,0.1856345184332398,0.1854882343367597,0.0029615512778838793,0.022884453462150563,True,0.5556387500275276,0.055638750027527606,0.007068983341911306
M1,classical,89,0.22460258635543234,0.22442559456161404,0.0009306336552304447,0.01196528985296286,True,0.5619855094804995,0.06198550948049952,0.0
M2,slow5,0,0.19704983956573155,0.19689455994432437,0.022271432000471235,0.049465844908674415,True,0.5427954810720341,0.042795481072034125,0.0
M2,slow5,1,0.19592144606203485,0.19576705563960614,0.015966331921541038,0.03891220698988661,True,0.5451166068400538,0.04511660684005381,0.010102364210713866
M2,slow5,2,0.20361245202322292,0.20345200091839769,0.05800514317313781,0.0932225515282572,False,0.5354929639498778,0.035492963949877776,0.011396307555156637
M2,slow5,3,0.24804884710310438,0.24785337913848413,0.0036793563360503424,0.013797586260188783,True,0.5543790878460217,0.054379087846021745,0.003714138085158636
M2,slow5,4,0.27597613282575884,0.27575865754378426,0.0025029406482620937,0.012514703241310468,True,0.5565989121099342,0.056598912109934174,0.04643828049021126
M2,slow5,5,0.2688951068925254,0.2686832116152263,0.0004505642682381159,0.005091309222017657,True,0.5656896210002422,0.06568962100024223,0.008517587272147242
M2,slow5,6,0.24791248008294403,0.24771711957854456,0.01315467966546843,0.034821210879181136,True,0.5464247175670021,0.04642471756700206,0.02396676136451159
M2,slow5,7,0.2602119645524844,0.2600069117829395,0.002397993577669743,0.012514703241310468,True,0.5568411548371468,0.0568411548371468,0.0
M2,slow5,8,0.28068210119747394,0.28046091750858704,0.0006057418451138746,0.005451676606024872,True,0.5642009293311898,0.06420092933118982,0.008738126978313554
M2,slow5,9,0.35433414235708416,0.35405491923465937,1.0794187244403009e-05,0.0004857384259981354,True,0.5823911559382502,0.0823911559382502,0.038435350085118
M2,slow5,10,0.19637293504721573,0.19621818884150477,0.018168632964876207,0.04303097281154891,True,0.5442269153691999,0.04422691536919987,0.0
M2,slow5,11,0.17269604376281236,0.17255995546985506,0.034457359394018366,0.06470272193725805,False,0.5395934726596049,0.03959347265960489,0.0
M2,slow5,12,0.21004974179917746,0.20988421796797244,0.02625467765088271,0.05370274974044191,False,0.5416106939153031,0.04161069391530314,0.015880702565672644
M2,slow5,13,0.19981185938866555,0.19965440323469497,0.01589441566932927,0.03891220698988661,True,0.5451474377326081,0.0451474377326081,0.004107603916880365
M2,slow5,14,0.28856824782090484,0.2883408496744739,0.00032074620406339596,0.00481119306095094,True,0.5673632980246206,0.0673632980246206,0.03070434107052833
M2,slow5,15,0.28025790059611866,0.28003705118666544,0.0005223544787963037,0.005223544787963036,True,0.5649496795789382,0.06494967957893816,0.018736605962641484
M2,slow5,16,0.155780910046587,0.15565815125222404,0.06444637807545084,0.09830803435238263,False,0.5346208901319122,0.03462089013191216,0.0
M2,slow5,17,0.14098217835359808,0.14087108128633757,0.07303390438211432,0.10775494089164409,False,0.5335638309586205,0.03356383095862048,0.0035879807118148754
M2,slow5,18,0.14921560756261618,0.1490980223714715,0.03522703749917383,0.06470272193725805,False,0.5394261049571671,0.03942610495716714,0.0
M2,slow5,19,0.15356408420797343,0.15344307232128473,0.02578189383753101,0.05370274974044191,False,0.5417428263119646,0.041742826311964576,0.01838580464361761
M2,slow5,20,0.20151742991655938,0.20135862973538007,0.008523787712367304,0.026453134279760596,True,0.5492523508555573,0.04925235085555735,0.020359275853755632
M2,slow5,21,0.17947046489293234,0.1793290382066495,0.003599961137988275,0.013797586260188783,True,0.5545068158294612,0.05450681582946115,0.0
M2,slow5,22,0.15183132341741779,0.15171167698446475,0.21245816126321626,0.24204094321125902,False,0.5233455922834681,0.02334559228346811,0.0
M2,slow5,23,0.1808462897291064,0.1807037788624956,0.09467648785885004,0.13313881105150788,False,0.5312911537360434,0.03129115373604341,0.001933217942695853
M2,slow5,24,0.14250023062255454,0.14238793729661084,0.23445437370631772,0.25120111468534045,False,0.522262106630844,0.022262106630844047,0.006289871517810575
M2,slow5,25,0.20344072634450483,0.20328041056330348,0.02849309778113789,0.056986195562275785,False,0.5410116937171046,0.04101169371710456,0.031177860276352387
M2,slow5,26,0.1777019053629292,0.1775618723405786,0.034517596652878554,0.06470272193725805,False,0.5395802594199388,0.03958025941993881,0.018717314212548963
M2,slow5,27,0.2047242619978671,0.2045629347622502,0.002044569216069748,0.012514703241310468,True,0.5577352507212227,0.05773525072122265,0.0
M2,slow5,28,0.14927756748015153,0.1491599334632247,0.10209836250159827,0.13922503977490674,False,0.530608469686626,0.030608469686626005,0.0
M2,slow5,29,0.12438966760405515,0.12429164580137268,0.06319976350550627,0.09806859854302698,False,0.534783853421128,0.034783853421128,0.00038906852118780755
M2,slow5,30,0.13074623194246165,0.13064320102682536,0.1915924251200114,0.22688576658948717,False,0.5244511000022022,0.024451100002202186,0.007006855288345548
M2,slow5,31,0.17214874530612748,0.17201308829642997,0.07014574296932086,0.10521861445398129,False,0.5339073751899404,0.03390737518994036,0.03332294398650992
M2,slow5,32,0.08315248061699668,0.08308695462754277,0.2255958201983953,0.24462197370910332,False,0.5226893347133829,0.022689334713382858,0.0027902283909013725
M2,slow5,33,0.09887074450041361,0.0987928321722021,0.1968453970518066,0.2300790355150986,False,0.5241648131427691,0.02416481314276908,0.0066405418324098076
M2,slow5,34,0.05335154184101102,0.05330949964885892,0.6092094962869341,0.6092094962869341,False,0.5095729921381225,0.00957299213812246,0.015207548605113974
M2,slow5,35,0.09142993847646619,0.09135788966758009,0.313993535339245,0.3248208986268052,False,0.5188530907969786,0.01885309079697861,0.0
M2,slow5,36,0.25311623159309654,0.2529167704176883,0.002335148090532642,0.012514703241310468,True,0.5569909048866966,0.05699090488669656,0.006993365263757045
M2,slow5,37,0.25595367631300975,0.2557519791685551,0.000734587062505291,0.006010257784134198,True,0.563214340769451,0.06321434076945098,0.0
M2,slow5,38,0.22571534433808355,0.22553747566642232,0.0030118560601399206,0.013553352270629643,True,0.5555418529366425,0.05554185293664249,0.0
M2,slow5,39,0.21655896207504463,0.21638830883463878,0.006408798101207805,0.021362660337359354,True,0.5510405426237089,0.05104054262370894,0.0
M2,slow5,40,0.15843828130498505,0.1583134284434366,0.03624113695594118,0.06499714908564322,False,0.5392102887092867,0.03921028870928667,0.0
M2,slow5,41,0.22324452649435692,0.2230686048816742,0.0033152857362393714,0.013797586260188783,True,0.5549868968706644,0.05498689687066438,0.02619991047783299
M2,slow5,42,0.06732907588287322,0.0672760190854872,0.35398255127059175,0.3620276092540143,False,0.5173555903014821,0.01735559030148215,0.0
M2,slow5,43,0.09627329827508824,0.09619743279181393,0.292131322979883,0.30571882637429615,False,0.5197251646149442,0.019725164614944224,0.013424024160973325
M2,slow5,44,0.1209871429633467,0.12089180242515651,0.09702187820527824,0.13433798520730833,False,0.5310709330749411,0.03107093307494113,0.0
M2,slow5,45,0.07625010184763786,0.07619001508495257,0.47552482877707947,0.4808678043813163,False,0.5133607875090841,0.013360787509084093,0.0
M2,slow5,46,0.11789320325119794,0.11780030080576752,0.17713161181217119,0.21255793417460542,False,0.5252703208615033,0.02527032086150327,0.013312928992956774
M2,slow5,47,0.12041875218326677,0.1203238595495526,0.20095734365519757,0.23187385806368951,False,0.5239445924816667,0.023944592481666693,0.006025675808130293
M2,slow5,48,0.10653231966217534,0.10644836984368664,0.16067454251542101,0.19809190173134097,False,0.5262657182496862,0.026265718249686154,0.002273689548890623
M2,slow5,49,0.09857572933961783,0.09849804948986242,0.22272651268536958,0.24462197370910332,False,0.5228302759364883,0.022830275936488342,0.01164037792963768
M2,slow5,50,0.10620270140010941,0.10611901132808411,0.16744579662203107,0.20365029318895672,False,0.5258472989935916,0.025847298993591616,0.0007494578700548704
M2,slow5,51,0.1540331630462533,0.15391178151509,0.05628361850732525,0.09210046664835041,False,0.5357396110903125,0.03573961109031254,0.021618291337204054
M2,slow5,52,0.11168201561649106,0.11159400772396427,0.21829567469965605,0.24462197370910332,False,0.5230504965975908,0.02305049659759084,0.006494295695597563
M2,slow5,53,0.0982342608840806,0.09815685011900252,0.2908400324824597,0.30571882637429615,False,0.5197780175736086,0.01977801757360864,0.02257370167280226
M2,slow5,54,0.2226592147233871,0.2224837543492946,0.012888087092718605,0.034821210879181136,True,0.5465612543768856,0.04656125437688563,0.0
M2,slow5,55,0.20653316152672416,0.20637040883836583,0.011509403898643526,0.03237019846493491,True,0.5473100046246339,0.04731000462463386,0.0
M2,slow5,56,0.1547188357906887,0.15459691393427366,0.1272834914971756,0.16846344462861476,False,0.5285516087119293,0.0285516087119293,0.01746841078721384
M2,slow5,57,0.17203732030426808,0.17190175109993058,0.02601735733367328,0.05370274974044191,False,0.5416767601136339,0.04167676011363386,0.0031476919067465747
M2,slow5,58,0.13820872227949033,0.13809981075681146,0.061710537539343344,0.09743769085159476,False,0.5349820520161201,0.034982052016120146,0.010813032959210878
M2,slow5,59,0.17792009389221108,0.17777988893248514,0.022534440458396122,0.049465844908674415,True,0.5427117972208152,0.042711797220815195,0.0
M2,slow5,60,0.13399833172477021,0.13389273808274912,0.15678117865179295,0.19809190173134097,False,0.5265123653901209,0.026512365390120918,0.010576376816470834
M2,slow5,61,0.21884252811245397,0.2186700753716246,0.007985095666922107,0.02566637892939249,True,0.5496663656984297,0.04966636569842975,0.0032136050669064886
M2,slow5,62,0.14731161974729468,0.14719553494055923,0.1554081642927828,0.19809190173134097,False,0.5266004536545619,0.026600453654561873,0.0
M2,slow5,63,0.19960228457655815,0.1994449935721637,0.015997240651397827,0.03891220698988661,True,0.5451033936003876,0.04510339360038762,0.0
M2,slow5,64,0.09341602508329182,0.0933424111943373,0.15554505359918716,0.19809190173134097,False,0.5265916448281178,0.026591644828117822,0.003604299016292778
M2,slow5,65,0.2686129972393627,0.26840132427069496,0.00045256081973490286,0.005091309222017657,True,0.565667598934132,0.06566759893413199,0.013113600432734351
M2,slow5,66,0.12787809420273663,0.1277773234429236,0.04332349293907182,0.0735681955569144,False,0.5378317073707856,0.03783170737078556,0.0
M2,slow5,67,0.11280123097596045,0.11271234111703535,0.11129048329562378,0.149494679053823,False,0.5298156753066573,0.029815675306657297,0.0
M2,slow5,68,0.10987254419467049,0.1097859622055494,0.16004394287393586,0.19809190173134097,False,0.5263053579686846,0.026305357968684606,0.0035791859940468296
M2,slow5,69,0.08154938836675842,0.08148512564936933,0.22290507551611916,0.24462197370910332,False,0.5228214671100443,0.02282146711004429,0.0
M2,slow5,70,0.20066915752293008,0.20051102579911373,0.006000737313081722,0.021362660337359354,True,0.5514457486401374,0.0514457486401374,0.0
M2,slow5,71,0.21143289387031022,0.21126628008475443,0.0029457067199402417,0.013553352270629643,True,0.5556695809200819,0.055669580920081896,0.013765724202690066
M2,slow5,72,0.168502141573587,0.16836935816809168,0.0883943840380042,0.12627769148286316,False,0.5319033671739082,0.03190336717390818,0.0039850328875925545
M2,slow5,73,0.16252681604386646,0.16239874132673182,0.04902756671893424,0.08171261119822372,False,0.5368539276354908,0.03685392763549078,0.0
M2,slow5,74,0.18217788054444606,0.18203432035489173,0.04291081361628701,0.0735681955569144,False,0.5379065823955603,0.03790658239556033,0.02326056210748173
M2,slow5,75,0.19621109020590238,0.19605647153749742,0.009386399303565161,0.028159197910695485,True,0.5486357330044704,0.04863573300447044,0.01230966409420664
M2,slow5,76,0.16503213059410998,0.16490208163383094,0.036831717815197826,0.06499714908564322,False,0.5390869651390693,0.039086965139069285,0.008520705220011138
M2,slow5,77,0.18654641034477673,0.1863994076573498,0.011379008942484276,0.03237019846493491,True,0.5473848796494087,0.04738487964940874,0.0
M2,slow5,78,0.15944052571142625,0.15931488305917138,0.033486125522422035,0.06470272193725805,False,0.5398092889074853,0.03980928890748525,0.04127025406047746
M2,slow5,79,0.11541575771482047,0.11532480755113661,0.08019294059446079,0.11640910731453986,False,0.5327578233389856,0.03275782333898558,0.01883502667704451
M2,slow5,80,0.1937820678403913,0.1936293632952058,0.020697017733679646,0.047762348616183795,True,0.5433152018322359,0.04331520183223592,0.0
M2,slow5,81,0.22230583271762772,0.222130650816353,0.0016630786896299676,0.011513621697438237,True,0.5588759937457333,0.05887599374573327,0.00011721289356292353
M2,slow5,82,0.2464008105402031,0.24620664126475772,0.001197741660412317,0.008983062453092378,True,0.5606509722742189,0.060650972274218895,0.0
M2,slow5,83,0.2751019728638521,0.27488518643921545,0.00014801500435691062,0.002664270078424391,True,0.5710409830650311,0.07104098306503115,0.04396065706534591
M2,slow5,84,0.22943806475669545,0.22925726249920397,0.006309009702402926,0.021362660337359354,True,0.5511374397145941,0.05113743971459406,0.008053459636228277
M2,slow5,85,0.2735858028644656,0.27337021121524224,0.00013484845270255745,0.002664270078424391,True,0.571472615560792,0.07147261556079199,0.0
M2,slow5,86,0.2735424681105203,0.2733269106100392,0.0034930068736483614,0.013797586260188783,True,0.5546829923583431,0.05468299235834306,0.03920345293707239
M2,slow5,87,0.3554881182882181,0.3552079858072975,8.317451625169215e-06,0.0004857384259981354,True,0.5834438106983197,0.08344381069831974,0.04660725374683583
M2,slow5,88,0.25129623629640085,0.25109820931744387,0.0022454649779291413,0.012514703241310468,True,0.557211125547799,0.05721112554779895,0.020405681126495656
M2,slow5,89,0.27406100356933727,0.2738450374514733,0.00012373594574711501,0.002664270078424391,True,0.5718690127507764,0.0718690127507764,0.011250369328722698
M2,slow4,0,0.18461572129991055,0.1844702400380509,0.014214588559111703,0.03198282425800133,True,0.5459049968068004,0.04590499680680038,0.032912559888410575
M2,slow4,1,0.1900153576107205,0.189865621316307,0.011417223585728787,0.027040792703041862,True,0.5473628575832985,0.0473628575832985,0.021409617312902363
M2,slow4,2,0.19793931178419993,0.19778333123905872,0.02581318210552199,0.043021970175869985,True,0.5417340174855205,0.041734017485520525,0.00421083562850999
M2,slow4,3,0.2122436632023887,0.2120764105127099,0.0075350047302390885,0.021192200803797436,True,0.5500319319958599,0.05003193199585987,0.009477284762883897
M2,slow4,4,0.29538731921040373,0.2951545474852576,0.0004680066135067561,0.0038291450196007316,True,0.5655002312316941,0.06550023123169413,0.012980074513044837
M2,slow4,5,0.28420726332053287,0.28398330172611164,0.00015785235588561245,0.0023677853382841865,True,0.5707414829659319,0.07074148296593186,0.04241721625827011
M2,slow4,6,0.23514443404590984,0.2349591350435096,0.004687980854613353,0.015626602848711174,True,0.552943249135634,0.052943249135633974,0.007216194254435315
M2,slow4,7,0.21752937040268275,0.21735795245910303,0.004472153269142831,0.015626602848711174,True,0.553225131581845,0.05322513158184505,0.0
M2,slow4,8,0.2994160910439603,0.299180144557716,0.000133823828366924,0.0023677853382841865,True,0.5715078508665683,0.0715078508665683,0.016895783774666162
M2,slow4,9,0.32610013652788317,0.3258431624250243,2.93990501553406e-05,0.0013229572569903268,True,0.5782245810301923,0.07822458103019225,0.01969967409243001
M2,slow4,10,0.19722141513993066,0.19706600031318525,0.008348435729512693,0.021706845548469283,True,0.5493844832522187,0.04938448325221867,0.0025546376868739173
M2,slow4,11,0.15625480712485235,0.15613167488913537,0.031781880354434466,0.050966856767430624,False,0.5402012816842476,0.040201281684247636,0.01670775842940797
M2,slow4,12,0.2204991754602469,0.22032541724475418,0.005246469326763714,0.016282146186508077,True,0.5522649694994385,0.052264969499438485,0.019929793162117848
M2,slow4,13,0.1846909404985527,0.18454539996230482,0.00790752817008939,0.021565985918425606,True,0.5497280274835386,0.04972802748353855,0.0
M2,slow4,14,0.3094020765807417,0.3091582609175575,9.961186235747462e-05,0.002241266903043179,True,0.5728600057257373,0.07286000572573725,0.005777549272082849
M2,slow4,15,0.28219167670830536,0.2819693034406077,0.00022619483255120773,0.002908219275658385,True,0.5690457838754431,0.06904578387544313,0.032233369552503444
M2,slow4,16,0.167520560521211,0.16738855062324315,0.02365715795214665,0.04139939913579645,True,0.5423638485762734,0.0423638485762734,0.0
M2,slow4,17,0.15061937359175573,0.15050068220200652,0.03155788412712839,0.050966856767430624,False,0.5402541346429122,0.040254134642912165,0.010305208905789343
M2,slow4,18,0.15262344111440732,0.15250317047523126,0.025331886374362556,0.04301641082438925,True,0.541870554295404,0.04187055429540398,0.0
M2,slow4,19,0.15565347999569668,0.1555308216190255,0.02083956748091486,0.03990555475068803,True,0.5432667532867934,0.043266753286793413,0.0
M2,slow4,20,0.20593959684917557,0.20577731190287993,0.006754956611419765,0.019611164355734803,True,0.5507146160452774,0.05071461604527738,0.025179213171210524
M2,slow4,21,0.20366661092452248,0.20350611714128802,0.003223415837312225,0.013307539577380774,True,0.5551498601598802,0.055149860159880215,0.016953276791371152
M2,slow4,22,0.16823267082345153,0.16810009976685306,0.07862125493364021,0.09917938204368648,False,0.5329295954546456,0.03292959545464558,0.006381858912648308
M2,slow4,23,0.18696176394054098,0.18681443394531597,0.03263404818248406,0.050966856767430624,False,0.5400030830892554,0.040003083089255376,0.016296737023196117
M2,slow4,24,0.18598434617213225,0.1858377864036751,0.03713006931825768,0.05569510397738652,False,0.5390253033539607,0.039025303353960705,0.0011984473474389024
M2,slow4,25,0.24468979466912205,0.244496973711936,0.0017036427500734248,0.009582990469163015,True,0.5587438613490717,0.058743861349071724,0.0
M2,slow4,26,0.214871078033279,0.21470175488274057,0.0045856641208810575,0.015626602848711174,True,0.5530753815322953,0.053075381532295296,0.024794051067587475
M2,slow4,27,0.2361899587763297,0.23600383587737278,0.0003707621914644832,0.0036324261975330904,True,0.5666541874958708,0.06665418749587082,0.005996071415318438
M2,slow4,28,0.17885351427221993,0.178712573756639,0.01834230626819374,0.03668461253638748,True,0.5441608491708693,0.044160849170869265,0.0
M2,slow4,29,0.15223615818936678,0.15211619273768093,0.014994839395791302,0.03291550111271262,True,0.5455438349225924,0.0455438349225924,0.0
M2,slow4,30,0.13801149750858852,0.1379027414033808,0.09214926769088935,0.11360868619424713,False,0.5315333964632563,0.03153339646325626,0.028840008346550983
M2,slow4,31,0.1561265922280741,0.15600356102852478,0.058473625391582254,0.08096348131142159,False,0.5354268977515471,0.03542689775154706,0.0
M2,slow4,32,0.08545250773458203,0.08538516927301025,0.1573329524845989,0.1815380220976141,False,0.5264771300843445,0.02647713008434449,0.022569819548907244
M2,slow4,33,0.10708598657559291,0.10700160045535997,0.09806846175137375,0.1192724534814005,False,0.530974035984056,0.030974035984056014,0.002450062209540249
M2,slow4,34,0.035940736439004514,0.03591241434567197,0.5907250549149602,0.5907250549149602,False,0.5100706908322139,0.010070690832213902,0.011636799069232762
M2,slow4,35,0.06501851397650033,0.06496727795287818,0.3197946859104164,0.3270627469538349,False,0.5186284657226541,0.018628465722654086,0.0
M2,slow4,36,0.23319982977407497,0.23301606316274787,0.00184110913760079,0.009747048375533595,True,0.558316633266533,0.058316633266533024,0.0
M2,slow4,37,0.22128665294699676,0.2211122741818691,0.0016778478604374506,0.009582990469163015,True,0.5588275452002907,0.058827545200290654,0.0
M2,slow4,38,0.22387545515479404,0.2236990363564057,0.001111806647092779,0.007697122941411547,True,0.5610473694642031,0.06104736946420308,0.004685779822786618
M2,slow4,39,0.20867525430686523,0.2085108136021317,0.003238154289831894,0.013307539577380774,True,0.5551234336805478,0.05512343368054784,0.011188729801796304
M2,slow4,40,0.15350298960981162,0.1533820258670143,0.022298990825221146,0.04139939913579645,True,0.5427866722455901,0.042786672245590074,0.014839407818919126
M2,slow4,41,0.21464288295090708,0.2144737396231286,0.002110179362739822,0.010550896813699109,True,0.5575590741923409,0.05755907419234085,0.001031251012242107
M2,slow4,42,0.07091335807423582,0.07085747678339718,0.2903031295835512,0.30042461044955737,False,0.519800039639719,0.01980003963971899,0.0
M2,slow4,43,0.08185034024684805,0.08178584037273706,0.29041045676790544,0.30042461044955737,False,0.519795635226497,0.019795635226496966,0.010175394625031586
M2,slow4,44,0.09382005952399987,0.0937461272469912,0.16485505194028927,0.1878095528433675,False,0.5260058578695853,0.026005857869585314,0.00998453028322377
M2,slow4,45,0.07403761172161559,0.07397926844996736,0.33572300072477224,0.3394951692722416,False,0.5180250611112335,0.018025061111233476,0.0
M2,slow4,46,0.12826672855858798,0.12816565154632747,0.10082204781411394,0.12098645737693672,False,0.5307229844303993,0.030722984430399336,0.026764395201122504
M2,slow4,47,0.10390132422165047,0.10381944768562079,0.17682981293270872,0.1968968016118734,False,0.5252879385143915,0.025287938514391484,0.008623473895345457
M2,slow4,48,0.09559674772783938,0.09552141538132414,0.15323035446950578,0.17910041431500676,False,0.5267413948776675,0.026741394877667468,0.0
M2,slow4,49,0.09666481958965355,0.0965886455789446,0.21453611164189446,0.23262951864783735,False,0.5232398863661388,0.02323988636613883,0.0
M2,slow4,50,0.08334877419662502,0.08328309352349923,0.24632540573761008,0.2608151354868813,False,0.521707150564866,0.02170715056486605,0.019019512259698557
M2,slow4,51,0.11962649347172657,0.119532225155358,0.13150351921599351,0.1557278517031502,False,0.5282388953731639,0.02823889537316393,0.0044003700462169615
M2,slow4,52,0.1153240536150238,0.115233175716194,0.2238890025263085,0.23988107413533055,False,0.5227730185646017,0.022773018564601677,0.039923230509567365
M2,slow4,53,0.10883299581606193,0.10874723301400041,0.21427556943489923,0.23262951864783735,False,0.5232530996058051,0.023253099605805128,0.01249424874743732
M2,slow4,54,0.2302731006401542,0.2300916403559618,0.0043611943105386465,0.015626602848711174,True,0.5533748816313946,0.05337488163139459,0.008473816690418357
M2,slow4,55,0.21349614493788063,0.21332790526495873,0.0035247855068772853,0.013792638939954594,True,0.5546301393996784,0.054630139399678423,0.0
M2,slow4,56,0.17577353611919172,0.1756350226943539,0.020529646497642526,0.03990555475068803,True,0.5433724592041225,0.04337245920412247,0.018245494253609218
M2,slow4,57,0.19312728911576385,0.1929751005506608,0.008441551046626944,0.021706845548469283,True,0.5493140126406659,0.04931401264066593,0.0
M2,slow4,58,0.1571533449327425,0.157029504629407,0.051626134339773894,0.07259925141530704,False,0.5364399127926182,0.036439912792618157,0.0
M2,slow4,59,0.17934335586203348,0.1792020293404716,0.023729821297701195,0.04139939913579645,True,0.5423418265101632,0.04234182651016316,0.0
M2,slow4,60,0.13926687454206052,0.139157129172051,0.06451433678732318,0.08592793962315627,False,0.5346120813054681,0.03461208130546811,0.007691268280842545
M2,slow4,61,0.1826775449325084,0.18253359099639138,0.048061875492169885,0.06950014606909742,False,0.5370124865114845,0.03701248651148448,0.03134123961163149
M2,slow4,62,0.13227220447658244,0.13216797106091926,0.07846148348589743,0.09917938204368648,False,0.5329472131075338,0.03294721310753379,0.0053450617188033345
M2,slow4,63,0.17744584036365382,0.17730600912617261,0.023339728100509702,0.04139939913579645,True,0.5424607456671585,0.04246074566715852,0.0
M2,slow4,64,0.088023913294513,0.08795454850862293,0.17720712145068607,0.1968968016118734,False,0.5252659164482811,0.025265916448281134,0.0
M2,slow4,65,0.18835007478967128,0.18820165077486462,0.01566012106406884,0.03355740228014751,True,0.5452487392367151,0.04524873923671513,0.0
M2,slow4,66,0.12681946466024394,0.12671952812386864,0.048650102248368195,0.06950014606909742,False,0.5369155894205994,0.03691558942059936,0.04664469844421015
M2,slow4,67,0.11929173184634248,0.1191977273295211,0.06492333215971807,0.08592793962315627,False,0.5345592283468035,0.03455922834680347,0.0
M2,slow4,68,0.14370858775802928,0.1435953422200009,0.0328453076945664,0.050966856767430624,False,0.5399546345438129,0.03995463454381287,0.01266738014050972
M2,slow4,69,0.12278215167767396,0.1226853966330107,0.06985489545417192,0.09111508102718077,False,0.5339426104957168,0.033942610495716785,0.01345158990718498
M2,slow4,70,0.19591474296319564,0.1957603578229567,0.005174456935387106,0.016282146186508077,True,0.5523486533506573,0.052348653350657304,0.0
M2,slow4,71,0.19286620354987224,0.19271422072595587,0.00598353874355201,0.017950616230656028,True,0.5514633662930256,0.051463366293025614,0.0
M2,slow4,72,0.14920824940319216,0.14909067001043944,0.07934350563494919,0.09917938204368648,False,0.5328503160166487,0.03285031601664867,0.0038070003242474115
M2,slow4,73,0.14583752708447648,0.1457226038952846,0.06319976350550627,0.08592793962315627,False,0.534783853421128,0.034783853421128,0.00286138510513978
M2,slow4,74,0.15979761659933656,0.15967169255158295,0.04508346468781627,0.06651658724431908,False,0.53751899403202,0.03751899403201997,0.030564659585144094
M2,slow4,75,0.15928022889817145,0.15915471256334232,0.023919652834015724,0.04139939913579645,True,0.5422845691382765,0.042284569138276495,0.0036296609127239865
M2,slow4,76,0.15305388934652198,0.15293327950464133,0.035104542490720786,0.053549302104489334,False,0.5394525314364994,0.039452531436499405,0.003836045188920778
M2,slow4,77,0.17673905840523435,0.17659978412753125,0.008847736992858866,0.022119342482147166,True,0.5490145125415666,0.049014512541566635,0.007251162302907899
M2,slow4,78,0.17003403344152795,0.16990004287144006,0.01652018631394824,0.03457713414547306,True,0.5448831729392851,0.04488317293928512,0.0024592585139102674
M2,slow4,79,0.1392771198056383,0.13916736636213506,0.018042189343947534,0.03668461253638748,True,0.5442753639146425,0.044275363914642485,0.0
M2,slow4,80,0.19146568189996857,0.1913148027180143,0.01367556677327317,0.031559000246015004,True,0.5461648571869013,0.04616485718690133,0.012071338295708944
M2,slow4,81,0.20151710329028463,0.20135830336649402,0.0028325826474856954,0.013307539577380774,True,0.5558942059944064,0.05589420599440642,0.0
M2,slow4,82,0.2625518583591145,0.2623449617016211,0.0003107436949295622,0.0034958665679575745,True,0.5675174524873924,0.06751745248739238,0.0
M2,slow4,83,0.2743677937429802,0.27415158586769023,9.443045560849908e-05,0.002241266903043179,True,0.5731022484529499,0.07310224845294988,0.021597512438789046
M2,slow4,84,0.2100769349233213,0.20991138966333445,0.011114671111450846,0.027035686487312867,True,0.5475390341121804,0.04753903411218041,0.0
M2,slow4,85,0.2275004455663493,0.22732117019553263,0.0014577929485208485,0.009371526097634027,True,0.5595939131009271,0.0595939131009271,0.0
M2,slow4,86,0.26507434355918885,0.26486545912770015,0.001036779451054724,0.007697122941411547,True,0.5614173401748552,0.06141734017485523,0.019272048291924193
M2,slow4,87,0.3415760210215755,0.3413068515802662,1.4101305083604654e-05,0.001269117457524419,True,0.5812988614591821,0.08129886145918208,0.0
M2,slow4,88,0.24055952044613313,0.2403699542361677,0.0032529541189153005,0.013307539577380774,True,0.5550970072012157,0.055097007201215686,0.0
M2,slow4,89,0.25427725076440294,0.25407687468027024,0.00040360291083701007,0.0036324261975330904,True,0.5662357682397763,0.06623576823977628,0.027804740114016457
M2,classical,0,0.19095249864789332,0.1908020238656649,0.014317131902981037,0.030860390983097754,True,0.5458565482613579,0.04585654826135788,0.01039940032151443
M2,classical,1,0.1934609878514637,0.193308536324394,0.011348519028427264,0.026188890065601378,True,0.547402497302297,0.04740249730229695,0.0
M2,classical,2,0.20199328907675415,0.20183411390805694,0.03067538897277907,0.05112564828796512,False,0.5404655464775706,0.04046554647757061,0.017280831408141406
M2,classical,3,0.2257144853215166,0.2255366173267794,0.004636566931854791,0.015672593755755432,True,0.5530093153339647,0.05300931533396469,0.008293837215990418
M2,classical,4,0.2914905199065095,0.29126081894519623,0.0007791382955731108,0.005843537216798331,True,0.5629104362571297,0.06291043625712966,0.02148700114104063
M2,classical,5,0.2831648190116229,0.2829416788863182,0.00017393185564158693,0.0026089778346238043,True,0.5702878284040609,0.07028782840406089,0.005073246170589352
M2,classical,6,0.24108733021611262,0.24089734808040253,0.006043928760914205,0.017546889951041242,True,0.5514017045079169,0.05140170450791692,0.027630190312346814
M2,classical,7,0.23190030258428898,0.23171756002906102,0.0030372996529762493,0.012722983647874202,True,0.5554934043911999,0.055493404391199874,0.02489946158443157
M2,classical,8,0.29646906945773355,0.29623544528952417,0.00016315243866131,0.0026089778346238043,True,0.5705873285031602,0.07058732850316018,0.004167720786414586
M2,classical,9,0.338236952540617,0.33797041435894587,1.7618749659881738e-05,0.0007928437346946782,True,0.580378339095774,0.08037833909577397,0.005327601918840852
M2,classical,10,0.19879674282499465,0.1986400866052744,0.00913232193088171,0.022830804827204277,True,0.5488119095333525,0.04881190953335246,0.02062631030332618
M2,classical,11,0.16465622440604832,0.1645264716681397,0.02796889631835769,0.04749435223872061,True,0.541148230526988,0.04114823052698802,0.0065047877658381825
M2,classical,12,0.21978951958026186,0.21961632058926087,0.008130959286258338,0.02193075801688781,True,0.5495518509546565,0.04955185095465653,0.0
M2,classical,13,0.19133159301742617,0.19118081950046997,0.008284953028602061,0.02193075801688781,True,0.5494329317976613,0.049432931797661284,0.026434920834150777
M2,classical,14,0.30597114162319267,0.30573002961245727,0.00013549259142810134,0.0026089778346238043,True,0.5714505934946816,0.07145059349468164,0.03388322661703147
M2,classical,15,0.28627152117031335,0.28604593289515945,0.00023907069517394372,0.0030737660808078477,True,0.5687815190821204,0.06878151908212038,0.03706984785133849
M2,classical,16,0.16703086806035788,0.16689924405085405,0.03261490060717206,0.05170916198535518,False,0.5400074875024776,0.04000748750247762,0.0
M2,classical,17,0.15087464292930236,0.15075575038168273,0.03274913592405828,0.05170916198535518,False,0.5399766566099231,0.03997665660992311,0.0
M2,classical,18,0.15583383122608965,0.15571103072866957,0.02469220906062441,0.04357448657757249,True,0.5420555396507301,0.042055539650730056,0.03228357703195628
M2,classical,19,0.15985489471490535,0.15972892553073284,0.018412181462799833,0.03613810824477461,True,0.544134422691537,0.044134422691537,0.013867873238893713
M2,classical,20,0.20958798323646888,0.2094228232811998,0.005460058310127772,0.016945008548672397,True,0.5520227267722257,0.05202272677222575,0.0
M2,classical,21,0.20247915804289782,0.20231959999873478,0.002806548321249054,0.012722983647874202,True,0.5559470589530711,0.05594705895307106,0.0
M2,classical,22,0.16462860414455582,0.1644988731720227,0.11107934564802892,0.1332952147776347,False,0.5298332929595454,0.0298332929595454,0.03319800121158756
M2,classical,23,0.18790067944412958,0.18775260956277093,0.03740894998100037,0.056925407401974375,False,0.538968045982074,0.03896804598207404,0.014935817777056881
M2,classical,24,0.1746741272980916,0.17453648023166282,0.0672112115475298,0.09028371700414452,False,0.5342685370741482,0.03426853707414823,0.0
M2,classical,25,0.23555453702382395,0.23536891485122835,0.0028413096384154266,0.012722983647874202,True,0.5558765883415182,0.05587658834151821,0.0
M2,classical,26,0.20665422370748773,0.20649137561945977,0.008085826166906484,0.02193075801688781,True,0.5495870862604331,0.049587086260433066,0.033038813680182244
M2,classical,27,0.22978499508052475,0.2296039194342832,0.0004856497437650863,0.004370847693885777,True,0.565315245876368,0.06531524587636806,0.008892412952205442
M2,classical,28,0.17251354333943542,0.17237759886083853,0.027337686114277025,0.04731522596701793,True,0.541315598229426,0.04131559822942599,0.0023823782922833825
M2,classical,29,0.14711508659102077,0.14699915665674887,0.018470588658440357,0.03613810824477461,True,0.5441124006254267,0.04411240062542665,0.0
M2,classical,30,0.1384903886878155,0.138381255205792,0.10893337227980371,0.1332952147776347,False,0.5300138739016494,0.030013873901649446,0.0
M2,classical,31,0.16316474442639,0.16303616700761428,0.05053434161414411,0.07106391789489015,False,0.536611684908278,0.03661168490827804,0.026143012848184766
M2,classical,32,0.08699758013634115,0.08692902412362535,0.16643467388574995,0.18960912214832273,False,0.5259089607787002,0.025908960778700196,0.0
M2,classical,33,0.10602906112833296,0.10594550788867313,0.1097146487457128,0.1332952147776347,False,0.5299478077033187,0.02994780770331873,0.015385030804885957
M2,classical,34,0.041665950901255154,0.041633117212601684,0.587480536810049,0.587480536810049,False,0.5101587790966549,0.010158779096654857,0.0
M2,classical,35,0.07772877671800422,0.07766752472689469,0.27234209396000897,0.2850091680976838,False,0.5205531943006894,0.02055319430068936,0.0
M2,classical,36,0.23937886134938535,0.23919022552483896,0.002096904865730553,0.011069797161014309,True,0.5575943094981171,0.05759430949811706,0.0319582475046678
M2,classical,37,0.23362620846795873,0.233442105860813,0.0011173533441543723,0.007735523151837962,True,0.5610209429848707,0.06102094298487071,0.0
M2,classical,38,0.22597188241448085,0.22579381158515502,0.0014319491612910349,0.008591694967746208,True,0.5596908101918121,0.059690810191812105,0.018116309405568964
M2,classical,39,0.2131773335075243,0.213009345065044,0.0031100626694803607,0.012722983647874202,True,0.5553568675813165,0.05535686758131653,0.0
M2,classical,40,0.157058095028687,0.15693432978437755,0.020852568883293315,0.03909856665617497,True,0.5432623488735714,0.04326234887357139,0.026719881605145712
M2,classical,41,0.2205089596067678,0.22033519368115176,0.0021319148807777883,0.011069797161014309,True,0.557501816820454,0.057501816820453966,0.02053050903351261
M2,classical,42,0.0710466931514496,0.07099070678962813,0.2844412262533409,0.29424954440000783,False,0.5200422823669317,0.02004228236693173,0.0
M2,classical,43,0.08628731895194196,0.08621932264071111,0.2966811334756243,0.30342388650916124,False,0.5195401792596182,0.01954017925961815,0.0
M2,classical,44,0.10498779586796456,0.10490506316830502,0.13144333831223415,0.1536350707545594,False,0.528243299786386,0.028243299786385956,0.0
M2,classical,45,0.07642756984601694,0.07636734323463316,0.3306695062069328,0.33438489391712306,False,0.5182144508797815,0.018214450879781463,0.012448822600773957
M2,classical,46,0.12879369732133852,0.1286922050460656,0.11558010821767299,0.13687118078408644,False,0.5294633222488934,0.029463322248893364,0.014953075920747017
M2,classical,47,0.11264571186415567,0.11255694455772214,0.16992058276201816,0.1911606556072704,False,0.5256975489440419,0.02569754894404186,0.025676521883928105
M2,classical,48,0.10182016853399324,0.10173993199456535,0.14650879402732758,0.1690486084930703,False,0.5271862406130943,0.02718624061309427,0.002425466784001129
M2,classical,49,0.1002756006383826,0.10019658125253675,0.20387276520316822,0.21915369414599906,False,0.5237904380188949,0.02379043801889491,0.0
M2,classical,50,0.09036095928928826,0.09028975285958828,0.2045434478695991,0.21915369414599906,False,0.5237552027131186,0.023755202713118595,0.016438568616192972
M2,classical,51,0.13219103430785165,0.1320868648560724,0.08518960489541387,0.10798682310686265,False,0.5322292937523398,0.03222929375233985,0.02886515860243888
M2,classical,52,0.11846076432980991,0.11836741463372653,0.1909531003644679,0.20958267113173304,False,0.5244863353079785,0.024486335307978502,0.020605181042147036
M2,classical,53,0.1089548594411293,0.10886900060784235,0.2260465227911237,0.2393433770729545,False,0.5226673126472725,0.02266731264727251,0.005408827471764299
M2,classical,54,0.2309717679797766,0.23078975713030475,0.00470177812672663,0.015672593755755432,True,0.5529256314827458,0.05292563148274576,0.016187462542244013
M2,classical,55,0.21403674919010654,0.21386808350910566,0.004455676948533411,0.015672593755755432,True,0.5532471536479553,0.05324715364795529,0.0
M2,classical,56,0.17290288699401477,0.17276663570402737,0.03172575387568096,0.05170916198535518,False,0.5402144949239137,0.04021449492391371,0.02001985886154567
M2,classical,57,0.1915451957501486,0.19139425390952597,0.00895197343776056,0.022830804827204277,True,0.5489396375167919,0.04893963751679187,0.0070753942915722234
M2,classical,58,0.15565615000985533,0.1555334895291541,0.04584503038421534,0.06549290054887906,False,0.5373868616353585,0.03738686163535854,0.0
M2,classical,59,0.1850905754128133,0.18494471995543518,0.015259882770514323,0.03193928951968114,True,0.545424915765597,0.04542491576559704,0.0
M2,classical,60,0.14049175369221945,0.14038104309041313,0.07235891307309732,0.09576914965556999,False,0.5336431103966174,0.03364311039661738,0.0
M2,classical,61,0.197433855407618,0.19727827317325422,0.02365715795214665,0.04258288431386397,True,0.5423638485762734,0.0423638485762734,0.02183041020174592
M2,classical,62,0.13800693817320528,0.13789818566085446,0.08958762082591394,0.11198452603239242,False,0.5317844480169129,0.031784448016912936,0.013377928497678715
M2,classical,63,0.1860657584068945,0.1859191344838,0.019003591798612995,0.036389856635641905,True,0.5439142020304345,0.0439142020304345,0.022931419772381334
M2,classical,64,0.08741834914042529,0.08734946155245017,0.17826677525269852,0.1980741947252206,False,0.5252042546631724,0.025204254663172443,0.0
M2,classical,65,0.21183161846929022,0.2116646904799527,0.0059621029956099325,0.017546889951041242,True,0.5514853883591359,0.05148538835913585,0.0024875942386946015
M2,classical,66,0.13190138283298505,0.13179744163295906,0.03795027160131625,0.056925407401974375,False,0.5388579356515228,0.038857935651522846,0.04175032053495542
M2,classical,67,0.12193233213608241,0.12183624676796888,0.06512863062047108,0.08881176902791511,False,0.5345328018674712,0.03453280186747121,0.0
M2,classical,68,0.1401740299348291,0.14006356970635406,0.04124638736391607,0.060855325618892564,False,0.5382148913211038,0.03821489132110378,0.0
M2,classical,69,0.11640269689145787,0.11631096899792638,0.07559178878020704,0.09859798536548744,False,0.5332687352727433,0.03326873527274332,0.0
M2,classical,70,0.19912122337286703,0.1989643114553155,0.005069960785420938,0.016296302524567298,True,0.5524719769208747,0.052471976920874686,0.0
M2,classical,71,0.2015397703625629,0.2013809525766192,0.004465556127567634,0.015672593755755432,True,0.5532339404082891,0.053233940408289104,0.008309333246391493
M2,classical,72,0.1545935108525607,0.15447168775496214,0.08332903148730553,0.10713732619796425,False,0.53242308793411,0.03242308793410997,0.0
M2,classical,73,0.15059904352397227,0.15048036815476504,0.054961022194060544,0.07609987688408383,False,0.5359334052720826,0.03593340527208255,0.006557034319656818
M2,classical,74,0.16664900913453182,0.16651768603828712,0.042741855278193144,0.06204462862963521,False,0.5379374132881147,0.03793741328811473,0.0036551478878963373
M2,classical,75,0.16938232637312045,0.16924884936258214,0.01838886388717862,0.03613810824477461,True,0.544143231517981,0.04414323151798105,0.0
M2,classical,76,0.15527072496825067,0.1551483682109865,0.037906722056650986,0.056925407401974375,False,0.5388667444779669,0.0388667444779669,0.0049784215578072555
M2,classical,77,0.17941520423411714,0.17927382109445275,0.009692983843971548,0.02357752826911998,True,0.5484287255830341,0.04842872558303413,0.0
M2,classical,78,0.17325001689018504,0.17311349205418017,0.01404818771997905,0.030860390983097754,True,0.5459842762447973,0.045984276244797284,0.00403053203362802
M2,classical,79,0.13657170127866106,0.13646407976465108,0.02261805471870262,0.041543365809861954,True,0.5426853707414829,0.04268537074148293,0.0
M2,classical,80,0.1945328458543705,0.19437954967954435,0.014401515792112284,0.030860390983097754,True,0.5458169085423594,0.045816908542359425,0.018144106573118268
M2,classical,81,0.20921329275739525,0.20904842806649107,0.0022139594322028618,0.011069797161014309,True,0.5572904049857959,0.05729040498579585,0.03707611941236366
M2,classical,82,0.25993484852742627,0.25973001413142355,0.0003747680832919473,0.0037476808329194727,True,0.5666013345372063,0.06660133453720629,0.0
M2,classical,83,0.2781753973430695,0.2779561889921293,8.32584793740878e-05,0.002497754381222634,True,0.5736704177585941,0.07367041775859406,0.01041465610058978
M2,classical,84,0.21601404932349766,0.2158438254863633,0.01045274823416093,0.02475650897564431,True,0.5479398357153867,0.047939835715386736,0.03715183696634616
M2,classical,85,0.24019887751455768,0.24000959549917977,0.0007517306106444695,0.005843537216798331,True,0.5630954216124556,0.06309542161245563,0.017470827151080393
M2,classical,86,0.2693054229476361,0.2690932043322321,0.00129613932534071,0.008332324234333137,True,0.5602281486049021,0.06022814860490211,0.0004883056920512718
M2,classical,87,0.3484672340447917,0.34819263417556806,1.0864626974493862e-05,0.0007928437346946782,True,0.5823647294589178,0.08236472945891782,0.004947606992824705
M2,classical,88,0.24422640569376572,0.24403394989731672,0.0035514684039632998,0.013897050276378132,True,0.5545860952674581,0.05458609526745806,0.0206472168695917
M2,classical,89,0.26115167510019593,0.2609458818180051,0.00028556625845295566,0.0032126204075957512,True,0.5679270629170429,0.06792706291704287,0.002084825198722884
OLD,slow5,0,0.0795556445727914,0.07949295296950315,0.2544697629384022,0.4164050666264763,False,0.5213371798542139,0.021337179854213906,0.0
OLD,slow5,1,0.11925643979068053,0.11916246308477771,0.1364494714035122,0.2923917244360976,False,0.527882137902178,0.027882137902177972,0.001719816328073609
OLD,slow5,2,0.17767248581050032,0.17753247597140615,0.021061554867158994,0.09976525989706891,False,0.5431918782620185,0.043191878262018535,0.0012227587364377346
OLD,slow5,3,0.17307285917761517,0.17293647394579673,0.02701043476863182,0.10569300561638538,False,0.5414036864938669,0.04140368649386694,0.017058076778246445
OLD,slow5,4,0.20608115971258245,0.20591876321162692,0.01831906617782214,0.09704479234691397,False,0.5441696579973133,0.044169657997313316,0.010794981324899311
OLD,slow5,5,0.20553080156491232,0.2053688387583206,0.014791506644423174,0.09508825699986326,False,0.5456363276002554,0.04563632760025538,0.009906905834530244
OLD,slow5,6,0.251671434153291,0.25147311151014423,0.00013523458885895132,0.005227764451423716,True,0.5714594023211258,0.0714594023211258,0.01012161421085711
OLD,slow5,7,0.23473278740595574,0.2345478127901906,0.0029570163446158747,0.029570163446158745,True,0.5556475588539717,0.05564755885397166,0.040817114997460546
OLD,slow5,8,0.2189012627526292,0.2187287637276074,0.005511676257116658,0.041337571928374936,True,0.5519654694003391,0.05196546940033908,0.026043871839089627
OLD,slow5,9,0.24765543429211392,0.24746027634546924,0.001746513317746574,0.019648274824648957,True,0.5586073245391883,0.058607324539188266,0.012167795285578986
OLD,slow5,10,0.1306112477994688,0.13050832325431558,0.024647058036743642,0.10082887378667854,False,0.5420687528903961,0.04206875289039613,0.0
OLD,slow5,11,0.0829819837434159,0.08291659210926032,0.2365905157666014,0.4164050666264763,False,0.522160805126737,0.022160805126737015,0.008937629516104773
OLD,slow5,12,0.14388918347391783,0.14377579562248055,0.01833068299886153,0.09704479234691397,False,0.5441652535840913,0.04416525358409129,0.004926984463099471
OLD,slow5,13,0.14747500773755762,0.14735879417748074,0.06981860921635467,0.19636483842099753,False,0.5339470149089388,0.03394701490893881,0.009401358139456306
OLD,slow5,14,0.2060088917876146,0.2058465522353785,0.0013736546325054519,0.019648274824648957,True,0.5599154352661366,0.05991543526613663,0.0
OLD,slow5,15,0.22832161885445934,0.22814169638097276,0.000997706188010073,0.01795871138418131,True,0.5616199431830694,0.0616199431830694,0.004881989247776719
OLD,slow5,16,-0.0005869499641437194,-0.0005864874346211476,0.9268980973568527,0.9444981260390601,False,0.4982800766367901,0.0017199233632099187,0.021067512793786936
OLD,slow5,17,-0.021098281093120706,-0.021081655182093817,0.8229717061756906,0.8817553994739542,False,0.49580920081922086,0.004190799180779137,0.0020685196896330638
OLD,slow5,18,0.13586080508474635,0.13575374377262284,0.1112376692116083,0.2720707830085402,False,0.5298200797198793,0.029820079719879322,0.012318412334087148
OLD,slow5,19,0.05661349073100285,0.05656887805115179,0.3338368518364052,0.5007552777546078,False,0.5180955317227862,0.018095531722786218,0.0
OLD,slow5,20,0.13622993351619436,0.13612258132272217,0.04396113301800941,0.13188339905402824,False,0.5377171926270123,0.03771719262701234,0.010392024485137652
OLD,slow5,21,0.14409548833837496,0.14398193791415245,0.031913173320194756,0.11256683191114097,False,0.5401704507916933,0.040170450791693346,0.0
OLD,slow5,22,0.012713517987068839,0.012703499454376113,0.6731662695746288,0.784273983416106,False,0.492100684886256,0.007899315113743977,0.0025963001152360388
OLD,slow5,23,0.009323010097902363,0.009315663360236561,0.7215361727133953,0.8220032347367794,False,0.4933251117619855,0.006674888238014487,0.012924947212727078
OLD,slow5,24,0.05980369241867612,0.059756565789504584,0.5899131527694212,0.7373283246765878,False,0.4899072871016759,0.010092712898324085,0.009178710919320876
OLD,slow5,25,-0.006770207700386461,-0.006764872627336511,0.1281071610782273,0.28824111242601147,False,0.4715100530731793,0.02848994692682072,0.005283168423149354
OLD,slow5,26,0.17265564462238384,0.1725195881648406,0.039052920804099604,0.12552724544174873,False,0.5386377149904203,0.038637714990420347,0.004819370312608928
OLD,slow5,27,0.1413212546991976,0.14120989043229515,0.04264556044458817,0.13188339905402824,False,0.5379550309410029,0.03795503094100294,0.0
OLD,slow5,28,0.010596058297729315,0.010587708369992729,0.5980551966821213,0.7373283246765878,False,0.5098724922372218,0.009872492237221753,0.005727328851586666
OLD,slow5,29,0.0187378438481647,0.018723078013768983,0.9592859635744623,0.9592859635744623,False,0.49904204012420444,0.0009579598757955554,0.0
OLD,slow5,30,-0.0035727338289173807,-0.0035699184358291875,0.4332609065273546,0.6106613573947762,False,0.4853266973507455,0.014673302649254483,0.0
OLD,slow5,31,-0.022387504981315823,-0.022369863133418804,0.47479753631331434,0.6193011343217144,False,0.48661719042480567,0.013382809575194332,0.024902138007435237
OLD,slow5,32,0.02774542658500428,0.027723562576663065,0.6797041189606252,0.784273983416106,False,0.5077319474113061,0.007731947411306117,0.0
OLD,slow5,33,0.0011892730769506982,0.0011883359035252052,0.7374487092460358,0.8296297979017903,False,0.5062784910480301,0.006278491048030133,1.6723760054793146e-05
OLD,slow5,34,0.0971166975133599,0.09704016741287656,0.16307375860205442,0.34131716916709065,False,0.5261159682001365,0.026115968200136508,0.0
OLD,slow5,35,0.0014908854305963608,0.0014897105799812336,0.7786138303232623,0.8442800569770313,False,0.505265476006959,0.005265476006959036,0.0
OLD,slow5,36,0.14357686641923834,0.14346372468053128,0.03251930699655184,0.11256683191114097,False,0.5400295095685878,0.04002950956858775,0.04039701612023805
OLD,slow5,37,0.22706842818331097,0.22688949325172444,0.005018431389895153,0.041337571928374936,True,0.5525336387059835,0.05253363870598349,0.0
OLD,slow5,38,0.13633805395672924,0.13623061656196428,0.01744370447525518,0.09704479234691397,False,0.5445087978154111,0.04450879781541106,0.0011364658102044345
OLD,slow5,39,0.1254035726539445,0.12530475187171128,0.31140012168899656,0.48121877999962276,False,0.5189543923010858,0.018954392301085754,0.0
OLD,slow5,40,0.02257663632421044,0.02255884543664211,0.934003702416404,0.9444981260390601,False,0.5015525556607721,0.0015525556607720592,0.005364882228041212
OLD,slow5,41,0.08167970341523542,0.08161533800671278,0.2532949500784989,0.4164050666264763,False,0.5213900328128784,0.021390032812878434,0.028627620982826008
OLD,slow5,42,0.033767869659682745,0.03374125983331577,0.31546564466641935,0.48121877999962276,False,0.518795833425092,0.018795833425091946,0.022805153638438602
OLD,slow5,43,0.03435735813728897,0.03433028378099481,0.5815000200024556,0.7371127014115634,False,0.5103217423858707,0.010321742385870691,0.005571402201949516
OLD,slow5,44,0.14101580527491134,0.14090468170889486,0.020891615518497747,0.09976525989706891,False,0.5432491356339051,0.04324913563390509,0.02728024660086037
OLD,slow5,45,0.0847936964819601,0.08472687717819181,0.2537839955785369,0.4164050666264763,False,0.5213680107467682,0.021368010746768196,0.0
OLD,slow5,46,0.053384527330174625,0.05334245914472926,0.26229856561053744,0.4215512661597923,False,0.520989231209672,0.020989231209672,0.0
OLD,slow5,47,0.07298121230488065,0.07292370149928185,0.19416547200314516,0.3849726350799588,False,0.5243101587790967,0.024310158779096702,0.0
OLD,slow5,48,0.081289377080716,0.08122531925795735,0.22451675261561632,0.4164050666264763,False,0.5227421876720474,0.022742187672047387,0.0
OLD,slow5,49,0.037997860443429995,0.037967917290992304,0.45695741915296106,0.6149711937073775,False,0.5139289568147283,0.013928956814728277,0.0
OLD,slow5,50,0.08117892259624285,0.0811149518140551,0.2429864265787618,0.4164050666264763,False,0.5218613050276377,0.021861305027637723,0.005222235741055403
OLD,slow5,51,0.08393803568921458,0.0838718906650308,0.36870744584219817,0.543994592226194,False,0.5168314651280583,0.01683146512805833,0.0
OLD,slow5,52,0.008503767286271164,0.008497066130017206,0.8712361665896873,0.9133099797871482,False,0.5030368429166024,0.0030368429166024447,0.0
OLD,slow5,53,-0.04125766093095223,-0.04122514898380412,0.6623816230826869,0.784273983416106,False,0.49182320685326697,0.00817679314673303,0.0
OLD,slow5,54,0.10783450357540862,0.1077495276072641,0.07348675430669571,0.20041842083644285,False,0.5335109779999558,0.03351097799995584,0.0
OLD,slow5,55,0.010990208929756712,0.010981548402625304,0.7615280265632713,0.8358234437889563,False,0.5056838952630536,0.005683895263053573,0.0
OLD,slow5,56,-0.0017894567003610613,-0.0017880465689974986,0.754546852382199,0.8358234437889563,False,0.49414433262128654,0.005855667378713458,0.011152008199854624
OLD,slow5,57,-0.026287485465152808,-0.026266770346582948,0.44005731814975046,0.6106613573947762,False,0.48554251359862577,0.014457486401374231,0.018033694041322157
OLD,slow5,58,0.07630978869410784,0.07624965489687056,0.17190530704903983,0.35162449169121784,False,0.5255786297870466,0.025578629787046614,0.0
OLD,slow5,59,0.06799037800627938,0.06793680008822874,0.13198573563196472,0.2897247855335811,False,0.5282036600673875,0.028203660067387504,0.0064989905116130675
OLD,slow5,60,0.11365374214320263,0.1135641804866674,0.126522350472342,0.28824111242601147,False,0.5286088660838161,0.028608866083816076,0.0
OLD,slow5,61,0.1133156784380701,0.11322638318319377,0.11213820298131108,0.2720707830085402,False,0.5297452046951044,0.029745204695104444,0.017150316104669994
OLD,slow5,62,0.062940115884529,0.06289051768446238,0.4578118886488255,0.6149711937073775,False,0.5139025303353961,0.013902530335396124,0.0
OLD,slow5,63,0.0880956458848808,0.08802622457212675,0.22994910729565254,0.4164050666264763,False,0.5224779228787244,0.02247792287872441,0.025172320921902358
OLD,slow5,64,0.11239013270995821,0.11230156680553743,0.10126240259821671,0.2603890352525573,False,0.5306833447114008,0.030683344711400773,0.0
OLD,slow5,65,0.2485428203245865,0.24834696309816837,0.0001742588150474572,0.005227764451423716,True,0.5702790195776168,0.07027901957761684,0.012886473117040831
OLD,slow5,66,0.10753456492617519,0.10744982531630429,0.06742245095798768,0.19574259955544812,False,0.5342421105948161,0.03424211059481608,0.011593436014863512
OLD,slow5,67,-0.003566945750298472,-0.003564134918343942,0.8727184251299417,0.9133099797871482,False,0.4969983923891739,0.0030016076108260736,0.0
OLD,slow5,68,-0.021232668897601205,-0.02121593708601917,0.612342600701655,0.7447410008533641,False,0.4905106917130965,0.009489308286903475,0.0
OLD,slow5,69,0.01674799000485068,0.01673479221918886,0.4656861757145784,0.6163493502104713,False,0.4863397123918166,0.013660287608183386,0.00301406687595529
OLD,slow5,70,0.10313015449875416,0.10304888566148171,0.23022315792972992,0.4164050666264763,False,0.5224647096390583,0.022464709639058333,0.03230026550700971
OLD,slow5,71,0.1081293505032517,0.10804414218922234,0.24109278644662369,0.4164050666264763,False,0.5219493932920787,0.02194939329207868,0.009770843542384222
OLD,slow5,72,0.09321013704831337,0.09313668540367324,0.19676379126309007,0.3849726350799588,False,0.5241692175559911,0.024169217555991107,0.0
OLD,slow5,73,0.09764253987669827,0.09756559540083011,0.11487433060360586,0.2720707830085402,False,0.52952057962078,0.02952057962078003,0.01742346636796288
OLD,slow5,74,0.15615698408265938,0.15603392893365808,0.023196668357240924,0.10082887378667854,False,0.5425047897993789,0.042504789799378884,0.0
OLD,slow5,75,0.1701593783469073,0.1700252890022683,0.036073889419446885,0.12024629806482295,False,0.5392455240150631,0.039245524015063094,0.014913947647898329
OLD,slow5,76,0.056565066276002364,0.05652049175569031,0.4959861992452391,0.637696541886736,False,0.5127485740712193,0.01274857407121932,0.0
OLD,slow5,77,0.04745169299930972,0.0474143000182228,0.6608465933675693,0.784273983416106,False,0.5082164328657315,0.008216432865731482,0.0
OLD,slow5,78,0.07200284744715642,0.07194610761465275,0.27316503376892276,0.43131321121408855,False,0.5205179589949128,0.02051795899491282,0.0028241020582377985
OLD,slow5,79,-0.042841499047299,-0.04280773900076843,0.4410332025628939,0.6106613573947762,False,0.48557334449118017,0.01442665550881983,0.0
OLD,slow5,80,0.06328968208158921,0.06323980841564626,0.38819045782069417,0.5635022774816528,False,0.516157589905085,0.01615758990508498,0.013977881234755074
OLD,slow5,81,0.0026735567902950097,0.0026714499685532482,0.8987257325910216,0.9297162750941603,False,0.5023849897597392,0.00238498975973922,0.0
OLD,slow5,82,0.1835121865335395,0.18336757488142483,0.0015579532268234883,0.019648274824648957,True,0.5592327512167191,0.059232751216719115,0.006823772286951968
OLD,slow5,83,0.10162120568167608,0.10154112592936586,0.08345483431710501,0.22090985554527798,False,0.5324098746944438,0.032409874694443785,0.0
OLD,slow5,84,0.13793775291410262,0.13782905492126252,0.030242145547982508,0.11256683191114097,False,0.5405712523948998,0.04057125239489978,0.009311168878730403
OLD,slow5,85,0.2089559561120489,0.2087912942080993,0.00013318716790250087,0.005227764451423716,True,0.5715298729326785,0.07152987293267854,0.026220046592732027
OLD,slow5,86,0.17405394748359562,0.1739167891325447,0.0072443187013208525,0.05015297562452898,False,0.5502785791362945,0.05027857913629452,0.02156639188005416
OLD,slow5,87,0.22449663007792747,0.22431972177999374,0.0005096925707233442,0.011468082841275245,True,0.5650730031491555,0.06507300314915554,0.01626748605054895
OLD,slow5,88,0.1148366021911135,0.11474610841476116,0.02436275915858755,0.10082887378667854,False,0.5421524367416152,0.042152436741615174,0.008438941109852882
OLD,slow5,89,0.17230894957752207,0.17217316632332386,0.005373698174916109,0.041337571928374936,True,0.5521196238631108,0.05211962386311075,0.00026108824383652696
OLD,slow4,0,0.15157375800188924,0.1514543145361667,0.06942048086954795,0.14875817329188848,False,0.5339954634543813,0.033995463454381314,0.0037641656462850115
OLD,slow4,1,0.15902897802531576,0.15890365968171818,0.05227921643648861,0.11762823698209939,False,0.5363386112885111,0.036338611288511125,0.0012149649052604072
OLD,slow4,2,0.2115960925936068,0.21142935020385611,0.003530107448450457,0.019537578340291968,True,0.5546213305732344,0.05462133057323437,0.0
OLD,slow4,3,0.16552393168305352,0.16539349517266497,0.014242490462775953,0.04420083247068399,True,0.5458917835671342,0.04589178356713419,0.013922814803269512
OLD,slow4,4,0.2264125655454847,0.22623414744812811,0.001182029285822292,0.008457731375207127,True,0.5607214428857715,0.060721442885771526,0.026691005612063057
OLD,slow4,5,0.23600116469810267,0.23581519057304506,0.0007627145302163749,0.006240391610861248,True,0.5630205465876809,0.06302054658768086,0.0
OLD,slow4,6,0.2723361167218814,0.2721215098529122,5.234109452372622e-05,0.0015702328357117866,True,0.5757316831465128,0.0757316831465128,0.0
OLD,slow4,7,0.2428135626802813,0.24262222023530078,0.000471320411794565,0.004729855071180532,True,0.5654649959259178,0.06546499592591781,0.032927515844134
OLD,slow4,8,0.2183005229511874,0.21812849732238426,0.0004729855071180532,0.004729855071180532,True,0.5654473782730296,0.0654473782730296,0.004282375598457344
OLD,slow4,9,0.2136525243736629,0.21348416147029514,0.002259598865405371,0.013557593192432224,True,0.5571758902420225,0.05717589024202252,0.012614421464578474
OLD,slow4,10,0.1795452421120558,0.17940375649967436,0.011257484023844142,0.03628207515463266,True,0.5474553502609615,0.04745535026096148,0.007126901472341407
OLD,slow4,11,0.14623027278900344,0.14611504010753062,0.026461866235515503,0.06639491798338293,False,0.5415534365434165,0.04155343654341648,0.0
OLD,slow4,12,0.18900889963747458,0.18885995645415113,0.006822305450061522,0.02456029962022148,True,0.5506529542601686,0.05065295426016858,0.0
OLD,slow4,13,0.20502764723400285,0.20486608092412578,0.005014768901674011,0.02110389045648064,True,0.5525380431192054,0.0525380431192054,0.0
OLD,slow4,14,0.2712783253992066,0.27106455209313945,0.00011703824414758796,0.0021066883946565832,True,0.5721244687176551,0.0721244687176551,0.012753640839977765
OLD,slow4,15,0.24392222100503014,0.2437300049128276,0.000298041312887621,0.004470619693314315,True,0.5677200554956067,0.06772005549560667,0.0
OLD,slow4,16,0.11049997239303555,0.11041289597665017,0.230314559727413,0.32801210158607685,False,0.5224603052258363,0.022460305225836308,0.0
OLD,slow4,17,0.07651613228509654,0.07645583588455668,0.3591365931897136,0.448920741487142,False,0.5171706049461562,0.017170604946156187,0.03579222944399563
OLD,slow4,18,0.1973995795859702,0.19724402436171018,0.005377596719629191,0.02110389045648064,True,0.5521152194498888,0.05211521944988884,0.020336123305022547
OLD,slow4,19,0.08808891523440258,0.08801949922554962,0.36795601298381375,0.4536443995690855,False,0.5168578916073905,0.016857891607390485,0.0011221462982908825
OLD,slow4,20,0.18426587331470895,0.1841206677407809,0.006385995036158757,0.02394748138559534,True,0.5510625646898192,0.05106256468981918,0.009842228917744666
OLD,slow4,21,0.15943792021669714,0.15931227961762962,0.01971037817062578,0.05672892452218137,False,0.5436587460635557,0.04365874606355569,0.0
OLD,slow4,22,0.08772144167856719,0.08765231524698439,0.5526622387392786,0.6140691541547539,False,0.5111189411790614,0.011118941179061426,0.0
OLD,slow4,23,0.06855804847997303,0.06850402322506367,0.6212858453690406,0.6736834467857067,False,0.5092514699729129,0.009251469972912929,0.0
OLD,slow4,24,0.1002394824768237,0.10016049155288609,0.37869017393486326,0.4605691304613202,False,0.5164835164835164,0.016483516483516425,0.019906192611933937
OLD,slow4,25,0.06958701572601324,0.06953217962221023,0.9613481504307192,0.9613481504307191,False,0.500909511330353,0.0009095113303529967,0.0
OLD,slow4,26,0.19505675175949752,0.19490304273525835,0.004100730777361582,0.02050365388680791,True,0.5537404479288246,0.0537404479288246,0.0
OLD,slow4,27,0.17736282811616774,0.17722306229416918,0.0036904314642773714,0.019537578340291968,True,0.5543614701931335,0.05436147019313353,0.03937881365225748
OLD,slow4,28,0.11478994479608697,0.11469948778679138,0.12151943170314831,0.22784893444340307,False,0.5289920500341342,0.028992050034134187,0.010552766130486946
OLD,slow4,29,0.10856924314699985,0.10848368818786117,0.11102661067468775,0.2126041481004659,False,0.5298376973727675,0.029837697372767535,0.004867322119571416
OLD,slow4,30,0.12545392700083222,0.12535506653826262,0.27865994773284897,0.3688146367052413,False,0.5202845250941444,0.020284525094144357,0.0
OLD,slow4,31,0.03296626330501014,0.03294028516213779,0.8229717061756906,0.8612494599513041,False,0.4958092008192209,0.004190799180779081,0.006933401750539803
OLD,slow4,32,0.09219796520304303,0.09212531117215017,0.3574133630040217,0.448920741487142,False,0.5172322667312648,0.017232266731264767,0.0
OLD,slow4,33,0.0559538670961359,0.05590977421426346,0.3007283681091232,0.3866507589974441,False,0.5193772159704024,0.01937721597040243,0.0
OLD,slow4,34,0.06305799449904737,0.06300830340803157,0.5179737488958347,0.582720467507814,False,0.5121055297408004,0.01210552974080037,0.0
OLD,slow4,35,-0.0976517560116864,-0.09757480427330051,0.2237098760963514,0.32474014272051005,False,0.4772181726089542,0.022781827391045784,0.025262989748697784
OLD,slow4,36,0.17453957453603886,0.17440203350015546,0.011287756714774605,0.03628207515463266,True,0.5474377326080733,0.04743773260807327,0.0032610477244123803
OLD,slow4,37,0.19297165983416778,0.19281959390837253,0.004934803187002506,0.02110389045648064,True,0.5526349402100905,0.05263494021009052,0.009398596609055065
OLD,slow4,38,0.17836106857228606,0.1782205161147823,0.005393216449989497,0.02110389045648064,True,0.5520976017970005,0.052097601797000515,0.0
OLD,slow4,39,0.1158158717866836,0.11572460632428273,0.17161018407377493,0.2662916649420646,False,0.5255962474399349,0.025596247439934938,0.0
OLD,slow4,40,0.12076828993193393,0.12067312185476141,0.09025611388673187,0.18051222777346373,False,0.5317183818185822,0.03171838181858222,0.0
OLD,slow4,41,0.116090093816379,0.11599861226096814,0.130962659401749,0.23573278692314822,False,0.5282785350921624,0.028278535092162382,0.0
OLD,slow4,42,0.061060359874309675,0.06101224296345521,0.24422288539282033,0.3381547643900589,False,0.5218040476557511,0.021804047655751058,0.009509716836712201
OLD,slow4,43,0.0845842408696635,0.08451758662153926,0.19343925252467098,0.29015887878700647,False,0.5243497984980952,0.024349798498095154,0.01199723921417184
OLD,slow4,44,0.13130863442031737,0.13120516031911933,0.05103581815594943,0.11762823698209939,False,0.5365324054702811,0.03653240547028114,0.0
OLD,slow4,45,0.11434539710030107,0.11425529040439855,0.10249365136532929,0.20053105701912252,False,0.5305732343808496,0.03057323438084958,0.0164757227315242
OLD,slow4,46,0.09778698722349047,0.09770992891992586,0.1866002003333569,0.2846443733898665,False,0.5247285780351912,0.02472857803519124,0.004731154637545698
OLD,slow4,47,0.0633591857162995,0.06330925727995884,0.199140430924987,0.2938137505450628,False,0.5240414895725517,0.0240414895725517,0.0
OLD,slow4,48,0.08919484077138053,0.0891245532688026,0.16607467336239345,0.2662916649420646,False,0.5259309828448105,0.025930982844810546,0.026815748922009996
OLD,slow4,49,0.07109540617727192,0.07103938142851127,0.275851324257681,0.3688146367052413,False,0.5204034442511397,0.020403444251139713,0.011594787156151698
OLD,slow4,50,0.10969116666389693,0.1096047276042721,0.17050685011695554,0.2662916649420646,False,0.5256623136382655,0.025662313638265544,0.0
OLD,slow4,51,0.07476495359490008,0.07470603716180717,0.4336752605523644,0.5003945314065743,False,0.5146600894095885,0.014660089409588517,0.0
OLD,slow4,52,0.057501517992283854,0.05745620552735692,0.5114460016696858,0.5826600019021737,False,0.5122949195093482,0.012294919509348246,0.0
OLD,slow4,53,0.005479438473803229,0.005475120555384156,0.92801966214981,0.9384468493649765,False,0.49830650311612235,0.0016934968838776543,0.0
OLD,slow4,54,0.21026547460656897,0.21009978077315167,0.0012216723097521404,0.008457731375207127,True,0.5605452663568896,0.060545266356889615,0.0
OLD,slow4,55,0.0892239840843457,0.08915367361619413,0.1583714932008332,0.2639524886680554,False,0.5264110638860138,0.026411063886013775,0.010530259440680867
OLD,slow4,56,0.06461460758483605,0.06456368984836257,0.8582862512580657,0.8777927569684763,False,0.5033451518421458,0.003345151842145788,0.006174431539255343
OLD,slow4,57,0.07396661198560829,0.0739083246633186,0.8440853891209754,0.8731917818492849,False,0.5036842916602436,0.0036842916602436437,0.0
OLD,slow4,58,0.14299776340321416,0.14288507801046144,0.04798212767842633,0.1136418813436413,False,0.5370256997511507,0.037025699751150665,0.0009427234328174272
OLD,slow4,59,0.0766573621775928,0.07659695448478145,0.23325305001676577,0.32801210158607685,False,0.5223193640027308,0.022319364002730824,0.0
OLD,slow4,60,0.15875370277814654,0.15862860135751758,0.020593879848085778,0.05672892452218137,False,0.5433504371380122,0.04335043713801223,0.01235458524299382
OLD,slow4,61,0.14705015478309078,0.14693427601651624,0.03380065571646611,0.08221781120221486,False,0.5397388182959325,0.03973881829593251,0.005050287805048903
OLD,slow4,62,0.1097924152307754,0.10970589638504587,0.27564404898714046,0.3688146367052413,False,0.5204122530775838,0.020412253077583764,0.0
OLD,slow4,63,0.1272937214456517,0.12719341118446523,0.05695479005488969,0.12502270987658712,False,0.5356427139994275,0.03564271399942753,0.03185718112137592
OLD,slow4,64,0.12551838578563554,0.12541947452812124,0.08857034715277227,0.18051222777346373,False,0.5318857495210201,0.03188574952102008,0.006440495518639677
OLD,slow4,65,0.19951131506315625,0.19935409574474558,0.004562083135246944,0.02110389045648064,True,0.5531062124248497,0.0531062124248497,0.0
OLD,slow4,66,0.13720498769854525,0.1370968671408632,0.09021142315701494,0.18051222777346373,False,0.5317227862318044,0.031722786231804356,0.020926020675787083
OLD,slow4,67,0.024607695755584944,0.02458830434837014,0.6314560661729324,0.6765600708995704,False,0.5089828007663679,0.008982800766367927,0.0
OLD,slow4,68,0.08502849113665445,0.08496148680951761,0.1381921804085877,0.23917877378409408,False,0.5277588143319607,0.0277588143319607,0.0
OLD,slow4,69,0.07364918855271434,0.0735911513670936,0.6586318459211642,0.6973748956812327,False,0.5082736902376181,0.008273690237618148,0.007589530350157192
OLD,slow4,70,0.076059029163337,0.07599909297014287,0.5773146004666458,0.6336379761219284,False,0.5104362571296439,0.010436257129643911,0.013237926391781007
OLD,slow4,71,0.11465599297263279,0.11456564152032969,0.1279303124912886,0.23497404335134642,False,0.5285031601664869,0.028503160166486907,0.0
OLD,slow4,72,0.17170706728864685,0.17157175833097257,0.02080060565813317,0.05672892452218137,False,0.5432799665264596,0.0432799665264596,0.0
OLD,slow4,73,0.10031807077045522,0.10023901791720821,0.28762862440704084,0.37516777096570547,False,0.5199101499702702,0.019910149970270186,0.01204545955003522
OLD,slow4,74,0.1798861722424531,0.1797444179696064,0.026557967193353172,0.06639491798338293,False,0.5415270100640843,0.041527010064084324,0.015325500276286208
OLD,slow4,75,0.1932859560233071,0.19313364242517997,0.02412555838405949,0.06386177219309865,False,0.5422229073531679,0.042222907353167916,0.0284121936401327
OLD,slow4,76,0.11923153925937832,0.11913758217564359,0.14742679474354856,0.2503473873003655,False,0.5271245788279857,0.02712457882798569,0.02094619959855848
OLD,slow4,77,0.051112008025677315,0.051071730635586156,0.41593101928884557,0.4861531394285208,False,0.5152326631284547,0.015232663128454726,0.0
OLD,slow4,78,0.08962416428910044,0.0895535384701177,0.1341115573178044,0.236667454090243,False,0.5280495056046158,0.028049505604615832,0.008153658636407046
OLD,slow4,79,0.06743141655943818,0.06737827911534092,0.39796583477717395,0.47611098380976363,False,0.5158272589134313,0.015827258913431286,0.030469504629039967
OLD,slow4,80,0.10705762737846305,0.10697326360590319,0.1671564346834864,0.2662916649420646,False,0.5258649166464797,0.02586491664647972,0.007369519325022056
OLD,slow4,81,0.06369770570903921,0.06364751051147495,0.40204927521713374,0.47611098380976363,False,0.5156907221035477,0.015690722103547716,0.012381759925643943
OLD,slow4,82,0.24042831200046794,0.24023884918565275,5.0076290174063705e-05,0.0015702328357117866,True,0.5759254773282829,0.07592547732828292,0.012390233283174013
OLD,slow4,83,0.15506378569730095,0.15494159201274832,0.01533920222990845,0.04601760668972535,True,0.5453896804598207,0.045389680459820725,0.0
OLD,slow4,84,0.19401452002469194,0.19386163230205625,0.007153044453420056,0.024760538492607884,True,0.5503578585742914,0.050357858574291425,0.008556871028004842
OLD,slow4,85,0.21332043826365274,0.21315233705146705,0.00011425805237659283,0.0021066883946565832,True,0.5722345790482063,0.0722345790482063,0.03293022103551846
OLD,slow4,86,0.21023331919456023,0.21006765070031708,0.0007314524600648732,0.006240391610861248,True,0.5632363628355612,0.06323636283556122,0.0
OLD,slow4,87,0.259166453357281,0.2589622244736267,1.7938976743989614e-05,0.0015702328357117866,True,0.5803034640709992,0.0803034640709992,0.014343983694048212
OLD,slow4,88,0.1777089698178289,0.17756893122853196,0.001852889745762439,0.011911434079901393,True,0.5582813979607567,0.05828139796075671,0.02163556350397955
OLD,slow4,89,0.21866507901234364,0.2184927661053205,0.00043142840932576114,0.004729855071180532,True,0.5659054372481226,0.06590543724812259,0.008084119007751633
OLD,classical,0,0.13389601675547028,0.13379050373990253,0.13018446512674342,0.24872066050109654,False,0.5283357924640489,0.028335792464048937,0.03298963754425044
OLD,classical,1,0.1527350802804398,0.15261472166713766,0.08341288295990905,0.18767898665979538,False,0.5324142791076658,0.03241427910766581,0.0
OLD,classical,2,0.2061390239919642,0.20597658189267976,0.006232860712224627,0.0267122601952484,True,0.5512123147393689,0.051212314739368936,0.012257755178243235
OLD,classical,3,0.17788352326566864,0.17774334712440334,0.014590607672211186,0.04451909262166943,True,0.5457288202779185,0.04572882027791847,0.020124796309858972
OLD,classical,4,0.2242733375976639,0.22409660525913147,0.0019651896648125175,0.012633362130937614,True,0.557955471382325,0.05795547138232504,0.012379709859946297
OLD,classical,5,0.22983613270922462,0.2296550167654033,0.0018293973850281614,0.012633362130937614,True,0.5583518685723095,0.05835186857230945,0.004480937677216135
OLD,classical,6,0.27656857326865575,0.2763506311305402,7.414370932331829e-05,0.002166177053835193,True,0.5741901385187959,0.07419013851879586,0.0
OLD,classical,7,0.25715494624665713,0.2569523024749892,0.00029561364663970924,0.00380074688536769,True,0.567759695214605,0.06775969521460501,0.02971890881277628
OLD,classical,8,0.22357447667425534,0.22339829505355066,0.0006995810597923073,0.00643816676531789,True,0.5634653923231078,0.06346539232310777,0.016968498115031316
OLD,classical,9,0.2311848994357375,0.2310027206339757,0.0010255958439706725,0.008391238723396411,True,0.5614745975467419,0.061474597546741894,0.025784066758861135
OLD,classical,10,0.17147485714741223,0.17133973117645288,0.012718639202951769,0.04353176427683835,True,0.5466493426413266,0.046649342641326585,0.0
OLD,classical,11,0.13177502190396786,0.13167118027914204,0.05670996128245304,0.13431306619528352,False,0.5356779493052038,0.03567794930520385,0.0
OLD,classical,12,0.1845260003680351,0.18438058980824942,0.009496278410032448,0.03418660227611681,True,0.5485608579796957,0.04856085797969567,0.0
OLD,classical,13,0.20090903475254393,0.20075071400017785,0.007148004063281036,0.026937576940827993,True,0.5503622629875135,0.05036226298751345,0.018684040225002585
OLD,classical,14,0.2644868785136516,0.26427845701758096,0.0001822814294125289,0.0027342214411879336,True,0.5700676077429585,0.0700676077429585,0.0012756539544274137
OLD,classical,15,0.25248054254501495,0.2522815823066028,0.00012034316965751072,0.002166177053835193,True,0.5719967407342157,0.07199674073421569,0.0
OLD,classical,16,0.08090848611329636,0.08084472844102426,0.41849733777485865,0.5231216722185733,False,0.5151489792772358,0.015148979277235797,0.00496658249335602
OLD,classical,17,0.04983960381991094,0.04980032911240904,0.49732704075368395,0.5905300386606747,False,0.512708934352221,0.01270893435222098,0.0
OLD,classical,18,0.1880293731394922,0.18788120184466203,0.013059529283051506,0.04353176427683835,True,0.5464731661124447,0.046473166112444675,0.01984169167802885
OLD,classical,19,0.08212098195341266,0.0820562688076653,0.3532500935241695,0.46076099155326455,False,0.5173820167808144,0.017382016780814413,0.0
OLD,classical,20,0.18096881268561907,0.1808262052682151,0.006612645975813477,0.026937576940827993,True,0.5508467484419388,0.050846748441938816,0.0
OLD,classical,21,0.16352562799387435,0.1633967661908847,0.014839697540556477,0.04451909262166943,True,0.5456143055341452,0.04561430553414525,0.03687482014983656
OLD,classical,22,0.06406726898228568,0.06401678256070784,0.8019854228779906,0.8491610359884606,False,0.5046973067013147,0.004697306701314741,0.0
OLD,classical,23,0.04569758603453673,0.04566157532844175,0.9160641218129798,0.9335332005413084,False,0.5019753793300887,0.0019753793300887335,0.014884410418831484
OLD,classical,24,0.08895126521272084,0.08888116965305755,0.633297563478356,0.7036639594203955,False,0.5089343522209253,0.008934352220925312,0.0
OLD,classical,25,0.04559730089515953,0.04556136921596713,0.6795317586726809,0.7368416660306178,False,0.49226364817547186,0.007736351824528143,0.0
OLD,classical,26,0.19104559107323127,0.19089504293211762,0.0071833538508874655,0.026937576940827993,True,0.5503314320949592,0.05033143209495916,0.0
OLD,classical,27,0.1728857415061473,0.17274950372718265,0.0057598136893688276,0.0267122601952484,True,0.5516968001937942,0.05169680019379419,0.025584720333099442
OLD,classical,28,0.0837494092697404,0.08368341288733713,0.1917525020580373,0.31958750343006215,False,0.5244422911757581,0.024442291175758135,0.010296247575464657
OLD,classical,29,0.08501568299378405,0.0849486887597464,0.22451675261561632,0.3483880644035426,False,0.5227421876720474,0.022742187672047387,0.006801935669187298
OLD,classical,30,0.09309109968002365,0.09301774183945626,0.6154828095801599,0.6924181607776798,False,0.5094056244356846,0.0094056244356846,0.0
OLD,classical,31,0.014658420333842138,0.014646869175186629,0.6085508049974224,0.6924181607776798,False,0.4904093902089894,0.009590609791010618,0.0
OLD,classical,32,0.074976769960974,0.07491768661191098,0.4050951031187179,0.5135008349392198,False,0.5155894205994407,0.015589420599440684,0.0012990916744057834
OLD,classical,33,0.03767495675020814,0.03764526805300546,0.4339516238039741,0.5350088512651736,False,0.5146512805831444,0.014651280583144355,0.009306439265086786
OLD,classical,34,0.08898728184307797,0.08891715790151526,0.32439335111045486,0.4483660453770448,False,0.5184522891937722,0.018452289193772176,0.0
OLD,classical,35,-0.06708372358959777,-0.06703086013523245,0.48327157396535336,0.5877627250929973,False,0.4868726463916844,0.013127353608315573,0.0
OLD,classical,36,0.16810748023013164,0.167975007826483,0.015629786003909,0.04537679807586484,True,0.5452619524763813,0.04526195247638132,0.011839526344827878
OLD,classical,37,0.21650585407073744,0.21633524268061077,0.0022881114560264894,0.013728668736158937,True,0.5571054196304698,0.05710541963046978,0.00944507784249704
OLD,classical,38,0.1755140828971243,0.1753757739271502,0.00410989363768562,0.020549468188428104,True,0.5537272346891585,0.05372723468915852,0.0
OLD,classical,39,0.12144193981154164,0.12134624088340015,0.18754361520908613,0.31847028997769344,False,0.5246757250765267,0.02467572507652671,0.0
OLD,classical,40,0.1002178858874642,0.10013891198211554,0.18055332856819784,0.3150219856710035,False,0.525072122266511,0.02507212226651101,0.0
OLD,classical,41,0.11260925523903513,0.11252051666122659,0.12437541603607456,0.24872066050109654,False,0.5287718293730318,0.0287718293730318,0.004302168370455162
OLD,classical,42,0.053983686928301126,0.053941146591872206,0.2769932385436119,0.40208695917621085,False,0.5203549957056971,0.0203549957056971,0.016809508747292368
OLD,classical,43,0.06994981806077306,0.06989469606072517,0.29755310933441614,0.4184340600015227,False,0.5195049439538417,0.019504943953841725,0.0
OLD,classical,44,0.142097722840802,0.1419857466998715,0.03764631646929703,0.09157212114153332,False,0.5389195974366314,0.038919597436631426,0.0
OLD,classical,45,0.11343633276181235,0.11334694242866672,0.15899710431779202,0.29203549772655674,False,0.5263714241670153,0.026371424167015323,0.0
OLD,classical,46,0.08833353397493393,0.08826392520111602,0.20580530047120982,0.33075851861444433,False,0.5236891365147878,0.023689136514787767,0.004012039395215217
OLD,classical,47,0.07375121460820817,0.07369309702380454,0.17660371533521635,0.3150219856710035,False,0.5253011517540576,0.02530115175405756,0.004063567793171297
OLD,classical,48,0.09786554601495652,0.09778842580533087,0.1277536538051893,0.24872066050109654,False,0.528516373406153,0.028516373406152984,0.01049234571828861
OLD,classical,49,0.06515228990201824,0.06510094846001507,0.3477872457245138,0.460306648753033,False,0.5175802153758066,0.017580215375806563,0.0
OLD,classical,50,0.1072329179027759,0.10714841599741518,0.20170410188389631,0.330061257628194,False,0.5239049527626682,0.02390495276266824,0.0
OLD,classical,51,0.0864490922539535,0.0863809684617912,0.39351607921862974,0.5059492447096668,False,0.5159770089629809,0.015977008962980932,0.0
OLD,classical,52,0.05378716578974318,0.053744780316307604,0.5382782288426504,0.6291563713745264,False,0.5115241471954899,0.011524147195489887,0.016378654124944658
OLD,classical,53,-0.0064922639191201765,-0.006487147871902588,0.8481378209315527,0.8875860916725552,False,0.4964126054306415,0.0035873945693585263,0.0007834396991182047
OLD,classical,54,0.18590196187015912,0.18575546702234969,0.003668311435695821,0.019420472306624935,True,0.55439670549891,0.05439670549890996,0.0
OLD,classical,55,0.06382870500914921,0.06377840658124602,0.2842295862045334,0.4060422660064763,False,0.5200510911933758,0.02005109119337578,0.015113786945499363
OLD,classical,56,0.044576667118781166,0.04454153972152444,0.8777243177795643,0.9079906735650666,False,0.4971173115461692,0.002882688453830773,0.009771524203442183
OLD,classical,57,0.0410786080673356,0.041046237217794754,0.9231606094241828,0.9335332005413084,False,0.4981919883723491,0.001808011627650874,0.0
OLD,classical,58,0.12998633303472015,0.12988390093619004,0.06742245095798768,0.15559027144151005,False,0.5342421105948161,0.03424211059481608,0.0
OLD,classical,59,0.07708681562294312,0.07702606951134111,0.22236969423550712,0.3483880644035426,False,0.5228478935893766,0.022847893589376556,0.014523886512831652
OLD,classical,60,0.15549702985808786,0.15537449476757714,0.035063791705155674,0.08924996736109608,False,0.5394613402629435,0.039461340262943456,0.010089542185313105
OLD,classical,61,0.15270826018838807,0.15258792270991023,0.026590067771378855,0.07038547351247344,False,0.5415182012376402,0.04151820123764016,0.031692411056202685
OLD,classical,62,0.10554547248044086,0.10546230031930576,0.2738864997217031,0.40208695917621085,False,0.5204871281023586,0.020487128102358643,0.0
OLD,classical,63,0.12192700666511763,0.12183092549359271,0.08764968233052499,0.1887211051466335,False,0.5319782421986831,0.03197824219868306,0.0
OLD,classical,64,0.1242040600148686,0.12410618447506176,0.09016675023672491,0.1887211051466335,False,0.5317271906450264,0.03172719064502638,0.0
OLD,classical,65,0.23142548973664215,0.2312431213444147,0.0007007826310353049,0.00643816676531789,True,0.5634565834966637,0.06345658349666372,0.041075047359220074
OLD,classical,66,0.1319372122297677,0.1318332427953865,0.08954319675183965,0.1887211051466335,False,0.531788852430135,0.03178885243013496,0.0
OLD,classical,67,0.01635254269233791,0.016339656527883745,0.7418892447981937,0.7948813337123504,False,0.5061683807174789,0.0061683807174789385,0.0037732382182507074
OLD,classical,68,0.06082492767814932,0.06077699629306016,0.3417807839640279,0.4591085157725748,False,0.517800436036909,0.01780043603690895,0.0
OLD,classical,69,0.0593052800333316,0.059258546164117,0.9536632424408602,0.9536632424408602,False,0.501090092272457,0.0010900922724570439,0.020618648224038028
OLD,classical,70,0.09742114089915566,0.09734437089056688,0.32880176660983285,0.4483660453770448,False,0.5182849214913343,0.018284921491334316,0.0
OLD,classical,71,0.12184552830447691,0.12174951133969797,0.13265101893391815,0.24872066050109654,False,0.528155211521945,0.028155211521945,0.02657592583488766
OLD,classical,72,0.15742932613089497,0.1573052683482859,0.03569998694443843,0.08924996736109608,False,0.53932480345306,0.03932480345306,0.0051682778895965065
OLD,classical,73,0.1059172559408644,0.10583379080615923,0.18201270283213533,0.3150219856710035,False,0.5249884384152921,0.02498843841529208,0.0
OLD,classical,74,0.1882338867154755,0.18808555425943493,0.014830048308048282,0.04451909262166943,True,0.5456187099473673,0.045618709947367275,0.0
OLD,classical,75,0.19031315951710773,0.19016318854822112,0.024737431717228416,0.0674657228651684,False,0.5420423264110639,0.04204232641106387,0.021717131589300998
OLD,classical,76,0.09841743721469048,0.09833988210262216,0.2751263258059218,0.40208695917621085,False,0.520434275143694,0.020434275143694003,0.0
OLD,classical,77,0.05137368464291565,0.05133320104587631,0.4986698104245697,0.5905300386606747,False,0.5126692946332225,0.012669294633222528,0.0003412865597911541
OLD,classical,78,0.0918576528528613,0.09178526699560924,0.11384891367557753,0.23287277797277223,False,0.529604263471999,0.02960426347199896,0.0
OLD,classical,79,0.04032694245170064,0.04029516393125013,0.6733380048771276,0.7368416660306178,False,0.507894910700522,0.007894910700521951,0.00917725765005617
OLD,classical,80,0.09941316268876918,0.099334822923057,0.2316886835554952,0.3534234155931283,False,0.5223942390275056,0.02239423902750559,0.0
OLD,classical,81,0.044113839982683575,0.0440790773034222,0.5675510587106503,0.6548666062045965,False,0.5107049263361889,0.010704926336188914,0.0
OLD,classical,82,0.23206560875306476,0.23188273593292838,9.884187213174055e-05,0.002166177053835193,True,0.5728952410315136,0.07289524103151357,0.013223199952711262
OLD,classical,83,0.1475466644352828,0.14743039440814704,0.018261078694331856,0.05135928382780834,False,0.5441916800634236,0.044191680063423555,0.001745829198610771
OLD,classical,84,0.1844681338927424,0.18432276893301602,0.006144333736337775,0.0267122601952484,True,0.5513004030038099,0.05130040300380989,0.0
OLD,classical,85,0.22107031127777302,0.2208961029946542,5.797033954923548e-05,0.002166177053835193,True,0.5752824329978639,0.07528243299786386,0.010643485924460405
OLD,classical,86,0.20749534355565358,0.20733183264662627,0.0012196613479799395,0.009147460109849546,True,0.5605540751833337,0.06055407518333367,0.0
OLD,classical,87,0.26065440350421354,0.2604490020830124,2.3881090455872953e-05,0.0021492981410285656,True,0.5791054636746019,0.07910546367460192,0.0
OLD,classical,88,0.1636500863997607,0.16352112652080109,0.0032529541189153005,0.018297866918898564,True,0.5550970072012157,0.055097007201215686,0.009885642128788286
OLD,classical,89,0.21206699020701442,0.2118998767395542,0.000715351862813099,0.00643816676531789,True,0.5633508775793344,0.06335087757933444,0.007051628430140733
