source,band,norm,clf,pooled_auc,pooled_bacc,pooled_acc,pooled_sens,pooled_spec,pooled_f1,pooled_prec,pooled_tn,pooled_fp,pooled_fn,pooled_tp,auc_mean,auc_sd,bacc_mean,bacc_sd,acc_mean,sens_mean,spec_mean,f1_mean,prec_mean,per_fold_auc,best_C,secs,grouped_pooled_auc,grouped_auc_mean,grouped_auc_sd,grouped_bacc,loso_pooled_auc,loso_auc_mean,loso_auc_sd,loso_bacc,loso_per_site_auc,drop_grouped,drop_loso
M1,slow5,A_RAW,linsvm,0.6465634565834966,0.5973705653064371,0.59958071278826,0.5494505494505495,0.6452905811623246,0.5668934240362812,0.585480093676815,322,177,205,250,0.6473601953601954,0.0298611536963456,0.5973414363414363,0.0276054720894976,0.5995646183521632,0.5494505494505495,0.6452323232323233,0.5667935776437989,0.5892935178728006,"[0.607802, 0.657802, 0.666593, 0.679451, 0.625153]","[0.001, 0.001, 0.001, 0.001, 0.001]",1.7,0.6156092404589398,0.6216814191320148,0.0486601671663741,0.5848620317558193,0.6213217644079367,0.6264782572409713,0.1241049758211813,0.5920698539937017,"{""CALTECH"": 0.4271, ""CMU"": 0.8081, ""KKI"": 0.7932, ""LEUVEN_1"": 0.699, ""LEUVEN_2"": 0.7593, ""MAX_MUN"": 0.5635, ""NYU"": 0.6091, ""OLIN"": 0.6333, ""PITT"": 0.6883, ""SBL"": 0.5952, ""SDSU"": 0.6591, ""STANFORD"": 0.7474, ""TRINITY"": 0.5913, ""UCLA_1"": 0.5676, ""UCLA_2"": 0.4308, ""UM_1"": 0.7371, ""UM_2"": 0.3846, ""USM"": 0.52, ""YALE"": 0.6892}",0.030954216124556733,0.025241692175559827
M1,classical,A_RAW,linsvm,0.6541214296725318,0.621515558589707,0.6247379454926625,0.5516483516483517,0.6913827655310621,0.5837209302325581,0.6197530864197531,345,154,204,251,0.6560792540792542,0.0196999845689144,0.6215211455211455,0.0188165121653196,0.6247506200055112,0.5516483516483517,0.6913939393939394,0.5835185798876814,0.6234754064911001,"[0.624286, 0.675934, 0.668132, 0.657033, 0.655012]","[0.01, 0.001, 0.001, 0.001, 0.001]",0.6,0.6391596379572332,0.6417005269186455,0.0452930120510889,0.5907463278204761,0.63977625580832,0.6402410429513508,0.1108186659244543,0.600636437710586,"{""CALTECH"": 0.474, ""CMU"": 0.8182, ""KKI"": 0.7632, ""LEUVEN_1"": 0.5051, ""LEUVEN_2"": 0.7741, ""MAX_MUN"": 0.5167, ""NYU"": 0.6368, ""OLIN"": 0.6407, ""PITT"": 0.7175, ""SBL"": 0.5524, ""SDSU"": 0.7091, ""STANFORD"": 0.7447, ""TRINITY"": 0.5119, ""UCLA_1"": 0.6198, ""UCLA_2"": 0.5769, ""UM_1"": 0.7224, ""UM_2"": 0.4769, ""USM"": 0.6582, ""YALE"": 0.746}",0.014961791715298656,0.014345173864211858
M2,slow5,A_RAW,linsvm,0.6363099826025679,0.6022198242639125,0.6058700209643606,0.5230769230769231,0.6813627254509018,0.5586854460093896,0.5994962216624685,340,159,217,238,0.6366799866799866,0.0239996793801551,0.6021950271950273,0.0091628385468423,0.605869385505649,0.5230769230769232,0.6813131313131313,0.5581358434846807,0.6008752209533841,"[0.634286, 0.668132, 0.649011, 0.628242, 0.60373]","[0.001, 0.001, 0.001, 0.001, 0.001]",0.7,0.6167631967231165,0.623392398738899,0.0303852613664972,0.5805963575502653,0.6235768239776256,0.6289298339561865,0.0913690576304498,0.5838930608469687,"{""CALTECH"": 0.651, ""CMU"": 0.7576, ""KKI"": 0.8045, ""LEUVEN_1"": 0.551, ""LEUVEN_2"": 0.637, ""MAX_MUN"": 0.5803, ""NYU"": 0.6512, ""OLIN"": 0.5259, ""PITT"": 0.6976, ""SBL"": 0.6381, ""SDSU"": 0.5545, ""STANFORD"": 0.7842, ""TRINITY"": 0.5933, ""UCLA_1"": 0.5937, ""UCLA_2"": 0.4385, ""UM_1"": 0.6268, ""UM_2"": 0.6077, ""USM"": 0.5609, ""YALE"": 0.6958}",0.019546785879451356,0.012733158624942287
M2,classical,A_RAW,linsvm,0.6136360633354622,0.5778502059063182,0.5828092243186582,0.4703296703296703,0.685370741482966,0.5181598062953995,0.5768194070080862,342,157,241,214,0.612098124098124,0.0288406667996955,0.5777809967809968,0.0390008928303034,0.582744557729402,0.4703296703296703,0.6852323232323233,0.5183512474607318,0.5784553111634809,"[0.608462, 0.631978, 0.615165, 0.639341, 0.565546]","[0.001, 0.001, 0.001, 0.001, 0.001]",0.7,0.5920236076548702,0.6011530916995425,0.0435027300456727,0.5731308771388932,0.5941597480675637,0.6029295876986793,0.0911708345343524,0.5700279680239599,"{""CALTECH"": 0.6354, ""CMU"": 0.7374, ""KKI"": 0.7857, ""LEUVEN_1"": 0.4235, ""LEUVEN_2"": 0.6556, ""MAX_MUN"": 0.5067, ""NYU"": 0.6402, ""OLIN"": 0.4926, ""PITT"": 0.6167, ""SBL"": 0.6286, ""SDSU"": 0.5545, ""STANFORD"": 0.7105, ""TRINITY"": 0.5278, ""UCLA_1"": 0.5666, ""UCLA_2"": 0.5, ""UM_1"": 0.634, ""UM_2"": 0.6038, ""USM"": 0.5655, ""YALE"": 0.6706}",0.021612455680592002,0.019476315267898503
OLD,slow5,A_RAW,linsvm,0.6334339007685701,0.60008588605783,0.6027253668763103,0.5428571428571428,0.657314629258517,0.565864833906071,0.5909090909090909,328,171,208,247,0.6327989787989787,0.0439891375238914,0.600054834054834,0.0424205589716416,0.6026839349683109,0.5428571428571429,0.6572525252525253,0.5652489625557993,0.5926533832334695,"[0.572637, 0.662967, 0.622308, 0.686813, 0.61927]","[0.001, 0.001, 0.001, 0.001, 0.001]",0.6,0.6268448985883855,0.6260536635666483,0.0190800762446935,0.6079389548327424,0.6216476909863684,0.618698284073447,0.1061799134932306,0.6060648770067607,"{""CALTECH"": 0.4635, ""CMU"": 0.7677, ""KKI"": 0.7124, ""LEUVEN_1"": 0.7092, ""LEUVEN_2"": 0.7444, ""MAX_MUN"": 0.6104, ""NYU"": 0.6289, ""OLIN"": 0.5778, ""PITT"": 0.6618, ""SBL"": 0.5524, ""SDSU"": 0.5318, ""STANFORD"": 0.8237, ""TRINITY"": 0.5317, ""UCLA_1"": 0.6403, ""UCLA_2"": 0.4077, ""UM_1"": 0.6797, ""UM_2"": 0.5308, ""USM"": 0.5727, ""YALE"": 0.6085}",0.006589002180184544,0.011786209782201684
OLD,classical,A_RAW,linsvm,0.6227796251844347,0.6081019181219582,0.6111111111111112,0.5428571428571428,0.6733466933867736,0.5710982658959538,0.6024390243902439,336,163,208,247,0.6249810189810191,0.0381270295926459,0.60811544011544,0.0289153617187315,0.6110939652796914,0.5428571428571429,0.6733737373737374,0.5704470619930238,0.605939522941962,"[0.573407, 0.665934, 0.631319, 0.653846, 0.6004]","[0.1, 0.001, 0.001, 0.001, 0.001]",0.6,0.6200709110528749,0.6171684194220608,0.0170436839536177,0.5909401220022463,0.6125173423770618,0.6125153963668596,0.1077629470710866,0.5850249950450351,"{""CALTECH"": 0.5156, ""CMU"": 0.7677, ""KKI"": 0.7105, ""LEUVEN_1"": 0.5255, ""LEUVEN_2"": 0.7444, ""MAX_MUN"": 0.5719, ""NYU"": 0.6047, ""OLIN"": 0.5593, ""PITT"": 0.6021, ""SBL"": 0.4429, ""SDSU"": 0.5591, ""STANFORD"": 0.8184, ""TRINITY"": 0.4464, ""UCLA_1"": 0.6393, ""UCLA_2"": 0.4692, ""UM_1"": 0.6595, ""UM_2"": 0.7, ""USM"": 0.6318, ""YALE"": 0.6693}",0.0027087141315598195,0.010262282807372958
M1,slow5,A_RAW,logreg,0.6459820740381862,0.6001519522561607,0.6048218029350105,0.4989010989010989,0.7014028056112225,0.54632972322503,0.6037234042553191,350,149,228,227,0.6526850926850927,0.027367134690437,0.6001778221778221,0.0323801430154799,0.6048332874069992,0.4989010989010989,0.7014545454545453,0.5449926818184336,0.6103739086665823,"[0.613736, 0.657253, 0.651429, 0.690769, 0.650239]","[0.01, 0.001, 0.001, 0.001, 0.001]",2.2,0.6211984408377194,0.635246253528359,0.0484946789565956,0.5969521460503424,0.6314254883393161,0.6451374234807954,0.1092282157536057,0.590552533638706,"{""CALTECH"": 0.4583, ""CMU"": 0.8182, ""KKI"": 0.8402, ""LEUVEN_1"": 0.6582, ""LEUVEN_2"": 0.7259, ""MAX_MUN"": 0.6237, ""NYU"": 0.634, ""OLIN"": 0.6074, ""PITT"": 0.7016, ""SBL"": 0.5905, ""SDSU"": 0.7182, ""STANFORD"": 0.7421, ""TRINITY"": 0.5873, ""UCLA_1"": 0.6021, ""UCLA_2"": 0.5154, ""UM_1"": 0.7384, ""UM_2"": 0.4385, ""USM"": 0.5645, ""YALE"": 0.6931}",0.024783633200466837,0.014556585698870084
M1,classical,A_RAW,logreg,0.6459380299059658,0.6110440661542866,0.6153039832285115,0.5186813186813187,0.7034068136272545,0.5625744934445769,0.6145833333333334,351,148,219,236,0.6493739593739594,0.0188825681404398,0.611037629037629,0.0154175625629849,0.6153155139156793,0.5186813186813186,0.7033939393939393,0.5590290119464381,0.6238709459763394,"[0.623626, 0.675604, 0.642308, 0.651319, 0.654013]","[0.1, 0.01, 0.001, 0.01, 0.01]",1.0,0.6273778325882535,0.6441855131491051,0.0493378906347941,0.5832169834173841,0.6249730229690149,0.635687263671133,0.1043424803711904,0.5889691470853795,"{""CALTECH"": 0.474, ""CMU"": 0.7879, ""KKI"": 0.765, ""LEUVEN_1"": 0.5102, ""LEUVEN_2"": 0.7519, ""MAX_MUN"": 0.5217, ""NYU"": 0.6343, ""OLIN"": 0.6222, ""PITT"": 0.691, ""SBL"": 0.5667, ""SDSU"": 0.7136, ""STANFORD"": 0.7395, ""TRINITY"": 0.5079, ""UCLA_1"": 0.617, ""UCLA_2"": 0.5846, ""UM_1"": 0.7157, ""UM_2"": 0.4769, ""USM"": 0.6545, ""YALE"": 0.7434}",0.0185601973177123,0.020965006936950914
M2,slow5,A_RAW,logreg,0.6378779537096171,0.606908322138783,0.6132075471698113,0.4703296703296703,0.7434869739478958,0.5370138017565872,0.6257309941520468,371,128,241,214,0.6411404151404152,0.0217222579023598,0.6069022089022089,0.0171698156451154,0.613193717277487,0.4703296703296703,0.7434747474747476,0.5361513261820543,0.6268621131903765,"[0.633956, 0.666703, 0.65989, 0.630989, 0.614164]","[0.001, 0.001, 0.001, 0.01, 0.001]",2.1,0.6077165319650291,0.6248772101252824,0.0454500772535188,0.5763945473364311,0.6083860027747803,0.6299796602972804,0.1003645997724387,0.5724195644035324,"{""CALTECH"": 0.6146, ""CMU"": 0.697, ""KKI"": 0.8553, ""LEUVEN_1"": 0.5153, ""LEUVEN_2"": 0.6074, ""MAX_MUN"": 0.5301, ""NYU"": 0.6347, ""OLIN"": 0.4926, ""PITT"": 0.7626, ""SBL"": 0.6333, ""SDSU"": 0.6409, ""STANFORD"": 0.7842, ""TRINITY"": 0.6091, ""UCLA_1"": 0.616, ""UCLA_2"": 0.4385, ""UM_1"": 0.652, ""UM_2"": 0.65, ""USM"": 0.5773, ""YALE"": 0.6587}",0.030161421744588024,0.029491950934836808
M2,classical,A_RAW,logreg,0.6236737210685106,0.598634631901165,0.6058700209643606,0.4417582417582417,0.7555110220440882,0.5167095115681234,0.6222910216718266,377,122,254,201,0.623062049062049,0.0249485951296372,0.5986265956265957,0.0397132651728179,0.6058252962248554,0.4417582417582418,0.7554949494949496,0.5144270295061283,0.6208983170752286,"[0.608791, 0.641758, 0.643077, 0.635714, 0.58597]","[0.001, 0.001, 0.001, 0.01, 0.001]",2.1,0.5815278909467285,0.6125415430186136,0.0651601001602191,0.5763306833447114,0.5854037745821313,0.6014773017232841,0.1128656479362036,0.5702547953048955,"{""CALTECH"": 0.5885, ""CMU"": 0.7071, ""KKI"": 0.8289, ""LEUVEN_1"": 0.3265, ""LEUVEN_2"": 0.6481, ""MAX_MUN"": 0.4482, ""NYU"": 0.6571, ""OLIN"": 0.4556, ""PITT"": 0.691, ""SBL"": 0.6286, ""SDSU"": 0.5591, ""STANFORD"": 0.7158, ""TRINITY"": 0.5893, ""UCLA_1"": 0.6011, ""UCLA_2"": 0.5, ""UM_1"": 0.6495, ""UM_2"": 0.6, ""USM"": 0.5736, ""YALE"": 0.6601}",0.04214583012178208,0.03826994648637927
OLD,slow5,A_RAW,logreg,0.6292585170340681,0.6003457464379308,0.6048218029350105,0.5032967032967033,0.6973947895791583,0.548502994011976,0.6026315789473684,348,151,226,229,0.6305547785547787,0.0475819672526265,0.6003756243756244,0.0333232213763484,0.6047781758060072,0.5032967032967034,0.6974545454545454,0.5462004816827348,0.602805880229654,"[0.575714, 0.665055, 0.625055, 0.690879, 0.596071]","[0.01, 0.001, 0.01, 0.01, 0.001]",1.0,0.620890131912176,0.6280607574727574,0.0173933456131713,0.6018960998920919,0.6137637913189016,0.6314174827394153,0.1063006864028946,0.587837212887313,"{""CALTECH"": 0.4688, ""CMU"": 0.7475, ""KKI"": 0.8158, ""LEUVEN_1"": 0.7092, ""LEUVEN_2"": 0.7296, ""MAX_MUN"": 0.6371, ""NYU"": 0.6241, ""OLIN"": 0.6037, ""PITT"": 0.6976, ""SBL"": 0.5571, ""SDSU"": 0.5273, ""STANFORD"": 0.8184, ""TRINITY"": 0.5218, ""UCLA_1"": 0.6459, ""UCLA_2"": 0.4538, ""UM_1"": 0.6973, ""UM_2"": 0.5654, ""USM"": 0.5655, ""YALE"": 0.6111}",0.008368385121892086,0.015494725715166524
OLD,classical,A_RAW,logreg,0.6219559999119117,0.6091039221299742,0.6121593291404612,0.5428571428571428,0.6753507014028056,0.5717592592592593,0.6039119804400978,337,162,208,247,0.6248202908202909,0.0417503900533303,0.6091255411255412,0.0263108916563659,0.6121576191788372,0.5428571428571429,0.6753939393939394,0.5716445884152292,0.6073565701438042,"[0.568022, 0.668242, 0.634615, 0.656264, 0.596959]","[1, 0.01, 0.01, 0.01, 0.01]",1.0,0.6194675064414543,0.6154415503147272,0.0191249265871097,0.5894536325398049,0.6110682904270079,0.6124061532344217,0.1082269263227912,0.5812438062939065,"{""CALTECH"": 0.5521, ""CMU"": 0.7374, ""KKI"": 0.7105, ""LEUVEN_1"": 0.5459, ""LEUVEN_2"": 0.7481, ""MAX_MUN"": 0.5819, ""NYU"": 0.5976, ""OLIN"": 0.563, ""PITT"": 0.6021, ""SBL"": 0.4286, ""SDSU"": 0.5545, ""STANFORD"": 0.8289, ""TRINITY"": 0.4405, ""UCLA_1"": 0.6403, ""UCLA_2"": 0.4462, ""UM_1"": 0.6671, ""UM_2"": 0.7038, ""USM"": 0.6364, ""YALE"": 0.6508}",0.0024884934704574313,0.010887709484903807
M1,slow5,B_SUBJ_JOINT_MINMAX,linsvm,0.6290867449184082,0.590552533638706,0.5953878406708596,0.4857142857142857,0.6953907815631263,0.533816425120773,0.5924932975871313,347,152,234,221,0.640008658008658,0.0294205580874433,0.5905238095238096,0.031992239181035,0.5953981813171672,0.4857142857142856,0.6953333333333334,0.532614867849991,0.5994904495816298,"[0.599341, 0.659011, 0.634505, 0.676484, 0.630703]","[0.1, 0.01, 0.01, 0.01, 0.1]",1.5,0.6171155497808805,0.6356782780622843,0.0485076674326605,0.5885485256226739,0.6166354687396772,0.639852000763608,0.1135206085574963,0.5813076702856261,"{""CALTECH"": 0.5365, ""CMU"": 0.8384, ""KKI"": 0.7838, ""LEUVEN_1"": 0.7398, ""LEUVEN_2"": 0.6963, ""MAX_MUN"": 0.5686, ""NYU"": 0.6314, ""OLIN"": 0.637, ""PITT"": 0.6552, ""SBL"": 0.6381, ""SDSU"": 0.7182, ""STANFORD"": 0.7368, ""TRINITY"": 0.5754, ""UCLA_1"": 0.5545, ""UCLA_2"": 0.4846, ""UM_1"": 0.7392, ""UM_2"": 0.3692, ""USM"": 0.5636, ""YALE"": 0.6905}",0.011971195137527757,0.012451276178730986
M1,classical,B_SUBJ_JOINT_MINMAX,linsvm,0.6483340306987602,0.6219031469532472,0.6247379454926625,0.5604395604395604,0.6833667334669339,0.5875576036866359,0.6174334140435835,341,158,200,255,0.6488225108225107,0.0140608000833814,0.6218965478965479,0.0193198852471857,0.6247395976853127,0.5604395604395604,0.6833535353535354,0.5873572990827326,0.6202472546068133,"[0.636813, 0.671209, 0.653846, 0.64022, 0.642025]","[0.1, 0.1, 0.1, 0.1, 0.1]",0.4,0.6263604131339602,0.6320214733256256,0.0433204914786578,0.5948512409434253,0.6319804444052941,0.6389281710015905,0.0934679491622892,0.5997313307934551,"{""CALTECH"": 0.5052, ""CMU"": 0.798, ""KKI"": 0.703, ""LEUVEN_1"": 0.5714, ""LEUVEN_2"": 0.7593, ""MAX_MUN"": 0.5569, ""NYU"": 0.635, ""OLIN"": 0.6185, ""PITT"": 0.7122, ""SBL"": 0.5905, ""SDSU"": 0.6955, ""STANFORD"": 0.6947, ""TRINITY"": 0.504, ""UCLA_1"": 0.5843, ""UCLA_2"": 0.5692, ""UM_1"": 0.7191, ""UM_2"": 0.4923, ""USM"": 0.67, ""YALE"": 0.7606}",0.021973617564799985,0.01635358629346606
M2,slow5,B_SUBJ_JOINT_MINMAX,linsvm,0.6318218855293004,0.6131119381620384,0.6163522012578616,0.5428571428571428,0.6833667334669339,0.5744186046511628,0.6098765432098765,341,158,208,247,0.6335153735153736,0.0320888235502972,0.6130750360750362,0.0364182541495592,0.6163075227335353,0.5428571428571429,0.6832929292929293,0.574595025694399,0.6131461271390918,"[0.629011, 0.675495, 0.653516, 0.616703, 0.592852]","[0.1, 0.1, 0.1, 0.1, 0.1]",0.4,0.605276487040014,0.6103144283659417,0.0391212411372101,0.5608161377700456,0.6033693761148671,0.6230498702644078,0.0783610292679193,0.5700279680239599,"{""CALTECH"": 0.6146, ""CMU"": 0.7273, ""KKI"": 0.718, ""LEUVEN_1"": 0.5204, ""LEUVEN_2"": 0.6111, ""MAX_MUN"": 0.6204, ""NYU"": 0.6156, ""OLIN"": 0.4963, ""PITT"": 0.7308, ""SBL"": 0.619, ""SDSU"": 0.5955, ""STANFORD"": 0.75, ""TRINITY"": 0.5972, ""UCLA_1"": 0.5722, ""UCLA_2"": 0.4769, ""UM_1"": 0.647, ""UM_2"": 0.6577, ""USM"": 0.5682, ""YALE"": 0.6997}",0.026545398489286387,0.028452509414433336
M2,classical,B_SUBJ_JOINT_MINMAX,linsvm,0.6113898125922174,0.5869651390693476,0.5922431865828093,0.4725274725274725,0.7014028056112225,0.525030525030525,0.5906593406593407,350,149,240,215,0.6142373182373182,0.0270705050504794,0.5868798978798979,0.0381417114032699,0.5921741526591348,0.4725274725274725,0.7012323232323233,0.5248154810267771,0.594173637009147,"[0.613846, 0.641319, 0.624396, 0.622418, 0.569209]","[0.1, 0.1, 0.01, 0.1, 0.1]",0.4,0.5914862692417803,0.5970145358887442,0.0557790710600799,0.5660860181902266,0.5828624281530093,0.5971676056648778,0.0932004821329965,0.558942059944064,"{""CALTECH"": 0.5677, ""CMU"": 0.7172, ""KKI"": 0.7293, ""LEUVEN_1"": 0.3929, ""LEUVEN_2"": 0.6852, ""MAX_MUN"": 0.5217, ""NYU"": 0.633, ""OLIN"": 0.4963, ""PITT"": 0.6711, ""SBL"": 0.6286, ""SDSU"": 0.4591, ""STANFORD"": 0.6421, ""TRINITY"": 0.5417, ""UCLA_1"": 0.561, ""UCLA_2"": 0.5077, ""UM_1"": 0.6512, ""UM_2"": 0.6846, ""USM"": 0.58, ""YALE"": 0.6759}",0.019903543350437092,0.028527384439208103
OLD,slow5,B_SUBJ_JOINT_MINMAX,linsvm,0.6255852364068797,0.5964984914884714,0.59958071278826,0.5296703296703297,0.6633266533066132,0.5578703703703703,0.589242053789731,331,168,214,241,0.6236290376290377,0.0376022127295478,0.5964614274614275,0.0241983293808487,0.5995480848718655,0.5296703296703297,0.6632525252525252,0.557293336208644,0.5894685790377862,"[0.565495, 0.666374, 0.615714, 0.642857, 0.627706]","[0.1, 0.1, 0.1, 0.1, 0.1]",0.4,0.6234799268867406,0.6235026727364483,0.0167374722714676,0.5935893765553084,0.6172873218965403,0.6271397909552563,0.089319815917554,0.5876103856063776,"{""CALTECH"": 0.5469, ""CMU"": 0.7576, ""KKI"": 0.7312, ""LEUVEN_1"": 0.7296, ""LEUVEN_2"": 0.6815, ""MAX_MUN"": 0.6237, ""NYU"": 0.6189, ""OLIN"": 0.6037, ""PITT"": 0.6698, ""SBL"": 0.5476, ""SDSU"": 0.5545, ""STANFORD"": 0.8184, ""TRINITY"": 0.5417, ""UCLA_1"": 0.5918, ""UCLA_2"": 0.4692, ""UM_1"": 0.6805, ""UM_2"": 0.5423, ""USM"": 0.5864, ""YALE"": 0.6204}",0.002105309520139098,0.008297914510339344
OLD,classical,B_SUBJ_JOINT_MINMAX,linsvm,0.6117377612367592,0.5931048911008832,0.5964360587002097,0.5208791208791209,0.6653306613226453,0.5518044237485448,0.5866336633663366,332,167,218,237,0.6154214674214674,0.035155516283618,0.5931163281163281,0.0334706865619362,0.5964563240562138,0.5208791208791208,0.6653535353535354,0.5521643648154039,0.5912847578943248,"[0.572747, 0.662857, 0.592308, 0.615385, 0.633811]","[100, 0.1, 0.1, 100, 1]",0.4,0.6074786936510383,0.6009079110523488,0.0178096500998617,0.5917152987293268,0.6058578695853245,0.5993072383732668,0.1034143213461514,0.5772357902618424,"{""CALTECH"": 0.5781, ""CMU"": 0.7273, ""KKI"": 0.6447, ""LEUVEN_1"": 0.6224, ""LEUVEN_2"": 0.6593, ""MAX_MUN"": 0.5552, ""NYU"": 0.5748, ""OLIN"": 0.5889, ""PITT"": 0.6578, ""SBL"": 0.4857, ""SDSU"": 0.4591, ""STANFORD"": 0.8053, ""TRINITY"": 0.4286, ""UCLA_1"": 0.603, ""UCLA_2"": 0.3846, ""UM_1"": 0.6658, ""UM_2"": 0.6192, ""USM"": 0.6564, ""YALE"": 0.6706}",0.0042590675857208105,0.005879891651434654
M1,slow5,B_SUBJ_JOINT_MINMAX,logreg,0.6309410028848907,0.5956264176705058,0.59958071278826,0.5098901098901099,0.6813627254509018,0.5484633569739953,0.5933503836317136,340,159,223,232,0.6396312576312576,0.0291610451426175,0.5956016206016206,0.0334773163796193,0.5995921741526591,0.5098901098901099,0.6813131313131313,0.5475291421513645,0.5995112249210651,"[0.597143, 0.668571, 0.638681, 0.664945, 0.628816]","[1, 1, 0.1, 0.1, 1]",1.6,0.6175075425576427,0.6361558414955745,0.0496305446902937,0.5933317183818185,0.6164857186901275,0.6421257939503423,0.1099426059538146,0.5897112907132946,"{""CALTECH"": 0.5417, ""CMU"": 0.8485, ""KKI"": 0.7801, ""LEUVEN_1"": 0.7398, ""LEUVEN_2"": 0.6963, ""MAX_MUN"": 0.5569, ""NYU"": 0.6314, ""OLIN"": 0.6407, ""PITT"": 0.6552, ""SBL"": 0.6333, ""SDSU"": 0.6909, ""STANFORD"": 0.7395, ""TRINITY"": 0.5754, ""UCLA_1"": 0.5555, ""UCLA_2"": 0.5615, ""UM_1"": 0.7371, ""UM_2"": 0.3615, ""USM"": 0.5673, ""YALE"": 0.6878}",0.013433460327248015,0.014455284194763274
M1,classical,B_SUBJ_JOINT_MINMAX,logreg,0.6478407364178908,0.6210949371270013,0.6236897274633124,0.5648351648351648,0.6773547094188377,0.588774341351661,0.6148325358851675,338,161,198,257,0.6478326118326119,0.0164997179311584,0.621074148074148,0.0146591666513077,0.6236814549462661,0.5648351648351648,0.6773131313131314,0.5885914058480342,0.6168503650117436,"[0.634176, 0.673516, 0.654615, 0.635275, 0.641581]","[1, 1, 1, 1, 1]",0.5,0.6250214715144575,0.6310030560317383,0.043352122960765,0.5928472329273933,0.6310907529344404,0.6387718876924268,0.0937825558702875,0.6000220220661103,"{""CALTECH"": 0.5104, ""CMU"": 0.798, ""KKI"": 0.7049, ""LEUVEN_1"": 0.5714, ""LEUVEN_2"": 0.7593, ""MAX_MUN"": 0.5535, ""NYU"": 0.6316, ""OLIN"": 0.6259, ""PITT"": 0.7135, ""SBL"": 0.5905, ""SDSU"": 0.6909, ""STANFORD"": 0.6947, ""TRINITY"": 0.5, ""UCLA_1"": 0.5862, ""UCLA_2"": 0.5615, ""UM_1"": 0.7187, ""UM_2"": 0.4923, ""USM"": 0.6727, ""YALE"": 0.7606}",0.022819264903433223,0.01674998348345036
M2,slow5,B_SUBJ_JOINT_MINMAX,logreg,0.6304741350833535,0.6083926093946135,0.6111111111111112,0.5494505494505495,0.6673346693386774,0.574052812858783,0.6009615384615384,333,166,205,250,0.6321904761904762,0.0332373270237987,0.6083616383616384,0.0297781936846568,0.6110884541195922,0.5494505494505495,0.6672727272727272,0.5742781792442593,0.6047931851785806,"[0.627692, 0.674396, 0.654615, 0.614505, 0.589744]","[1, 1, 1, 1, 1]",0.4,0.6039815895527318,0.6095230069628829,0.0382389921124392,0.5641128410667489,0.5993305291902485,0.6218407547656852,0.0781027898919283,0.5724195644035324,"{""CALTECH"": 0.6198, ""CMU"": 0.7172, ""KKI"": 0.718, ""LEUVEN_1"": 0.5051, ""LEUVEN_2"": 0.6185, ""MAX_MUN"": 0.6204, ""NYU"": 0.6129, ""OLIN"": 0.5, ""PITT"": 0.7401, ""SBL"": 0.6286, ""SDSU"": 0.6045, ""STANFORD"": 0.7289, ""TRINITY"": 0.5933, ""UCLA_1"": 0.5676, ""UCLA_2"": 0.4692, ""UM_1"": 0.6423, ""UM_2"": 0.6538, ""USM"": 0.5736, ""YALE"": 0.7011}",0.026492545530621636,0.031143605893104942
M2,classical,B_SUBJ_JOINT_MINMAX,logreg,0.609720539981061,0.5873527274328878,0.5922431865828093,0.4813186813186813,0.6933867735470942,0.5296251511487303,0.5887096774193549,346,153,236,219,0.6126031746031746,0.0283982814836442,0.5872654012654012,0.0374670416613673,0.5921741526591348,0.4813186813186813,0.6932121212121213,0.5294688162621812,0.5918773546854574,"[0.610549, 0.638681, 0.628462, 0.62, 0.565324]","[1, 1, 0.1, 1, 1]",0.5,0.5830386046818913,0.5967027242290129,0.0555488172709638,0.561851174877227,0.5816688321698341,0.5929388079807962,0.0855576116418606,0.5640489770750292,"{""CALTECH"": 0.5677, ""CMU"": 0.697, ""KKI"": 0.6579, ""LEUVEN_1"": 0.4133, ""LEUVEN_2"": 0.6815, ""MAX_MUN"": 0.5284, ""NYU"": 0.6295, ""OLIN"": 0.4889, ""PITT"": 0.6751, ""SBL"": 0.6333, ""SDSU"": 0.4591, ""STANFORD"": 0.6421, ""TRINITY"": 0.5377, ""UCLA_1"": 0.5582, ""UCLA_2"": 0.5077, ""UM_1"": 0.6478, ""UM_2"": 0.6923, ""USM"": 0.5764, ""YALE"": 0.672}",0.026681935299169734,0.0280517078112269
OLD,slow5,B_SUBJ_JOINT_MINMAX,logreg,0.6243035521592635,0.5959809729348807,0.5985324947589099,0.5406593406593406,0.6513026052104208,0.5622857142857143,0.5857142857142857,325,174,209,246,0.6224007104007103,0.0387912224204586,0.595955932955933,0.0203809532502755,0.598517497933315,0.5406593406593407,0.6512525252525253,0.5618521307263118,0.5858434303406799,"[0.561758, 0.665934, 0.614505, 0.640879, 0.628927]","[1, 1, 1, 1, 1]",0.5,0.6227531987051025,0.6221389146294628,0.0166315564266122,0.5963685612984211,0.6162038362439164,0.626570636433934,0.0884941992913753,0.5899050848950649,"{""CALTECH"": 0.5521, ""CMU"": 0.7576, ""KKI"": 0.7293, ""LEUVEN_1"": 0.7296, ""LEUVEN_2"": 0.6741, ""MAX_MUN"": 0.6355, ""NYU"": 0.6171, ""OLIN"": 0.6037, ""PITT"": 0.6658, ""SBL"": 0.5524, ""SDSU"": 0.5455, ""STANFORD"": 0.8158, ""TRINITY"": 0.5437, ""UCLA_1"": 0.5853, ""UCLA_2"": 0.4692, ""UM_1"": 0.6784, ""UM_2"": 0.5423, ""USM"": 0.5873, ""YALE"": 0.6204}",0.001550353454160991,0.008099715915347083
OLD,classical,B_SUBJ_JOINT_MINMAX,logreg,0.603175581933097,0.5899050848950649,0.5932914046121593,0.5164835164835165,0.6633266533066132,0.5477855477855478,0.5831265508684863,331,168,220,235,0.6085017205017204,0.0349429774426392,0.5899488289488289,0.0283624106497854,0.5932984293193717,0.5164835164835165,0.6634141414141415,0.5479384142032839,0.5874752419610184,"[0.568132, 0.662857, 0.593736, 0.615275, 0.602509]","[1000, 1, 1, 1000, 1]",0.6,0.6109009227245701,0.6005770155670526,0.0210155054294891,0.5907132947213107,0.6073597744940431,0.602884777619153,0.0973430044726091,0.5784315884516286,"{""CALTECH"": 0.5729, ""CMU"": 0.7273, ""KKI"": 0.641, ""LEUVEN_1"": 0.5969, ""LEUVEN_2"": 0.6704, ""MAX_MUN"": 0.5518, ""NYU"": 0.5726, ""OLIN"": 0.5963, ""PITT"": 0.6538, ""SBL"": 0.4905, ""SDSU"": 0.5182, ""STANFORD"": 0.8026, ""TRINITY"": 0.4246, ""UCLA_1"": 0.6058, ""UCLA_2"": 0.4077, ""UM_1"": 0.6759, ""UM_2"": 0.6269, ""USM"": 0.6582, ""YALE"": 0.6614}",-0.007725340791473134,-0.004184192560946154
M1,slow5,C_SUBJ_BAND_MINMAX,linsvm,0.6333193860247969,0.5928472329273933,0.5974842767295597,0.4923076923076923,0.6933867735470942,0.5384615384615384,0.5941644562334217,346,153,231,224,0.644095682095682,0.0291923065374876,0.5928104118104118,0.0294862141130428,0.5974924221548636,0.4923076923076923,0.6933131313131314,0.5370736094893971,0.6016596002079766,"[0.604176, 0.663407, 0.643187, 0.679451, 0.630259]","[0.1, 0.01, 0.01, 0.01, 0.1]",1.5,0.6151071373516264,0.6350885224005837,0.0481236371442759,0.5837961637560836,0.6188244621110353,0.6397226833500562,0.1116655418941895,0.5798850448149045,"{""CALTECH"": 0.5365, ""CMU"": 0.8485, ""KKI"": 0.782, ""LEUVEN_1"": 0.7245, ""LEUVEN_2"": 0.7, ""MAX_MUN"": 0.5602, ""NYU"": 0.6304, ""OLIN"": 0.6333, ""PITT"": 0.6618, ""SBL"": 0.6571, ""SDSU"": 0.6818, ""STANFORD"": 0.7421, ""TRINITY"": 0.5734, ""UCLA_1"": 0.5601, ""UCLA_2"": 0.4846, ""UM_1"": 0.7434, ""UM_2"": 0.3808, ""USM"": 0.5691, ""YALE"": 0.6852}",0.018212248673170506,0.014494923913761615
M1,classical,C_SUBJ_BAND_MINMAX,linsvm,0.6388204981391354,0.6093946134026295,0.6121593291404612,0.5494505494505495,0.6693386773547094,0.5747126436781609,0.6024096385542169,334,165,205,250,0.6421212121212121,0.015340401376719,0.6093616383616384,0.0091534017822261,0.6121465968586388,0.5494505494505495,0.6692727272727272,0.5723189523706034,0.605532998884488,"[0.634945, 0.669121, 0.63967, 0.634835, 0.632035]","[0.1, 0.1, 0.01, 0.1, 0.1]",0.5,0.6189169547886983,0.6378279254253273,0.0485991488042773,0.5888722499944945,0.6240436917791627,0.6271865421500927,0.0937945614790567,0.5906494307295911,"{""CALTECH"": 0.4635, ""CMU"": 0.7576, ""KKI"": 0.7274, ""LEUVEN_1"": 0.5969, ""LEUVEN_2"": 0.7259, ""MAX_MUN"": 0.5385, ""NYU"": 0.657, ""OLIN"": 0.6074, ""PITT"": 0.6472, ""SBL"": 0.581, ""SDSU"": 0.6864, ""STANFORD"": 0.6737, ""TRINITY"": 0.5357, ""UCLA_1"": 0.6048, ""UCLA_2"": 0.5769, ""UM_1"": 0.722, ""UM_2"": 0.4231, ""USM"": 0.6455, ""YALE"": 0.746}",0.019903543350437092,0.014776806359972694
M2,slow5,C_SUBJ_BAND_MINMAX,linsvm,0.6320112752978485,0.6056134246515008,0.6090146750524109,0.5318681318681319,0.6793587174348698,0.5647607934655776,0.6019900497512438,339,160,213,242,0.6333610833610833,0.0338648626436095,0.6055704295704295,0.037012805581288,0.608972168641499,0.531868131868132,0.6792727272727273,0.5650348876342159,0.6063131313131314,"[0.623187, 0.678462, 0.655934, 0.616593, 0.59263]","[0.1, 0.1, 0.1, 0.1, 0.1]",0.5,0.6062895020810852,0.6112565657642282,0.0404483655498997,0.5658261578101258,0.6050562663789117,0.625607814134608,0.0777288667659403,0.5746503997004999,"{""CALTECH"": 0.625, ""CMU"": 0.7273, ""KKI"": 0.7274, ""LEUVEN_1"": 0.5255, ""LEUVEN_2"": 0.6222, ""MAX_MUN"": 0.592, ""NYU"": 0.6112, ""OLIN"": 0.5, ""PITT"": 0.7294, ""SBL"": 0.6524, ""SDSU"": 0.5955, ""STANFORD"": 0.7395, ""TRINITY"": 0.6071, ""UCLA_1"": 0.5769, ""UCLA_2"": 0.4769, ""UM_1"": 0.6335, ""UM_2"": 0.6731, ""USM"": 0.5718, ""YALE"": 0.6997}",0.025721773216763277,0.026955008918936763
M2,classical,C_SUBJ_BAND_MINMAX,linsvm,0.6134070338479156,0.5920390231011474,0.5964360587002097,0.4967032967032967,0.687374749498998,0.5400238948626045,0.5916230366492147,343,156,229,226,0.6161942501942501,0.0217776410792263,0.59196780996781,0.0299704510316043,0.596379167814825,0.4967032967032967,0.6872323232323232,0.5397744063286263,0.5939515460030166,"[0.61022, 0.632967, 0.626374, 0.630769, 0.580642]","[0.1, 0.1, 0.01, 0.1, 0.1]",0.5,0.5861172895241031,0.5994669726053269,0.0521007663822878,0.5661498821819463,0.5862450175075425,0.6048161201548671,0.0891663374935182,0.5696403796604197,"{""CALTECH"": 0.6354, ""CMU"": 0.6768, ""KKI"": 0.7613, ""LEUVEN_1"": 0.4133, ""LEUVEN_2"": 0.6926, ""MAX_MUN"": 0.5619, ""NYU"": 0.6224, ""OLIN"": 0.4852, ""PITT"": 0.6671, ""SBL"": 0.6238, ""SDSU"": 0.4864, ""STANFORD"": 0.6605, ""TRINITY"": 0.6052, ""UCLA_1"": 0.5666, ""UCLA_2"": 0.4923, ""UM_1"": 0.6478, ""UM_2"": 0.6885, ""USM"": 0.5418, ""YALE"": 0.6627}",0.02728974432381248,0.027162016340373074
OLD,slow5,C_SUBJ_BAND_MINMAX,linsvm,0.6243828315972605,0.6062917042876963,0.6090146750524109,0.5472527472527473,0.6653306613226453,0.5717566016073479,0.5985576923076923,332,167,206,249,0.6231100011100011,0.0378865418001238,0.6062728382728382,0.0203558840184201,0.608999724441995,0.5472527472527473,0.6652929292929293,0.5714468207113927,0.5991395497493059,"[0.566264, 0.666044, 0.614835, 0.647473, 0.620935]","[0.1, 0.1, 0.1, 0.1, 0.1]",0.4,0.6216785218789227,0.6212166615300824,0.0166389393232506,0.5913915743575062,0.6170979321279924,0.62675207956915,0.0895399773518787,0.5887092867052787,"{""CALTECH"": 0.526, ""CMU"": 0.7576, ""KKI"": 0.735, ""LEUVEN_1"": 0.7296, ""LEUVEN_2"": 0.6741, ""MAX_MUN"": 0.6254, ""NYU"": 0.6147, ""OLIN"": 0.5852, ""PITT"": 0.6684, ""SBL"": 0.5667, ""SDSU"": 0.5545, ""STANFORD"": 0.8211, ""TRINITY"": 0.5357, ""UCLA_1"": 0.5993, ""UCLA_2"": 0.4846, ""UM_1"": 0.6788, ""UM_2"": 0.5269, ""USM"": 0.6136, ""YALE"": 0.6111}",0.002704309718337794,0.007284899469268136
OLD,classical,C_SUBJ_BAND_MINMAX,linsvm,0.6106498711709132,0.5894844634323593,0.5922431865828093,0.5296703296703297,0.6492985971943888,0.5533869115958668,0.5793269230769231,324,175,214,241,0.6162521922521923,0.0375092550069532,0.5895220335220335,0.0343250297878982,0.5922568200606227,0.5296703296703297,0.6493737373737374,0.5538851007779553,0.5826433508483883,"[0.561758, 0.667033, 0.61044, 0.621429, 0.620602]","[1000, 0.1, 0.1, 1, 0.1]",0.4,0.6164284613182408,0.6107839865667846,0.0168347916699282,0.5941068951088991,0.6128873130877139,0.6128479038551115,0.0909926527373045,0.5918121958202118,"{""CALTECH"": 0.5781, ""CMU"": 0.7374, ""KKI"": 0.718, ""LEUVEN_1"": 0.5816, ""LEUVEN_2"": 0.6407, ""MAX_MUN"": 0.5953, ""NYU"": 0.5902, ""OLIN"": 0.6148, ""PITT"": 0.6446, ""SBL"": 0.4952, ""SDSU"": 0.5636, ""STANFORD"": 0.8079, ""TRINITY"": 0.4504, ""UCLA_1"": 0.6039, ""UCLA_2"": 0.4462, ""UM_1"": 0.673, ""UM_2"": 0.6038, ""USM"": 0.6127, ""YALE"": 0.6865}",-0.0057785901473276224,-0.002237441916800753
M1,slow5,C_SUBJ_BAND_MINMAX,logreg,0.6352617322557202,0.5965315245876368,0.60062893081761,0.5076923076923077,0.685370741482966,0.5480427046263345,0.595360824742268,342,157,224,231,0.6446415806415806,0.0304486006558457,0.5964926184926185,0.0347100493046142,0.6006337834114082,0.5076923076923077,0.6852929292929294,0.5472016256522052,0.6019822304296623,"[0.602088, 0.675385, 0.646374, 0.670879, 0.628483]","[1, 1, 0.1, 0.1, 1]",1.7,0.6178422779625184,0.6359333150797378,0.0477878506612553,0.5881279041599683,0.6188332709374793,0.6450141052213553,0.1068481419591838,0.5838930608469687,"{""CALTECH"": 0.5469, ""CMU"": 0.8384, ""KKI"": 0.7838, ""LEUVEN_1"": 0.7296, ""LEUVEN_2"": 0.7, ""MAX_MUN"": 0.5569, ""NYU"": 0.6319, ""OLIN"": 0.6407, ""PITT"": 0.6578, ""SBL"": 0.6619, ""SDSU"": 0.6864, ""STANFORD"": 0.7474, ""TRINITY"": 0.5734, ""UCLA_1"": 0.5564, ""UCLA_2"": 0.5615, ""UM_1"": 0.7409, ""UM_2"": 0.3769, ""USM"": 0.5727, ""YALE"": 0.6918}",0.017419454293201797,0.01642846131824094
M1,classical,C_SUBJ_BAND_MINMAX,logreg,0.6373758506023035,0.603091898081878,0.6058700209643606,0.5428571428571428,0.6633266533066132,0.5678160919540229,0.5951807228915663,331,168,208,247,0.6402710622710622,0.0157151523451014,0.6030649350649351,0.0075881003148322,0.6058638743455498,0.5428571428571429,0.6632727272727272,0.5646738894662685,0.5979056343198659,"[0.633626, 0.667582, 0.639451, 0.630659, 0.630037]","[1, 1, 0.1, 1, 1]",0.5,0.6176220573014161,0.6305255324993816,0.0473816472458201,0.5799841441124006,0.6207579995155146,0.6234572620515216,0.0983209591506701,0.5852518223259706,"{""CALTECH"": 0.4688, ""CMU"": 0.7677, ""KKI"": 0.7293, ""LEUVEN_1"": 0.5306, ""LEUVEN_2"": 0.7296, ""MAX_MUN"": 0.5318, ""NYU"": 0.628, ""OLIN"": 0.6333, ""PITT"": 0.6592, ""SBL"": 0.581, ""SDSU"": 0.6864, ""STANFORD"": 0.6684, ""TRINITY"": 0.5317, ""UCLA_1"": 0.603, ""UCLA_2"": 0.5769, ""UM_1"": 0.7233, ""UM_2"": 0.4115, ""USM"": 0.6418, ""YALE"": 0.7434}",0.019753793300887446,0.016617851086788926
M2,slow5,C_SUBJ_BAND_MINMAX,logreg,0.62580105265476,0.5998282278843401,0.6037735849056604,0.5142857142857142,0.685370741482966,0.5531914893617021,0.59846547314578,342,157,221,234,0.6296170496170496,0.0331402337111996,0.5997691197691198,0.0343086798380458,0.6037475888674566,0.5142857142857142,0.6852525252525253,0.553026179114084,0.6037465117379034,"[0.624066, 0.677802, 0.642308, 0.615165, 0.588745]","[1, 1, 0.1, 1, 1]",0.4,0.6053337444119008,0.6105704013748434,0.039084871240551,0.566213746173666,0.6036072144288577,0.6249950463831183,0.0796119246224883,0.571029972031976,"{""CALTECH"": 0.6146, ""CMU"": 0.7273, ""KKI"": 0.7256, ""LEUVEN_1"": 0.5204, ""LEUVEN_2"": 0.6222, ""MAX_MUN"": 0.597, ""NYU"": 0.6104, ""OLIN"": 0.5, ""PITT"": 0.7401, ""SBL"": 0.6429, ""SDSU"": 0.6045, ""STANFORD"": 0.7526, ""TRINITY"": 0.6012, ""UCLA_1"": 0.5732, ""UCLA_2"": 0.4769, ""UM_1"": 0.6319, ""UM_2"": 0.6654, ""USM"": 0.5691, ""YALE"": 0.6997}",0.02046730824285925,0.022193838225902374
M2,classical,C_SUBJ_BAND_MINMAX,logreg,0.6121385628399656,0.5898412209033452,0.5943396226415094,0.4923076923076923,0.687374749498998,0.5365269461077844,0.5894736842105263,343,156,231,224,0.6153078033078032,0.0233147269065286,0.5897599067599067,0.031604304757923,0.5942794158170295,0.4923076923076923,0.6872121212121212,0.5366912675943791,0.5915292248403508,"[0.609011, 0.630769, 0.630659, 0.629121, 0.576979]","[0.1, 1, 0.1, 1, 1]",0.5,0.5881345107798013,0.6071753453069447,0.0585611087107014,0.5587812988614592,0.5880860622343588,0.5995603963319154,0.0813172796930274,0.5727763218745183,"{""CALTECH"": 0.6406, ""CMU"": 0.6869, ""KKI"": 0.6297, ""LEUVEN_1"": 0.4235, ""LEUVEN_2"": 0.6778, ""MAX_MUN"": 0.5552, ""NYU"": 0.6618, ""OLIN"": 0.4889, ""PITT"": 0.6684, ""SBL"": 0.619, ""SDSU"": 0.4864, ""STANFORD"": 0.6658, ""TRINITY"": 0.5992, ""UCLA_1"": 0.5657, ""UCLA_2"": 0.4846, ""UM_1"": 0.6453, ""UM_2"": 0.6923, ""USM"": 0.5445, ""YALE"": 0.6561}",0.024004052060164316,0.02405250060560682
OLD,slow5,C_SUBJ_BAND_MINMAX,logreg,0.6232024488537515,0.6036732806271885,0.6058700209643606,0.5560439560439561,0.6513026052104208,0.5736961451247166,0.5925058548009368,325,174,202,253,0.6219012099012099,0.038189212950587,0.6036583416583416,0.0244276802554624,0.6058528520253514,0.5560439560439561,0.6512727272727272,0.5735578065314865,0.5931954666327451,"[0.563516, 0.664286, 0.614835, 0.645934, 0.620935]","[1, 1, 1, 1, 1]",0.5,0.6209958378295052,0.6199679454631059,0.0156767507346023,0.5875773525072122,0.6149397696491885,0.6288339771116986,0.0974168871292765,0.5929110969191129,"{""CALTECH"": 0.5312, ""CMU"": 0.8384, ""KKI"": 0.7237, ""LEUVEN_1"": 0.7296, ""LEUVEN_2"": 0.6667, ""MAX_MUN"": 0.6271, ""NYU"": 0.6136, ""OLIN"": 0.5889, ""PITT"": 0.6684, ""SBL"": 0.5667, ""SDSU"": 0.5364, ""STANFORD"": 0.8237, ""TRINITY"": 0.5397, ""UCLA_1"": 0.5965, ""UCLA_2"": 0.4923, ""UM_1"": 0.6709, ""UM_2"": 0.5154, ""USM"": 0.6091, ""YALE"": 0.6098}",0.002206611024246352,0.008262679204563028
OLD,classical,C_SUBJ_BAND_MINMAX,logreg,0.6123631879142901,0.5940738620097337,0.5964360587002097,0.5428571428571428,0.6452905811623246,0.5620022753128555,0.5825471698113207,322,177,208,247,0.6175790875790876,0.0382753074305779,0.59411544011544,0.03368301729804,0.5964563240562138,0.5428571428571428,0.6453737373737374,0.5622754533537934,0.5858111571274349,"[0.55978, 0.665275, 0.609341, 0.628791, 0.624709]","[1000, 1, 1, 1, 1]",0.6,0.6159659979299259,0.6102209880167856,0.016782106522274,0.5911977801757361,0.6125569820960602,0.6149839390095794,0.0899003909600328,0.5921028870928671,"{""CALTECH"": 0.599, ""CMU"": 0.7374, ""KKI"": 0.718, ""LEUVEN_1"": 0.5867, ""LEUVEN_2"": 0.637, ""MAX_MUN"": 0.5903, ""NYU"": 0.5904, ""OLIN"": 0.6111, ""PITT"": 0.6592, ""SBL"": 0.5048, ""SDSU"": 0.5682, ""STANFORD"": 0.8105, ""TRINITY"": 0.4563, ""UCLA_1"": 0.6002, ""UCLA_2"": 0.4462, ""UM_1"": 0.67, ""UM_2"": 0.5962, ""USM"": 0.6155, ""YALE"": 0.6878}",-0.0036028100156357823,-0.00019379418177012386
M1,slow5,D_SUBJ_BAND_Z,linsvm,0.6522935981853818,0.5982448413310137,0.6027253668763103,0.5010989010989011,0.6953907815631263,0.5461077844311377,0.6,347,152,227,228,0.6534503274503275,0.0312811698365075,0.5982363192363193,0.0480163889079768,0.6027114907688068,0.5010989010989011,0.6953737373737374,0.5461166385738927,0.6036813535370602,"[0.608462, 0.671099, 0.661648, 0.688791, 0.637252]","[0.001, 0.001, 0.001, 0.001, 0.001]",1.7,0.6302935541412497,0.6399426067169595,0.0422465920030598,0.5929441300182783,0.6324737386861636,0.6469541913415993,0.0994877440486043,0.5924266114646877,"{""CALTECH"": 0.5104, ""CMU"": 0.8182, ""KKI"": 0.782, ""LEUVEN_1"": 0.7296, ""LEUVEN_2"": 0.7111, ""MAX_MUN"": 0.5652, ""NYU"": 0.6355, ""OLIN"": 0.6407, ""PITT"": 0.6645, ""SBL"": 0.6286, ""SDSU"": 0.7318, ""STANFORD"": 0.7395, ""TRINITY"": 0.5972, ""UCLA_1"": 0.562, ""UCLA_2"": 0.5769, ""UM_1"": 0.7212, ""UM_2"": 0.4154, ""USM"": 0.5891, ""YALE"": 0.6733}",0.02200004404413214,0.019819859499218162
M1,classical,D_SUBJ_BAND_Z,linsvm,0.6392301085687859,0.6065185315686318,0.610062893081761,0.5296703296703297,0.6833667334669339,0.5644028103044496,0.6040100250626567,341,158,214,241,0.6406162726162727,0.0175613757857265,0.6065321345321346,0.0073707137072127,0.6100633783411409,0.5296703296703297,0.6833939393939394,0.5614998907784214,0.6089561518406804,"[0.623077, 0.666264, 0.649011, 0.637912, 0.626818]","[0.01, 0.001, 0.001, 0.01, 0.001]",0.5,0.6270298839437116,0.6362228578186111,0.0517050018636571,0.5893567354489199,0.6317249884384153,0.6361522725841096,0.0866999718141561,0.6021559602721928,"{""CALTECH"": 0.4688, ""CMU"": 0.7374, ""KKI"": 0.7143, ""LEUVEN_1"": 0.5765, ""LEUVEN_2"": 0.7481, ""MAX_MUN"": 0.5334, ""NYU"": 0.6482, ""OLIN"": 0.6185, ""PITT"": 0.6963, ""SBL"": 0.6238, ""SDSU"": 0.7136, ""STANFORD"": 0.6947, ""TRINITY"": 0.5198, ""UCLA_1"": 0.5862, ""UCLA_2"": 0.5462, ""UM_1"": 0.7191, ""UM_2"": 0.5462, ""USM"": 0.6536, ""YALE"": 0.7421}",0.012200224625074307,0.007505120130370635
M2,slow5,D_SUBJ_BAND_Z,linsvm,0.6344645334625295,0.6055825937589464,0.6111111111111112,0.4857142857142857,0.7254509018036072,0.5436654366543665,0.61731843575419,362,137,234,221,0.6363949383949384,0.0315583958442126,0.6055541125541126,0.0207156860964907,0.6110774317993938,0.4857142857142857,0.7253939393939394,0.5435490780488018,0.6190013420523607,"[0.622967, 0.686374, 0.645495, 0.623077, 0.604063]","[0.001, 0.001, 0.001, 0.01, 0.001]",0.5,0.6139619899138937,0.6237941399873022,0.0353885667132261,0.5730670131471735,0.6164196524917968,0.636822787071801,0.0863411067906034,0.5755885397167962,"{""CALTECH"": 0.5938, ""CMU"": 0.7374, ""KKI"": 0.7876, ""LEUVEN_1"": 0.5663, ""LEUVEN_2"": 0.6667, ""MAX_MUN"": 0.6271, ""NYU"": 0.6547, ""OLIN"": 0.5296, ""PITT"": 0.7666, ""SBL"": 0.6286, ""SDSU"": 0.65, ""STANFORD"": 0.7711, ""TRINITY"": 0.5873, ""UCLA_1"": 0.5909, ""UCLA_2"": 0.4462, ""UM_1"": 0.639, ""UM_2"": 0.6462, ""USM"": 0.5627, ""YALE"": 0.6481}",0.020502543548635788,0.018044880970732757
M2,classical,D_SUBJ_BAND_Z,linsvm,0.6254883393159947,0.5883877645400691,0.5943396226415094,0.4593406593406593,0.717434869739479,0.5192546583850932,0.5971428571428572,358,141,246,209,0.6259713619713619,0.025472298236111,0.5883571983571985,0.026161240578678,0.5942959492973271,0.4593406593406593,0.7173737373737374,0.5183722816355664,0.5966076510566458,"[0.61011, 0.652308, 0.634286, 0.643077, 0.590077]","[0.001, 0.001, 0.001, 0.001, 0.001]",0.5,0.5987667642978265,0.6129351914030204,0.0500699782514573,0.5709991411394217,0.6011407430245106,0.6145954678805707,0.0863861377949612,0.5619172410755577,"{""CALTECH"": 0.5625, ""CMU"": 0.6768, ""KKI"": 0.7688, ""LEUVEN_1"": 0.4286, ""LEUVEN_2"": 0.7222, ""MAX_MUN"": 0.592, ""NYU"": 0.6641, ""OLIN"": 0.5333, ""PITT"": 0.7016, ""SBL"": 0.5952, ""SDSU"": 0.5682, ""STANFORD"": 0.6816, ""TRINITY"": 0.5615, ""UCLA_1"": 0.5676, ""UCLA_2"": 0.4769, ""UM_1"": 0.6486, ""UM_2"": 0.6808, ""USM"": 0.5791, ""YALE"": 0.668}",0.026721575018168187,0.024347596291484086
OLD,slow5,D_SUBJ_BAND_Z,linsvm,0.6090466647580876,0.5722257702217622,0.5765199161425576,0.4791208791208791,0.6653306613226453,0.5190476190476191,0.5662337662337662,332,167,237,218,0.6118481518481518,0.0449660720186541,0.5722271062271063,0.0350112656130449,0.5764838798567098,0.4791208791208791,0.6653333333333332,0.5179324663067156,0.566206782660925,"[0.546703, 0.654396, 0.61033, 0.653407, 0.594406]","[0.01, 0.001, 0.01, 0.01, 0.001]",0.5,0.6134951221123566,0.6121669252760332,0.0090234660079514,0.589193772159704,0.6071615758990508,0.6102184887931923,0.1008776715462323,0.5928141998282279,"{""CALTECH"": 0.4688, ""CMU"": 0.7071, ""KKI"": 0.7556, ""LEUVEN_1"": 0.7449, ""LEUVEN_2"": 0.7148, ""MAX_MUN"": 0.592, ""NYU"": 0.6058, ""OLIN"": 0.5556, ""PITT"": 0.691, ""SBL"": 0.5238, ""SDSU"": 0.5182, ""STANFORD"": 0.7684, ""TRINITY"": 0.5238, ""UCLA_1"": 0.5862, ""UCLA_2"": 0.4538, ""UM_1"": 0.6461, ""UM_2"": 0.4769, ""USM"": 0.6436, ""YALE"": 0.6177}",-0.00444845735426902,0.0018850888590367099
OLD,classical,D_SUBJ_BAND_Z,linsvm,0.6110594816005637,0.58537955030941,0.5880503144654088,0.5274725274725275,0.6432865731462926,0.5498281786941581,0.5741626794258373,321,178,215,240,0.6139857919857921,0.0341909259105465,0.5854231324231325,0.0211338171895787,0.5880683383852301,0.5274725274725275,0.6433737373737374,0.5499104285463051,0.5757870993742176,"[0.564176, 0.66, 0.618901, 0.618571, 0.608281]","[10, 0.01, 0.01, 1000, 0.01]",0.5,0.6093725913365192,0.6023260601534772,0.0229348328222157,0.5871259001519522,0.6062498623620869,0.6021482162160969,0.0949693940160264,0.5827302957563478,"{""CALTECH"": 0.5469, ""CMU"": 0.6869, ""KKI"": 0.6598, ""LEUVEN_1"": 0.602, ""LEUVEN_2"": 0.7185, ""MAX_MUN"": 0.5953, ""NYU"": 0.5737, ""OLIN"": 0.5889, ""PITT"": 0.6233, ""SBL"": 0.4571, ""SDSU"": 0.5227, ""STANFORD"": 0.7816, ""TRINITY"": 0.4206, ""UCLA_1"": 0.6207, ""UCLA_2"": 0.4462, ""UM_1"": 0.6704, ""UM_2"": 0.5731, ""USM"": 0.6718, ""YALE"": 0.6812}",0.0016868902640444494,0.004809619238476781
M1,slow5,D_SUBJ_BAND_Z,logreg,0.6545486577550707,0.6029311369992734,0.6069182389937107,0.5164835164835165,0.6893787575150301,0.5562130177514792,0.6025641025641025,344,155,220,235,0.6566395826395827,0.0315131706431721,0.602918525918526,0.0346795841451266,0.6069054836042986,0.5164835164835165,0.6893535353535354,0.5562267519061623,0.6075227951872689,"[0.611099, 0.682967, 0.665934, 0.684725, 0.638473]","[0.01, 0.01, 0.01, 0.01, 0.01]",1.7,0.6211015437468344,0.6405199060011899,0.0438388751404425,0.5829571230372834,0.6270254795304895,0.6523573255984932,0.1036784611983227,0.5932348212909335,"{""CALTECH"": 0.5417, ""CMU"": 0.8485, ""KKI"": 0.7914, ""LEUVEN_1"": 0.7551, ""LEUVEN_2"": 0.7185, ""MAX_MUN"": 0.5619, ""NYU"": 0.6325, ""OLIN"": 0.637, ""PITT"": 0.6578, ""SBL"": 0.6429, ""SDSU"": 0.7182, ""STANFORD"": 0.7605, ""TRINITY"": 0.5675, ""UCLA_1"": 0.5676, ""UCLA_2"": 0.5538, ""UM_1"": 0.7216, ""UM_2"": 0.4308, ""USM"": 0.5918, ""YALE"": 0.6958}",0.0334471140082363,0.02752317822458117
M1,classical,D_SUBJ_BAND_Z,logreg,0.6526415468299236,0.6260410931753617,0.629979035639413,0.5406593406593406,0.7114228456913828,0.5822485207100592,0.6307692307692307,355,144,209,246,0.6521860361860361,0.0143333443315628,0.626046842046842,0.005256727483772,0.6299807109396527,0.5406593406593407,0.7114343434343434,0.5811790354800156,0.6334724828166419,"[0.646044, 0.66978, 0.655604, 0.658022, 0.63148]","[0.01, 0.01, 0.01, 0.01, 0.01]",0.5,0.6362835561232355,0.6430778046265335,0.0496930046977872,0.6001519522561607,0.6354423131978243,0.6447047003130756,0.0898974770638663,0.6027373428175031,"{""CALTECH"": 0.4896, ""CMU"": 0.7778, ""KKI"": 0.7406, ""LEUVEN_1"": 0.5816, ""LEUVEN_2"": 0.7556, ""MAX_MUN"": 0.5485, ""NYU"": 0.6537, ""OLIN"": 0.6296, ""PITT"": 0.6857, ""SBL"": 0.6048, ""SDSU"": 0.7136, ""STANFORD"": 0.7026, ""TRINITY"": 0.504, ""UCLA_1"": 0.5993, ""UCLA_2"": 0.5538, ""UM_1"": 0.7199, ""UM_2"": 0.5538, ""USM"": 0.6809, ""YALE"": 0.754}",0.016357990706688086,0.017199233632099298
M2,slow5,D_SUBJ_BAND_Z,logreg,0.6342134819088727,0.6099451650553855,0.6142557651991615,0.5164835164835165,0.7034068136272545,0.5608591885441527,0.6135770234986945,351,148,220,235,0.6376674436674437,0.033953365553184,0.6099387279387279,0.021701004966487,0.6142463488564343,0.5164835164835164,0.7033939393939395,0.5609861840989192,0.6158347360939662,"[0.623736, 0.69, 0.651099, 0.620549, 0.602953]","[0.01, 0.01, 0.01, 0.1, 0.01]",0.5,0.6129886145918211,0.6245548944012255,0.037091923375129,0.572743288775353,0.6153273580127288,0.6399826443177022,0.0839064962293608,0.5792728313770398,"{""CALTECH"": 0.599, ""CMU"": 0.7374, ""KKI"": 0.8064, ""LEUVEN_1"": 0.5357, ""LEUVEN_2"": 0.6333, ""MAX_MUN"": 0.5987, ""NYU"": 0.6504, ""OLIN"": 0.5407, ""PITT"": 0.7573, ""SBL"": 0.6381, ""SDSU"": 0.6364, ""STANFORD"": 0.7658, ""TRINITY"": 0.6091, ""UCLA_1"": 0.589, ""UCLA_2"": 0.4692, ""UM_1"": 0.6423, ""UM_2"": 0.6808, ""USM"": 0.61, ""YALE"": 0.6601}",0.021224867317051643,0.01888612389614397
M2,classical,D_SUBJ_BAND_Z,logreg,0.6199740139619899,0.5853487194168557,0.590146750524109,0.4813186813186813,0.6893787575150301,0.5283474065138721,0.5855614973262032,344,155,236,219,0.6216141636141636,0.0244059657334042,0.5853361083361083,0.0315285716453988,0.5900964453017361,0.4813186813186813,0.6893535353535354,0.5273768380149572,0.585511986952477,"[0.615495, 0.653077, 0.634396, 0.617802, 0.587302]","[0.01, 0.01, 0.01, 0.1, 0.01]",0.5,0.5963179105463674,0.6118412549113599,0.0508562563296862,0.5735845317007642,0.5969829769428968,0.6201037015041853,0.0856406992925956,0.5614966196128521,"{""CALTECH"": 0.5781, ""CMU"": 0.7071, ""KKI"": 0.7914, ""LEUVEN_1"": 0.4439, ""LEUVEN_2"": 0.6963, ""MAX_MUN"": 0.5535, ""NYU"": 0.6628, ""OLIN"": 0.5407, ""PITT"": 0.6936, ""SBL"": 0.6, ""SDSU"": 0.5773, ""STANFORD"": 0.6842, ""TRINITY"": 0.5734, ""UCLA_1"": 0.5722, ""UCLA_2"": 0.4923, ""UM_1"": 0.6444, ""UM_2"": 0.7077, ""USM"": 0.5936, ""YALE"": 0.6693}",0.02365610341562252,0.022991037019093108
OLD,slow5,D_SUBJ_BAND_Z,logreg,0.6114955185095466,0.5908101918121957,0.5943396226415094,0.5142857142857142,0.6673346693386774,0.5473684210526316,0.585,333,166,221,234,0.6176465756465757,0.0450169361608097,0.5908297258297258,0.0221705193466352,0.5943235050978232,0.5142857142857142,0.6673737373737374,0.5468656798533102,0.5857908426965639,"[0.551319, 0.669121, 0.617363, 0.646923, 0.603508]","[0.1, 0.01, 0.1, 0.1, 0.01]",0.6,0.6129445704596006,0.6204098467424248,0.0099846822670314,0.589096875068819,0.6095663855182892,0.6233805464526825,0.0976577862771542,0.5959171089431611,"{""CALTECH"": 0.5156, ""CMU"": 0.7576, ""KKI"": 0.7726, ""LEUVEN_1"": 0.7449, ""LEUVEN_2"": 0.7074, ""MAX_MUN"": 0.5652, ""NYU"": 0.6242, ""OLIN"": 0.5741, ""PITT"": 0.679, ""SBL"": 0.519, ""SDSU"": 0.5682, ""STANFORD"": 0.7947, ""TRINITY"": 0.5238, ""UCLA_1"": 0.6039, ""UCLA_2"": 0.4846, ""UM_1"": 0.6629, ""UM_2"": 0.5077, ""USM"": 0.5945, ""YALE"": 0.6442}",-0.001449051950053959,0.0019291329912574096
OLD,classical,D_SUBJ_BAND_Z,logreg,0.6169657997313307,0.5928780638199476,0.5953878406708596,0.5384615384615384,0.6472945891783567,0.5593607305936074,0.5819477434679335,323,176,210,245,0.6207579087579087,0.0393573163024464,0.592927738927739,0.0251777926451601,0.595420225957564,0.5384615384615385,0.6473939393939394,0.5594816461140442,0.5833498864357546,"[0.559341, 0.667802, 0.620659, 0.635275, 0.620713]","[10, 0.1, 0.1, 0.1, 0.1]",0.6,0.60634235503975,0.6016350790870201,0.0173289342788049,0.5791098680878239,0.609724944394283,0.6103655621588177,0.0953801894390623,0.5844105794005594,"{""CALTECH"": 0.5833, ""CMU"": 0.697, ""KKI"": 0.6786, ""LEUVEN_1"": 0.6122, ""LEUVEN_2"": 0.6963, ""MAX_MUN"": 0.5401, ""NYU"": 0.5846, ""OLIN"": 0.5926, ""PITT"": 0.6485, ""SBL"": 0.4905, ""SDSU"": 0.5273, ""STANFORD"": 0.8079, ""TRINITY"": 0.4325, ""UCLA_1"": 0.6226, ""UCLA_2"": 0.4385, ""UM_1"": 0.6642, ""UM_2"": 0.6115, ""USM"": 0.6664, ""YALE"": 0.7024}",0.010623444691580719,0.007240855337047658
M1,slow5,F_TRAINFOLD_BAND_Z,linsvm,0.6442159043361447,0.5925895747539034,0.5985324947589099,0.4637362637362637,0.7214428857715431,0.5242236024844721,0.6028571428571429,360,139,244,211,0.6506568986568986,0.0281564925382312,0.5926055056055056,0.0275758711721382,0.598517497933315,0.4637362637362637,0.7214747474747475,0.5224105264351998,0.6122250719490083,"[0.610549, 0.652088, 0.653626, 0.68989, 0.647131]","[0.01, 0.001, 0.001, 0.001, 0.001]",1.7,0.6152216520953996,0.6333751792094656,0.0499752702258973,0.5862538263339867,0.6278182739104583,0.6412410790711254,0.1087202936993089,0.5767843379065825,"{""CALTECH"": 0.4635, ""CMU"": 0.8182, ""KKI"": 0.8271, ""LEUVEN_1"": 0.6684, ""LEUVEN_2"": 0.7296, ""MAX_MUN"": 0.5619, ""NYU"": 0.6361, ""OLIN"": 0.6037, ""PITT"": 0.7082, ""SBL"": 0.6048, ""SDSU"": 0.7273, ""STANFORD"": 0.7211, ""TRINITY"": 0.5556, ""UCLA_1"": 0.5899, ""UCLA_2"": 0.5462, ""UM_1"": 0.7358, ""UM_2"": 0.4269, ""USM"": 0.5782, ""YALE"": 0.6812}",0.028994252240745144,0.016397630425686427
M1,classical,F_TRAINFOLD_BAND_Z,linsvm,0.641049131229492,0.605001211213636,0.6111111111111112,0.4725274725274725,0.7374749498997996,0.5368289637952559,0.6213872832369942,368,131,240,215,0.6456743256743256,0.0088269610626509,0.6050314130314131,0.0191602629741796,0.6110884541195921,0.4725274725274725,0.7375353535353536,0.5335263789807888,0.6272689337204779,"[0.632637, 0.654725, 0.64967, 0.640989, 0.65035]","[0.01, 0.001, 0.001, 0.01, 0.001]",0.5,0.6236472945891784,0.6387650500769593,0.0492893000561425,0.5715166596930124,0.631244907397212,0.637471093997237,0.1011779976751746,0.5950780682243608,"{""CALTECH"": 0.5, ""CMU"": 0.7677, ""KKI"": 0.7594, ""LEUVEN_1"": 0.5663, ""LEUVEN_2"": 0.7815, ""MAX_MUN"": 0.5084, ""NYU"": 0.6267, ""OLIN"": 0.6259, ""PITT"": 0.7082, ""SBL"": 0.5143, ""SDSU"": 0.7409, ""STANFORD"": 0.7079, ""TRINITY"": 0.496, ""UCLA_1"": 0.616, ""UCLA_2"": 0.5462, ""UM_1"": 0.7153, ""UM_2"": 0.5462, ""USM"": 0.6391, ""YALE"": 0.746}",0.017401836640313584,0.009804223832280079
M2,slow5,F_TRAINFOLD_BAND_Z,linsvm,0.6454931841705389,0.600184985355326,0.6058700209643606,0.4769230769230769,0.7234468937875751,0.5358024691358024,0.6112676056338028,361,138,238,217,0.6464171384171384,0.0277590950487703,0.6001585081585082,0.0158413604908937,0.605841829705153,0.476923076923077,0.7233939393939395,0.5356934563150733,0.6118691581226792,"[0.64044, 0.676923, 0.664615, 0.645934, 0.604174]","[0.01, 0.01, 0.01, 0.01, 0.01]",0.5,0.6147768063599728,0.6296611315716568,0.0369458668083397,0.5780109669889228,0.6164636966240172,0.6378400141307058,0.090229314661259,0.5740359840560241,"{""CALTECH"": 0.651, ""CMU"": 0.7071, ""KKI"": 0.8195, ""LEUVEN_1"": 0.5714, ""LEUVEN_2"": 0.6296, ""MAX_MUN"": 0.5652, ""NYU"": 0.6527, ""OLIN"": 0.4778, ""PITT"": 0.7732, ""SBL"": 0.6333, ""SDSU"": 0.6273, ""STANFORD"": 0.7789, ""TRINITY"": 0.5952, ""UCLA_1"": 0.603, ""UCLA_2"": 0.4769, ""UM_1"": 0.634, ""UM_2"": 0.6654, ""USM"": 0.58, ""YALE"": 0.6772}",0.03071637781056613,0.02902948754652168
M2,classical,F_TRAINFOLD_BAND_Z,linsvm,0.6190667048382479,0.5946266158691008,0.6016771488469602,0.4417582417582417,0.7474949899799599,0.5140664961636828,0.6146788990825688,373,126,254,201,0.6226651126651126,0.0298912026614453,0.5945558885558885,0.0449898302431534,0.6016037475888674,0.4417582417582418,0.7473535353535354,0.5128131678660308,0.6173714725967211,"[0.612857, 0.64, 0.641319, 0.644835, 0.574315]","[0.01, 0.01, 0.001, 0.01, 0.01]",0.6,0.5808672289634214,0.6128866974442528,0.0625427502761269,0.5652447752648153,0.583562729855315,0.5983555174671441,0.100492459501971,0.5664075403554362,"{""CALTECH"": 0.6458, ""CMU"": 0.6869, ""KKI"": 0.7914, ""LEUVEN_1"": 0.3469, ""LEUVEN_2"": 0.6444, ""MAX_MUN"": 0.4783, ""NYU"": 0.6482, ""OLIN"": 0.463, ""PITT"": 0.6472, ""SBL"": 0.6, ""SDSU"": 0.55, ""STANFORD"": 0.7105, ""TRINITY"": 0.5417, ""UCLA_1"": 0.5843, ""UCLA_2"": 0.5231, ""UM_1"": 0.6461, ""UM_2"": 0.6308, ""USM"": 0.5727, ""YALE"": 0.6574}",0.03819947587482653,0.035503974982932895
OLD,slow5,F_TRAINFOLD_BAND_Z,linsvm,0.6215640071351494,0.5886784558127244,0.5943396226415094,0.4659340659340659,0.7114228456913828,0.5228113440197287,0.5955056179775281,355,144,243,212,0.6229084249084249,0.0523084336246091,0.5887246087246087,0.0468589714378927,0.5942904381372278,0.4659340659340659,0.7115151515151515,0.5195559473255393,0.5950175358225529,"[0.56022, 0.659121, 0.62033, 0.688791, 0.586081]","[0.01, 0.001, 0.01, 0.01, 0.001]",0.6,0.618890528309366,0.6251937109585971,0.0176351064656195,0.5885154925235085,0.6092756942456341,0.6227067087629848,0.1127379400065489,0.5830540201281684,"{""CALTECH"": 0.4479, ""CMU"": 0.7879, ""KKI"": 0.8045, ""LEUVEN_1"": 0.7092, ""LEUVEN_2"": 0.7444, ""MAX_MUN"": 0.6003, ""NYU"": 0.6092, ""OLIN"": 0.5519, ""PITT"": 0.7427, ""SBL"": 0.5524, ""SDSU"": 0.5273, ""STANFORD"": 0.7658, ""TRINITY"": 0.5119, ""UCLA_1"": 0.6514, ""UCLA_2"": 0.4462, ""UM_1"": 0.6839, ""UM_2"": 0.5231, ""USM"": 0.5736, ""YALE"": 0.5979}",0.002673478825783393,0.012288312889515263
OLD,classical,F_TRAINFOLD_BAND_Z,linsvm,0.6104869078816975,0.5759430949811711,0.5807127882599581,0.4725274725274725,0.6793587174348698,0.5180722891566265,0.5733333333333334,339,160,240,215,0.6099555999555999,0.0364552653920832,0.576031413031413,0.0433241635226446,0.5806503168917058,0.4725274725274725,0.6795353535353535,0.5105434305563782,0.5706288448393713,"[0.572527, 0.652308, 0.621978, 0.631758, 0.571207]","[10, 0.01, 0.01, 1, 0.001]",0.6,0.5995507498513509,0.6070150189268934,0.027897533837743,0.5694487876852606,0.597273668215552,0.5970865217468077,0.0998761557010714,0.5584575744896386,"{""CALTECH"": 0.526, ""CMU"": 0.7374, ""KKI"": 0.6147, ""LEUVEN_1"": 0.5765, ""LEUVEN_2"": 0.7444, ""MAX_MUN"": 0.5786, ""NYU"": 0.5758, ""OLIN"": 0.537, ""PITT"": 0.5889, ""SBL"": 0.4381, ""SDSU"": 0.5318, ""STANFORD"": 0.7737, ""TRINITY"": 0.4246, ""UCLA_1"": 0.6356, ""UCLA_2"": 0.4462, ""UM_1"": 0.6658, ""UM_2"": 0.6577, ""USM"": 0.6464, ""YALE"": 0.6455}",0.010936158030346532,0.013213239666145515
M1,slow5,F_TRAINFOLD_BAND_Z,logreg,0.65287057631747,0.6066814948578475,0.6121593291404612,0.4879120879120879,0.7254509018036072,0.5454545454545454,0.6183844011142061,362,137,233,222,0.6543127983127983,0.024310709267793,0.6066732156732157,0.0241803062511243,0.6121576191788372,0.4879120879120878,0.7254343434343433,0.5445906083723651,0.6199147573026961,"[0.621429, 0.657253, 0.652198, 0.68978, 0.650905]","[0.01, 0.01, 0.01, 0.01, 0.01]",1.7,0.6136096368561299,0.6342517332900166,0.0426236710410268,0.5837983659626946,0.6316280913475303,0.644516620752178,0.1089799211027908,0.5906494307295911,"{""CALTECH"": 0.4583, ""CMU"": 0.8081, ""KKI"": 0.8402, ""LEUVEN_1"": 0.6633, ""LEUVEN_2"": 0.7259, ""MAX_MUN"": 0.6237, ""NYU"": 0.6338, ""OLIN"": 0.6111, ""PITT"": 0.7029, ""SBL"": 0.5905, ""SDSU"": 0.7182, ""STANFORD"": 0.7395, ""TRINITY"": 0.5873, ""UCLA_1"": 0.603, ""UCLA_2"": 0.5154, ""UM_1"": 0.7375, ""UM_2"": 0.4308, ""USM"": 0.5645, ""YALE"": 0.6918}",0.03926093946134013,0.021242484969939746
M1,classical,F_TRAINFOLD_BAND_Z,logreg,0.6456649562861988,0.6113677905261072,0.6163522012578616,0.5032967032967033,0.7194388777555111,0.5558252427184466,0.6205962059620597,359,140,226,229,0.6503933843933843,0.0094231624511558,0.6113958263958263,0.0182493714513238,0.6163405896941305,0.5032967032967034,0.7194949494949495,0.5542779940477588,0.6271069505017179,"[0.641758, 0.662637, 0.646044, 0.643297, 0.658231]","[0.1, 0.01, 0.01, 0.1, 0.01]",0.6,0.6275584135303574,0.646644528867136,0.050623845097884,0.5923627474729679,0.6337201876280033,0.6369412907885711,0.1130280080750973,0.5912638463740668,"{""CALTECH"": 0.4531, ""CMU"": 0.8182, ""KKI"": 0.7556, ""LEUVEN_1"": 0.449, ""LEUVEN_2"": 0.7741, ""MAX_MUN"": 0.5117, ""NYU"": 0.6585, ""OLIN"": 0.6185, ""PITT"": 0.6897, ""SBL"": 0.5571, ""SDSU"": 0.7364, ""STANFORD"": 0.7263, ""TRINITY"": 0.5198, ""UCLA_1"": 0.6123, ""UCLA_2"": 0.5769, ""UM_1"": 0.722, ""UM_2"": 0.5269, ""USM"": 0.6391, ""YALE"": 0.7566}",0.018106542755841448,0.011944768658195493
M2,slow5,F_TRAINFOLD_BAND_Z,logreg,0.6440969851791496,0.603351758461979,0.6079664570230608,0.5032967032967033,0.7034068136272545,0.5504807692307693,0.6074270557029178,351,148,226,229,0.6453033633033632,0.0259250705857576,0.6033352203352204,0.0170094095438515,0.6079360705428493,0.5032967032967033,0.7033737373737374,0.5501866630277024,0.6078605099002838,"[0.64022, 0.676374, 0.661538, 0.640659, 0.607726]","[0.1, 0.1, 0.1, 0.1, 0.1]",0.6,0.6063203329736396,0.6225541295799953,0.0353995940706998,0.5708670087427603,0.6045805897509304,0.6330336454360407,0.0932625276850777,0.5671827170825167,"{""CALTECH"": 0.6615, ""CMU"": 0.7071, ""KKI"": 0.8252, ""LEUVEN_1"": 0.5357, ""LEUVEN_2"": 0.6259, ""MAX_MUN"": 0.5619, ""NYU"": 0.6179, ""OLIN"": 0.4852, ""PITT"": 0.7573, ""SBL"": 0.6381, ""SDSU"": 0.65, ""STANFORD"": 0.7789, ""TRINITY"": 0.6012, ""UCLA_1"": 0.6058, ""UCLA_2"": 0.4615, ""UM_1"": 0.6604, ""UM_2"": 0.5962, ""USM"": 0.5727, ""YALE"": 0.6852}",0.037776652205509964,0.039516395428219164
M2,classical,F_TRAINFOLD_BAND_Z,logreg,0.6175295646237531,0.591103085291462,0.5974842767295597,0.4527472527472527,0.7294589178356713,0.5175879396984925,0.6041055718475073,364,135,249,206,0.6215642135642135,0.0296913838214604,0.59100999000999,0.0436447362134166,0.5974097547533755,0.4527472527472527,0.7292727272727272,0.5164286418267185,0.6091151495898675,"[0.612198, 0.639231, 0.642088, 0.640989, 0.573316]","[0.1, 0.1, 0.01, 0.1, 0.1]",0.6,0.5782377942698584,0.6113204911669425,0.0646945408123201,0.5668281618181418,0.5851835539210288,0.6036858118389079,0.1109326395222226,0.5659230549010108,"{""CALTECH"": 0.651, ""CMU"": 0.697, ""KKI"": 0.797, ""LEUVEN_1"": 0.3163, ""LEUVEN_2"": 0.6519, ""MAX_MUN"": 0.4381, ""NYU"": 0.6517, ""OLIN"": 0.4667, ""PITT"": 0.7042, ""SBL"": 0.6143, ""SDSU"": 0.55, ""STANFORD"": 0.7158, ""TRINITY"": 0.6052, ""UCLA_1"": 0.5834, ""UCLA_2"": 0.5154, ""UM_1"": 0.6478, ""UM_2"": 0.6269, ""USM"": 0.58, ""YALE"": 0.6574}",0.03929177035389464,0.03234601070272425
OLD,slow5,F_TRAINFOLD_BAND_Z,logreg,0.6290206787200776,0.5994406395207998,0.6037735849056604,0.5054945054945055,0.6933867735470942,0.548926014319809,0.6005221932114883,346,153,225,230,0.6305794205794205,0.0487317453945433,0.5994846264846265,0.0348458626674316,0.6037365665472583,0.5054945054945056,0.6934747474747475,0.5469213749855009,0.6022393331793658,"[0.572198, 0.669011, 0.624725, 0.68956, 0.597403]","[0.1, 0.01, 0.1, 0.1, 0.01]",0.6,0.6208372789535114,0.6272938746086123,0.0179423677305654,0.5997951947851747,0.6137858133850119,0.6329780675117018,0.105373210528362,0.5942368252989496,"{""CALTECH"": 0.4583, ""CMU"": 0.7576, ""KKI"": 0.8045, ""LEUVEN_1"": 0.7092, ""LEUVEN_2"": 0.7296, ""MAX_MUN"": 0.6355, ""NYU"": 0.623, ""OLIN"": 0.6, ""PITT"": 0.6936, ""SBL"": 0.5476, ""SDSU"": 0.5136, ""STANFORD"": 0.8158, ""TRINITY"": 0.5258, ""UCLA_1"": 0.6412, ""UCLA_2"": 0.4615, ""UM_1"": 0.6985, ""UM_2"": 0.6269, ""USM"": 0.5718, ""YALE"": 0.6124}",0.008183399766566235,0.015234865335065684
OLD,classical,F_TRAINFOLD_BAND_Z,logreg,0.6220264705234645,0.5924266114646877,0.5964360587002097,0.5054945054945055,0.6793587174348698,0.5443786982248521,0.5897435897435898,339,160,225,230,0.6229381729381729,0.039264254185369,0.5924947274947275,0.0347421109185865,0.5963957012951226,0.5054945054945056,0.6794949494949495,0.540932181044383,0.5915771947350895,"[0.573187, 0.663626, 0.638242, 0.64967, 0.589966]","[1, 0.1, 0.1, 0.1, 0.01]",0.7,0.6114074302451056,0.609862494151191,0.0208154539110059,0.58955052963069,0.6104780990552533,0.6113244321831693,0.1018203065314835,0.5817613248474972,"{""CALTECH"": 0.5417, ""CMU"": 0.7475, ""KKI"": 0.6805, ""LEUVEN_1"": 0.5816, ""LEUVEN_2"": 0.7111, ""MAX_MUN"": 0.5736, ""NYU"": 0.5924, ""OLIN"": 0.5704, ""PITT"": 0.5915, ""SBL"": 0.4286, ""SDSU"": 0.5409, ""STANFORD"": 0.8263, ""TRINITY"": 0.4544, ""UCLA_1"": 0.6421, ""UCLA_2"": 0.4692, ""UM_1"": 0.6658, ""UM_2"": 0.6962, ""USM"": 0.6427, ""YALE"": 0.6587}",0.010619040278358916,0.011548371468211194
M1,slow4,A_RAW,linsvm,0.6260344865555286,0.6012178202558964,0.6048218029350105,0.5230769230769231,0.6793587174348698,0.5580304806565064,0.5979899497487438,339,160,217,238,0.6243911643911644,0.0147229833393663,0.6012051282051283,0.0172132596412657,0.6048112427666024,0.523076923076923,0.6793333333333333,0.5570388134187877,0.6007149411309023,"[0.641319, 0.633187, 0.621319, 0.623956, 0.602176]","[0.001, 0.001, 0.001, 0.001, 0.001]",1.7,0.5995243233720188,0.6022354219443258,0.0447527422064079,0.5648571869012751,0.6029641700984387,0.6094798292130982,0.0966032989733577,0.5705124534783853,"{""CALTECH"": 0.526, ""CMU"": 0.7172, ""KKI"": 0.7218, ""LEUVEN_1"": 0.4184, ""LEUVEN_2"": 0.6778, ""MAX_MUN"": 0.4833, ""NYU"": 0.5752, ""OLIN"": 0.6519, ""PITT"": 0.6074, ""SBL"": 0.5333, ""SDSU"": 0.7273, ""STANFORD"": 0.6605, ""TRINITY"": 0.4762, ""UCLA_1"": 0.5843, ""UCLA_2"": 0.5692, ""UM_1"": 0.6935, ""UM_2"": 0.5577, ""USM"": 0.6345, ""YALE"": 0.7646}",0.02651016318350985,0.0230703164570899
M1,all3,A_RAW,linsvm,0.6413089916095929,0.6061948071968112,0.6090146750524109,0.545054945054945,0.6673346693386774,0.570771001150748,0.5990338164251208,333,166,207,248,0.6410993450993451,0.0260801335986165,0.6061638361638362,0.0214360518602882,0.6089942132818958,0.5450549450549451,0.6672727272727272,0.5708317014221931,0.6024930378086764,"[0.615934, 0.638901, 0.663297, 0.671758, 0.615607]","[0.001, 0.001, 0.001, 0.001, 0.001]",32.7,0.6049769869409148,0.6093799893705432,0.0517812617119028,0.5667312647272567,0.6107996212204629,0.6187548694855296,0.12075302313869,0.5808231848312009,"{""CALTECH"": 0.375, ""CMU"": 0.798, ""KKI"": 0.75, ""LEUVEN_1"": 0.6071, ""LEUVEN_2"": 0.7741, ""MAX_MUN"": 0.5184, ""NYU"": 0.5768, ""OLIN"": 0.6815, ""PITT"": 0.6897, ""SBL"": 0.5476, ""SDSU"": 0.6636, ""STANFORD"": 0.7158, ""TRINITY"": 0.504, ""UCLA_1"": 0.5881, ""UCLA_2"": 0.5154, ""UM_1"": 0.7325, ""UM_2"": 0.4115, ""USM"": 0.5864, ""YALE"": 0.7209}",0.03633200466867803,0.03050937038912993
M2,slow4,A_RAW,linsvm,0.5944063952079984,0.5575524675725076,0.5628930817610063,0.4417582417582417,0.6733466933867736,0.4908424908424908,0.5521978021978022,336,163,254,201,0.5934474414474414,0.0359367837996207,0.5575255855255856,0.0356192492986688,0.5628602920914854,0.4417582417582418,0.6732929292929293,0.490946517770049,0.5532791391323255,"[0.589451, 0.613187, 0.594725, 0.632967, 0.536908]","[0.001, 0.001, 0.001, 0.001, 0.001]",0.6,0.5748552049153252,0.5810591664024368,0.0491886506060798,0.5459160078398555,0.5758021537580655,0.5847678517948885,0.0976113114244583,0.5562267391926711,"{""CALTECH"": 0.6615, ""CMU"": 0.7172, ""KKI"": 0.7632, ""LEUVEN_1"": 0.3827, ""LEUVEN_2"": 0.6296, ""MAX_MUN"": 0.4515, ""NYU"": 0.617, ""OLIN"": 0.4815, ""PITT"": 0.5438, ""SBL"": 0.5905, ""SDSU"": 0.5045, ""STANFORD"": 0.6816, ""TRINITY"": 0.5198, ""UCLA_1"": 0.5359, ""UCLA_2"": 0.5231, ""UM_1"": 0.6453, ""UM_2"": 0.6192, ""USM"": 0.5564, ""YALE"": 0.6865}",0.01955119029267327,0.01860424144993289
M2,all3,A_RAW,linsvm,0.6100464665594926,0.5880948710608029,0.5911949685534591,0.5208791208791209,0.655310621242485,0.5486111111111112,0.5794621026894865,327,172,218,237,0.6103387723387723,0.0338538786371528,0.588025419025419,0.0278064932083566,0.5911600992008818,0.5208791208791208,0.6551717171717172,0.5485649200458094,0.5803862793746586,"[0.611099, 0.627473, 0.615824, 0.643297, 0.554002]","[0.001, 0.001, 0.001, 0.001, 0.001]",77.6,0.5927811667290626,0.6026156747475173,0.0380016883027423,0.5727741196679073,0.5960272192737123,0.6087316120295622,0.0982296400865304,0.5678609967187122,"{""CALTECH"": 0.6562, ""CMU"": 0.7374, ""KKI"": 0.7744, ""LEUVEN_1"": 0.5255, ""LEUVEN_2"": 0.6481, ""MAX_MUN"": 0.5585, ""NYU"": 0.6283, ""OLIN"": 0.4556, ""PITT"": 0.6393, ""SBL"": 0.6571, ""SDSU"": 0.5818, ""STANFORD"": 0.7632, ""TRINITY"": 0.5456, ""UCLA_1"": 0.4716, ""UCLA_2"": 0.4615, ""UM_1"": 0.6495, ""UM_2"": 0.5615, ""USM"": 0.5364, ""YALE"": 0.7143}",0.017265299830430014,0.0140192472857803
OLD,slow4,A_RAW,linsvm,0.6153493800788391,0.5827302957563478,0.5870020964360587,0.4901098901098901,0.6753507014028056,0.530952380952381,0.5792207792207792,337,162,232,223,0.6139269619269621,0.0297286577149728,0.5827418137418138,0.0195409560025471,0.5869771286855883,0.49010989010989,0.6753737373737374,0.5295064569864936,0.5805874011046426,"[0.607802, 0.648022, 0.617912, 0.628022, 0.567877]","[0.001, 0.001, 0.001, 0.001, 0.001]",0.5,0.5920764606135347,0.5865176812500973,0.0302234263485759,0.5687352727432888,0.5906318130767029,0.5894713032534128,0.1026651350317168,0.5575194344733423,"{""CALTECH"": 0.5625, ""CMU"": 0.7273, ""KKI"": 0.6898, ""LEUVEN_1"": 0.4745, ""LEUVEN_2"": 0.6111, ""MAX_MUN"": 0.5753, ""NYU"": 0.5581, ""OLIN"": 0.5407, ""PITT"": 0.5358, ""SBL"": 0.4667, ""SDSU"": 0.5955, ""STANFORD"": 0.7474, ""TRINITY"": 0.4345, ""UCLA_1"": 0.5983, ""UCLA_2"": 0.3923, ""UM_1"": 0.6256, ""UM_2"": 0.7462, ""USM"": 0.6345, ""YALE"": 0.6839}",0.02327291946530441,0.02471756700213623
OLD,all3,A_RAW,linsvm,0.6356228941399282,0.6012816842476161,0.6037735849056604,0.5472527472527473,0.655310621242485,0.5684931506849316,0.5914489311163895,327,172,206,249,0.6346231546231547,0.0400746647602417,0.6012425352425351,0.0445238363032026,0.6037475888674566,0.5472527472527473,0.6552323232323232,0.5679435160755162,0.5930747953298832,"[0.581648, 0.659341, 0.641648, 0.682198, 0.608281]","[0.001, 0.001, 0.001, 0.001, 0.001]",16.0,0.6199475874826575,0.6155533275380655,0.0186331717004869,0.5964015943975864,0.6225550001101103,0.6245263578147596,0.0942879846330505,0.5896782576141293,"{""CALTECH"": 0.4219, ""CMU"": 0.7071, ""KKI"": 0.6823, ""LEUVEN_1"": 0.7041, ""LEUVEN_2"": 0.6889, ""MAX_MUN"": 0.5953, ""NYU"": 0.5947, ""OLIN"": 0.6222, ""PITT"": 0.6605, ""SBL"": 0.5048, ""SDSU"": 0.6136, ""STANFORD"": 0.8, ""TRINITY"": 0.504, ""UCLA_1"": 0.644, ""UCLA_2"": 0.4615, ""UM_1"": 0.6948, ""UM_2"": 0.6731, ""USM"": 0.6345, ""YALE"": 0.6587}",0.015675306657270682,0.013067894029817895
M1,slow4,A_RAW,logreg,0.6200929331189853,0.5915237067541677,0.5985324947589099,0.4395604395604395,0.7434869739478958,0.5108556832694764,0.6097560975609756,371,128,255,200,0.6221500721500721,0.0118184962465479,0.5914468864468864,0.0127677288599098,0.5985230090934142,0.4395604395604396,0.7433333333333333,0.5087381106575645,0.6113342907677222,"[0.634066, 0.627363, 0.622857, 0.623956, 0.602509]","[0.001, 0.001, 0.001, 0.001, 0.01]",2.0,0.5973705653064371,0.6196170972585489,0.0545693977131937,0.5584267435970842,0.6020128168424762,0.6163493649963019,0.1164941112846846,0.5698033429496355,"{""CALTECH"": 0.5, ""CMU"": 0.798, ""KKI"": 0.7237, ""LEUVEN_1"": 0.3418, ""LEUVEN_2"": 0.7259, ""MAX_MUN"": 0.4866, ""NYU"": 0.6147, ""OLIN"": 0.5852, ""PITT"": 0.6366, ""SBL"": 0.5381, ""SDSU"": 0.7364, ""STANFORD"": 0.6684, ""TRINITY"": 0.4782, ""UCLA_1"": 0.5815, ""UCLA_2"": 0.5615, ""UM_1"": 0.7036, ""UM_2"": 0.6154, ""USM"": 0.6373, ""YALE"": 0.7778}",0.022722367812548216,0.018080116276509073
M1,all3,A_RAW,logreg,0.6534651721024467,0.601638441718602,0.6058700209643606,0.5098901098901099,0.6933867735470942,0.5523809523809524,0.6025974025974026,346,153,223,232,0.6534749694749695,0.0176520835269232,0.6016319236319237,0.0319877533906614,0.6058418297051529,0.50989010989011,0.6933737373737373,0.5514752196322104,0.6062722697045795,"[0.635165, 0.661538, 0.653626, 0.678462, 0.638584]","[0.001, 0.001, 0.001, 0.001, 0.001]",13.6,0.6306899513312338,0.6370071533091594,0.0494183896208132,0.5986654627937193,0.6324385033803871,0.637321763054549,0.114643552992048,0.5784315884516286,"{""CALTECH"": 0.4271, ""CMU"": 0.8485, ""KKI"": 0.7951, ""LEUVEN_1"": 0.5714, ""LEUVEN_2"": 0.763, ""MAX_MUN"": 0.5502, ""NYU"": 0.6327, ""OLIN"": 0.6296, ""PITT"": 0.691, ""SBL"": 0.5905, ""SDSU"": 0.6864, ""STANFORD"": 0.7474, ""TRINITY"": 0.5099, ""UCLA_1"": 0.6132, ""UCLA_2"": 0.5308, ""UM_1"": 0.7384, ""UM_2"": 0.4615, ""USM"": 0.6109, ""YALE"": 0.7116}",0.022775220771212856,0.021026668722059605
M2,slow4,A_RAW,logreg,0.6139443722610056,0.58383139906186,0.5911949685534591,0.4241758241758241,0.7434869739478958,0.4974226804123711,0.6012461059190031,371,128,262,193,0.6141187701187701,0.0319666432667408,0.5838050838050837,0.0403668337320301,0.5911325434003858,0.4241758241758241,0.7434343434343434,0.4965664884224047,0.6006414249460736,"[0.599341, 0.632637, 0.631099, 0.642637, 0.56488]","[0.001, 0.001, 0.001, 0.001, 0.001]",2.1,0.5686714087515691,0.6010433502803959,0.0689562555380048,0.5592327512167191,0.5767975511462486,0.5913733582454125,0.1148183409900712,0.5597502697703098,"{""CALTECH"": 0.5833, ""CMU"": 0.6667, ""KKI"": 0.8271, ""LEUVEN_1"": 0.2857, ""LEUVEN_2"": 0.637, ""MAX_MUN"": 0.4114, ""NYU"": 0.6507, ""OLIN"": 0.4852, ""PITT"": 0.6326, ""SBL"": 0.6143, ""SDSU"": 0.5136, ""STANFORD"": 0.6868, ""TRINITY"": 0.5913, ""UCLA_1"": 0.5676, ""UCLA_2"": 0.5692, ""UM_1"": 0.6507, ""UM_2"": 0.5962, ""USM"": 0.5709, ""YALE"": 0.6958}",0.04527296350943655,0.03714682111475698
M2,all3,A_RAW,logreg,0.6298707304719329,0.5927833689356736,0.5985324947589099,0.4681318681318681,0.717434869739479,0.5265760197775031,0.6016949152542372,358,141,242,213,0.6295164835164836,0.0298741068989804,0.5927629037629037,0.0360480877116792,0.5984954532929182,0.4681318681318681,0.7173939393939394,0.5256901092570891,0.6003993104830714,"[0.622527, 0.656923, 0.632967, 0.652747, 0.582418]","[0.001, 0.001, 0.001, 0.001, 0.001]",18.5,0.5920368208945364,0.6146446189792106,0.05351383069172,0.5737761236759232,0.5983659626946201,0.6142793019461276,0.1066412700384582,0.577105860071792,"{""CALTECH"": 0.651, ""CMU"": 0.7475, ""KKI"": 0.844, ""LEUVEN_1"": 0.4286, ""LEUVEN_2"": 0.6, ""MAX_MUN"": 0.5, ""NYU"": 0.6534, ""OLIN"": 0.4704, ""PITT"": 0.6737, ""SBL"": 0.619, ""SDSU"": 0.6273, ""STANFORD"": 0.7395, ""TRINITY"": 0.5496, ""UCLA_1"": 0.5508, ""UCLA_2"": 0.4538, ""UM_1"": 0.6507, ""UM_2"": 0.6615, ""USM"": 0.5718, ""YALE"": 0.6786}",0.03783390957739652,0.031504767777312814
OLD,slow4,A_RAW,logreg,0.6134863132859125,0.5802418022858905,0.5849056603773585,0.4791208791208791,0.6813627254509018,0.5240384615384616,0.5782493368700266,340,159,237,218,0.6128169608169609,0.0313082391096427,0.5802473082473082,0.0281605711095715,0.5848608432074952,0.4791208791208791,0.6813737373737373,0.522063899599872,0.5781659475960954,"[0.608132, 0.645604, 0.620549, 0.627473, 0.562327]","[0.01, 0.01, 0.01, 0.01, 0.01]",0.9,0.5822149794093682,0.5879694163963702,0.030938045090043,0.5603338545222313,0.5845757448963862,0.5914889621481553,0.0957968774351484,0.5664405734546015,"{""CALTECH"": 0.5573, ""CMU"": 0.6869, ""KKI"": 0.6936, ""LEUVEN_1"": 0.4949, ""LEUVEN_2"": 0.6296, ""MAX_MUN"": 0.5602, ""NYU"": 0.5566, ""OLIN"": 0.5407, ""PITT"": 0.5265, ""SBL"": 0.4476, ""SDSU"": 0.5773, ""STANFORD"": 0.7184, ""TRINITY"": 0.4583, ""UCLA_1"": 0.6095, ""UCLA_2"": 0.4385, ""UM_1"": 0.66, ""UM_2"": 0.7731, ""USM"": 0.6373, ""YALE"": 0.672}",0.03127133387654435,0.028910568389526325
OLD,all3,A_RAW,logreg,0.6251007509524544,0.5850580281442005,0.590146750524109,0.4747252747252747,0.6953907815631263,0.5249088699878494,0.5869565217391305,347,152,239,216,0.6307441447441446,0.0458587136506641,0.5851000111000111,0.027702582932798,0.5901240011022321,0.4747252747252747,0.6954747474747476,0.5231588812744761,0.5905286561948326,"[0.578462, 0.677363, 0.630659, 0.675385, 0.591853]","[0.01, 0.001, 0.001, 0.001, 0.001]",12.8,0.6192604990200181,0.6195607832776806,0.0169827493972004,0.5838622299544143,0.616701534938008,0.6253181386431238,0.110965760924769,0.5845405095906098,"{""CALTECH"": 0.4583, ""CMU"": 0.7576, ""KKI"": 0.7914, ""LEUVEN_1"": 0.5867, ""LEUVEN_2"": 0.7333, ""MAX_MUN"": 0.6054, ""NYU"": 0.5939, ""OLIN"": 0.5815, ""PITT"": 0.6764, ""SBL"": 0.4857, ""SDSU"": 0.6318, ""STANFORD"": 0.8289, ""TRINITY"": 0.4722, ""UCLA_1"": 0.6244, ""UCLA_2"": 0.4308, ""UM_1"": 0.6927, ""UM_2"": 0.6769, ""USM"": 0.6182, ""YALE"": 0.6349}",0.005840251932436313,0.008399216014446487
M1,slow4,B_SUBJ_JOINT_MINMAX,linsvm,0.6039243321808452,0.5725825276927481,0.5786163522012578,0.4417582417582417,0.7034068136272545,0.5,0.5759312320916905,351,148,254,201,0.6094296814296815,0.0175227764910545,0.5725255855255856,0.0234255251989108,0.5786111876550013,0.4417582417582418,0.7032929292929293,0.4967302309371216,0.5788237034684489,"[0.60989, 0.630989, 0.616813, 0.606484, 0.582973]","[0.01, 0.01, 0.1, 0.1, 0.1]",1.5,0.5764099627827082,0.5884992059497824,0.0449969088290556,0.5423946794688278,0.5964324252901407,0.5957003848723555,0.0914357920266061,0.5583606773987535,"{""CALTECH"": 0.4375, ""CMU"": 0.697, ""KKI"": 0.6466, ""LEUVEN_1"": 0.4592, ""LEUVEN_2"": 0.6926, ""MAX_MUN"": 0.4983, ""NYU"": 0.5674, ""OLIN"": 0.5926, ""PITT"": 0.6207, ""SBL"": 0.5905, ""SDSU"": 0.6273, ""STANFORD"": 0.6526, ""TRINITY"": 0.4742, ""UCLA_1"": 0.5722, ""UCLA_2"": 0.5077, ""UM_1"": 0.6839, ""UM_2"": 0.5654, ""USM"": 0.6509, ""YALE"": 0.7817}",0.027514369398137006,0.007491906890704447
M1,all3,B_SUBJ_JOINT_MINMAX,linsvm,0.6463432359223942,0.5982448413310137,0.6027253668763103,0.5010989010989011,0.6953907815631263,0.5461077844311377,0.6,347,152,227,228,0.6475870795870795,0.0182420470768359,0.5982666222666222,0.031599504672239,0.6027445577294019,0.5010989010989011,0.6954343434343434,0.544320245512564,0.6023492990936319,"[0.625055, 0.662088, 0.640989, 0.67011, 0.639694]","[0.01, 0.01, 0.01, 0.01, 0.01]",4.3,0.6153758065581713,0.6320025011214316,0.0512078230926115,0.5988592569754895,0.6297385980752714,0.640186843804395,0.0964528210465295,0.590455636547821,"{""CALTECH"": 0.4896, ""CMU"": 0.8384, ""KKI"": 0.7368, ""LEUVEN_1"": 0.6276, ""LEUVEN_2"": 0.6963, ""MAX_MUN"": 0.5619, ""NYU"": 0.6375, ""OLIN"": 0.6296, ""PITT"": 0.6711, ""SBL"": 0.6476, ""SDSU"": 0.7, ""STANFORD"": 0.7237, ""TRINITY"": 0.5159, ""UCLA_1"": 0.575, ""UCLA_2"": 0.5308, ""UM_1"": 0.7317, ""UM_2"": 0.4769, ""USM"": 0.6418, ""YALE"": 0.7315}",0.03096742936422292,0.01660463784712274
M2,slow4,B_SUBJ_JOINT_MINMAX,linsvm,0.5949393292078663,0.5841859543262349,0.590146750524109,0.4549450549450549,0.7134268537074149,0.5142857142857142,0.5914285714285714,356,143,248,207,0.5996161616161616,0.0333259054542994,0.5841189921189922,0.0322911671797572,0.5900909341416367,0.4549450549450549,0.7132929292929293,0.513983289123679,0.5939985718306872,"[0.592418, 0.623626, 0.615714, 0.621978, 0.544345]","[0.1, 0.01, 0.01, 0.1, 0.1]",0.4,0.5761368891629413,0.588316904868803,0.0621021252210796,0.5577792948534431,0.5753396903697505,0.58169947791363,0.107957363395236,0.5615604836045718,"{""CALTECH"": 0.5365, ""CMU"": 0.6465, ""KKI"": 0.7105, ""LEUVEN_1"": 0.2908, ""LEUVEN_2"": 0.6852, ""MAX_MUN"": 0.4783, ""NYU"": 0.6256, ""OLIN"": 0.4556, ""PITT"": 0.6286, ""SBL"": 0.6238, ""SDSU"": 0.4318, ""STANFORD"": 0.6421, ""TRINITY"": 0.5952, ""UCLA_1"": 0.5396, ""UCLA_2"": 0.5462, ""UM_1"": 0.6461, ""UM_2"": 0.7038, ""USM"": 0.5809, ""YALE"": 0.6852}",0.01880244004492504,0.019599638838115774
M2,all3,B_SUBJ_JOINT_MINMAX,linsvm,0.6220000440441322,0.5857693408795613,0.5911949685534591,0.4681318681318681,0.7034068136272545,0.5220588235294118,0.590027700831025,351,148,242,213,0.6241638361638362,0.0255676174129812,0.5857629037629037,0.0302342043012378,0.5911435657205841,0.4681318681318681,0.7033939393939393,0.5206533614029937,0.589330254224191,"[0.615824, 0.655824, 0.638022, 0.623736, 0.587413]","[0.01, 0.01, 0.01, 0.1, 0.01]",6.7,0.5936224096544738,0.6066981024541171,0.0543080042238923,0.569673412759585,0.5945693584972143,0.6091904968643401,0.088864979378162,0.5779801360963686,"{""CALTECH"": 0.5833, ""CMU"": 0.7475, ""KKI"": 0.7444, ""LEUVEN_1"": 0.4439, ""LEUVEN_2"": 0.6185, ""MAX_MUN"": 0.5351, ""NYU"": 0.6496, ""OLIN"": 0.4481, ""PITT"": 0.7029, ""SBL"": 0.6381, ""SDSU"": 0.55, ""STANFORD"": 0.6816, ""TRINITY"": 0.6012, ""UCLA_1"": 0.5527, ""UCLA_2"": 0.5, ""UM_1"": 0.6474, ""UM_2"": 0.6769, ""USM"": 0.5855, ""YALE"": 0.668}",0.028377634389658457,0.027430685546917966
OLD,slow4,B_SUBJ_JOINT_MINMAX,linsvm,0.5858221938382259,0.5681847210905326,0.5712788259958071,0.5010989010989011,0.6352705410821643,0.5271676300578034,0.5560975609756098,317,182,227,228,0.5877580197580197,0.0297954354051325,0.5681959151959152,0.0320935628473173,0.571248277762469,0.5010989010989011,0.6352929292929292,0.5255118215118215,0.557942282942283,"[0.577582, 0.631978, 0.591758, 0.588132, 0.54934]","[1000, 0.1, 1, 10, 0.1]",0.4,0.5808892510295316,0.5692263280429707,0.0170645187948851,0.5623356603316523,0.5794754343852541,0.566606532795443,0.0894617637363923,0.5580699861260984,"{""CALTECH"": 0.5573, ""CMU"": 0.697, ""KKI"": 0.6241, ""LEUVEN_1"": 0.5663, ""LEUVEN_2"": 0.5222, ""MAX_MUN"": 0.5635, ""NYU"": 0.5603, ""OLIN"": 0.5556, ""PITT"": 0.6101, ""SBL"": 0.481, ""SDSU"": 0.4864, ""STANFORD"": 0.7263, ""TRINITY"": 0.4107, ""UCLA_1"": 0.5676, ""UCLA_2"": 0.3615, ""UM_1"": 0.6344, ""UM_2"": 0.5731, ""USM"": 0.6227, ""YALE"": 0.6455}",0.004932942808694274,0.006346759452971806
OLD,all3,B_SUBJ_JOINT_MINMAX,linsvm,0.6242595080270431,0.6075205355766478,0.6111111111111112,0.5296703296703297,0.685370741482966,0.5650644783118406,0.6055276381909548,342,157,214,241,0.6275255855255855,0.0276535712843136,0.6075018315018315,0.015699734760947,0.611110498759989,0.5296703296703296,0.6853333333333332,0.5646577508398632,0.6083840174428248,"[0.58956, 0.662527, 0.620989, 0.644615, 0.619936]","[0.1, 0.01, 0.1, 0.1, 0.1]",4.4,0.6115527758814332,0.6104148892566794,0.0164082081051701,0.5774295844436125,0.6115483714682111,0.6226604109692844,0.0910655643615407,0.5765244775264815,"{""CALTECH"": 0.5208, ""CMU"": 0.7273, ""KKI"": 0.7763, ""LEUVEN_1"": 0.7041, ""LEUVEN_2"": 0.6037, ""MAX_MUN"": 0.5886, ""NYU"": 0.595, ""OLIN"": 0.6148, ""PITT"": 0.6698, ""SBL"": 0.5476, ""SDSU"": 0.5818, ""STANFORD"": 0.8158, ""TRINITY"": 0.494, ""UCLA_1"": 0.6021, ""UCLA_2"": 0.4615, ""UM_1"": 0.6864, ""UM_2"": 0.5885, ""USM"": 0.64, ""YALE"": 0.6124}",0.012706732145609911,0.012711136558832048
M1,slow4,B_SUBJ_JOINT_MINMAX,logreg,0.6122222466911846,0.5857032746812305,0.589098532494759,0.512087912087912,0.6593186372745491,0.5431235431235432,0.5781637717121588,329,170,222,233,0.6103498723498724,0.0186655703644853,0.5856904206904208,0.0203049712140232,0.589082391843483,0.5120879120879122,0.6592929292929293,0.5425017048808229,0.5800934107133885,"[0.62011, 0.628901, 0.618462, 0.602747, 0.58153]","[1, 1, 1, 1, 1]",1.7,0.5722786231804269,0.5891160486637147,0.0481971670013823,0.5499262260785307,0.5833513180206567,0.591258388447255,0.0945272796530552,0.5571648792089674,"{""CALTECH"": 0.3958, ""CMU"": 0.7071, ""KKI"": 0.6447, ""LEUVEN_1"": 0.4694, ""LEUVEN_2"": 0.6778, ""MAX_MUN"": 0.5017, ""NYU"": 0.5648, ""OLIN"": 0.5963, ""PITT"": 0.6048, ""SBL"": 0.5714, ""SDSU"": 0.6545, ""STANFORD"": 0.6526, ""TRINITY"": 0.4722, ""UCLA_1"": 0.5694, ""UCLA_2"": 0.5, ""UM_1"": 0.6839, ""UM_2"": 0.5538, ""USM"": 0.6464, ""YALE"": 0.7672}",0.03994362351075775,0.028870928670527984
M1,all3,B_SUBJ_JOINT_MINMAX,logreg,0.6444317205840252,0.6018322359003722,0.6058700209643606,0.5142857142857142,0.6893787575150301,0.5545023696682464,0.6015424164524421,344,155,221,234,0.6453255633255633,0.0163270366710834,0.6018499278499279,0.0187003898130971,0.6058914301460457,0.5142857142857142,0.6894141414141415,0.5528480290708406,0.6039929507562752,"[0.621538, 0.663297, 0.643297, 0.657692, 0.640804]","[0.1, 0.1, 0.1, 0.1, 0.1]",2.3,0.6172432777643199,0.6299295846922434,0.0519912481292421,0.5968552489594574,0.6293686273646193,0.6424245304149222,0.1003129120036428,0.5847343037723799,"{""CALTECH"": 0.4948, ""CMU"": 0.8586, ""KKI"": 0.7444, ""LEUVEN_1"": 0.6378, ""LEUVEN_2"": 0.7148, ""MAX_MUN"": 0.5669, ""NYU"": 0.6309, ""OLIN"": 0.6259, ""PITT"": 0.6592, ""SBL"": 0.6381, ""SDSU"": 0.7091, ""STANFORD"": 0.7289, ""TRINITY"": 0.5119, ""UCLA_1"": 0.5657, ""UCLA_2"": 0.5385, ""UM_1"": 0.7321, ""UM_2"": 0.4731, ""USM"": 0.6427, ""YALE"": 0.7328}",0.02718844281970534,0.01506309321940591
M2,slow4,B_SUBJ_JOINT_MINMAX,logreg,0.5940496377370126,0.585187958334251,0.5911949685534591,0.4549450549450549,0.7154308617234469,0.5149253731343284,0.5931232091690545,357,142,248,207,0.5985729825729826,0.0360868831234909,0.585088689088689,0.0335277848338846,0.5911325434003858,0.4549450549450549,0.7152323232323232,0.514862547234342,0.5966803285654609,"[0.588901, 0.623297, 0.619451, 0.621978, 0.539239]","[0.1, 0.1, 0.1, 1, 1]",0.5,0.5725957409324143,0.5872294508426634,0.0603022647676459,0.5492787773348895,0.5687903279085643,0.583706608910993,0.0946862166073117,0.5624655905217028,"{""CALTECH"": 0.5521, ""CMU"": 0.6566, ""KKI"": 0.7011, ""LEUVEN_1"": 0.3571, ""LEUVEN_2"": 0.6852, ""MAX_MUN"": 0.4849, ""NYU"": 0.6244, ""OLIN"": 0.4556, ""PITT"": 0.6273, ""SBL"": 0.6095, ""SDSU"": 0.4318, ""STANFORD"": 0.6395, ""TRINITY"": 0.5913, ""UCLA_1"": 0.5368, ""UCLA_2"": 0.5769, ""UM_1"": 0.6482, ""UM_2"": 0.6769, ""USM"": 0.5645, ""YALE"": 0.6706}",0.021453896804598305,0.025259309828448262
M2,all3,B_SUBJ_JOINT_MINMAX,logreg,0.6199696095487679,0.5809531150212512,0.5859538784067087,0.4725274725274725,0.6893787575150301,0.5212121212121212,0.581081081081081,344,155,240,215,0.6216239316239316,0.0266425474142226,0.580940503940504,0.0256993024390335,0.5859079636263435,0.4725274725274725,0.6893535353535354,0.5198558454695318,0.5806114672675841,"[0.617033, 0.652857, 0.636044, 0.620989, 0.581197]","[0.1, 0.1, 0.1, 1, 0.1]",2.9,0.5904864674403753,0.6058087581692927,0.0522228956147232,0.5697703098504702,0.5915655486797771,0.6074061812566274,0.0891635988103047,0.5735845317007642,"{""CALTECH"": 0.5781, ""CMU"": 0.7576, ""KKI"": 0.7368, ""LEUVEN_1"": 0.4388, ""LEUVEN_2"": 0.6185, ""MAX_MUN"": 0.5351, ""NYU"": 0.6489, ""OLIN"": 0.4519, ""PITT"": 0.7016, ""SBL"": 0.6238, ""SDSU"": 0.5591, ""STANFORD"": 0.6842, ""TRINITY"": 0.6052, ""UCLA_1"": 0.5517, ""UCLA_2"": 0.5, ""UM_1"": 0.6423, ""UM_2"": 0.6692, ""USM"": 0.5645, ""YALE"": 0.6733}",0.029483142108392646,0.028404060868990832
OLD,slow4,B_SUBJ_JOINT_MINMAX,logreg,0.5806910524345393,0.5598779977537492,0.5628930817610063,0.4945054945054945,0.625250501002004,0.5190311418685121,0.5461165048543689,312,187,230,225,0.5843068043068043,0.0296907111956792,0.559889110889111,0.0292742250114278,0.5628713144116837,0.4945054945054945,0.6252727272727273,0.5167863864019017,0.5472811526557557,"[0.577143, 0.631319, 0.58, 0.584066, 0.549007]","[1000, 1, 1, 1000, 1]",0.6,0.5791759342861547,0.5663858935038737,0.0247871589783244,0.5702217622057302,0.576202955361272,0.5719195807006588,0.0871392507504014,0.5646303596203396,"{""CALTECH"": 0.5625, ""CMU"": 0.6869, ""KKI"": 0.6222, ""LEUVEN_1"": 0.5561, ""LEUVEN_2"": 0.5296, ""MAX_MUN"": 0.5585, ""NYU"": 0.5393, ""OLIN"": 0.5556, ""PITT"": 0.6048, ""SBL"": 0.5048, ""SDSU"": 0.4909, ""STANFORD"": 0.7289, ""TRINITY"": 0.4127, ""UCLA_1"": 0.562, ""UCLA_2"": 0.3846, ""UM_1"": 0.6352, ""UM_2"": 0.6577, ""USM"": 0.63, ""YALE"": 0.6442}",0.0015151181483846754,0.004488097073267361
OLD,all3,B_SUBJ_JOINT_MINMAX,logreg,0.6228192649034332,0.6034156224536986,0.6069182389937107,0.5274725274725275,0.6793587174348698,0.5614035087719298,0.6,339,160,215,240,0.6265592185592186,0.0304152597701038,0.6033928293928293,0.0201040022711133,0.6069165059244971,0.5274725274725274,0.6793131313131313,0.5610476735005037,0.6023078323342699,"[0.584945, 0.666923, 0.618681, 0.641978, 0.620269]","[1, 0.1, 1, 1, 1]",2.6,0.6107555770882425,0.6101443425098354,0.0202219792510757,0.5735184655024335,0.6164064392521307,0.6199546180935958,0.0883931972894794,0.5863176903257064,"{""CALTECH"": 0.5208, ""CMU"": 0.7374, ""KKI"": 0.7011, ""LEUVEN_1"": 0.7041, ""LEUVEN_2"": 0.5852, ""MAX_MUN"": 0.592, ""NYU"": 0.592, ""OLIN"": 0.6222, ""PITT"": 0.6631, ""SBL"": 0.5476, ""SDSU"": 0.5818, ""STANFORD"": 0.8237, ""TRINITY"": 0.4821, ""UCLA_1"": 0.603, ""UCLA_2"": 0.4615, ""UM_1"": 0.6927, ""UM_2"": 0.6038, ""USM"": 0.6445, ""YALE"": 0.6204}",0.012063687815190738,0.006412825651302523
M1,slow4,C_SUBJ_BAND_MINMAX,linsvm,0.6138518795833425,0.5848003699707106,0.5911949685534591,0.4461538461538462,0.7234468937875751,0.5100502512562815,0.5953079178885631,361,138,252,203,0.6135546675546675,0.0154963800456777,0.5847839937839938,0.0249791375062746,0.5911656103609809,0.4461538461538462,0.7234141414141414,0.5080635278235738,0.5939559030976534,"[0.624286, 0.615714, 0.607253, 0.63, 0.590521]","[0.01, 0.01, 0.01, 0.01, 0.01]",1.8,0.59619458697615,0.6077526581380951,0.0508716116228521,0.5581999163161488,0.5983571538681759,0.6048604827472315,0.0886606927934662,0.5687683058424542,"{""CALTECH"": 0.4479, ""CMU"": 0.6465, ""KKI"": 0.7256, ""LEUVEN_1"": 0.4643, ""LEUVEN_2"": 0.6556, ""MAX_MUN"": 0.51, ""NYU"": 0.6164, ""OLIN"": 0.6333, ""PITT"": 0.5875, ""SBL"": 0.5571, ""SDSU"": 0.65, ""STANFORD"": 0.6895, ""TRINITY"": 0.498, ""UCLA_1"": 0.5909, ""UCLA_2"": 0.5077, ""UM_1"": 0.696, ""UM_2"": 0.5846, ""USM"": 0.6827, ""YALE"": 0.7487}",0.01765729260719251,0.015494725715166635
M1,all3,C_SUBJ_BAND_MINMAX,linsvm,0.6467264198727124,0.6129181439802682,0.6163522012578616,0.5384615384615384,0.687374749498998,0.572429906542056,0.6109725685785536,343,156,210,245,0.6471466311466312,0.0142682641607677,0.612897435897436,0.0228377203922659,0.6163405896941306,0.5384615384615385,0.6873333333333332,0.572070048009991,0.6136646137977799,"[0.635604, 0.654066, 0.659231, 0.658571, 0.628261]","[0.01, 0.01, 0.01, 0.01, 0.01]",4.0,0.6172961307229845,0.6359811997924313,0.0540134657910244,0.5805016626659913,0.6301702305710322,0.6394090366795829,0.1018735742797128,0.5897443238124601,"{""CALTECH"": 0.474, ""CMU"": 0.8485, ""KKI"": 0.7632, ""LEUVEN_1"": 0.6429, ""LEUVEN_2"": 0.7148, ""MAX_MUN"": 0.5468, ""NYU"": 0.6349, ""OLIN"": 0.6407, ""PITT"": 0.6618, ""SBL"": 0.6286, ""SDSU"": 0.6455, ""STANFORD"": 0.7368, ""TRINITY"": 0.502, ""UCLA_1"": 0.5825, ""UCLA_2"": 0.5538, ""UM_1"": 0.727, ""UM_2"": 0.4654, ""USM"": 0.6482, ""YALE"": 0.7315}",0.029430289149727895,0.016556189301680235
M2,slow4,C_SUBJ_BAND_MINMAX,linsvm,0.5997841837521196,0.5837983659626946,0.590146750524109,0.4461538461538462,0.7214428857715431,0.5094102885821832,0.5935672514619883,360,139,252,203,0.604904428904429,0.0330495695159729,0.5837031857031857,0.0322793651398568,0.5900854229815375,0.4461538461538462,0.7212525252525251,0.5098077039432181,0.5966001213847887,"[0.599121, 0.623297, 0.614176, 0.636813, 0.551116]","[0.01, 0.01, 0.01, 0.01, 0.1]",0.5,0.5779118676914268,0.598068477752687,0.064639359696812,0.5550970072012156,0.5849545244334824,0.594273756825179,0.093064001124571,0.5665066396529322,"{""CALTECH"": 0.5885, ""CMU"": 0.6263, ""KKI"": 0.765, ""LEUVEN_1"": 0.4031, ""LEUVEN_2"": 0.6889, ""MAX_MUN"": 0.51, ""NYU"": 0.6618, ""OLIN"": 0.4481, ""PITT"": 0.63, ""SBL"": 0.6333, ""SDSU"": 0.4727, ""STANFORD"": 0.6526, ""TRINITY"": 0.5893, ""UCLA_1"": 0.5443, ""UCLA_2"": 0.5077, ""UM_1"": 0.6566, ""UM_2"": 0.6577, ""USM"": 0.5727, ""YALE"": 0.6825}",0.021872316060692842,0.014829659318637223
M2,all3,C_SUBJ_BAND_MINMAX,linsvm,0.6251139641921206,0.6001519522561607,0.6048218029350105,0.4989010989010989,0.7014028056112225,0.54632972322503,0.6037234042553191,350,149,228,227,0.6264300144300143,0.0244830523396098,0.6001475191475192,0.0233867845743788,0.6047836869661064,0.4989010989010988,0.7013939393939393,0.5454901557663393,0.6041008285712979,"[0.61978, 0.652637, 0.641538, 0.62956, 0.588634]","[0.01, 0.01, 0.01, 0.1, 0.01]",6.8,0.592190975357308,0.6056169665389705,0.0495326658275203,0.5670549890990773,0.594736726199652,0.6090595886762343,0.0845899138047029,0.5848642339624304,"{""CALTECH"": 0.5833, ""CMU"": 0.7172, ""KKI"": 0.7425, ""LEUVEN_1"": 0.4643, ""LEUVEN_2"": 0.6444, ""MAX_MUN"": 0.5435, ""NYU"": 0.6406, ""OLIN"": 0.437, ""PITT"": 0.6804, ""SBL"": 0.6381, ""SDSU"": 0.5409, ""STANFORD"": 0.6895, ""TRINITY"": 0.5972, ""UCLA_1"": 0.5638, ""UCLA_2"": 0.5077, ""UM_1"": 0.6491, ""UM_2"": 0.6808, ""USM"": 0.5773, ""YALE"": 0.6746}",0.032922988834812594,0.03037723799246861
OLD,slow4,C_SUBJ_BAND_MINMAX,linsvm,0.5999823823471118,0.584377546301394,0.5870020964360587,0.5274725274725275,0.6412825651302605,0.5491990846681922,0.5727923627684964,320,179,215,240,0.6021114441114441,0.0289234605688622,0.5843322233322232,0.0291331369057916,0.5869605952052906,0.5274725274725275,0.6411919191919192,0.5482567090635312,0.5743606801695037,"[0.589451, 0.646593, 0.588681, 0.613626, 0.572206]","[1, 0.1, 0.1, 0.1, 0.1]",0.5,0.5876676429782642,0.5822959135287045,0.0265667039770454,0.5694135523794842,0.5852584289458037,0.5852355765879707,0.0851153114081511,0.5637252527032086,"{""CALTECH"": 0.5573, ""CMU"": 0.6869, ""KKI"": 0.6372, ""LEUVEN_1"": 0.4949, ""LEUVEN_2"": 0.5519, ""MAX_MUN"": 0.587, ""NYU"": 0.5557, ""OLIN"": 0.6148, ""PITT"": 0.618, ""SBL"": 0.5, ""SDSU"": 0.5545, ""STANFORD"": 0.7526, ""TRINITY"": 0.4306, ""UCLA_1"": 0.5685, ""UCLA_2"": 0.4231, ""UM_1"": 0.6398, ""UM_2"": 0.6385, ""USM"": 0.6191, ""YALE"": 0.6892}",0.012314739368847527,0.014723953401308054
OLD,all3,C_SUBJ_BAND_MINMAX,linsvm,0.6213702129533792,0.6047413508335352,0.6090146750524109,0.512087912087912,0.6973947895791583,0.5554231227651967,0.6067708333333334,348,151,222,233,0.6260839160839161,0.0251098796767165,0.6047106227106227,0.0261559828187044,0.6090327914025903,0.5120879120879122,0.6973333333333332,0.5539601267430132,0.6084199888590426,"[0.59011, 0.649451, 0.616264, 0.65022, 0.624376]","[0.1, 0.01, 0.01, 0.01, 0.1]",4.3,0.6084740910392213,0.6059481942786644,0.0303570001379681,0.5807901517320355,0.6102887092867053,0.6236682011915146,0.0968019600073843,0.5979211169591931,"{""CALTECH"": 0.4948, ""CMU"": 0.7374, ""KKI"": 0.7876, ""LEUVEN_1"": 0.6684, ""LEUVEN_2"": 0.6, ""MAX_MUN"": 0.6171, ""NYU"": 0.5786, ""OLIN"": 0.6481, ""PITT"": 0.6538, ""SBL"": 0.6048, ""SDSU"": 0.5955, ""STANFORD"": 0.8316, ""TRINITY"": 0.504, ""UCLA_1"": 0.5834, ""UCLA_2"": 0.4231, ""UM_1"": 0.6881, ""UM_2"": 0.5923, ""USM"": 0.6064, ""YALE"": 0.6349}",0.012896121914157899,0.01108150366667393
M1,slow4,C_SUBJ_BAND_MINMAX,logreg,0.6127243497984982,0.5855755466977912,0.5911949685534591,0.4637362637362637,0.7074148296593187,0.5197044334975369,0.5910364145658263,353,146,244,211,0.6127570207570207,0.0165784751795234,0.5855651015651017,0.0252218720641144,0.5911656103609809,0.4637362637362637,0.7073939393939395,0.5178793310088102,0.5904313725490196,"[0.627143, 0.613846, 0.607912, 0.627582, 0.587302]","[0.1, 0.1, 0.1, 0.1, 0.1]",1.6,0.5964720650091392,0.6069644455104038,0.0504202190901993,0.5611728952410315,0.598550948049946,0.6036992253633374,0.0874121388793926,0.5684445814706336,"{""CALTECH"": 0.4531, ""CMU"": 0.6263, ""KKI"": 0.7162, ""LEUVEN_1"": 0.4694, ""LEUVEN_2"": 0.6556, ""MAX_MUN"": 0.5067, ""NYU"": 0.6138, ""OLIN"": 0.6444, ""PITT"": 0.5928, ""SBL"": 0.5524, ""SDSU"": 0.6545, ""STANFORD"": 0.6868, ""TRINITY"": 0.498, ""UCLA_1"": 0.5862, ""UCLA_2"": 0.5, ""UM_1"": 0.6931, ""UM_2"": 0.5923, ""USM"": 0.6773, ""YALE"": 0.7513}",0.01625228478935903,0.014173401748552195
M1,all3,C_SUBJ_BAND_MINMAX,logreg,0.6446211103525733,0.6099121319562202,0.6132075471698113,0.5384615384615384,0.6813627254509018,0.570430733410943,0.6064356435643564,340,159,210,245,0.6451830391830391,0.0152255769035078,0.6098974358974358,0.0211165592761184,0.6131992284375861,0.5384615384615385,0.6813333333333333,0.5699119246788349,0.6090035202035029,"[0.633846, 0.654945, 0.66, 0.652637, 0.624487]","[0.1, 0.1, 0.1, 0.1, 0.1]",2.3,0.6173357704419828,0.6353921736264384,0.0522597118017255,0.5882908674491841,0.6294699288687264,0.6413198976475886,0.1006398053629146,0.5942368252989496,"{""CALTECH"": 0.4844, ""CMU"": 0.8485, ""KKI"": 0.7594, ""LEUVEN_1"": 0.6582, ""LEUVEN_2"": 0.7185, ""MAX_MUN"": 0.5368, ""NYU"": 0.635, ""OLIN"": 0.6444, ""PITT"": 0.6605, ""SBL"": 0.6286, ""SDSU"": 0.6455, ""STANFORD"": 0.7395, ""TRINITY"": 0.5, ""UCLA_1"": 0.5834, ""UCLA_2"": 0.5538, ""UM_1"": 0.727, ""UM_2"": 0.4769, ""USM"": 0.6545, ""YALE"": 0.7302}",0.027285339910590456,0.015151181483846865
M2,slow4,C_SUBJ_BAND_MINMAX,logreg,0.5994802792397983,0.5839921601444648,0.590146750524109,0.4505494505494505,0.717434869739479,0.5118601747815231,0.5924855491329479,358,141,250,205,0.604857364857365,0.033369187886921,0.5838908868908869,0.0352872017625757,0.5900799118214384,0.4505494505494505,0.7172323232323233,0.5123285144757538,0.595799036644107,"[0.600769, 0.621978, 0.616154, 0.635824, 0.549562]","[0.1, 0.1, 0.1, 0.1, 1]",0.5,0.5762249774273822,0.5965553397238199,0.0632520697328981,0.5492787773348895,0.5832412076901055,0.5919426807416261,0.0932397701009847,0.5648902200004404,"{""CALTECH"": 0.5781, ""CMU"": 0.6162, ""KKI"": 0.7688, ""LEUVEN_1"": 0.398, ""LEUVEN_2"": 0.6926, ""MAX_MUN"": 0.51, ""NYU"": 0.657, ""OLIN"": 0.4593, ""PITT"": 0.626, ""SBL"": 0.6286, ""SDSU"": 0.4773, ""STANFORD"": 0.6526, ""TRINITY"": 0.5794, ""UCLA_1"": 0.5443, ""UCLA_2"": 0.5, ""UM_1"": 0.657, ""UM_2"": 0.65, ""USM"": 0.5627, ""YALE"": 0.6892}",0.023255301812416085,0.01623907154969284
M2,all3,C_SUBJ_BAND_MINMAX,logreg,0.6239688167543879,0.5977273227774229,0.6016771488469602,0.512087912087912,0.6833667334669339,0.5508274231678487,0.5959079283887468,341,158,222,233,0.623036963036963,0.0229734317221274,0.5977308247308247,0.0282892266403375,0.6016368145494626,0.512087912087912,0.6833737373737374,0.5499505234162607,0.5953080352449966,"[0.621648, 0.63978, 0.64044, 0.628901, 0.584416]","[0.1, 1, 0.1, 1, 0.1]",3.1,0.5906626439692572,0.6056641770103612,0.0488011547171945,0.5622387632407673,0.5881345107798013,0.6065613479190728,0.0886080209841188,0.577656411724548,"{""CALTECH"": 0.599, ""CMU"": 0.7374, ""KKI"": 0.7387, ""LEUVEN_1"": 0.4592, ""LEUVEN_2"": 0.637, ""MAX_MUN"": 0.5452, ""NYU"": 0.6375, ""OLIN"": 0.4481, ""PITT"": 0.6804, ""SBL"": 0.6429, ""SDSU"": 0.5409, ""STANFORD"": 0.6842, ""TRINITY"": 0.6032, ""UCLA_1"": 0.5005, ""UCLA_2"": 0.5, ""UM_1"": 0.6474, ""UM_2"": 0.6846, ""USM"": 0.5627, ""YALE"": 0.6759}",0.033306172785130705,0.03583430597458659
OLD,slow4,C_SUBJ_BAND_MINMAX,logreg,0.5991895879671432,0.5802726331784448,0.5828092243186582,0.5252747252747253,0.6352705410821643,0.545662100456621,0.5676959619952494,317,182,216,239,0.6013257853257853,0.0288413356555956,0.5802333222333222,0.0287935518619713,0.582772113529898,0.5252747252747253,0.6351919191919192,0.5446154017201781,0.5688678239742555,"[0.583736, 0.646154, 0.588352, 0.613407, 0.574981]","[100, 1, 1, 1, 1]",0.5,0.587011385408179,0.5806478898944116,0.0262843886830818,0.5634984254222731,0.5871567310445065,0.5847044514802263,0.0835120976922848,0.567118853090797,"{""CALTECH"": 0.5729, ""CMU"": 0.6566, ""KKI"": 0.6372, ""LEUVEN_1"": 0.5102, ""LEUVEN_2"": 0.5481, ""MAX_MUN"": 0.5635, ""NYU"": 0.5535, ""OLIN"": 0.6222, ""PITT"": 0.6141, ""SBL"": 0.519, ""SDSU"": 0.5455, ""STANFORD"": 0.7579, ""TRINITY"": 0.4306, ""UCLA_1"": 0.575, ""UCLA_2"": 0.4154, ""UM_1"": 0.6419, ""UM_2"": 0.6308, ""USM"": 0.6218, ""YALE"": 0.6931}",0.01217820255896418,0.01203285692263667
OLD,all3,C_SUBJ_BAND_MINMAX,logreg,0.6166442775661213,0.5972428373229977,0.6016771488469602,0.5010989010989011,0.6933867735470942,0.5454545454545454,0.5984251968503937,346,153,227,228,0.6225241425241425,0.0265380782165633,0.5972565212565213,0.0276170741325635,0.6016698815100578,0.5010989010989011,0.6934141414141414,0.5439061214514445,0.5991046378166054,"[0.587912, 0.657473, 0.614835, 0.638681, 0.61372]","[1, 0.1, 0.1, 0.1, 0.1]",2.4,0.6033605672884229,0.6037634773018453,0.0284800325896605,0.5771697240635116,0.6067299434032902,0.6231718738175352,0.0971017975670629,0.5938162038362439,"{""CALTECH"": 0.5104, ""CMU"": 0.7273, ""KKI"": 0.7726, ""LEUVEN_1"": 0.6633, ""LEUVEN_2"": 0.5926, ""MAX_MUN"": 0.6137, ""NYU"": 0.5784, ""OLIN"": 0.6556, ""PITT"": 0.6459, ""SBL"": 0.6048, ""SDSU"": 0.5955, ""STANFORD"": 0.8421, ""TRINITY"": 0.4921, ""UCLA_1"": 0.5871, ""UCLA_2"": 0.4154, ""UM_1"": 0.6956, ""UM_2"": 0.6, ""USM"": 0.6, ""YALE"": 0.6481}",0.013283710277698368,0.009914334162831051
M1,slow4,D_SUBJ_BAND_Z,linsvm,0.6153405712523949,0.5788522099143342,0.5838574423480084,0.4703296703296703,0.687374749498998,0.5187878787878788,0.5783783783783784,343,156,241,214,0.6138175158175159,0.0267376928488649,0.5788315018315018,0.014362468738296,0.583841278589143,0.4703296703296703,0.6873333333333334,0.5175143688007122,0.5781780961981557,"[0.631209, 0.626374, 0.612088, 0.631319, 0.568099]","[0.001, 0.001, 0.001, 0.001, 0.001]",1.7,0.5937149023321369,0.5982320784315636,0.0468311987734084,0.5596864057785902,0.5976612565790922,0.59786268779909,0.0907020180243606,0.5639520799841441,"{""CALTECH"": 0.4323, ""CMU"": 0.6566, ""KKI"": 0.7105, ""LEUVEN_1"": 0.4898, ""LEUVEN_2"": 0.5926, ""MAX_MUN"": 0.4967, ""NYU"": 0.5898, ""OLIN"": 0.6148, ""PITT"": 0.6008, ""SBL"": 0.5857, ""SDSU"": 0.6636, ""STANFORD"": 0.6684, ""TRINITY"": 0.4841, ""UCLA_1"": 0.5797, ""UCLA_2"": 0.4615, ""UM_1"": 0.7036, ""UM_2"": 0.6077, ""USM"": 0.6645, ""YALE"": 0.7566}",0.02162566892025808,0.01767931467330275
M1,all3,D_SUBJ_BAND_Z,linsvm,0.6546543636723997,0.6162148472769715,0.6194968553459119,0.545054945054945,0.687374749498998,0.5774155995343423,0.6138613861386139,343,156,207,248,0.6548247308247308,0.0275375453573313,0.6162143412143413,0.0169977602175854,0.6194929732708735,0.5450549450549451,0.6873737373737374,0.576840701487923,0.6170482440360878,"[0.628901, 0.66978, 0.679121, 0.675165, 0.621157]","[0.001, 0.001, 0.001, 0.001, 0.001]",13.4,0.6273293840428109,0.6312537566987303,0.0478275337260678,0.5804355964676606,0.630438899777577,0.6345420029664687,0.0967608819858375,0.5943337223898346,"{""CALTECH"": 0.474, ""CMU"": 0.7576, ""KKI"": 0.7331, ""LEUVEN_1"": 0.6939, ""LEUVEN_2"": 0.7074, ""MAX_MUN"": 0.5351, ""NYU"": 0.6099, ""OLIN"": 0.637, ""PITT"": 0.6857, ""SBL"": 0.6286, ""SDSU"": 0.6818, ""STANFORD"": 0.7289, ""TRINITY"": 0.498, ""UCLA_1"": 0.5899, ""UCLA_2"": 0.5615, ""UM_1"": 0.7367, ""UM_2"": 0.4346, ""USM"": 0.6364, ""YALE"": 0.7262}",0.027324979629588797,0.024215463894822653
M2,slow4,D_SUBJ_BAND_Z,linsvm,0.6127816071703847,0.5862868594331521,0.5922431865828093,0.4571428571428571,0.7154308617234469,0.5167701863354037,0.5942857142857143,357,142,247,208,0.6123833943833944,0.030082725185186,0.5862683982683983,0.0201837519345157,0.5922072196197299,0.4571428571428571,0.7153939393939395,0.5162361902814154,0.5941216351970798,"[0.601648, 0.634725, 0.621099, 0.639121, 0.565324]","[0.001, 0.001, 0.001, 0.001, 0.001]",0.5,0.592556541654738,0.6042998566577173,0.0517193769620522,0.5679931291153736,0.5917108943161047,0.6011439473563969,0.0925691638751517,0.5723887335109781,"{""CALTECH"": 0.5417, ""CMU"": 0.6465, ""KKI"": 0.7575, ""LEUVEN_1"": 0.3929, ""LEUVEN_2"": 0.7185, ""MAX_MUN"": 0.5401, ""NYU"": 0.6559, ""OLIN"": 0.5296, ""PITT"": 0.6432, ""SBL"": 0.6286, ""SDSU"": 0.4955, ""STANFORD"": 0.6474, ""TRINITY"": 0.5516, ""UCLA_1"": 0.5424, ""UCLA_2"": 0.5, ""UM_1"": 0.6512, ""UM_2"": 0.7115, ""USM"": 0.5773, ""YALE"": 0.6905}",0.020225065515646623,0.02107071285427997
M2,all3,D_SUBJ_BAND_Z,linsvm,0.6271091633817085,0.5928472329273933,0.5974842767295597,0.4923076923076923,0.6933867735470942,0.5384615384615384,0.5941644562334217,346,153,231,224,0.6269728049728049,0.0330432018024335,0.5928104118104118,0.0318544525045267,0.59744833287407,0.4923076923076923,0.6933131313131312,0.5387463022336061,0.5966226073453097,"[0.616593, 0.658352, 0.643516, 0.642088, 0.574315]","[0.001, 0.001, 0.001, 0.001, 0.001]",13.1,0.603721729172631,0.6112879900472558,0.0413197043287846,0.5722588033209276,0.6011627650906208,0.6229926777804028,0.0843036893095431,0.5837653328635293,"{""CALTECH"": 0.6094, ""CMU"": 0.7576, ""KKI"": 0.7425, ""LEUVEN_1"": 0.4847, ""LEUVEN_2"": 0.6778, ""MAX_MUN"": 0.5903, ""NYU"": 0.6503, ""OLIN"": 0.5, ""PITT"": 0.7082, ""SBL"": 0.6429, ""SDSU"": 0.5955, ""STANFORD"": 0.7079, ""TRINITY"": 0.5575, ""UCLA_1"": 0.5349, ""UCLA_2"": 0.4923, ""UM_1"": 0.6432, ""UM_2"": 0.7, ""USM"": 0.57, ""YALE"": 0.672}",0.023387434209077518,0.02594639829108769
OLD,slow4,D_SUBJ_BAND_Z,linsvm,0.5915038868946685,0.577299654253562,0.5807127882599581,0.5032967032967033,0.6513026052104208,0.5337995337995338,0.5682382133995038,325,174,226,229,0.5925667665667665,0.0216518216476009,0.5773049173049173,0.0205161062216053,0.5806944061724992,0.5032967032967033,0.6513131313131313,0.5323943631289951,0.5684198604765249,"[0.579231, 0.625385, 0.60011, 0.589011, 0.569098]","[1000, 0.01, 0.01, 10, 0.01]",0.6,0.572657402717523,0.5672742512353516,0.0222225003819986,0.5555814926556409,0.5807967583518685,0.564160302229193,0.0933192116123337,0.5660199519918958,"{""CALTECH"": 0.375, ""CMU"": 0.6364, ""KKI"": 0.6147, ""LEUVEN_1"": 0.5612, ""LEUVEN_2"": 0.4667, ""MAX_MUN"": 0.5602, ""NYU"": 0.5419, ""OLIN"": 0.6, ""PITT"": 0.5836, ""SBL"": 0.4571, ""SDSU"": 0.5364, ""STANFORD"": 0.7447, ""TRINITY"": 0.4107, ""UCLA_1"": 0.5881, ""UCLA_2"": 0.4769, ""UM_1"": 0.6268, ""UM_2"": 0.6385, ""USM"": 0.6309, ""YALE"": 0.6693}",0.018846484177145517,0.010707128542799982
OLD,all3,D_SUBJ_BAND_Z,linsvm,0.6276685238609085,0.5989231209672092,0.6027253668763103,0.5164835164835165,0.6813627254509018,0.5535924617196702,0.5964467005076142,340,159,220,235,0.6268904428904429,0.0318529282202977,0.5989286269286269,0.0213766356847489,0.6027004684486085,0.5164835164835166,0.6813737373737374,0.5529028140059815,0.5980172373763302,"[0.602967, 0.663626, 0.627802, 0.651978, 0.588079]","[0.001, 0.001, 0.001, 0.001, 0.001]",8.9,0.6147283578145303,0.6123245073848972,0.0160428520491613,0.583926093946134,0.6152965271201745,0.613759819736008,0.1016996718199955,0.5902288092668855,"{""CALTECH"": 0.4479, ""CMU"": 0.6869, ""KKI"": 0.7444, ""LEUVEN_1"": 0.648, ""LEUVEN_2"": 0.6593, ""MAX_MUN"": 0.6221, ""NYU"": 0.589, ""OLIN"": 0.6259, ""PITT"": 0.6923, ""SBL"": 0.5286, ""SDSU"": 0.6273, ""STANFORD"": 0.7921, ""TRINITY"": 0.4504, ""UCLA_1"": 0.6048, ""UCLA_2"": 0.3846, ""UM_1"": 0.6709, ""UM_2"": 0.5808, ""USM"": 0.6582, ""YALE"": 0.6481}",0.012940166046378265,0.012371996740734081
M1,slow4,D_SUBJ_BAND_Z,logreg,0.6181329692351737,0.5840229910370192,0.5880503144654088,0.4967032967032967,0.6713426853707415,0.5349112426035503,0.5794871794871795,335,164,229,226,0.6176556776556776,0.0253447958991952,0.583998112998113,0.0211447214066452,0.5880132267842382,0.4967032967032967,0.6712929292929293,0.5340904491550991,0.5800231639705323,"[0.637033, 0.633956, 0.614286, 0.627912, 0.575092]","[0.01, 0.01, 0.01, 0.01, 0.01]",1.6,0.5843423109956176,0.5986381058213284,0.0439933684315996,0.5481160122442688,0.577572727873329,0.6032133695353814,0.0925927624705314,0.5553546653747055,"{""CALTECH"": 0.4219, ""CMU"": 0.6768, ""KKI"": 0.7086, ""LEUVEN_1"": 0.4745, ""LEUVEN_2"": 0.6667, ""MAX_MUN"": 0.4916, ""NYU"": 0.5915, ""OLIN"": 0.6333, ""PITT"": 0.5968, ""SBL"": 0.5667, ""SDSU"": 0.6818, ""STANFORD"": 0.6789, ""TRINITY"": 0.4881, ""UCLA_1"": 0.589, ""UCLA_2"": 0.4846, ""UM_1"": 0.6977, ""UM_2"": 0.6115, ""USM"": 0.6682, ""YALE"": 0.7328}",0.03379065823955607,0.04056024136184466
M1,all3,D_SUBJ_BAND_Z,logreg,0.6403972780726288,0.6077803959567486,0.6132075471698113,0.4901098901098901,0.7254509018036072,0.5472392638036809,0.6194444444444445,362,137,232,223,0.6476230436230436,0.0194111143260445,0.6077418137418137,0.0212398196785603,0.6132212730779829,0.4901098901098901,0.7253737373737372,0.5433187428844048,0.6226529299632658,"[0.633516, 0.664725, 0.645495, 0.66967, 0.624709]","[0.01, 0.001, 0.001, 0.001, 0.01]",3.1,0.6179523882930698,0.633484274935522,0.0504575303584289,0.5924266114646877,0.621986830804466,0.639425528411787,0.1037056263895131,0.582472637582858,"{""CALTECH"": 0.4948, ""CMU"": 0.8182, ""KKI"": 0.7538, ""LEUVEN_1"": 0.5867, ""LEUVEN_2"": 0.7148, ""MAX_MUN"": 0.5385, ""NYU"": 0.6152, ""OLIN"": 0.6444, ""PITT"": 0.6525, ""SBL"": 0.6381, ""SDSU"": 0.7364, ""STANFORD"": 0.7553, ""TRINITY"": 0.5278, ""UCLA_1"": 0.5937, ""UCLA_2"": 0.5231, ""UM_1"": 0.7283, ""UM_2"": 0.4385, ""USM"": 0.6564, ""YALE"": 0.7328}",0.022444889779559052,0.018410447268162766
M2,slow4,D_SUBJ_BAND_Z,logreg,0.6059459578497655,0.5826994648637935,0.589098532494759,0.4439560439560439,0.7214428857715431,0.507537688442211,0.592375366568915,360,139,253,202,0.6069759129759129,0.0281278710467989,0.5826446886446887,0.0298989928129693,0.5890438137227887,0.443956043956044,0.7213333333333334,0.5063103319365063,0.5932163431907678,"[0.605934, 0.632527, 0.598681, 0.632857, 0.56488]","[0.01, 0.01, 0.001, 0.01, 0.01]",0.5,0.5958994912902729,0.6030473340090109,0.0570995356810078,0.5617234468937875,0.5788720297738335,0.5981904624391868,0.0931120876810384,0.5717412847673369,"{""CALTECH"": 0.5677, ""CMU"": 0.5859, ""KKI"": 0.7707, ""LEUVEN_1"": 0.3929, ""LEUVEN_2"": 0.6963, ""MAX_MUN"": 0.5117, ""NYU"": 0.6521, ""OLIN"": 0.5296, ""PITT"": 0.6194, ""SBL"": 0.6381, ""SDSU"": 0.5091, ""STANFORD"": 0.6474, ""TRINITY"": 0.5575, ""UCLA_1"": 0.5545, ""UCLA_2"": 0.4846, ""UM_1"": 0.6428, ""UM_2"": 0.7385, ""USM"": 0.5818, ""YALE"": 0.6852}",0.010046466559492595,0.027073928075932008
M2,all3,D_SUBJ_BAND_Z,logreg,0.6197890286066638,0.5919421260102623,0.5964360587002097,0.4945054945054945,0.6893787575150301,0.5389221556886228,0.5921052631578947,344,155,230,225,0.621123321123321,0.0303497089715527,0.591889110889111,0.0382150192231256,0.5963901901350235,0.4945054945054945,0.6892727272727273,0.5387942809310268,0.5943078692774433,"[0.619011, 0.654176, 0.623407, 0.636374, 0.57265]","[0.01, 0.01, 0.001, 0.01, 0.01]",4.7,0.5970049990090069,0.6127177732746713,0.0481441424590494,0.5701578982140104,0.5938602479684644,0.6257394106608016,0.0881315558134176,0.5751679182540906,"{""CALTECH"": 0.6302, ""CMU"": 0.6768, ""KKI"": 0.8383, ""LEUVEN_1"": 0.4847, ""LEUVEN_2"": 0.6852, ""MAX_MUN"": 0.5719, ""NYU"": 0.6441, ""OLIN"": 0.5111, ""PITT"": 0.7109, ""SBL"": 0.6429, ""SDSU"": 0.5864, ""STANFORD"": 0.6921, ""TRINITY"": 0.5952, ""UCLA_1"": 0.5303, ""UCLA_2"": 0.4923, ""UM_1"": 0.6474, ""UM_2"": 0.6962, ""USM"": 0.5745, ""YALE"": 0.6786}",0.022784029597656907,0.025928780638199478
OLD,slow4,D_SUBJ_BAND_Z,logreg,0.5935519390429211,0.574390539320399,0.5775681341719078,0.5054945054945055,0.6432865731462926,0.5330243337195828,0.5637254901960784,321,178,225,230,0.5912210012210013,0.0340802887467689,0.5744038184038184,0.0312564494777927,0.5775254891154588,0.5054945054945055,0.6433131313131313,0.5312352760844958,0.5638434597006544,"[0.581099, 0.637912, 0.604505, 0.588022, 0.544567]","[1, 0.1, 0.1, 1, 0.01]",0.6,0.5735514986015988,0.5717690416052243,0.0188351263855475,0.5374837587262437,0.5790305886498271,0.5735460220716244,0.0881096593013562,0.5669250589090269,"{""CALTECH"": 0.4531, ""CMU"": 0.6465, ""KKI"": 0.6504, ""LEUVEN_1"": 0.5204, ""LEUVEN_2"": 0.4778, ""MAX_MUN"": 0.5268, ""NYU"": 0.5637, ""OLIN"": 0.6111, ""PITT"": 0.5849, ""SBL"": 0.4714, ""SDSU"": 0.5409, ""STANFORD"": 0.7368, ""TRINITY"": 0.4306, ""UCLA_1"": 0.5993, ""UCLA_2"": 0.4692, ""UM_1"": 0.6243, ""UM_2"": 0.6538, ""USM"": 0.6445, ""YALE"": 0.6918}",0.02000044044132232,0.01452135039309399
OLD,all3,D_SUBJ_BAND_Z,logreg,0.6339051729833294,0.5984056024136184,0.6016771488469602,0.5274725274725275,0.6693386773547094,0.5581395348837209,0.5925925925925926,334,165,215,240,0.6332749472749473,0.0295489740005839,0.5984130314130314,0.0197842788042796,0.6016809038302562,0.5274725274725276,0.6693535353535354,0.5580026665469549,0.5953132992327366,"[0.605824, 0.675055, 0.634945, 0.646044, 0.604507]","[0.01, 0.01, 0.01, 0.01, 0.01]",3.9,0.6195688079455615,0.6147853834972554,0.0154205546447015,0.5884185954326235,0.6162170494835826,0.6222220990112157,0.0959262469433519,0.5928141998282279,"{""CALTECH"": 0.5, ""CMU"": 0.6768, ""KKI"": 0.7538, ""LEUVEN_1"": 0.6582, ""LEUVEN_2"": 0.6444, ""MAX_MUN"": 0.5786, ""NYU"": 0.6011, ""OLIN"": 0.6481, ""PITT"": 0.6777, ""SBL"": 0.5619, ""SDSU"": 0.6455, ""STANFORD"": 0.8, ""TRINITY"": 0.4683, ""UCLA_1"": 0.6058, ""UCLA_2"": 0.3846, ""UM_1"": 0.6776, ""UM_2"": 0.6154, ""USM"": 0.6618, ""YALE"": 0.6627}",0.014336365037767917,0.0176881234997468
M1,slow4,F_TRAINFOLD_BAND_Z,linsvm,0.6171639983263231,0.5695456847761456,0.5775681341719078,0.3956043956043956,0.7434869739478958,0.4718217562254259,0.5844155844155844,371,128,275,180,0.6174394494394495,0.0178839628864552,0.5695294705294706,0.0460135989157374,0.5774924221548636,0.3956043956043956,0.7434545454545454,0.4686494352896564,0.581410596362474,"[0.636593, 0.621758, 0.620549, 0.62044, 0.587857]","[0.001, 0.001, 0.001, 0.001, 0.001]",1.7,0.5896980774736286,0.6068432800186474,0.051715620533386,0.5465326256909424,0.5984848818516153,0.6056104365708919,0.1065444310071411,0.54414102931137,"{""CALTECH"": 0.474, ""CMU"": 0.7576, ""KKI"": 0.7162, ""LEUVEN_1"": 0.4082, ""LEUVEN_2"": 0.7, ""MAX_MUN"": 0.4682, ""NYU"": 0.5966, ""OLIN"": 0.5889, ""PITT"": 0.6353, ""SBL"": 0.5238, ""SDSU"": 0.7273, ""STANFORD"": 0.6289, ""TRINITY"": 0.4524, ""UCLA_1"": 0.5946, ""UCLA_2"": 0.5231, ""UM_1"": 0.6969, ""UM_2"": 0.6115, ""USM"": 0.6545, ""YALE"": 0.7487}",0.027465920852694503,0.01867911647470777
M1,all3,F_TRAINFOLD_BAND_Z,linsvm,0.6484617586821996,0.6001519522561607,0.6048218029350105,0.4989010989010989,0.7014028056112225,0.54632972322503,0.6037234042553191,350,149,228,227,0.6487299367299368,0.0191357033429369,0.6001576201576201,0.0301959754653429,0.6047891981262055,0.4989010989010988,0.7014141414141414,0.5456825384531967,0.6070535682486622,"[0.628242, 0.654725, 0.663516, 0.668462, 0.628705]","[0.001, 0.001, 0.001, 0.001, 0.001]",14.3,0.6230526988042019,0.6301508460090494,0.0484964434247962,0.5840890572353499,0.6280032592657844,0.6327230728800363,0.1102345148886799,0.5901649452751657,"{""CALTECH"": 0.4375, ""CMU"": 0.8283, ""KKI"": 0.7763, ""LEUVEN_1"": 0.5918, ""LEUVEN_2"": 0.7741, ""MAX_MUN"": 0.5117, ""NYU"": 0.6209, ""OLIN"": 0.6037, ""PITT"": 0.6976, ""SBL"": 0.5762, ""SDSU"": 0.6864, ""STANFORD"": 0.7132, ""TRINITY"": 0.4663, ""UCLA_1"": 0.6151, ""UCLA_2"": 0.5462, ""UM_1"": 0.727, ""UM_2"": 0.5, ""USM"": 0.6418, ""YALE"": 0.7077}",0.025409059877997686,0.0204584994164152
M2,slow4,F_TRAINFOLD_BAND_Z,linsvm,0.6035675747098592,0.5873218965403334,0.5943396226415094,0.4351648351648352,0.7394789579158316,0.5057471264367817,0.6036585365853658,369,130,257,198,0.6054421134421135,0.0384443327945399,0.5872490842490843,0.0450644317568384,0.594262882336732,0.4351648351648351,0.7393333333333334,0.5057614312744898,0.6066404145040982,"[0.591209, 0.619231, 0.630549, 0.640989, 0.545233]","[0.001, 0.01, 0.001, 0.01, 0.01]",0.6,0.5724415864696426,0.6049705798689781,0.0659948642659657,0.5610429650509811,0.5723931379242,0.5846532485555812,0.1096512666151129,0.561948071968112,"{""CALTECH"": 0.5625, ""CMU"": 0.6667, ""KKI"": 0.8233, ""LEUVEN_1"": 0.3265, ""LEUVEN_2"": 0.6296, ""MAX_MUN"": 0.3997, ""NYU"": 0.6492, ""OLIN"": 0.4778, ""PITT"": 0.5782, ""SBL"": 0.5762, ""SDSU"": 0.5, ""STANFORD"": 0.6921, ""TRINITY"": 0.5933, ""UCLA_1"": 0.5582, ""UCLA_2"": 0.5769, ""UM_1"": 0.6507, ""UM_2"": 0.5731, ""USM"": 0.5918, ""YALE"": 0.6825}",0.031125988240216618,0.031174436785659232
M2,all3,F_TRAINFOLD_BAND_Z,linsvm,0.6307692307692307,0.6021581624788037,0.610062893081761,0.4307692307692308,0.7735470941883767,0.5130890052356021,0.6343042071197411,386,113,259,196,0.6311166611166612,0.0271410694638091,0.6021219891219891,0.0385049791553698,0.6100192890603472,0.4307692307692307,0.7734747474747474,0.5124486175049897,0.6356607013362242,"[0.614505, 0.646264, 0.65044, 0.653077, 0.591298]","[0.001, 0.001, 0.001, 0.001, 0.001]",20.5,0.588381157920236,0.6141858362370756,0.0571000663745596,0.567118853090797,0.5962562487612588,0.6160262445326147,0.0952359187057597,0.5688652029333392,"{""CALTECH"": 0.6146, ""CMU"": 0.6768, ""KKI"": 0.8327, ""LEUVEN_1"": 0.4541, ""LEUVEN_2"": 0.6444, ""MAX_MUN"": 0.4866, ""NYU"": 0.6532, ""OLIN"": 0.4667, ""PITT"": 0.7149, ""SBL"": 0.6143, ""SDSU"": 0.6545, ""STANFORD"": 0.7053, ""TRINITY"": 0.5714, ""UCLA_1"": 0.575, ""UCLA_2"": 0.5, ""UM_1"": 0.6549, ""UM_2"": 0.6615, ""USM"": 0.5609, ""YALE"": 0.6627}",0.04238807284899471,0.034512982007971926
OLD,slow4,F_TRAINFOLD_BAND_Z,linsvm,0.5964368297033628,0.5660882203968376,0.5754716981132075,0.3626373626373626,0.7695390781563126,0.4489795918367347,0.5892857142857143,384,115,290,165,0.5974889554889555,0.0356225699107472,0.5660560550560552,0.0444987916845546,0.5753926701570681,0.3626373626373627,0.7694747474747475,0.4465068528206801,0.5853537794152517,"[0.603187, 0.625385, 0.606703, 0.616484, 0.535687]","[0.001, 0.001, 0.01, 0.001, 0.001]",0.5,0.569939879759519,0.5750316420887557,0.0316812037783329,0.5636305578189346,0.5719791230813275,0.5671365650005915,0.0961558916562999,0.5567134268537075,"{""CALTECH"": 0.4219, ""CMU"": 0.7071, ""KKI"": 0.547, ""LEUVEN_1"": 0.5459, ""LEUVEN_2"": 0.5815, ""MAX_MUN"": 0.5418, ""NYU"": 0.5695, ""OLIN"": 0.5222, ""PITT"": 0.5292, ""SBL"": 0.4667, ""SDSU"": 0.5455, ""STANFORD"": 0.7342, ""TRINITY"": 0.4028, ""UCLA_1"": 0.5843, ""UCLA_2"": 0.4385, ""UM_1"": 0.66, ""UM_2"": 0.7115, ""USM"": 0.6273, ""YALE"": 0.6389}",0.026496949943843773,0.02445770662203528
OLD,all3,F_TRAINFOLD_BAND_Z,linsvm,0.613173599947147,0.5875795547138233,0.5932914046121593,0.4637362637362637,0.7114228456913828,0.5209876543209877,0.5943661971830986,355,144,244,211,0.614934176934177,0.0499237645185898,0.5876055056055056,0.0369494949971791,0.5932763846789749,0.4637362637362637,0.7114747474747475,0.5203557284286662,0.5993536402053377,"[0.561868, 0.657692, 0.62033, 0.668791, 0.56599]","[0.01, 0.001, 0.001, 0.001, 0.001]",10.2,0.609354973683631,0.6141744422011017,0.0174171638743895,0.5636944218106543,0.6102006210222642,0.6154033992052962,0.108421003486741,0.5762668193529917,"{""CALTECH"": 0.4219, ""CMU"": 0.7273, ""KKI"": 0.7594, ""LEUVEN_1"": 0.6071, ""LEUVEN_2"": 0.7185, ""MAX_MUN"": 0.592, ""NYU"": 0.5946, ""OLIN"": 0.5889, ""PITT"": 0.7122, ""SBL"": 0.5, ""SDSU"": 0.6364, ""STANFORD"": 0.7789, ""TRINITY"": 0.4286, ""UCLA_1"": 0.6272, ""UCLA_2"": 0.4231, ""UM_1"": 0.6885, ""UM_2"": 0.6231, ""USM"": 0.65, ""YALE"": 0.6151}",0.003818626263516034,0.0029729789248827965
M1,slow4,F_TRAINFOLD_BAND_Z,logreg,0.6260080600761964,0.5840890572353499,0.590146750524109,0.4527472527472527,0.7154308617234469,0.5130759651307597,0.5919540229885057,357,142,249,206,0.6253633033633033,0.0145903092871572,0.5841008991008991,0.0288470447164049,0.5901074676219344,0.4527472527472527,0.7154545454545455,0.5101699593744783,0.5910669077757685,"[0.643187, 0.633736, 0.619231, 0.625934, 0.604729]","[0.01, 0.01, 0.01, 0.01, 0.01]",2.0,0.6079675835186857,0.6152204820593582,0.0525760894290147,0.5608183399766566,0.6095047237331808,0.6148664167482325,0.1098148134277008,0.5702878284040609,"{""CALTECH"": 0.4948, ""CMU"": 0.7778, ""KKI"": 0.7124, ""LEUVEN_1"": 0.3827, ""LEUVEN_2"": 0.7111, ""MAX_MUN"": 0.51, ""NYU"": 0.6014, ""OLIN"": 0.5815, ""PITT"": 0.6194, ""SBL"": 0.5333, ""SDSU"": 0.7409, ""STANFORD"": 0.6421, ""TRINITY"": 0.4623, ""UCLA_1"": 0.6011, ""UCLA_2"": 0.5538, ""UM_1"": 0.7023, ""UM_2"": 0.5962, ""USM"": 0.6736, ""YALE"": 0.7857}",0.01804047655751062,0.016503336343015595
M1,all3,F_TRAINFOLD_BAND_Z,logreg,0.6452597502697703,0.5999581580743906,0.6048218029350105,0.4945054945054945,0.7054108216432866,0.5441354292623942,0.6048387096774194,352,147,230,225,0.6485709845709846,0.0160956380395869,0.599939615939616,0.0227478083111088,0.6048057316065032,0.4945054945054945,0.7053737373737373,0.5374491174971701,0.6094049043988378,"[0.639011, 0.659011, 0.635824, 0.671868, 0.637141]","[0.01, 0.01, 0.001, 0.01, 0.01]",4.6,0.6176000352353057,0.6341001424038488,0.0491815788356845,0.5862868594331521,0.6141601885088859,0.6274353746760293,0.1196577395772427,0.5710630051311414,"{""CALTECH"": 0.4167, ""CMU"": 0.8485, ""KKI"": 0.7838, ""LEUVEN_1"": 0.4235, ""LEUVEN_2"": 0.7222, ""MAX_MUN"": 0.5418, ""NYU"": 0.6211, ""OLIN"": 0.6222, ""PITT"": 0.6764, ""SBL"": 0.5762, ""SDSU"": 0.6955, ""STANFORD"": 0.75, ""TRINITY"": 0.5, ""UCLA_1"": 0.6253, ""UCLA_2"": 0.5692, ""UM_1"": 0.7237, ""UM_2"": 0.4846, ""USM"": 0.6236, ""YALE"": 0.7169}",0.027659715034464627,0.031099561760884464
M2,slow4,F_TRAINFOLD_BAND_Z,logreg,0.5998810808430046,0.5855116827060715,0.5922431865828093,0.4395604395604395,0.7314629258517034,0.5069708491761724,0.5988023952095808,365,134,255,200,0.6044912864912865,0.0384458696255966,0.5854367854367855,0.0407666992533041,0.5921686414990356,0.4395604395604396,0.7313131313131314,0.5070831640888384,0.601039467828275,"[0.593846, 0.619231, 0.629341, 0.637692, 0.542347]","[0.01, 0.1, 0.01, 0.01, 0.1]",0.7,0.5677773128674932,0.6023789874747099,0.0684442816585163,0.5537382457222136,0.5718778215772204,0.5853713034065984,0.1164067727244662,0.558942059944064,"{""CALTECH"": 0.5521, ""CMU"": 0.6667, ""KKI"": 0.8271, ""LEUVEN_1"": 0.2857, ""LEUVEN_2"": 0.6259, ""MAX_MUN"": 0.4013, ""NYU"": 0.6496, ""OLIN"": 0.4667, ""PITT"": 0.6578, ""SBL"": 0.5857, ""SDSU"": 0.5136, ""STANFORD"": 0.6921, ""TRINITY"": 0.5893, ""UCLA_1"": 0.561, ""UCLA_2"": 0.5769, ""UM_1"": 0.6491, ""UM_2"": 0.5731, ""USM"": 0.5764, ""YALE"": 0.672}",0.0321037679755114,0.028003259265784175
M2,all3,F_TRAINFOLD_BAND_Z,logreg,0.6301349952652558,0.5951111013235262,0.6016771488469602,0.4527472527472527,0.7374749498997996,0.5202020202020202,0.6112759643916914,368,131,249,206,0.6306078366078367,0.0262396563959396,0.595090798090798,0.0347030949595061,0.6016423257095618,0.4527472527472527,0.7374343434343433,0.5190965783127519,0.6094726182122322,"[0.619451, 0.650769, 0.642527, 0.650659, 0.589633]","[0.01, 0.01, 0.01, 0.01, 0.01]",5.6,0.5878834592261446,0.6141293556158873,0.0600110919488595,0.5670858199916315,0.5954326234887357,0.612083075108501,0.1080245585816754,0.568023960007928,"{""CALTECH"": 0.6302, ""CMU"": 0.7071, ""KKI"": 0.859, ""LEUVEN_1"": 0.3929, ""LEUVEN_2"": 0.6, ""MAX_MUN"": 0.4682, ""NYU"": 0.6563, ""OLIN"": 0.463, ""PITT"": 0.695, ""SBL"": 0.6143, ""SDSU"": 0.6364, ""STANFORD"": 0.7158, ""TRINITY"": 0.5734, ""UCLA_1"": 0.5666, ""UCLA_2"": 0.4923, ""UM_1"": 0.6528, ""UM_2"": 0.6654, ""USM"": 0.5664, ""YALE"": 0.6746}",0.04225153603911125,0.034702371776520136
OLD,slow4,F_TRAINFOLD_BAND_Z,logreg,0.6137770045585677,0.5784976546499593,0.5849056603773585,0.4395604395604395,0.717434869739479,0.5025125628140703,0.5865102639296188,358,141,255,200,0.6143782883782883,0.0307420173468844,0.5785478965478965,0.0261283125816079,0.5848718655276935,0.4395604395604396,0.7175353535353535,0.500079189726429,0.5850336959032612,"[0.61, 0.637802, 0.627582, 0.633736, 0.562771]","[0.01, 0.1, 0.1, 0.01, 0.01]",0.8,0.5781144706996411,0.5863097291730914,0.0344107735178514,0.5674117465700632,0.5883150917219053,0.5936225283583162,0.0904419994554773,0.5670880221982426,"{""CALTECH"": 0.5417, ""CMU"": 0.697, ""KKI"": 0.6447, ""LEUVEN_1"": 0.5306, ""LEUVEN_2"": 0.6148, ""MAX_MUN"": 0.5452, ""NYU"": 0.586, ""OLIN"": 0.5407, ""PITT"": 0.5332, ""SBL"": 0.4714, ""SDSU"": 0.6273, ""STANFORD"": 0.7421, ""TRINITY"": 0.4444, ""UCLA_1"": 0.5955, ""UCLA_2"": 0.4538, ""UM_1"": 0.6491, ""UM_2"": 0.7577, ""USM"": 0.6264, ""YALE"": 0.6772}",0.03566253385892659,0.025461912836662326
OLD,all3,F_TRAINFOLD_BAND_Z,logreg,0.6363672399744544,0.6023497544539629,0.6069182389937107,0.5032967032967033,0.7014028056112225,0.5498199279711885,0.6058201058201058,350,149,226,229,0.6354247974247975,0.037343659985987,0.6023655233655234,0.0310463384597349,0.6068889501240011,0.5032967032967033,0.7014343434343433,0.5485281098597595,0.6071216860963811,"[0.607033, 0.672967, 0.632418, 0.673187, 0.59152]","[0.01, 0.01, 0.01, 0.01, 0.01]",5.4,0.6154462771697241,0.6143462525710588,0.0220600238887477,0.5772357902618424,0.6151643947235129,0.6221448099038486,0.109195567459758,0.5785284855425136,"{""CALTECH"": 0.4583, ""CMU"": 0.7273, ""KKI"": 0.7613, ""LEUVEN_1"": 0.5867, ""LEUVEN_2"": 0.7444, ""MAX_MUN"": 0.5987, ""NYU"": 0.5805, ""OLIN"": 0.5889, ""PITT"": 0.6631, ""SBL"": 0.4762, ""SDSU"": 0.6318, ""STANFORD"": 0.8132, ""TRINITY"": 0.4603, ""UCLA_1"": 0.6347, ""UCLA_2"": 0.4231, ""UM_1"": 0.6885, ""UM_2"": 0.7077, ""USM"": 0.6345, ""YALE"": 0.6415}",0.020920962804730325,0.021202845250941516
