unit,fold,epoch,lr,train_loss,val_loss,train_auc,val_auc,grad_net,grad_head,move_net,move_head
h256_wd0.0001_s1,o0,1,0.0005,0.7175565550201818,0.6864754557609558,0.6443245106593845,0.6388698630136985,1.0756355719304458,0.29557331353052996,0.22107072174549103,0.03320808708667755
h256_wd0.0001_s1,o0,2,0.0005,0.6759496707665292,0.6734480261802673,0.7320018528692541,0.6789383561643835,0.8315481793639161,0.2556400130440439,0.2665138840675354,0.04023356735706329
h256_wd0.0001_s1,o0,3,0.0005,0.6519349687977841,0.6623921394348145,0.7626172855465425,0.6801369863013699,0.8425950269738476,0.2816873335430661,0.29646506905555725,0.03563619777560234
h256_wd0.0001_s1,o0,4,0.0005,0.6550133134189405,0.6716552972793579,0.7742408083680746,0.6582191780821917,1.108921667720084,0.3488631481028591,0.324991911649704,0.03722815215587616
h256_wd0.0001_s1,o0,5,0.0005,0.6175550755701567,0.6469729542732239,0.7965506468883646,0.6801369863013699,0.8805907534658902,0.25111189411890694,0.35502102971076965,0.035296715795993805
h256_wd0.0001_s1,o0,6,0.0005,0.6078084770001864,0.6916542053222656,0.7910566740996886,0.7142123287671233,1.233477938655609,0.3595702352094405,0.3827444911003113,0.040565311908721924
h256_wd0.0001_s1,o0,7,0.0005,0.6235879800821605,0.7008769512176514,0.8078833123269668,0.6821917808219179,1.5374960287350259,0.4367675264339935,0.41110724210739136,0.04426659643650055
h256_wd0.0001_s1,o0,8,0.0005,0.5884543406335931,0.627133309841156,0.8411595514332807,0.7284246575342466,1.2513387203028479,0.33836967651455785,0.43560126423835754,0.04567892849445343
h256_wd0.0001_s1,o0,9,0.0005,0.5528956447776995,0.6195558905601501,0.8492604681726617,0.7214041095890412,1.1278963480492197,0.3216097082174276,0.4598853886127472,0.052097856998443604
h256_wd0.0001_s1,o0,10,0.0005,0.522967699326967,0.6802792549133301,0.8493681931293023,0.7147260273972602,1.2710393457835738,0.32879563140249246,0.4839930832386017,0.069073386490345
h256_wd0.0001_s1,o0,11,0.0005,0.5592663837106604,0.6293496489524841,0.8713440842840061,0.7518835616438356,1.7538452340867925,0.43422775444341954,0.506669282913208,0.07157234102487564
h256_wd0.0001_s1,o0,12,0.0005,0.5635290412526381,0.5909299850463867,0.8859300434131574,0.7493150684931508,1.7925335551312773,0.43598261055144255,0.5293987393379211,0.07116271555423737
h256_wd0.0001_s1,o0,13,0.0005,0.5185615953646208,0.5945255756378174,0.8910362063579269,0.7568493150684931,1.1771699520227894,0.31676803812149407,0.5496732592582703,0.07651626318693161
h256_wd0.0001_s1,o0,14,0.0005,0.4769044424358167,0.5906746983528137,0.8967456290598843,0.7547945205479452,1.1409970724204435,0.29657342143375026,0.5695581436157227,0.1005127876996994
h256_wd0.0001_s1,o0,15,0.0005,0.4846706233526531,0.6002858281135559,0.9058268429046957,0.7522260273972603,1.4534892806845505,0.3272676930250544,0.5885565876960754,0.11372503638267517
h256_wd0.0001_s1,o0,16,0.0005,0.4621548385996568,0.6166343688964844,0.9111700007540746,0.7500000000000001,1.1728505617512954,0.27684363540560336,0.6071246862411499,0.13354304432868958
h256_wd0.0001_s1,o0,17,0.0005,0.4377811206014533,0.6316757798194885,0.9175473181872045,0.752568493150685,1.1791029497842505,0.25870031109682484,0.6253779530525208,0.1624632626771927
h256_wd0.0001_s1,o0,18,0.0005,0.44327039467661006,0.6722157001495361,0.9206282519471285,0.7506849315068493,1.5338186181366222,0.24566813164623272,0.6426917910575867,0.18059773743152618
h256_wd0.0001_s1,o0,19,0.0005,0.428633893790998,0.5977082848548889,0.9334259767960443,0.7643835616438355,1.5142874214015254,0.2770868723857564,0.6611541509628296,0.1965593844652176
h256_wd0.0001_s1,o0,20,0.0005,0.419666577326624,0.6782466769218445,0.9373902552004224,0.7592465753424658,1.6480430193419224,0.3133506210521289,0.6782882213592529,0.21552366018295288
h256_wd0.0001_s1,o0,21,0.0005,0.39643137078536184,0.5908592939376831,0.9454049919744907,0.7679794520547945,1.4356118894996943,0.23032444240631902,0.6930049657821655,0.23650339245796204
h256_wd0.0001_s1,o0,22,0.0005,0.36801669393715103,0.6922125816345215,0.9477964860119144,0.7772260273972602,1.4059699796821166,0.24477328775442841,0.7075284719467163,0.26522794365882874
h256_wd0.0001_s1,o0,23,0.0005,0.37568052348337677,0.6712686419487,0.9570823772743432,0.7683219178082191,1.80467765044579,0.2704545425270462,0.7230596542358398,0.2832142114639282
h256_wd0.0001_s1,o0,24,0.0005,0.3713073448130959,0.5846500992774963,0.9615314179836043,0.7714041095890412,1.7286535978250486,0.25043798045878535,0.7391926646232605,0.2962660789489746
h256_wd0.0001_s1,o0,25,0.0005,0.3418768126713602,0.5857829451560974,0.9634596947074728,0.7768835616438357,1.4644211028027758,0.23424121758915897,0.7529999017715454,0.32602372765541077
h256_wd0.0001_s1,o0,26,0.0005,0.33997615622846705,0.6411097645759583,0.9632226998028633,0.7688356164383561,1.6552511621122716,0.2349820610117143,0.7662167549133301,0.34586966037750244
h256_wd0.0001_s1,o0,27,0.0005,0.3623487965056771,0.5681288242340088,0.966238998588803,0.7828767123287671,2.196833345862777,0.3135353250787725,0.7808986902236938,0.35903698205947876
h256_wd0.0001_s1,o0,28,0.0005,0.31584287474029943,0.5964243412017822,0.9741136929192387,0.7676369863013699,1.6487357557853748,0.21633504517574936,0.7943613529205322,0.38374337553977966
h256_wd0.0001_s1,o0,29,0.0005,0.37827488309458684,0.629711389541626,0.9744691852761529,0.7671232876712328,2.446019056044999,0.31952728086490245,0.8082191944122314,0.3921048939228058
h256_wd0.0001_s1,o0,30,0.0005,0.2856015853191677,0.5909401178359985,0.9785627336284997,0.7751712328767122,1.3546986709307236,0.19135788658351693,0.8203107118606567,0.41831573843955994
h256_wd0.0001_s1,o0,31,0.0005,0.2781238916673158,0.6218717694282532,0.9807710952396341,0.771404109589041,1.4156093483921197,0.18244378026453079,0.8311148285865784,0.4510214924812317
h256_wd0.0001_s1,o0,32,0.0005,0.2520197778940201,0.6619645953178406,0.9841752038694805,0.7678082191780822,1.504986392105787,0.18933865528061675,0.8418539762496948,0.48554927110671997
h256_wd0.0001_s1,o0,33,0.0005,0.23281792512065486,0.6539646983146667,0.9877947624126081,0.7696917808219178,1.4498242603287859,0.16846033259127352,0.8513106107711792,0.5169067978858948
h256_wd0.0001_s1,o0,34,0.0005,0.26045175837843043,0.6666088700294495,0.9897553566234689,0.7797945205479452,2.0804200781803837,0.2122449218766719,0.8622575998306274,0.5426494479179382
h256_wd0.0001_s1,o0,35,0.0005,0.2576299074449037,0.6903767585754395,0.9900354415107349,0.7642123287671232,2.1602846181388693,0.2139083662104635,0.8750320672988892,0.5696202516555786
h256_wd0.0001_s1,o0,36,0.0005,0.22886096725338384,0.691076934337616,0.9914681834340562,0.7715753424657533,1.7909873650184134,0.18024354932754694,0.8855484127998352,0.5973547101020813
h256_wd0.0001_s1,o0,37,0.0005,0.2144783613713164,0.7993425130844116,0.9880640748042099,0.7385273972602739,1.8098281928789182,0.18279529390594582,0.8950867652893066,0.6295487284660339
h256_wd0.0001_s1,o0,38,0.0005,0.24577166453788155,0.7947290539741516,0.9939135399498001,0.7678082191780822,2.316186631531658,0.19832591986434664,0.905393660068512,0.6486958861351013
h256_wd0.0001_s1,o0,39,0.0005,0.21689768606110624,0.7701510190963745,0.9936980900365188,0.7558219178082193,2.3469306465668125,0.19899890222494115,0.9165432453155518,0.6695544719696045
h256_wd0.0001_s1,o0,40,0.0005,0.2055495781333823,0.7657952308654785,0.9956048217690592,0.7534246575342466,1.9198226448694315,0.15151799421923712,0.9257051348686218,0.6902092695236206
h256_wd0.0001_s1,o0,41,0.0005,0.26297942313708755,1.0244303941726685,0.9914466384427281,0.7690068493150685,3.2180941116837753,0.2346024015080471,0.9356417655944824,0.7024178504943848
h256_wd0.0001_s1,o0,42,0.0005,0.28955258821186264,0.7102457284927368,0.9944521647330036,0.7671232876712328,3.2595251273374126,0.26305511415647626,0.9465470910072327,0.6851462125778198
h256_wd0.0001_s1,o0,43,0.0005,0.26658944511099864,0.6775810122489929,0.9970483361880447,0.7645547945205479,3.2247926246267573,0.22574830855979244,0.9559262990951538,0.6892292499542236
h256_wd0.0001_s1,o0,44,0.0005,0.23069421515653007,0.7461305260658264,0.9966066638658178,0.7599315068493151,2.3717593284795595,0.16707715520848668,0.9653350114822388,0.7025689482688904
h256_wd0.0001_s1,o0,45,0.0005,0.17165846259970413,0.9696429967880249,0.9957771816996843,0.7654109589041096,1.6119415989188008,0.13302621951526555,0.9727316498756409,0.7279080152511597
h256_wd0.0001_s1,o0,46,0.0005,0.18007293500398336,0.756350040435791,0.9977593209018734,0.7643835616438355,1.9308092663547232,0.13676464283884643,0.9797158241271973,0.7492116093635559
h256_wd0.0001_s1,o0,47,0.0005,0.1837453297094295,0.8407670855522156,0.9986103480593349,0.7621575342465753,2.3870295669316532,0.15897705287374667,0.9866136312484741,0.7764533162117004
h256_wd0.0001_s1,o1,1,0.0005,0.7104977839871457,0.6808549165725708,0.6775145698003857,0.6172945205479452,0.9655066410794892,0.27605542023352164,0.22096791863441467,0.029128657653927803
h256_wd0.0001_s1,o1,2,0.0005,0.6785155534744263,0.6748453378677368,0.6987040687716124,0.6330479452054795,0.8266994594407354,0.25164935803897565,0.2647963762283325,0.034358181059360504
h256_wd0.0001_s1,o1,3,0.0005,0.6611174846950331,0.6818920373916626,0.7059647308491958,0.6306506849315069,0.9594544247519968,0.30421460630513364,0.2932860255241394,0.03073195554316044
h256_wd0.0001_s1,o1,4,0.0005,0.6790814870282224,0.6632360219955444,0.7687576080750627,0.6957191780821917,1.1832184495924962,0.3670567746616239,0.31859880685806274,0.03943020850419998
h256_wd0.0001_s1,o1,5,0.0005,0.6340338995582179,0.6496337652206421,0.7837313770481208,0.6955479452054795,0.7146258666907167,0.20803615707968387,0.3428784906864166,0.0352671779692173
h256_wd0.0001_s1,o1,6,0.0005,0.6115215954027677,0.6578325033187866,0.786683040860076,0.6816780821917808,0.8015686477940822,0.2465657536916792,0.369492769241333,0.03406382352113724
h256_wd0.0001_s1,o1,7,0.0005,0.6123407702696951,0.6470595002174377,0.8281463766710834,0.7027397260273973,1.1974095322442861,0.33761238852770603,0.3992304503917694,0.03963178023695946
h256_wd0.0001_s1,o1,8,0.0005,0.6170832671617207,0.6329871416091919,0.8390804597701149,0.7032534246575342,1.1566223336853798,0.3160730877766528,0.4247254729270935,0.04427119717001915
h256_wd0.0001_s1,o1,9,0.0005,0.5736557307996248,0.618878960609436,0.8524168094022342,0.7133561643835618,0.9675590631165307,0.2505652045832718,0.4517885148525238,0.060136161744594574
h256_wd0.0001_s1,o1,10,0.0005,0.5484528416081479,0.7174196243286133,0.8490342457637161,0.7027397260273971,1.1167950784908915,0.2895685687238247,0.47582000494003296,0.08211465924978256
h256_wd0.0001_s1,o1,11,0.0005,0.5672390162944794,0.630185067653656,0.8682416055327539,0.7135273972602738,1.4358654670002806,0.33187997646331613,0.5003122687339783,0.0938408151268959
h256_wd0.0001_s1,o1,12,0.0005,0.5488949433753365,0.6187581419944763,0.88323691949714,0.7181506849315068,1.5650240204475456,0.35776961067726903,0.5220841765403748,0.10675600916147232
h256_wd0.0001_s1,o1,13,0.0005,0.5053291759992901,0.6214518547058105,0.8942140925788278,0.720890410958904,1.2720315122082422,0.29554148920529144,0.5427654385566711,0.12489819526672363
h256_wd0.0001_s1,o1,14,0.0005,0.4821668282935494,0.6430224180221558,0.9010115373428562,0.7176369863013699,1.2290179454241867,0.26896942010479247,0.5614463686943054,0.1598491221666336
h256_wd0.0001_s1,o1,15,0.0005,0.4656870396513688,0.6722085475921631,0.9148111042885305,0.7186643835616437,1.2384452278687212,0.24688366187642866,0.5798615217208862,0.18338875472545624
h256_wd0.0001_s1,o1,16,0.0005,0.48031148941893326,0.6566226482391357,0.9260037272834999,0.7207191780821917,1.8059315383504468,0.35018211291935275,0.5996593236923218,0.20089806616306305
h256_wd0.0001_s1,o1,17,0.0005,0.433506777412013,0.6503013372421265,0.9297741007659245,0.7145547945205479,1.1923951825756878,0.2480339518617241,0.6178667545318604,0.23023489117622375
h256_wd0.0001_s1,o1,18,0.0005,0.4231024996230477,0.6469610333442688,0.9404927339516747,0.7181506849315069,1.5593611490908366,0.29088010769042744,0.6351065039634705,0.26080554723739624
h256_wd0.0001_s1,o1,19,0.0005,0.406535499974301,0.6941231489181519,0.9449310021652716,0.7131849315068493,1.510350918710017,0.25807959888565996,0.650042712688446,0.285919725894928
h256_wd0.0001_s1,o1,20,0.0005,0.41355760944517034,0.6464858651161194,0.9569854248133666,0.7179794520547945,1.9747365462111015,0.29917041016238494,0.6669939160346985,0.31237298250198364
h256_wd0.0001_s1,o1,21,0.0005,0.3729806369856784,0.7824774980545044,0.9590214264938759,0.7118150684931507,1.5383813080522333,0.23749176933214397,0.6832161545753479,0.3476875126361847
h256_wd0.0001_s1,o1,22,0.0005,0.39050230697581645,0.7631790041923523,0.9637182346034106,0.7077054794520548,1.8692043940100824,0.24742570758686253,0.6985633969306946,0.37728700041770935
h256_wd0.0001_s1,o1,23,0.0005,0.3748136515680112,0.6746810078620911,0.9663790410324361,0.7159246575342465,1.8868491638047429,0.23027038581476167,0.713225781917572,0.3966606855392456
h256_wd0.0001_s1,o1,24,0.0005,0.3171134936182122,0.6976500153541565,0.9729071734048627,0.7176369863013699,1.462539448146255,0.2026792381139056,0.7274194359779358,0.4337317645549774
h256_wd0.0001_s1,o1,25,0.0005,0.2991889472070493,0.7066879868507385,0.9785411886371715,0.7155821917808219,1.560662279672928,0.1990098616232107,0.7404277920722961,0.4769432842731476
h256_wd0.0001_s1,o1,26,0.0005,0.29337517289738907,0.9367501139640808,0.971743743873143,0.7128424657534247,1.7478498064267902,0.21235888059224486,0.7527521252632141,0.5105593204498291
h256_wd0.0001_s1,o1,27,0.0005,0.37891021527742086,0.7143617272377014,0.9777978864363507,0.7071917808219179,2.948519755239453,0.2670964040354922,0.7670062184333801,0.51862633228302
h256_wd0.0001_s1,o1,28,0.0005,0.30445963222729533,0.7257509827613831,0.9862758405239742,0.7126712328767123,1.7979135775586632,0.19656904970016245,0.7799937129020691,0.5427677631378174
h256_wd0.0001_s1,o1,29,0.0005,0.2610974437312076,0.7572026252746582,0.985489448340497,0.7130136986301371,1.7443635511129132,0.196546255483461,0.7918360233306885,0.5836266875267029
h256_wd0.0001_s1,o1,30,0.0005,0.28272016424881785,0.7223947048187256,0.9881717997608506,0.7133561643835618,2.142683686094111,0.18819897094725174,0.8026494979858398,0.6165253520011902
h256_wd0.0001_s1,o1,31,0.0005,0.2901429290834226,0.7909470796585083,0.9900354415107349,0.7136986301369863,1.9243242549726585,0.18268112807000134,0.8136770129203796,0.6426087617874146
h256_wd0.0001_s1,o1,32,0.0005,0.247652710268372,0.7883303761482239,0.991586680886361,0.7154109589041096,1.7513681717997422,0.1620798689835643,0.8234071135520935,0.6738086342811584
h256_wd0.0001_s1,o1,33,0.0005,0.23075317003225027,0.7781984210014343,0.995400144351442,0.7066780821917809,2.0930880054625454,0.15890843447418943,0.8330487012863159,0.7023862600326538
h256_wd0.0001_s1,o2,1,0.0005,0.7107165236222116,0.6829212307929993,0.6766096801646037,0.6123287671232877,0.943189483955767,0.3131089953723776,0.21972589194774628,0.02712269313633442
h256_wd0.0001_s1,o2,2,0.0005,0.6716835624293277,0.6761475801467896,0.7109954863243167,0.6452054794520548,0.7135367150786067,0.26141585101018683,0.26396292448043823,0.02752527967095375
h256_wd0.0001_s1,o2,3,0.0005,0.6604119319664804,0.6679437160491943,0.7377866830408601,0.660958904109589,0.9715320540165756,0.3829131018441723,0.2909992039203644,0.026804879307746887
h256_wd0.0001_s1,o2,4,0.0005,0.6562511513107702,0.6534221768379211,0.7848086266145277,0.7083904109589041,1.0099902554211966,0.3664448559185032,0.3127938210964203,0.029768241569399834
h256_wd0.0001_s1,o2,5,0.0005,0.6272825253637213,0.6430305242538452,0.7993676545045192,0.7104452054794521,0.8125628863901825,0.28095213639416455,0.33872175216674805,0.029143448919057846
h256_wd0.0001_s1,o2,6,0.0005,0.5931975182734037,0.6464930772781372,0.807764814874662,0.6958904109589041,0.8534063638428746,0.28950043916344104,0.3661881983280182,0.04078004136681557
h256_wd0.0001_s1,o2,7,0.0005,0.6227874348038122,0.7087215185165405,0.8231802561699468,0.7082191780821918,1.4582346394975516,0.4941419743476039,0.392451673746109,0.04856721684336662
h256_wd0.0001_s1,o2,8,0.0005,0.6056280136108398,0.6398786306381226,0.8480000861799653,0.7118150684931507,1.2741565615676025,0.4015900337191026,0.41565120220184326,0.04685639962553978
h256_wd0.0001_s1,o2,9,0.0005,0.5694131631600229,0.6198130249977112,0.8591388466966142,0.7200342465753423,1.197625135319794,0.39308525427353685,0.4384632408618927,0.0568317174911499
h256_wd0.0001_s1,o2,10,0.0005,0.5116644736967588,0.7130082845687866,0.8637171573538442,0.7191780821917808,1.0569825113866844,0.3384726399562041,0.46184054017066956,0.08165658265352249
h256_wd0.0001_s1,o2,11,0.0005,0.5610511695083819,0.667245626449585,0.8704715121352163,0.7068493150684931,1.812229267556711,0.5571035293047849,0.48261702060699463,0.08957093209028244
h256_wd0.0001_s1,o2,12,0.0005,0.5527774722952592,0.6149024963378906,0.8945695849357421,0.7220890410958903,1.4556811366161773,0.40213677228628014,0.5010666251182556,0.09185940027236938
h256_wd0.0001_s1,o2,13,0.0005,0.4957175097967449,0.6436089873313904,0.8969395339818376,0.720890410958904,1.2190592670752387,0.32150134991249096,0.5208042860031128,0.11300965398550034
h256_wd0.0001_s1,o2,14,0.0005,0.49009549617767334,0.6238825917243958,0.9066994150534856,0.7226027397260273,1.4415241472379283,0.3333471060600736,0.5390739440917969,0.1337190866470337
h256_wd0.0001_s1,o2,15,0.0005,0.5271635024171126,0.6261680722236633,0.9166532010470866,0.7210616438356163,1.5560377376510965,0.391682740730517,0.5576029419898987,0.13176840543746948
h256_wd0.0001_s1,o2,16,0.0005,0.45064086349386917,0.6327612996101379,0.9180320804920876,0.7241438356164384,1.0407952194410937,0.2725094501688134,0.5753676891326904,0.15817436575889587
h256_wd0.0001_s1,o2,17,0.0005,0.4398617901300129,0.6493867635726929,0.921630094043887,0.7256849315068493,1.3521791756840693,0.30833985129322095,0.5917192697525024,0.18619005382061005
h256_wd0.0001_s1,o2,18,0.0005,0.4402433084814172,0.6778477430343628,0.9299356882008856,0.7251712328767123,1.427111341816651,0.28870732865534837,0.608042299747467,0.20556168258190155
h256_wd0.0001_s1,o2,19,0.0005,0.44755758737262924,0.6556937098503113,0.9346755862930765,0.7190068493150684,1.6750971849412066,0.2818964380750981,0.6241775155067444,0.21889135241508484
h256_wd0.0001_s1,o2,20,0.0005,0.3970693773344943,0.6552473306655884,0.9418177509183553,0.7171232876712329,1.4084134479813075,0.27174774938306434,0.6390637755393982,0.24273745715618134
h256_wd0.0001_s1,o2,21,0.0005,0.39575846257962677,0.6999989151954651,0.9443385149037478,0.7178082191780821,1.7372696668540073,0.2807756281825546,0.6527079939842224,0.272111177444458
h256_wd0.0001_s1,o2,22,0.0005,0.4276552953218159,0.7479641437530518,0.9523424791821521,0.7133561643835616,2.01292178760507,0.3576602279950822,0.668866753578186,0.27032846212387085
h256_wd0.0001_s1,o2,23,0.0005,0.36895305702560827,0.6779893040657043,0.9530103739133244,0.7183219178082192,1.488338857034544,0.27111919756185143,0.6831446886062622,0.2931242883205414
h256_wd0.0001_s1,o2,24,0.0005,0.35197842434832927,0.7562352418899536,0.9572008747266479,0.7051369863013698,1.560660922365205,0.2775845820080447,0.6960119605064392,0.31641218066215515
h256_wd0.0001_s1,o2,25,0.0005,0.35804691204899236,0.7562921047210693,0.9647416216914974,0.7130136986301369,1.7304365774885562,0.2862607344256334,0.7081891298294067,0.3421178162097931
h256_wd0.0001_s1,o2,26,0.0005,0.34015142917633057,0.7076383233070374,0.9676071055381401,0.7104452054794519,1.8129244435498635,0.25368593602542017,0.720420777797699,0.35515284538269043
h256_wd0.0001_s1,o2,27,0.0005,0.3041307377187829,0.7311066389083862,0.9718083788471275,0.7080479452054794,1.3732146565433914,0.20750693088624178,0.7316051721572876,0.38785645365715027
h256_wd0.0001_s1,o2,28,0.0005,0.29047238042480067,0.7612049579620361,0.9748462226243955,0.7073630136986301,1.5379384806683662,0.19983476278933776,0.7420002818107605,0.42075315117836
h256_wd0.0001_s1,o2,29,0.0005,0.3071380806596656,0.763338565826416,0.9773023516358035,0.7039383561643835,2.0248647994297015,0.2449750150182435,0.7529019713401794,0.44735395908355713
h256_wd0.0001_s1,o2,30,0.0005,0.31002598687222127,0.7847104668617249,0.979209083368344,0.7085616438356164,1.9159942344327272,0.2250522166797879,0.7636597752571106,0.4599742293357849
h256_wd0.0001_s1,o2,31,0.0005,0.2937084154078835,0.7999776601791382,0.9833026317206908,0.702054794520548,1.9057396103317081,0.220363303233666,0.7742214202880859,0.47913846373558044
h256_wd0.0001_s1,o2,32,0.0005,0.3202196430218847,0.8015246987342834,0.9820637947193225,0.7041095890410959,2.440546188010206,0.2971652546838296,0.7866241335868835,0.487843781709671
h256_wd0.0001_s1,o2,33,0.0005,0.25896090269088745,0.8949771523475647,0.9804048303870557,0.7075342465753425,1.9572822058167418,0.206509219612238,0.7976410984992981,0.5128211975097656
h256_wd0.0001_s1,o2,34,0.0005,0.29046317150718287,0.8809950351715088,0.9865666979069041,0.702054794520548,2.528496645117155,0.25269486980418693,0.8079482316970825,0.5285900235176086
h256_wd0.0001_s1,o2,35,0.0005,0.3172711322182103,0.8038060069084167,0.9875469950123346,0.7013698630136986,2.6862533053689006,0.2902815022082628,0.8197176456451416,0.5330632925033569
h256_wd0.0001_s1,o2,36,0.0005,0.22943953228624245,0.8330796957015991,0.9873530900903813,0.7041095890410959,1.8017223275006302,0.19996123068175473,0.830651044845581,0.5600400567054749
h256_wd0.0001_s1,o2,37,0.0005,0.2528724725309171,0.8660755753517151,0.9914035484600718,0.6986301369863013,2.35531570477243,0.21781092895845025,0.839777946472168,0.5795658826828003
h256_wd0.0001_s1,o3,1,0.0005,0.7139140430249666,0.6755478978157043,0.7031854269678657,0.6876712328767123,0.9378702038403858,0.26859357318993754,0.21909566223621368,0.02805200032889843
h256_wd0.0001_s1,o3,2,0.0005,0.6700159719115809,0.6635990738868713,0.7317971754516368,0.6952054794520547,0.7177782242248562,0.22270248295237174,0.2641552686691284,0.030748775228857994
h256_wd0.0001_s1,o3,3,0.0005,0.6704786827689723,0.6774089336395264,0.7324973876698015,0.6967465753424658,1.111324036832691,0.3700042795634236,0.29155099391937256,0.03383789584040642
h256_wd0.0001_s1,o3,4,0.0005,0.6738999768307334,0.6558232307434082,0.7821909101681587,0.7147260273972602,1.027321026723949,0.35258388146444236,0.31560781598091125,0.03985004127025604
h256_wd0.0001_s1,o3,5,0.0005,0.6368311141666613,0.6409713625907898,0.7907119542384384,0.7236301369863014,0.7601458458944382,0.23976067882589525,0.33925074338912964,0.039404820650815964
h256_wd0.0001_s1,o3,6,0.0005,0.6085565529371563,0.6916813254356384,0.7747471156642859,0.7126712328767123,0.8587911559465267,0.26275537819356226,0.3665669560432434,0.044905781745910645
h256_wd0.0001_s1,o3,7,0.0005,0.6301020917139555,0.6325307488441467,0.8220706891165477,0.7306506849315069,1.278340674460597,0.38563943305547976,0.39283832907676697,0.049737103283405304
h256_wd0.0001_s1,o3,8,0.0005,0.5827117076045588,0.6146489977836609,0.8333064020941732,0.7371575342465754,0.9398780935834086,0.2618329024035033,0.4203874468803406,0.05571566894650459
h256_wd0.0001_s1,o3,9,0.0005,0.5716970562934875,0.6205136179924011,0.8525460793502031,0.743835616438356,1.0801061781524806,0.3078046319724103,0.44681814312934875,0.06951914727687836
h256_wd0.0001_s1,o3,10,0.0005,0.5256538469540445,0.6975657939910889,0.8616380656906786,0.732876712328767,1.0809698360322193,0.3015107480656268,0.47317948937416077,0.09163160622119904
h256_wd0.0001_s1,o3,11,0.0005,0.5622623829465163,0.6006879210472107,0.8809316054250289,0.7433219178082192,1.5301267945912826,0.406345131145335,0.4983930289745331,0.09739276021718979
h256_wd0.0001_s1,o3,12,0.0005,0.5025558157971031,0.592694878578186,0.8845834814551488,0.7465753424657534,1.0212202319923325,0.2902185228893213,0.5223179459571838,0.11852864176034927
h256_wd0.0001_s1,o3,13,0.0005,0.48739387016547353,0.6463316082954407,0.8948065798403516,0.7530821917808219,1.3760685378363995,0.3339123941252482,0.5453727841377258,0.14279048144817352
h256_wd0.0001_s1,o3,14,0.0005,0.46636485112340825,0.596282958984375,0.9046203233903198,0.7565068493150685,1.306250691305395,0.32906171926063116,0.5666975975036621,0.16356296837329865
h256_wd0.0001_s1,o3,15,0.0005,0.4615713295183684,0.6011797189712524,0.9243016729685766,0.750513698630137,1.45376961040921,0.2767578992634829,0.5878127217292786,0.1769343763589859
h256_wd0.0001_s1,o3,16,0.0005,0.43186207664640325,0.5959761142730713,0.9269409344062739,0.7568493150684932,1.182895456489682,0.24107665454662622,0.6076022386550903,0.20619554817676544
h256_wd0.0001_s1,o3,17,0.0005,0.4124239918432738,0.6499437093734741,0.9301295931228387,0.7378424657534246,1.1959014061882636,0.23154591525395257,0.627537727355957,0.24092726409435272
h256_wd0.0001_s1,o3,18,0.0005,0.4051355311745091,0.7533128261566162,0.9312930226545584,0.7458904109589041,1.3688732778982249,0.2505545811228577,0.6462569236755371,0.26595640182495117
h256_wd0.0001_s1,o3,19,0.0005,0.3971285623939414,0.6332007050514221,0.9504142024582835,0.7642123287671232,1.5163782183305687,0.23385885354502375,0.6635481715202332,0.2861615717411041
h256_wd0.0001_s1,o3,20,0.0005,0.36653159637200206,0.6132245063781738,0.9548093806892244,0.7616438356164383,1.4550652118140146,0.25315145982399906,0.6799005270004272,0.31349653005599976
h256_wd0.0001_s1,o3,21,0.0005,0.3719224553359182,0.7691338658332825,0.9547124282282476,0.7558219178082192,1.6247764441509076,0.2402974900065107,0.6964168548583984,0.34433451294898987
h256_wd0.0001_s1,o3,22,0.0005,0.3584805876016617,0.6618067622184753,0.9657219187969277,0.7606164383561643,1.4488506542670103,0.23862037589446644,0.7138324975967407,0.36667338013648987
h256_wd0.0001_s1,o3,23,0.0005,0.33900551576363414,0.6500638127326965,0.9694815197836884,0.7561643835616438,1.6965165050502817,0.23191292719345077,0.7287387251853943,0.3944894075393677
h256_wd0.0001_s1,o3,24,0.0005,0.30566148773620005,0.6445350646972656,0.9768499068179125,0.7621575342465753,1.4581148368373469,0.19275416745418394,0.7423030734062195,0.43188944458961487
h256_wd0.0001_s1,o3,25,0.0005,0.32717492235334295,0.6707956790924072,0.975869609712482,0.7551369863013698,2.056152353080249,0.2637934795125094,0.7566073536872864,0.4566795229911804
h256_wd0.0001_s1,o3,26,0.0005,0.3370000978833751,0.6337686777114868,0.9760742871300994,0.7621575342465753,2.0477117148061015,0.26610580016798324,0.772832453250885,0.4648916721343994
h256_wd0.0001_s1,o3,27,0.0005,0.34426107375245346,0.6702601313591003,0.9836042615992847,0.7602739726027397,2.123939524460445,0.22851598054100783,0.7867929339408875,0.47426262497901917
h256_wd0.0001_s1,o3,28,0.0005,0.29928088894015864,0.6480536460876465,0.9816436673884239,0.759417808219178,1.9256512582541223,0.22112766161444092,0.7997543811798096,0.5015373826026917
h256_wd0.0001_s1,o3,29,0.0005,0.3074382441608529,0.643841028213501,0.9819560697626819,0.7729452054794519,1.94342874162986,0.21945059468444966,0.8108521103858948,0.5305284261703491
h256_wd0.0001_s1,o3,30,0.0005,0.26308979564591456,0.7280970811843872,0.986868327785498,0.7662671232876712,1.7777698752793272,0.17812186283928044,0.8217427134513855,0.5609930753707886
h256_wd0.0001_s1,o3,31,0.0005,0.23667823170360766,0.6907729506492615,0.9844121987740899,0.7633561643835615,1.3430100235373386,0.15552355954934738,0.8322198987007141,0.5963640809059143
h256_wd0.0001_s1,o3,32,0.0005,0.32259678997491537,0.7904002070426941,0.9851016384965905,0.7636986301369861,3.054922116025285,0.2828675441458158,0.8433905839920044,0.6137761473655701
h256_wd0.0001_s1,o3,33,0.0005,0.3792645158736329,0.7989637851715088,0.9868252378028417,0.7626712328767123,3.084861923492424,0.3600475979432816,0.8570623397827148,0.5856483578681946
h256_wd0.0001_s1,o3,34,0.0005,0.2929359988162392,0.6366661190986633,0.9898523090844455,0.7691780821917809,2.0368910497882933,0.2271942456253225,0.8691924810409546,0.595345675945282
h256_wd0.0001_s1,o3,35,0.0005,0.2643477838290365,0.6638902425765991,0.9885488371090931,0.7652397260273972,1.81295670749761,0.1783406510808803,0.878520667552948,0.6289191246032715
h256_wd0.0001_s1,o3,36,0.0005,0.2253238311723659,0.7792282700538635,0.9909080136595245,0.7570205479452055,1.461610887900665,0.1481829760437988,0.8864282965660095,0.6667062640190125
h256_wd0.0001_s1,o3,37,0.0005,0.2256876732173719,0.7177770733833313,0.9934287776449171,0.7628424657534246,2.104384600997351,0.1635689235986266,0.8939960598945618,0.6993139386177063
h256_wd0.0001_s1,o3,38,0.0005,0.24562318309357292,0.7090078592300415,0.9956694567430436,0.7700342465753424,2.6514646896682557,0.21047472582804627,0.9018124341964722,0.7262497544288635
h256_wd0.0001_s1,o3,39,0.0005,0.2581886460906581,0.7408999800682068,0.9951308319598402,0.7636986301369862,2.399127555382729,0.20027075752125337,0.9109083414077759,0.7366515398025513
h256_wd0.0001_s1,o3,40,0.0005,0.18910698082886243,0.803679347038269,0.9963158064828879,0.7601027397260275,1.5459308170986088,0.14222534079811824,0.9186180830001831,0.7691821455955505
h256_wd0.0001_s1,o3,41,0.0005,0.24254273427160164,1.0254759788513184,0.9973284210753105,0.7575342465753424,2.4154406941161928,0.1767560566972602,0.9261429309844971,0.7909732460975647
h256_wd0.0001_s1,o3,42,0.0005,0.26852648352321823,1.010340929031372,0.99235152807851,0.7561643835616437,2.6698089683334083,0.20694410634833818,0.9362208843231201,0.7973163723945618
h256_wd0.0001_s1,o3,43,0.0005,0.24287002180752001,0.7494460344314575,0.9954755518210904,0.7633561643835617,2.539771144691168,0.20461860694757364,0.9447219967842102,0.8069309592247009
h256_wd0.0001_s1,o3,44,0.0005,0.19866718547908882,0.7215583920478821,0.9979639983194907,0.7573630136986301,1.9210291433530902,0.14626807197973674,0.9516114592552185,0.826903760433197
h256_wd0.0001_s1,o3,45,0.0005,0.16150587640310587,0.7674048542976379,0.9977916383888655,0.7636986301369864,1.4709929047258072,0.129075348266553,0.9573007822036743,0.8625879883766174
h256_wd0.0001_s1,o3,46,0.0005,0.2008787766098976,0.8279657959938049,0.998168675737108,0.7532534246575342,2.362819556322181,0.13848685331433408,0.9635194540023804,0.8903184533119202
h256_wd0.0001_s1,o3,47,0.0005,0.1607655843621806,0.8068873882293701,0.9981255857544518,0.7575342465753423,1.8338902422636674,0.11767162742841403,0.969673752784729,0.9198252558708191
h256_wd0.0001_s1,o3,48,0.0005,0.1484788142536816,0.8064545392990112,0.9982764006937487,0.7534246575342466,1.9018585681451008,0.112974396126115,0.975401759147644,0.9500560164451599
h256_wd0.0001_s1,o3,49,0.0005,0.11522412966740758,0.8783705234527588,0.998771935494296,0.7493150684931507,1.3575612061841054,0.1053900214411584,0.9804717302322388,0.9826719760894775
h256_wd0.0001_s1,o4,1,0.0005,0.7080010458042747,0.693069577217102,0.6654424398625429,0.5470890410958904,0.6466845202821391,0.2057177643834792,0.23070292174816132,0.03374112397432327
h256_wd0.0001_s1,o4,2,0.0005,0.6904745133299577,0.6860620379447937,0.7665700171821306,0.684931506849315,0.4061136897291073,0.13774211539694323,0.2696148753166199,0.042365387082099915
h256_wd0.0001_s1,o4,3,0.0005,0.6846424811764767,0.6781055927276611,0.7522766323024056,0.725,0.40494208211845095,0.13508544609481196,0.28220489621162415,0.038514453917741776
h256_wd0.0001_s1,o4,4,0.0005,0.6791220401462755,0.6685187816619873,0.7443621134020618,0.7248287671232877,0.44075467268456126,0.13818681935187901,0.2943151593208313,0.03499587997794151
h256_wd0.0001_s1,o4,5,0.0005,0.6667513063079432,0.6621965765953064,0.7835158934707903,0.7097602739726027,0.5457626241298457,0.16443502409014987,0.30784541368484497,0.03468999266624451
h256_wd0.0001_s1,o4,6,0.0005,0.644506921893672,0.648356556892395,0.7774484536082473,0.7409246575342465,0.6022291641174146,0.17488800395454374,0.3262284994125366,0.050755031406879425
h256_wd0.0001_s1,o4,7,0.0005,0.6197969756628338,0.6496437191963196,0.8032646048109968,0.6820205479452055,0.7222430637807722,0.21313364519111996,0.3437981605529785,0.08425174653530121
h256_wd0.0001_s1,o4,8,0.0005,0.6111334499559904,0.621145486831665,0.8195876288659794,0.7352739726027397,0.8442420509026705,0.21080772389446023,0.3611859083175659,0.12040402740240097
h256_wd0.0001_s1,o4,9,0.0005,0.596319350757097,0.6368927955627441,0.8280713058419245,0.7527397260273972,0.8730911933793825,0.21739415883874152,0.3794143795967102,0.15680569410324097
h256_wd0.0001_s1,o4,10,0.0005,0.5685789679226122,0.6365538239479065,0.8367268041237114,0.7047945205479451,0.9741581551264124,0.21463392278550342,0.39587610960006714,0.18737435340881348
h256_wd0.0001_s1,o4,11,0.0005,0.5590694531014091,0.6160380840301514,0.8614046391752578,0.7429794520547944,1.1679456534800594,0.2541135476253264,0.41024112701416016,0.20819230377674103
h256_wd0.0001_s1,o4,12,0.0005,0.5484142789715215,0.6256375312805176,0.869276202749141,0.751541095890411,1.3342941072762589,0.2615085392236846,0.423553466796875,0.23512859642505646
h256_wd0.0001_s1,o4,13,0.0005,0.510330225292005,0.601999819278717,0.8776847079037801,0.748972602739726,1.1528719332797734,0.2153227205899607,0.4360795021057129,0.26762062311172485
h256_wd0.0001_s1,o4,14,0.0005,0.5137706665616286,0.6235265135765076,0.8883913230240551,0.7299657534246575,1.0659525805284251,0.18712563863602302,0.44808173179626465,0.3101198971271515
h256_wd0.0001_s1,o4,15,0.0005,0.5087302813404485,0.60288405418396,0.8938573883161511,0.7433219178082192,1.3189887615121054,0.18855600953021004,0.4602469205856323,0.3428807258605957
h256_wd0.0001_s1,o4,16,0.0005,0.4966310309736352,0.6063501834869385,0.9038552405498281,0.7462328767123287,1.3161450998608444,0.188305579141152,0.4709855616092682,0.37290531396865845
h256_wd0.0001_s1,o4,17,0.0005,0.4421269485824986,0.6277297735214233,0.906883591065292,0.7332191780821917,1.4123448027617043,0.18895725847531647,0.48256054520606995,0.4170783758163452
h256_wd0.0001_s1,o4,18,0.0005,0.46987630819019516,0.6152070164680481,0.917310996563574,0.7457191780821918,1.6299544464810032,0.18806630811859987,0.493512362241745,0.447818785905838
h256_wd0.0001_s1,o4,19,0.0005,0.4229771290954791,0.6452547907829285,0.9238831615120275,0.7465753424657533,1.3926855827471414,0.15180972039051396,0.5043689608573914,0.4806686043739319
h256_wd0.0001_s1,o4,20,0.0005,0.41397142880841303,0.6362816691398621,0.930981529209622,0.7357876712328767,1.4710458855590987,0.18742184205828985,0.5133659243583679,0.5079632997512817
h256_wd0.0001_s1,o4,21,0.0005,0.4299854777361217,0.6656797528266907,0.9430412371134022,0.7440068493150684,1.9022696813751807,0.18569988864316483,0.5227625966072083,0.5390854477882385
h256_wd0.0001_s1,o4,22,0.0005,0.3985371668087809,0.641512930393219,0.9416022336769758,0.7481164383561643,1.4895102122056592,0.1534944621935748,0.5327076315879822,0.5808185935020447
h256_wd0.0001_s1,o4,23,0.0005,0.377317538386897,0.6761582493782043,0.9454252577319588,0.7366438356164383,1.6237987786008394,0.16084430373941436,0.5425764322280884,0.6176508069038391
h256_wd0.0001_s1,o4,24,0.0005,0.4039052881692585,0.6422456502914429,0.9529209621993128,0.7482876712328768,2.250329806153224,0.18133148705351385,0.5528764128684998,0.6497039794921875
h256_wd0.0001_s1,o4,25,0.0005,0.36843446210811015,0.7600761651992798,0.9579574742268041,0.7376712328767122,1.9279999700395054,0.14383079918000222,0.5615421533584595,0.681289553642273
h256_wd0.0001_s1,o4,26,0.0005,0.3826258190368351,0.6720366477966309,0.9574420103092783,0.7357876712328768,2.103328604981788,0.16447634414285478,0.5700297355651855,0.70334392786026
h256_wd0.0001_s1,o4,27,0.0005,0.34148044492069046,0.6580700278282166,0.9598797250859106,0.7441780821917808,1.6922990915079432,0.13156491432706227,0.5779024958610535,0.7432941198348999
h256_wd0.0001_s1,o4,28,0.0005,0.3383361461915468,0.7062525153160095,0.9696628006872852,0.7256849315068493,1.8520759240673577,0.13389754166083806,0.5865209102630615,0.7846464514732361
h256_wd0.0001_s1,o4,29,0.0005,0.38921760571630376,0.7552474141120911,0.9648732817869417,0.7277397260273972,2.435837202620324,0.16619886174102227,0.5954607725143433,0.8107203841209412
h256_wd0.0001_s1,l0,1,0.0005,0.6966485640277034,0.6706975698471069,0.7270498521706039,0.684698250897718,0.7246580291530299,0.19954308523095635,0.2406410276889801,0.02540988102555275
h256_wd0.0001_s1,l0,2,0.0005,0.6685814961143162,0.6475239992141724,0.7744357600772811,0.7186377852426734,0.8062258777222119,0.243196901470493,0.2871380150318146,0.027963867411017418
h256_wd0.0001_s1,l0,3,0.0005,0.6315461708151776,0.6421061158180237,0.7819443224729955,0.7143519054789761,0.9456887455385995,0.3120469932280658,0.32604625821113586,0.035453300923109055
h256_wd0.0001_s1,l0,4,0.0005,0.6259236594905024,0.6479409337043762,0.7968736278211996,0.720375304065794,1.2858986906108962,0.3925120612189734,0.3617461025714874,0.042922306805849075
h256_wd0.0001_s1,l0,5,0.0005,0.6127711016198863,0.689244270324707,0.8084145663183161,0.722923665006371,1.4072888585971948,0.403464065402188,0.39404311776161194,0.048483747988939285
h256_wd0.0001_s1,l0,6,0.0005,0.6061901761137921,0.6352056264877319,0.8325063669096338,0.7371713193559596,1.4642852241791502,0.4082448974103385,0.4220806062221527,0.04652449116110802
h256_wd0.0001_s1,l0,7,0.0005,0.5546373232551243,0.6025249361991882,0.8521486490442316,0.7441213946484421,1.0143810551183727,0.3016882764545904,0.45088186860084534,0.06408639997243881
h256_wd0.0001_s1,l0,8,0.0005,0.5503884307716204,0.603262186050415,0.8693758964901497,0.7481756052357235,1.3222562080313662,0.3416177067603514,0.4775815010070801,0.08467431366443634
h256_wd0.0001_s1,l0,9,0.0005,0.523368441540262,0.5888526439666748,0.8824975849653114,0.7497972894706358,1.3249530648148282,0.33870076153934764,0.5029308199882507,0.10261176526546478
h256_wd0.0001_s1,l0,10,0.0005,0.534580066152241,0.6327394843101501,0.8862884575978455,0.7500289586470521,1.6705351321108066,0.4239004595074292,0.5243239998817444,0.11487735062837601
h256_wd0.0001_s1,l0,11,0.0005,0.4843244371206864,0.598260760307312,0.8984075407628583,0.7518823120583806,1.1892535976881378,0.28550275111907447,0.5450997948646545,0.13401199877262115
h256_wd0.0001_s1,l0,12,0.0005,0.47417712341184204,0.5941957235336304,0.9109803577178655,0.7522298158230047,1.3343530156878063,0.29379658204338077,0.5629527568817139,0.15866781771183014
h256_wd0.0001_s1,l0,13,0.0005,0.463631852813389,0.7522929906845093,0.9015104944234653,0.7389088381790804,1.5662045688799997,0.3073062688597732,0.582348644733429,0.1832607239484787
h256_wd0.0001_s1,l0,14,0.0005,0.49860671421755914,0.7040265202522278,0.9128831123210678,0.7399513494729526,1.9164873233360227,0.3593565157737232,0.6027083992958069,0.18640059232711792
h256_wd0.0001_s1,l0,15,0.0005,0.46223157125970593,0.6253764033317566,0.9280319662773338,0.7495656202942199,1.431870138135706,0.2706020955783771,0.6216220855712891,0.20576035976409912
h256_wd0.0001_s1,l0,16,0.0005,0.46897464731465216,0.7111911773681641,0.9304616375398846,0.7412255299432411,1.9046555685864397,0.3328500102648389,0.6388306617736816,0.22770895063877106
h256_wd0.0001_s1,l0,17,0.0005,0.44451628171879315,0.6276861429214478,0.93455255993677,0.7477122668828912,1.3818474119133624,0.27433667628015107,0.6562150120735168,0.2441776543855667
h256_wd0.0001_s1,l0,18,0.0005,0.3991320807000865,0.6278362274169922,0.945061619975996,0.7474805977064751,1.260105377103614,0.2329126633141409,0.6711075305938721,0.27813345193862915
h256_wd0.0001_s1,l0,19,0.0005,0.3878397306670313,0.6558847427368164,0.9453104417317996,0.7464380864126029,1.430966848076941,0.23771668978216368,0.6857138872146606,0.3160208761692047
h256_wd0.0001_s1,l0,20,0.0005,0.4078011383181033,0.7062383890151978,0.9541362957758848,0.7462064172361867,1.9221472780819517,0.25806183938473326,0.7003817558288574,0.332997590303421
h256_wd0.0001_s1,l0,21,0.0005,0.3804493533528369,0.654654860496521,0.9560097772313456,0.7418047028842814,2.018205735593831,0.27855207838596,0.7158820033073425,0.3538203835487366
h256_wd0.0001_s1,l0,22,0.0005,0.3386198774628017,0.6819366812705994,0.9617326776148238,0.7423838758253214,1.3916247053505848,0.19424072531467532,0.7296509146690369,0.37625405192375183
h256_wd0.0001_s1,l0,23,0.0005,0.35957890230676404,0.7712831497192383,0.9675799888762038,0.7319587628865979,1.8022105951470104,0.23876552724180417,0.742256760597229,0.4046027958393097
h256_wd0.0001_s1,l0,24,0.0005,0.3270577140476393,0.7121087312698364,0.9675360791545915,0.7407621915904089,1.5918957638124274,0.19882033382790223,0.7561357021331787,0.43913376331329346
h256_wd0.0001_s1,l0,25,0.0005,0.3018557889306027,0.6982218623161316,0.9729662480606539,0.7363604772385034,1.487177489212496,0.16504114980605517,0.7682062983512878,0.4744569957256317
h256_wd0.0001_s1,l0,26,0.0005,0.3016695710627929,0.6953443884849548,0.9765522086589972,0.7330012741804703,1.6252378737309434,0.17393287503533836,0.7800140380859375,0.5068113207817078
h256_wd0.0001_s1,l0,27,0.0005,0.2797350805738698,0.7648100256919861,0.9762741137554521,0.731958762886598,1.6871253964551183,0.19210490589798826,0.7916290760040283,0.5447952151298523
h256_wd0.0001_s1,l0,28,0.0005,0.2979300300712171,0.7285090684890747,0.9760106554257779,0.7272095447700684,2.143770683531607,0.19423481998814632,0.8049406409263611,0.5668290853500366
h256_wd0.0001_s1,l0,29,0.0005,0.30336265978605853,0.7236365675926208,0.979259974825093,0.7306845824163095,2.2860316429567042,0.22220685413929056,0.818031370639801,0.5885421633720398
h256_wd0.0001_s1,l0,30,0.0005,0.2744158201891443,0.7457798719406128,0.9875296390620883,0.7273253793582763,1.6479694725150422,0.1602148349397301,0.8300247192382812,0.61823570728302
h256_wd0.0001_s1,l0,31,0.0005,0.279668971248295,0.7565078139305115,0.987039313837417,0.7248928530059077,2.226050371695049,0.18879234186032395,0.8417250514030457,0.6487839818000793
h256_wd0.0001_s1,l0,32,0.0005,0.23574360913556555,0.8093423247337341,0.9883931969204648,0.7284837252403568,1.7466955857295177,0.1508163224116137,0.8524353504180908,0.6811645030975342
h256_wd0.0001_s1,l1,1,0.0005,0.7246389674103778,0.6945315003395081,0.5470588235294117,0.49931208438431557,0.7497468433127774,0.2754882994906554,0.2508994936943054,0.04304846003651619
h256_wd0.0001_s1,l1,2,0.0005,0.6904961078063302,0.6884348392486572,0.6828413416648711,0.6121302453565696,0.30839550286457923,0.12937861365832654,0.28364065289497375,0.05513017624616623
h256_wd0.0001_s1,l1,3,0.0005,0.6833354519761127,0.6846633553504944,0.6991668462256697,0.6230222426049071,0.3624504268307523,0.14408100105529076,0.29229065775871277,0.05158013105392456
h256_wd0.0001_s1,l1,4,0.0005,0.6790185311566228,0.676463782787323,0.7422107304460245,0.6725521669341894,0.508654325750778,0.1993994458880219,0.3015342056751251,0.04866352677345276
h256_wd0.0001_s1,l1,5,0.0005,0.6752973613531693,0.6720179319381714,0.764490411549235,0.7103875257968355,0.60146892436687,0.24369915880154044,0.3112848997116089,0.0491015650331974
h256_wd0.0001_s1,l1,6,0.0005,0.650979845420174,0.6624363660812378,0.7752064928535517,0.7162348085301536,0.5487761815076363,0.2135665164752417,0.3255782425403595,0.060844916850328445
h256_wd0.0001_s1,l1,7,0.0005,0.6439488815224689,0.6485309600830078,0.7881634705164117,0.7171520293510663,0.6370468237614404,0.22119100763808192,0.3405776917934418,0.08301061391830444
h256_wd0.0001_s1,l1,8,0.0005,0.6202828573144,0.6379926800727844,0.7917474682180565,0.7058014216922723,0.7674879332640626,0.24277791259158804,0.3576533794403076,0.11707635223865509
h256_wd0.0001_s1,l1,9,0.0005,0.6206171331198319,0.6455622315406799,0.7971270559505854,0.7000687915615684,0.739558856974406,0.1944234332543598,0.37246933579444885,0.14296789467334747
h256_wd0.0001_s1,l1,10,0.0005,0.6078081156896509,0.6391677260398865,0.8199669611434318,0.7321715202935106,0.7469460533517378,0.18129007626910976,0.38835111260414124,0.1760856956243515
h256_wd0.0001_s1,l1,11,0.0005,0.589018403188042,0.6128590703010559,0.8296990591108238,0.7289612474203164,0.7679537617907014,0.1922187003998318,0.4036881625652313,0.21595576405525208
h256_wd0.0001_s1,l1,12,0.0005,0.5810446376385896,0.6522601246833801,0.8344035049917404,0.7110754414125201,1.0166481391928623,0.23566814707018027,0.4160066545009613,0.24626153707504272
h256_wd0.0001_s1,l1,13,0.0005,0.549219636813454,0.6085078716278076,0.8561804208863033,0.7310249942673699,1.0283796640770415,0.195687833994508,0.42950406670570374,0.2849046587944031
h256_wd0.0001_s1,l1,14,0.0005,0.5432578221611355,0.6154732704162598,0.8669898728722258,0.7273561109837193,0.8487808416293402,0.1531615219472702,0.4416888654232025,0.3277304172515869
h256_wd0.0001_s1,l1,15,0.0005,0.5449181289776511,0.6337488889694214,0.8731379731379731,0.7191011235955056,1.2340694997625656,0.20897773436437675,0.453617662191391,0.3522137999534607
h256_wd0.0001_s1,l1,16,0.0005,0.5378360838993735,0.6053490042686462,0.8770523594053005,0.7401972024764962,1.350222753038791,0.21972092002674823,0.46555790305137634,0.3813917636871338
h256_wd0.0001_s1,l1,17,0.0005,0.52594251865926,0.607160747051239,0.8903038138332257,0.737101582205916,1.2269346008103104,0.1856671887226672,0.4760671854019165,0.4081198573112488
h256_wd0.0001_s1,l1,18,0.0005,0.47362593852955365,0.6089551448822021,0.8922789628671981,0.738592066039899,1.1778672426210306,0.1625029231781765,0.4863874614238739,0.4551998972892761
h256_wd0.0001_s1,l1,19,0.0005,0.49532507165618567,0.611305296421051,0.8986568986568986,0.7377894978216004,1.200926656753965,0.16017335928303886,0.4950031042098999,0.4903799593448639
h256_wd0.0001_s1,l1,20,0.0005,0.49130665608074353,0.617485761642456,0.906385118149824,0.7334326989222656,1.6733646511448794,0.20098546157550087,0.5038937926292419,0.5222901701927185
h256_wd0.0001_s1,l1,21,0.0005,0.47013431528340216,0.633517324924469,0.9096818214465274,0.7250630589314377,1.279727413513256,0.15968508799163947,0.5127444863319397,0.5624827742576599
h256_wd0.0001_s1,l1,22,0.0005,0.4397952608440233,0.6324859261512756,0.9145155498096674,0.7332033937170374,1.5314194034784354,0.1481469853170421,0.5212305784225464,0.6032549738883972
h256_wd0.0001_s1,l1,23,0.0005,0.4351660790650741,0.6300944089889526,0.9241901888960713,0.7352671405640907,1.4677655445190632,0.14232010332731504,0.5288544297218323,0.6401821374893188
h256_wd0.0001_s1,l1,24,0.0005,0.41889766247376153,0.6492618918418884,0.931307907778496,0.7345792249484063,1.4845230763855577,0.14795308689782674,0.536240816116333,0.6783755421638489
h256_wd0.0001_s1,l1,25,0.0005,0.3792587998120681,0.6678166389465332,0.9385549091431445,0.7250630589314377,1.559039574065577,0.13032978175738516,0.5429388284683228,0.7195175290107727
h256_wd0.0001_s1,l1,26,0.0005,0.40850377860276593,0.6374245882034302,0.9416792357968828,0.7401972024764961,2.008283101466924,0.16100011667516115,0.5498746037483215,0.7521821856498718
h256_wd0.0001_s1,l1,27,0.0005,0.3699737955694613,0.6613340377807617,0.9412770236299648,0.7468470534281129,1.6754771596140647,0.1313577220495062,0.5572242140769958,0.797325074672699
h256_wd0.0001_s1,l1,28,0.0005,0.3595108396333197,0.7093872427940369,0.9442433383609854,0.7530382939692731,1.7438973837459846,0.13850812189977957,0.5646699666976929,0.8363987803459167
h256_wd0.0001_s1,l1,29,0.0005,0.38708516566649726,0.64664626121521,0.9528190763484881,0.7452419169915158,2.2012042709951047,0.15752147246226866,0.572033166885376,0.860225260257721
h256_wd0.0001_s1,l1,30,0.0005,0.3742478185373804,0.6299890875816345,0.9597787833081951,0.732744783306581,2.144828934050392,0.140443329713652,0.5793784856796265,0.882132887840271
h256_wd0.0001_s1,l1,31,0.0005,0.3764911941860033,0.7184094190597534,0.9549306902248079,0.7448979591836734,2.3539162269253326,0.15399468603853478,0.5863152742385864,0.9143897294998169
h256_wd0.0001_s1,l1,32,0.0005,0.35585303410239844,0.6714412569999695,0.9614953673777205,0.7391653290529695,2.407147965866476,0.1467600057294594,0.5928292274475098,0.9434505701065063
h256_wd0.0001_s1,l1,33,0.0005,0.3362186026314031,0.7324213981628418,0.9618473030237736,0.7397385920660399,2.029156510617882,0.12469922554676749,0.6000171899795532,0.9829829335212708
h256_wd0.0001_s1,l1,34,0.0005,0.34291293439657794,0.6782526969909668,0.9657616892911011,0.7459298326072002,2.373139992958164,0.12399960489298037,0.6063233017921448,1.0211048126220703
h256_wd0.0001_s1,l1,35,0.0005,0.3283125265784886,0.6564767360687256,0.969546793076205,0.7461591378124283,2.2175768136513696,0.13303209910446265,0.6122196912765503,1.047881841659546
h256_wd0.0001_s1,l1,36,0.0005,0.32412245934424194,0.6729501485824585,0.9740142210730446,0.738477413437285,2.1719577664914853,0.11921398788273666,0.6186038851737976,1.0882844924926758
h256_wd0.0001_s1,l1,37,0.0005,0.3169650040242983,0.6913124322891235,0.9761042878689938,0.7350378353588627,2.0776933725007174,0.11358768200566365,0.6244672536849976,1.1261850595474243
h256_wd0.0001_s1,l1,38,0.0005,0.293815478682518,0.6912480592727661,0.9726962579903756,0.7437514331575327,2.192467976479459,0.10671676212418366,0.6300749182701111,1.1669023036956787
h256_wd0.0001_s1,l1,39,0.0005,0.3115483431712441,0.7282542586326599,0.9739854916325504,0.7405411602843384,2.2937761534348344,0.10555011384974412,0.6353893876075745,1.2052297592163086
h256_wd0.0001_s1,l1,40,0.0005,0.3170685256304948,0.7199719548225403,0.9681318681318681,0.7342352671405641,2.2476320109598684,0.10872148641804323,0.6411735415458679,1.239381194114685
h256_wd0.0001_s1,l1,41,0.0005,0.307779575171678,0.8764033317565918,0.9751418516124398,0.7315982572804403,2.55258851909382,0.12660416535451746,0.6475302577018738,1.2768107652664185
h256_wd0.0001_s1,l1,42,0.0005,0.27275429925192957,0.7673808336257935,0.9817855347267113,0.7333180463196515,1.9269979367281085,0.09196481909280936,0.6533819437026978,1.3142644166946411
h256_wd0.0001_s1,l1,43,0.0005,0.27752003980719525,0.8185011744499207,0.9815592903828197,0.7320568676908965,2.6962930451125535,0.09477605202508578,0.6585678458213806,1.3534351587295532
h256_wd0.0001_s1,l1,44,0.0005,0.2794239922710087,0.7720403671264648,0.9834374775551247,0.738362760834671,2.4773927574789,0.09824439371953128,0.6632859110832214,1.3850888013839722
h256_wd0.0001_s1,l1,45,0.0005,0.2793626024023346,0.7079724073410034,0.9841772606478489,0.7373308874111442,3.086453308946558,0.11589744152951428,0.6681736707687378,1.4200435876846313
h256_wd0.0001_s1,l1,46,0.0005,0.3682730819868005,0.6455394625663757,0.9821015585721469,0.7439807383627608,3.398393893887732,0.15567133665809285,0.6740537285804749,1.431273102760315
h256_wd0.0001_s1,l1,47,0.0005,0.3419305125008459,0.6312124729156494,0.9839330604036487,0.7475349690437972,2.207578208740901,0.11364437924912742,0.6797460913658142,1.460272192955017
h256_wd0.0001_s1,l1,48,0.0005,0.31009471805199335,0.7532019019126892,0.9772678302090066,0.7342352671405642,2.9241379259422207,0.1113867255687022,0.6845879554748535,1.5102559328079224
h256_wd0.0001_s1,l2,1,0.0005,0.6965318403460763,0.6660212874412537,0.7545875754435164,0.6992135511191774,0.9614363711508904,0.28084612599602526,0.23824404180049896,0.02296973019838333
h256_wd0.0001_s1,l2,2,0.0005,0.6651786430315538,0.6687952280044556,0.7534902152045357,0.7299455535390199,1.1381337217901277,0.3953817752784703,0.28946226835250854,0.025055259466171265
h256_wd0.0001_s1,l2,3,0.0005,0.6741724529049613,0.6975194215774536,0.7580777906480521,0.6830006049606776,1.4295020944107082,0.5013731885846378,0.32553964853286743,0.039214614778757095
h256_wd0.0001_s1,l2,4,0.0005,0.662341751835563,0.6386381387710571,0.7927589465341706,0.7430127041742287,0.9572160180335124,0.338283876509488,0.354034423828125,0.05367600545287132
h256_wd0.0001_s1,l2,5,0.0005,0.6233339499343525,0.6155915260314941,0.8008367371822227,0.7541439806412582,0.9662563784965169,0.32959442956429286,0.3798169195652008,0.04363439604640007
h256_wd0.0001_s1,l2,6,0.0005,0.6006782054901123,0.6036670804023743,0.8156663415228922,0.7594676346037508,0.8609473106269054,0.28821960492783344,0.407036155462265,0.036828890442848206
h256_wd0.0001_s1,l2,7,0.0005,0.5814031552184712,0.5912501811981201,0.8307931475949522,0.7819721718088325,1.0795347181748753,0.33870629615045944,0.43609675765037537,0.0439598374068737
h256_wd0.0001_s1,l2,8,0.0005,0.5734920474615964,0.588311493396759,0.8453941352191672,0.7782214156079854,1.1908980415473043,0.3785871786736143,0.46238330006599426,0.05269349738955498
h256_wd0.0001_s1,l2,9,0.0005,0.5488922176035967,0.6233748197555542,0.8483509114186429,0.7471264367816093,1.3087858021940628,0.4158169221324798,0.48985111713409424,0.07049892842769623
h256_wd0.0001_s1,l2,10,0.0005,0.5163507488640872,0.6195704340934753,0.8655124062671462,0.7848759830611011,1.18677836891431,0.35911715910461256,0.5141136646270752,0.0828005000948906
h256_wd0.0001_s1,l2,11,0.0005,0.5264153033494949,0.5977912545204163,0.8753581661891118,0.760798548094374,1.416093178483582,0.3790676046943833,0.5398475527763367,0.10306788235902786
h256_wd0.0001_s1,l2,12,0.0005,0.4930261996659366,0.7427324652671814,0.865923916356764,0.723653962492438,1.2825412502136817,0.3507277987736357,0.5664125680923462,0.12451726198196411
h256_wd0.0001_s1,l2,13,0.0005,0.5444316200234673,0.5922325849533081,0.8892123392062428,0.7562008469449486,2.111119051858974,0.5137071852676034,0.5913766026496887,0.12644699215888977
h256_wd0.0001_s1,l2,14,0.0005,0.524780505082824,0.5655306577682495,0.9057260866914589,0.7816091954022988,1.71391442645264,0.4655459374315136,0.6133979558944702,0.12779279053211212
h256_wd0.0001_s1,l2,15,0.0005,0.46479257534850726,0.6014717221260071,0.906907273059806,0.7614035087719299,1.1932999297293885,0.29846225880389404,0.6344318985939026,0.1440822333097458
h256_wd0.0001_s1,l2,16,0.0005,0.4417623403397473,0.5771065354347229,0.9160900445040542,0.7897156684815487,1.3136481732123282,0.2989633310973078,0.6553875803947449,0.16856327652931213
h256_wd0.0001_s1,l2,17,0.0005,0.4441329918124459,0.5716778039932251,0.930995854416875,0.7816091954022989,1.3419402851174627,0.2950749102053979,0.673136830329895,0.18986356258392334
h256_wd0.0001_s1,l2,18,0.0005,0.43797152557156305,0.6040481925010681,0.9327790648052187,0.7709618874773139,1.5517086575370165,0.3216778922223318,0.6926566958427429,0.20845037698745728
h256_wd0.0001_s1,l2,19,0.0005,0.42317136309363623,0.606896698474884,0.9327943059196488,0.7607985480943739,1.2751444120202602,0.2747709440743372,0.7136082053184509,0.22740855813026428
h256_wd0.0001_s1,l2,20,0.0005,0.40635806863958185,0.6300106048583984,0.9318569773821862,0.762734422262553,1.509996243041128,0.27633795132426103,0.7330216765403748,0.2571794092655182
h256_wd0.0001_s1,l2,21,0.0005,0.42110030353069305,0.5822432041168213,0.9512817777235871,0.7777374470659407,1.7972979725167895,0.3255492574173436,0.7487986087799072,0.27645784616470337
h256_wd0.0001_s1,l2,22,0.0005,0.3850347331979058,0.5921867489814758,0.9516856672559898,0.7774954627949183,1.706454930930628,0.34676508287558194,0.7657807469367981,0.2925991117954254
h256_wd0.0001_s1,l2,23,0.0005,0.3657050363042138,0.6108052730560303,0.9566237883314028,0.7690260133091349,1.541168975257512,0.2740258252875363,0.7809296250343323,0.31957122683525085
h256_wd0.0001_s1,l2,24,0.0005,0.3358494910326871,0.6203365325927734,0.9597786990184722,0.7696309739866909,1.3233438417053343,0.23049536933318834,0.7960197329521179,0.35181111097335815
h256_wd0.0001_s1,l2,25,0.0005,0.35344183377244254,0.6199812889099121,0.9660123148204597,0.7767695099818512,1.6547667691118881,0.2881963965825764,0.8117292523384094,0.3765648305416107
h256_wd0.0001_s1,l2,26,0.0005,0.3549765524539081,0.679474949836731,0.9640995549594586,0.7732607380520266,2.029230580559755,0.27357813317704305,0.8281999230384827,0.3923705220222473
h256_wd0.0001_s1,l2,27,0.0005,0.378748511726206,0.6211733222007751,0.9743415838566116,0.7686630369026013,2.1118574058198907,0.2810333405476533,0.8468798398971558,0.4002619981765747
h256_wd0.0001_s1,l2,28,0.0005,0.34345777468247846,0.6607859134674072,0.9582088642321527,0.7572897761645494,1.9326490273473624,0.27373275489035354,0.8637650012969971,0.4187578558921814
h256_wd0.0001_s1,l2,29,0.0005,0.32159791548143735,0.7902078032493591,0.9742196549411692,0.7647912885662431,1.691866261139819,0.23824742415952,0.8774583339691162,0.44252368807792664
h256_wd0.0001_s1,l2,30,0.0005,0.2972961501641707,0.7661768198013306,0.9781671035786137,0.7708408953418027,1.6768337519793575,0.21179030580041072,0.8907184600830078,0.46249520778656006
h256_wd0.0001_s1,l2,31,0.0005,0.2729175314307213,0.6510574817657471,0.9811315003353045,0.7778584392014518,1.555689322007624,0.19391036798989528,0.9028673768043518,0.49495866894721985
h256_wd0.0001_s1,l2,32,0.0005,0.27703080800446594,0.7128271460533142,0.9804075473998658,0.7787053841500303,2.018643573884337,0.22624189410004505,0.9156316518783569,0.5240413546562195
h256_wd0.0001_s1,l2,33,0.0005,0.2726201574233445,0.6611195802688599,0.982541303420106,0.7784633998790077,1.6684355694528887,0.18833748976472184,0.9272429347038269,0.5493867993354797
h256_wd0.0001_s1,l2,34,0.0005,0.2887966382232579,0.6603931784629822,0.9862677558983113,0.7814882032667876,2.056315023395444,0.2170296678933841,0.9395482540130615,0.5732970237731934
h256_wd0.0001_s1,l2,35,0.0005,0.3146615658294071,0.8150961995124817,0.9763000670609036,0.7553539019963702,1.9399785764943809,0.2368747256316137,0.9552906155586243,0.5807701945304871
h256_wd0.0001_s1,l2,36,0.0005,0.36339634589173575,0.7144435048103333,0.9881424129732366,0.7609195402298851,2.8449564621122754,0.374417682211218,0.9687857031822205,0.5728015303611755
h256_wd0.0001_s1,l3,1,0.0005,0.7052912660267042,0.6831545829772949,0.6789553069353327,0.5905247306845824,0.8488281988668172,0.26145497282398017,0.23729214072227478,0.029072849079966545
h256_wd0.0001_s1,l3,2,0.0005,0.6654719192048778,0.6648235321044922,0.7503368088097471,0.6526120699640913,0.8265698032627719,0.26366103652891476,0.2829757034778595,0.031466081738471985
h256_wd0.0001_s1,l3,3,0.0005,0.6376613663590472,0.6510769128799438,0.7821945290534208,0.6697555890188811,0.9646675472187608,0.2887885773749604,0.31728556752204895,0.027190038934350014
h256_wd0.0001_s1,l3,4,0.0005,0.6195102826408718,0.660064160823822,0.7968676780693533,0.6714931078420017,1.2567268622682097,0.33993957830122856,0.35400018095970154,0.03377685695886612
h256_wd0.0001_s1,l3,5,0.0005,0.5913129332272903,0.6473205089569092,0.823358423149016,0.6885207923085833,1.3662126089994286,0.3748542655937674,0.38747438788414,0.048987749963998795
h256_wd0.0001_s1,l3,6,0.0005,0.6025094726811284,0.7307724356651306,0.8135909676663543,0.6643113633731031,1.461493548648676,0.41569286908220293,0.41682103276252747,0.054190415889024734
h256_wd0.0001_s1,l3,7,0.0005,0.605166354905004,0.7020998001098633,0.8129100281162136,0.6584037993744931,1.6294224254296197,0.47125233774104436,0.4434472322463989,0.04872865602374077
h256_wd0.0001_s1,l3,8,0.0005,0.5742507110471311,0.6309965252876282,0.8592724929709467,0.6975558901888104,1.2411835223050354,0.35172077779141014,0.46802762150764465,0.05365174263715744
h256_wd0.0001_s1,l3,9,0.0005,0.528322556744451,0.6280081868171692,0.8731914831302718,0.7060118151279972,1.1336526318686195,0.33465170688143603,0.4906986653804779,0.0783894881606102
h256_wd0.0001_s1,l3,10,0.0005,0.5401103781617206,0.6517218947410583,0.8758566658856607,0.7004517548940113,1.5036215904105223,0.41769018848369494,0.5112362504005432,0.09442159533500671
h256_wd0.0001_s1,l3,11,0.0005,0.485185110050699,0.6235188841819763,0.891071637769447,0.7115718753619831,1.0015085140046631,0.25446815148429586,0.5323668718338013,0.12696219980716705
h256_wd0.0001_s1,l3,12,0.0005,0.47381436306497327,0.6282517910003662,0.9015419985941893,0.7159735897138886,1.3305427316642344,0.3241520812533686,0.5505921840667725,0.15491287410259247
h256_wd0.0001_s1,l3,13,0.0005,0.4683548056561014,0.6241554617881775,0.9095668345829427,0.7164369280667208,1.3698372798582674,0.2722169178298881,0.56959468126297,0.18109440803527832
h256_wd0.0001_s1,l3,14,0.0005,0.47476278569387353,0.6789988875389099,0.912495606841612,0.7017259353642998,1.5387364125813385,0.2931433002166721,0.5890582799911499,0.2018309384584427
h256_wd0.0001_s1,l3,15,0.0005,0.45054962842360785,0.6364982724189758,0.9216114104967198,0.7152785821846404,1.3755853930455986,0.23378710987192403,0.6072998046875,0.22766247391700745
h256_wd0.0001_s1,l3,16,0.0005,0.4643399909786556,0.7437255382537842,0.9263413776944704,0.7049693038341248,1.9567399193313406,0.34468995045066886,0.6254998445510864,0.2461269348859787
h256_wd0.0001_s1,l3,17,0.0005,0.4430001015248506,0.6843597888946533,0.9271175023430178,0.7229236650063708,1.605357364393803,0.2871347774883734,0.6435511112213135,0.25369027256965637
h256_wd0.0001_s1,l3,18,0.0005,0.42656145277230634,0.6752262115478516,0.9375,0.7149310784200162,1.7967979535280747,0.31949007173020116,0.6582640409469604,0.27324768900871277
h256_wd0.0001_s1,l3,19,0.0005,0.41663149647090747,0.6544155478477478,0.943006091846298,0.7160894243020968,1.7078101326615442,0.3124492332901027,0.674842119216919,0.2912457287311554
h256_wd0.0001_s1,l3,20,0.0005,0.3791345319022303,0.7578085064888,0.9462716729147143,0.708444341480366,1.5714053356171622,0.2517558151610646,0.6889988780021667,0.32050925493240356
h256_wd0.0001_s1,l3,21,0.0005,0.41477622026982514,0.6572487354278564,0.9515727507029054,0.7235028379474111,2.048092428530787,0.30788370914710617,0.7043229341506958,0.3357679843902588
h256_wd0.0001_s1,l3,22,0.0005,0.34768289198046143,0.8167998790740967,0.9468281396438613,0.7064751534808295,1.4601855160166217,0.2346298781463546,0.7173689007759094,0.3639695644378662
h256_wd0.0001_s1,l3,23,0.0005,0.36968550733898,0.9288718700408936,0.9602345946579194,0.7090235144214062,1.942595164153836,0.26119796067425655,0.7305805683135986,0.3887324631214142
h256_wd0.0001_s1,l3,24,0.0005,0.3741490426270858,0.7520046234130859,0.9586603795688847,0.7290628981813969,2.1173872675043612,0.2700430186148804,0.7443009614944458,0.40120986104011536
h256_wd0.0001_s1,l3,25,0.0005,0.33916405750357587,0.7484722137451172,0.9609960754451734,0.7184061160662574,1.7371486674643155,0.20261213517909016,0.7573627233505249,0.4162527620792389
h256_wd0.0001_s1,l3,26,0.0005,0.3213630953560705,0.7422851324081421,0.96472293814433,0.7276728831229005,1.852957547874364,0.27424325940906885,0.7692640423774719,0.44009581208229065
h256_wd0.0001_s1,l3,27,0.0005,0.32883094186368195,0.70755934715271,0.969643275538894,0.7226919958299548,2.06967547391194,0.26161725880280867,0.7836108803749084,0.4520810842514038
h256_wd0.0001_s1,l3,28,0.0005,0.2972211792417195,0.7877262830734253,0.9754349226804123,0.7151627475964324,1.9227005023055057,0.22309157590950848,0.7955905199050903,0.4867699444293976
h256_wd0.0001_s1,l3,29,0.0005,0.3100738123707149,0.8705235123634338,0.9756985121836925,0.7186377852426735,1.9999272873620577,0.24536316682038742,0.8066676259040833,0.5098676681518555
h256_wd0.0001_s1,l3,30,0.0005,0.312208134195079,0.7956476807594299,0.9783563730084348,0.7138885671261438,2.0067686357849284,0.22156137286238603,0.8181323409080505,0.528014600276947
h256_wd0.0001_s1,l3,31,0.0005,0.30929306408633356,0.7347570657730103,0.9839210402999063,0.7226919958299548,2.192090647987338,0.226318578998406,0.8292959332466125,0.5573315620422363
h256_wd0.0001_s1,l3,32,0.0005,0.25491461611312366,0.7791447639465332,0.9853781044985942,0.7222286574771227,1.705417174034401,0.1757915770573276,0.8399494886398315,0.5896119475364685
h256_wd0.0001_s1,l3,33,0.0005,0.2667068735412929,0.7926797270774841,0.9881018626991565,0.7136568979497278,2.3772362777406686,0.22246082555579302,0.8512558341026306,0.621194064617157
h256_wd0.0001_s1,l3,34,0.0005,0.2517036938148996,0.7853720784187317,0.9901080716963448,0.723039499594579,1.8180658533191878,0.1714231638011249,0.8628909587860107,0.6434421539306641
h256_wd0.0001_s1,l3,35,0.0005,0.22096289888672208,0.7838379144668579,0.9913235121836926,0.7213019807714584,1.6053730155967991,0.14983787277605456,0.8738153576850891,0.6813782453536987
h256_wd0.0001_s1,l3,36,0.0005,0.21781098972196164,0.9022210836410522,0.9892440838800376,0.725703695123364,1.953360994275194,0.16918060638650753,0.8840394020080566,0.7226313948631287
h256_wd0.0001_s1,l3,37,0.0005,0.22634471952915192,0.8436604142189026,0.994266928303655,0.7199119657129619,2.2838084043074,0.16891189869558426,0.8941324353218079,0.7499050498008728
h256_wd0.0001_s1,l3,38,0.0005,0.20003261028424554,0.9348458647727966,0.9944353327085286,0.7237345071238271,1.91520311145045,0.14399912983452748,0.903142511844635,0.7820422053337097
h256_wd0.0001_s1,l3,39,0.0005,0.20549154832311298,0.9014304280281067,0.9933809746954076,0.7225761612417467,2.368215959049577,0.16067742152079048,0.9141362905502319,0.8102626800537109
h256_wd0.0001_s1,l3,40,0.0005,0.1925314622728721,0.874544620513916,0.9954164714151827,0.720491138654002,1.8408747739560776,0.12923580351206468,0.9256728887557983,0.8383617401123047
h256_wd0.0001_s1,l3,41,0.0005,0.22944791938947595,1.0756185054779053,0.9928098641049672,0.7266303718290281,2.5930027783026945,0.2006257027846752,0.9356041550636292,0.8636602163314819
h256_wd0.0001_s1,l3,42,0.0005,0.3141672390958537,0.8425561189651489,0.9951748477038425,0.7210703115950422,3.569907338863835,0.2760350627895953,0.9489420056343079,0.8473526835441589
h256_wd0.0001_s1,l3,43,0.0005,0.2930811047554016,0.8960527181625366,0.9965001171508904,0.7130777250086875,3.455631615831318,0.27348648754968513,0.9604153037071228,0.8424853682518005
h256_wd0.0001_s1,l3,44,0.0005,0.21616971460373505,0.8806588053703308,0.995365217900656,0.7263987026526121,2.0685864154139755,0.15552778222300026,0.971023678779602,0.8607075810432434
h256_wd0.0001_s1,l4,1,0.0005,0.6889899373054504,0.6847687363624573,0.725445371685606,0.671157450796626,0.9455235309445851,0.2878204647421727,0.24484644830226898,0.019580751657485962
h256_wd0.0001_s1,l4,2,0.0005,0.6549997407457103,0.6524512767791748,0.7790749289772727,0.6989222118088098,1.2575767866480299,0.41078420781947317,0.30380308628082275,0.023106426000595093
h256_wd0.0001_s1,l4,3,0.0005,0.6460126638412476,0.6528695821762085,0.7968897964015151,0.7091143392689785,1.3745562112709115,0.45852470250465477,0.34454256296157837,0.026825129985809326
h256_wd0.0001_s1,l4,4,0.0005,0.6122060236723527,0.6283116340637207,0.8219179095643939,0.7189550140581069,1.2742710625271731,0.44642887853646757,0.3842413127422333,0.03258291259407997
h256_wd0.0001_s1,l4,5,0.0005,0.5795174241065979,0.6201432943344116,0.8397105823863636,0.7232895970009372,1.2831867306640254,0.43531519257559487,0.42403316497802734,0.04798862338066101
h256_wd0.0001_s1,l4,6,0.0005,0.5698647434296815,0.654248058795929,0.8570741595643939,0.720829428303655,1.7666210051173699,0.5531198819419085,0.4644956588745117,0.05913125351071358
h256_wd0.0001_s1,l4,7,0.0005,0.5405244205308997,0.6204589009284973,0.8750887784090908,0.7280927835051546,1.1703438824380552,0.33493193778012487,0.4994840621948242,0.07021764665842056
h256_wd0.0001_s1,l4,8,0.0005,0.5081734760947849,0.6158762574195862,0.8934955018939393,0.7279756326148079,1.3431216897173246,0.3421049381030326,0.5340279340744019,0.09516481310129166
h256_wd0.0001_s1,l4,9,0.0005,0.4785860245642455,0.6339005827903748,0.8992660984848485,0.7300843486410497,1.2176987375104285,0.3230996745599905,0.5690927505493164,0.12808284163475037
h256_wd0.0001_s1,l4,10,0.0005,0.5184464623098788,0.6180084347724915,0.9149724786931818,0.7297328959700093,2.102330425058934,0.48721390030991685,0.6014278531074524,0.13748055696487427
h256_wd0.0001_s1,l4,11,0.0005,0.4871321748132291,0.6231606006622314,0.9173768939393939,0.7255154639175257,1.567498428668813,0.3506955325072513,0.6304119825363159,0.14847701787948608
h256_wd0.0001_s1,l4,12,0.0005,0.452138215303421,0.618999183177948,0.9226000236742424,0.7251640112464854,1.5918776349978114,0.34776021466198825,0.6561108827590942,0.1698158234357834
h256_wd0.0001_s1,l4,13,0.0005,0.45136285087336664,0.7047026753425598,0.9261511600378789,0.7261012183692596,1.6855308990967226,0.3880422446906907,0.6818318963050842,0.18654635548591614
h256_wd0.0001_s1,l4,14,0.0005,0.45549587451893353,0.6891677975654602,0.9350585937500001,0.7241096532333645,2.1458276382078894,0.4949801751384975,0.7055596113204956,0.20121978223323822
h256_wd0.0001_s1,l4,15,0.0005,0.42663767545119574,0.622795045375824,0.9420129024621211,0.7284442361761949,1.6745248575276026,0.3352811905635163,0.7272889614105225,0.21017712354660034
h256_wd0.0001_s1,l4,16,0.0005,0.37888740845348523,0.69483882188797,0.9497070312500001,0.7207122774133085,1.3700024442288334,0.2465326944774461,0.7456915974617004,0.23747654259204865
h256_wd0.0001_s1,l4,17,0.0005,0.3805962153103041,0.6528061628341675,0.9538648200757577,0.723875351452671,1.7379560088157988,0.3052524902046596,0.7647825479507446,0.2633310854434967
h256_wd0.0001_s1,l4,18,0.0005,0.36545087073160254,0.7804262638092041,0.9515935724431819,0.724343955014058,1.6633617794953128,0.3010687805133579,0.7829992175102234,0.2840815484523773
h256_wd0.0001_s1,l4,19,0.0005,0.391928018435188,0.6650485992431641,0.9602716619318182,0.7135660731021556,1.9949367953572548,0.3281003107743114,0.8001444935798645,0.29623347520828247
h256_wd0.0001_s1,l4,20,0.0005,0.3590950318004774,0.7543493509292603,0.964984315814394,0.7245782567947517,1.690710702461943,0.24969200837795394,0.8165846467018127,0.3139442205429077
h256_wd0.0001_s1,l4,21,0.0005,0.3634075535380322,0.7825689911842346,0.9637266216856062,0.711340206185567,1.8260477113883349,0.26506734818968214,0.8334435224533081,0.33199426531791687
h256_wd0.0001_s1,l4,22,0.0005,0.3489140025947405,1.0003196001052856,0.967669862689394,0.7082942830365511,1.7353264090936913,0.2588135442335833,0.8511466979980469,0.3477080166339874
h256_wd0.0001_s1,l4,23,0.0005,0.3423835920250934,0.6771851181983948,0.9718498461174242,0.7212980318650422,2.089593731003963,0.31105487859652503,0.8671143054962158,0.3659849166870117
h256_wd0.0001_s1,l4,24,0.0005,0.296411465043607,0.7296149134635925,0.9715243252840909,0.7169634489222118,1.4266544206623821,0.19621879130625963,0.8816985487937927,0.39997825026512146
h256_wd0.0001_s1,l4,25,0.0005,0.3040679401677588,0.7119821310043335,0.979248046875,0.7223523898781631,1.7761518666220897,0.2546308662202139,0.8960434198379517,0.4237423539161682
h256_wd0.0001_s1,l4,26,0.0005,0.28069133603054547,0.6927531361579895,0.9815710819128789,0.7150890346766635,1.8346472560472713,0.23786502468770335,0.9103310704231262,0.44830381870269775
h256_wd0.0001_s1,l4,27,0.0005,0.30565629867107974,0.7764942049980164,0.9824736624053031,0.7200093720712278,1.9183645850228515,0.2746382783355027,0.9232107996940613,0.46798861026763916
h256_wd0.0001_s1,l4,28,0.0005,0.2808559640594151,0.7215602397918701,0.9833984375,0.7234067478912839,1.7632818516683526,0.20994794640296643,0.9360241889953613,0.48730263113975525
h256_wd0.0001_s1,l4,29,0.0005,0.25160327100235486,0.7657641172409058,0.985595703125,0.7216494845360825,1.5003811276555843,0.17940433805504785,0.9482149481773376,0.5167521238327026
h256_wd0.0001_s1,l5,1,0.0005,0.7090765698389574,0.6768369078636169,0.7036348900510749,0.6796817625458996,1.0677906953797895,0.3327410773075425,0.24417097866535187,0.037092190235853195
h256_wd0.0001_s1,l5,2,0.0005,0.6717009029605172,0.689414918422699,0.747056304859773,0.6705018359853121,0.8840704998659412,0.30796591685889735,0.2907523214817047,0.04640893265604973
h256_wd0.0001_s1,l5,3,0.0005,0.6697136786851016,0.662855863571167,0.7572177875646084,0.7077111383108934,0.9884382324884416,0.3433569697582559,0.32041123509407043,0.054413411766290665
h256_wd0.0001_s1,l5,4,0.0005,0.6420693018219688,0.6468923091888428,0.7802932990794264,0.7112607099143207,0.9448835444579674,0.3127866615706839,0.34717628359794617,0.04166455194354057
h256_wd0.0001_s1,l5,5,0.0005,0.6176110153848474,0.6359955668449402,0.7949123772823196,0.7195838433292534,1.0302202348864908,0.33556821086964844,0.37569236755371094,0.030616087839007378
h256_wd0.0001_s1,l5,6,0.0005,0.6010768535462293,0.6310199499130249,0.8172691684252378,0.7149326805385556,1.126927270314952,0.31295185127250946,0.4052840769290924,0.030592603608965874
h256_wd0.0001_s1,l5,7,0.0005,0.5854523303833875,0.6160549521446228,0.8357876869437563,0.7246022031823746,1.362458077526511,0.412372636280082,0.43159541487693787,0.03986572101712227
h256_wd0.0001_s1,l5,8,0.0005,0.5509607006203044,0.62970370054245,0.8484341071046273,0.725703794369645,1.3104994443508264,0.3716651584765392,0.45919767022132874,0.055343665182590485
h256_wd0.0001_s1,l5,9,0.0005,0.5841336412863298,0.6920467019081116,0.8582973973147385,0.7237454100367198,1.6632311814535783,0.44964925725315297,0.48306775093078613,0.06171271577477455
h256_wd0.0001_s1,l5,10,0.0005,0.5369687581604178,0.6144546866416931,0.8760971954613573,0.7223990208078336,1.0683969315556403,0.3086070514349515,0.5048104524612427,0.06806571781635284
h256_wd0.0001_s1,l5,11,0.0005,0.4965670569376512,0.6167367100715637,0.8841713307031227,0.7276621787025703,1.0244291726465002,0.24284440999599005,0.5282043218612671,0.1019420474767685
h256_wd0.0001_s1,l5,12,0.0005,0.4840305054729635,0.6214476227760315,0.8966189558675107,0.7242350061199511,1.3700814133594812,0.2987832792451854,0.5504206418991089,0.12940733134746552
h256_wd0.0001_s1,l5,13,0.0005,0.4817444980144501,0.6274332404136658,0.903951432853167,0.7225214198286415,1.599490847295551,0.3252069736719344,0.5736020803451538,0.15420396625995636
h256_wd0.0001_s1,l5,14,0.0005,0.46283797242424707,0.6384214162826538,0.9148469278527083,0.7339045287637699,1.189331209772995,0.2551428748723401,0.5930793881416321,0.17714829742908478
h256_wd0.0001_s1,l5,15,0.0005,0.4571803415363485,0.7039762139320374,0.9169419212771814,0.7296205630354957,1.4257062434653194,0.26754355681761766,0.6124622821807861,0.20177538692951202
h256_wd0.0001_s1,l5,16,0.0005,0.4776767695491964,0.614033579826355,0.9242361684558216,0.7354957160342717,1.9332288010290954,0.32929671211100653,0.63419109582901,0.21397151052951813
h256_wd0.0001_s1,l5,17,0.0005,0.4505154260180213,0.625395655632019,0.9277762485854971,0.7309669522643819,1.560306965615862,0.29751893891554587,0.6542006134986877,0.2210719734430313
h256_wd0.0001_s1,l5,18,0.0005,0.42266385799104517,0.624975323677063,0.9353763342202648,0.7266829865361077,1.3771067092914897,0.2461504683487627,0.6713942289352417,0.24693086743354797
h256_wd0.0001_s1,l5,19,0.0005,0.3847099813548001,0.6402117013931274,0.9423265131357618,0.731578947368421,1.1323719491569553,0.21804633462915268,0.6882985830307007,0.28187283873558044
h256_wd0.0001_s1,l5,20,0.0005,0.38462513888424094,0.660858690738678,0.9466158974829495,0.735373317013464,1.4224942342571245,0.2416669181313598,0.703784704208374,0.30935466289520264
h256_wd0.0001_s1,l5,21,0.0005,0.3870823268185962,0.6958584189414978,0.9559745542404502,0.7343941248470013,1.9800861297422465,0.25874374051785787,0.7190247178077698,0.33558186888694763
h256_wd0.0001_s1,l5,22,0.0005,0.40445865013382654,0.6460065245628357,0.9569379453772517,0.7324357405140759,2.0461385898938556,0.30697796574932645,0.7366976737976074,0.3460254371166229
h256_wd0.0001_s1,l5,23,0.0005,0.3712374046444893,0.7003377676010132,0.955599902131694,0.716891064871481,1.6111499732282484,0.2072757602796325,0.7504215836524963,0.38010984659194946
h256_wd0.0001_s1,l5,24,0.0005,0.3400804400444031,0.6815909147262573,0.9680704651802918,0.7227662178702571,1.7868260671832914,0.2233008979139162,0.76468425989151,0.41537943482398987
h256_wd0.0001_s1,l5,25,0.0005,0.3194250207055699,0.7226616740226746,0.9734990977765544,0.7250917992656059,1.8090793220121852,0.202399095939489,0.7781601548194885,0.449334979057312
h256_wd0.0001_s1,l5,26,0.0005,0.29910072684288025,0.7214667201042175,0.9734073462397161,0.7230110159118727,1.6379407687033534,0.19899102359521323,0.7899253964424133,0.48673951625823975
h256_wd0.0001_s1,l5,27,0.0005,0.28959247740832245,0.750555694103241,0.9755405694712054,0.7159118727050184,1.6729170494159502,0.17574353513894758,0.8014609217643738,0.5236472487449646
h256_wd0.0001_s1,l5,28,0.0005,0.28423813595013186,0.7774229049682617,0.9812215187937732,0.7160342717258261,1.5906110493012564,0.15315274526943176,0.8134112358093262,0.5546745657920837
h256_wd0.0001_s1,l5,29,0.0005,0.30523913963274524,0.9089999794960022,0.986000244670765,0.7096695226438188,2.441863840005501,0.2281029980493091,0.8261037468910217,0.5788849592208862
h256_wd0.0001_s1,l5,30,0.0005,0.28311238302425906,0.7595662474632263,0.9846316175795944,0.717625458996328,1.8301288960279616,0.16899367275812807,0.8382457494735718,0.5955672264099121
h256_wd0.0001_s1,l5,31,0.0005,0.2608769481832331,0.8073831796646118,0.9854344435269291,0.7216646266829865,1.878800754663981,0.15339173656008834,0.8490509986877441,0.6249521374702454
h256_wd0.0001_s1,l5,32,0.0005,0.2584815814413808,0.8142372965812683,0.9905572376670642,0.7186046511627907,2.2802425550221965,0.17419269565548398,0.859848141670227,0.6498515009880066
h256_wd0.0001_s1,l5,33,0.0005,0.211802869357846,0.8891178369522095,0.9922469951371685,0.720563035495716,1.6575437765236423,0.13682531078930069,0.870810329914093,0.6828578114509583
h256_wd0.0001_s1,l5,34,0.0005,0.24313543466004459,0.900170624256134,0.993822063186225,0.7223990208078335,2.5795130285541754,0.1715425026726918,0.8814553022384644,0.7082511782646179
h256_wd0.0001_s1,l5,35,0.0005,0.2687676745382222,1.272482991218567,0.9926522310915373,0.7063647490820074,3.0020918404858876,0.2233853041252898,0.8931187987327576,0.7149679660797119
h256_wd0.0001_s1,l5,36,0.0005,0.28463032096624374,0.8453496694564819,0.9917270697617518,0.7082007343941248,3.1505221608536202,0.23095304572678135,0.9067208170890808,0.7127072215080261
h256_wd0.0001_s1,l6,1,0.0005,0.7090860040564286,0.6819775104522705,0.7540501644736842,0.646590909090909,1.2905194371448496,0.4342775114735225,0.22743940353393555,0.019264336675405502
h256_wd0.0001_s1,l6,2,0.0005,0.7389120145847923,0.6785059571266174,0.7498149671052632,0.649512987012987,1.618293441386656,0.6204027672608589,0.2689240276813507,0.04661601036787033
h256_wd0.0001_s1,l6,3,0.0005,0.6710276133135745,0.6725832223892212,0.7551603618421052,0.6547077922077922,0.6015011434444224,0.20513981653558302,0.2887279689311981,0.053605858236551285
h256_wd0.0001_s1,l6,4,0.0005,0.665330846058695,0.6675845384597778,0.7446648848684211,0.6478896103896105,0.8628088446239327,0.27483362832690894,0.30762892961502075,0.04766133800148964
h256_wd0.0001_s1,l6,5,0.0005,0.6411943404298079,0.6535971760749817,0.7812191611842104,0.6792207792207792,0.6735616261433675,0.21457844390272482,0.3285520374774933,0.0391506664454937
h256_wd0.0001_s1,l6,6,0.0005,0.6279236266487523,0.6479329466819763,0.7945826480263158,0.6821428571428572,0.8190173142017557,0.25758154514072934,0.35336244106292725,0.031304921954870224
h256_wd0.0001_s1,l6,7,0.0005,0.6118095485787642,0.637078046798706,0.8170641447368421,0.696103896103896,0.983813641608443,0.31763594525532596,0.38157394528388977,0.035089943557977676
h256_wd0.0001_s1,l6,8,0.0005,0.6069558764758863,0.6381424069404602,0.8291015625,0.6952922077922079,1.2379146426725525,0.3757766253288679,0.4094378650188446,0.042315851897001266
h256_wd0.0001_s1,l6,9,0.0005,0.6025293406687284,0.6287161707878113,0.8411698190789474,0.6967532467532468,1.3281175040864621,0.352383675111228,0.43505042791366577,0.05001218616962433
h256_wd0.0001_s1,l6,10,0.0005,0.56477174790282,0.6279079914093018,0.8588199013157894,0.7006493506493506,1.1128246549735825,0.29012334222257224,0.45756733417510986,0.05962502211332321
h256_wd0.0001_s1,l6,11,0.0005,0.5542278760357907,0.7133700251579285,0.852086759868421,0.698051948051948,1.2664251566538578,0.33145543956656326,0.4802355468273163,0.07088968902826309
h256_wd0.0001_s1,l6,12,0.0005,0.6188328015176874,0.6388120055198669,0.8692331414473685,0.7012987012987012,1.7732413542225705,0.5133642297499713,0.5014495849609375,0.05711769685149193
h256_wd0.0001_s1,l6,13,0.0005,0.544100041452207,0.6334542632102966,0.8721011513157895,0.7021103896103895,0.8517495363710387,0.2535243120809356,0.521073043346405,0.06622529029846191
h256_wd0.0001_s1,l6,14,0.0005,0.5252842934508073,0.6301535964012146,0.8838918585526317,0.7094155844155843,1.0058175199979575,0.2804992262934438,0.5387322306632996,0.08706456422805786
h256_wd0.0001_s1,l6,15,0.0005,0.5222484579211787,0.6423235535621643,0.8924239309210525,0.709577922077922,1.5294252591042266,0.36979755183230073,0.5595954656600952,0.10794597864151001
h256_wd0.0001_s1,l6,16,0.0005,0.5145398127405267,0.6971153020858765,0.8920024671052632,0.691396103896104,1.219790419219074,0.29759799072208015,0.5777693390846252,0.11554860323667526
h256_wd0.0001_s1,l6,17,0.0005,0.49175435932059036,0.6257985830307007,0.9080694901315789,0.7079545454545454,1.2191303821235113,0.28075269011554677,0.5973091721534729,0.14187784492969513
h256_wd0.0001_s1,l6,18,0.0005,0.4578766399308255,0.6394359469413757,0.9143708881578948,0.7108766233766233,1.2025710292418286,0.2797627699327226,0.615680992603302,0.16585800051689148
h256_wd0.0001_s1,l6,19,0.0005,0.4550284037464543,0.7624651789665222,0.9202919407894737,0.6910714285714286,1.235097200763307,0.24266075535117074,0.6330447793006897,0.19144760072231293
h256_wd0.0001_s1,l6,20,0.0005,0.4694865643978119,0.6545824408531189,0.9283819901315788,0.7022727272727272,1.7412170107413718,0.28874116565361746,0.649340808391571,0.20553991198539734
h256_wd0.0001_s1,l6,21,0.0005,0.42638831232723434,0.6479883193969727,0.9355571546052632,0.7024350649350649,1.3562538042082903,0.26891645166449796,0.6660796999931335,0.22391021251678467
h256_wd0.0001_s1,l6,22,0.0005,0.4122609731398131,0.654155969619751,0.9383223684210525,0.7108766233766234,1.6008711012951915,0.2826247950567624,0.6824543476104736,0.252577006816864
h256_wd0.0001_s1,l6,23,0.0005,0.40477820446616725,0.7100997567176819,0.9374383223684211,0.7071428571428572,1.397778381718345,0.2517868347198792,0.6980232000350952,0.27237585186958313
h256_wd0.0001_s1,l6,24,0.0005,0.37742412874573156,0.6627522110939026,0.949609375,0.7087662337662338,1.903136950456267,0.3356476215488058,0.7136527299880981,0.2958773672580719
h256_wd0.0001_s1,l6,25,0.0005,0.391063403142126,0.6587581038475037,0.9589226973684211,0.7022727272727273,1.488762112368649,0.23721830099479527,0.7299164533615112,0.3204343616962433
h256_wd0.0001_s1,l6,26,0.0005,0.3544812382836091,0.6890392303466797,0.9626541940789474,0.7069805194805194,1.3004331512519796,0.18468258856079314,0.7430908679962158,0.3496919870376587
h256_wd0.0001_s1,l6,27,0.0005,0.3237415544296566,0.6978152990341187,0.9625,0.7042207792207792,1.254271492661601,0.1930896164376678,0.7553120255470276,0.3780149221420288
h256_wd0.0001_s1,l6,28,0.0005,0.3610515069020422,0.7998682260513306,0.9604954769736842,0.6948051948051948,2.2228501436285053,0.2754126459226861,0.7704213857650757,0.3972688913345337
h256_wd0.0001_s1,l6,29,0.0005,0.3532088445989709,0.7223464250564575,0.971422697368421,0.7,1.9363523397981537,0.2447092947081422,0.7846786379814148,0.4162149131298065
h256_wd0.0001_s1,l6,30,0.0005,0.33512266450806666,0.6937234997749329,0.9705489309210527,0.7053571428571428,2.0995256523053594,0.24110790295341875,0.7997602820396423,0.43008533120155334
h256_wd0.0001_s1,l6,31,0.0005,0.302753157521549,0.8449221253395081,0.976768092105263,0.7024350649350649,1.9107878040678705,0.20943392233081617,0.8122125267982483,0.4486561417579651
h256_wd0.0001_s1,l6,32,0.0005,0.3179351993297276,0.7012941241264343,0.9781866776315791,0.7108766233766234,2.041842569341593,0.22112664364877258,0.8232948780059814,0.46008530259132385
h256_wd0.0001_s1,l6,33,0.0005,0.2575385343087347,0.773804783821106,0.9806949013157894,0.6998376623376623,1.4140868091331056,0.1722004389992696,0.8339149951934814,0.4868262708187103
h256_wd0.0001_s1,l6,34,0.0005,0.26960165092819616,0.7166275978088379,0.9844675164473685,0.7092532467532467,1.8899684428395815,0.20692781661657839,0.8449108004570007,0.5163602232933044
h256_wd0.0001_s1,l6,35,0.0005,0.27894120310482223,0.7266353964805603,0.986328125,0.702922077922078,1.9400087192355577,0.18190346766554413,0.8548576235771179,0.5413165092468262
h256_wd0.0001_s1,l6,36,0.0005,0.22607530300554476,0.7709789276123047,0.986585115131579,0.7050324675324675,1.341355572914931,0.17112339702785945,0.8635273575782776,0.5737484097480774
h256_wd0.0001_s1,l6,37,0.0005,0.2229890078306198,0.9215935468673706,0.9841694078947368,0.7001623376623377,1.8910359050323748,0.18242947001484613,0.87270188331604,0.6060678362846375
h256_wd0.0001_s1,l6,38,0.0005,0.2694090447927776,0.7807567119598389,0.9889391447368421,0.7001623376623377,2.4405775782267907,0.2261830844463516,0.881573498249054,0.61823570728302
h256_wd0.0001_s1,l7,1,0.0005,0.7003183986829675,0.6771354079246521,0.7133782012838452,0.6696344892221181,0.7874199321369083,0.22757244508159327,0.24017682671546936,0.031900614500045776
h256_wd0.0001_s1,l7,2,0.0005,0.6675740428592848,0.6681435108184814,0.7597343461939983,0.6821696344892222,0.6407413893745821,0.21585560614608762,0.2880308926105499,0.03217263147234917
h256_wd0.0001_s1,l7,3,0.0005,0.652222076187963,0.675270676612854,0.7697518935607827,0.669634489222118,0.9482332400429906,0.3221052023588324,0.323772668838501,0.034975551068782806
h256_wd0.0001_s1,l7,4,0.0005,0.646299616150234,0.6442692875862122,0.7802284859658086,0.7059512652296157,1.0324763497120693,0.31362332608102783,0.3532302677631378,0.03442789986729622
h256_wd0.0001_s1,l7,5,0.0005,0.6395058580066847,0.6366352438926697,0.7968207429125668,0.7091143392689785,1.2404993498472263,0.3533500934501226,0.38153985142707825,0.03993678838014603
h256_wd0.0001_s1,l7,6,0.0005,0.6156885908997577,0.6473141312599182,0.8079710949704954,0.7092314901593253,0.8973738807783205,0.2522274166714825,0.4059406518936157,0.04826207458972931
h256_wd0.0001_s1,l7,7,0.0005,0.595619621484176,0.6252127885818481,0.8214314801240902,0.7152061855670103,0.9642044944725086,0.27253296374529973,0.4315880835056305,0.05594167485833168
h256_wd0.0001_s1,l7,8,0.0005,0.568314403295517,0.6135346293449402,0.8332778036916106,0.729381443298969,1.0725323390606045,0.29731633338172786,0.45666322112083435,0.07587554305791855
h256_wd0.0001_s1,l7,9,0.0005,0.5520385698131893,0.6120710968971252,0.8508621902371486,0.7386363636363636,1.067047210642142,0.2829746913566343,0.4793452024459839,0.09789404273033142
h256_wd0.0001_s1,l7,10,0.0005,0.5842245869014574,0.6401656270027161,0.8501958345364756,0.7551546391752577,1.531599096641141,0.38209013189715607,0.5029343366622925,0.09687310457229614
h256_wd0.0001_s1,l7,11,0.0005,0.5727463273898415,0.602362334728241,0.8677728171297839,0.7462511715089035,1.1186565410394995,0.30421796349332525,0.5267541408538818,0.09099005907773972
h256_wd0.0001_s1,l7,12,0.0005,0.5201206492341083,0.5967882871627808,0.871548832766931,0.7508200562324275,0.9233234032943772,0.2594697364922502,0.5476173758506775,0.122107595205307
h256_wd0.0001_s1,l7,13,0.0005,0.511570789243864,0.5938814878463745,0.8826843769204001,0.7528116213683224,1.0889709566024293,0.2702227716888625,0.5663881897926331,0.15614724159240723
h256_wd0.0001_s1,l7,14,0.0005,0.5236745722915815,0.6053222417831421,0.8929758705196835,0.7483598875351453,1.6362395519408097,0.37395634875084377,0.5862922668457031,0.1728229820728302
h256_wd0.0001_s1,l7,15,0.0005,0.47348144002582715,0.594173014163971,0.9004242464627619,0.756560449859419,0.9808216694137578,0.2275813806222116,0.6042442917823792,0.20722146332263947
h256_wd0.0001_s1,l7,16,0.0005,0.46479783757873205,0.6454187631607056,0.9011572377335021,0.7654639175257731,1.166531837147877,0.23741792950926655,0.6212703585624695,0.23896174132823944
h256_wd0.0001_s1,l7,17,0.0005,0.4747528420842212,0.6318020820617676,0.9096347630365089,0.7544517338331772,1.5946165916798052,0.2826696874504733,0.6396632194519043,0.2527995705604553
h256_wd0.0001_s1,l7,18,0.0005,0.4600579323975936,0.6110091209411621,0.9207999229988969,0.7548031865042174,1.4629579192722986,0.28423953264568685,0.6575270891189575,0.2687678635120392
h256_wd0.0001_s1,l7,19,0.0005,0.41714969277381897,0.5983276963233948,0.9250275797220557,0.7617150890346766,1.2776548564504595,0.2548270151256265,0.6754446029663086,0.2972836196422577
h256_wd0.0001_s1,l7,20,0.0005,0.4227735426114953,0.6065866947174072,0.9368220756239681,0.7661668228678539,1.3515624595663522,0.2201483213204692,0.6917663812637329,0.3312433362007141
h256_wd0.0001_s1,l7,21,0.0005,0.4097913270411284,0.6427085399627686,0.9388433545826762,0.7601921274601687,1.5150615067922313,0.20372761701412362,0.7090152502059937,0.35594356060028076
h256_wd0.0001_s1,l7,22,0.0005,0.43124557901983673,0.6176896095275879,0.9444111266594108,0.7672211808809746,2.1069845409071597,0.2967042415238744,0.7276607155799866,0.37358295917510986
h256_wd0.0001_s1,l7,23,0.0005,0.38419549750245136,0.6178154945373535,0.9458030696785944,0.7727272727272727,1.7402435717276534,0.21403487482787625,0.7418521046638489,0.38499414920806885
h256_wd0.0001_s1,l7,24,0.0005,0.46466435556826385,0.8074142336845398,0.9367554400539008,0.7340674789128399,2.376162021613369,0.3612875780763219,0.7573249936103821,0.38022616505622864
h256_wd0.0001_s1,l7,25,0.0005,0.4022596361844436,0.6134693622589111,0.9553319561982186,0.7716729147141519,1.8764576269221251,0.269877697968208,0.7720571756362915,0.3835979998111725
h256_wd0.0001_s1,l7,26,0.0005,0.34893951208695123,0.604438841342926,0.9593300904022567,0.7667525773195876,1.4659776383464305,0.20062939240395394,0.7845019102096558,0.4188030958175659
h256_wd0.0001_s1,l7,27,0.0005,0.333692940680877,0.6711645722389221,0.9623064791985962,0.7630037488284911,1.3529281574557066,0.17924121734509949,0.7955897450447083,0.46558454632759094
h256_wd0.0001_s1,l7,28,0.0005,0.3778833934794302,0.6157259345054626,0.9627433123801485,0.7648781630740393,2.0883803036471424,0.26413966907252,0.8088780045509338,0.4856577217578888
h256_wd0.0001_s1,l7,29,0.0005,0.32731333115826483,0.6572418808937073,0.9630172586126474,0.7563261480787253,1.4256507172542319,0.19202543947801054,0.8219326138496399,0.5246365070343018
h256_wd0.0001_s1,l7,30,0.0005,0.346694229737572,0.6778644919395447,0.9662305738803373,0.7498828491096533,2.0749848018853423,0.21585025228725332,0.8361750841140747,0.5542289018630981
h256_wd0.0001_s1,l7,31,0.0005,0.317012132509895,0.6869693994522095,0.975330031170639,0.760074976569822,1.7480530253592037,0.15945479396232934,0.8478538393974304,0.5802463293075562
h256_wd0.0001_s1,l7,32,0.0005,0.28975769683070807,0.6423327326774597,0.9790468151899484,0.7631208997188379,1.9010386271259438,0.1794580611771598,0.8590302467346191,0.6127846837043762
h256_wd0.0001_s1,l7,33,0.0005,0.27809301213077875,0.6768055558204651,0.9804609700658211,0.7577319587628866,1.7026928709142441,0.16392278632550858,0.8699029088020325,0.6424240469932556
h256_wd0.0001_s1,l7,34,0.0005,0.26459741592407227,0.688729465007782,0.9819417605117612,0.760543580131209,1.6246722494431558,0.15658849226457086,0.8806623816490173,0.6839584112167358
h256_wd0.0001_s1,l7,35,0.0005,0.3032341440734656,0.7491431832313538,0.9844368924131701,0.7451968134957826,2.550132169543111,0.19928877867730319,0.8912436366081238,0.7090820074081421
h256_wd0.0001_s1,l7,36,0.0005,0.23690529556378073,0.7973698973655701,0.9826451359735827,0.7501171508903468,1.8685924281699002,0.15023915044636788,0.903008222579956,0.7307844161987305
h256_wd0.0001_s1,l7,37,0.0005,0.2509857979805573,0.7226623296737671,0.988612721470721,0.7532802249297095,1.910262890139498,0.15274347699811022,0.9118375182151794,0.7556866407394409
h256_wd0.0001_s1,l7,38,0.0005,0.23486424561427988,0.7626150846481323,0.989775141970784,0.7502343017806934,2.362897122307056,0.16552448312422793,0.9211791753768921,0.7869385480880737
h256_wd0.0001_s1,l7,39,0.0005,0.2302628140086713,0.7948142290115356,0.9893901364548396,0.7518744142455482,1.8591403967853004,0.14601728428701474,0.9305927753448486,0.8163577318191528
h256_wd0.0001_s1,l7,40,0.0005,0.22755566692870596,0.7740927338600159,0.9897307182574058,0.7522258669165885,2.194787321363755,0.14382488903790933,0.9402168393135071,0.8420487642288208
h256_wd0.0001_s1,l7,41,0.0005,0.23458783782046774,0.8969230055809021,0.9902267830567957,0.737933458294283,2.23986915396343,0.1492933004021711,0.9482901692390442,0.8637703061103821
h256_wd0.0001_s1,l7,42,0.0005,0.22605500402657883,0.8805490136146545,0.9901823593434175,0.7348875351452671,2.3871183343080333,0.13378246269022825,0.9570185542106628,0.8905932903289795
h256_wd0.0001_s1,l7,43,0.0005,0.2180403474232425,0.7845712900161743,0.992492392439084,0.752928772258669,2.1702299225548463,0.13026381754663446,0.9660829305648804,0.9178435802459717
h256_wd0.0001_s1,l8,1,0.0005,0.7035333107818257,0.6854589581489563,0.6754875948424336,0.6095356037151703,0.7566508395352917,0.24556491830220872,0.23430855572223663,0.03148168325424194
h256_wd0.0001_s1,l8,2,0.0005,0.677472325888547,0.67420494556427,0.7558069170972397,0.6661300309597523,0.670821765935406,0.25184674797082995,0.2774122357368469,0.03576451539993286
h256_wd0.0001_s1,l8,3,0.0005,0.6522711921821941,0.6805943846702576,0.770733448152803,0.6744272445820434,0.8076146316907152,0.300621805100397,0.309219628572464,0.03127186745405197
h256_wd0.0001_s1,l8,4,0.0005,0.6359263441779397,0.6608397960662842,0.7862573507734798,0.6801238390092879,0.9837690140246607,0.3432291490807317,0.34008872509002686,0.03639698028564453
h256_wd0.0001_s1,l8,5,0.0005,0.6189514236016707,0.6782025098800659,0.802719980139335,0.6842105263157894,0.9479021003817647,0.3137898420294491,0.37122488021850586,0.045054841786623
h256_wd0.0001_s1,l8,6,0.0005,0.609849750995636,0.6392092108726501,0.8187016090241896,0.6892879256965944,1.2190830289341523,0.3624106966523735,0.4034867584705353,0.05655941739678383
h256_wd0.0001_s1,l8,7,0.0005,0.5797127390449698,0.6450888514518738,0.8311222827351861,0.6875541795665636,1.0072858230578539,0.30819669499484925,0.43084239959716797,0.06511340290307999
h256_wd0.0001_s1,l8,8,0.0005,0.5681211325255308,0.6380200982093811,0.8506726248661733,0.6953560371517028,1.1143108924810832,0.3205181036800291,0.45531418919563293,0.08305387198925018
h256_wd0.0001_s1,l8,9,0.0005,0.5454013537276875,0.6401216983795166,0.8651259135130104,0.7081114551083592,1.0105041755507667,0.24813764491964774,0.4791116714477539,0.10607254505157471
h256_wd0.0001_s1,l8,10,0.0005,0.5249006761745973,0.7491211891174316,0.8650483327902684,0.7050154798761611,1.2928528033272746,0.2731110931873823,0.5038676261901855,0.13026152551174164
h256_wd0.0001_s1,l8,11,0.0005,0.5335086272521452,0.6347512006759644,0.8874226132290648,0.7046439628482972,1.2854846865829268,0.3007973338210763,0.5246469974517822,0.14243485033512115
h256_wd0.0001_s1,l8,12,0.0005,0.5381269603967667,0.6771252751350403,0.8811308166146876,0.6922600619195046,1.567521338718506,0.3440730542273723,0.5446745753288269,0.15474167466163635
h256_wd0.0001_s1,l8,13,0.0005,0.5062608258290724,0.654684841632843,0.8966779934521871,0.6999380804953561,1.2599349524746648,0.27848871858740254,0.5637900233268738,0.16511806845664978
h256_wd0.0001_s1,l8,14,0.0005,0.48161421851678327,0.7639840841293335,0.900999239708917,0.6974613003095975,1.4999377009576194,0.3452471013702056,0.5801702737808228,0.19291946291923523
h256_wd0.0001_s1,l8,15,0.0005,0.4716435521841049,0.6563558578491211,0.9121243153501218,0.7172755417956655,1.202245680559136,0.2508658514297665,0.5979692935943604,0.21234235167503357
h256_wd0.0001_s1,l8,16,0.0005,0.49713518673723395,0.7072969675064087,0.9167015779919006,0.7228482972136222,1.7057248150474713,0.28760780986611184,0.6158219575881958,0.22859622538089752
h256_wd0.0001_s1,l8,17,0.0005,0.4855376441370357,0.6411513090133667,0.9227761485826002,0.7176470588235294,1.491746927988993,0.2737687334729463,0.6337311863899231,0.23743180930614471
h256_wd0.0001_s1,l8,18,0.0005,0.42588357491926715,0.6646108627319336,0.9271827336343466,0.7147987616099071,1.211250710556823,0.2265433156516499,0.6487250328063965,0.2689608335494995
h256_wd0.0001_s1,l8,19,0.0005,0.4211060438643802,0.6499663591384888,0.9348554671135316,0.7197523219814241,1.329169991964466,0.21990586671232323,0.6639227867126465,0.30093806982040405
h256_wd0.0001_s1,l8,20,0.0005,0.37904926999048755,0.6848263144493103,0.9438936213129762,0.7190092879256965,1.2083237243637033,0.2241602567313887,0.6782671809196472,0.338735431432724
h256_wd0.0001_s1,l8,21,0.0005,0.3859365772117268,0.6815136671066284,0.9484320935933839,0.7264396284829723,1.7171312869727104,0.2519216115074123,0.6905144453048706,0.36853545904159546
h256_wd0.0001_s1,l8,22,0.0005,0.36957500874996185,0.7073155045509338,0.9552204068333101,0.7170278637770898,1.5535795913266923,0.20057733579065423,0.7039389610290527,0.3966170847415924
h256_wd0.0001_s1,l8,23,0.0005,0.34276316924528644,0.7160143256187439,0.9607596704370898,0.7202476780185758,1.3622950701874863,0.1735905103632348,0.7166345119476318,0.4376178979873657
h256_wd0.0001_s1,l8,24,0.0005,0.38789084960113873,0.7362632155418396,0.964235286815932,0.7191331269349847,2.1049450548044177,0.23061078611240884,0.7310216426849365,0.45228254795074463
h256_wd0.0001_s1,l8,25,0.0005,0.34181003407998517,0.7218862771987915,0.9680367422302907,0.7230959752321982,1.6534034803362643,0.19692170551189594,0.7436630725860596,0.4791560173034668
h256_wd0.0001_s1,l8,26,0.0005,0.3271064141934568,0.726133406162262,0.9740104578814257,0.718513931888545,1.8239200868495535,0.20573121246295714,0.7553244233131409,0.5089352130889893
h256_wd0.0001_s1,l8,27,0.0005,0.29894260655749927,0.7563994526863098,0.975988766311347,0.7213622291021672,1.6024445812925314,0.18848263981279453,0.7679453492164612,0.5533133745193481
h256_wd0.0001_s1,l8,28,0.0005,0.31754000214013184,0.7971830368041992,0.9774317677543484,0.7203715170278638,1.979137218258454,0.233185581304125,0.7805878520011902,0.5791135430335999
h256_wd0.0001_s1,l8,29,0.0005,0.3026563071391799,0.7474445104598999,0.9800152058216575,0.7208668730650154,2.055893607646628,0.19076810260279145,0.7932078242301941,0.6002342104911804
h256_wd0.0001_s1,l8,30,0.0005,0.2798739143393256,0.8212510943412781,0.9819779981070303,0.7149226006191951,1.9594873312463503,0.18019953223081323,0.8043380379676819,0.6348831057548523
h256_wd0.0001_s1,l8,31,0.0005,0.3318016976118088,0.7288314700126648,0.985236388462195,0.7217337461300309,2.5246938402733394,0.20815375472235953,0.8177106976509094,0.6490625739097595
h256_wd0.0001_s1,l8,32,0.0005,0.28237566859884694,0.783565104007721,0.9846002265357104,0.7217337461300309,2.0749537712204638,0.17483455109992507,0.8294363617897034,0.6762294769287109
h256_wd0.0001_s1,l8,33,0.0005,0.2549109594388442,0.8202394247055054,0.9861208087014538,0.7223529411764706,1.9178287467814343,0.16307042266279848,0.8390572667121887,0.703413188457489
h256_wd0.0001_s1,l8,34,0.0005,0.21844106709415262,0.8672858476638794,0.9894335055625378,0.7171517027863776,1.5945400755565509,0.14684376123825313,0.8476712107658386,0.7371045351028442
h256_wd0.0001_s1,l8,35,0.0005,0.26268716766075656,0.7973759770393372,0.9930953156759609,0.7031578947368421,2.232139008931863,0.1712705450108058,0.8569488525390625,0.7678875923156738
h256_wd0.0001_s1,l8,36,0.0005,0.2612396465106444,0.8669344782829285,0.9879051653245201,0.7180185758513933,1.9877734776695197,0.14958490046685602,0.8673985004425049,0.7933602333068848
h256_wd0.0001_s1,l8,37,0.0005,0.23507202585989778,0.7832084894180298,0.9931108318205092,0.7175232198142414,2.2436217788156974,0.1533291081000311,0.8766485452651978,0.8208649754524231
h256_wd0.0001_s1,l8,38,0.0005,0.216109286993742,0.9061548709869385,0.9921565889307824,0.7104643962848297,1.944347194164981,0.13485907465342012,0.8856307864189148,0.864098072052002
h256_wd0.0001_s1,l8,39,0.0005,0.19045129418373108,0.9893576502799988,0.9930875576036867,0.7123219814241487,2.013902215114367,0.1349750927860148,0.8941530585289001,0.9050402045249939
h256_wd0.0001_s1,l8,40,0.0005,0.20048301836306398,0.9486565589904785,0.994297816878462,0.703405572755418,2.301446627101169,0.13286291267110537,0.9028661251068115,0.9304481744766235
h256_wd0.0001_s1,l8,41,0.0005,0.2673144895922054,0.8621804714202881,0.994103865071607,0.7030340557275542,3.0314722265368697,0.17547125114217013,0.9127655029296875,0.932550847530365
h256_wd0.0001_s1,l9,1,0.0005,0.7270721300788547,0.71932053565979,0.6040080248359888,0.5268275538894096,1.150812486302989,0.418031608408647,0.24145911633968353,0.043728891760110855
h256_wd0.0001_s1,l9,2,0.0005,0.6873022006905597,0.6828558444976807,0.7404595243673853,0.6807638238050608,0.5634024227230962,0.20769113556717234,0.27844929695129395,0.06674708425998688
h256_wd0.0001_s1,l9,3,0.0005,0.6785938765691675,0.6866339445114136,0.6677600749765698,0.634020618556701,0.524441068936607,0.2048924667514906,0.2927616834640503,0.06551285833120346
h256_wd0.0001_s1,l9,4,0.0005,0.6709319145783134,0.6613799929618835,0.7628792760074976,0.6996251171508903,0.5994505238752985,0.2244087861623378,0.308736652135849,0.06285956501960754
h256_wd0.0001_s1,l9,5,0.0005,0.6445040417754132,0.6463506817817688,0.7753119142455481,0.7029053420805997,0.57236058666952,0.19992039226872962,0.3314060866832733,0.05416714400053024
h256_wd0.0001_s1,l9,6,0.0005,0.6241487342378368,0.6724973320960999,0.7646365393626993,0.6906044985941892,0.7125300216370103,0.23730180868238088,0.35910630226135254,0.055651817470788956
h256_wd0.0001_s1,l9,7,0.0005,0.6118736448495284,0.6268125176429749,0.8126171508903468,0.7079428303655108,0.8717593099536437,0.28400307537744784,0.3846789598464966,0.06657248735427856
h256_wd0.0001_s1,l9,8,0.0005,0.5863026536029318,0.6918038129806519,0.8030839971883788,0.7048969072164948,1.0512085430817937,0.33206127101359545,0.41214844584465027,0.08820369839668274
h256_wd0.0001_s1,l9,9,0.0005,0.5703371529993804,0.6221070885658264,0.8414362699156513,0.71485473289597,1.1233634142723325,0.3378425507359596,0.43573933839797974,0.10689634084701538
h256_wd0.0001_s1,l9,10,0.0005,0.5566415501677472,0.631191074848175,0.8535613870665417,0.7195407685098407,1.1656523681859978,0.302216342726527,0.4568536579608917,0.1337498277425766
h256_wd0.0001_s1,l9,11,0.0005,0.541638503903928,0.6228834986686707,0.8687617150890348,0.7261012183692596,1.1520289887258064,0.2796714288942272,0.47497692704200745,0.14852562546730042
h256_wd0.0001_s1,l9,12,0.0005,0.5074970463047856,0.6075311899185181,0.8816556349578257,0.7310215557638239,0.9945106707456854,0.23129998091212467,0.49294185638427734,0.18203723430633545
h256_wd0.0001_s1,l9,13,0.0005,0.5017845034599304,0.6786199808120728,0.8824097938144331,0.7191893158388004,1.3479363992595437,0.27985946775607745,0.5111802220344543,0.21455919742584229
h256_wd0.0001_s1,l9,14,0.0005,0.5341778034749238,0.609631359577179,0.8961677014995313,0.7330131208997187,1.3739177288572264,0.2925845453800107,0.5282253623008728,0.21807359158992767
h256_wd0.0001_s1,l9,15,0.0005,0.4876090443652609,0.6108795404434204,0.9047343603561386,0.7337160262417994,1.287896817096331,0.2502705083083267,0.5439886450767517,0.2544825077056885
h256_wd0.0001_s1,l9,16,0.0005,0.4967040497323741,0.6097531318664551,0.9073995431115278,0.732427366447985,1.499999853712795,0.26977335251928547,0.5605601668357849,0.2723177671432495
h256_wd0.0001_s1,l9,17,0.0005,0.5204139429589977,0.6170539855957031,0.9120416471415181,0.7280927835051547,1.7947462887662775,0.2883357583411014,0.5760696530342102,0.28015926480293274
h256_wd0.0001_s1,l9,18,0.0005,0.4764762119106624,0.6224634647369385,0.9159222703842549,0.7372305529522025,1.3461075021945812,0.24134444531848046,0.5933052897453308,0.3082374930381775
h256_wd0.0001_s1,l9,19,0.0005,0.4342770939287932,0.6140507459640503,0.9220800140581069,0.7375820056232427,1.146429538735445,0.2054484648969264,0.6062833666801453,0.35047125816345215
h256_wd0.0001_s1,l9,20,0.0005,0.4289355887019116,0.6501133441925049,0.9319792642924086,0.7360590440487348,1.3111224692050893,0.19544055698020893,0.6175707578659058,0.39148852229118347
h256_wd0.0001_s1,l9,21,0.0005,0.4225960658944171,0.6376020908355713,0.939088858950328,0.7354732895970009,1.3129740207494747,0.16868700354428343,0.6284894347190857,0.427160382270813
h256_wd0.0001_s1,l9,22,0.0005,0.4148716265740602,0.6512479782104492,0.9450781982193065,0.7393392689784443,1.5073685733070803,0.20620722927246177,0.6400125622749329,0.46560972929000854
h256_wd0.0001_s1,l9,23,0.0005,0.37982575401015906,0.6529809832572937,0.9436723875351453,0.733364573570759,1.4941174563696442,0.17519036605819152,0.6512760519981384,0.4978397786617279
h256_wd0.0001_s1,l9,24,0.0005,0.4693790635337,0.6349942684173584,0.9482046626054358,0.7298500468603561,2.2471699634337274,0.27129002917689315,0.6640808582305908,0.4959961771965027
h256_wd0.0001_s1,l9,25,0.0005,0.38166135808695917,0.7596547603607178,0.9510455716963448,0.7359418931583879,1.6401054470468892,0.17506224066422663,0.6747024655342102,0.5214034914970398
h256_wd0.0001_s1,l9,26,0.0005,0.39012114250141644,0.6837913990020752,0.9504158856607311,0.7367619493908154,1.7909607128059728,0.191102510359486,0.6850913166999817,0.54994797706604
h256_wd0.0001_s1,l9,27,0.0005,0.37238523882368335,0.6409965753555298,0.9580453373945642,0.7410965323336457,2.156413425733843,0.204620835580578,0.6944446563720703,0.5693687796592712
h256_wd0.0001_s1,l9,28,0.0005,0.33857655136481574,0.6647540330886841,0.9619918580131209,0.7316073102155576,1.6046768732386563,0.16987348648479453,0.7035728693008423,0.6094786524772644
h256_wd0.0001_s1,l9,29,0.0005,0.40145004443500354,0.6808286309242249,0.96089356841612,0.7406279287722588,2.490618190030232,0.23290013928339015,0.7141380310058594,0.6193117499351501
h256_wd0.0001_s1,l9,30,0.0005,0.31548598473486694,0.7071702480316162,0.9688525070290535,0.7305529522024368,1.5133651221374538,0.1412025102031141,0.7225819230079651,0.6468554735183716
h256_wd0.0001_s1,l9,31,0.0005,0.31608680279358575,0.7163333296775818,0.971949683692596,0.7319587628865979,1.8161100328585065,0.15802875684600134,0.7300729751586914,0.6830101609230042
h256_wd0.0001_s1,l9,32,0.0005,0.39224395933358563,0.6520582437515259,0.9685815955951266,0.7422680412371134,2.403353663051983,0.22393394420641802,0.7400989532470703,0.6849986910820007
h256_wd0.0001_s1,l9,33,0.0005,0.3276504310576812,0.7190051674842834,0.968347293814433,0.7352389878163074,1.4737905665196511,0.14147283338840821,0.7492125630378723,0.7240148782730103
h256_wd0.0001_s1,l9,34,0.0005,0.300156822671061,0.7092686891555786,0.9775948922211808,0.7337160262417993,1.9459070159693301,0.15934070967505157,0.7567502856254578,0.7666663527488708
h256_wd0.0001_s1,l9,35,0.0005,0.3534780617641366,0.6965140104293823,0.9799598758200562,0.7358247422680412,2.716698899083449,0.18578523959941337,0.7658092975616455,0.7900391221046448
h256_wd0.0001_s1,l9,36,0.0005,0.2869536967381187,0.7308797240257263,0.9773825562324274,0.7331302717900656,2.2207346192836805,0.1612338400292281,0.7740289568901062,0.8161182999610901
h256_wd0.0001_s1,l9,37,0.0005,0.304225394907205,0.7653196454048157,0.9784295923149016,0.7220009372071227,2.2427619290719547,0.14779970778754595,0.7817656397819519,0.8334041833877563
h256_wd0.0001_s1,l9,38,0.0005,0.25900305548439856,0.8711488246917725,0.981219247891284,0.7258669165885661,2.0946706210796786,0.1365931034437849,0.7883192896842957,0.8646535277366638
h256_wd0.0001_s1,l9,39,0.0005,0.3077250641325246,0.8166712522506714,0.9872451968134958,0.7262183692596064,2.689119242283595,0.17055466098631022,0.7955442070960999,0.875798225402832
h256_wd0.0001_s1,l9,40,0.0005,0.27278081295282947,0.7189393639564514,0.9868205248359887,0.7318416119962512,1.9017736386602093,0.1304981643289845,0.8035242557525635,0.9081825017929077
h256_wd0.0001_s1,l9,41,0.0005,0.2685782598412555,0.8159523010253906,0.9890390698219307,0.7277413308341143,2.371307844503998,0.13717126614899902,0.810588002204895,0.9419084191322327
h256_wd0.0001_s1,l9,42,0.0005,0.2367259205683418,0.8192963600158691,0.9910599226804123,0.726921274601687,2.165091508957319,0.11780769487784158,0.8173354864120483,0.9724041223526001
h256_wd0.0001_s1,l9,43,0.0005,0.23202324043149533,0.8522438406944275,0.9916822867853795,0.7251640112464854,2.3900070430768,0.13576360342155583,0.8235475420951843,1.0040395259857178
h256_wd0.0001_s1,l9,44,0.0005,0.22324830585199854,0.830983579158783,0.9909940253045924,0.7181349578256795,2.1369331497724864,0.11885775301647625,0.8298923373222351,1.037835955619812
h256_wd0.0001_s1,l9,45,0.0005,0.21596712035977322,0.8746281266212463,0.9913967314901593,0.7250468603561387,2.0891704959927755,0.10662237211784087,0.8366966843605042,1.0678831338882446
h256_wd0.0001_s1,l9,46,0.0005,0.19775574654340744,0.8071793913841248,0.9965953022492972,0.714386129334583,1.8793448447025813,0.10338913720964482,0.8430688977241516,1.1041134595870972
h256_wd0.0001_s1,l9,47,0.0005,0.1860670479743377,0.8868014216423035,0.9957313144329897,0.7153233364573571,1.836364260178111,0.10787147890239304,0.8487544059753418,1.1504689455032349
h256_wd0.0001_s1,l9,48,0.0005,0.21339387835367865,0.9443166255950928,0.9947355318650423,0.7136832239925025,2.8867910846031797,0.11441475076634591,0.8551859259605408,1.1811167001724243
h256_wd0.0001_s1,l9,49,0.0005,0.2416655939558278,0.8382506370544434,0.9915358481724461,0.692244611059044,3.435982193862947,0.14114471828553746,0.862062931060791,1.1967213153839111
h256_wd0.0001_s1,l9,50,0.0005,0.2167005901751311,0.9354686737060547,0.9934688378631678,0.7205951265229616,2.561540977538136,0.11051465872860378,0.8683919310569763,1.2144060134887695
h256_wd0.0001_s1,l9,51,0.0005,0.16932271485743317,1.0040290355682373,0.9982573805060919,0.7100515463917525,2.20135481248584,0.09391838949694976,0.8734392523765564,1.242889642715454
h256_wd0.0001_s1,l9,52,0.0005,0.1542197867580082,1.025931477546692,0.9979352155576382,0.7099343955014058,2.268743935344037,0.09744267396460163,0.8779259920120239,1.2744723558425903
h256_wd0.0001_s1,l10,1,0.0005,0.702652633190155,0.6831843852996826,0.7266134667009891,0.6067415730337079,0.9546545430667344,0.24701290528183398,0.23743389546871185,0.0327640064060688
h256_wd0.0001_s1,l10,2,0.0005,0.6632716992627019,0.6832413673400879,0.7225241790166588,0.5939840823970037,0.8274603374457148,0.2360130716698194,0.2827582061290741,0.034372247755527496
h256_wd0.0001_s1,l10,3,0.0005,0.6500238905782285,0.6596739292144775,0.7746920163277313,0.6550795880149813,0.8976866475619236,0.26396610402488857,0.3156721293926239,0.027841119095683098
h256_wd0.0001_s1,l10,4,0.0005,0.6559559158656908,0.649816632270813,0.7944765196925679,0.6753277153558053,1.3215059435398258,0.4292053294230933,0.3483603000640869,0.034309692680835724
h256_wd0.0001_s1,l10,5,0.0005,0.6241435253101847,0.648975670337677,0.7991836134299267,0.6687734082397004,1.0677470283978487,0.3610404040261162,0.37551602721214294,0.03316488489508629
h256_wd0.0001_s1,l10,6,0.0005,0.5920112418091815,0.6337489485740662,0.8203140514102893,0.690191947565543,0.9389706500539345,0.27569529897486766,0.4038045108318329,0.03847330063581467
h256_wd0.0001_s1,l10,7,0.0005,0.575273360895074,0.6295560002326965,0.8377523627404113,0.696746254681648,1.0601779810322984,0.29782419150968054,0.43162810802459717,0.052029915153980255
h256_wd0.0001_s1,l10,8,0.0005,0.5617000616115072,0.6169063448905945,0.8565145441841651,0.7121956928838952,1.3765682123661558,0.35172562183083167,0.4579032361507416,0.07000534981489182
h256_wd0.0001_s1,l10,9,0.0005,0.6141342650289121,0.6136801838874817,0.8665391828779464,0.7228464419475656,1.8110498938570196,0.4348128549995508,0.484676718711853,0.05579344555735588
h256_wd0.0001_s1,l10,10,0.0005,0.5373606370842975,0.6116851568222046,0.8716213731475011,0.7258895131086144,0.8733018192153392,0.24354794294019969,0.5086724162101746,0.06789246201515198
h256_wd0.0001_s1,l10,11,0.0005,0.5333300271759862,0.7422882318496704,0.868620600889935,0.7341994382022473,1.262821320048886,0.3089089363991919,0.5350415706634521,0.09132470935583115
h256_wd0.0001_s1,l10,12,0.0005,0.5705392412517382,0.6547605991363525,0.8860662670540213,0.7356039325842697,1.7931345685951703,0.38230779814376703,0.5595455169677734,0.09132188558578491
h256_wd0.0001_s1,l10,13,0.0005,0.4943608926690143,0.6055316925048828,0.8983047107711544,0.7380617977528089,1.109627463052433,0.2685764824300129,0.5809534788131714,0.10605069994926453
h256_wd0.0001_s1,l10,14,0.0005,0.4629552791947904,0.5982276797294617,0.9075350273967566,0.7480102996254681,1.1390299768104812,0.22611099436674637,0.6019098162651062,0.13811801373958588
h256_wd0.0001_s1,l10,15,0.0005,0.4917216560114985,0.6699212789535522,0.908093994778068,0.7456694756554307,1.6943144833181607,0.35597393126144694,0.6256747245788574,0.1592651754617691
h256_wd0.0001_s1,l10,16,0.0005,0.4493707327739052,0.6654993295669556,0.9164417313279152,0.7505852059925093,1.2299313796073676,0.25597792466486163,0.6444638967514038,0.18146413564682007
h256_wd0.0001_s1,l10,17,0.0005,0.47328229961187945,0.6518101692199707,0.9317765601441548,0.7505852059925093,1.9531036325659188,0.3408074328776479,0.6648739576339722,0.19427190721035004
h256_wd0.0001_s1,l10,18,0.0005,0.42590039191038714,0.6372327208518982,0.9309748832420107,0.750936329588015,1.7214502316059808,0.29278683908935405,0.6855039596557617,0.21862955391407013
h256_wd0.0001_s1,l10,19,0.0005,0.511432822631753,0.7554782629013062,0.9282094656713126,0.7447331460674157,2.237283981111304,0.4210054047815982,0.7062918543815613,0.2041238397359848
h256_wd0.0001_s1,l10,20,0.0005,0.47990846115609875,0.6144360303878784,0.9315926892950391,0.7515215355805245,1.909938472054353,0.3331922214644908,0.7271391749382019,0.20507308840751648
h256_wd0.0001_s1,l10,21,0.0005,0.3976942987545677,0.6449434161186218,0.9404920383922334,0.7452013108614233,1.256136989416804,0.24605741435770892,0.741619348526001,0.23310920596122742
h256_wd0.0001_s1,l10,22,0.0005,0.3831776536029318,0.6483285427093506,0.9514580958334865,0.7426264044943821,1.165177232620023,0.2076819710149756,0.7552307844161987,0.2625269889831543
h256_wd0.0001_s1,l10,23,0.0005,0.3634595132392386,0.6630182862281799,0.9555253190159232,0.7414559925093632,1.4962694900523872,0.2176972728256394,0.7691493630409241,0.29975393414497375
h256_wd0.0001_s1,l10,24,0.0005,0.346275815497274,0.7105021476745605,0.9619460890670393,0.7429775280898877,1.1999828882704493,0.17861585701440172,0.7831822633743286,0.3294532597064972
h256_wd0.0001_s1,l10,25,0.0005,0.3383017447979554,0.6872197985649109,0.964255506931931,0.7400514981273408,1.5072637732278975,0.1972355215184945,0.7983227372169495,0.36512380838394165
h256_wd0.0001_s1,l10,26,0.0005,0.3478045722712641,0.7261399626731873,0.9689920200051484,0.740753745318352,1.7337844713988093,0.21521363823523892,0.814626157283783,0.3900918960571289
h256_wd0.0001_s1,l10,27,0.0005,0.3343191833599754,0.7920598983764648,0.973316662376347,0.7380617977528091,1.8946487909439131,0.21813206515816863,0.8315895795822144,0.4097331166267395
h256_wd0.0001_s1,l10,28,0.0005,0.301166832447052,0.7280206680297852,0.974096274776597,0.7411048689138576,1.466986964573184,0.17162528233724147,0.8464323282241821,0.43993914127349854
h256_wd0.0001_s1,l10,29,0.0005,0.28823721084905707,0.737303614616394,0.9757952414224249,0.7375936329588014,1.7254286216952777,0.17772240677188886,0.8593734502792358,0.47506988048553467
h256_wd0.0001_s1,l10,30,0.0005,0.3176700654237167,0.7351875901222229,0.9797521420953923,0.7320926966292135,2.280855338993117,0.20738376906810463,0.8737369775772095,0.4976862668991089
h256_wd0.0001_s1,l10,31,0.0005,0.2696680018435354,0.7817668914794922,0.9797006582576399,0.7310393258426967,1.4669793735290555,0.16274133648192388,0.8863541483879089,0.526447594165802
h256_wd0.0001_s1,l10,32,0.0005,0.26750602346399555,0.7498457431793213,0.9840620747986614,0.7375936329588015,1.8631580367769278,0.17845937208822854,0.8987070322036743,0.554483950138092
h256_wd0.0001_s1,l10,33,0.0005,0.26446340071118396,0.8278458118438721,0.9885191041812231,0.7331460674157303,1.747900250640656,0.18138761254182553,0.910953938961029,0.5826221108436584
h256_wd0.0001_s1,l10,34,0.0005,0.25626899885094684,0.8036336302757263,0.9897620711212445,0.7291666666666666,1.84274023898165,0.16476907186853323,0.9241848587989807,0.6125977635383606
h256_wd0.0001_s1,l10,35,0.0005,0.24062166686939157,0.9717726707458496,0.9877468466149377,0.7275280898876404,2.078167735198036,0.1769226954764968,0.9352954626083374,0.6446753740310669
h256_wd0.0001_s1,l10,36,0.0005,0.27047821425873303,0.8242723345756531,0.9883425881660722,0.7249531835205993,2.569199194232008,0.20088705915664648,0.947107195854187,0.6596798896789551
h256_wd0.0001_s1,l10,37,0.0005,0.24761203384917715,1.2912410497665405,0.9852388482330011,0.7254213483146068,2.261913303778833,0.19127468402369366,0.9590038061141968,0.6729686856269836
h256_wd0.0001_s1,l10,38,0.0005,0.28890869669292285,0.796470046043396,0.9902621998308389,0.7301029962546817,2.502922357829509,0.22177210154237506,0.9749571681022644,0.6728196144104004
h256_wd0.0001_s1,l10,39,0.0005,0.2942169198523397,0.8176191449165344,0.9848196226970176,0.7384129213483146,2.9337035729589864,0.2254082191680837,0.9902374148368835,0.6885009407997131
h256_wd0.0001_s1,l10,40,0.0005,0.3055606238220049,0.8572997450828552,0.9903725223403081,0.7229634831460675,2.644716362831091,0.20010688702798388,1.0037639141082764,0.6911229491233826
h256_wd0.0001_s1,l11,1,0.0005,0.6986965374513106,0.6882043480873108,0.685344924326872,0.5926724137931034,1.14106459435179,0.3461061419644753,0.23021097481250763,0.017460474744439125
h256_wd0.0001_s1,l11,2,0.0005,0.675853742794557,0.6627063155174255,0.7579881346929309,0.6649904214559388,1.3322540002082168,0.4428233215637434,0.27606937289237976,0.024161744862794876
h256_wd0.0001_s1,l11,3,0.0005,0.6573286056518555,0.6939234733581543,0.7708035640808876,0.6829501915708811,1.0758562365598272,0.33984911245732546,0.3077516555786133,0.027332870289683342
h256_wd0.0001_s1,l11,4,0.0005,0.6459004337137396,0.6550966501235962,0.7758983144680438,0.6770833333333333,1.1272956704657555,0.39046664399989267,0.33767393231391907,0.03018808551132679
h256_wd0.0001_s1,l11,5,0.0005,0.6125821715051477,0.6794173717498779,0.8030329101423688,0.7019875478927203,1.1451009642392482,0.3678647019440442,0.37240880727767944,0.029523538425564766
h256_wd0.0001_s1,l11,6,0.0005,0.6036490174857053,0.6282607316970825,0.8247061728025618,0.7150383141762453,1.3560822268326767,0.4213935100759274,0.40498340129852295,0.03452922776341438
h256_wd0.0001_s1,l11,7,0.0005,0.5553232580423355,0.611933708190918,0.8425789461871666,0.7212643678160918,1.0815863115453452,0.3551393427273115,0.439045786857605,0.04588504135608673
h256_wd0.0001_s1,l11,8,0.0005,0.5815593911842867,0.6495852470397949,0.8509654589390052,0.7273706896551724,1.6673676426799984,0.5377145404874388,0.47169029712677,0.05089570954442024
h256_wd0.0001_s1,l11,9,0.0005,0.5643381124193018,0.6153655052185059,0.8588357635018367,0.725095785440613,1.6322560265994321,0.49404339207001935,0.5024755001068115,0.05547482520341873
h256_wd0.0001_s1,l11,10,0.0005,0.5321900140155446,0.594757616519928,0.8765439487682075,0.7399425287356322,1.1809653210261801,0.3464259124865704,0.5306674838066101,0.06343788653612137
h256_wd0.0001_s1,l11,11,0.0005,0.497560667720708,0.6173833012580872,0.8866960431520119,0.7417385057471264,1.2417981246874703,0.3776792384016235,0.5565365552902222,0.08491936326026917
h256_wd0.0001_s1,l11,12,0.0005,0.4950678754936565,0.6131438612937927,0.8991673337472973,0.7510775862068965,1.406573638814537,0.3960387695315294,0.5825445652008057,0.10297271609306335
h256_wd0.0001_s1,l11,13,0.0005,0.48014757443558087,0.7099716067314148,0.8933543806623924,0.7340756704980843,1.3435506452366794,0.353702549872293,0.6062748432159424,0.12055560946464539
h256_wd0.0001_s1,l11,14,0.0005,0.4749992950396104,0.5921788215637207,0.9153119318904441,0.7551484674329502,1.6189864185166043,0.3902599383372731,0.6303321719169617,0.13079199194908142
h256_wd0.0001_s1,l11,15,0.0005,0.4366793551228263,0.6313347220420837,0.9208256338512872,0.756345785440613,1.4285646559445928,0.34193468383484926,0.6532056331634521,0.15153904259204865
h256_wd0.0001_s1,l11,16,0.0005,0.5212996927174655,0.594584047794342,0.9315463053708096,0.763888888888889,2.1596754483622864,0.4701755887223315,0.680469274520874,0.14850345253944397
h256_wd0.0001_s1,l11,17,0.0005,0.48444133726033295,0.6001971960067749,0.9267433248296139,0.760177203065134,1.6589684665211932,0.4029300640965076,0.7054144144058228,0.1501588374376297
h256_wd0.0001_s1,l11,18,0.0005,0.4264790578321977,0.5812303423881531,0.9352495380310771,0.7641283524904214,1.369618202358078,0.32605628866534736,0.7235984802246094,0.1734447032213211
h256_wd0.0001_s1,l11,19,0.0005,0.3985417519103397,0.5920432806015015,0.9413991486305521,0.7602969348659004,1.2884996758592486,0.2783832851250296,0.7397497892379761,0.20396962761878967
h256_wd0.0001_s1,l11,20,0.0005,0.38861721415411343,0.6489869952201843,0.9481248176438464,0.7587404214559387,1.3934449463605922,0.27805770554454096,0.7567224502563477,0.23163451254367828
h256_wd0.0001_s1,l11,21,0.0005,0.3726530826904557,0.6056248545646667,0.9549327807162575,0.7577825670498085,1.3596258961777896,0.2786934767702887,0.7740591764450073,0.25991928577423096
h256_wd0.0001_s1,l11,22,0.0005,0.3824840106747367,0.597817599773407,0.959788130204164,0.7602969348659004,1.714050040948212,0.30509696770394135,0.7922762036323547,0.28346455097198486
h256_wd0.0001_s1,l11,23,0.0005,0.3856982656500556,0.6200087666511536,0.9574315276021756,0.7576628352490422,1.9797017260137566,0.30299662904027835,0.8126408457756042,0.2919676601886749
h256_wd0.0001_s1,l11,24,0.0005,0.44550948522307654,0.6925199627876282,0.96005745621582,0.7575431034482758,2.3634630936121788,0.39504294746596874,0.8334701657295227,0.28528866171836853
h256_wd0.0001_s1,l11,25,0.0005,0.3577642691406337,0.6272472739219666,0.9596010982516253,0.7617337164750958,1.5043379366380343,0.2709456463946697,0.8507363796234131,0.30435383319854736
h256_wd0.0001_s1,l11,26,0.0005,0.32544529370286246,0.6188597679138184,0.9650175435971481,0.7654454022988506,1.438740327523264,0.25778433456816185,0.8637600541114807,0.33249011635780334
h256_wd0.0001_s1,l11,27,0.0005,0.32720201733437454,0.6491548418998718,0.9684290064114554,0.7592193486590039,1.598607604122382,0.26103751455120716,0.8770309686660767,0.35799625515937805
h256_wd0.0001_s1,l11,28,0.0005,0.299828093837608,0.6586492657661438,0.9722594207994494,0.7605363984674329,1.574098101604914,0.22869479286880876,0.8895250558853149,0.39124658703804016
h256_wd0.0001_s1,l11,29,0.0005,0.3345849019559947,0.6417557001113892,0.9783342186179086,0.7590996168582376,2.0284719234021646,0.24108616721543383,0.9017157554626465,0.41166549921035767
h256_wd0.0001_s1,l11,30,0.0005,0.2795231884176081,0.649287223815918,0.978079855162456,0.7585009578544061,1.584394980299596,0.20884305449513055,0.914277970790863,0.42694687843322754
h256_wd0.0001_s1,l11,31,0.0005,0.27062610333616083,0.6853588819503784,0.9791945655995871,0.7577825670498084,1.5944450966264492,0.20147904637761319,0.925910472869873,0.4569738209247589
h256_wd0.0001_s1,l11,32,0.0005,0.28500249778682535,0.7446044683456421,0.9854638766486867,0.7567049808429119,1.8056957215367448,0.21327495494645773,0.9375497698783875,0.4793086051940918
h256_wd0.0001_s1,l11,33,0.0005,0.24224119565703653,0.7246204018592834,0.9846409360575161,0.7570641762452107,1.7046981351497559,0.19216792049177034,0.9491404294967651,0.5086092948913574
h256_wd0.0001_s1,l11,34,0.0005,0.23474547199227594,0.7060996890068054,0.9875885596295272,0.7619731800766284,1.610081798989974,0.17656791546147588,0.9599030613899231,0.5366664528846741
h256_wd0.0001_s1,l11,35,0.0005,0.31327296793460846,0.6989232301712036,0.9908429156037017,0.7587404214559388,2.59051957676004,0.2964488751226227,0.9726095199584961,0.5465149283409119
h256_wd0.0001_s1,l11,36,0.0005,0.28098155761306937,0.7267259955406189,0.9868479130974736,0.7618534482758621,2.0859222552943866,0.19355894031968743,0.9867600798606873,0.5535961389541626
h256_wd0.0001_s1,l11,37,0.0005,0.2419798509641127,0.7791894674301147,0.98924192208997,0.759698275862069,2.0526874089295166,0.19339303548077338,0.9971823692321777,0.5757545828819275
h256_wd0.0001_s1,l11,38,0.0005,0.24172610687938603,0.7714892029762268,0.9921895456619809,0.7583812260536399,1.9917362703349193,0.21479147751679217,1.0083801746368408,0.5960496068000793
h256_wd0.0001_s1,l11,39,0.0005,0.24673160876740108,1.1669700145721436,0.994785549163219,0.7513170498084291,2.27529624140386,0.23920898642846175,1.0179896354675293,0.6176227927207947
h256_wd0.0001_s1,l11,40,0.0005,0.2571260942654176,0.8561657071113586,0.99073817771028,0.7582614942528737,2.2490904171035493,0.19719825738508565,1.0300877094268799,0.6196417212486267
h256_wd0.0001_s1,l11,41,0.0005,0.2333875223994255,0.8466362357139587,0.9953391637427338,0.750838122605364,2.2672580317541757,0.209484312203647,1.041474461555481,0.6286599040031433
h256_wd0.0001_s1,l11,42,0.0005,0.2024387080561031,0.7839542031288147,0.9962219545587168,0.7509578544061303,1.8350506829611613,0.16373863886730022,1.051135778427124,0.6539327502250671
h256_wd0.0001_s1,l11,43,0.0005,0.20908144184134222,0.7978237271308899,0.9954289390799524,0.7540708812260536,2.1869644626022224,0.17182533527873287,1.061293125152588,0.6810593605041504
h256_wd0.0001_s1,l11,44,0.0005,0.22058446840806442,0.9968869686126709,0.9928254543006128,0.7521551724137931,2.493554071343452,0.195622746036669,1.071068286895752,0.701961100101471
h256_wd0.0001_s1,l11,45,0.0005,0.2091588435525244,0.8031871318817139,0.9953840514113431,0.7628113026819925,2.104221399533418,0.17048599605897524,1.0817021131515503,0.7149616479873657
h256_wd0.0001_s1,l11,46,0.0005,0.17070552842183548,0.793967068195343,0.9980773115279014,0.7574233716475096,1.7931053662658991,0.1310262917412817,1.0893043279647827,0.735421895980835
h256_wd0.0001_s1,l12,1,0.0005,0.7017293626611883,0.6821374297142029,0.6956165630213864,0.5920145190562613,0.9226913106566405,0.27335861368187675,0.2411394566297531,0.030815262347459793
h256_wd0.0001_s1,l12,2,0.0005,0.6805627779527144,0.6724916696548462,0.7488017594418324,0.6370235934664247,0.8264042114065228,0.2603169212081729,0.2828439474105835,0.04121088609099388
h256_wd0.0001_s1,l12,3,0.0005,0.6495859704234384,0.6669259667396545,0.7782648263309571,0.6574712643678161,0.7220347414442159,0.2383019244608188,0.31482017040252686,0.03475941717624664
h256_wd0.0001_s1,l12,4,0.0005,0.6434310566295277,0.6486693024635315,0.7864098286060974,0.6625529340592861,1.078816609988423,0.3103987818092567,0.3457271456718445,0.031231483444571495
h256_wd0.0001_s1,l12,5,0.0005,0.6030848676508124,0.6427826881408691,0.8010086455331411,0.67005444646098,0.8117757796484107,0.26122509196277083,0.3791270852088928,0.036034632474184036
h256_wd0.0001_s1,l12,6,0.0005,0.5730916302312504,0.6510278582572937,0.8321780676475049,0.6983666061705989,1.0827619811375895,0.3173051808595955,0.41364771127700806,0.05565878376364708
h256_wd0.0001_s1,l12,7,0.0005,0.5653570890426636,0.6493738293647766,0.8540725011375703,0.7056261343012703,1.2634582679945667,0.3584816857435517,0.4463641941547394,0.07453401386737823
h256_wd0.0001_s1,l12,8,0.0005,0.574767837470228,0.6309474110603333,0.8692173517366905,0.7157894736842105,1.7100021402856453,0.41794856006282255,0.47347113490104675,0.08034706860780716
h256_wd0.0001_s1,l12,9,0.0005,0.5396346612410112,0.6053656935691833,0.8787956924010315,0.7161524500907441,1.4876702863113132,0.37700365564354904,0.49910372495651245,0.09192395955324173
h256_wd0.0001_s1,l12,10,0.0005,0.5163335407322104,0.6146001219749451,0.8877597451842865,0.7098608590441622,1.1231616718329904,0.2698890856900864,0.5234383940696716,0.1132972314953804
h256_wd0.0001_s1,l12,11,0.0005,0.47114784067327325,0.6216681003570557,0.8956393144243895,0.7144585601935874,1.1088016035763841,0.2677387531832082,0.5463025569915771,0.1490321308374405
h256_wd0.0001_s1,l12,12,0.0005,0.5223417444662615,0.7112107872962952,0.9044820263916274,0.713006654567453,2.0328190921085447,0.4059558826715785,0.569101095199585,0.16418728232383728
h256_wd0.0001_s1,l12,13,0.0005,0.4673286866058003,0.6249545812606812,0.9120885787956923,0.7172413793103448,1.3924763182266788,0.27919812844911457,0.5893581509590149,0.17752103507518768
h256_wd0.0001_s1,l12,14,0.0005,0.44297564165158704,0.6463356018066406,0.9132109813438496,0.7310344827586207,1.3485284265342654,0.24206391520878484,0.6074567437171936,0.21093709766864777
h256_wd0.0001_s1,l12,15,0.0005,0.44944217936559155,0.6827176213264465,0.9237600485363265,0.7295825771324865,1.5961331357138904,0.28045960589914787,0.6251283884048462,0.22750535607337952
h256_wd0.0001_s1,l12,16,0.0005,0.44754289903424005,0.6761763691902161,0.9285378431669953,0.7305505142165759,1.7771241405695817,0.29986536115424056,0.6437623500823975,0.2409338355064392
h256_wd0.0001_s1,l12,17,0.0005,0.4018766636198217,0.6263821125030518,0.937471560746246,0.73502722323049,1.251790485316394,0.20809934336367839,0.6612054109573364,0.276121586561203
h256_wd0.0001_s1,l12,18,0.0005,0.4178134406154806,0.628017783164978,0.9438495373881388,0.7303085299455535,1.5998782353832717,0.2291815449721443,0.6763420701026917,0.3030402362346649
h256_wd0.0001_s1,l12,19,0.0005,0.4339560310948979,0.6352337598800659,0.9490899438798727,0.7270417422867512,1.8299611077788684,0.2535638502592656,0.6926727890968323,0.32283979654312134
h256_wd0.0001_s1,l12,20,0.0005,0.3925292437726801,0.8182280659675598,0.9440087972091613,0.7275257108287961,1.7185011378080235,0.2284290231979971,0.7089005708694458,0.34206175804138184
h256_wd0.0001_s1,l12,21,0.0005,0.37908355485309253,0.6873762011528015,0.9510768997421507,0.7278886872353297,1.7219254665038348,0.22229554553710446,0.724427342414856,0.3594895601272583
h256_wd0.0001_s1,l12,22,0.0005,0.34783524816686456,0.638775110244751,0.9598968603063855,0.7367211131276467,1.3198180021862191,0.19969081915672116,0.7378551363945007,0.3898129165172577
h256_wd0.0001_s1,l12,23,0.0005,0.33593369952657004,0.676263689994812,0.9604428939784619,0.7327283726557774,1.4572378160384651,0.18692427932086433,0.7508016228675842,0.4268942177295685
h256_wd0.0001_s1,l12,24,0.0005,0.34057155319235544,0.7152979969978333,0.9665630213863188,0.7410768300060496,1.7998892962485562,0.21214976050947676,0.7627441883087158,0.45530834794044495
h256_wd0.0001_s1,l12,25,0.0005,0.33108139444481244,0.6753766536712646,0.9687168208706203,0.7386569872958257,1.97849633895797,0.23738064808628997,0.7771913409233093,0.4780333936214447
h256_wd0.0001_s1,l12,26,0.0005,0.3510854339057749,0.6708900332450867,0.9720688609130896,0.7346642468239565,2.3953328233047624,0.25393517103618635,0.79078209400177,0.49314504861831665
h256_wd0.0001_s1,l12,27,0.0005,0.39465765248645435,0.6750220060348511,0.9781586531169423,0.7335753176043557,2.6127290857268215,0.3134925088588987,0.8045216202735901,0.4850829839706421
h256_wd0.0001_s1,l12,28,0.0005,0.36195076460188086,0.8023436665534973,0.967078719854391,0.7392619479733817,2.0647975910217853,0.2201363560542421,0.8199709057807922,0.48823797702789307
h256_wd0.0001_s1,l12,29,0.0005,0.28838987716219644,0.6839383244514465,0.977028666767784,0.7367211131276467,1.4584246845480415,0.1854843647080723,0.8317058682441711,0.5168160796165466
h256_wd0.0001_s1,l12,30,0.0005,0.28371780433438043,0.7663122415542603,0.9702108296678295,0.738294010889292,1.6557980462743778,0.18350274462901145,0.8421337008476257,0.5562589168548584
h256_wd0.0001_s1,l12,31,0.0005,0.31666673719882965,0.7820982933044434,0.9819581374184742,0.7425287356321837,2.3051713463114214,0.19831273090338053,0.8535176515579224,0.5775507688522339
h256_wd0.0001_s1,l12,32,0.0005,0.3225110593167218,0.6918751001358032,0.9827544365235856,0.7409558378705384,2.2209764541960997,0.2340114324435368,0.8656976819038391,0.5872556567192078
h256_wd0.0001_s1,l12,33,0.0005,0.25721183961088007,0.7137873768806458,0.9847413923858638,0.7443436176648518,1.6435825402912776,0.18668797299405257,0.8754160404205322,0.6251686811447144
h256_wd0.0001_s1,l12,34,0.0005,0.24350893836129794,0.698327362537384,0.9888821477324434,0.747610405323654,1.52858398287593,0.1523934071954473,0.8844990134239197,0.6607621312141418
h256_wd0.0001_s1,l12,35,0.0005,0.24158457124775107,0.7927665114402771,0.9868345214621568,0.7408348457350272,1.6792286635013118,0.16478947658091697,0.8935202956199646,0.6974427700042725
h256_wd0.0001_s1,l12,36,0.0005,0.21294201707298105,0.763932466506958,0.9892689215834978,0.7443436176648517,1.4464881130529283,0.13505917977777962,0.9018623232841492,0.7286800146102905
h256_wd0.0001_s1,l12,37,0.0005,0.23115021735429764,0.7241214513778687,0.9936220233581071,0.7404718693284936,1.8685172473568732,0.14950312054721693,0.9100862741470337,0.7526475191116333
h256_wd0.0001_s1,l12,38,0.0005,0.19517371092330327,0.8465164303779602,0.9944486576672229,0.7482153660012099,1.8887667099047802,0.1395941833620168,0.9181944131851196,0.7836681604385376
h256_wd0.0001_s1,l12,39,0.0005,0.20033634487878194,0.8314359784126282,0.9933414227210677,0.7305505142165758,2.118738115450082,0.165803665319014,0.9276239275932312,0.8165827393531799
h256_wd0.0001_s1,l12,40,0.0005,0.22159868106245995,0.7300915718078613,0.995191870165327,0.7500302480338777,2.3442065379831503,0.1692081626077597,0.9365954399108887,0.8330413103103638
h256_wd0.0001_s1,l12,41,0.0005,0.1798594126647169,0.785758376121521,0.9967844683755498,0.7399879007864488,1.7891325055943588,0.12747996416712215,0.9451001286506653,0.8682025074958801
h256_wd0.0001_s1,l12,42,0.0005,0.18358432603153316,0.7396044731140137,0.9958744122554225,0.7517241379310345,1.853319267502308,0.12046409433761963,0.9545541405677795,0.9004140496253967
h256_wd0.0001_s1,l12,43,0.0005,0.1684784208509055,0.810644268989563,0.9961019262854542,0.755837870538415,1.7584035095084358,0.12604538318500136,0.9623088240623474,0.9363909959793091
h256_wd0.0001_s1,l12,44,0.0005,0.17144649509679188,0.7976334095001221,0.9976414378886698,0.7607985480943739,2.122634382492725,0.13207853889866758,0.9696568846702576,0.9682854413986206
h256_wd0.0001_s1,l12,45,0.0005,0.17121698436411945,0.8606991767883301,0.9967768845745487,0.7500302480338777,1.8494227954109446,0.12796399227276442,0.9780616760253906,0.9982214570045471
h256_wd0.0001_s1,l12,46,0.0005,0.1742787151174112,0.8091955780982971,0.9980812983467314,0.7526920750151239,1.9535599925019747,0.1244979346592417,0.986122190952301,1.0229345560073853
h256_wd0.0001_s1,l12,47,0.0005,0.1845851212062619,0.8898455500602722,0.9966176247535264,0.7512401693889896,2.740366891003516,0.13215231009621947,0.9953125715255737,1.0367209911346436
h256_wd0.0001_s1,l12,48,0.0005,0.3399308232421225,0.7639653086662292,0.9964507811315031,0.7483363581367212,4.375983663961471,0.2620864027230932,1.0076630115509033,1.0155092477798462
h256_wd0.0001_s1,l12,49,0.0005,0.17584942856972868,0.7462737560272217,0.9964280297285,0.7509981851179673,1.9230926217586684,0.12779704932302105,1.0164704322814941,1.0367704629898071
h256_wd0.0001_s1,l12,50,0.0005,0.19237501208077779,0.7828006744384766,0.9979296223267101,0.7474894131881428,1.9189954999095038,0.11833823871032695,1.0235549211502075,1.0689196586608887
h256_wd0.0001_s1,l12,51,0.0005,0.220438324930993,0.7310398817062378,0.9992795389048992,0.7474894131881428,2.945291194874811,0.15402527729168677,1.0312002897262573,1.0941203832626343
h256_wd0.0001_s1,l12,52,0.0005,0.22484012286771426,0.9655991196632385,0.9949112695282876,0.7405928614640048,2.9952318163714526,0.15517548415888996,1.0405044555664062,1.109024167060852
h256_wd0.0001_s1,l12,53,0.0005,0.17573105747049506,0.8954803347587585,0.9982405581677537,0.7289776164549304,2.4590856052875742,0.12594178457612132,1.047861099243164,1.1274398565292358
h256_wd0.0001_s1,l12,54,0.0005,0.13976350528272716,0.8788895606994629,0.9989837706658578,0.7447065940713853,1.7755091526591043,0.10084947093788411,1.0536352396011353,1.1604458093643188
h256_wd0.0001_s1,l12,55,0.0005,0.1472107752818953,0.9164906740188599,0.999256787501896,0.7474894131881428,2.311526037871904,0.10244080937360293,1.0592248439788818,1.186042308807373
h256_wd0.0001_s1,l12,56,0.0005,0.13037515042180364,0.9000805616378784,0.9996132261489459,0.7473684210526316,1.8331679131913332,0.09875945428945489,1.0649077892303467,1.217666506767273
h256_wd0.0001_s1,l12,57,0.0005,0.12791324880990115,0.9475136399269104,0.9991278628848779,0.7442226255293405,2.3458075900225097,0.09646728884934927,1.0705076456069946,1.2487713098526
h256_wd0.0001_s1,l12,58,0.0005,0.1323527835986831,0.8701048493385315,0.9991202790838768,0.7520871143375681,2.2670924234284473,0.09473433391556126,1.0757983922958374,1.273972988128662
h256_wd0.0001_s1,l12,59,0.0005,0.1355116663669998,0.9322395920753479,0.9995753071439406,0.7329703569267997,2.47597786155082,0.10289846845987731,1.0819698572158813,1.291273832321167
h256_wd0.0001_s1,l12,60,0.0005,0.13829342817718332,0.8986217975616455,0.999378128317913,0.7497882637628553,2.380891420039707,0.10038889530915518,1.0875872373580933,1.3176288604736328
h256_wd0.0001_s1,l12,61,0.0005,0.19941901466385883,0.9997408390045166,0.9994236311239193,0.746400483968542,3.456270143451533,0.1461260878667374,1.0940923690795898,1.3295665979385376
h256_wd0.0001_s1,l12,62,0.0005,0.18795664845542473,0.9133574366569519,0.9992871227059003,0.7553539019963702,2.99204181008527,0.13064077845713787,1.1019829511642456,1.3341344594955444
h256_wd0.0001_s1,l12,63,0.0005,0.1996925896541639,0.8667035698890686,0.9996132261489459,0.7419237749546279,3.0381479808414182,0.1475924845244607,1.1092112064361572,1.3473381996154785
h256_wd0.0001_s1,l12,64,0.0005,0.16908845203843983,0.8948950171470642,0.9991961170938876,0.7461584996975196,2.3301292322756817,0.09640640485924402,1.1146481037139893,1.3706297874450684
h256_wd0.0001_s1,l13,1,0.0005,0.7141168063337152,0.6930651068687439,0.5980777806089947,0.5728216818642351,0.8225079220407373,0.2636222266107272,0.242474764585495,0.03918398916721344
h256_wd0.0001_s1,l13,2,0.0005,0.6947068707509474,0.6825953125953674,0.7375063702382468,0.6369047619047619,0.7384135086688608,0.2961137718963582,0.27965882420539856,0.05391046404838562
h256_wd0.0001_s1,l13,3,0.0005,0.6764988899230957,0.6859748363494873,0.7425945980379667,0.6280395136778115,0.5075827878617462,0.20355356674480748,0.2948571443557739,0.05534544959664345
h256_wd0.0001_s1,l13,4,0.0005,0.6671408062631433,0.676754891872406,0.7092384380175819,0.6260131712259371,0.5237240193191335,0.19743885025200084,0.3113004267215729,0.048524338752031326
h256_wd0.0001_s1,l13,5,0.0005,0.6581250158223239,0.6804698705673218,0.7621034526691298,0.6472897669706179,0.7211069526287278,0.25628800321015405,0.3315548002719879,0.04908331483602524
h256_wd0.0001_s1,l13,6,0.0005,0.6461337344212965,0.6764242649078369,0.7728532297107912,0.6569148936170214,0.7640533465742378,0.23914948073521466,0.35395997762680054,0.053151149302721024
h256_wd0.0001_s1,l13,7,0.0005,0.6315253431146796,0.6650124192237854,0.7598022041024335,0.6603343465045594,0.8383625008911374,0.2778698928908914,0.3762219250202179,0.05459807813167572
h256_wd0.0001_s1,l13,8,0.0005,0.6212071017785505,0.6532318592071533,0.7951968403618295,0.672112462006079,0.9226598960320054,0.2793842944872655,0.3965613543987274,0.05976526066660881
h256_wd0.0001_s1,l13,9,0.0005,0.6002095558426597,0.6385703086853027,0.7981032615619825,0.6841438703140831,0.9731350229432013,0.2856199660220811,0.4157405197620392,0.07379982620477676
h256_wd0.0001_s1,l13,10,0.0005,0.5736520398746837,0.6217762231826782,0.8201442858962925,0.7017477203647416,0.7941213764178503,0.21235604243282566,0.43224573135375977,0.08767236769199371
h256_wd0.0001_s1,l13,11,0.0005,0.5595485554500059,0.6135218143463135,0.8311647980634476,0.7109929078014184,0.9018285471502481,0.2426420912891951,0.4482704699039459,0.11123274266719818
h256_wd0.0001_s1,l13,12,0.0005,0.5658752173185349,0.6364667415618896,0.8480379666199516,0.7078267477203647,1.1189239797040653,0.2760931719714334,0.4639319181442261,0.12932127714157104
h256_wd0.0001_s1,l13,13,0.0005,0.5357462370937521,0.6104837656021118,0.861821569626704,0.7215045592705167,0.8726492086552237,0.20207978716966404,0.4801343083381653,0.15934117138385773
h256_wd0.0001_s1,l13,14,0.0005,0.51227898218415,0.6029624342918396,0.8758201681742896,0.7288500506585612,0.8937420449296712,0.20023937349603152,0.4966983497142792,0.2010815292596817
h256_wd0.0001_s1,l13,15,0.0005,0.5056100501255556,0.6349703073501587,0.8715122945598166,0.7275835866261399,1.2480291710092624,0.24181153892773394,0.5142744779586792,0.23744773864746094
h256_wd0.0001_s1,l13,16,0.0005,0.4971569762988524,0.641664445400238,0.8864027264619697,0.7377152988855117,1.3507446428277705,0.23322540569464748,0.5295991897583008,0.25961780548095703
h256_wd0.0001_s1,l13,17,0.0005,0.49507821148092096,0.6043339371681213,0.8996926360045866,0.7392350557244174,1.2239773007938275,0.21847851792963582,0.5431640148162842,0.2736305296421051
h256_wd0.0001_s1,l13,18,0.0005,0.4614150822162628,0.7033815979957581,0.8992387565294941,0.7197315096251267,1.1238194420319314,0.180982718319775,0.557682454586029,0.31749075651168823
h256_wd0.0001_s1,l13,19,0.0005,0.4880071702328595,0.6092526912689209,0.9130860619187158,0.7425278622087133,1.4589780744050955,0.21213638085038286,0.5730189681053162,0.33726584911346436
h256_wd0.0001_s1,l13,20,0.0005,0.4404636716300791,0.6173829436302185,0.9170833864186521,0.7407548125633232,1.0853075109595216,0.15946085354121184,0.5862532258033752,0.36274459958076477
h256_wd0.0001_s1,l13,21,0.0005,0.41056276722387836,0.6248583197593689,0.9200933239903171,0.745694022289767,1.0942137411101178,0.16830155830090188,0.598461389541626,0.4006432592868805
h256_wd0.0001_s1,l13,22,0.0005,0.45846614647995343,0.603861927986145,0.9328099120907122,0.7382218844984803,1.8385019886043283,0.2668921845736658,0.6104931235313416,0.4121033251285553
h256_wd0.0001_s1,l13,23,0.0005,0.4758957881819118,0.623989999294281,0.9291231367053128,0.7424012158054711,2.098069867749046,0.2645597733658318,0.6250715255737305,0.41882064938545227
h256_wd0.0001_s1,l13,24,0.0005,0.528792217373848,0.6191737055778503,0.9301662632182444,0.7337892603850051,2.24595430983112,0.323807932564717,0.6381832361221313,0.384716659784317
h256_wd0.0001_s1,l13,25,0.0005,0.4352971356023442,0.6502161622047424,0.9279605682252516,0.7339159067882473,1.446363830191776,0.213173277092471,0.6493131518363953,0.39678487181663513
h256_wd0.0001_s1,l13,26,0.0005,0.4422247233715924,0.6263071894645691,0.943440247165244,0.7294832826747721,1.6606157038156382,0.2143289499863516,0.6606752276420593,0.42430737614631653
h256_wd0.0001_s1,l13,27,0.0005,0.4058746085925536,0.6696423888206482,0.9370461205249075,0.7375886524822695,1.1181506441803821,0.16886245409851483,0.6723366975784302,0.466958612203598
h256_wd0.0001_s1,l13,28,0.0005,0.3678579777479172,0.6499412655830383,0.9476684928016307,0.7408814589665654,1.2069922974672838,0.15779851820495872,0.6822211146354675,0.5088159441947937
h256_wd0.0001_s1,l13,29,0.0005,0.3607309616424821,0.6916602253913879,0.9514030449738821,0.7322695035460993,1.2691452013023392,0.15935770834986682,0.6905701756477356,0.5522674322128296
h256_wd0.0001_s1,l13,30,0.0005,0.3642198429866271,0.6822858452796936,0.9554322206650528,0.7383485309017225,1.4470312851301994,0.16216737871455403,0.6997048258781433,0.5876097679138184
h256_wd0.0001_s1,l13,31,0.0005,0.34787850081920624,0.7324553728103638,0.958266976684928,0.7559523809523809,1.632879592505252,0.1555442409517195,0.7086586356163025,0.6179840564727783
h256_wd0.0001_s1,l13,32,0.0005,0.3265971703962846,0.7095875144004822,0.9627659574468085,0.7501266464032422,1.5145733312881122,0.16790698439038754,0.7175222635269165,0.6469430923461914
h256_wd0.0001_s1,l13,33,0.0005,0.3180040222677318,0.6757001280784607,0.9708561600203847,0.7412613981762919,1.6582854359642527,0.13132520735304157,0.7266906499862671,0.6847412586212158
h256_wd0.0001_s1,l13,34,0.0005,0.3039396252821792,0.713739275932312,0.9700917314307556,0.743161094224924,1.4472361152119932,0.1351057368339862,0.7347105741500854,0.7254499197006226
h256_wd0.0001_s1,l13,35,0.0005,0.30758554420687934,0.8168814778327942,0.9665403236081029,0.7387284701114488,1.8053378028819458,0.13345777430352748,0.7421285510063171,0.7613963484764099
h256_wd0.0001_s1,l13,36,0.0005,0.2859692553227598,0.7383825778961182,0.9789383997961523,0.742401215805471,1.7280922662410916,0.133187845144485,0.7500414252281189,0.7897826433181763
h256_wd0.0001_s1,l13,37,0.0005,0.276801735162735,0.7918236255645752,0.9777200917314308,0.7360688956433639,1.813011743540501,0.11945654993793307,0.7582504749298096,0.8229972720146179
h256_wd0.0001_s1,l13,38,0.0005,0.2625469301234592,0.7950971126556396,0.9830949802522615,0.7411347517730498,1.875183407528575,0.12065883044112778,0.7659244537353516,0.8522667288780212
h256_wd0.0001_s1,l13,39,0.0005,0.27370877767151053,0.7739193439483643,0.9866463880749139,0.7364488348530901,2.018822878917739,0.12958837772988238,0.7740094661712646,0.8811238408088684
h256_wd0.0001_s1,l13,40,0.0005,0.29351668059825897,0.897266149520874,0.9751242196458147,0.7258105369807498,2.589826860305514,0.15223328336934683,0.7831028699874878,0.9054374098777771
h256_wd0.0001_s1,l13,41,0.0005,0.25946766612204636,0.8526014685630798,0.9843690279016435,0.7317629179331306,2.011571633497485,0.11733010684552703,0.7913545966148376,0.9363276362419128
h256_wd0.0001_s1,l13,42,0.0005,0.2699354968287728,0.863925039768219,0.9813033507453179,0.7450607902735562,2.2429614268859823,0.12527036358222665,0.7993581891059875,0.9675833582878113
h256_wd0.0001_s1,l13,43,0.0005,0.2430415436286818,0.8724462985992432,0.9868534208179386,0.7407548125633232,1.7831439294936493,0.115740574744364,0.8071631789207458,0.9955726265907288
h256_wd0.0001_s1,l13,44,0.0005,0.23539953272451053,0.8551992177963257,0.9891068925977832,0.7369554204660588,2.0625193325765117,0.1086634004240023,0.8140628337860107,1.0324393510818481
h256_wd0.0001_s1,l13,45,0.0005,0.22268398647958582,0.9527698755264282,0.9918062810549114,0.7475937183383993,1.7693805287265543,0.10687089144716871,0.8208490610122681,1.0629618167877197
h256_wd0.0001_s1,l13,46,0.0005,0.2198633151975545,0.9708864092826843,0.9876178494075678,0.7491134751773049,2.158870457297331,0.11443650996966358,0.8273946642875671,1.0948654413223267
h256_wd0.0001_s1,l13,47,0.0005,0.22203450074250047,0.8443118333816528,0.9914161039622882,0.7402482269503546,2.183195604964259,0.09827622524029542,0.8340083956718445,1.1142109632492065
h256_wd0.0001_s1,l13,48,0.0005,0.2171603265133771,0.9106118083000183,0.9900305771435851,0.7541793313069909,2.3682724944331346,0.1210302669702486,0.8407277464866638,1.1443489789962769
h256_wd0.0001_s1,l13,49,0.0005,0.21572480655529283,0.9397035241127014,0.9926583004204357,0.7369554204660589,2.064793060976442,0.09870814424318777,0.8472335934638977,1.1738169193267822
h256_wd0.0001_s1,l13,50,0.0005,0.23642142523418774,1.016526699066162,0.9890909670021658,0.7369554204660587,2.879541550105343,0.12630317188633675,0.8538311719894409,1.1957064867019653
h256_wd0.0001_s1,l13,51,0.0005,0.20676864006302573,0.9386410713195801,0.9947445534462989,0.7406281661600811,2.175691890963798,0.10256588592718058,0.8605159521102905,1.2170345783233643
h256_wd0.0001_s1,l14,1,0.0005,0.7129873192828634,0.7000324726104736,0.7073004749218115,0.6072001834441642,0.9759267474210737,0.2957239654945272,0.2466859370470047,0.037727877497673035
h256_wd0.0001_s1,l14,2,0.0005,0.6780302472736525,0.6822832226753235,0.7420146530754084,0.6117862875487273,0.6862522199012396,0.22241978045832828,0.2820722162723541,0.047302283346652985
h256_wd0.0001_s1,l14,3,0.0005,0.6530228749565457,0.674430787563324,0.756139233175026,0.6254299472598028,0.7430541464348756,0.24764201721991086,0.30584070086479187,0.039442095905542374
h256_wd0.0001_s1,l14,4,0.0005,0.640438771766165,0.6705963611602783,0.7739632804355381,0.6536344875028662,1.0185555919394218,0.3168706133037577,0.3323739469051361,0.04100967198610306
h256_wd0.0001_s1,l14,5,0.0005,0.630765033804852,0.659941554069519,0.7754980887292945,0.6372391653290529,1.0248693639196653,0.280901954531299,0.3569521903991699,0.04392500966787338
h256_wd0.0001_s1,l14,6,0.0005,0.6090105331462362,0.6451565623283386,0.7986939650179544,0.658908507223114,0.998344426042962,0.29779240684884206,0.38057440519332886,0.05510373413562775
h256_wd0.0001_s1,l14,7,0.0005,0.598181400610053,0.6382832527160645,0.824141376114908,0.6821829855537721,1.1238942976445343,0.3231455273883853,0.40246349573135376,0.06643623858690262
h256_wd0.0001_s1,l14,8,0.0005,0.5580568404301353,0.6279734969139099,0.83613025599444,0.6852786058243522,1.0495510873662388,0.28845518048924823,0.42734625935554504,0.09540063142776489
h256_wd0.0001_s1,l14,9,0.0005,0.5577047881872758,0.6280685067176819,0.8498421753735664,0.686310479247879,0.973645375167628,0.24217138012937947,0.450211763381958,0.1214546337723732
h256_wd0.0001_s1,l14,10,0.0005,0.5241895654927129,0.6218582987785339,0.8701928645893665,0.7030497592295345,1.174042117323819,0.2745986699435132,0.4760175347328186,0.1630275696516037
h256_wd0.0001_s1,l14,11,0.0005,0.5390978481458581,0.6468070149421692,0.8648644735317965,0.6963999082779179,1.41277765866371,0.30630350332457706,0.4970921576023102,0.18267038464546204
h256_wd0.0001_s1,l14,12,0.0005,0.5395656176235365,0.617007315158844,0.880864126028032,0.7083237789497822,1.5958309439709484,0.32147495172648183,0.5186550617218018,0.1854707896709442
h256_wd0.0001_s1,l14,13,0.0005,0.5077062404674032,0.6556391716003418,0.8899933395111781,0.7207062600321027,1.2343313426302245,0.24891824988465613,0.5372323989868164,0.2034369856119156
h256_wd0.0001_s1,l14,14,0.0005,0.4802828275639078,0.6115705370903015,0.9025613923317503,0.7215088282504013,1.131096372345814,0.23710664061782655,0.5546480417251587,0.23308151960372925
h256_wd0.0001_s1,l14,15,0.0005,0.4605601442896802,0.6200655698776245,0.9074336846982507,0.7193304288007336,1.3030769187066744,0.23249815189753487,0.5711560249328613,0.2660241425037384
h256_wd0.0001_s1,l14,16,0.0005,0.45652801316717395,0.636268675327301,0.9198859029306151,0.7217381334556295,1.3139483947700692,0.2237708998852884,0.5879424810409546,0.3005509078502655
h256_wd0.0001_s1,l14,17,0.0005,0.42698316600011743,0.6237084269523621,0.92247770184177,0.7310249942673699,1.2294063815945997,0.19011443751283946,0.6036784052848816,0.33143311738967896
h256_wd0.0001_s1,l14,18,0.0005,0.4225915359414142,0.661919891834259,0.928711050619715,0.7228846594817702,1.406443466055862,0.1993700386471218,0.6189581751823425,0.3602626621723175
h256_wd0.0001_s1,l14,19,0.0005,0.455266623393349,0.6226490139961243,0.9350891926329203,0.7307956890621417,1.8824720271975328,0.24056176886906624,0.6349881291389465,0.3654012084007263
h256_wd0.0001_s1,l14,20,0.0005,0.408170882774436,0.6295537948608398,0.9399035677053168,0.7358404035771612,1.5276395451063731,0.1940864974122262,0.6490954160690308,0.3917948603630066
h256_wd0.0001_s1,l14,21,0.0005,0.3921531361082326,0.6371666789054871,0.9473459399976834,0.7325154781013529,1.5042107081510991,0.21424239892101288,0.6637245416641235,0.41991832852363586
h256_wd0.0001_s1,l14,22,0.0005,0.44708936240362085,0.7601418495178223,0.9429297463222517,0.7280440265994038,2.231760923805116,0.29113212229624497,0.6797277331352234,0.4200352430343628
h256_wd0.0001_s1,l14,23,0.0005,0.4097667077313299,0.6398576498031616,0.9487649137032318,0.7280440265994037,1.7188967751354058,0.2458026401966623,0.6947841048240662,0.437236487865448
h256_wd0.0001_s1,l14,24,0.0005,0.3673389100510141,0.6371889114379883,0.9565982277308004,0.7319422150882825,1.4401772039938872,0.18164604730169626,0.7063789963722229,0.4685516655445099
h256_wd0.0001_s1,l14,25,0.0005,0.3512328435545382,0.6863222718238831,0.9546724777018417,0.7337766567301077,1.534724367602613,0.19003205660144395,0.7176126837730408,0.5096709728240967
h256_wd0.0001_s1,l14,26,0.0005,0.3331586005895034,0.6876853108406067,0.9684640333603614,0.724031185507911,1.4031568081949652,0.14311948404065097,0.7280503511428833,0.5447573661804199
h256_wd0.0001_s1,l14,27,0.0005,0.3144115280845891,0.6952072978019714,0.9698612880806208,0.7274707635863333,1.6063810488825958,0.15943417141103358,0.7392432689666748,0.5815977454185486
h256_wd0.0001_s1,l14,28,0.0005,0.337829225089239,0.6873794198036194,0.9698902467276729,0.729878468241229,1.9150444797265134,0.1795099526412588,0.7500972151756287,0.6134727001190186
h256_wd0.0001_s1,l14,29,0.0005,0.31415480893591174,0.70076584815979,0.9751028031970346,0.7290759000229304,1.9270706057536378,0.1661464225775488,0.7620044350624084,0.6513705849647522
h256_wd0.0001_s1,l14,30,0.0005,0.32794952327790466,0.7315757870674133,0.9766014131819761,0.7249484063288236,2.120795456602594,0.17501184208632112,0.7739328145980835,0.6826218366622925
h256_wd0.0001_s1,l14,31,0.0005,0.31970379598762677,0.9907248616218567,0.9762104714467741,0.724031185507911,2.258438438858813,0.17512694004540516,0.7861892580986023,0.7047653198242188
h256_wd0.0001_s1,l14,32,0.0005,0.2959464775479358,0.7538812160491943,0.9759570832850689,0.7367576243980739,2.2567766669343157,0.17086490844338087,0.7982153296470642,0.7281906604766846
h256_wd0.0001_s1,l14,33,0.0005,0.37042181388191553,0.7259699106216431,0.9782013784315997,0.7344645723457922,3.009705586806015,0.2582512914325688,0.8102493286132812,0.7172812819480896
h256_wd0.0001_s1,l14,34,0.0005,0.30632657590119733,0.7298656702041626,0.9823497046218,0.7256363219445082,1.8826307031956038,0.15822891861490038,0.821259617805481,0.7333466410636902
h256_wd0.0001_s1,l14,35,0.0005,0.27757885922556336,0.8173862099647522,0.9844057685624928,0.72540701673928,1.9414104341605207,0.15541247904847502,0.830321729183197,0.7652532458305359
h256_wd0.0001_s1,l14,36,0.0005,0.3589667373377344,0.7955153584480286,0.9749507703000115,0.7256363219445082,2.881597596050856,0.21019443566003906,0.8419519662857056,0.7773420214653015
h256_wd0.0001_s1,l14,37,0.0005,0.2966551204090533,0.80110102891922,0.9715264102861114,0.72540701673928,1.8661540182674374,0.14892635051819145,0.8515346646308899,0.8046694993972778
h256_wd0.0001_s1,l14,38,0.0005,0.2577373288247896,0.7730889916419983,0.9866355843854976,0.7145150194909424,1.4969009968349496,0.12775134505926813,0.8595744371414185,0.8460637331008911
h256_wd0.0001_s1,l14,39,0.0005,0.2784217939428661,0.9458383321762085,0.9833198192980424,0.7278147213941757,2.5956389172290013,0.1834985849296106,0.8674817681312561,0.8757083415985107
h256_wd0.0001_s1,l14,40,0.0005,0.33829863790584647,0.7203537821769714,0.9845433221359898,0.7259802797523504,3.2686739411741557,0.21446100305332266,0.8776983022689819,0.8712162971496582
h256_wd0.0001_s1,l14,41,0.0005,0.2510453482037005,0.7645204067230225,0.9888871191937912,0.7233432698922265,1.7591896809894783,0.12865474471578175,0.8854315876960754,0.9056670069694519
h256_wd0.0001_s1,l14,42,0.0005,0.23548991459867227,0.7950762510299683,0.9890753503996293,0.732744783306581,1.896374512768519,0.12665836945075068,0.8923953771591187,0.9492776393890381
h256_wd0.0001_s1,l14,43,0.0005,0.2189291258868964,0.8892203569412231,0.9869179311942546,0.7213941756477872,1.9573153464734399,0.1250634663000824,0.8984361886978149,0.9836634993553162
h256_wd0.0001_s1,l14,44,0.0005,0.2450318245784096,0.8512710332870483,0.9922825205606394,0.729763815638615,2.271434494352221,0.12360419144558941,0.905154287815094,1.0099414587020874
h256_wd0.0001_s1,l14,45,0.0005,0.2349539094645044,0.8811689615249634,0.994367543148384,0.715317587709241,2.657120808253895,0.14345742016032875,0.9127102494239807,1.0362557172775269
h256_wd0.0001_s1,l14,46,0.0005,0.22373322332682816,0.8464555144309998,0.9927241399281825,0.7250630589314377,2.115198245715931,0.1260010203459353,0.9207651019096375,1.0649430751800537
h256_wd0.0001_s1,l14,47,0.0005,0.18910833156627158,0.9173905253410339,0.9909504227962469,0.7203623022242605,2.1670733635164323,0.11671679948427637,0.9271464347839355,1.1001906394958496
h256_wd0.0001_s1,l14,48,0.0005,0.22518106614765915,0.9405890703201294,0.9916888682960733,0.7231139646869984,2.718591076915017,0.1325553496062696,0.9341364502906799,1.1191896200180054
h256_wd0.0001_s1,l14,49,0.0005,0.23398022450830624,0.9626182317733765,0.991073497046218,0.7281586792020178,2.955267288868858,0.12947622308800566,0.9423467516899109,1.1316981315612793
h256_wd0.0001_s1,l14,50,0.0005,0.24416133016347885,0.8332558870315552,0.9916599096490213,0.7265535427654207,2.378978051953002,0.1063750314069988,0.9506934285163879,1.143402099609375
h256_wd0.0001_s1,l14,51,0.0005,0.21008121254651443,0.8745874166488647,0.9954752113981234,0.7252923641366659,2.1779527958726335,0.11617897133781416,0.9575912356376648,1.1726200580596924
h256_wd0.0001_s1,l14,52,0.0005,0.19559895733128424,0.9695580005645752,0.9946354106336153,0.7129098830543452,2.2391610263978055,0.10079870402214412,0.9639606475830078,1.2089036703109741
h256_wd0.0001_s1,l15,1,0.0005,0.7020408227330163,0.7093015909194946,0.5699849273773637,0.5880758807588076,0.8537231829386833,0.2657078869186912,0.23005004227161407,0.02760631963610649
h256_wd0.0001_s1,l15,2,0.0005,0.6880291586830503,0.679339587688446,0.7019303233762675,0.6504065040650406,0.7499268020217779,0.27631087389940406,0.2694680392742157,0.03999480605125427
h256_wd0.0001_s1,l15,3,0.0005,0.6730546553929647,0.6670702695846558,0.7446475061660729,0.6803523035230352,0.6912220644181767,0.2294697635240515,0.2893371284008026,0.041483402252197266
h256_wd0.0001_s1,l15,4,0.0005,0.6546770334243774,0.6552805304527283,0.7697057412989861,0.6902439024390243,0.7024722647743913,0.23283535332161134,0.311665803194046,0.037933286279439926
h256_wd0.0001_s1,l15,5,0.0005,0.6296597520510355,0.6332780122756958,0.7915353521512744,0.707859078590786,0.7955737242927693,0.25181340842948935,0.33901315927505493,0.0444532074034214
h256_wd0.0001_s1,l15,6,0.0005,0.6180781126022339,0.6271207928657532,0.7977699369690328,0.7092140921409215,0.9967388499540688,0.3034669195845818,0.36775800585746765,0.05663490667939186
h256_wd0.0001_s1,l15,7,0.0005,0.6033926890009925,0.6243935227394104,0.8193511921074267,0.7119241192411925,0.9273390129319763,0.23902707905256235,0.39606231451034546,0.07161544263362885
h256_wd0.0001_s1,l15,8,0.0005,0.5708822182246617,0.6357823014259338,0.8360766648396821,0.7334688346883469,0.8297707981687266,0.20706140147673255,0.4219622015953064,0.0974881500005722
h256_wd0.0001_s1,l15,9,0.0005,0.5635784197421301,0.5999137163162231,0.8512606193477664,0.7361788617886178,1.0565748955191165,0.25003846589607914,0.4469859302043915,0.12415705621242523
h256_wd0.0001_s1,l15,10,0.0005,0.5353642191205706,0.6483153104782104,0.8629247739106604,0.7266937669376694,1.008002960175888,0.27492083936289025,0.4711111783981323,0.15557390451431274
h256_wd0.0001_s1,l15,11,0.0005,0.5214664737383524,0.6526384353637695,0.8766956700465881,0.7489159891598917,1.2603734423297381,0.2810347749693625,0.493373304605484,0.18637917935848236
h256_wd0.0001_s1,l15,12,0.0005,0.4955665483361199,0.5859326124191284,0.8949369690326118,0.7513550135501355,1.11975584793221,0.2429792206670716,0.51460200548172,0.22085456550121307
h256_wd0.0001_s1,l15,13,0.0005,0.473254436538333,0.6070622205734253,0.9053850369964374,0.7537940379403794,1.3030226547216661,0.23940807400233638,0.5352658629417419,0.25326892733573914
h256_wd0.0001_s1,l15,14,0.0005,0.49673827631132944,0.5990865230560303,0.9170920115100026,0.7555555555555555,1.572036383720245,0.23336093702940686,0.5585669279098511,0.28383761644363403
h256_wd0.0001_s1,l15,15,0.0005,0.46348885127476286,0.5912171006202698,0.9171690874212112,0.7570460704607045,1.2211566869237231,0.21542330216314123,0.579161524772644,0.31241706013679504
h256_wd0.0001_s1,l15,16,0.0005,0.4394132125945318,0.6003838181495667,0.9272660317895314,0.7471544715447155,1.357101329636714,0.1907114691582588,0.5970029830932617,0.3393683135509491
h256_wd0.0001_s1,l15,17,0.0005,0.445477443081992,0.6149053573608398,0.9308457796656617,0.751219512195122,1.698837550059535,0.24965778578761655,0.6148480176925659,0.3632918894290924
h256_wd0.0001_s1,l15,18,0.0005,0.433169995035444,0.587580680847168,0.9365151411345575,0.7592140921409214,1.6901131485274583,0.23723990344725113,0.6317649483680725,0.38807213306427
h256_wd0.0001_s1,l15,19,0.0005,0.42538364444460186,0.6563186645507812,0.9454045628939436,0.7506775067750677,1.6778626071347442,0.2750599267625854,0.6460890769958496,0.4235323667526245
h256_wd0.0001_s1,l15,20,0.0005,0.43303602791967843,0.6519255042076111,0.9430152096464786,0.7418699186991871,1.9656966594634402,0.30121992069069997,0.6602775454521179,0.4336607754230499
h256_wd0.0001_s1,l15,21,0.0005,0.37566215225628447,0.6189736127853394,0.9520159632776104,0.74159891598916,1.509962869849323,0.19953898518172314,0.6722325086593628,0.46179285645484924
h256_wd0.0001_s1,l15,22,0.0005,0.35385223513557795,0.6132818460464478,0.955244587558235,0.75,1.4591724981218201,0.19843915239743568,0.6846932172775269,0.5036400556564331
h256_wd0.0001_s1,l15,23,0.0005,0.334879002400807,0.6236780285835266,0.9617874760208276,0.7510840108401082,1.4155379383129398,0.1588005356811284,0.6964158415794373,0.5412374138832092
h256_wd0.0001_s1,l15,24,0.0005,0.3218380475328082,0.6443162560462952,0.966694642367772,0.7428184281842818,1.5451420041228496,0.16676635349065141,0.708447277545929,0.5811494588851929
h256_wd0.0001_s1,l15,25,0.0005,0.32319442289216177,0.6715723276138306,0.9654186078377638,0.7453929539295394,1.710381150826335,0.186826125747621,0.7218319773674011,0.6169953942298889
h256_wd0.0001_s1,l15,26,0.0005,0.359542068980989,0.6458474397659302,0.9684502603453,0.7344173441734417,2.1961213912708826,0.1852272699767135,0.7377249002456665,0.6370015144348145
h256_wd0.0001_s1,l15,27,0.0005,0.31127017949308666,0.68507981300354,0.9688955878322828,0.7447154471544716,1.504041147912422,0.16014400890136365,0.7507496476173401,0.6750640869140625
h256_wd0.0001_s1,l15,28,0.0005,0.3046158779235113,0.7108389735221863,0.9804055905727596,0.7422764227642277,2.0046188515258327,0.1813301243656787,0.7619354724884033,0.7127028107643127
h256_wd0.0001_s1,l15,29,0.0005,0.28709345275447484,0.6886470913887024,0.9777421896409975,0.7430894308943089,1.8976320698210396,0.14980907178198002,0.7726789712905884,0.7500261068344116
h256_wd0.0001_s1,l15,30,0.0005,0.283821654461679,0.7698209881782532,0.9791638120032885,0.7437669376693766,1.9351541253929314,0.1327180711792303,0.7833240628242493,0.7819067239761353
h256_wd0.0001_s1,l15,31,0.0005,0.3237634627591996,0.8077928423881531,0.9766716908742121,0.7315718157181572,2.9981594641845506,0.2270637859421223,0.7948057055473328,0.797162652015686
h256_wd0.0001_s1,l15,32,0.0005,0.26681396187770934,0.7606065273284912,0.9872482186900521,0.7430894308943089,1.8555688972680493,0.14891046264612876,0.8054404854774475,0.8061553239822388
h256_wd0.0001_s1,l15,33,0.0005,0.2342545503661746,0.7597424983978271,0.9890809125787887,0.7403794037940379,1.7155490014018553,0.11932399604444244,0.8138691782951355,0.839741587638855
h256_wd0.0001_s1,l15,34,0.0005,0.25689588983853656,0.7473959922790527,0.9895262400657714,0.7369918699186992,2.407925826543268,0.1530675453356422,0.8229193687438965,0.8704900145530701
h256_wd0.0001_s1,l15,35,0.0005,0.24890850839160739,0.7631356120109558,0.9886184571115374,0.7392953929539293,2.185681760056199,0.125375474567934,0.8329904675483704,0.8924323320388794
h256_wd0.0001_s1,l15,36,0.0005,0.2556407025882176,0.9063543081283569,0.9908365305563168,0.725880758807588,2.5177781824859937,0.1486160894012466,0.8421414494514465,0.9166004061698914
h256_wd0.0001_s1,l15,37,0.0005,0.24830506387211027,0.7786146402359009,0.9910078103590025,0.7401084010840109,1.9644621583150832,0.13566974397231965,0.8505548238754272,0.9474719762802124
h256_wd0.0001_s1,l15,38,0.0005,0.21762394124553316,0.7947232723236084,0.9936797752808988,0.7379403794037941,1.9798726442238468,0.12249954463530119,0.8579819202423096,0.9775097370147705
h256_wd0.0001_s1,l16,1,0.0005,0.7057350251985632,0.6728447079658508,0.7313811492688556,0.6590589887640449,1.1941277817329083,0.3674390665996633,0.23502324521541595,0.023341313004493713
h256_wd0.0001_s1,l16,2,0.0005,0.6803581403649371,0.6641042828559875,0.741033587526535,0.6721676029962547,1.2800800896517597,0.44504746171364873,0.2775733470916748,0.03822793439030647
h256_wd0.0001_s1,l16,3,0.0005,0.6731389139009558,0.6616266369819641,0.7654050695641239,0.6891385767790262,1.2381096734308559,0.4401453998919843,0.30840739607810974,0.04674554243683815
h256_wd0.0001_s1,l16,4,0.0005,0.6279837826023931,0.6476925611495972,0.7618103684198848,0.6882022471910113,0.75618837772963,0.2666559118160727,0.33973127603530884,0.04138041287660599
h256_wd0.0001_s1,l16,5,0.0005,0.6132812344509623,0.6386011242866516,0.7844140859030022,0.7011938202247192,1.0190884844825716,0.3263091200047104,0.3746010363101959,0.03679705038666725
h256_wd0.0001_s1,l16,6,0.0005,0.5986139748407446,0.6188569664955139,0.8151983372658083,0.7219101123595506,1.2812853305893288,0.44705877373780917,0.4099080264568329,0.04138759896159172
h256_wd0.0001_s1,l16,7,0.0005,0.5856566558713499,0.61057448387146,0.8409381726196199,0.7298689138576778,1.2767473772523292,0.43089858121852687,0.44485756754875183,0.0479082316160202
h256_wd0.0001_s1,l16,8,0.0005,0.5631816244643667,0.6021187901496887,0.8560048521068944,0.7341994382022472,1.468168980276031,0.4426988691216075,0.4792447090148926,0.06441274285316467
h256_wd0.0001_s1,l16,9,0.0005,0.6263405486293461,0.6507218480110168,0.8497400128699177,0.7330290262172285,2.1303660831387394,0.6963408355599181,0.5088474154472351,0.05314838886260986
h256_wd0.0001_s1,l16,10,0.0005,0.5630136106325232,0.6245684027671814,0.859340675596713,0.7460205992509364,1.3326701911755134,0.4293229417065885,0.5350955724716187,0.053051214665174484
h256_wd0.0001_s1,l16,11,0.0005,0.5586232542991638,0.5984073281288147,0.8710641350897567,0.7485955056179776,1.444028543048332,0.448788167626876,0.5605313777923584,0.0544133298099041
h256_wd0.0001_s1,l16,12,0.0005,0.5134558431480242,0.6290798783302307,0.880250593569479,0.7439138576779026,1.1972155245439826,0.3984162133469537,0.5847439169883728,0.0615508072078228
h256_wd0.0001_s1,l16,13,0.0005,0.5006138384342194,0.6020799279212952,0.8944518820405476,0.7502340823970037,1.3217449441852223,0.37341268348687384,0.6103482246398926,0.07916823774576187
h256_wd0.0001_s1,l16,14,0.0005,0.5073859562044558,0.5936884880065918,0.8972033816818172,0.7537453183520598,1.5200690761437243,0.4268612612487111,0.6359056830406189,0.09325794130563736
h256_wd0.0001_s1,l16,15,0.0005,0.47760197131530097,0.5930380821228027,0.9101990399337272,0.7588951310861424,1.1770154729579665,0.31302964886143964,0.6596171259880066,0.10494519025087357
h256_wd0.0001_s1,l16,16,0.0005,0.45685046392938367,0.5953855514526367,0.9151177153677172,0.762874531835206,1.4488397181019217,0.31658254504825495,0.6826385855674744,0.12938648462295532
h256_wd0.0001_s1,l16,17,0.0005,0.4523014503976573,0.6293507218360901,0.9170925820457252,0.7545646067415729,1.5971296231788081,0.3703808851889257,0.7048625946044922,0.14649075269699097
h256_wd0.0001_s1,l16,18,0.0005,0.4416537116403165,0.8029025793075562,0.9265379181798681,0.7579588014981272,1.5737462152916153,0.37050294924925076,0.7259284257888794,0.1582229733467102
h256_wd0.0001_s1,l16,19,0.0005,0.46971207986707275,0.5928422808647156,0.9353545514389899,0.7653323970037453,1.9020323368582661,0.385148648792411,0.7491322755813599,0.16127870976924896
h256_wd0.0001_s1,l16,20,0.0005,0.43786199066949927,0.6029989123344421,0.9363382865257879,0.7681413857677902,1.299956157167791,0.3016370995273968,0.7703325152397156,0.17161470651626587
h256_wd0.0001_s1,l16,21,0.0005,0.40390524656876275,0.6182291507720947,0.9422702830642238,0.7598314606741574,1.3502295813392866,0.25706627541374233,0.7894196510314941,0.1968744993209839
h256_wd0.0001_s1,l16,22,0.0005,0.3950139983840611,0.8291903138160706,0.9355320675448783,0.767439138576779,1.5734222269542375,0.30216310370832755,0.8093177676200867,0.21871863305568695
h256_wd0.0001_s1,l16,23,0.0005,0.4059202761753746,0.6069191694259644,0.9472481305335099,0.7673220973782771,1.7917580972701541,0.3478930210226524,0.8270865678787231,0.2317785918712616
h256_wd0.0001_s1,l16,24,0.0005,0.3601442964180656,0.6171635389328003,0.9534833837528384,0.7723548689138576,1.34850400672089,0.2679521344133279,0.8417547941207886,0.2602275311946869
h256_wd0.0001_s1,l16,25,0.0005,0.3507474265668703,0.6359392404556274,0.9599183425912914,0.768375468164794,1.4228101342154018,0.26875854772279384,0.8567768931388855,0.28088751435279846
h256_wd0.0001_s1,l16,26,0.0005,0.3891724361025769,0.7569556832313538,0.9606727860413169,0.7542134831460674,2.026846297539196,0.3461885567690866,0.8735262155532837,0.298103928565979
h256_wd0.0001_s1,l16,27,0.0005,0.36816475443218066,0.6551144123077393,0.9563754169779362,0.7624063670411985,1.6684861064318535,0.2839107162842545,0.8925162553787231,0.30597448348999023
h256_wd0.0001_s1,l16,28,0.0005,0.3334692820258763,0.7042004466056824,0.9664050769606285,0.7619382022471911,1.7527901996262714,0.26138480988332186,0.9066192507743835,0.32938680052757263
h256_wd0.0001_s1,l16,29,0.0005,0.2935633374297101,0.6960663795471191,0.9675663281533148,0.7663857677902621,1.3172838199789525,0.21883877176653668,0.9203327298164368,0.35803037881851196
h256_wd0.0001_s1,l16,30,0.0005,0.2951790813518607,0.7391271591186523,0.9759243781388915,0.7676732209737828,1.4760286993451446,0.2145463240012301,0.9332049489021301,0.384631872177124
h256_wd0.0001_s1,l16,31,0.0005,0.33081421515216,0.725019633769989,0.9766196495536209,0.7660346441947565,2.1118610146676606,0.2996629641292027,0.9468160271644592,0.39933717250823975
h256_wd0.0001_s1,l16,32,0.0005,0.3034401218528333,0.7105934619903564,0.9817602201199713,0.7631086142322098,1.8802950117598927,0.2599096798465649,0.960314154624939,0.41339609026908875
h256_wd0.0001_s1,l16,33,0.0005,0.26639799320179486,0.7179515957832336,0.9849037344950776,0.7599485018726593,1.4801379315826686,0.1919570521639539,0.9735605120658875,0.44242143630981445
h256_wd0.0001_s1,l16,34,0.0005,0.27052249727041827,0.7182411551475525,0.9855324373700989,0.7585440074906368,1.6551029331894105,0.20458494404081123,0.9856122732162476,0.46564316749572754
h256_wd0.0001_s1,l16,35,0.0005,0.2736396180546802,0.7280206084251404,0.987573872587815,0.7624063670411986,1.8139695861593241,0.1928300035921655,0.9992569088935852,0.4835003614425659
h256_wd0.0001_s1,l16,36,0.0005,0.249670572578907,0.7514283657073975,0.9908431275379256,0.7605337078651686,1.8606552734874686,0.1973092071598127,1.0119212865829468,0.5089495778083801
h256_wd0.0001_s1,l16,37,0.0005,0.25711187979449396,0.7445650100708008,0.9907839555026294,0.7622893258426966,2.0354132395928417,0.2285416005935315,1.0254240036010742,0.5248488783836365
h256_wd0.0001_s1,l16,38,0.0005,0.2260944558226544,0.8039520382881165,0.9902662001937885,0.7601825842696629,1.6433743350296852,0.19089673110439004,1.03700590133667,0.5542025566101074
h256_wd0.0001_s1,l16,39,0.0005,0.2583504688480626,0.8073241114616394,0.9910206436438139,0.7535112359550561,2.39540143607624,0.24176415016628156,1.0496693849563599,0.5757477879524231
h256_wd0.0001_s1,l16,40,0.0005,0.3259199864190558,0.7809087634086609,0.9888164853290334,0.7442649812734082,2.7834743152354315,0.29134870876662844,1.067280650138855,0.5661852359771729
h256_wd0.0001_s1,l16,41,0.0005,0.2727123771024787,0.7913732528686523,0.9918194661203115,0.7494147940074906,2.6718799321850226,0.2658092147113042,1.0816353559494019,0.5722690224647522
h256_wd0.0001_s1,l16,42,0.0005,0.20703630570484244,0.8768590688705444,0.994533983239521,0.7505852059925093,1.7376131810881674,0.19668183569956704,1.0924253463745117,0.5941851139068604
h256_wd0.0001_s1,l16,43,0.0005,0.19396282538123752,0.8819261789321899,0.9907543694849814,0.7606507490636704,1.7385330134963952,0.17397314165136635,1.1025012731552124,0.6269063949584961
h256_wd0.0001_s1,l16,44,0.0005,0.18543597181206165,0.8751958012580872,0.9961834037234003,0.7586610486891385,1.6647815316791283,0.1583505728419787,1.1134856939315796,0.652466893196106
h256_wd0.0001_s1,l17,1,0.0005,0.716209736737338,0.6815330982208252,0.7392514295338075,0.6170731707317073,1.0806832141894154,0.32464201540466336,0.23802407085895538,0.0362715870141983
h256_wd0.0001_s1,l17,2,0.0005,0.6800123696977441,0.6774805784225464,0.7540159273724647,0.6446726572528884,0.688637920563862,0.21380157542197112,0.27824851870536804,0.04979933798313141
h256_wd0.0001_s1,l17,3,0.0005,0.6600651957771995,0.665944516658783,0.7625490211803579,0.6385109114249038,0.9164860143978447,0.2678040089273241,0.30464476346969604,0.042355362325906754
h256_wd0.0001_s1,l17,4,0.0005,0.6396942084485834,0.6731494665145874,0.7758859901676947,0.6539152759948652,0.9166992962532745,0.2920541266912167,0.33189478516578674,0.040050189942121506
h256_wd0.0001_s1,l17,5,0.0005,0.6225380166010424,0.6456037759780884,0.7940829731095267,0.6680359435173299,1.0941680284467385,0.31688044004275095,0.36382436752319336,0.04867422953248024
h256_wd0.0001_s1,l17,6,0.0005,0.603611106222326,0.643642246723175,0.8203960189588663,0.6790757381258022,1.0055040564977948,0.28906320117821965,0.38892728090286255,0.058462925255298615
h256_wd0.0001_s1,l17,7,0.0005,0.5680527632886713,0.6413156390190125,0.8366602240739108,0.6810012836970475,1.0252584875789272,0.26144572065623223,0.4197511672973633,0.08384131640195847
h256_wd0.0001_s1,l17,8,0.0005,0.57508430426771,0.6668412685394287,0.8486979814100457,0.6912708600770218,1.2940478970676246,0.29931744613163863,0.4483603239059448,0.10023849457502365
h256_wd0.0001_s1,l17,9,0.0005,0.5533707683736627,0.6275720596313477,0.8625241597228348,0.6974326059050064,1.3433545011495207,0.35924128261992033,0.4752656817436218,0.10982760041952133
h256_wd0.0001_s1,l17,10,0.0005,0.5286035483533685,0.6311464309692383,0.8711695310808317,0.7021822849807445,1.360806258227772,0.3173578637426718,0.4980473518371582,0.13230282068252563
h256_wd0.0001_s1,l17,11,0.0005,0.5254429077560251,0.6194444894790649,0.8857335332943035,0.7129653401797176,1.0722329300226898,0.22717784577349134,0.518384575843811,0.14853966236114502
h256_wd0.0001_s1,l17,12,0.0005,0.4833161207762631,0.6233917474746704,0.8953733629532205,0.7173299101412065,1.102240230643927,0.2441120960130771,0.5418633222579956,0.18339616060256958
h256_wd0.0001_s1,l17,13,0.0005,0.49339294162663544,0.6238867044448853,0.9048046771619443,0.717201540436457,1.5574874225543978,0.28465345128291947,0.5636510848999023,0.201546773314476
h256_wd0.0001_s1,l17,14,0.0005,0.47381191091103986,0.6554360389709473,0.9111804380428419,0.7198973042362002,1.265398179335817,0.24931453248194077,0.5846219658851624,0.2280735969543457
h256_wd0.0001_s1,l17,15,0.0005,0.45244674249128863,0.6453182697296143,0.917660456648836,0.7198973042362002,1.3715252868463923,0.2537033545687074,0.6030986905097961,0.25525349378585815
h256_wd0.0001_s1,l17,16,0.0005,0.43352275409481744,0.6847260594367981,0.9191280846251935,0.7164313222079589,1.1275365039992329,0.2081442399806912,0.621136486530304,0.28832343220710754
h256_wd0.0001_s1,l17,17,0.0005,0.4271626689217307,0.7192492485046387,0.9223600741031832,0.7157894736842105,1.7222519111146397,0.29259472116209156,0.6378220319747925,0.3151422142982483
h256_wd0.0001_s1,l17,18,0.0005,0.4270611215721477,0.6479043364524841,0.934341692664266,0.7296534017971759,1.6531231283465082,0.2606493086997465,0.6535372734069824,0.32629838585853577
h256_wd0.0001_s1,l17,19,0.0005,0.42537342418323865,0.6614232659339905,0.9390092308185835,0.7261874197689346,1.7705085458235759,0.22977410885972455,0.6699199080467224,0.34588372707366943
h256_wd0.0001_s1,l17,20,0.0005,0.41466768221421674,0.6499517560005188,0.9440697403982646,0.7313222079589217,1.7288117104966652,0.22415703093053774,0.6859748959541321,0.36607128381729126
h256_wd0.0001_s1,l17,21,0.0005,0.3952253081581809,0.6594648957252502,0.9490660913778861,0.7309370988446726,1.4788324544461537,0.2149141511483089,0.7027512788772583,0.3920642137527466
h256_wd0.0001_s1,l17,22,0.0005,0.401689427820119,0.6494023203849792,0.9592993880873519,0.7346598202824133,1.8504416533982522,0.25923144238984597,0.7176028490066528,0.4081459939479828
h256_wd0.0001_s1,l17,23,0.0005,0.3434314091097225,0.6831877827644348,0.9563721519596442,0.7324775353016688,1.3570636698859124,0.19887945913706673,0.7313880324363708,0.4429916441440582
h256_wd0.0001_s1,l17,24,0.0005,0.35013078965924005,0.6783351302146912,0.9624511793152674,0.7410783055198974,1.6706222808079219,0.19081683803411018,0.7442278861999512,0.4790254533290863
h256_wd0.0001_s1,l17,25,0.0005,0.3554700362411412,0.6733757257461548,0.9668781227193624,0.7350449293966624,1.9920382315553915,0.21170344204375563,0.757361888885498,0.5018877983093262
h256_wd0.0001_s1,l17,26,0.0005,0.31492282247001474,0.6820161938667297,0.9676239664450521,0.7377406931964056,1.7372487953703852,0.17932167889291234,0.7703930139541626,0.5329675078392029
h256_wd0.0001_s1,l17,27,0.0005,0.35553844747218216,0.673830509185791,0.9739836876759349,0.7421052631578947,2.230637027525519,0.22405237398487826,0.7836604118347168,0.5496405959129333
h256_wd0.0001_s1,l17,28,0.0005,0.32865208048712125,0.7285372018814087,0.969019415996343,0.7349165596919127,2.073191248995384,0.2084446397945636,0.7974027395248413,0.5683756470680237
h256_wd0.0001_s1,l17,29,0.0005,0.301338674669916,0.7315264940261841,0.9771114194288281,0.7356867779204108,1.5891025264121685,0.15832474595862556,0.8078134059906006,0.5915580987930298
h256_wd0.0001_s1,l17,30,0.0005,0.2891195680607449,0.7234278321266174,0.980351428731825,0.7396662387676509,1.8140950516056238,0.1723558805863647,0.8190358877182007,0.6241276860237122
h256_wd0.0001_s1,l17,31,0.0005,0.28060070967132394,0.7887921333312988,0.9803835080318548,0.731578947368421,2.2159225158757754,0.1845415475284442,0.8303951621055603,0.6581676602363586
h256_wd0.0001_s1,l17,32,0.0005,0.2545844628052278,0.7462314963340759,0.9863983767874185,0.7372272143774069,2.1215875928527197,0.1737612339548868,0.8407546281814575,0.6804575324058533
h256_wd0.0001_s1,l17,33,0.0005,0.2644562023607167,0.7646942138671875,0.9866469913626484,0.730423620025674,1.8005729060271494,0.16564721178612066,0.8516125082969666,0.7119587063789368
h256_wd0.0001_s1,l17,34,0.0005,0.2509507469155572,0.7744397521018982,0.9873366963132866,0.7378690629011554,1.8537758567339624,0.1358737710419124,0.8622264862060547,0.745357096195221
h256_wd0.0001_s1,l17,35,0.0005,0.2522540976378051,0.8466412425041199,0.9896464059154229,0.7422336328626443,2.4088813866826153,0.1703270469316126,0.8730130791664124,0.7715049982070923
h256_wd0.0001_s1,l17,36,0.0005,0.26120593872937287,0.8341831564903259,0.9910097761666841,0.740821566110398,2.468083679031734,0.19141051042033003,0.8843621015548706,0.7845699787139893
h256_wd0.0001_s1,l17,37,0.0005,0.23481671647592026,0.9969249367713928,0.9942177061696514,0.742362002567394,2.288116877812323,0.1618862526939028,0.8946670293807983,0.8087663650512695
h256_wd0.0001_s1,l17,38,0.0005,0.2519726851447062,0.8178421854972839,0.993175128918687,0.7445442875481386,2.582264721653646,0.17601458635455325,0.9057010412216187,0.830538272857666
h256_wd0.0001_s1,l17,39,0.0005,0.21998671848665585,0.8225159049034119,0.9917235405923442,0.7388960205391527,2.04893500664204,0.13054896086886167,0.91456139087677,0.8538591265678406
h256_wd0.0001_s1,l17,40,0.0005,0.21765392036600548,0.7971817851066589,0.9955570169458903,0.7383825417201542,2.2661284976226255,0.14949256256496482,0.9238025546073914,0.883544385433197
h256_wd0.0001_s1,l17,41,0.0005,0.21681530638174576,0.8981732726097107,0.9917235405923444,0.7332477535301669,2.3974422940531053,0.1621064552158461,0.9329705834388733,0.9197037220001221
h256_wd0.0001_s1,l17,42,0.0005,0.21521925045685333,0.9634729623794556,0.9964792968217434,0.7378690629011552,2.530450546782631,0.15768979230796834,0.9427262544631958,0.9471064805984497
h256_wd0.0001_s1,l17,43,0.0005,0.23381983116269112,0.9352024793624878,0.9958457306461573,0.7396662387676508,2.9517134036443893,0.17612962453080758,0.9518495202064514,0.9620304703712463
h256_wd0.0001_s1,l17,44,0.0005,0.22383236851204524,0.8095756769180298,0.9954286997457715,0.7288831835686779,2.8202075305984997,0.1596063994524479,0.9626627564430237,0.9771414399147034
h256_wd0.0001_s1,l17,45,0.0005,0.1711990741843527,0.9980905652046204,0.9952602834206158,0.7324775353016689,1.8560486951369797,0.12633941365527945,0.9704806804656982,1.0114562511444092
h256_wd0.0001_s1,l17,46,0.0005,0.186654828150164,0.8954839110374451,0.9958056315211201,0.7329910141206675,2.29315902134234,0.13668201743917285,0.9783010482788086,1.0428231954574585
h256_wd0.0001_s1,l17,47,0.0005,0.18484326553615657,1.0223478078842163,0.9982115790233457,0.7284980744544287,2.4149974550639643,0.1193225890240611,0.9854128360748291,1.075348138809204
h256_wd0.0001_s1,l17,48,0.0005,0.16388549046082931,1.0429890155792236,0.9976501912728264,0.7305519897304237,2.4704338777722583,0.11363489386498168,0.9926676154136658,1.1067403554916382
h256_wd0.0001_s1,l17,49,0.0005,0.19586477428674698,1.0200318098068237,0.9958537504711646,0.7369704749679076,2.9865833117241536,0.13636586815417437,1.000472068786621,1.122660756111145
h256_wd0.0001_s1,l17,50,0.0005,0.17898959260095249,0.955485999584198,0.9951319662204972,0.7354300385109114,2.49446597847335,0.11412898190783807,1.0080056190490723,1.131110668182373
h256_wd0.0001_s1,l17,51,0.0005,0.1450270993465727,1.002589464187622,0.9984762332485905,0.7378690629011553,2.087486828899197,0.09923097242034175,1.0137168169021606,1.1607260704040527
h256_wd0.0001_s1,l17,52,0.0005,0.16440863839604639,0.9957785606384277,0.9979790040981307,0.7320924261874197,2.5210928353873787,0.10681355034311064,1.0199123620986938,1.1835753917694092
h256_wd0.0001_s1,l17,53,0.0005,0.1293804869055748,1.038243293762207,0.9986606892237612,0.7273427471116817,1.8832216276442773,0.08673821180012929,1.0250731706619263,1.2103153467178345
h256_wd0.0001_s1,l17,54,0.0005,0.1254211880943992,1.0982379913330078,0.9990376209991098,0.7338896020539153,2.0891386625338177,0.09631921386710066,1.0307137966156006,1.2414274215698242
h256_wd0.0001_s1,l17,55,0.0005,0.13040866956792094,1.0325117111206055,0.9993022752243547,0.7346598202824134,2.019286352144583,0.08865441286657398,1.0362789630889893,1.26862633228302
h256_wd0.0001_s1,l17,56,0.0005,0.11599206636575135,1.0896109342575073,0.9993985131244436,0.7335044929396664,2.03142189580996,0.0872685800317494,1.0421630144119263,1.3007818460464478
h256_wd0.0001_s1,l17,57,0.0005,0.10736402682960033,1.1321678161621094,0.9995428699745771,0.7387676508344031,1.783219431615381,0.0819048063119993,1.0480268001556396,1.3307536840438843
h256_wd0.0001_s1,l17,58,0.0005,0.12120368060740558,1.1363064050674438,0.9988852443239689,0.7319640564826702,2.1630223191563416,0.08182917187352905,1.053161859512329,1.357347846031189
h256_wd0.0001_s1,l18,1,0.0005,0.698742232539437,0.6850973963737488,0.7229512773977383,0.6399059871350816,1.1218247954975107,0.3735125528388604,0.24058279395103455,0.026896679773926735
h256_wd0.0001_s1,l18,2,0.0005,0.6807710040699352,0.6676089763641357,0.7446523027285278,0.6416378030677882,1.1810136564108544,0.41720040190601626,0.28499117493629456,0.03675702214241028
h256_wd0.0001_s1,l18,3,0.0005,0.6418641615997661,0.685996949672699,0.7636154931980703,0.6554923305294408,0.9319221136674641,0.29605679149502684,0.31935495138168335,0.02985612489283085
h256_wd0.0001_s1,l18,4,0.0005,0.6492789794098247,0.7357226014137268,0.7599547055082445,0.6432459178624443,1.5568039102557274,0.47537037984012687,0.35347095131874084,0.03290845826268196
h256_wd0.0001_s1,l18,5,0.0005,0.6709312742406671,0.6591660380363464,0.7781888408022709,0.6537605145967343,1.6040553088089788,0.529468750803833,0.3798082172870636,0.04596485197544098
h256_wd0.0001_s1,l18,6,0.0005,0.6139342947439714,0.6466221809387207,0.8003629764065336,0.6721919841662544,0.941858068423889,0.33136584708595174,0.4103354513645172,0.04604643955826759
h256_wd0.0001_s1,l18,7,0.0005,0.6070669185031544,0.640355110168457,0.8173173871903455,0.6765215239980208,1.182842774956161,0.42624531752810263,0.4366104304790497,0.042669136077165604
h256_wd0.0001_s1,l18,8,0.0005,0.6009320941838351,0.636652946472168,0.8297733724231001,0.6849332013854528,1.3065293062661607,0.4674029072746567,0.46377530694007874,0.04296630248427391
h256_wd0.0001_s1,l18,9,0.0005,0.575819962403991,0.6431581377983093,0.838141995129291,0.6849332013854528,1.137853860086433,0.3904890884983127,0.4938820004463196,0.04286905750632286
h256_wd0.0001_s1,l18,10,0.0005,0.562906720421531,0.6277586221694946,0.8574231777498567,0.6955714992577932,1.435937691476048,0.4454178063095089,0.521083652973175,0.04968281462788582
h256_wd0.0001_s1,l18,11,0.0005,0.5734553906050596,0.6661354303359985,0.8592690834070145,0.6865413161801088,1.5687800390857218,0.5239763762407731,0.5480111837387085,0.050878461450338364
h256_wd0.0001_s1,l18,12,0.0005,0.5758783112872731,0.7009469270706177,0.865939162672375,0.6913656605640772,1.6460926144177883,0.5340199758590617,0.5739562511444092,0.05322716012597084
h256_wd0.0001_s1,l18,13,0.0005,0.5153275362469933,0.6267836093902588,0.8748351869948966,0.7017565561603167,0.9966668350675678,0.3337113119447277,0.5960711240768433,0.06156981736421585
h256_wd0.0001_s1,l18,14,0.0005,0.529406641017307,0.7203469276428223,0.8820404237827104,0.6965611083621969,1.519449070130034,0.4246011725267287,0.6166177988052368,0.0749647468328476
h256_wd0.0001_s1,l18,15,0.0005,0.48843738572164014,0.6257304549217224,0.8985682597297842,0.7088075210291935,1.0773139836393024,0.3211345968661428,0.6376098990440369,0.08902890235185623
h256_wd0.0001_s1,l18,16,0.0005,0.5019093413244594,0.6342973709106445,0.9054167248359627,0.7166006927263732,1.5956258045854244,0.4031357727096825,0.6587604284286499,0.10166289657354355
h256_wd0.0001_s1,l18,17,0.0005,0.4777154963124882,0.6716181635856628,0.9068515674686275,0.7112815437902029,1.3437692740510838,0.3387505018180323,0.6814736127853394,0.11377022415399551
h256_wd0.0001_s1,l18,18,0.0005,0.47308535332029517,0.6831944584846497,0.9136767648564381,0.7107867392380011,1.4870874044546185,0.36214063979944255,0.7016685605049133,0.12473589181900024
h256_wd0.0001_s1,l18,19,0.0005,0.4193256158720363,0.6466032862663269,0.9257682225014349,0.7177140029688273,1.0515363376251536,0.2880181504257188,0.7186777591705322,0.14495302736759186
h256_wd0.0001_s1,l18,20,0.0005,0.41979906166141684,0.66093909740448,0.9274279864116525,0.7163532904502722,1.2733002364521018,0.2928169222436239,0.7363205552101135,0.1700924187898636
h256_wd0.0001_s1,l18,21,0.0005,0.3909867229786786,0.6883472800254822,0.9373322785301006,0.712889658584859,1.1591806881401086,0.24466857251947713,0.754442572593689,0.1968456506729126
h256_wd0.0001_s1,l18,22,0.0005,0.3793915157968348,0.6843413710594177,0.9445452712240371,0.7183325086590797,1.3640641302083396,0.276476881144703,0.770906925201416,0.22200779616832733
h256_wd0.0001_s1,l18,23,0.0005,0.3840734918009151,0.6865373849868774,0.95264243721594,0.7242701632855022,1.5757884500781592,0.30620875182637947,0.7897883653640747,0.24028919637203217
h256_wd0.0001_s1,l18,24,0.0005,0.38375250521031296,0.7284411787986755,0.9539686971628895,0.7225383473527957,1.7641702000101995,0.3354640752061094,0.8096942901611328,0.2611263692378998
h256_wd0.0001_s1,l18,25,0.0005,0.3859634670344266,0.7283379435539246,0.9619650363751997,0.7224146462147452,1.8903581597566557,0.37280447178931303,0.828307569026947,0.277124285697937
h256_wd0.0001_s1,l18,26,0.0005,0.40248567678711633,0.6827989220619202,0.9569779887384243,0.7183325086590796,2.017246555103565,0.3485760922284103,0.8483662605285645,0.27870020270347595
h256_wd0.0001_s1,l18,27,0.0005,0.3463159758936275,0.7084115147590637,0.9668512572323825,0.7252597723899061,1.370267809546717,0.23706306549046216,0.8652631044387817,0.2949751913547516
h256_wd0.0001_s1,l18,28,0.0005,0.3183823390440507,0.7266359329223633,0.9713186591589495,0.7264967837704107,1.379621236805277,0.2374017462399238,0.8804358839988708,0.32781535387039185
h256_wd0.0001_s1,l18,29,0.0005,0.3327892747792331,0.7466483116149902,0.9704499976732281,0.7261256803562591,1.6229215462965392,0.27353017883469133,0.892837643623352,0.3537661135196686
h256_wd0.0001_s1,l18,30,0.0005,0.4620645202018998,0.6984553933143616,0.9705663362650658,0.7199406234537358,3.0066612734243066,0.5093284711570896,0.9114730954170227,0.3320196866989136
h256_wd0.0001_s1,l18,31,0.0005,0.3435143875804814,0.6972262859344482,0.973249879783455,0.7295893122216724,1.4787854357515455,0.25739001392461075,0.9271585941314697,0.34130486845970154
h256_wd0.0001_s1,l18,32,0.0005,0.2991295558485118,0.7043699026107788,0.9802689748243287,0.7284760019792182,1.2064502723699748,0.19592444921315122,0.9391564130783081,0.3770062327384949
h256_wd0.0001_s1,l18,33,0.0005,0.28321720321070065,0.7276469469070435,0.9804628724773916,0.7277337951509153,1.3705129340463895,0.2040343436425163,0.9503376483917236,0.4127560555934906
h256_wd0.0001_s1,l18,34,0.0005,0.2845791984688152,0.7375556826591492,0.9834333845223138,0.729218208807521,1.6948777903533538,0.20370739096973817,0.9618899822235107,0.4411769211292267
h256_wd0.0001_s1,l18,35,0.0005,0.32312122732400894,0.7357816100120544,0.981936494640669,0.7258782780801583,2.0650220379143645,0.23661498715213236,0.9754605889320374,0.45583269000053406
h256_wd0.0001_s1,l18,36,0.0005,0.26921736787665973,0.7648108601570129,0.9789582266896242,0.7240227610094012,1.545195002599133,0.198663459665876,0.9862492084503174,0.4802858829498291
h256_wd0.0001_s1,l18,37,0.0005,0.27172206139022653,0.7736666202545166,0.9846355499713031,0.7203117268678872,1.6722076958755003,0.2139371170727835,0.9970619678497314,0.5066113471984863
h256_wd0.0001_s1,l18,38,0.0005,0.2666622576388446,0.7957305312156677,0.9868382273100966,0.7303315190499753,1.838101282780585,0.2016044878148859,1.0079326629638672,0.5374580025672913
h256_wd0.0001_s1,l18,39,0.0005,0.2891440086744048,0.8814585208892822,0.9887074006856221,0.7191984166254329,2.284552617525384,0.21302008591769186,1.0188757181167603,0.5569092631340027
h256_wd0.0001_s1,l18,40,0.0005,0.24423745206811212,0.8017750382423401,0.9909023221182931,0.72105393369619,1.9318478030513133,0.18525910801943174,1.0298818349838257,0.5753985643386841
h256_wd0.0001_s1,l18,41,0.0005,0.3169361779635603,0.9646211266517639,0.9877611801386755,0.7219198416625433,2.484754266200507,0.22629772300499812,1.041481614112854,0.58226478099823
h256_wd0.0001_s1,l18,42,0.0005,0.33319089764898474,0.8715934753417969,0.9915072827958491,0.7185799109351807,2.7719645288779518,0.27398964362915756,1.0540990829467773,0.5820903182029724
h256_wd0.0001_s1,l18,43,0.0005,0.2748706686225804,0.8695224523544312,0.9877689360447981,0.7159821870361207,2.2537550412393084,0.20684523375790018,1.0646657943725586,0.5902575850486755
h256_wd0.0001_s1,l18,44,0.0005,0.23148174516179346,0.8340251445770264,0.9906541331223726,0.7191984166254329,1.6690805402884386,0.17152254251378127,1.0743112564086914,0.6092500686645508
h256_wd0.0001_s1,l18,45,0.0005,0.20580172301693397,0.8506317138671875,0.9917477158856469,0.723899059871351,1.3983381880598387,0.15090889784902828,1.082414150238037,0.6422541737556458
h256_wd0.0001_s1,l18,46,0.0005,0.1859300478615544,0.8712496161460876,0.9936401569795399,0.7271152894606631,1.3103436902415913,0.1388963497189705,1.0892469882965088,0.678580105304718
h256_wd0.0001_s1,l18,47,0.0005,0.18673133579167453,0.881842315196991,0.9960367319713962,0.7238990598713508,1.593419379203437,0.1357657925428781,1.0968488454818726,0.7092272639274597
h256_wd0.0001_s1,l18,48,0.0005,0.19211462580344893,0.9343022704124451,0.9947182279305691,0.7240227610094012,1.8249932723270517,0.15296876574563156,1.1035946607589722,0.7371033430099487
h256_wd0.0001_s1,l18,49,0.0005,0.1884901405058124,0.9350414872169495,0.9953464563264927,0.7200643245917863,1.5249800605297594,0.14362792995499418,1.11189866065979,0.7617475390434265
h256_wd0.0001_s1,l18,50,0.0005,0.1797904670238495,0.9836005568504333,0.996440039089767,0.7199406234537357,1.8336901893330333,0.14268519808440805,1.1196632385253906,0.7931148409843445
h256_wd0.0001_s1,l18,51,0.0005,0.17449924620715054,1.026657223701477,0.9966649603673197,0.722909450766947,1.9174584067284608,0.13757115576137358,1.1276805400848389,0.8178728818893433
h256_wd0.0001_s1,l18,52,0.0005,0.24462222358719868,0.8601185083389282,0.9958118106938434,0.7101682335477487,2.9609787476782956,0.22134293217403364,1.1379159688949585,0.827629804611206
h256_wd0.0001_s1,l18,53,0.0005,0.23182072964581577,0.8830952048301697,0.9980610234693719,0.7159821870361208,2.438153872815192,0.17392264197438312,1.1486788988113403,0.8320653438568115
h256_wd0.0001_s1,l18,54,0.0005,0.21503689817406915,0.9250587224960327,0.9973862596367133,0.7161058881741712,2.182261064699043,0.15948628156454447,1.1576762199401855,0.8489688634872437
h256_wd0.0001_s1,l18,55,0.0005,0.1627704558724707,0.9248215556144714,0.998107558906107,0.7154873824839189,1.569369843608605,0.10837312543867479,1.164017677307129,0.8755738735198975
h256_wd0.0001_s1,l18,56,0.0005,0.18826904757456345,0.9283716678619385,0.996835590302015,0.7182088075210291,2.1237210817560137,0.1354526955662506,1.1705654859542847,0.899482250213623
h256_wd0.0001_s1,l18,57,0.0005,0.1891815841875293,0.9496120810508728,0.9966339367428296,0.7255071746660069,2.1088285923086634,0.12159420934976115,1.1776902675628662,0.9192844033241272
h256_wd0.0001_s1,l18,58,0.0005,0.1588556763123382,1.02768075466156,0.9980998029999845,0.7123948540326571,1.6604429985044389,0.1173043164217036,1.18449068069458,0.9476736783981323
