unit,fold,epoch,lr,train_loss,val_loss,train_auc,val_auc,grad_net,grad_head,move_net,move_head
h64_wd1e-05_s2,o0,1,0.0005,0.6998425314300939,0.7080736756324768,0.6617759536351786,0.5541095890410959,0.810160695036616,0.3090785837802842,0.1984012871980667,0.015467018820345402
h64_wd1e-05_s2,o0,2,0.0005,0.6826713116545426,0.6859256029129028,0.7309676932855034,0.6277397260273974,0.7883472047175476,0.36705075414831784,0.24232077598571777,0.023302923887968063
h64_wd1e-05_s2,o0,3,0.0005,0.6668341285304019,0.6845670938491821,0.741298516627347,0.6342465753424659,0.7088439366487329,0.31803488823373066,0.272646963596344,0.02193259634077549
h64_wd1e-05_s2,o0,4,0.0005,0.6665336489677429,0.709797203540802,0.7327990175483955,0.6160958904109589,0.8703390414773571,0.3992484467652111,0.3037066161632538,0.029806310310959816
h64_wd1e-05_s2,o0,5,0.0005,0.6689727180882504,0.7022273540496826,0.7371618782923438,0.6217465753424657,0.8563711555263226,0.37275504710352036,0.3380339443683624,0.03862703591585159
h64_wd1e-05_s2,o0,6,0.0005,0.646364340656682,0.6603139042854309,0.7799286860787038,0.6883561643835617,0.8157184630543092,0.37294876641542163,0.3662964701652527,0.0411556214094162
h64_wd1e-05_s2,o0,7,0.0005,0.6254385176457857,0.6471778750419617,0.799049865882429,0.6876712328767123,0.7937828193621369,0.3500826715700262,0.39869025349617004,0.04707394167780876
h64_wd1e-05_s2,o0,8,0.0005,0.6038914009144432,0.6514655947685242,0.7995884906656325,0.6844178082191781,0.8933661729122538,0.38139533245186036,0.4311964213848114,0.053043194115161896
h64_wd1e-05_s2,o0,9,0.0005,0.5993779615352028,0.630806028842926,0.822286139029829,0.6996575342465753,1.0436168665677268,0.4158967009388333,0.46516162157058716,0.0654926523566246
h64_wd1e-05_s2,o0,10,0.0005,0.5689711633481478,0.6419016122817993,0.8300531084036238,0.7104452054794521,0.7620397601130234,0.2823353396800962,0.49758145213127136,0.08078881353139877
h64_wd1e-05_s2,o0,11,0.0005,0.5668664605993974,0.6151837706565857,0.8495620980512556,0.7268835616438356,1.0320409261352814,0.3310377570118033,0.5293884873390198,0.09835387766361237
h64_wd1e-05_s2,o0,12,0.0005,0.5476072697263015,0.6559862494468689,0.8509732949832488,0.710958904109589,1.0895154169676913,0.3150456023900589,0.5624301433563232,0.11248403042554855
h64_wd1e-05_s2,o0,13,0.0005,0.5258395577731886,0.5966267585754395,0.8725721487897102,0.7410958904109589,0.9445541535704182,0.24441926432485128,0.5929351449012756,0.13407540321350098
h64_wd1e-05_s2,o0,14,0.0005,0.5273530106795462,0.5910626649856567,0.8863286257527281,0.7546232876712329,1.2514964525828518,0.321757988276529,0.6227408051490784,0.15636411309242249
h64_wd1e-05_s2,o0,15,0.0005,0.5084047505730077,0.5892555713653564,0.8898835493218714,0.7570205479452056,1.1058960188622364,0.28311858079842234,0.6511462926864624,0.17801891267299652
h64_wd1e-05_s2,o0,16,0.0005,0.49081871070359884,0.5922311544418335,0.9009145848818796,0.7546232876712329,1.4265608305051074,0.3715230566166531,0.6750694513320923,0.19442909955978394
h64_wd1e-05_s2,o0,17,0.0005,0.49040259813007553,0.594361424446106,0.9040170636331321,0.7626712328767122,1.5279452490507706,0.3666923917677858,0.7005491256713867,0.2137259840965271
h64_wd1e-05_s2,o0,18,0.0005,0.5180645036069971,0.603909432888031,0.9086815542556743,0.7710616438356164,1.6941417584554204,0.33691300990915873,0.7221808433532715,0.217129185795784
h64_wd1e-05_s2,o0,19,0.0005,0.46968877942938553,0.5776426196098328,0.9178812655527906,0.7684931506849315,1.401000486933533,0.273842126969269,0.7434442639350891,0.2332225739955902
h64_wd1e-05_s2,o0,20,0.0005,0.4425762531004454,0.5739742517471313,0.9251742451173663,0.7667808219178083,1.1807707781188566,0.24330635411797322,0.7616673111915588,0.2536163330078125
h64_wd1e-05_s2,o0,21,0.0005,0.42966577724406596,0.5708730816841125,0.9293539734350257,0.7674657534246576,1.4147374600356288,0.22494323910266548,0.7825597524642944,0.27883586287498474
h64_wd1e-05_s2,o0,22,0.0005,0.4189377678068061,0.5569648146629333,0.9379827424619462,0.7743150684931506,1.5259427349356134,0.2691534519909254,0.8038002848625183,0.30068936944007874
h64_wd1e-05_s2,o0,23,0.0005,0.4123982802817696,0.5670344829559326,0.938887632097728,0.7743150684931507,1.5740837979313154,0.2578688888720551,0.8245643377304077,0.322160542011261
h64_wd1e-05_s2,o0,24,0.0005,0.3976996478281523,0.5813087821006775,0.9481304333775006,0.7731164383561644,1.7246127747966,0.266934516495694,0.8433915972709656,0.3409826457500458
h64_wd1e-05_s2,o0,25,0.0005,0.4143944555207303,0.5802095532417297,0.9491645929612514,0.7705479452054793,1.9394228596196903,0.27180007040687953,0.8627089262008667,0.35704609751701355
h64_wd1e-05_s2,o0,26,0.0005,0.36573818561277893,0.6143941879272461,0.9450171821305842,0.7530821917808219,1.5661221096141094,0.22052380770860971,0.8811627626419067,0.38159558176994324
h64_wd1e-05_s2,o0,27,0.0005,0.38678031375533656,0.5756018757820129,0.9569746523177025,0.7707191780821917,1.6711195152413878,0.2200702818069754,0.8987652063369751,0.4007904529571533
h64_wd1e-05_s2,o0,28,0.0005,0.3473189222185235,0.590350866317749,0.9632981072725117,0.7698630136986302,1.5180621190732335,0.18647695353303292,0.9147973656654358,0.4285668730735779
h64_wd1e-05_s2,o0,29,0.0005,0.3587901537355624,0.6211650371551514,0.9681134128343514,0.7748287671232877,2.165884198444624,0.2274748329255052,0.9303553700447083,0.44905325770378113
h64_wd1e-05_s2,o0,30,0.0005,0.3503287403207076,0.6848748922348022,0.965010934083099,0.7578767123287671,1.9583173837942316,0.2198525647527335,0.9500515460968018,0.4689550995826721
h64_wd1e-05_s2,o0,31,0.0005,0.37726742499753047,0.6604188084602356,0.9653448814486852,0.7710616438356164,2.506625733795426,0.3707616924361212,0.9661871790885925,0.47827741503715515
h64_wd1e-05_s2,o0,32,0.0005,0.35596445987099096,0.6073301434516907,0.968070322851695,0.7551369863013699,2.1863437915020705,0.2548821775219934,0.9825581908226013,0.49032318592071533
h64_wd1e-05_s2,o0,33,0.0005,0.3024731811724211,0.5953304767608643,0.9780671988279526,0.7768835616438355,1.8406032558840888,0.20933731570841954,0.9963849782943726,0.5116731524467468
h64_wd1e-05_s2,o0,34,0.0005,0.27778585412000356,0.6348528861999512,0.9773993040967801,0.7708904109589042,1.5183111626586412,0.18663762391468433,1.0087363719940186,0.541823148727417
h64_wd1e-05_s2,o0,35,0.0005,0.29454821269763143,0.6293004155158997,0.9811804500748689,0.7654109589041096,2.18867132534627,0.20345563921318666,1.0215740203857422,0.5663139820098877
h64_wd1e-05_s2,o0,36,0.0005,0.2874751271385896,0.7249937653541565,0.9752878949466223,0.7496575342465752,2.149833867694371,0.20666726283707995,1.0357738733291626,0.5910242199897766
h64_wd1e-05_s2,o0,37,0.0005,0.30161732513653605,0.5996474623680115,0.9862542955326461,0.7714041095890412,2.446551209593789,0.18252073560596632,1.0526542663574219,0.6113826632499695
h64_wd1e-05_s2,o0,38,0.0005,0.265623224409003,0.710574209690094,0.9830225468334249,0.76986301369863,1.942476833265812,0.18231050007472144,1.0670043230056763,0.6376845836639404
h64_wd1e-05_s2,o0,39,0.0005,0.2949642342956443,0.9749985337257385,0.9748354501287313,0.7529109589041095,2.965001049165203,0.23868747319479833,1.0809792280197144,0.6504976153373718
h64_wd1e-05_s2,o0,40,0.0005,0.3501631790085843,0.5964879989624023,0.987611629986319,0.773972602739726,3.0553972791870696,0.3251317182260174,1.0956597328186035,0.6517823338508606
h64_wd1e-05_s2,o0,41,0.0005,0.26035400127109726,0.6253843307495117,0.9883010697088195,0.7726027397260273,2.0471285914618655,0.16067781564125885,1.1083025932312012,0.672802209854126
h64_wd1e-05_s2,o0,42,0.0005,0.23705775251514033,0.6628777384757996,0.9865236079242479,0.7809931506849315,1.9825257926402178,0.14789853771201525,1.1193441152572632,0.6956790685653687
h64_wd1e-05_s2,o0,43,0.0005,0.25283119631441014,0.70045006275177,0.9918775382692908,0.775513698630137,2.5428326809110833,0.17616805155266732,1.1310003995895386,0.7151393294334412
h64_wd1e-05_s2,o0,44,0.0005,0.24722755661136225,0.702593207359314,0.9891844143532733,0.7712328767123288,2.4144741838653463,0.15244184208260042,1.141969919204712,0.736376941204071
h64_wd1e-05_s2,o0,45,0.0005,0.25677709203017385,0.6250565648078918,0.992211485634877,0.7741438356164382,2.0837204274032843,0.15526161261535393,1.154105544090271,0.7599635720252991
h64_wd1e-05_s2,o0,46,0.0005,0.23501522446933545,0.6872997283935547,0.9936226825668703,0.7688356164383561,2.08330467249424,0.141523538081125,1.1646019220352173,0.7867467999458313
h64_wd1e-05_s2,o0,47,0.0005,0.20268248413738452,0.8809936046600342,0.9921145331739004,0.771917808219178,2.508223078403192,0.14980150913398785,1.1742503643035889,0.809980034828186
h64_wd1e-05_s2,o0,48,0.0005,0.23467349221831874,0.6923202872276306,0.9933749151665967,0.7678082191780821,2.6421512443300776,0.1695923531127564,1.18495512008667,0.8260740637779236
h64_wd1e-05_s2,o0,49,0.0005,0.2207498644527636,0.6722580194473267,0.9956586842473796,0.7691780821917807,2.737408231296455,0.16974028753198403,1.1942662000656128,0.8444130420684814
h64_wd1e-05_s2,o0,50,0.0005,0.23036802324809527,0.7098814249038696,0.9959387691346455,0.772945205479452,2.5482048927086822,0.14848242279235527,1.2046318054199219,0.8617039322853088
h64_wd1e-05_s2,o0,51,0.0005,0.22158225194404,0.7413313984870911,0.9968544312660914,0.7773972602739725,3.045467847463322,0.18876586384238578,1.215281367301941,0.8838269114494324
h64_wd1e-05_s2,o0,52,0.0005,0.18860410702855965,0.7455262541770935,0.9971021986663651,0.7631849315068493,2.2036014035162754,0.1424387366439686,1.225190281867981,0.9072709083557129
h64_wd1e-05_s2,o0,53,0.0005,0.17355635448506004,0.8715561032295227,0.9951308319598401,0.7638698630136985,2.0696095580343985,0.1232716440883213,1.2329436540603638,0.9315547943115234
h64_wd1e-05_s2,o0,54,0.0005,0.14398822149163798,0.8172721862792969,0.9975115535015997,0.7676369863013698,2.0250158712654076,0.11075373940228823,1.2404695749282837,0.95489102602005
h64_wd1e-05_s2,o0,55,0.0005,0.15508593658083364,0.9094179272651672,0.9974146010406231,0.7590753424657535,2.0073546725487135,0.11043676255244914,1.2489677667617798,0.98014235496521
h64_wd1e-05_s2,o0,56,0.0005,0.17540678264279114,0.8259119987487793,0.9984272156330457,0.7672945205479452,2.8123634094440644,0.12925994159275134,1.2568825483322144,1.0013902187347412
h64_wd1e-05_s2,o0,57,0.0005,0.21285358777171687,0.7495396137237549,0.9978993633455062,0.7666095890410959,3.2543026744902113,0.13427990138162688,1.2656586170196533,1.0163404941558838
h64_wd1e-05_s2,o0,58,0.0005,0.19959082023093574,0.7402786016464233,0.9978885908498422,0.774486301369863,2.927661902147739,0.14039604765361188,1.2749879360198975,1.0354474782943726
h64_wd1e-05_s2,o0,59,0.0005,0.16523658170511848,0.8480784893035889,0.9985780305723426,0.7686643835616438,2.4306270389262643,0.11017601010988982,1.284494400024414,1.0568170547485352
h64_wd1e-05_s2,o0,60,0.0005,0.14226034911055313,0.8252710103988647,0.9989766129119133,0.7669520547945204,2.218712567896862,0.10361985186379641,1.2925338745117188,1.0758510828018188
h64_wd1e-05_s2,o0,61,0.0005,0.1178202187936557,0.858095645904541,0.9992028353208589,0.7621575342465753,1.8298487156827996,0.08756196911918923,1.298530101776123,1.0980119705200195
h64_wd1e-05_s2,o0,62,0.0005,0.12954053008242658,0.8919153213500977,0.999095110364218,0.763527397260274,2.4715160580425946,0.10020619517224494,1.306064486503601,1.1214165687561035
h64_wd1e-05_s2,o1,1,0.0005,0.7025865975179171,0.6859830021858215,0.7548179986857555,0.6731164383561643,0.7286295004515273,0.26460371344227146,0.18713226914405823,0.017947867512702942
h64_wd1e-05_s2,o1,2,0.0005,0.6862005089458666,0.6782596707344055,0.7548610886684117,0.678082191780822,0.6339663121884209,0.29182890307771564,0.2276603728532791,0.022278474643826485
h64_wd1e-05_s2,o1,3,0.0005,0.6674304918238991,0.6669416427612305,0.7434099257775049,0.6674657534246575,0.5851563745448549,0.2530095521952848,0.2601313591003418,0.023033298552036285
h64_wd1e-05_s2,o1,4,0.0005,0.6692873615967599,0.6868011355400085,0.7691238729276412,0.6777397260273972,0.8004652833408175,0.33961862947301497,0.29616761207580566,0.02723814733326435
h64_wd1e-05_s2,o1,5,0.0005,0.6683902018948605,0.6842252612113953,0.7789483889732736,0.6871575342465753,0.804273054814043,0.3569126431551563,0.3303905129432678,0.03096739575266838
h64_wd1e-05_s2,o1,6,0.0005,0.6748274596113908,0.6578041315078735,0.7694147303105712,0.6789383561643835,0.9129542131598414,0.44220784006421604,0.3617645800113678,0.03561202809214592
h64_wd1e-05_s2,o1,7,0.0005,0.6421070349843878,0.6503666043281555,0.786230596042185,0.6900684931506849,0.6742377710776785,0.31178304187366607,0.3926698863506317,0.04559827223420143
h64_wd1e-05_s2,o1,8,0.0005,0.6304841323902732,0.6444078683853149,0.8072585075784507,0.7020547945205479,0.7755380977701108,0.3605244683241573,0.4215027093887329,0.05856269225478172
h64_wd1e-05_s2,o1,9,0.0005,0.6078763164972004,0.635743260383606,0.8194745176615067,0.707876712328767,0.8338348396735372,0.3417856582771887,0.453624963760376,0.07988271117210388
h64_wd1e-05_s2,o1,10,0.0005,0.6000707996518988,0.6344417929649353,0.8317336177272189,0.7094178082191782,0.8672972117431185,0.3076789318839206,0.48623690009117126,0.09919287264347076
h64_wd1e-05_s2,o1,11,0.0005,0.5822931590833162,0.643311619758606,0.8330370897025713,0.7080479452054794,0.8965415293912272,0.29236869014529476,0.517973780632019,0.12262272089719772
h64_wd1e-05_s2,o1,12,0.0005,0.587986884932769,0.625359058380127,0.8518781846190306,0.7121575342465754,1.2130540352046002,0.3806939602123814,0.5473514199256897,0.13293978571891785
h64_wd1e-05_s2,o1,13,0.0005,0.5468708025781732,0.6340343952178955,0.8605392711329434,0.7136986301369863,0.9408575933964095,0.26625273578417297,0.5770001411437988,0.1527736783027649
h64_wd1e-05_s2,o1,14,0.0005,0.5278911214125784,0.6406925916671753,0.862769177735406,0.7065068493150685,0.9829170423260231,0.28673235238101896,0.6034732460975647,0.17975221574306488
h64_wd1e-05_s2,o1,15,0.0005,0.5084047615528107,0.6370466351509094,0.8830753320621789,0.7142123287671233,0.9969548559892806,0.2720457136858193,0.6282450556755066,0.20448486506938934
h64_wd1e-05_s2,o1,16,0.0005,0.5514190495014191,0.6134105324745178,0.8907668939663252,0.7214041095890411,1.6487145565806107,0.42681043443817357,0.6556352376937866,0.21617266535758972
h64_wd1e-05_s2,o1,17,0.0005,0.5278178014253315,0.6136985421180725,0.8949466222839846,0.7202054794520547,1.1240561205705502,0.25781049127128514,0.6792327165603638,0.23287947475910187
h64_wd1e-05_s2,o1,18,0.0005,0.47856373849668,0.6259589791297913,0.901442437169419,0.7181506849315068,1.0921513000528815,0.26377477191152465,0.6999492645263672,0.25958406925201416
h64_wd1e-05_s2,o1,19,0.0005,0.4570577787725549,0.6225073337554932,0.9134753148261857,0.7184931506849316,1.1456324457651221,0.265543901574737,0.7193573713302612,0.2871555685997009
h64_wd1e-05_s2,o1,20,0.0005,0.4358990396323957,0.6388645768165588,0.9215331415829106,0.7188356164383563,1.1274582103135615,0.20420941252891578,0.7391551733016968,0.3169380724430084
h64_wd1e-05_s2,o1,21,0.0005,0.44163249354613454,0.6278813481330872,0.9288153486518221,0.7208904109589042,1.443935378903572,0.24670139463966062,0.7585180401802063,0.3457477390766144
h64_wd1e-05_s2,o1,22,0.0005,0.4404211922695762,0.6152428984642029,0.9383382348188605,0.7238013698630136,1.7022930597580566,0.2284212683580388,0.7771897912025452,0.36713093519210815
h64_wd1e-05_s2,o1,23,0.0005,0.39793820287051956,0.6498556137084961,0.9396524792898772,0.7195205479452055,1.4640148149297996,0.21379247968575085,0.7962236404418945,0.39577430486679077
h64_wd1e-05_s2,o1,24,0.0005,0.3904564725725274,0.6264986991882324,0.9495200853181657,0.7255136986301369,1.6619354713096073,0.2167222601006002,0.8134898543357849,0.4191141128540039
h64_wd1e-05_s2,o1,25,0.0005,0.39849335425778437,0.6597501635551453,0.9493261803962124,0.7256849315068494,1.9856810010331687,0.2526928381818174,0.8318606019020081,0.443270206451416
h64_wd1e-05_s2,o1,26,0.0005,0.381254676141237,0.661686897277832,0.9572224197179761,0.7294520547945205,2.010937312651204,0.23099795477203355,0.8489810824394226,0.4659118354320526
h64_wd1e-05_s2,o1,27,0.0005,0.3698058473436456,0.6928159594535828,0.9607988882784475,0.7174657534246575,1.8873441581377703,0.19649636033657608,0.8662301301956177,0.4979987144470215
h64_wd1e-05_s2,o1,28,0.0005,0.3801552355289459,0.6477200984954834,0.9621669952277844,0.722431506849315,2.566956779988299,0.30688798224662706,0.8829988837242126,0.5167750120162964
h64_wd1e-05_s2,o1,29,0.0005,0.3330903798341751,0.6591742634773254,0.9706126318284156,0.7232876712328766,1.7335027209033247,0.17685663845459765,0.8979533314704895,0.5426063537597656
h64_wd1e-05_s2,o1,30,0.0005,0.32781606912612915,0.6663185358047485,0.9739951954669338,0.7226027397260274,1.7151148250154151,0.17477941734026956,0.9116790890693665,0.5667991042137146
h64_wd1e-05_s2,o1,31,0.0005,0.2916106173866673,0.6853057146072388,0.9760204246517791,0.7313356164383561,1.9033056848199505,0.18156176612579683,0.9258464574813843,0.6011195182800293
h64_wd1e-05_s2,o1,32,0.0005,0.32155146410590724,0.7157571315765381,0.9780671988279525,0.7239726027397261,2.4731810646577927,0.2103267558099173,0.940781831741333,0.6235913634300232
h64_wd1e-05_s2,o1,33,0.0005,0.3218168184945458,0.7693857550621033,0.981665212379752,0.7162671232876712,2.488035647277275,0.1999464295207794,0.954096794128418,0.6399721503257751
h64_wd1e-05_s2,o1,34,0.0005,0.3007323608586663,0.7582219243049622,0.9845630137133871,0.7207191780821918,2.514973887864038,0.22425340903120086,0.9689064621925354,0.6601175665855408
h64_wd1e-05_s2,o1,35,0.0005,0.30387984373067556,0.6989258527755737,0.9852093634532313,0.7193493150684931,2.3365034712486983,0.17336645027211905,0.9823706150054932,0.6811966896057129
h64_wd1e-05_s2,o1,36,0.0005,0.25308987811992045,0.726933479309082,0.9862650680283102,0.730821917808219,1.8900029629680044,0.16470944949497782,0.9959263205528259,0.7093678116798401
h64_wd1e-05_s2,o1,37,0.0005,0.26259772714815643,0.6959590911865234,0.9913496859817514,0.7284246575342466,1.9868158205664923,0.14246944510961773,1.0077096223831177,0.7414305806159973
h64_wd1e-05_s2,o1,38,0.0005,0.2721366811739771,0.714936375617981,0.988688879552726,0.7215753424657533,2.4046743306228753,0.15590309380324213,1.020025372505188,0.7684689164161682
h64_wd1e-05_s2,o1,39,0.0005,0.2596828890474219,0.7826237082481384,0.9881287097781943,0.7311643835616438,2.8595555355226465,0.17728106146370604,1.0319061279296875,0.7913951277732849
h64_wd1e-05_s2,o1,40,0.0005,0.3044930970982501,0.7559114694595337,0.9899923515280784,0.7315068493150685,3.5828349609541275,0.20239513413597238,1.044672966003418,0.807198703289032
h64_wd1e-05_s2,o1,41,0.0005,0.28523494930643783,0.6992647051811218,0.9919314007476112,0.7340753424657535,3.280133195502514,0.19614792973528725,1.0559961795806885,0.8250541090965271
h64_wd1e-05_s2,o1,42,0.0005,0.22099320355214572,0.9241958260536194,0.9926100679744476,0.7226027397260273,2.252115548757366,0.1420595868833455,1.06602942943573,0.8485511541366577
h64_wd1e-05_s2,o1,43,0.0005,0.28483618442949493,0.8469435572624207,0.9947430221159337,0.7195205479452055,3.5135583791553526,0.19572041545109573,1.0767922401428223,0.8610454201698303
h64_wd1e-05_s2,o1,44,0.0005,0.2582087312874041,0.8056068420410156,0.9950877419771839,0.7279109589041095,2.820626227518315,0.15429921099847826,1.086927890777588,0.8781552314758301
h64_wd1e-05_s2,o1,45,0.0005,0.25060034268780756,0.7588661313056946,0.9957987266910124,0.7258561643835616,2.4984310648648367,0.14728536595385613,1.0978894233703613,0.8955342769622803
h64_wd1e-05_s2,o1,46,0.0005,0.1996338928216382,0.7777470350265503,0.9961973090305831,0.7210616438356164,2.09467953180808,0.1214747684516188,1.1074918508529663,0.9239558577537537
h64_wd1e-05_s2,o1,47,0.0005,0.20012022868583076,0.7817001938819885,0.9971237436576932,0.7273972602739726,2.267915763820808,0.1148496200544259,1.1169670820236206,0.9514133334159851
h64_wd1e-05_s2,o1,48,0.0005,0.17618408877598613,0.7733830213546753,0.9967682513007788,0.7374999999999999,2.2773765397616264,0.1311842373183403,1.1259957551956177,0.982546865940094
h64_wd1e-05_s2,o1,49,0.0005,0.15658561532434664,0.8261879086494446,0.997867045858514,0.7315068493150684,1.7989817512063333,0.10604603144357604,1.1341683864593506,1.015393614768982
h64_wd1e-05_s2,o1,50,0.0005,0.14027019903848045,0.8825341463088989,0.9979639983194907,0.7261986301369863,1.906226775332928,0.09758045340652796,1.1417597532272339,1.0438114404678345
h64_wd1e-05_s2,o1,51,0.0005,0.21180166931528793,0.8811169862747192,0.9945167997069881,0.7289383561643835,3.6985363730973964,0.13639378570656757,1.1512616872787476,1.0626935958862305
h64_wd1e-05_s2,o1,52,0.0005,0.2504328269707529,1.0758870840072632,0.996337351474216,0.7200342465753424,3.7389592020985014,0.16386564826069447,1.1620697975158691,1.0760257244110107
h64_wd1e-05_s2,o1,53,0.0005,0.2724905821837877,0.7755995392799377,0.9967251613181225,0.7434931506849314,3.5970528116237044,0.1706810310893203,1.1749082803726196,1.0805716514587402
h64_wd1e-05_s2,o1,54,0.0005,0.22475842347270564,0.7444539070129395,0.9975223259972638,0.7303082191780822,3.1583536848622757,0.14014453590540069,1.1847387552261353,1.101944923400879
h64_wd1e-05_s2,o1,55,0.0005,0.17539183364102715,0.8528239727020264,0.9968975212487478,0.7402397260273973,2.5005440523643268,0.10859714701910013,1.193397045135498,1.129686951637268
h64_wd1e-05_s2,o1,56,0.0005,0.1548506758714977,0.7789413928985596,0.9984918506070302,0.7422945205479451,2.1670427310779914,0.09915794345141636,1.200278401374817,1.1568061113357544
h64_wd1e-05_s2,o1,57,0.0005,0.17226874240134893,0.8426082730293274,0.9978778183541781,0.7316780821917808,2.663676579057999,0.09868999073288053,1.2070233821868896,1.1807947158813477
h64_wd1e-05_s2,o1,58,0.0005,0.16220825694893537,0.9928169250488281,0.9976839134322248,0.7294520547945206,2.4451240628933766,0.10390973714529646,1.213871955871582,1.2029783725738525
h64_wd1e-05_s2,o1,59,0.0005,0.19403347882785296,0.7909866571426392,0.9981040407631235,0.729623287671233,3.540073846148783,0.1246160435669851,1.2212814092636108,1.2219082117080688
h64_wd1e-05_s2,o1,60,0.0005,0.15144190505931251,0.8177577257156372,0.9989442954249211,0.7279109589041095,2.4042371336719284,0.08752820072096301,1.2292678356170654,1.2470568418502808
h64_wd1e-05_s2,o1,61,0.0005,0.17693521435323514,0.8917802572250366,0.9982009932241002,0.7220890410958904,2.9938760699470905,0.09737494328568388,1.2363349199295044,1.2732528448104858
h64_wd1e-05_s2,o1,62,0.0005,0.15628028347303993,1.2451980113983154,0.9969621562227321,0.7181506849315069,2.7342190015100494,0.09502851643337483,1.2438740730285645,1.2986770868301392
h64_wd1e-05_s2,o1,63,0.0005,0.15444543173438624,1.0258493423461914,0.9978778183541781,0.7327054794520549,3.259251392480321,0.10239534921037005,1.25081467628479,1.3134989738464355
h64_wd1e-05_s2,o1,64,0.0005,0.14319859092172824,0.9395648241043091,0.9982979456850769,0.7238013698630137,2.6533110159571316,0.08427762594247264,1.2572516202926636,1.3321208953857422
h64_wd1e-05_s2,o1,65,0.0005,0.1441645037971045,0.8843834400177002,0.9992028353208587,0.7339041095890412,3.0265642726073487,0.097217468464726,1.2646796703338623,1.3514573574066162
h64_wd1e-05_s2,o1,66,0.0005,0.14077243130458028,0.9647080898284912,0.9992674702948432,0.7186643835616439,2.806992528776683,0.08279892803468979,1.2708464860916138,1.3701525926589966
h64_wd1e-05_s2,o1,67,0.0005,0.1313983149042255,0.9464089274406433,0.997694685927889,0.727568493150685,2.4920401346150696,0.08092556764688466,1.2775661945343018,1.3866543769836426
h64_wd1e-05_s2,o1,68,0.0005,0.13978444157462372,0.8752431273460388,0.9994398302254683,0.7426369863013699,3.0883660699410305,0.09228753026420453,1.283447027206421,1.4064760208129883
h64_wd1e-05_s2,o1,69,0.0005,0.12077506317904121,0.9716556668281555,0.9996337351474216,0.7351027397260274,2.666830204697672,0.08124695425792722,1.2899218797683716,1.4280211925506592
h64_wd1e-05_s2,o1,70,0.0005,0.125051415084224,0.9990914463996887,0.998168675737108,0.7284246575342466,2.3456922027627076,0.06757221214116131,1.2952978610992432,1.4500075578689575
h64_wd1e-05_s2,o1,71,0.0005,0.12808360120183543,0.9277259707450867,0.9997737775910546,0.7226027397260273,2.5510271257973405,0.07988076844262222,1.3011069297790527,1.4725536108016968
h64_wd1e-05_s2,o1,72,0.0005,0.12560114558590085,0.9540181756019592,0.998911977937929,0.7316780821917808,2.533664237235136,0.07127110662043896,1.305991291999817,1.4948654174804688
h64_wd1e-05_s2,o1,73,0.0005,0.11469969173011027,1.0261095762252808,0.9997414601040624,0.723458904109589,2.6704979489407785,0.07390240758625166,1.3116265535354614,1.513615369796753
h64_wd1e-05_s2,o2,1,0.0005,0.6943811554657785,0.6858727931976318,0.7546671837464586,0.7145547945205479,0.5749745647376904,0.23946244378122938,0.20573773980140686,0.018552148714661598
h64_wd1e-05_s2,o2,2,0.0005,0.6838540027016088,0.6781413555145264,0.7592670393950167,0.6967465753424658,0.568967749045569,0.2790034823220648,0.24865572154521942,0.022146012634038925
h64_wd1e-05_s2,o2,3,0.0005,0.6717438509589747,0.6742372512817383,0.7729911988710423,0.7070205479452054,0.5525846999439602,0.24266218320047936,0.27673161029815674,0.02625127322971821
h64_wd1e-05_s2,o2,4,0.0005,0.6697075304232145,0.6752302646636963,0.7739284059938165,0.7025684931506849,0.6526224153134175,0.2856557082335586,0.3099232316017151,0.038497984409332275
h64_wd1e-05_s2,o2,5,0.0005,0.6728076432880602,0.6791704297065735,0.7792607913475313,0.7059931506849315,0.748164809150283,0.33612145981043656,0.3413306176662445,0.0448220819234848
h64_wd1e-05_s2,o2,6,0.0005,0.6676627993583679,0.6561222076416016,0.7916276163698844,0.703082191780822,0.9410404994614098,0.43521871537120493,0.37024691700935364,0.05338265001773834
h64_wd1e-05_s2,o2,7,0.0005,0.6184407409868742,0.6401240229606628,0.7865753159034353,0.6955479452054795,0.7243239818909689,0.30929904671899583,0.4011927843093872,0.07272985577583313
h64_wd1e-05_s2,o2,8,0.0005,0.6178513326142964,0.6349204778671265,0.8141205873164636,0.722431506849315,0.8921368606501895,0.349337558270566,0.4308461546897888,0.09122904390096664
h64_wd1e-05_s2,o2,9,0.0005,0.5911050893758473,0.6525657176971436,0.8214566568636956,0.7154109589041096,0.8845829148746104,0.31433308140173133,0.46200621128082275,0.11622065305709839
h64_wd1e-05_s2,o2,10,0.0005,0.5838971153685921,0.6233168244361877,0.8383156125779659,0.7273972602739726,0.8846779065494127,0.28406806936924794,0.49193447828292847,0.13500846922397614
h64_wd1e-05_s2,o2,11,0.0005,0.5709845549181888,0.6240748167037964,0.8533109265423521,0.7174657534246576,0.9287206576467972,0.3157100310740642,0.5191994309425354,0.15248295664787292
h64_wd1e-05_s2,o2,12,0.0005,0.5618524112199482,0.6155369877815247,0.8638571997974772,0.7261986301369863,1.085263756055327,0.2800139329466568,0.5482577681541443,0.17232976853847504
h64_wd1e-05_s2,o2,13,0.0005,0.5297577522302929,0.6152427792549133,0.871796529101897,0.7227739726027397,0.8750973200179752,0.24288533252762734,0.575298011302948,0.1944679170846939
h64_wd1e-05_s2,o2,14,0.0005,0.5239672864738264,0.6253916025161743,0.8700513848043177,0.7152397260273973,1.1066981418931112,0.2553099598554631,0.6003799438476562,0.21784593164920807
h64_wd1e-05_s2,o2,15,0.0005,0.49547767168597173,0.6131417155265808,0.893179932995077,0.7309931506849315,1.153335247240145,0.24598504591951814,0.6252471804618835,0.24732370674610138
h64_wd1e-05_s2,o2,16,0.0005,0.48065282169141266,0.6202275156974792,0.910911460858137,0.7229452054794521,1.2221521294267466,0.23223314852792704,0.6463824510574341,0.27351653575897217
h64_wd1e-05_s2,o2,17,0.0005,0.4536277510617909,0.6362159848213196,0.9104697885359101,0.7291095890410958,1.2555773901167393,0.24799067652616238,0.6685047149658203,0.30569252371788025
h64_wd1e-05_s2,o2,18,0.0005,0.46835858414047643,0.636825680732727,0.9200357646856047,0.7256849315068492,1.5427266136875466,0.23004482087604586,0.6878087520599365,0.325276255607605
h64_wd1e-05_s2,o2,19,0.0005,0.45241297703040273,0.6282278895378113,0.9283952213209233,0.7260273972602739,1.6843736209153006,0.2520588425507946,0.706800639629364,0.346588134765625
h64_wd1e-05_s2,o2,20,0.0005,0.43512838137777227,0.6556347012519836,0.9342446864665137,0.7181506849315069,1.6601051530005686,0.24529754965892817,0.7259490489959717,0.36847805976867676
h64_wd1e-05_s2,o2,21,0.0005,0.41520997568180684,0.6537620425224304,0.9428088205194498,0.7140410958904109,1.3934991643606134,0.22864199997749582,0.7431299090385437,0.3912299573421478
h64_wd1e-05_s2,o2,22,0.0005,0.3786912074214534,0.6644136309623718,0.9423994656842151,0.7183219178082191,1.4974335670202716,0.2078141732366116,0.7600442171096802,0.4231048822402954
h64_wd1e-05_s2,o2,23,0.0005,0.3849322889980517,0.675678551197052,0.9513514095810577,0.7130136986301369,1.721750702751226,0.20239120322345078,0.7755478024482727,0.4523758888244629
h64_wd1e-05_s2,o2,24,0.0005,0.3777566732544648,0.6944175362586975,0.954464660827974,0.7118150684931506,1.769907738553347,0.2075159347117379,0.791171669960022,0.47504475712776184
h64_wd1e-05_s2,o2,25,0.0005,0.37766877993157033,0.6895872354507446,0.9553264604810997,0.7102739726027396,2.1745625071235666,0.22316477922222033,0.8073161244392395,0.49555519223213196
h64_wd1e-05_s2,o2,26,0.0005,0.3663322956938493,0.7188371419906616,0.9604110784345409,0.707876712328767,1.8330848555244275,0.20453732115452772,0.8226290941238403,0.5200135707855225
h64_wd1e-05_s2,o2,27,0.0005,0.3315747835134205,0.7023634314537048,0.9652371564920444,0.7075342465753425,1.6342804832120563,0.1591223201169283,0.8377361297607422,0.5507246255874634
h64_wd1e-05_s2,o2,28,0.0005,0.31410734355449677,0.8692641854286194,0.9629533874112616,0.7128424657534246,1.7853774570285212,0.1665072255782183,0.8508086204528809,0.5810456275939941
h64_wd1e-05_s2,o2,29,0.0005,0.3531716450264579,0.7103410959243774,0.9721207812213856,0.7065068493150684,2.424425060827732,0.19553677145152334,0.8645370602607727,0.6026924252510071
h64_wd1e-05_s2,o2,30,0.0005,0.3171351246143642,0.7392246127128601,0.9757834297471695,0.7027397260273972,2.2293914052772115,0.19434773698745758,0.8788963556289673,0.6259755492210388
h64_wd1e-05_s2,o2,31,0.0005,0.3383955649639431,0.7333061099052429,0.9761927845824042,0.7044520547945204,2.610321271309346,0.21661915108237495,0.89445960521698,0.6458227038383484
h64_wd1e-05_s2,o2,32,0.0005,0.2949819792258112,0.7970308065414429,0.9819129797800257,0.7058219178082191,1.9018836379447985,0.1462283164630814,0.9064189195632935,0.6737762093544006
h64_wd1e-05_s2,o2,33,0.0005,0.30413246468493815,0.8811429142951965,0.9802001529694384,0.7032534246575342,2.567580623936904,0.18318085010619914,0.9193558096885681,0.701941967010498
h64_wd1e-05_s2,o2,34,0.0005,0.2724617084390239,0.7486616373062134,0.9876654924646393,0.6993150684931507,2.251707640031881,0.15104096960048333,0.9302061200141907,0.7220052480697632
h64_wd1e-05_s2,o2,35,0.0005,0.25524597262081344,0.8376448750495911,0.9833134042163547,0.7005136986301369,2.0459762921337057,0.1441765084936128,0.9409976005554199,0.7514684200286865
h64_wd1e-05_s2,o3,1,0.0005,0.6962461408815885,0.6849105358123779,0.7465878119984056,0.6820205479452055,0.5992743735903548,0.2330790856407139,0.19579115509986877,0.016609404236078262
h64_wd1e-05_s2,o3,2,0.0005,0.6808103134757594,0.6739896535873413,0.763597582651973,0.7032534246575344,0.6092991388209719,0.2755527097267785,0.24025793373584747,0.019405918195843697
h64_wd1e-05_s2,o3,3,0.0005,0.6654738187789917,0.6640931963920593,0.769554772754204,0.7073630136986302,0.5487596151498281,0.23330806673933763,0.2743331789970398,0.02573934942483902
h64_wd1e-05_s2,o3,4,0.0005,0.6775524490757993,0.6812398433685303,0.7647502396880285,0.6886986301369863,0.8751383408654153,0.3585445743425966,0.3040728271007538,0.023654375225305557
h64_wd1e-05_s2,o3,5,0.0005,0.6607717369732103,0.6691871881484985,0.7809089831841343,0.7092465753424657,0.7443748915024437,0.3151788413751394,0.33469393849372864,0.03127229958772659
h64_wd1e-05_s2,o3,6,0.0005,0.6691792230857047,0.6477378010749817,0.7921554686574238,0.7263698630136987,1.082315544437506,0.4669988174362014,0.36760544776916504,0.03792552277445793
h64_wd1e-05_s2,o3,7,0.0005,0.6265826350764224,0.6369823217391968,0.7944392377382069,0.7238013698630138,0.7217004051042855,0.31498127126644326,0.3981081545352936,0.05022115260362625
h64_wd1e-05_s2,o3,8,0.0005,0.6082417337517989,0.6411900520324707,0.8033480916523932,0.722945205479452,0.8225296646204125,0.3260338703018042,0.4253530204296112,0.07030270248651505
h64_wd1e-05_s2,o3,9,0.0005,0.5952447025399459,0.6237025856971741,0.8152193818741988,0.7296232876712329,0.9160794659200523,0.3286138470985631,0.45046064257621765,0.0898144394159317
h64_wd1e-05_s2,o3,10,0.0005,0.5780403112110338,0.6229665875434875,0.8263042799125273,0.7291095890410959,0.7903685183408683,0.25057571198270623,0.48007938265800476,0.11422096192836761
h64_wd1e-05_s2,o3,11,0.0005,0.5576434668741728,0.613200306892395,0.8413103663725776,0.7368150684931506,0.8053727049821883,0.24114181914857888,0.5063071846961975,0.14157818257808685
h64_wd1e-05_s2,o3,12,0.0005,0.5595376177837974,0.6373318433761597,0.8509409774962566,0.7291095890410958,1.245878675790047,0.3729191711170674,0.5339652299880981,0.15966396033763885
h64_wd1e-05_s2,o3,13,0.0005,0.550297759081188,0.6046133041381836,0.8620797380129055,0.7404109589041096,0.913562633873884,0.23833085337754004,0.5611562132835388,0.18536949157714844
h64_wd1e-05_s2,o3,14,0.0005,0.5254212790413907,0.6013182401657104,0.8727983711986554,0.7404109589041095,0.8987329477920805,0.21048764971681305,0.584797203540802,0.21709977090358734
h64_wd1e-05_s2,o3,15,0.0005,0.5021626070926064,0.6151789426803589,0.8860916308481185,0.7409246575342465,0.9892065151389274,0.2233235336447754,0.6074356436729431,0.24977324903011322
h64_wd1e-05_s2,o3,16,0.0005,0.5140103399753571,0.5962205529212952,0.8896680994085899,0.7452054794520548,1.3805227743870576,0.29171452246164165,0.6310466527938843,0.272499680519104
h64_wd1e-05_s2,o3,17,0.0005,0.5105995096658406,0.5922785401344299,0.8991155781059799,0.7488013698630137,1.2607701363152302,0.23353667659470195,0.6531404256820679,0.29356884956359863
h64_wd1e-05_s2,o3,18,0.0005,0.47707312514907435,0.6008314490318298,0.9087354167339947,0.7467465753424657,1.4083865089266645,0.2721420419033824,0.6743566393852234,0.3250291049480438
h64_wd1e-05_s2,o3,19,0.0005,0.4827007431732981,0.5933073163032532,0.915619041463336,0.7469178082191781,1.3689399361058223,0.21894759997379482,0.6938081979751587,0.34168413281440735
h64_wd1e-05_s2,o3,20,0.0005,0.44592426638854177,0.6053606271743774,0.9270809768499068,0.7565068493150684,1.4333180938260066,0.22334948830065932,0.7126854658126831,0.3718548119068146
h64_wd1e-05_s2,o3,21,0.0005,0.4270460652677636,0.5964334607124329,0.9302480905751436,0.7542808219178082,1.3524617438131754,0.18658163849951925,0.7305625081062317,0.4004151523113251
h64_wd1e-05_s2,o3,22,0.0005,0.43521018561563996,0.5919082164764404,0.9421193807969492,0.7553082191780822,1.6932176989658152,0.21804095876447938,0.748225748538971,0.42386099696159363
h64_wd1e-05_s2,o3,23,0.0005,0.3936622080050017,0.6067548990249634,0.9455558069137877,0.7541095890410958,1.3438702002675174,0.18455831386547508,0.7659748196601868,0.45651790499687195
h64_wd1e-05_s2,o3,24,0.0005,0.3950860672875455,0.6045259237289429,0.9483135658037898,0.7592465753424658,1.5425431163277785,0.2102388094387562,0.7824963331222534,0.48779499530792236
h64_wd1e-05_s2,o3,25,0.0005,0.37370013249547857,0.6104586720466614,0.9532258238266058,0.7631849315068492,1.7068444034980772,0.19363391557068824,0.7997411489486694,0.5196734070777893
h64_wd1e-05_s2,o3,26,0.0005,0.36527258628293086,0.6471318006515503,0.9559081752469595,0.7587328767123288,1.8669089280336058,0.18649612313086272,0.8153286576271057,0.5456365942955017
h64_wd1e-05_s2,o3,27,0.0005,0.3956645240909175,0.6265453100204468,0.9507696948151978,0.7616438356164383,2.0437286430255726,0.20359720619098418,0.8311519026756287,0.570289671421051
h64_wd1e-05_s2,o3,28,0.0005,0.35333855371726186,0.6942999362945557,0.9605403483825098,0.7573630136986301,1.892202065516887,0.18738856776320328,0.8469064831733704,0.5987733006477356
h64_wd1e-05_s2,o3,29,0.0005,0.3802938351505681,0.6969018578529358,0.9657003738055996,0.7458904109589041,2.696998211003822,0.2368304706994677,0.8620295524597168,0.6149911284446716
h64_wd1e-05_s2,o3,30,0.0005,0.3506812649337869,0.6237177848815918,0.9665621734587252,0.7566780821917809,1.972556781776803,0.17575787996579814,0.877109944820404,0.6361069083213806
h64_wd1e-05_s2,o3,31,0.0005,0.3961688821253024,0.617760181427002,0.971129711620291,0.7398972602739726,3.118644198914908,0.2878336282121211,0.891269862651825,0.6460461020469666
h64_wd1e-05_s2,o3,32,0.0005,0.33538548256221573,0.6416536569595337,0.9699124196102511,0.7607876712328767,1.6461426927244005,0.18515976164315492,0.9056686162948608,0.6752819418907166
h64_wd1e-05_s2,o3,33,0.0005,0.3856663570592278,0.6214268207550049,0.969890874618923,0.758904109589041,2.8282474592053672,0.218954368440296,0.9188748002052307,0.6897591352462769
h64_wd1e-05_s2,o3,34,0.0005,0.34636621020342173,0.7094434499740601,0.9690183024701332,0.7618150684931506,2.530502027983309,0.21966296812639233,0.9313957691192627,0.706951379776001
h64_wd1e-05_s2,o3,35,0.0005,0.32042544295913294,0.6297147870063782,0.9754279373902551,0.7683219178082191,2.2357423880644713,0.19111433704386038,0.9427335262298584,0.7176738381385803
h64_wd1e-05_s2,o3,36,0.0005,0.2751078315471348,0.6594447493553162,0.9809973176485797,0.7549657534246574,1.8539583552628467,0.139433724972462,0.9525337219238281,0.7473583817481995
h64_wd1e-05_s2,o3,37,0.0005,0.25541101866646815,0.6866792440414429,0.9822038371629556,0.7553082191780822,1.6954005701727002,0.13013345654402833,0.9613198041915894,0.7811992764472961
h64_wd1e-05_s2,o3,38,0.0005,0.25250018819382314,0.6845991611480713,0.9858018507147551,0.7518835616438356,1.9898182554134518,0.1291015837378616,0.9705807566642761,0.8106099367141724
h64_wd1e-05_s2,o3,39,0.0005,0.24224332602400528,0.7268358469009399,0.9858018507147551,0.7559931506849316,2.1659162574432407,0.13375329480396486,0.9788437485694885,0.8379048705101013
h64_wd1e-05_s2,o3,40,0.0005,0.22876874710384168,0.695814311504364,0.9892382768315936,0.7546232876712329,2.224096405024482,0.12857147819271061,0.9876840710639954,0.8672136664390564
h64_wd1e-05_s2,o3,41,0.0005,0.223112080442278,0.727636992931366,0.9890766893966325,0.7534246575342466,1.8280235651652659,0.10628447570274091,0.9960877895355225,0.8960907459259033
h64_wd1e-05_s2,o3,42,0.0005,0.20280378351086065,0.7656440138816833,0.9904878863286257,0.7529109589041095,1.9894608578885935,0.12089940518369442,1.0036611557006836,0.9218122363090515
h64_wd1e-05_s2,o3,43,0.0005,0.23622884954276838,0.7705056071281433,0.9923407555828458,0.7457191780821918,2.8553021126717173,0.1391270728698567,1.0129247903823853,0.94320148229599
h64_wd1e-05_s2,o3,44,0.0005,0.2838044590071628,0.6800093054771423,0.9917913583039784,0.748458904109589,3.3771331370494537,0.18700326596726163,1.0230252742767334,0.9583964943885803
h64_wd1e-05_s2,o3,45,0.0005,0.2260882540753013,0.7484593391418457,0.9918883107649549,0.7571917808219178,2.3685343970836192,0.11356339372510638,1.0329546928405762,0.9816775918006897
h64_wd1e-05_s2,o3,46,0.0005,0.21700816444660487,0.7410836815834045,0.9925885229831195,0.7561643835616438,2.5078739702479873,0.1186050046775996,1.0410242080688477,1.0078709125518799
h64_wd1e-05_s2,o3,47,0.0005,0.20243401158797114,0.754790186882019,0.9940858998804253,0.7525684931506849,2.5141490018747765,0.11101813509945178,1.0494499206542969,1.032364010810852
h64_wd1e-05_s2,o3,48,0.0005,0.2568025647809631,0.9390944838523865,0.9881394822738584,0.7397260273972602,3.51785646954848,0.16080934095757835,1.0585609674453735,1.0509004592895508
h64_wd1e-05_s2,o3,49,0.0005,0.29568935381738765,0.9491910338401794,0.9879563498475692,0.7450342465753425,3.796638829897839,0.19449035413197957,1.0675957202911377,1.0496773719787598
h64_wd1e-05_s2,o3,50,0.0005,0.25377686008026723,0.7887323498725891,0.9926423854614398,0.7494863013698629,4.066343706718127,0.1885297960369981,1.0760389566421509,1.043333888053894
h64_wd1e-05_s2,o3,51,0.0005,0.2106065385435757,0.7592644691467285,0.9940966723760893,0.7457191780821917,2.470588061851646,0.1201456589599157,1.0840768814086914,1.0551908016204834
h64_wd1e-05_s2,o3,52,0.0005,0.18470539231049388,0.8468490242958069,0.9950877419771839,0.7518835616438356,2.1631401774636685,0.11945475764473273,1.0912336111068726,1.0858043432235718
h64_wd1e-05_s2,o3,53,0.0005,0.17188927844951027,0.8087997436523438,0.9969082937444118,0.7486301369863014,2.036180886327672,0.10644706706314137,1.0977245569229126,1.1131212711334229
h64_wd1e-05_s2,o3,54,0.0005,0.15613872557878494,0.8316189050674438,0.9979424533281624,0.7501712328767124,2.2649616854871657,0.09256220032772385,1.1038154363632202,1.1423990726470947
h64_wd1e-05_s2,o3,55,0.0005,0.15850506605286346,0.9099223017692566,0.9971021986663651,0.7494863013698632,2.5052244779234316,0.09664068115968556,1.1099244356155396,1.167628526687622
h64_wd1e-05_s2,o4,1,0.0005,0.7033924585894534,0.6830241084098816,0.6070231958762886,0.6275684931506849,0.6987654986515403,0.2802818419264231,0.1931685358285904,0.020542776212096214
h64_wd1e-05_s2,o4,2,0.0005,0.6840138027542516,0.6804647445678711,0.6714024914089347,0.6695205479452055,0.5659216445649479,0.23745307585450287,0.2315773069858551,0.029146062210202217
h64_wd1e-05_s2,o4,3,0.0005,0.6779624349192569,0.6717618107795715,0.7539948453608247,0.7178082191780822,0.4942249798872332,0.2636268863885163,0.2573539912700653,0.02851983904838562
h64_wd1e-05_s2,o4,4,0.0005,0.6642142408772519,0.6778064966201782,0.7693298969072165,0.6582191780821918,0.8226498875421921,0.44083188342139057,0.28782761096954346,0.03245910257101059
h64_wd1e-05_s2,o4,5,0.0005,0.6669283540625321,0.6785719990730286,0.7744737972508593,0.6664383561643836,0.9730105979646521,0.521492668531299,0.31759896874427795,0.03106006421148777
h64_wd1e-05_s2,o4,6,0.0005,0.6454706442983527,0.6647886633872986,0.7927620274914089,0.6801369863013697,0.7616934691741036,0.3228810911382796,0.35283589363098145,0.041926972568035126
h64_wd1e-05_s2,o4,7,0.0005,0.6330783178931788,0.6404345035552979,0.8119093642611683,0.7261986301369863,0.8323176100431086,0.35160141964512837,0.3850223124027252,0.05694302171468735
h64_wd1e-05_s2,o4,8,0.0005,0.603778948909358,0.6335200667381287,0.8141430412371133,0.7452054794520547,0.8656234345774089,0.34257245414469495,0.4182374179363251,0.07640822976827621
h64_wd1e-05_s2,o4,9,0.0005,0.6073342812688727,0.6215290427207947,0.8302298109965636,0.7481164383561645,1.002853970744909,0.38000409967189697,0.45201390981674194,0.08917135745286942
h64_wd1e-05_s2,o4,10,0.0005,0.5702768626965975,0.6451317071914673,0.8294566151202749,0.696404109589041,0.8864252440097387,0.32776556478640245,0.4878123104572296,0.1148986741900444
h64_wd1e-05_s2,o4,11,0.0005,0.5634789623712239,0.6225548982620239,0.8476911512027492,0.7160958904109589,0.9329673620829247,0.3004528512509291,0.5187476277351379,0.133542999625206
h64_wd1e-05_s2,o4,12,0.0005,0.5713673688863453,0.6248652338981628,0.8645081615120275,0.7446917808219178,1.3119297617781676,0.39372914588631625,0.5472365021705627,0.1505483239889145
h64_wd1e-05_s2,o4,13,0.0005,0.5365089868244372,0.6563985347747803,0.857044673539519,0.7530821917808219,1.0960113272710088,0.27935377432760583,0.574384331703186,0.17294061183929443
h64_wd1e-05_s2,o4,14,0.0005,0.5335311136747661,0.6205651164054871,0.8737220790378007,0.733904109589041,1.4174626058636053,0.3046365846554491,0.5989097952842712,0.19249476492404938
h64_wd1e-05_s2,o4,15,0.0005,0.49663353123162923,0.6053168773651123,0.8841602233676974,0.7428082191780823,1.0310183422006336,0.21439186989675646,0.6197055578231812,0.21756452322006226
h64_wd1e-05_s2,o4,16,0.0005,0.48756362419379384,0.6052006483078003,0.8947164948453608,0.7424657534246576,1.354171953003284,0.28258578642716303,0.640419065952301,0.24435736238956451
h64_wd1e-05_s2,o4,17,0.0005,0.5158885638964804,0.608553946018219,0.8990657216494846,0.739554794520548,1.3572806418131858,0.24271578796784002,0.6627830862998962,0.25788217782974243
h64_wd1e-05_s2,o4,18,0.0005,0.4805055260658264,0.6305606365203857,0.9020940721649485,0.7327054794520548,1.141630786205724,0.24483572828801586,0.6834873557090759,0.28180450201034546
h64_wd1e-05_s2,o4,19,0.0005,0.4580686860962918,0.6105547547340393,0.9117482817869416,0.741095890410959,1.3330454313206554,0.22301859337472563,0.7029184699058533,0.3070465326309204
h64_wd1e-05_s2,o4,20,0.0005,0.4506738734872718,0.605531632900238,0.9190936426116839,0.7457191780821918,1.4261700124305483,0.21756106612607826,0.7209687829017639,0.33434733748435974
h64_wd1e-05_s2,o4,21,0.0005,0.44842663407325745,0.6201640367507935,0.9276417525773195,0.7429794520547945,1.5395570452221126,0.22744719374853442,0.7402686476707458,0.36231300234794617
h64_wd1e-05_s2,o4,22,0.0005,0.4212768187648372,0.6224246025085449,0.9324312714776632,0.7467465753424657,1.3869705236220289,0.2020865843258856,0.7575341463088989,0.39008721709251404
h64_wd1e-05_s2,o4,23,0.0005,0.4216750609247308,0.6199455857276917,0.9430734536082475,0.7412671232876712,1.64290539998621,0.18959144319002852,0.7745991945266724,0.41425955295562744
h64_wd1e-05_s2,o4,24,0.0005,0.41120800062229756,0.6151730418205261,0.939733676975945,0.7518835616438356,1.5059967705782504,0.17934492196141277,0.7930141687393188,0.4470970630645752
h64_wd1e-05_s2,o4,25,0.0005,0.42827939987182617,0.6460264325141907,0.9488616838487972,0.7412671232876712,1.9364001505223931,0.22681324716645318,0.8103442788124084,0.4717309772968292
h64_wd1e-05_s2,o4,26,0.0005,0.3537363355097018,0.7092453241348267,0.9504295532646048,0.752568493150685,1.6451382612798244,0.18774130754483132,0.826174259185791,0.4998779594898224
h64_wd1e-05_s2,o4,27,0.0005,0.34675523403443786,0.6541568040847778,0.95893470790378,0.7501712328767123,1.8337291044656598,0.18354104098090449,0.842624843120575,0.5299767851829529
h64_wd1e-05_s2,o4,28,0.0005,0.34332432009671865,0.6712033152580261,0.9645833333333332,0.745890410958904,2.085685721307627,0.20282694831230969,0.8577312231063843,0.556123673915863
h64_wd1e-05_s2,o4,29,0.0005,0.36427437161144455,0.731164813041687,0.9592998281786941,0.7392123287671233,2.359463821230012,0.21170943955438415,0.8743264079093933,0.5803921222686768
h64_wd1e-05_s2,o4,30,0.0005,0.3705447755361858,0.6590729355812073,0.9701353092783505,0.7412671232876712,2.4672876615465698,0.20594115000207716,0.8908610343933105,0.5973770618438721
h64_wd1e-05_s2,o4,31,0.0005,0.320950952015425,0.7001489996910095,0.9710481099656357,0.7421232876712328,1.7284901498888816,0.16448330472111694,0.9050167798995972,0.6227788329124451
h64_wd1e-05_s2,o4,32,0.0005,0.3223143219947815,0.6722910404205322,0.9758591065292095,0.7417808219178081,2.2556727691046903,0.1696249354269051,0.9187572598457336,0.6538999080657959
h64_wd1e-05_s2,o4,33,0.0005,0.2839691066428235,0.7419026494026184,0.9766752577319587,0.7445205479452054,1.7680301457127532,0.14918748581446722,0.9320207834243774,0.6868031620979309
h64_wd1e-05_s2,l0,1,0.0005,0.7002823404643846,0.6917237043380737,0.49997072685225846,0.5434958878721187,0.44046759826134446,0.22608744245774748,0.2234322726726532,0.025583751499652863
h64_wd1e-05_s2,l0,2,0.0005,0.69168607307517,0.6910967826843262,0.659487427183045,0.6259701146762424,0.18712816798450355,0.15276594382461472,0.250014990568161,0.029255010187625885
h64_wd1e-05_s2,l0,3,0.0005,0.6910922501398169,0.6890772581100464,0.7003454231433507,0.6575929572570369,0.14682748656665873,0.1184462230248767,0.2585342228412628,0.028216712176799774
h64_wd1e-05_s2,l0,4,0.0005,0.6889524874479874,0.6860268115997314,0.7241664471180586,0.6655855438433915,0.22006311331190795,0.1629109716428111,0.26827821135520935,0.039400942623615265
h64_wd1e-05_s2,l0,5,0.0005,0.6821869378504546,0.6809185743331909,0.7138549808260882,0.6718406116066258,0.23227794133209076,0.1354095038180121,0.2805027663707733,0.06324277818202972
h64_wd1e-05_s2,l0,6,0.0005,0.6789716274841971,0.6699827313423157,0.7392567547788413,0.687246611838295,0.3954062072902035,0.2249321818366146,0.2966717779636383,0.09774067252874374
h64_wd1e-05_s2,l0,7,0.0005,0.6686403880948606,0.6631377935409546,0.769978923333626,0.7136568979497278,0.3310006320134901,0.16026059563787154,0.31296342611312866,0.13503822684288025
h64_wd1e-05_s2,l0,8,0.0005,0.6608119192330734,0.6497231125831604,0.77534322765727,0.7119193791266072,0.48258755028436523,0.1951163248270353,0.3317434787750244,0.17924174666404724
h64_wd1e-05_s2,l0,9,0.0005,0.6382488971171172,0.6412854194641113,0.7730233306987501,0.7062434843044133,0.5601602137417848,0.19055219327519932,0.34987789392471313,0.22955967485904694
h64_wd1e-05_s2,l0,10,0.0005,0.6341108161470165,0.6362366080284119,0.802413571031293,0.7277887177111085,0.6587191395706743,0.1974866999772936,0.3660907447338104,0.26716482639312744
h64_wd1e-05_s2,l0,11,0.0005,0.6284877087758935,0.6280972361564636,0.8175111969790111,0.7333487779450943,0.6078731856792408,0.1700057354988789,0.3791053891181946,0.30813321471214294
h64_wd1e-05_s2,l0,12,0.0005,0.60263701107191,0.6276043057441711,0.8238854248997396,0.7333487779450943,0.645115567362927,0.16221113075621438,0.3919546902179718,0.35400912165641785
h64_wd1e-05_s2,l0,13,0.0005,0.5983311844908673,0.6237073540687561,0.840366207078247,0.7379821614734159,0.8446661337636318,0.1734890480935861,0.40631747245788574,0.40497109293937683
h64_wd1e-05_s2,l0,14,0.0005,0.6022362112998962,0.6199034452438354,0.853945288486871,0.7392563419437044,0.9812597800907714,0.1706005362167276,0.4182901978492737,0.4467847943305969
h64_wd1e-05_s2,l0,15,0.0005,0.590797123701676,0.6278568506240845,0.8472710108017916,0.7371134020618556,0.9801863468575178,0.16271430989067923,0.42959555983543396,0.4811899960041046
h64_wd1e-05_s2,l0,16,0.0005,0.5824394899865856,0.6019907593727112,0.8663680805597025,0.7433105525309858,1.1507902337993257,0.1524383367099953,0.43979212641716003,0.5174831748008728
h64_wd1e-05_s2,l0,17,0.0005,0.5601717661256376,0.6010355949401855,0.8785896197418108,0.7406463570022008,1.1182756143143313,0.1585912618320564,0.4496248960494995,0.5611005425453186
h64_wd1e-05_s2,l0,18,0.0005,0.5543986312721086,0.5981201529502869,0.8806972863792045,0.7424997104135295,1.1169753252373764,0.13776523807371097,0.4594738483428955,0.6025609374046326
h64_wd1e-05_s2,l0,19,0.0005,0.537928757460221,0.6001256108283997,0.883975878926261,0.7427313795899455,1.3255558785420114,0.13772353171624702,0.46795785427093506,0.6406994462013245
h64_wd1e-05_s2,l0,20,0.0005,0.5318465919598289,0.6050474047660828,0.8948801264599983,0.7449322367658983,1.1541843118911799,0.12198577837871465,0.47615909576416016,0.6814438104629517
h64_wd1e-05_s2,l0,21,0.0005,0.5237370327762936,0.5970427393913269,0.9076651737361319,0.7448164021776902,1.1198672212649121,0.13171366807358198,0.48434025049209595,0.7231074571609497
h64_wd1e-05_s2,l0,22,0.0005,0.513966044654017,0.6053795218467712,0.9153640115921665,0.735202131356423,1.2560376945955418,0.1132899801261119,0.4929996132850647,0.7693751454353333
h64_wd1e-05_s2,l0,23,0.0005,0.5196281723354174,0.6125587821006775,0.9170947864523872,0.7208965597127301,1.5039136172225505,0.12115940925716673,0.5004538893699646,0.8018977046012878
h64_wd1e-05_s2,l0,24,0.0005,0.5121166511722233,0.6200467348098755,0.9107168993881912,0.738213830649832,1.8650686711911617,0.1339167523605361,0.5084345936775208,0.8333873152732849
h64_wd1e-05_s2,l0,25,0.0005,0.5017966252306233,0.6070426106452942,0.9159202013992566,0.7456272442951466,1.9729118893586726,0.1371835874636313,0.5148453116416931,0.8621444702148438
h64_wd1e-05_s2,l0,26,0.0005,0.49272378631260083,0.5998755693435669,0.9337621849477474,0.741109695355033,1.7695346706973916,0.1334828834543371,0.5223270058631897,0.8985938429832458
h64_wd1e-05_s2,l0,27,0.0005,0.4665796458721161,0.6042088866233826,0.9335279997658148,0.741109695355033,1.5202084183660498,0.12113214009342076,0.5289474129676819,0.9379850029945374
h64_wd1e-05_s2,l0,28,0.0005,0.4638968485852946,0.6015053391456604,0.9414976142384591,0.737982161473416,1.6467170757745841,0.11077804028201746,0.5359722971916199,0.9791752696037292
h64_wd1e-05_s2,l0,29,0.0005,0.45580660778543225,0.6590753197669983,0.9228506191270748,0.7342754546507587,1.6469583823815113,0.11174106133064657,0.542242705821991,1.0195451974868774
h64_wd1e-05_s2,l0,30,0.0005,0.4575704724892326,0.6249249577522278,0.9470265800181492,0.7451639059423143,2.133550894233291,0.12076992722387132,0.5480560064315796,1.0524910688400269
h64_wd1e-05_s2,l0,31,0.0005,0.447850341382234,0.6392720341682434,0.9500453733789995,0.7435422217074019,2.349015679462312,0.11918423132323851,0.5539100766181946,1.081977367401123
h64_wd1e-05_s2,l0,32,0.0005,0.4601364148699719,0.6501207947731018,0.9351892509001493,0.7451639059423144,2.214271187212783,0.11867058770188241,0.5603491067886353,1.111619472503662
h64_wd1e-05_s2,l0,33,0.0005,0.49716803690661554,0.6691180467605591,0.9403925529112145,0.7420363720606974,2.66336482767175,0.1338977935826505,0.5661600828170776,1.1257073879241943
h64_wd1e-05_s2,l0,34,0.0005,0.45200071386668994,0.627568781375885,0.9539240654547583,0.726167033476196,2.0813771227159417,0.09440691154572518,0.5718372464179993,1.1447168588638306
h64_wd1e-05_s2,l0,35,0.0005,0.4503410251244255,0.6386665105819702,0.9605324785574193,0.7399513494729527,2.673191187937895,0.1272484934116718,0.5775635242462158,1.175317645072937
h64_wd1e-05_s2,l0,36,0.0005,0.48194688947304437,0.6479796767234802,0.9550730365036152,0.7368238155913356,2.3724237998685056,0.11050612654171306,0.583066999912262,1.1984196901321411
h64_wd1e-05_s2,l0,37,0.0005,0.42799647994663403,0.6332721710205078,0.9592408009133222,0.7281941387698367,1.9848479279985052,0.09293959141257845,0.5876501202583313,1.2260710000991821
h64_wd1e-05_s2,l0,38,0.0005,0.41206938935362775,0.6593533754348755,0.9631194929890811,0.7390246727672882,2.0506611505351375,0.09429554576652377,0.592502236366272,1.262467622756958
h64_wd1e-05_s2,l0,39,0.0005,0.3924839665060458,0.6525362133979797,0.9627352829249729,0.723387003359203,2.469691052680428,0.09178802152859265,0.5980287194252014,1.2961478233337402
h64_wd1e-05_s2,l0,40,0.0005,0.4150423342766969,0.6252535581588745,0.9705073036503615,0.7239082590061392,2.5575673264765184,0.1036550342453919,0.6022030115127563,1.321361780166626
h64_wd1e-05_s2,l0,41,0.0005,0.43606848690820776,0.6386271119117737,0.9701194344427856,0.7338121162979265,2.804852102207245,0.09979062372254394,0.6065462231636047,1.3448041677474976
h64_wd1e-05_s2,l0,42,0.0005,0.427780261506205,0.6541001796722412,0.967444600567899,0.7254720259469477,2.8728418247011827,0.10618381956502725,0.6117692589759827,1.3727810382843018
h64_wd1e-05_s2,l0,43,0.0005,0.39391617217789526,0.6715837121009827,0.973002839495331,0.741109695355033,2.5431082433190024,0.09519916140420136,0.6164191961288452,1.4028749465942383
h64_wd1e-05_s2,l0,44,0.0005,0.3952374859996464,0.6477868556976318,0.9781622317847839,0.735086296768215,1.957597776004378,0.07680775998389353,0.6204702854156494,1.432721734046936
h64_wd1e-05_s2,l0,45,0.0005,0.38586079556009045,0.6345217823982239,0.9719746201809081,0.7440055600602341,2.646576524077118,0.08379488837208396,0.6246289610862732,1.4664117097854614
h64_wd1e-05_s2,l1,1,0.0005,0.7072586857754252,0.6906678080558777,0.7295051353874884,0.6923870671864252,0.7573656546836796,0.338262412586225,0.2150004506111145,0.02104807272553444
h64_wd1e-05_s2,l1,2,0.0005,0.6819735221240831,0.6753177046775818,0.741521223874165,0.6614308644806237,0.556209685275866,0.21225417336395186,0.2529067099094391,0.02903177961707115
h64_wd1e-05_s2,l1,3,0.0005,0.6622947350792263,0.6690057516098022,0.7300438123967535,0.638729649163036,0.6086363433124626,0.2523420250260722,0.2889237105846405,0.0226595439016819
h64_wd1e-05_s2,l1,4,0.0005,0.6595852686011273,0.6567880511283875,0.7554621848739496,0.6632653061224489,0.8130357374162892,0.32767516972048005,0.32692110538482666,0.03224729001522064
h64_wd1e-05_s2,l1,5,0.0005,0.6321180074111276,0.6639066338539124,0.7827407886231414,0.7207062600321027,0.7350600307044597,0.26305524582243894,0.36833733320236206,0.04637456685304642
h64_wd1e-05_s2,l1,6,0.0005,0.6198620277902355,0.6338030099868774,0.8032607914960856,0.7170373767484521,0.9159321548975641,0.34569289493635585,0.4026479721069336,0.06357605755329132
h64_wd1e-05_s2,l1,7,0.0005,0.5933379349501237,0.6215122938156128,0.817266393736982,0.7250630589314377,0.7866121436999108,0.2702751045540775,0.43451425433158875,0.08592720329761505
h64_wd1e-05_s2,l1,8,0.0005,0.5855775138606196,0.648655354976654,0.8210874093227035,0.7381334556294429,1.1638039655587347,0.3183371523839869,0.4682060778141022,0.11108814924955368
h64_wd1e-05_s2,l1,9,0.0005,0.5726588860802029,0.6269155740737915,0.8438411261940675,0.7181839027745931,1.0183093316770966,0.2903382986195871,0.500008761882782,0.13572385907173157
h64_wd1e-05_s2,l1,10,0.0005,0.5425393490687661,0.6083343625068665,0.8559290382819794,0.729993120843843,0.9646520759350518,0.26677628268198755,0.5289492011070251,0.16363050043582916
h64_wd1e-05_s2,l1,11,0.0005,0.5474763473738795,0.6040170192718506,0.8726495726495725,0.7335473515248796,1.475250152267802,0.2975919612318607,0.5563043355941772,0.18621809780597687
h64_wd1e-05_s2,l1,12,0.0005,0.5234784561654796,0.6448742747306824,0.877310924369748,0.7435221279523044,1.160030832331231,0.23124457912973928,0.5843908786773682,0.21080614626407623
h64_wd1e-05_s2,l1,13,0.0005,0.5398125505965689,0.6268595457077026,0.8808302808302809,0.7387067186425132,1.6471050456345544,0.3255484660375417,0.6109616756439209,0.23292586207389832
h64_wd1e-05_s2,l1,14,0.0005,0.5107310362484144,0.6010081768035889,0.8955182072829132,0.7408851180921807,1.358347575106818,0.22543150746073765,0.6350033283233643,0.24733127653598785
h64_wd1e-05_s2,l1,15,0.0005,0.4869548367417377,0.6201863288879395,0.8984773396538102,0.7440953909653748,1.5181272611085144,0.24562699663637824,0.6578056216239929,0.27299046516418457
h64_wd1e-05_s2,l1,16,0.0005,0.4882048744222392,0.6033350229263306,0.9072326366444012,0.7430635175418482,1.4677863606297172,0.24581939091891453,0.6799222230911255,0.29601752758026123
h64_wd1e-05_s2,l1,17,0.0005,0.43472427000170166,0.6165412664413452,0.9100624865330749,0.7493694106856226,1.1732240015325495,0.19938497366828561,0.7012035846710205,0.3367622196674347
h64_wd1e-05_s2,l1,18,0.0005,0.44301328192586487,0.6080318689346313,0.9191697191697191,0.745815180004586,1.6230528598631657,0.23815520720119124,0.7204323410987854,0.36186683177948
h64_wd1e-05_s2,l1,19,0.0005,0.43949364708817523,0.6026785969734192,0.9309272426919486,0.7451272643889016,1.6514243053149442,0.19227946291209888,0.7413904070854187,0.3906099498271942
h64_wd1e-05_s2,l1,20,0.0005,0.41999446049980493,0.6207669377326965,0.930252100840336,0.747076358633341,1.6538035953227905,0.18336326746217574,0.7628259658813477,0.42202290892601013
h64_wd1e-05_s2,l1,21,0.0005,0.4161319007044253,0.6237828135490417,0.9366013071895426,0.7482228846594817,1.68809583428433,0.23206441152894117,0.781606137752533,0.45168793201446533
h64_wd1e-05_s2,l1,22,0.0005,0.3981762917145439,0.647619366645813,0.9410328233857645,0.7430635175418482,1.8411062926184738,0.20779854376154971,0.7996345162391663,0.47604626417160034
h64_wd1e-05_s2,l1,23,0.0005,0.3797711600428042,0.6407043933868408,0.9479638009049773,0.7440953909653749,1.7940116966669921,0.17593212526300125,0.8152818083763123,0.5058186054229736
h64_wd1e-05_s2,l1,24,0.0005,0.3929110156453174,0.6418895125389099,0.9476908712202831,0.738592066039899,2.3689639270553053,0.21467227942644287,0.8313260674476624,0.5203400254249573
h64_wd1e-05_s2,l1,25,0.0005,0.3565440650867379,0.6470226049423218,0.9512748689219277,0.7473056638385691,1.823768871139813,0.17148928498128188,0.8478638529777527,0.550297200679779
h64_wd1e-05_s2,l1,26,0.0005,0.3664182314406271,0.663296639919281,0.9590102707749767,0.7426049071313919,2.220193265881789,0.18947523201420474,0.8640166521072388,0.5831056237220764
h64_wd1e-05_s2,l1,27,0.0005,0.390853736711585,0.6544950604438782,0.9598649716296775,0.7289612474203164,2.585627047199533,0.22076220315234868,0.8814223408699036,0.6023582220077515
h64_wd1e-05_s2,l1,28,0.0005,0.3462414210257323,0.6513828635215759,0.9611434317316672,0.7490254528777803,1.9798712262865745,0.16771756859082132,0.8963410258293152,0.6301255226135254
h64_wd1e-05_s2,l1,29,0.0005,0.3432501619276793,0.6879122257232666,0.9691661279896575,0.7385920660398991,2.102563856484319,0.1573814531672142,0.9122733473777771,0.6622290015220642
h64_wd1e-05_s2,l1,30,0.0005,0.31663195011408435,0.6949914693832397,0.9701070171658407,0.7403118550791102,2.054112873403011,0.14138913757413005,0.9273539185523987,0.6987914443016052
h64_wd1e-05_s2,l1,31,0.0005,0.37371273468370025,0.7024720311164856,0.9718810601163543,0.7374455400137583,3.279489909362506,0.2154789287747366,0.9431036710739136,0.7080475687980652
h64_wd1e-05_s2,l1,32,0.0005,0.31127788191256317,0.7063220143318176,0.9702793938088056,0.7393946342581976,1.860477600353656,0.1556475664453634,0.9588190913200378,0.734821617603302
h64_wd1e-05_s2,l1,33,0.0005,0.3118008180804875,0.6944299936294556,0.9770954535660419,0.7353817931667049,2.177305871830549,0.1554872157701676,0.9741514325141907,0.7736915349960327
h64_wd1e-05_s2,l1,34,0.0005,0.32300754474556964,0.7934090495109558,0.9718164188752425,0.7319422150882824,2.420785026023657,0.15740301572201448,0.9881854057312012,0.806034505367279
h64_wd1e-05_s2,l1,35,0.0005,0.3425541150829066,0.67870032787323,0.9740644975939095,0.7356110983719331,2.6968843051965066,0.16975941157554394,1.0063285827636719,0.8270575404167175
h64_wd1e-05_s2,l1,36,0.0005,0.3453219818032306,0.7059277296066284,0.9754937872584932,0.7387067186425131,3.0198256006141917,0.1849921318695437,1.0198220014572144,0.8572802543640137
h64_wd1e-05_s2,l1,37,0.0005,0.3001631446506666,0.7524327039718628,0.9770451770451771,0.728387984407246,2.2937283494150678,0.13081991153281927,1.0322825908660889,0.8800276517868042
h64_wd1e-05_s2,l2,1,0.0005,0.6951173489744013,0.6808182597160339,0.7058312503810279,0.6725952813067151,0.7277272648395104,0.2975274840349825,0.2161075323820114,0.01658577471971512
h64_wd1e-05_s2,l2,2,0.0005,0.6811800030144778,0.6909559965133667,0.7136728037554105,0.6301270417422867,0.5987705030774966,0.27850745665741744,0.2558474838733673,0.02022208645939827
h64_wd1e-05_s2,l2,3,0.0005,0.6672301509163596,0.6611170172691345,0.7534292507468145,0.7356321839080459,0.7007621584062185,0.327211317141453,0.2870399057865143,0.022494325414299965
h64_wd1e-05_s2,l2,4,0.0005,0.6557316021485762,0.6406183838844299,0.7827379137962569,0.7488203266787659,0.7076997824428527,0.3053674300684069,0.3176531493663788,0.027481816709041595
h64_wd1e-05_s2,l2,5,0.0005,0.6379212709990415,0.6392320394515991,0.7947098091812473,0.7483363581367211,0.8459599426806211,0.32762264820893794,0.3518984317779541,0.04585187882184982
h64_wd1e-05_s2,l2,6,0.0005,0.6202508752996271,0.6884160041809082,0.7762451990489545,0.688929219600726,0.8204811781448459,0.30740961853601,0.3902612626552582,0.06748031079769135
h64_wd1e-05_s2,l2,7,0.0005,0.6086995872584257,0.6095973253250122,0.810933975492288,0.7604355716878404,0.8623265850519609,0.2888303749631277,0.4205114245414734,0.0790722668170929
h64_wd1e-05_s2,l2,8,0.0005,0.5752010575749658,0.596740186214447,0.8222047796134854,0.7652752571082879,0.9502380243119326,0.30879785195080117,0.4555225074291229,0.10942640155553818
h64_wd1e-05_s2,l2,9,0.0005,0.6001299321651459,0.5932840704917908,0.8374535146009876,0.7692679975801573,1.2087340235585116,0.3117988895518904,0.48503759503364563,0.11211518943309784
h64_wd1e-05_s2,l2,10,0.0005,0.5703190930865027,0.5813619494438171,0.843359446442724,0.77664851784634,1.0928097140697617,0.3259816567903256,0.5117315649986267,0.12799035012722015
h64_wd1e-05_s2,l2,11,0.0005,0.5874470675533469,0.6034254431724548,0.8511857587026764,0.7725347852389595,1.2847530435287273,0.35333192804973207,0.536884069442749,0.13626419007778168
h64_wd1e-05_s2,l2,12,0.0005,0.5706536065448414,0.6603090167045593,0.8434127903432299,0.7843920145190563,1.0660128254112808,0.2805972873156419,0.5589539408683777,0.15407614409923553
h64_wd1e-05_s2,l2,13,0.0005,0.5386752770705656,0.5843713283538818,0.8579299518380785,0.7736237144585602,1.0764316252325785,0.2741870564652307,0.5806456804275513,0.16888882219791412
h64_wd1e-05_s2,l2,14,0.0005,0.5261514322324232,0.6197961568832397,0.8649027616899347,0.7652752571082879,1.1466445772507348,0.2707549030204248,0.5994747281074524,0.18853911757469177
h64_wd1e-05_s2,l2,15,0.0005,0.5219142789190466,0.5861353874206543,0.8790084130951655,0.7842710223835451,1.2015593413054826,0.2672231095961399,0.618443489074707,0.2103724479675293
h64_wd1e-05_s2,l2,16,0.0005,0.5434168902310458,0.6336397528648376,0.8740550509053222,0.7647912885662431,1.4657575672041276,0.2688772123183472,0.6417993307113647,0.22778256237506866
h64_wd1e-05_s2,l2,17,0.0005,0.5063914859836752,0.5798547267913818,0.88548207644943,0.7892316999395039,1.3621147721796156,0.2523517978978414,0.6606122851371765,0.24719040095806122
h64_wd1e-05_s2,l2,18,0.0005,0.495807256210934,0.5581456422805786,0.8970843748094861,0.7843920145190562,1.5540515600409182,0.2912260865350655,0.6782803535461426,0.2676583528518677
h64_wd1e-05_s2,l2,19,0.0005,0.4776398810473355,0.5707141160964966,0.8992257513869414,0.773502722323049,1.3441639535552026,0.24740261251867512,0.6927255988121033,0.28914961218833923
h64_wd1e-05_s2,l2,20,0.0005,0.45851610059087927,0.5596092343330383,0.9081722855575199,0.7840290381125227,1.354451764402414,0.20778795710926923,0.7086191773414612,0.3081240653991699
h64_wd1e-05_s2,l2,21,0.0005,0.4669892489910126,0.5613560676574707,0.9149088581357069,0.7819721718088324,1.2347083440393334,0.20542042045131562,0.7253103256225586,0.33504611253738403
h64_wd1e-05_s2,l2,22,0.0005,0.46298474208875134,0.5608611106872559,0.9200908370420046,0.7889897156684815,1.5906800805397674,0.22033274405763487,0.7410961389541626,0.35850241780281067
h64_wd1e-05_s2,l2,23,0.0005,0.4568011611700058,0.550783634185791,0.9265683106748765,0.788021778584392,1.528031876551678,0.22362224553067672,0.758578896522522,0.3830544948577881
h64_wd1e-05_s2,l2,24,0.0005,0.4339890574867075,0.58743816614151,0.9332667804669879,0.7839080459770115,1.7139044365485383,0.2190249170568301,0.7751725912094116,0.41319704055786133
h64_wd1e-05_s2,l2,25,0.0005,0.4655624411322854,0.6284803152084351,0.9388831311345485,0.7793103448275862,2.09309453286575,0.24089989834647427,0.793502688407898,0.4324098229408264
h64_wd1e-05_s2,l2,26,0.0005,0.43295498192310333,0.570426881313324,0.9323827958300311,0.7895946763460374,1.5939571823567322,0.19353190004781615,0.8113473653793335,0.45858222246170044
h64_wd1e-05_s2,l2,27,0.0005,0.4067366990176114,0.6025340557098389,0.9347070657806499,0.7808832425892317,1.751547373334657,0.1973348746921029,0.8255296945571899,0.4851347506046295
h64_wd1e-05_s2,l2,28,0.0005,0.3861807923425328,0.559147834777832,0.945170090837042,0.7894736842105263,1.6931240610662845,0.16856020346280626,0.8383426070213318,0.512806236743927
h64_wd1e-05_s2,l2,29,0.0005,0.3550948879935525,0.5916031002998352,0.9506721331463757,0.7862068965517242,1.680450536817169,0.16776235106422238,0.851502537727356,0.5453649759292603
h64_wd1e-05_s2,l2,30,0.0005,0.3828474994410168,0.639006495475769,0.9505883070170091,0.7839080459770115,2.0840473504603114,0.17768239653406565,0.8644639253616333,0.5671257376670837
h64_wd1e-05_s2,l2,31,0.0005,0.3569073866714131,0.7386821508407593,0.9413598122294703,0.7657592256503327,1.7762026200308774,0.16240326664560698,0.8778260946273804,0.5905708074569702
h64_wd1e-05_s2,l2,32,0.0005,0.38982927392829547,0.6250115036964417,0.9562084679631775,0.7768300060496067,2.407965607920098,0.21612509428550378,0.8918512463569641,0.594924807548523
h64_wd1e-05_s2,l2,33,0.0005,0.3449710526249625,0.5990420579910278,0.9590547460830336,0.7794313369630974,1.85008302682944,0.1773359993699996,0.9055646061897278,0.6224185824394226
h64_wd1e-05_s2,l2,34,0.0005,0.38899596441875806,0.635974645614624,0.9623544473571907,0.7689050211736237,2.5431498439072606,0.20585779824977954,0.9206588268280029,0.643804669380188
h64_wd1e-05_s2,l2,35,0.0005,0.3733739189126275,0.6039841175079346,0.9682832408705724,0.7892316999395039,2.5404371009914506,0.19245112133346132,0.9333071708679199,0.6589325070381165
h64_wd1e-05_s2,l2,36,0.0005,0.34666591544042935,0.5836554169654846,0.9697540084130951,0.7800362976406534,2.097703129034672,0.17053530094005406,0.9447681307792664,0.6774857044219971
h64_wd1e-05_s2,l2,37,0.0005,0.3285409740426324,0.6201233863830566,0.973884350423703,0.7774954627949183,1.8663690072548909,0.14665700911168897,0.9557605981826782,0.7090442180633545
h64_wd1e-05_s2,l2,38,0.0005,0.32132544165307825,0.6488836407661438,0.9761247942449551,0.7774954627949183,2.4828703714332043,0.16587500592708862,0.9672979712486267,0.7359721064567566
h64_wd1e-05_s2,l2,39,0.0005,0.31606669520789926,0.7249055504798889,0.9678031457660184,0.7686630369026014,2.285534157223107,0.16595865127552767,0.9787428975105286,0.7655726671218872
h64_wd1e-05_s2,l2,40,0.0005,0.302746599370783,0.6362223029136658,0.9790968115588612,0.7872958257713248,2.689812116060686,0.1776942933370085,0.9901371002197266,0.786105751991272
h64_wd1e-05_s2,l2,41,0.0005,0.28842306408015167,0.6466760635375977,0.9744254099859783,0.7750756200846945,2.191754303164993,0.13126618160197537,1.0007472038269043,0.811180055141449
h64_wd1e-05_s2,l2,42,0.0005,0.2959872206503695,0.6899349689483643,0.9722687922940926,0.7708408953418028,2.747839214739727,0.1863838742762608,1.011325478553772,0.8391342759132385
h64_wd1e-05_s2,l2,43,0.0005,0.2802473631772128,0.7239630818367004,0.9788300920563311,0.7779794313369631,2.185433323232893,0.13487704363573363,1.0222809314727783,0.8630445599555969
h64_wd1e-05_s2,l2,44,0.0005,0.2904838133941997,0.8167418837547302,0.9784033408522831,0.7758015728977616,2.5143932609966844,0.14644746774747647,1.033402442932129,0.8863949179649353
h64_wd1e-05_s2,l2,45,0.0005,0.2645776657895608,0.6706781387329102,0.983067121867951,0.7834240774349668,2.1294227652049322,0.11960264036889373,1.0446339845657349,0.9101940989494324
h64_wd1e-05_s2,l2,46,0.0005,0.2727805220267989,0.7724595069885254,0.983973968176553,0.7770114942528736,2.6723567285239898,0.16199900456108507,1.0551050901412964,0.9406275153160095
h64_wd1e-05_s2,l3,1,0.0005,0.7006634447885596,0.6961804628372192,0.6439711223055296,0.6198308815012163,0.7622241483093503,0.3342214756686521,0.21085691452026367,0.02612493559718132
h64_wd1e-05_s2,l3,2,0.0005,0.6900164692298226,0.6841469407081604,0.7023415534208061,0.6058148963280435,0.4767290185591393,0.2577986943097037,0.2438019961118698,0.03489024192094803
h64_wd1e-05_s2,l3,3,0.0005,0.6755163721416307,0.6851986646652222,0.6824478678537956,0.5868180238619252,0.41736566275538817,0.18462096999875008,0.26597338914871216,0.028668878600001335
h64_wd1e-05_s2,l3,4,0.0005,0.6714500603468522,0.687433660030365,0.760902354732896,0.6743889725472025,0.5282276643488375,0.23223852996410183,0.2903505265712738,0.028424037620425224
h64_wd1e-05_s2,l3,5,0.0005,0.6674299421517745,0.6732133626937866,0.7303699039362699,0.6238850920884976,0.5222849848041852,0.22858466971432706,0.3175893723964691,0.03628569096326828
h64_wd1e-05_s2,l3,6,0.0005,0.6471110064050426,0.66107577085495,0.7605289362699157,0.6522645661994673,0.5106385948764117,0.20870750662950197,0.3474620580673218,0.06808293610811234
h64_wd1e-05_s2,l3,7,0.0005,0.644268160280974,0.6634673476219177,0.7936460285848173,0.6801807019576045,0.7647432842597064,0.29519366726879936,0.3733266294002533,0.09020499140024185
h64_wd1e-05_s2,l3,8,0.0005,0.6367788625800092,0.6508437395095825,0.8034427717900656,0.6802965365458126,0.6212382618979959,0.18402786729820866,0.39727887511253357,0.11705775558948517
h64_wd1e-05_s2,l3,9,0.0005,0.6105377803678098,0.6433490514755249,0.8086413425492034,0.6797173636047724,0.7065103714808576,0.21321806102913224,0.4219032824039459,0.1541139781475067
h64_wd1e-05_s2,l3,10,0.0005,0.6095131143279697,0.6381798386573792,0.8223846063730085,0.6857407621915905,0.7736078322807419,0.1724923079944007,0.44251176714897156,0.18808822333812714
h64_wd1e-05_s2,l3,11,0.0005,0.5942697706429855,0.6312315464019775,0.8350954779756327,0.6984825668944747,0.9694139520863349,0.21399306657960332,0.4608389735221863,0.22125419974327087
h64_wd1e-05_s2,l3,12,0.0005,0.5663196094658064,0.6279505491256714,0.8442112816307404,0.6961658751303139,0.8657956933035827,0.1670299517775876,0.4790098965167999,0.2633429169654846
h64_wd1e-05_s2,l3,13,0.0005,0.5506157408589902,0.6249816417694092,0.8600925492033739,0.7030001158345882,0.9967102920468972,0.18313437429133894,0.4962748885154724,0.2982266843318939
h64_wd1e-05_s2,l3,14,0.0005,0.5528415350810342,0.6237254738807678,0.8672021438612934,0.7063593188926214,1.3590073207707303,0.23435081422640208,0.5123473405838013,0.326382577419281
h64_wd1e-05_s2,l3,15,0.0005,0.5274278016194053,0.6499674320220947,0.8732280927835052,0.7128460558322716,1.1320655022862447,0.15877396402875454,0.5277221202850342,0.3647857904434204
h64_wd1e-05_s2,l3,16,0.0005,0.5272010862827301,0.6402567625045776,0.8793492268041236,0.7150469130082242,1.296686906869063,0.1781373163173005,0.5460530519485474,0.4054279625415802
h64_wd1e-05_s2,l3,17,0.0005,0.522778525300648,0.615280270576477,0.8907860824742269,0.7185219506544656,1.5225921924708916,0.20714129247836344,0.561497688293457,0.4291926324367523
h64_wd1e-05_s2,l3,18,0.0005,0.4870639171289361,0.618218719959259,0.8993893509840676,0.7150469130082242,1.2962741408962577,0.15691600175665482,0.5764555335044861,0.46409520506858826
h64_wd1e-05_s2,l3,19,0.0005,0.5027264162250187,0.6229516267776489,0.9017763003748829,0.7163210934785127,1.8654121254723386,0.21191972827736585,0.5912596583366394,0.49552589654922485
h64_wd1e-05_s2,l3,20,0.0005,0.45986180979272595,0.657550036907196,0.904639175257732,0.7078651685393258,1.4188605728637267,0.16281567552826925,0.6049622893333435,0.5298801064491272
h64_wd1e-05_s2,l3,21,0.0005,0.4710380538650181,0.6384639739990234,0.9131692244611059,0.7192169581837138,1.814427266786715,0.1649040417689279,0.6199583411216736,0.557701826095581
h64_wd1e-05_s2,l3,22,0.0005,0.44887581078902533,0.6460403203964233,0.926912488284911,0.7105293640681107,1.6662550667346117,0.16560176905535878,0.6334344148635864,0.5910732746124268
h64_wd1e-05_s2,l3,23,0.0005,0.431477814912796,0.6374034881591797,0.9284500937207123,0.7187536198308815,1.8353386560835505,0.1490071614979564,0.6458858251571655,0.6235991716384888
h64_wd1e-05_s2,l3,24,0.0005,0.4119268889012544,0.6514530181884766,0.9306539948453608,0.7296420711224372,1.6876743740899882,0.137136542821451,0.656724750995636,0.6567069888114929
h64_wd1e-05_s2,l3,25,0.0005,0.46031060296556225,0.6516667008399963,0.9392572633552014,0.7204911386540019,2.414093514728615,0.1734068321798631,0.6677641868591309,0.6903027296066284
h64_wd1e-05_s2,l3,26,0.0005,0.42842619315437647,0.6463915705680847,0.9376098289597001,0.7210703115950423,2.338242928012092,0.17841254118968367,0.6775989532470703,0.7133544087409973
h64_wd1e-05_s2,l3,27,0.0005,0.3915338555107946,0.703398585319519,0.9330921977507028,0.7303370786516854,1.8842741302119959,0.13011632680914073,0.6872996091842651,0.7536277770996094
h64_wd1e-05_s2,l3,28,0.0005,0.3902080149754234,0.6656995415687561,0.9414904522024368,0.7299895748870614,2.127722356362183,0.1365287658596563,0.6963707804679871,0.7944125533103943
h64_wd1e-05_s2,l3,29,0.0005,0.41203638457733655,0.6396174430847168,0.9494457298500468,0.720259469477586,2.3337385875803833,0.13966520539229813,0.7055423259735107,0.8202004432678223
h64_wd1e-05_s2,l3,30,0.0005,0.4091231952542844,0.6242139935493469,0.9501596180880976,0.7180006950075294,2.38032635445321,0.13729855954453687,0.7136520743370056,0.84807288646698
h64_wd1e-05_s2,l3,31,0.0005,0.4154099608245103,0.6205292344093323,0.9564052249297095,0.7296999884165412,2.7301623415787395,0.16312502643137344,0.7231473326683044,0.8688410520553589
h64_wd1e-05_s2,l3,32,0.0005,0.4199693060439566,0.6338356733322144,0.9506135777881911,0.7285995598285648,2.2647892548952893,0.130863958744033,0.7316436171531677,0.8989444971084595
h64_wd1e-05_s2,l3,33,0.0005,0.3747133262779402,0.7070575952529907,0.9561269915651359,0.7283678906521487,2.299788195771897,0.1119545349021087,0.7400664687156677,0.9373605251312256
h64_wd1e-05_s2,l3,34,0.0005,0.35199143834736035,0.722213089466095,0.9516752577319587,0.7378663268852079,2.600579715415081,0.1221712551983698,0.7478377223014832,0.9696720242500305
h64_wd1e-05_s2,l3,35,0.0005,0.39277962627618207,0.6578940749168396,0.9503646321462043,0.7128460558322716,2.8505885854056348,0.14309247181813586,0.755600094795227,0.9947919249534607
h64_wd1e-05_s2,l3,36,0.0005,0.352789898281512,0.6359379887580872,0.9548895852858481,0.7027105293640681,2.6138840211232255,0.1167841469086099,0.76399827003479,1.0224260091781616
h64_wd1e-05_s2,l3,37,0.0005,0.3796312297167985,0.7096590399742126,0.9716860941893157,0.7110506197150469,2.3726595302221902,0.12036869653685113,0.772144079208374,1.0531741380691528
h64_wd1e-05_s2,l3,38,0.0005,0.35725930981014087,0.6999014019966125,0.9718581595595126,0.7087918452449902,3.056316888422076,0.11905640581793211,0.7794353365898132,1.0784854888916016
h64_wd1e-05_s2,l3,39,0.0005,0.3421949381413667,0.7160581350326538,0.9674100866916588,0.711166454303255,2.7429258997735584,0.12062923471702472,0.787344217300415,1.1058486700057983
h64_wd1e-05_s2,l3,40,0.0005,0.3373265674580698,0.6890729665756226,0.9662678655107779,0.7146994092436001,3.2260430130603166,0.12520124713256986,0.7964563965797424,1.127911925315857
h64_wd1e-05_s2,l3,41,0.0005,0.3530014086028804,0.7049811482429504,0.9742451089503279,0.7184061160662575,2.9984941078052487,0.1306338630637989,0.8051608204841614,1.156686544418335
h64_wd1e-05_s2,l3,42,0.0005,0.37732661871806433,0.7191593647003174,0.9765258903467666,0.7063593188926214,3.3146631458042766,0.13829323987231923,0.8163395524024963,1.1788716316223145
h64_wd1e-05_s2,l3,43,0.0005,0.3855071132597716,0.6963936686515808,0.9743366330834113,0.7107610332445268,3.4308251360501827,0.12768440915794765,0.8251363635063171,1.198072075843811
h64_wd1e-05_s2,l3,44,0.0005,0.3321574006391608,0.7703947424888611,0.9790592783505154,0.7132514768909997,2.7058192937132635,0.10667073858832687,0.8319246172904968,1.2357494831085205
h64_wd1e-05_s2,l3,45,0.0005,0.31418446613394696,0.7882592678070068,0.9740583997188379,0.7130777250086876,2.898069177373319,0.096712789256018,0.8382463455200195,1.2653138637542725
h64_wd1e-05_s2,l3,46,0.0005,0.2773348527110141,0.8269653916358948,0.9756472586691659,0.7178848604193212,2.492021743185136,0.08383476464764131,0.8441335558891296,1.2938146591186523
h64_wd1e-05_s2,l3,47,0.0005,0.331935188692549,0.6998269557952881,0.9810947750702905,0.7159156724197846,3.3413259964764688,0.11580023820930993,0.8513287901878357,1.3171600103378296
h64_wd1e-05_s2,l3,48,0.0005,0.3487656764362169,0.7818880677223206,0.9796743205248359,0.7151627475964323,3.4232579612037584,0.10426044987362804,0.8581300377845764,1.3452657461166382
h64_wd1e-05_s2,l3,49,0.0005,0.3198123846365058,0.7002996802330017,0.9784662019681349,0.7131935595968956,3.1001093715522865,0.09907628618486132,0.8645219206809998,1.3692435026168823
h64_wd1e-05_s2,l3,50,0.0005,0.28860374702059705,0.8526532649993896,0.9845617092314902,0.7173636047723851,3.146575958404742,0.09875082630636481,0.8709759712219238,1.397080898284912
h64_wd1e-05_s2,l3,51,0.0005,0.28336965972962586,0.8108478784561157,0.9751969599343955,0.7155102513610565,2.734228527507958,0.08410797521202869,0.8772503733634949,1.4270228147506714
h64_wd1e-05_s2,l3,52,0.0005,0.2824308315049047,0.7975447177886963,0.9824420103092784,0.7152785821846404,2.9748790556216242,0.09038811037443238,0.8835089206695557,1.4541723728179932
h64_wd1e-05_s2,l3,53,0.0005,0.2973168071197427,0.8635129928588867,0.9709319353327085,0.7238503417120352,3.433357903113154,0.10181589457445757,0.8905107975006104,1.4857782125473022
h64_wd1e-05_s2,l3,54,0.0005,0.265109135404877,0.9140162467956543,0.9878968486410498,0.7094868527742384,3.593508174288345,0.11836083679148013,0.8974051475524902,1.5093913078308105
h64_wd1e-05_s2,l4,1,0.0005,0.6994893939598746,0.6800519824028015,0.7150065104166667,0.6641283973758201,0.7505573872588872,0.26396136742225673,0.21688209474086761,0.02174541912972927
h64_wd1e-05_s2,l4,2,0.0005,0.6758033244506173,0.6714299917221069,0.7602021188446969,0.684278350515464,0.7530050731199528,0.29827312980089604,0.2587214410305023,0.02608896978199482
h64_wd1e-05_s2,l4,3,0.0005,0.6611316489136737,0.6569411158561707,0.7724387428977273,0.6983364573570758,0.5633317491029298,0.20764039622580682,0.29275840520858765,0.02854388765990734
h64_wd1e-05_s2,l4,4,0.0005,0.638736473477405,0.679607093334198,0.7578051017992424,0.6904873477038426,0.6785260094228837,0.25489634695935165,0.33578163385391235,0.049351442605257034
h64_wd1e-05_s2,l4,5,0.0005,0.6122738019279812,0.6531733870506287,0.7880711410984849,0.7013823805060919,0.8624056114617871,0.3623789784600654,0.37654322385787964,0.07238085567951202
h64_wd1e-05_s2,l4,6,0.0005,0.6191730369692263,0.6310793161392212,0.8171090790719697,0.7187207122774134,1.106693552693504,0.4213807996827597,0.4092513620853424,0.07425384968519211
h64_wd1e-05_s2,l4,7,0.0005,0.5907051848328632,0.6511850953102112,0.8346576112689394,0.7164948453608248,1.0508966688257042,0.27763254305776625,0.44527071714401245,0.09847906231880188
h64_wd1e-05_s2,l4,8,0.0005,0.571053894965545,0.6495360732078552,0.8387340198863635,0.7079428303655108,1.0752455867692594,0.32539248392985476,0.4804932773113251,0.11735731363296509
h64_wd1e-05_s2,l4,9,0.0005,0.571320979491524,0.6331683397293091,0.8532714843750001,0.728444236176195,1.2614888638111528,0.38698407827645925,0.5173349380493164,0.13517743349075317
h64_wd1e-05_s2,l4,10,0.0005,0.5376079341639644,0.6176662445068359,0.8664476799242424,0.7263355201499533,1.067331710258875,0.26271535447401934,0.5465430021286011,0.15842881798744202
h64_wd1e-05_s2,l4,11,0.0005,0.5214296955129375,0.6075372695922852,0.879986387310606,0.7327788191190254,1.2034015792213832,0.2503669799173919,0.5741360783576965,0.188316211104393
h64_wd1e-05_s2,l4,12,0.0005,0.5145356629205786,0.6133906841278076,0.8933475378787878,0.7252811621368322,1.281296414908999,0.2739083340764209,0.5994836688041687,0.2144436538219452
h64_wd1e-05_s2,l4,13,0.0005,0.49865717732388043,0.605758786201477,0.9016335227272727,0.7316073102155577,1.4549763271912073,0.2861149422283474,0.6248642802238464,0.23726095259189606
h64_wd1e-05_s2,l4,14,0.0005,0.4666859235452569,0.6245152950286865,0.9053474195075757,0.7326616682286786,1.3732939015134966,0.24941128030543888,0.6482400298118591,0.2699223756790161
h64_wd1e-05_s2,l4,15,0.0005,0.4396295223547065,0.6173058748245239,0.91796875,0.7310215557638238,1.2640029806312767,0.20448468244351214,0.6711043119430542,0.30505868792533875
h64_wd1e-05_s2,l4,16,0.0005,0.4325465909812761,0.6207007169723511,0.9264840790719697,0.7333645735707592,1.2522255394797366,0.20664864055580523,0.6936320066452026,0.3406171202659607
h64_wd1e-05_s2,l4,17,0.0005,0.40845243697581085,0.6306732296943665,0.929058652935606,0.7401593252108717,1.5079073787645616,0.21767712767850575,0.7164619565010071,0.3787727952003479
h64_wd1e-05_s2,l4,18,0.0005,0.43266077987525775,0.6148871779441833,0.9423384232954546,0.7275070290534208,1.9590715883936547,0.24883814937981735,0.7361394166946411,0.3965301215648651
h64_wd1e-05_s2,l4,19,0.0005,0.43289953211079474,0.6871992945671082,0.9379290956439394,0.7299671977507028,1.9771862879954196,0.26186834904454476,0.7595690488815308,0.42216160893440247
h64_wd1e-05_s2,l4,20,0.0005,0.3826318823772928,0.6461779475212097,0.9455418442234849,0.7299671977507028,1.4747096607390957,0.2010099568019559,0.7795956134796143,0.4509608745574951
h64_wd1e-05_s2,l4,21,0.0005,0.37054050875746686,0.6639640927314758,0.9524221709280303,0.7307872539831303,1.8697475001648287,0.21533798706639967,0.7990368604660034,0.48531419038772583
h64_wd1e-05_s2,l4,22,0.0005,0.3693178652421288,0.6599533557891846,0.9511126893939393,0.722352389878163,1.9731798284003144,0.2243408404500822,0.8194563388824463,0.5167287588119507
h64_wd1e-05_s2,l4,23,0.0005,0.4085453424764716,0.7404189705848694,0.9600867069128788,0.7333645735707591,2.4859473585739336,0.26542131067878943,0.8391610383987427,0.5267314910888672
h64_wd1e-05_s2,l4,24,0.0005,0.38452657474123914,0.6655945181846619,0.9578524502840909,0.7208294283036553,2.093910044143157,0.2333138495665294,0.8582359552383423,0.5429097414016724
h64_wd1e-05_s2,l4,25,0.0005,0.3856060252241466,0.685088038444519,0.960486209753788,0.7189550140581067,2.459551574597379,0.27695668570561127,0.8758265972137451,0.5663871765136719
h64_wd1e-05_s2,l4,26,0.0005,0.35077857971191406,0.6951766610145569,0.9625059185606061,0.729967197750703,2.2162639865337512,0.2127709229180333,0.8911282420158386,0.5883302092552185
h64_wd1e-05_s2,l4,27,0.0005,0.3440879810115565,0.6661321520805359,0.9692234848484849,0.721883786316776,2.424934802006482,0.1984679311224354,0.906038761138916,0.6080893278121948
h64_wd1e-05_s2,l4,28,0.0005,0.32246574824270996,0.7102869749069214,0.9620546283143939,0.7141518275538895,2.122869787482131,0.18016601240302468,0.9194759130477905,0.6351484656333923
h64_wd1e-05_s2,l4,29,0.0005,0.38479397543098615,0.693128764629364,0.9660126657196969,0.7376991565135895,2.473400528093361,0.2146310287385133,0.9355222582817078,0.6543877124786377
h64_wd1e-05_s2,l4,30,0.0005,0.339429743911909,0.6649174094200134,0.9729077888257576,0.7248125585754451,2.0143130458999297,0.17796599779420716,0.9490914344787598,0.6856592297554016
h64_wd1e-05_s2,l4,31,0.0005,0.31887440707372583,0.713887631893158,0.9697339607007576,0.7187207122774133,2.168235572461869,0.15960092350879113,0.961061954498291,0.7208817601203918
h64_wd1e-05_s2,l4,32,0.0005,0.3361149741255719,0.7286811470985413,0.9707845052083334,0.7169634489222119,2.5501213929343227,0.18588666864598533,0.9743061065673828,0.7334043979644775
h64_wd1e-05_s2,l4,33,0.0005,0.3950712045897608,0.6528307199478149,0.9747721354166666,0.7129803186504218,2.887332877957948,0.22668024670704295,0.9890052080154419,0.7438510060310364
h64_wd1e-05_s2,l4,34,0.0005,0.3429493288631025,0.7182505130767822,0.9780569365530303,0.7236410496719775,2.0900583577455154,0.1529712477248334,1.0022010803222656,0.7775140404701233
h64_wd1e-05_s2,l4,35,0.0005,0.3073171370703241,0.7364501357078552,0.9751272490530303,0.7191893158388004,2.7205062817238326,0.18689064822839146,1.0136626958847046,0.7994459271430969
h64_wd1e-05_s2,l4,36,0.0005,0.2786759403736695,0.7240025997161865,0.9820445667613636,0.7147375820056232,2.4005138468487592,0.16389482481518244,1.024081826210022,0.8215603232383728
h64_wd1e-05_s2,l4,37,0.0005,0.2687955440386482,0.7684975266456604,0.9827252012310607,0.7085285848172446,1.9652382362914922,0.12687118587380483,1.0338189601898193,0.8551772236824036
h64_wd1e-05_s2,l5,1,0.0005,0.695000789382241,0.6802958250045776,0.7368948221549378,0.6793145654834761,0.7073261585367742,0.3158888627725529,0.20753827691078186,0.018957728520035744
h64_wd1e-05_s2,l5,2,0.0005,0.6738915605978533,0.6689265370368958,0.767715692571184,0.6951040391676866,0.6419116805232291,0.2880402493185452,0.2497747391462326,0.02554476074874401
h64_wd1e-05_s2,l5,3,0.0005,0.6581511009823192,0.6585187911987305,0.7680521148729241,0.702203182374541,0.7548114126105868,0.34275709113138925,0.28731048107147217,0.028223849833011627
h64_wd1e-05_s2,l5,4,0.0005,0.660838167775761,0.6552625894546509,0.7832675780652659,0.6917992656058751,1.0116009621751976,0.48880604665442945,0.32472097873687744,0.03382419794797897
h64_wd1e-05_s2,l5,5,0.0005,0.6454728191549127,0.6450439095497131,0.7905159494754872,0.7047735618115055,0.8633696710134118,0.3959641875261913,0.36178189516067505,0.04355820268392563
h64_wd1e-05_s2,l5,6,0.0005,0.6173556663773276,0.637152910232544,0.7954781784261553,0.7151774785801714,0.7213332921645518,0.2928492443142352,0.3953307271003723,0.06273725628852844
h64_wd1e-05_s2,l5,7,0.0005,0.6005921282551505,0.6237399578094482,0.8165963238217573,0.7121175030599756,0.86663690093219,0.31303772354072457,0.43536287546157837,0.08865344524383545
h64_wd1e-05_s2,l5,8,0.0005,0.5818265337835659,0.6158990263938904,0.8357341652139341,0.7170134638922888,0.893185808463659,0.2988507181871211,0.47190749645233154,0.11402031779289246
h64_wd1e-05_s2,l5,9,0.0005,0.5858793475411155,0.633139431476593,0.8426996360522372,0.7059975520195838,1.2932442125035357,0.42401559414579365,0.5080535411834717,0.13002656400203705
h64_wd1e-05_s2,l5,10,0.0005,0.5716677037152377,0.6252517104148865,0.8520430008869317,0.7249694002447981,1.2703599807606358,0.39847324972376924,0.5431784391403198,0.13495677709579468
h64_wd1e-05_s2,l5,11,0.0005,0.5391779812899503,0.629703938961029,0.8603923907392117,0.713219094247246,0.8866189505406847,0.27223062094123035,0.5729731321334839,0.16063378751277924
h64_wd1e-05_s2,l5,12,0.0005,0.5324159359390085,0.6306101679801941,0.8709132336299966,0.7252141982864136,0.9335937361139053,0.25571179192511956,0.5988104939460754,0.19008125364780426
h64_wd1e-05_s2,l5,13,0.0005,0.4956079992381009,0.6224691271781921,0.8843777716610087,0.7171358629130967,1.032856936712286,0.2670929660999987,0.6268563866615295,0.22318798303604126
h64_wd1e-05_s2,l5,14,0.0005,0.49067209931937134,0.6105127334594727,0.8952120989693244,0.7324357405140759,1.3337353304428423,0.27453035825451716,0.6526495814323425,0.25306931138038635
h64_wd1e-05_s2,l5,15,0.0005,0.47188568250699475,0.633406937122345,0.9070251093372481,0.7261933904528763,1.3572499429553633,0.2744217445585129,0.6797105073928833,0.2799477279186249
h64_wd1e-05_s2,l5,16,0.0005,0.4863051189617677,0.6263290047645569,0.9123543444352693,0.7313341493268054,1.8110698200618252,0.3743892249677771,0.7052357792854309,0.30231747031211853
h64_wd1e-05_s2,l5,17,0.0005,0.46033045107668097,0.6161296963691711,0.9221717588769611,0.7302325581395348,1.6248594208536944,0.2568447158032601,0.7294930815696716,0.32108116149902344
h64_wd1e-05_s2,l5,18,0.0005,0.4458752938292243,0.6362040042877197,0.9257041930452334,0.7238678090575275,1.6668732286467998,0.2884361501712293,0.7536575198173523,0.3475765585899353
h64_wd1e-05_s2,l5,19,0.0005,0.4128145399418744,0.6531610488891602,0.9275009939749823,0.7332925336597308,1.3299735149539538,0.19893970093343435,0.7753545641899109,0.3779281973838806
h64_wd1e-05_s2,l5,20,0.0005,0.4177400347861377,0.6416743397712708,0.9335948252133224,0.7320685434516524,1.4990253170016097,0.2050450132016319,0.7967051267623901,0.40949252247810364
h64_wd1e-05_s2,l5,21,0.0005,0.4196454327214848,0.7299522161483765,0.9402773954797076,0.7277845777233782,1.9515550897005516,0.27023738500377964,0.8157545924186707,0.43754470348358154
h64_wd1e-05_s2,l5,22,0.0005,0.40415638956156646,0.6340847015380859,0.9478851270758786,0.7292533659730722,1.9295214004119208,0.22761749910454904,0.835412859916687,0.456331342458725
h64_wd1e-05_s2,l5,23,0.0005,0.4113408787684007,0.6558738946914673,0.9482291953390218,0.7261933904528763,1.9608130552041738,0.23324453106213164,0.8559338450431824,0.47801467776298523
h64_wd1e-05_s2,l5,24,0.0005,0.38688835366205737,0.7929960489273071,0.9542542129247331,0.7266829865361077,2.06167310251624,0.21335518126029146,0.8746450543403625,0.5061463117599487
h64_wd1e-05_s2,l5,25,0.0005,0.3490458090196956,0.6892818212509155,0.959071168608741,0.7320685434516524,1.7936615844765191,0.2206894671208962,0.8908441066741943,0.5313753485679626
h64_wd1e-05_s2,l5,26,0.0005,0.336839844557372,0.6773121953010559,0.9666941921277181,0.7227662178702571,1.8543575849168803,0.178958442907926,0.9066352844238281,0.5590471029281616
h64_wd1e-05_s2,l5,27,0.0005,0.33725414696064865,0.7449311017990112,0.9708688870538582,0.7247246022031824,1.791499748800466,0.16840492983717056,0.9216048121452332,0.5896463394165039
h64_wd1e-05_s2,l5,28,0.0005,0.34402610700238834,0.7250480651855469,0.974875370829128,0.7203182374541004,2.5248143442982585,0.2018872777709742,0.9394944310188293,0.6199904084205627
h64_wd1e-05_s2,l5,29,0.0005,0.32996218177405273,0.7200497984886169,0.9771156375202618,0.7195838433292534,2.238366227352191,0.21132913830216807,0.9564170241355896,0.6446870565414429
h64_wd1e-05_s2,l5,30,0.0005,0.3277001529932022,0.7121132016181946,0.9728950668257027,0.7304773561811506,2.6507954788102204,0.19921481109709271,0.9732462763786316,0.6738234758377075
h64_wd1e-05_s2,l5,31,0.0005,0.27639051188122143,0.7263842225074768,0.9772532648255191,0.7194614443084455,1.7247285024964787,0.14319250730289745,0.9888547658920288,0.7057750225067139
h64_wd1e-05_s2,l5,32,0.0005,0.2783580659465356,0.7614715099334717,0.9779719851974187,0.7231334149326805,2.041859437935702,0.14941350395321343,1.002329707145691,0.7422432899475098
h64_wd1e-05_s2,l5,33,0.0005,0.2887810854749246,0.800595760345459,0.9800822705446983,0.7228886168910648,2.4996841736171613,0.16525502719132965,1.016366720199585,0.7699580192565918
h64_wd1e-05_s2,l5,34,0.0005,0.3272179608995264,0.7266659140586853,0.9816955684007708,0.730966952264382,3.1917243767537813,0.2153851166202587,1.0306459665298462,0.7818217277526855
h64_wd1e-05_s2,l5,35,0.0005,0.31716319579969754,0.764776349067688,0.9822843074288161,0.7003671970624235,2.3160478082662856,0.164952122349746,1.0453784465789795,0.8011773228645325
h64_wd1e-05_s2,l5,36,0.0005,0.2928225086493926,0.8286769390106201,0.9837293941340184,0.7144430844553243,2.6860252407974556,0.16305535779047067,1.057340383529663,0.8328884840011597
h64_wd1e-05_s2,l5,37,0.0005,0.2970878610556776,0.7513712644577026,0.9899226228705997,0.706609547123623,2.3595122105785964,0.15412527702589093,1.069534182548523,0.8608208298683167
h64_wd1e-05_s2,l5,38,0.0005,0.25107188658280805,0.8426576852798462,0.9886457473162675,0.7210526315789474,2.2965874748250417,0.15035474046667083,1.0807408094406128,0.8999987840652466
h64_wd1e-05_s2,l5,39,0.0005,0.2833887013522061,0.9173786044120789,0.9910007034284491,0.6998776009791922,3.019055937209201,0.16187184519821007,1.092557430267334,0.9234739542007446
h64_wd1e-05_s2,l6,1,0.0005,0.6944863388412877,0.6868677139282227,0.7384046052631579,0.6972402597402597,0.7492633648118379,0.296092323555639,0.19440864026546478,0.014721381478011608
h64_wd1e-05_s2,l6,2,0.0005,0.6903540241090875,0.6774547696113586,0.7304379111842105,0.6616883116883118,0.6172649516177037,0.2682922902477972,0.23479802906513214,0.021144259721040726
h64_wd1e-05_s2,l6,3,0.0005,0.66880611683193,0.675794780254364,0.7131784539473685,0.640909090909091,0.5774324095646468,0.2579566788799756,0.2615579068660736,0.024459153413772583
h64_wd1e-05_s2,l6,4,0.0005,0.6628130642991317,0.6670271754264832,0.7797183388157896,0.6844155844155845,0.628836500550282,0.26782637222373334,0.2895890176296234,0.03309151530265808
h64_wd1e-05_s2,l6,5,0.0005,0.6445814465221605,0.6537470817565918,0.7802425986842105,0.6842532467532468,0.6578670681817215,0.2390819856669001,0.3227482736110687,0.05555218830704689
h64_wd1e-05_s2,l6,6,0.0005,0.6300819014248095,0.646787703037262,0.7988384046052631,0.6862012987012988,0.766402342669883,0.2772099410133193,0.35838305950164795,0.08398614078760147
h64_wd1e-05_s2,l6,7,0.0005,0.6426675382413363,0.696733295917511,0.7655838815789473,0.6511363636363636,1.083103578787533,0.34608025405269144,0.39196348190307617,0.09767273813486099
h64_wd1e-05_s2,l6,8,0.0005,0.6322478683371293,0.6421298980712891,0.8145456414473684,0.698051948051948,0.8852170784184265,0.32440043578206085,0.431050181388855,0.10190804302692413
h64_wd1e-05_s2,l6,9,0.0005,0.6125429931439852,0.6480502486228943,0.8209498355263157,0.6939935064935066,0.9360053378368584,0.3374051757237698,0.45697614550590515,0.1127750352025032
h64_wd1e-05_s2,l6,10,0.0005,0.5890307489194369,0.628454327583313,0.8397306743421054,0.703409090909091,0.8699395579314168,0.2623685647691863,0.48492759466171265,0.13853669166564941
h64_wd1e-05_s2,l6,11,0.0005,0.5670813918113708,0.6238423585891724,0.8540090460526316,0.7032467532467533,0.9962278116956753,0.30363244473519496,0.5152071118354797,0.168287456035614
h64_wd1e-05_s2,l6,12,0.0005,0.5930102185199135,0.6339231729507446,0.8630550986842106,0.7024350649350649,1.4445591819879677,0.30643123782876847,0.5434694886207581,0.1786988377571106
h64_wd1e-05_s2,l6,13,0.0005,0.5434346402946272,0.6452351808547974,0.8592722039473683,0.7032467532467532,1.173288312459845,0.32359924969871634,0.5685216188430786,0.2042105793952942
h64_wd1e-05_s2,l6,14,0.0005,0.5507428787256542,0.6392449736595154,0.8739720394736842,0.7021103896103895,1.364593222870544,0.34533780235231815,0.5890176892280579,0.2117888182401657
h64_wd1e-05_s2,l6,15,0.0005,0.5341770272505911,0.6362626552581787,0.8907072368421052,0.7076298701298702,1.2171288014583157,0.2616688789356045,0.6124453544616699,0.2329663187265396
h64_wd1e-05_s2,l6,16,0.0005,0.5041592764227014,0.6277395486831665,0.8978721217105262,0.7064935064935065,1.189145402197626,0.23601931287207994,0.6329861879348755,0.25983527302742004
h64_wd1e-05_s2,l6,17,0.0005,0.48739524264084666,0.6634292602539062,0.9021792763157894,0.7040584415584416,1.6041289404787802,0.3138208065496421,0.6535895466804504,0.29070794582366943
h64_wd1e-05_s2,l6,18,0.0005,0.4865824940957521,0.6362925171852112,0.9057360197368423,0.7149350649350649,1.5062653568661495,0.25390416722914944,0.6772697567939758,0.31724441051483154
h64_wd1e-05_s2,l6,19,0.0005,0.45758826638522904,0.6236017346382141,0.9176809210526317,0.7176948051948051,1.5228588472634996,0.2561489378470078,0.6965429782867432,0.34616801142692566
h64_wd1e-05_s2,l6,20,0.0005,0.4347428553982785,0.6432746052742004,0.9191611842105263,0.7141233766233767,1.6186631787904193,0.26435599252062547,0.7154380679130554,0.38087722659111023
h64_wd1e-05_s2,l6,21,0.0005,0.45528853567023025,0.7080379128456116,0.9295435855263158,0.6974025974025975,1.9244837952999232,0.26703524303481296,0.7326469421386719,0.4003147780895233
h64_wd1e-05_s2,l6,22,0.0005,0.4388024273671602,0.6406981348991394,0.9266961348684211,0.7144480519480518,1.7483236778705304,0.23011842859126175,0.7528780698776245,0.41964396834373474
h64_wd1e-05_s2,l6,23,0.0005,0.4296388735896663,0.6640803813934326,0.9329975328947369,0.7118506493506493,1.795130685597627,0.2535188507707873,0.7696024775505066,0.4432778060436249
h64_wd1e-05_s2,l6,24,0.0005,0.42158274901540654,0.739920437335968,0.9285978618421051,0.7025974025974026,2.1571754302250317,0.2656408475942255,0.7858518362045288,0.47141823172569275
h64_wd1e-05_s2,l6,25,0.0005,0.4110456485497324,0.6787401437759399,0.944140625,0.7017857142857143,1.9891512819474981,0.23561451254285204,0.7998030185699463,0.49404579401016235
h64_wd1e-05_s2,l6,26,0.0005,0.3973465405012432,0.6611763834953308,0.9485608552631579,0.7032467532467532,2.042382200325512,0.21153237445757708,0.8137493133544922,0.5166022777557373
h64_wd1e-05_s2,l6,27,0.0005,0.40485746844818715,0.6349822878837585,0.959375,0.7019480519480519,2.083728415682684,0.2294346427175473,0.8269186019897461,0.5363325476646423
h64_wd1e-05_s2,l6,28,0.0005,0.3924488974244971,0.7075542211532593,0.9606599506578948,0.6949675324675324,2.2134268454669486,0.2150394099117113,0.8418431878089905,0.5595681071281433
h64_wd1e-05_s2,l6,29,0.0005,0.34976704653940704,0.6815844774246216,0.9552425986842106,0.7090909090909091,1.5600725298476765,0.166422071972502,0.8569352030754089,0.59031081199646
h64_wd1e-05_s2,l6,30,0.0005,0.34436478583436264,0.7038085460662842,0.96640625,0.6918831168831168,1.9141154209496738,0.1816523390797937,0.8690682649612427,0.6201179623603821
h64_wd1e-05_s2,l6,31,0.0005,0.3652239394815345,0.6935065984725952,0.9626953125000001,0.6993506493506494,2.006210414271275,0.19026477577430512,0.8825873732566833,0.6439840197563171
h64_wd1e-05_s2,l6,32,0.0005,0.3304481969067925,0.7358231544494629,0.9666118421052633,0.7056818181818182,2.0989021744212466,0.1603857557145718,0.895270586013794,0.6681896448135376
h64_wd1e-05_s2,l6,33,0.0005,0.31465601215237066,0.7801571488380432,0.9671669407894737,0.7069805194805194,1.85949016407777,0.15510851035063586,0.9062671661376953,0.698589026927948
h64_wd1e-05_s2,l6,34,0.0005,0.32548619336203527,0.7951869368553162,0.973889802631579,0.6972402597402597,2.3775731315239503,0.18152520372865832,0.9173245429992676,0.7215815186500549
h64_wd1e-05_s2,l6,35,0.0005,0.34188790227237503,0.8250320553779602,0.9752981085526315,0.7012987012987012,2.9428981924564215,0.18983125451529467,0.9306859970092773,0.7403532862663269
h64_wd1e-05_s2,l6,36,0.0005,0.30553240132959264,0.7182313203811646,0.9746607730263158,0.7064935064935064,2.4302508236555225,0.15714774592882372,0.941575825214386,0.759543776512146
h64_wd1e-05_s2,l6,37,0.0005,0.2853582517096871,0.7640606760978699,0.9777240953947368,0.6967532467532467,2.259359794087998,0.1636161185031643,0.9527894854545593,0.788163423538208
h64_wd1e-05_s2,l6,38,0.0005,0.2942619896248767,0.7419737577438354,0.9800370065789473,0.7064935064935065,2.0327297687658286,0.12743883594266983,0.9629714488983154,0.8144822716712952
h64_wd1e-05_s2,l6,39,0.0005,0.2733913581622274,0.8739707469940186,0.9842208059210527,0.6972402597402597,2.6240398083657457,0.15131813735351474,0.9726632833480835,0.8407553434371948
h64_wd1e-05_s2,l7,1,0.0005,0.7028843397679536,0.690998375415802,0.7028534831893265,0.5591611996251172,0.5446853151876392,0.18623069114319743,0.2024773806333542,0.0282619446516037
h64_wd1e-05_s2,l7,2,0.0005,0.689922501211581,0.6893351674079895,0.746903296979928,0.6600281162136832,0.2337486021855504,0.09905260249540246,0.23087432980537415,0.03379664197564125
h64_wd1e-05_s2,l7,3,0.0005,0.6868488581284232,0.6857368350028992,0.6145576508740366,0.6291002811621368,0.43310633787647174,0.21168062125266798,0.24398769438266754,0.031466253101825714
h64_wd1e-05_s2,l7,4,0.0005,0.6870062351226807,0.6899081468582153,0.7232772854149545,0.6193767572633552,0.31266794414351645,0.13863941746218025,0.2562357485294342,0.04485614225268364
h64_wd1e-05_s2,l7,5,0.0005,0.6767602562904358,0.6785417199134827,0.7564988190696194,0.6692830365510778,0.38734226645571623,0.2187179938062331,0.2745462954044342,0.05326298251748085
h64_wd1e-05_s2,l7,6,0.0005,0.6669607758522034,0.6684470772743225,0.7573502735760349,0.6887300843486411,0.40384808701107444,0.17542646282033666,0.2939622700214386,0.05940729379653931
h64_wd1e-05_s2,l7,7,0.0005,0.6517417327217434,0.655254602432251,0.7624367887578389,0.6964620431115277,0.5797422364943509,0.24626799093189464,0.32155728340148926,0.08953078091144562
h64_wd1e-05_s2,l7,8,0.0005,0.6526413067527439,0.6797211766242981,0.7716769211405048,0.6645970009372071,0.697298110087733,0.2229217658888483,0.34593284130096436,0.11574110388755798
h64_wd1e-05_s2,l7,9,0.0005,0.6244290004605833,0.6442247629165649,0.7900165108134722,0.7020852858481723,0.6634541013082029,0.18342934362321453,0.3687928020954132,0.1456001102924347
h64_wd1e-05_s2,l7,10,0.0005,0.6234265876852948,0.6327698230743408,0.7984348044986412,0.7095829428303654,0.7527961957043776,0.20790191226088922,0.3896372616291046,0.1732398122549057
h64_wd1e-05_s2,l7,11,0.0005,0.6240968341412751,0.6387474536895752,0.8091113036138692,0.7134489222118089,0.9214232834519828,0.23041890322005223,0.4122999310493469,0.19358600676059723
h64_wd1e-05_s2,l7,12,0.0005,0.5995617068332174,0.6252306699752808,0.8200987687227443,0.7184864104967198,0.7921942018078475,0.23236340370351388,0.4319705069065094,0.22418619692325592
h64_wd1e-05_s2,l7,13,0.0005,0.5784810820351476,0.619292140007019,0.823956227834418,0.7275070290534209,0.8511301917760059,0.19215920984793605,0.44972482323646545,0.25491365790367126
h64_wd1e-05_s2,l7,14,0.0005,0.5972334612970767,0.6163422465324402,0.8473453129280409,0.7353561387066542,1.1134623876681784,0.18327935974000367,0.4643922746181488,0.27778083086013794
h64_wd1e-05_s2,l7,15,0.0005,0.5834134830080945,0.6178628206253052,0.8469825192687856,0.7272727272727273,1.0285806763710617,0.21716874861923613,0.4822845160961151,0.30263227224349976
h64_wd1e-05_s2,l7,16,0.0005,0.5466812188210695,0.6355418562889099,0.8534535735175437,0.7498828491096533,1.0446117835002542,0.17667798290847986,0.49754202365875244,0.33454352617263794
h64_wd1e-05_s2,l7,17,0.0005,0.5570138381875079,0.6146631240844727,0.8609315652695408,0.7327788191190253,1.1005729920483167,0.19927370733317334,0.5137012600898743,0.3600056767463684
h64_wd1e-05_s2,l7,18,0.0005,0.5418348662231279,0.6033119559288025,0.8688241783464014,0.7408622305529522,1.2098506511929872,0.171269646651707,0.5275595188140869,0.3935689926147461
h64_wd1e-05_s2,l7,19,0.0005,0.526427765255389,0.6203566193580627,0.8842169950319481,0.7564432989690721,1.2685062999676284,0.15577228232360138,0.5385112762451172,0.4203093349933624
h64_wd1e-05_s2,l7,20,0.0005,0.5302755003390105,0.5934473872184753,0.8876450249142993,0.7556232427366447,1.2213487995140573,0.1689087107992685,0.5513862371444702,0.4535589814186096
h64_wd1e-05_s2,l7,21,0.0005,0.5098877989727518,0.6042751669883728,0.8972405470039907,0.7528116213683225,1.5751196479331226,0.18833459095308508,0.5648295283317566,0.48613765835762024
h64_wd1e-05_s2,l7,22,0.0005,0.5057837509590647,0.6086234450340271,0.9000392409468174,0.7576148078725398,1.6642632305990444,0.15852152696607108,0.5783515572547913,0.5179188251495361
h64_wd1e-05_s2,l7,23,0.0005,0.5075166627116825,0.5944768786430359,0.9007204045519499,0.760543580131209,1.3357609269002055,0.14861087660789926,0.5906526446342468,0.5487136840820312
h64_wd1e-05_s2,l7,24,0.0005,0.47721402023149573,0.5978677272796631,0.9117708032547774,0.746485473289597,1.512082353190232,0.1412059864317654,0.6013287305831909,0.58486407995224
h64_wd1e-05_s2,l7,25,0.0005,0.46718448918798694,0.6027729511260986,0.9142104055144636,0.7543931583880037,1.6385779765870283,0.16248278505003075,0.6131877899169922,0.6264503002166748
h64_wd1e-05_s2,l7,26,0.0005,0.47271650770436163,0.606647789478302,0.9186823926612027,0.7518744142455482,1.7831627740852467,0.1489133282444007,0.6234660148620605,0.6593162417411804
h64_wd1e-05_s2,l7,27,0.0005,0.43186493541883386,0.592121422290802,0.9333940457416169,0.7566776007497658,1.6896816808144433,0.13063426151252786,0.633255660533905,0.6935996413230896
h64_wd1e-05_s2,l7,28,0.0005,0.4418591675551041,0.586681067943573,0.9393023996209175,0.7623594189315839,1.8201395019864117,0.14463334917528534,0.6443738341331482,0.7316973805427551
h64_wd1e-05_s2,l7,29,0.0005,0.42490149710489356,0.5793586373329163,0.9438410223377239,0.767572633552015,1.9962639499860166,0.13212735527087793,0.6552230715751648,0.7628117203712463
h64_wd1e-05_s2,l7,30,0.0005,0.4232796761004821,0.6206303834915161,0.9359113894997149,0.7583177132146204,2.158526565667308,0.15183402151315073,0.6664862632751465,0.7998487949371338
h64_wd1e-05_s2,l7,31,0.0005,0.44737618902455206,0.6352571249008179,0.9459400427948439,0.7503514526710404,2.2491177003934375,0.12825210830996228,0.6780482530593872,0.8403399586677551
h64_wd1e-05_s2,l7,32,0.0005,0.4038501990878064,0.6100994348526001,0.9475504024048036,0.7605435801312092,1.9245827489513516,0.12369262699638943,0.6886018514633179,0.8831794857978821
h64_wd1e-05_s2,l7,33,0.0005,0.45506222610888275,0.5877749919891357,0.9407757861146281,0.7489456419868792,2.2346691780224477,0.1371502712351253,0.6992081999778748,0.9194490313529968
h64_wd1e-05_s2,l7,34,0.0005,0.41645909003589465,0.6494108438491821,0.9479724276818965,0.761480787253983,1.9400215169471584,0.11355881847283995,0.7087224721908569,0.9578111171722412
h64_wd1e-05_s2,l7,35,0.0005,0.3938719954179681,0.6334426403045654,0.9495050457934445,0.743439550140581,2.8187298355043473,0.1335226423455549,0.7176204323768616,0.977885901927948
h64_wd1e-05_s2,l7,36,0.0005,0.40487222826999164,0.6269091963768005,0.9641500633037916,0.7556232427366447,3.158423612265168,0.14598087021361741,0.7267888188362122,0.9989456534385681
h64_wd1e-05_s2,l7,37,0.0005,0.3858252323192099,0.5951660871505737,0.954976566491193,0.7679240862230553,2.0220559504499263,0.12165014921191593,0.73526531457901,1.0252891778945923
h64_wd1e-05_s2,l7,38,0.0005,0.37028260205103003,0.625957727432251,0.9673300607864478,0.7603092783505154,2.41833108552509,0.11379189728483624,0.7432780861854553,1.0551941394805908
h64_wd1e-05_s2,l7,39,0.0005,0.34970824679602747,0.6005316376686096,0.9650607494280447,0.7652296157450797,2.501748631122291,0.10837134930212457,0.750967264175415,1.082664966583252
h64_wd1e-05_s2,l7,40,0.0005,0.3446723326392796,0.6955541372299194,0.9668599098198618,0.7508786316776007,2.3946367618752746,0.11258697492410347,0.75916987657547,1.1208192110061646
h64_wd1e-05_s2,l7,41,0.0005,0.32907369084980176,0.6220307350158691,0.9731643751434516,0.7548031865042174,2.554567166648046,0.1121734370223893,0.7675267457962036,1.1546646356582642
h64_wd1e-05_s2,l7,42,0.0005,0.3087960455728614,0.7469151616096497,0.9688293611129621,0.7372891283973758,2.229049883599036,0.11456410963892275,0.7750529050827026,1.200565218925476
h64_wd1e-05_s2,l7,43,0.0005,0.3224339362071908,0.6569966673851013,0.9768737552105313,0.7396321462043112,3.0212808320314366,0.11981665982687323,0.7825730443000793,1.2364935874938965
h64_wd1e-05_s2,l7,44,0.0005,0.34270885392375616,0.6213043332099915,0.9472838601245346,0.729674320524836,3.4124838667635298,0.14247649929057243,0.7901434302330017,1.2574371099472046
h64_wd1e-05_s2,l7,45,0.0005,0.35441601017247076,0.6727778911590576,0.9726720123201765,0.7412136832239924,2.514672216184553,0.10058075915415672,0.7981124520301819,1.2843571901321411
h64_wd1e-05_s2,l7,46,0.0005,0.3391455949648567,0.6577261090278625,0.9742046304317246,0.7523430178069354,2.8727933913044152,0.10894184321876693,0.804761528968811,1.315938115119934
h64_wd1e-05_s2,l7,47,0.0005,0.3138353934754496,0.6679612398147583,0.9852365192539778,0.7572633552014996,3.049693311228151,0.09664040581165569,0.8116143941879272,1.3501008749008179
h64_wd1e-05_s2,l7,48,0.0005,0.30912698675756867,0.8060823082923889,0.9784582009876872,0.7546860356138706,3.1926122115306437,0.10489456313307673,0.8185909390449524,1.3853000402450562
h64_wd1e-05_s2,l7,49,0.0005,0.2928709407215533,0.7249470353126526,0.9798612499352153,0.7308458294283036,2.9207264379134967,0.09987112145534359,0.8252091407775879,1.421413779258728
h64_wd1e-05_s2,l7,50,0.0005,0.28751996742642444,0.7325856685638428,0.9832670679608775,0.757497656982193,2.805599097099901,0.09217237004859082,0.8317862153053284,1.4576420783996582
h64_wd1e-05_s2,l7,51,0.0005,0.30350838050894113,0.6350420117378235,0.9828154268748658,0.7368205248359888,3.193142412405545,0.09748339422075439,0.8383972644805908,1.4864574670791626
h64_wd1e-05_s2,l7,52,0.0005,0.2945611596755359,0.7575612664222717,0.9884757483544716,0.7458997188378631,2.998606509608512,0.0880169606702818,0.844449520111084,1.5166600942611694
h64_wd1e-05_s2,l7,53,0.0005,0.2886222665724547,0.785485565662384,0.9872022685709632,0.7524015932521086,3.3542085367705887,0.0873700251965336,0.850058913230896,1.5392059087753296
h64_wd1e-05_s2,l7,54,0.0005,0.2603843127903731,0.7466325759887695,0.9832115383191548,0.7524601686972822,3.549426911012037,0.08338746457693892,0.8564412593841553,1.5680058002471924
h64_wd1e-05_s2,l7,55,0.0005,0.25552328967529797,0.7794607877731323,0.9891013823178814,0.7536316776007498,2.951021557617395,0.07783552040824906,0.8627599477767944,1.5989497900009155
h64_wd1e-05_s2,l7,56,0.0005,0.28186103053714917,0.7255985736846924,0.988068530981838,0.7511129334582943,3.374099885331218,0.09301146407186733,0.8681041598320007,1.6290788650512695
h64_wd1e-05_s2,l7,57,0.0005,0.25917387915694196,0.6813563704490662,0.9859250868113398,0.7544517338331772,2.9866953823512974,0.07693377847766611,0.8740224242210388,1.654006838798523
h64_wd1e-05_s2,l8,1,0.0005,0.6957008052955974,0.6813011765480042,0.712656519108132,0.6169659442724459,0.8019181436400359,0.3805455870703632,0.2049347460269928,0.01286061480641365
h64_wd1e-05_s2,l8,2,0.0005,0.6778728636828336,0.6758734583854675,0.7151391022358765,0.6263777089783282,0.7473663264792753,0.3591594509087132,0.25053367018699646,0.02027980610728264
h64_wd1e-05_s2,l8,3,0.0005,0.6567748107693412,0.6668134927749634,0.7505469440953314,0.6495356037151703,0.7308722749781214,0.41275867888543605,0.28526031970977783,0.020216194912791252
h64_wd1e-05_s2,l8,4,0.0005,0.6499132270162756,0.706890344619751,0.7663734115347018,0.6694736842105263,0.8153870617212859,0.4251707290808928,0.32828477025032043,0.029119180515408516
h64_wd1e-05_s2,l8,5,0.0005,0.6641740880229257,0.6555148363113403,0.78834427221524,0.6760371517027864,1.0105162172946078,0.5022766013616701,0.3615189790725708,0.028944483026862144
h64_wd1e-05_s2,l8,6,0.0005,0.6327769783410159,0.6510900855064392,0.8021226085742215,0.6838390092879256,0.7944210820107063,0.35667943165842764,0.3965294659137726,0.04110616073012352
h64_wd1e-05_s2,l8,7,0.0005,0.6029644256288355,0.660883367061615,0.8086238731400023,0.6821052631578948,0.7644154875436521,0.297668343047163,0.4304949939250946,0.05815822631120682
h64_wd1e-05_s2,l8,8,0.0005,0.6058218722993677,0.6475002765655518,0.8228987261245326,0.6878018575851393,0.9831174933340253,0.3587317868472591,0.463948130607605,0.07488267123699188
h64_wd1e-05_s2,l8,9,0.0005,0.5838626447049055,0.6783379912376404,0.8250166798553896,0.6905263157894738,0.882915397695789,0.29627307570218137,0.4982575476169586,0.09405294060707092
h64_wd1e-05_s2,l8,10,0.0005,0.559911612759937,0.6477761268615723,0.8420378904249872,0.6937461300309596,1.0428103779371054,0.4036093319666849,0.5276138186454773,0.11513032019138336
h64_wd1e-05_s2,l8,11,0.0005,0.5480936074798758,0.6317557692527771,0.8595556176201338,0.7024148606811145,0.9439467030184777,0.3328744011916805,0.5547291040420532,0.13381078839302063
h64_wd1e-05_s2,l8,12,0.0005,0.5362176922234622,0.6331657767295837,0.8694626759142888,0.708359133126935,1.1818705805190226,0.32555473791423295,0.5827479362487793,0.15755562484264374
h64_wd1e-05_s2,l8,13,0.0005,0.5148596099831841,0.6326887011528015,0.8764139086719731,0.7110835913312693,0.9030397265225549,0.22711380274137694,0.6091891527175903,0.1832210123538971
h64_wd1e-05_s2,l8,14,0.0005,0.49694650958884845,0.7578915953636169,0.888314791540598,0.6968421052631579,1.284032729834491,0.2910914704414255,0.6340360045433044,0.21029263734817505
h64_wd1e-05_s2,l8,15,0.0005,0.5322518714449622,0.6597248911857605,0.8890673245511957,0.7145510835913312,1.524628082415382,0.33406974886912244,0.663348913192749,0.21864557266235352
h64_wd1e-05_s2,l8,16,0.0005,0.503714378584515,0.6910619139671326,0.8932023770733447,0.7092260061919504,1.551725209061985,0.3393136378294258,0.6872360110282898,0.23414048552513123
h64_wd1e-05_s2,l8,17,0.0005,0.49841653081503784,0.6387714147567749,0.9056463250011637,0.7183900928792569,1.4173835578730434,0.3310513567593883,0.7102629542350769,0.24081850051879883
h64_wd1e-05_s2,l8,18,0.0005,0.47177534889091144,0.6481150388717651,0.9094012319818772,0.7207430340557275,1.280493307834269,0.24196659804021667,0.7304794192314148,0.2677556276321411
h64_wd1e-05_s2,l8,19,0.0005,0.49423415010625665,0.6538634300231934,0.9099210228242486,0.7145510835913312,1.6783107012602927,0.286352773384422,0.7524508833885193,0.28912755846977234
h64_wd1e-05_s2,l8,20,0.0005,0.4430685829032551,0.7562175393104553,0.9133423326971714,0.7178947368421053,1.4120254857686596,0.23096733779173276,0.7724672555923462,0.3139106333255768
h64_wd1e-05_s2,l8,21,0.0005,0.44618614559823816,0.6437283158302307,0.9256311191795062,0.7229721362229102,1.8306006345792085,0.29434642320243865,0.7882359027862549,0.326421856880188
h64_wd1e-05_s2,l8,22,0.0005,0.4205976115031676,0.6556746363639832,0.928819686884203,0.7224767801857586,1.6076014440971198,0.25049274676911026,0.8047189116477966,0.3543524444103241
h64_wd1e-05_s2,l8,23,0.0005,0.4042671824043447,0.6669936180114746,0.9369501466275659,0.7230959752321982,1.3557187701201698,0.17996144273850725,0.8199141621589661,0.37943223118782043
h64_wd1e-05_s2,l8,24,0.0005,0.40662445398894226,0.6449880599975586,0.945390929261897,0.7230959752321982,1.9055919217159762,0.22838231882654644,0.836057186126709,0.4074588119983673
h64_wd1e-05_s2,l8,25,0.0005,0.39048377492211084,0.6767529249191284,0.9455383326351068,0.7224767801857586,1.7367763821128919,0.20634333477090852,0.8533879518508911,0.43253976106643677
h64_wd1e-05_s2,l8,26,0.0005,0.3651027435606176,0.6632931232452393,0.9521094198513552,0.7259442724458205,2.019485937997906,0.2850941565652759,0.8686696290969849,0.45583900809288025
h64_wd1e-05_s2,l8,27,0.0005,0.36643208969723096,0.6835108399391174,0.9548480193641483,0.7234674922600619,1.7165352446720235,0.19049225475575576,0.8830326199531555,0.4790140390396118
h64_wd1e-05_s2,l8,28,0.0005,0.37283717637712305,0.6724751591682434,0.963079334047076,0.7245820433436533,1.925880828636084,0.19629347845480363,0.8977358341217041,0.502431333065033
h64_wd1e-05_s2,l8,29,0.0005,0.3509196625514464,0.7027822136878967,0.9608682834489287,0.7235913312693498,1.992902525697763,0.20630275310049218,0.9132691621780396,0.5275550484657288
h64_wd1e-05_s2,l8,30,0.0005,0.33728029375726526,0.6776422262191772,0.9650886747660942,0.7260681114551083,1.6375160229658368,0.17438605675419472,0.9270659685134888,0.5576235055923462
h64_wd1e-05_s2,l8,31,0.0005,0.320198848166249,0.7484543919563293,0.9641499480209158,0.7259442724458205,1.765918633510725,0.16824952304077312,0.9397450685501099,0.5925653576850891
h64_wd1e-05_s2,l8,32,0.0005,0.30892258882522583,0.7584918737411499,0.9702012443947927,0.7237151702786377,1.8664293428486383,0.1817971552485106,0.9531880617141724,0.6271416544914246
h64_wd1e-05_s2,l8,33,0.0005,0.3345956721089103,0.7578502297401428,0.9707055190926158,0.714922600619195,2.9411581812937584,0.19897404812215058,0.9678478837013245,0.6496257185935974
h64_wd1e-05_s2,l8,34,0.0005,0.30698962848294864,0.8008760213851929,0.9700228087324861,0.7280495356037152,2.309637169916328,0.1778889292925168,0.9837934374809265,0.6750880479812622
h64_wd1e-05_s2,l8,35,0.0005,0.2879642444578084,0.8124055862426758,0.9787739142577851,0.718513931888545,1.9912164285501694,0.15501556095317506,0.9971991181373596,0.7016361951828003
h64_wd1e-05_s2,l8,36,0.0005,0.2880591946569356,0.7795141339302063,0.9787739142577853,0.721733746130031,2.169835763407209,0.15831023589086676,1.009637713432312,0.7289546728134155
h64_wd1e-05_s2,l8,37,0.0005,0.2627301541241733,0.7635464072227478,0.9820710949743208,0.7265634674922601,2.249015561080348,0.15633867799061915,1.0225034952163696,0.7609139084815979
h64_wd1e-05_s2,l8,38,0.0005,0.26129764318466187,0.8509045243263245,0.9839020000310323,0.7253250773993808,2.369715276822387,0.15854242157991258,1.0342952013015747,0.7918566465377808
h64_wd1e-05_s2,l8,39,0.0005,0.30005076798525726,0.7286636233329773,0.9849881301494205,0.7249535603715169,3.0343171666879156,0.19047881978438108,1.046643614768982,0.8122496604919434
h64_wd1e-05_s2,l8,40,0.0005,0.24624209783293985,0.7911611199378967,0.9884637465282626,0.7219814241486069,2.0625447378652657,0.14240212784371029,1.058793544769287,0.8439237475395203
h64_wd1e-05_s2,l8,41,0.0005,0.24578986994244836,0.8098465204238892,0.9899067479712641,0.7151702786377709,2.3230879559020505,0.1321805016380958,1.070334553718567,0.8776019215583801
h64_wd1e-05_s2,l8,42,0.0005,0.31962759318676864,0.7629432678222656,0.9775326226939131,0.7308978328173376,4.234270832923208,0.21352812573320099,1.084263801574707,0.893576979637146
h64_wd1e-05_s2,l8,43,0.0005,0.3339755799282681,0.756476104259491,0.9876569070117458,0.7232198142414861,3.1273698948513853,0.19002102112548377,1.0981700420379639,0.9046443104743958
h64_wd1e-05_s2,l8,44,0.0005,0.27023017270998523,0.7520567178726196,0.9860742602678088,0.7321362229102166,2.5295432741284425,0.1372217151104952,1.109493374824524,0.9272052049636841
h64_wd1e-05_s2,l8,45,0.0005,0.2834037190133875,0.8533682227134705,0.98450712966842,0.723467492260062,2.7735068872390816,0.17011173253128234,1.1204787492752075,0.9536535143852234
h64_wd1e-05_s2,l8,46,0.0005,0.33521009439771826,0.7910112142562866,0.9924669118217506,0.7185139318885447,4.248757618400444,0.2402861817144692,1.1327993869781494,0.9509270191192627
h64_wd1e-05_s2,l8,47,0.0005,0.2515050863677805,1.0290217399597168,0.9898369253207963,0.7140557275541796,2.4806017473335036,0.14004436672847687,1.1436469554901123,0.9629344940185547
h64_wd1e-05_s2,l8,48,0.0005,0.24016042697158727,0.8325954079627991,0.9903179258017968,0.7206191950464397,2.7945985706489522,0.14491650680815968,1.1533929109573364,0.9832940101623535
h64_wd1e-05_s2,l8,49,0.0005,0.21534645151008258,0.9870432615280151,0.9851588077394529,0.7229721362229102,2.588519148986994,0.1377695287948469,1.1631027460098267,1.0094220638275146
h64_wd1e-05_s2,l8,50,0.0005,0.23739892515269193,1.0324095487594604,0.99290912194138,0.718266253869969,3.1503444992570264,0.1614131058269065,1.1716604232788086,1.0329513549804688
h64_wd1e-05_s2,l8,51,0.0005,0.2178129076280377,0.8259516358375549,0.9956399633818989,0.7200000000000001,2.999634028104887,0.13762113832139702,1.180943250656128,1.0441724061965942
h64_wd1e-05_s2,l8,52,0.0005,0.191366776146672,0.9918502569198608,0.9916290400161368,0.7169040247678017,2.4148072472094615,0.10968758658990539,1.188862681388855,1.0676422119140625
h64_wd1e-05_s2,l8,53,0.0005,0.22622560167854483,0.9358126521110535,0.9929711865195736,0.7195046439628483,3.204324728739796,0.12897565837762792,1.1964662075042725,1.0880016088485718
h64_wd1e-05_s2,l8,54,0.0005,0.18943081626837904,0.8602983951568604,0.9948680351906158,0.7173993808049537,2.5394421975553523,0.11107065942362017,1.2043757438659668,1.1093940734863281
h64_wd1e-05_s2,l8,55,0.0005,0.18012110753492874,0.9660177230834961,0.9968502226566744,0.7187616099071208,2.5930019381476024,0.1124019035105208,1.2116285562515259,1.1382642984390259
h64_wd1e-05_s2,l8,56,0.0005,0.1967857578261332,0.9299848675727844,0.9955313503700601,0.7126934984520124,3.4493667689700986,0.14681127307274927,1.2206748723983765,1.1600970029830933
h64_wd1e-05_s2,l8,57,0.0005,0.1832125810059634,0.9134926795959473,0.9961985445856414,0.7212383900928793,2.1726523410201346,0.1052178474794693,1.228831171989441,1.1889663934707642
h64_wd1e-05_s2,l8,58,0.0005,0.1604726267131892,1.0401618480682373,0.9960744154292541,0.7164086687306502,2.6709233828511687,0.11966482451116933,1.2369027137756348,1.2196720838546753
h64_wd1e-05_s2,l8,59,0.0005,0.16475150276991454,0.9813621640205383,0.9984871759065308,0.7177708978328173,3.120881801134377,0.10265652932892136,1.2440918684005737,1.2413749694824219
h64_wd1e-05_s2,l8,60,0.0005,0.16708082841201263,0.8928185105323792,0.9977889494018526,0.7296594427244582,2.6886136068581163,0.11436299874500312,1.2514408826828003,1.2653838396072388
h64_wd1e-05_s2,l8,61,0.0005,0.1684078685939312,0.9714815616607666,0.9990302409657249,0.716656346749226,2.808185479258224,0.1036659443192036,1.2587743997573853,1.2942211627960205
h64_wd1e-05_s2,l8,62,0.0005,0.15590051900256763,1.2071313858032227,0.9971527874753681,0.7193808049535603,3.2987094262201992,0.11451649901068808,1.265923261642456,1.3172842264175415
h64_wd1e-05_s2,l8,63,0.0005,0.1442404379221526,0.9700144529342651,0.9991078216884669,0.7181424148606811,2.5545189653404674,0.0796518112902545,1.2729933261871338,1.3328273296356201
h64_wd1e-05_s2,l8,64,0.0005,0.1525248922407627,1.0938900709152222,0.9986966438579342,0.7032817337461301,3.193290723800553,0.1035145707366277,1.2798702716827393,1.3544673919677734
h64_wd1e-05_s2,l9,1,0.0005,0.7009704398072284,0.6934857368469238,0.5418009020618556,0.48605904404873473,0.46221890523821313,0.25127971572859903,0.22206251323223114,0.02895277366042137
h64_wd1e-05_s2,l9,2,0.0005,0.6917944498684095,0.6917963027954102,0.6371177952202437,0.5681818181818182,0.1422186465677245,0.1145308284988958,0.24564504623413086,0.042419567704200745
h64_wd1e-05_s2,l9,3,0.0005,0.6909916867380557,0.6914701461791992,0.6549833059981256,0.5862230552952202,0.1051385958193493,0.0963485956368366,0.25029656291007996,0.04448523744940758
h64_wd1e-05_s2,l9,4,0.0005,0.690869064434715,0.6904547810554504,0.7347044868791003,0.6768978444236177,0.12940210301043542,0.11016648296965655,0.2534329295158386,0.04671452194452286
h64_wd1e-05_s2,l9,5,0.0005,0.6898382642994756,0.6887155771255493,0.7450833235707591,0.6883786316776008,0.13482026170149758,0.11615363361010216,0.2589636743068695,0.05587397888302803
h64_wd1e-05_s2,l9,6,0.0005,0.6869546874709751,0.6862819194793701,0.7395845536551078,0.6845126522961574,0.14752175424261366,0.09413504105670295,0.2673283815383911,0.07137924432754517
h64_wd1e-05_s2,l9,7,0.0005,0.680590904277304,0.6811328530311584,0.7537854381443299,0.6849812558575444,0.21643760989819386,0.12811358275342022,0.28288644552230835,0.10718188434839249
h64_wd1e-05_s2,l9,8,0.0005,0.677059285018755,0.6756041646003723,0.7600896204311152,0.6910731021555764,0.27892212396348703,0.14160257157000417,0.2976844012737274,0.1485813856124878
h64_wd1e-05_s2,l9,9,0.0005,0.6754241715306821,0.6714290976524353,0.763164831302718,0.6904873477038426,0.3218147658173773,0.14190973264817008,0.3099759817123413,0.17771345376968384
h64_wd1e-05_s2,l9,10,0.0005,0.66007225409798,0.6660655736923218,0.7678142572633552,0.6964034676663542,0.26220527686902834,0.10625416720209889,0.3228689134120941,0.22239859402179718
h64_wd1e-05_s2,l9,11,0.0005,0.6644973780797876,0.6641747355461121,0.7757951616682288,0.6962863167760076,0.3802478892787876,0.10706930882802364,0.33391135931015015,0.2645552158355713
h64_wd1e-05_s2,l9,12,0.0005,0.6504805813664976,0.6606696248054504,0.7675177190721649,0.686269915651359,0.45477800783610084,0.13950888184015933,0.3449881970882416,0.3068976402282715
h64_wd1e-05_s2,l9,13,0.0005,0.6388180022654326,0.6597194075584412,0.7743673851921274,0.6795337394564199,0.440718906153683,0.12077545670806557,0.35683387517929077,0.35109806060791016
h64_wd1e-05_s2,l9,14,0.0005,0.6253939141397891,0.6516847610473633,0.7976804123711341,0.6969892221180881,0.5739215705822192,0.14702951382385573,0.3701213300228119,0.40647590160369873
h64_wd1e-05_s2,l9,15,0.0005,0.6392666386521381,0.6452487707138062,0.8078652179006561,0.7063612933458294,0.7399414658894762,0.13641333647219606,0.3857063353061676,0.44370752573013306
h64_wd1e-05_s2,l9,16,0.0005,0.634611365587815,0.6394380927085876,0.8218134957825679,0.6955248359887535,0.6753333761658059,0.14271137615861712,0.4001281261444092,0.4748303294181824
h64_wd1e-05_s2,l9,17,0.0005,0.6166451080985691,0.6458178758621216,0.8208616447985004,0.7082942830365511,0.7567440691461825,0.13178737504804078,0.41518929600715637,0.5002638101577759
h64_wd1e-05_s2,l9,18,0.0005,0.6305777974750685,0.6426330804824829,0.8270999297094659,0.7084114339268979,0.8115090072729639,0.1303302606879716,0.42333874106407166,0.5325998663902283
h64_wd1e-05_s2,l9,19,0.0005,0.6181409721789153,0.6373065114021301,0.8298602975632614,0.7104029990627929,0.6888962013358653,0.0954762152617068,0.42905527353286743,0.5640435814857483
h64_wd1e-05_s2,l9,20,0.0005,0.6098913343056388,0.6509394645690918,0.8152310801312089,0.6719775070290535,0.6414629291586139,0.10678198513964308,0.4356131851673126,0.602981448173523
h64_wd1e-05_s2,l9,21,0.0005,0.6205578964689503,0.6442781686782837,0.8276856841611997,0.677425023430178,0.6888302475885916,0.10136717862668494,0.4415110945701599,0.6373485326766968
h64_wd1e-05_s2,l9,22,0.0005,0.5998246915962385,0.6436242461204529,0.8387417994376758,0.6794751640112464,0.8730109363090983,0.11878026824175512,0.44714346528053284,0.6712846159934998
h64_wd1e-05_s2,l9,23,0.0005,0.593589292920154,0.6383323669433594,0.8485092549203374,0.6996251171508904,0.8480946566573518,0.09680029889253806,0.4532361328601837,0.706222414970398
h64_wd1e-05_s2,l9,24,0.0005,0.5732249332510907,0.6332830190658569,0.8525656044985941,0.7064198687910028,0.7535930416883853,0.10072750666328831,0.4600946605205536,0.7606879472732544
h64_wd1e-05_s2,l9,25,0.0005,0.5576372574204984,0.630576491355896,0.8640500527179007,0.7223523898781631,0.7727359582388813,0.11899674089841478,0.4677019417285919,0.8122075796127319
h64_wd1e-05_s2,l9,26,0.0005,0.5703741584135138,0.6524332165718079,0.869179065135895,0.6590323336457358,1.4763774915602672,0.13126936016845817,0.4756399691104889,0.8466991186141968
h64_wd1e-05_s2,l9,27,0.0005,0.5501162526400193,0.6345196962356567,0.8635045688847235,0.7078256794751641,1.3083969582021455,0.12331366455269839,0.4866223931312561,0.8704129457473755
h64_wd1e-05_s2,l9,28,0.0005,0.5852911964706753,0.6455150842666626,0.8575884489222119,0.6672914714151827,1.5007629649118912,0.12164105491520259,0.49298155307769775,0.8931975364685059
h64_wd1e-05_s2,l9,29,0.0005,0.5537279922029247,0.6347537636756897,0.8811504217432052,0.7061855670103092,1.1627437904423334,0.09457019273845577,0.49858203530311584,0.9265404939651489
h64_wd1e-05_s2,l9,30,0.0005,0.5270380857198135,0.6231759786605835,0.8975661902530458,0.7134489222118088,1.5995605664479904,0.12903807970757367,0.5057865977287292,0.9654058814048767
h64_wd1e-05_s2,l9,31,0.0005,0.5266920522503231,0.6228729486465454,0.9017763003748829,0.7310215557638238,1.3739779771570684,0.10646796493257307,0.5145941972732544,1.0024950504302979
h64_wd1e-05_s2,l9,32,0.0005,0.5634842489076697,0.6286712288856506,0.9117487699156513,0.702319587628866,1.991594462885563,0.12971449923253542,0.5222226977348328,1.0192394256591797
h64_wd1e-05_s2,l9,33,0.0005,0.5257030427455902,0.6386814713478088,0.8903211398781631,0.727858481724461,1.90067181765815,0.11404415564559846,0.5325857400894165,1.0439749956130981
h64_wd1e-05_s2,l9,34,0.0005,0.5402824580669403,0.629082441329956,0.9014321696344892,0.706302717900656,1.861793975306184,0.10639567592883756,0.5376480221748352,1.0710878372192383
h64_wd1e-05_s2,l9,35,0.0005,0.5068169728569363,0.6454530954360962,0.9195539479850047,0.6903701968134958,1.6360035879616428,0.10461078906939658,0.5434147119522095,1.1092169284820557
h64_wd1e-05_s2,l9,36,0.0005,0.4956475820230401,0.6344344615936279,0.9214100574039363,0.7111059044048735,1.6628069924270574,0.12124551955205368,0.5504058003425598,1.141065239906311
h64_wd1e-05_s2,l9,37,0.0005,0.4787463597629381,0.6528862714767456,0.924650011715089,0.7068884723523899,1.6783573707023438,0.09213290380263892,0.5576797127723694,1.1751030683517456
h64_wd1e-05_s2,l9,38,0.0005,0.47956354592157446,0.6416572332382202,0.9287649367385192,0.7050140581068416,1.647218441472345,0.10334923029917013,0.5638871788978577,1.2036768198013306
h64_wd1e-05_s2,l9,39,0.0005,0.47628917253535724,0.6343291997909546,0.931679065135895,0.7068884723523898,1.700374556269252,0.09613004778935805,0.5702452063560486,1.2344774007797241
h64_wd1e-05_s2,l9,40,0.0005,0.47010666909425153,0.6317667961120605,0.9174818416119962,0.705072633552015,1.5897906943128484,0.09590805992206937,0.5765874981880188,1.2623342275619507
h64_wd1e-05_s2,l9,41,0.0005,0.5036518003629602,0.6263509392738342,0.9341831654170571,0.7067713214620431,1.8995324369725384,0.10719115338942511,0.5826054811477661,1.2954648733139038
h64_wd1e-05_s2,l9,42,0.0005,0.4714024922122126,0.666335940361023,0.9336925960637301,0.7085285848172446,1.9571046990374252,0.09978565978109062,0.5874934792518616,1.317518711090088
h64_wd1e-05_s2,l9,43,0.0005,0.4629975635072459,0.6871145367622375,0.9373023078725398,0.7263355201499532,1.7666135707421313,0.1011833031420621,0.5921057462692261,1.3361575603485107
h64_wd1e-05_s2,l9,44,0.0005,0.46887718983318494,0.6498447060585022,0.9422922036082475,0.7195993439550141,1.5969431230821391,0.0934215716205375,0.597806453704834,1.3588920831680298
h64_wd1e-05_s2,l9,45,0.0005,0.43449509273404663,0.6807523965835571,0.9390046567478914,0.7341260543580131,2.4763371310653715,0.08828401819920682,0.6031683087348938,1.3866428136825562
h64_wd1e-05_s2,l9,46,0.0005,0.4566892981529236,0.6365255117416382,0.9517997305529522,0.7229381443298969,2.4417303242623585,0.10997481144819767,0.6093074083328247,1.406920075416565
h64_wd1e-05_s2,l9,47,0.0005,0.4845436280188353,0.6490577459335327,0.9164238226335519,0.7140346766635426,2.271120439580682,0.10188165226985123,0.617245078086853,1.4346402883529663
h64_wd1e-05_s2,l9,48,0.0005,0.45880764722824097,0.6546831727027893,0.915182755388941,0.7139175257731958,2.0195648851932924,0.09428978700946623,0.6216920018196106,1.4861679077148438
h64_wd1e-05_s2,l9,49,0.0005,0.475223113661227,0.6583114862442017,0.9144615452202436,0.7152061855670103,1.6832846759432258,0.09211578603463154,0.6246653199195862,1.5279114246368408
h64_wd1e-05_s2,l9,50,0.0005,0.49429522649101587,0.643169105052948,0.9089517924086223,0.6900187441424555,2.794302767517792,0.09110470942035365,0.6273366212844849,1.5569612979888916
h64_wd1e-05_s2,l9,51,0.0005,0.466110787961794,0.642332911491394,0.9399382029053421,0.7156747891283973,2.761401409959134,0.08819017879396551,0.6303803324699402,1.5814207792282104
h64_wd1e-05_s2,l9,52,0.0005,0.4263604101927384,0.6565290093421936,0.956225837628866,0.6995079662605436,1.6708852103646883,0.08157713928742283,0.6337056159973145,1.5938529968261719
h64_wd1e-05_s2,l9,53,0.0005,0.4145097926906917,0.660083532333374,0.9576755798969072,0.7195407685098406,2.4595741189962395,0.08099174399857383,0.6375852823257446,1.6105459928512573
h64_wd1e-05_s2,l9,54,0.0005,0.48564484197160473,0.6427918076515198,0.9631047914714151,0.7283270852858481,3.5167433271282267,0.11812392154248623,0.641599178314209,1.605080008506775
h64_wd1e-05_s2,l9,55,0.0005,0.44122949631317804,0.6520162224769592,0.9599417174320524,0.7146204311152765,2.1357009864354795,0.10398822092094386,0.6470174193382263,1.6118613481521606
h64_wd1e-05_s2,l9,56,0.0005,0.427634438742762,0.7051653861999512,0.9458250351452671,0.7287371134020618,1.9599863836762252,0.0716537239747579,0.6514410376548767,1.6359786987304688
h64_wd1e-05_s2,l9,57,0.0005,0.38258152293122333,0.6989443302154541,0.9599929709465792,0.7165534208059982,2.0908106356644525,0.07233822330387936,0.6556637287139893,1.660372257232666
h64_wd1e-05_s2,l9,58,0.0005,0.4052558061869248,0.6575884222984314,0.9634196344892221,0.7126288659793815,2.312019642050862,0.05679360481166458,0.6593568325042725,1.683631420135498
h64_wd1e-05_s2,l9,59,0.0005,0.41225808470145514,0.6809421181678772,0.9597879568884724,0.7248125585754452,2.300653575895948,0.07483404660461608,0.6631710529327393,1.7107897996902466
h64_wd1e-05_s2,l9,60,0.0005,0.3914737319168837,0.6668257713317871,0.9658065838800375,0.7310215557638238,2.276407708041012,0.06917202295541927,0.6676621437072754,1.7353270053863525
h64_wd1e-05_s2,l9,61,0.0005,0.40302546127982763,0.6971104145050049,0.9665424379100281,0.7365276476101218,2.675871102504415,0.060706215793817755,0.6721516847610474,1.7615212202072144
h64_wd1e-05_s2,l9,62,0.0005,0.3945042698279671,0.666871964931488,0.9678786902530458,0.7168462980318651,2.5421673779569156,0.06946176611550192,0.6763654947280884,1.7875059843063354
h64_wd1e-05_s2,l9,63,0.0005,0.3915649121222289,0.6971673369407654,0.9692112816307403,0.7368791002811622,3.2511085133617077,0.08048159748852048,0.6798253655433655,1.8051083087921143
h64_wd1e-05_s2,l9,64,0.0005,0.39631517425827356,0.6979371905326843,0.969599343955014,0.7214737582005624,2.4199907099256586,0.08885508454957403,0.6841810941696167,1.8284714221954346
h64_wd1e-05_s2,l9,65,0.0005,0.3612908565479776,0.6603922247886658,0.9623433106841612,0.7189550140581068,2.0592745110526987,0.064833657163606,0.6878640651702881,1.8501601219177246
h64_wd1e-05_s2,l9,66,0.0005,0.378471033728641,0.6704300045967102,0.9677615393626992,0.7092314901593252,2.7357531958901786,0.07475417811721034,0.6917960047721863,1.8735101222991943
h64_wd1e-05_s2,l9,67,0.0005,0.404144331164982,0.639717698097229,0.943712658153702,0.7177835051546391,3.001227503597589,0.08194503947963402,0.6956755518913269,1.8851580619812012
h64_wd1e-05_s2,l9,68,0.0005,0.3670962103035139,0.7746016979217529,0.9689550140581069,0.7318416119962512,2.470551740953924,0.07264689542226659,0.7002350091934204,1.9101767539978027
h64_wd1e-05_s2,l9,69,0.0005,0.3663286016039226,0.7426453232765198,0.9705731607310215,0.721708059981256,2.528944473160593,0.05764484053635605,0.7037327885627747,1.933988094329834
h64_wd1e-05_s2,l9,70,0.0005,0.376405761293743,0.7972412109375,0.970349841846298,0.7341846298031866,3.1405574083469485,0.07465307718199006,0.7070431113243103,1.9564414024353027
h64_wd1e-05_s2,l9,71,0.0005,0.3465149435012237,0.7955251932144165,0.9694638882380506,0.7262769447047798,2.0640696852528904,0.07529590412571056,0.7105083465576172,1.9810847043991089
h64_wd1e-05_s2,l9,72,0.0005,0.36638124611066736,0.8587362766265869,0.9710051546391752,0.7317244611059044,2.691985702322954,0.0703001538720391,0.7132889032363892,2.003093719482422
h64_wd1e-05_s2,l9,73,0.0005,0.36051506322363147,0.7178215980529785,0.9637381384723525,0.7193064667291471,2.9795825698180276,0.057906682904629525,0.7164344191551208,2.02002215385437
h64_wd1e-05_s2,l9,74,0.0005,0.37465392377065576,0.7992132902145386,0.9759657626522962,0.7294400187441423,2.5975735004901,0.06918906732571871,0.7194150686264038,2.037318229675293
h64_wd1e-05_s2,l9,75,0.0005,0.348613907461581,0.7383710741996765,0.9760206771321462,0.7177835051546393,3.3756066962626305,0.07707954257200912,0.7223076820373535,2.051896095275879
h64_wd1e-05_s2,l9,76,0.0005,0.37206863190816797,0.902963399887085,0.9723816776007498,0.732134489222118,3.033154779068959,0.07545263206874173,0.724951446056366,2.0697808265686035
h64_wd1e-05_s2,l9,77,0.0005,0.39380446335543756,0.8152784109115601,0.9757973582474228,0.721883786316776,1.856701035340439,0.07204257639403382,0.7282582521438599,2.089992046356201
h64_wd1e-05_s2,l9,78,0.0005,0.33369355681149854,0.9131448268890381,0.9742268041237113,0.7287371134020617,2.5042106010246767,0.057650934786087855,0.7314250469207764,2.1122848987579346
h64_wd1e-05_s2,l9,79,0.0005,0.3558024478995282,0.8137721419334412,0.9802124824273665,0.7275656044985941,2.769191369680748,0.08580726709583184,0.7345579862594604,2.132227897644043
h64_wd1e-05_s2,l9,80,0.0005,0.34120391050110693,0.9008292555809021,0.9755081419868791,0.7334817244611058,2.736039304166968,0.05111303445649814,0.7368338108062744,2.150014638900757
h64_wd1e-05_s2,l9,81,0.0005,0.37213179209957953,0.8461731672286987,0.9749443533270853,0.73043580131209,3.0897412285909933,0.0778600579811483,0.7395685911178589,2.1666948795318604
h64_wd1e-05_s2,l9,82,0.0005,0.32633416484231537,0.8275036811828613,0.9798829955482662,0.7285028116213683,2.9383798028263377,0.06838641807933493,0.7422898411750793,2.1876444816589355
h64_wd1e-05_s2,l9,83,0.0005,0.32816241940726404,0.8472999334335327,0.9796560156982193,0.733657450796626,2.0581370789350797,0.04630990940713075,0.744261622428894,2.206299304962158
h64_wd1e-05_s2,l10,1,0.0005,0.7082585381424945,0.6900796294212341,0.6573677049240613,0.5389747191011236,0.7940441556014666,0.34414602678756195,0.214446023106575,0.03272366151213646
h64_wd1e-05_s2,l10,2,0.0005,0.6787046686462734,0.6841095089912415,0.7167874085242526,0.587312734082397,0.45941508282429333,0.26372110886828326,0.2543789744377136,0.03526372089982033
h64_wd1e-05_s2,l10,3,0.0005,0.6753962350928265,0.6817527413368225,0.7177435369396535,0.5878979400749063,0.5863860678556803,0.3108495425616993,0.2865740656852722,0.029957717284560204
h64_wd1e-05_s2,l10,4,0.0005,0.6680548087410305,0.688215434551239,0.7300113999926452,0.6021769662921348,0.6325959717901504,0.31187207642742715,0.3214586675167084,0.030370328575372696
h64_wd1e-05_s2,l10,5,0.0005,0.6571762432222781,0.6646261811256409,0.7824587209943736,0.6692415730337079,0.7207685542304144,0.3508737440157596,0.3592325448989868,0.03335569053888321
h64_wd1e-05_s2,l10,6,0.0005,0.6324825260950171,0.6720710396766663,0.7659618284117237,0.6350655430711611,0.6508949071440372,0.29996414966177215,0.39869630336761475,0.0501411072909832
h64_wd1e-05_s2,l10,7,0.0005,0.6311826187631359,0.6435208320617676,0.8013974184532784,0.6836376404494383,0.8730955743597031,0.3335984661086505,0.4380423128604889,0.0638957992196083
h64_wd1e-05_s2,l10,8,0.0005,0.6077884500441344,0.6381935477256775,0.8129959916154892,0.6896067415730337,0.9207573684053311,0.38790730965486275,0.47548431158065796,0.08062431216239929
h64_wd1e-05_s2,l10,9,0.0005,0.5811884390271228,0.6296395063400269,0.830588754458868,0.7028323970037453,0.785409911004874,0.2748463781382785,0.5083133578300476,0.10526634007692337
h64_wd1e-05_s2,l10,10,0.0005,0.5856514210286348,0.6622315645217896,0.818997536130622,0.672752808988764,0.9541055686032273,0.30501327144426366,0.5433717966079712,0.12319047003984451
h64_wd1e-05_s2,l10,11,0.0005,0.578178487394167,0.621611475944519,0.8464457764865958,0.7050561797752809,1.0561595976214893,0.29297311878661203,0.5733475089073181,0.13989174365997314
h64_wd1e-05_s2,l10,12,0.0005,0.573917225651119,0.6178829073905945,0.8554848674291178,0.7148876404494381,1.1388355372178995,0.3252772320766027,0.603081226348877,0.15805891156196594
h64_wd1e-05_s2,l10,13,0.0005,0.5314111372698909,0.6102668642997742,0.8693119552826095,0.7264747191011237,0.9118046659520516,0.23657683183496184,0.630184531211853,0.18908020853996277
h64_wd1e-05_s2,l10,14,0.0005,0.5051221394020579,0.631859540939331,0.8792042069650278,0.7298689138576779,1.289902555059284,0.3180271893202536,0.655988335609436,0.2207040786743164
h64_wd1e-05_s2,l10,15,0.0005,0.4977132690989453,0.6155293583869934,0.8943404552642223,0.7378277153558053,1.174495256044147,0.22071798873399426,0.6788908243179321,0.24890340864658356
h64_wd1e-05_s2,l10,16,0.0005,0.48099571207295294,0.6424383521080017,0.9006141286360461,0.7365402621722846,1.3696444470733773,0.2491690782768531,0.7024279832839966,0.2771950960159302
h64_wd1e-05_s2,l10,17,0.0005,0.4780722765818886,0.5957218408584595,0.9150443128746368,0.7455524344569289,1.542025977520269,0.2593831761560727,0.725957989692688,0.3022376298904419
h64_wd1e-05_s2,l10,18,0.0005,0.46203321995942487,0.6274269819259644,0.9168094730261463,0.744499063670412,1.363739994037857,0.20450321182849623,0.7493034601211548,0.32904359698295593
h64_wd1e-05_s2,l10,19,0.0005,0.43316514336544537,0.6085107922554016,0.9231419850696869,0.7485955056179774,1.3523806985218751,0.2064227055845278,0.7707977294921875,0.3604753017425537
h64_wd1e-05_s2,l10,20,0.0005,0.42072719983432605,0.6321781277656555,0.9322619791858199,0.7433286516853932,1.5617452183379625,0.21288234694907845,0.7917131185531616,0.39779016375541687
h64_wd1e-05_s2,l10,21,0.0005,0.41520415959150897,0.632039487361908,0.9368734600816387,0.7482443820224719,1.7773853456296584,0.21150749718566253,0.8097567558288574,0.4227558672428131
h64_wd1e-05_s2,l10,22,0.0005,0.38915653850721277,0.6263855695724487,0.9400801676902144,0.7449672284644195,1.6064982344460494,0.2072461815466787,0.8293530344963074,0.45184770226478577
h64_wd1e-05_s2,l10,23,0.0005,0.40431333365647687,0.6184946298599243,0.9445077777369176,0.7463717228464419,2.047913559414655,0.2170513807088564,0.8486337065696716,0.47524604201316833
h64_wd1e-05_s2,l10,24,0.0005,0.37054412261299463,0.6614833474159241,0.9484720332438495,0.7464887640449439,1.813425068604634,0.2047945357722034,0.8668875098228455,0.5067863464355469
h64_wd1e-05_s2,l10,25,0.0005,0.38025255306907324,0.6335223317146301,0.9583642849262678,0.7496488764044945,2.0773881667762963,0.1859041755784052,0.8824629783630371,0.5335077047348022
h64_wd1e-05_s2,l10,26,0.0005,0.3552308996086535,0.6902627348899841,0.955334093332843,0.7441479400749064,1.863038429143939,0.183207549509061,0.899246096611023,0.5652667880058289
h64_wd1e-05_s2,l10,27,0.0005,0.3453634983819464,0.716160237789154,0.9575184790203363,0.7502340823970037,2.029141596412735,0.18665502473370213,0.9149882793426514,0.5966319441795349
h64_wd1e-05_s2,l10,28,0.0005,0.31545408782751666,0.7124882936477661,0.969293568197698,0.7448501872659176,1.76009758598139,0.14856576599713148,0.9292792081832886,0.6318079829216003
h64_wd1e-05_s2,l10,29,0.0005,0.30011992156505585,0.6903767585754395,0.9703379546206744,0.7468398876404494,2.040706603678577,0.19105628861588386,0.9419761300086975,0.6658275723457336
h64_wd1e-05_s2,l10,30,0.0005,0.3180362037990404,0.7211723327636719,0.9751553708675027,0.7423923220973783,1.9063863776982048,0.1525252719346258,0.9556480050086975,0.6984224319458008
h64_wd1e-05_s2,l10,31,0.0005,0.3100266592658084,0.7037992477416992,0.9656235060493509,0.7522237827715357,2.3712666394491815,0.17372427105540986,0.9710503220558167,0.7266550660133362
h64_wd1e-05_s2,l10,32,0.0005,0.30426884410174,0.6701405048370361,0.9800610451219063,0.7464887640449438,1.9878397473699299,0.16064943587618238,0.9853307008743286,0.7600046992301941
h64_wd1e-05_s2,l10,33,0.0005,0.3275415592867395,0.6615973711013794,0.978391497811937,0.7405196629213483,2.492023825231276,0.1632742810456363,0.9994957447052002,0.7969812154769897
h64_wd1e-05_s2,l10,34,0.0005,0.30389682948589325,0.6983664035797119,0.9773250468870666,0.7505852059925093,2.1437621118482535,0.1606272007257816,1.0145583152770996,0.8347743153572083
h64_wd1e-05_s2,l10,35,0.0005,0.29348692557086115,0.7168847322463989,0.9806494318390763,0.7441479400749064,2.753397961705278,0.1604176313652844,1.0274357795715332,0.8683627843856812
h64_wd1e-05_s2,l10,36,0.0005,0.3062291540529417,0.6942542791366577,0.980031625786048,0.7466058052434458,2.1845048850601403,0.12051327708858063,1.0394738912582397,0.8970119953155518
h64_wd1e-05_s2,l10,37,0.0005,0.27178634444008704,0.8108017444610596,0.9788474975177435,0.7462546816479401,2.4980318433679254,0.1456964842246438,1.0511451959609985,0.9303420782089233
h64_wd1e-05_s2,l10,38,0.0005,0.2691979142634765,0.7758772373199463,0.9847240098554775,0.7388810861423221,2.6625795603815194,0.13975879355400297,1.0624197721481323,0.9510714411735535
h64_wd1e-05_s2,l10,39,0.0005,0.2514759794525478,0.7377530336380005,0.9888574265435958,0.7341994382022473,2.5714860701521274,0.13765124929291486,1.0745511054992676,0.9761313796043396
h64_wd1e-05_s2,l10,40,0.0005,0.23768263731313788,0.841123104095459,0.985415364248152,0.7462546816479401,2.45858874073648,0.12170063277006449,1.0861918926239014,1.010410189628601
h64_wd1e-05_s2,l10,41,0.0005,0.27402225395907526,0.816601574420929,0.9884087816717537,0.7469569288389513,2.8843213114507193,0.13184039349934656,1.0957411527633667,1.0354360342025757
h64_wd1e-05_s2,l10,42,0.0005,0.2719220052594724,0.7965056300163269,0.9835693009230317,0.7477762172284644,2.819354620143917,0.1354158835215399,1.1055772304534912,1.0579392910003662
h64_wd1e-05_s2,l10,43,0.0005,0.2447703675083492,0.9077749848365784,0.989225168241827,0.7441479400749065,2.8656512685514657,0.1342222828382773,1.1154513359069824,1.0887683629989624
h64_wd1e-05_s2,l10,44,0.0005,0.2662545429623645,0.7961773872375488,0.9865994925164565,0.7440308988764045,3.0253561204648114,0.13199380683854736,1.1268941164016724,1.1078342199325562
h64_wd1e-05_s2,l10,45,0.0005,0.21002886995025302,0.9028118848800659,0.9886367815246571,0.7381788389513109,2.2779402480562965,0.10523499966524168,1.1360793113708496,1.1424070596694946
h64_wd1e-05_s2,l10,46,0.0005,0.21508554693149484,0.8936462998390198,0.9926966498731291,0.7414559925093633,2.783125413183339,0.0968414188663956,1.1440633535385132,1.1676480770111084
h64_wd1e-05_s2,l10,47,0.0005,0.1929293116149695,0.9309725165367126,0.9900341999779354,0.7373595505617978,2.764463452594312,0.09826798458080249,1.152122974395752,1.1932843923568726
h64_wd1e-05_s2,l10,48,0.0005,0.2951525125814521,0.8299977779388428,0.9919611664766669,0.7377106741573034,3.218540019393795,0.12501708184764632,1.16224205493927,1.2028801441192627
h64_wd1e-05_s2,l10,49,0.0005,0.22342203557491302,0.8981654644012451,0.9939322619791857,0.7406367041198502,2.624699990718728,0.0932703955275605,1.1706185340881348,1.2246204614639282
h64_wd1e-05_s2,l10,50,0.0005,0.20392780718596085,1.0121976137161255,0.9929467142279262,0.7349016853932585,2.66118683611838,0.09926038191258138,1.178127408027649,1.2439113855361938
h64_wd1e-05_s2,l10,51,0.0005,0.2463929400495861,0.8381661772727966,0.9916596182841172,0.739934456928839,2.9944387023721104,0.11614590643720024,1.1871334314346313,1.2610787153244019
h64_wd1e-05_s2,l11,1,0.0005,0.6962148547172546,0.6790359616279602,0.7538285440684687,0.6750478927203065,0.8163066863348221,0.36213999608387604,0.19990932941436768,0.016530048102140427
h64_wd1e-05_s2,l11,2,0.0005,0.6676398922096599,0.6983228921890259,0.7426215894723454,0.6673850574712644,0.7044297501115252,0.3488720619250732,0.2509998679161072,0.014284495264291763
h64_wd1e-05_s2,l11,3,0.0005,0.6877876005389474,0.6763333678245544,0.7653123059543492,0.6770833333333333,1.0140653129418071,0.5565709989915264,0.2937959134578705,0.019967446103692055
h64_wd1e-05_s2,l11,4,0.0005,0.6642871797084808,0.6631461977958679,0.7693073084605774,0.6762452107279694,0.644456046749671,0.33020127876241134,0.3282831609249115,0.02833692915737629
h64_wd1e-05_s2,l11,5,0.0005,0.6400921290571039,0.6542426943778992,0.7795192530691942,0.6834291187739464,0.5534198868281526,0.26398141295908223,0.36197230219841003,0.0325465202331543
h64_wd1e-05_s2,l11,6,0.0005,0.6258494745601307,0.654968798160553,0.7779107782773609,0.6775622605363985,0.6902799169669841,0.344739443565965,0.4037895202636719,0.048423610627651215
h64_wd1e-05_s2,l11,7,0.0005,0.6137996207584034,0.6314324140548706,0.8071550943763233,0.6999521072796935,0.7804817640035266,0.3649235678252175,0.44251173734664917,0.0629090964794159
h64_wd1e-05_s2,l11,8,0.0005,0.5829111202196642,0.6255834698677063,0.8218558058458708,0.7060584291187739,0.9141825326698215,0.36950762732666936,0.4838113784790039,0.08312822878360748
h64_wd1e-05_s2,l11,9,0.0005,0.6013045879927549,0.6454969048500061,0.8380752167700329,0.7197078544061302,1.0420495381555137,0.33827159641738186,0.5204343795776367,0.09088686853647232
h64_wd1e-05_s2,l11,10,0.0005,0.5770836824720557,0.6087981462478638,0.8508307959331773,0.7248563218390804,1.114040610105855,0.39565816630433964,0.5552777051925659,0.10318117588758469
h64_wd1e-05_s2,l11,11,0.0005,0.5401123884049329,0.6126964688301086,0.8635115623153059,0.7325191570881225,0.91238824399668,0.3025323789191281,0.5863534808158875,0.12279874086380005
h64_wd1e-05_s2,l11,12,0.0005,0.5227411592548544,0.6299448609352112,0.8693619217907188,0.73227969348659,1.2350363476274153,0.45635257864068085,0.6168782711029053,0.1478506326675415
h64_wd1e-05_s2,l11,13,0.0005,0.5046465369788083,0.5922916531562805,0.8834790935683452,0.7453304597701149,1.0475734922687938,0.3194726504891476,0.646914541721344,0.1684538722038269
h64_wd1e-05_s2,l11,14,0.0005,0.49061045998876746,0.5885904431343079,0.8907359333268495,0.7464080459770114,1.18069262163461,0.2965238876089491,0.6792697310447693,0.19851599633693695
h64_wd1e-05_s2,l11,15,0.0005,0.49733335186134686,0.5864546895027161,0.9024740586681829,0.7555076628352492,1.3808442746713552,0.32331632269065175,0.7057116627693176,0.21792717278003693
h64_wd1e-05_s2,l11,16,0.0005,0.4756682501597838,0.5879761576652527,0.9070600821444337,0.7565852490421456,1.147921654628235,0.25795478725971166,0.7315424680709839,0.2477676421403885
h64_wd1e-05_s2,l11,17,0.0005,0.459035415541042,0.6064528822898865,0.9114590736681454,0.7522749042145594,1.3117011303605528,0.2715579416536768,0.7541878819465637,0.270618200302124
h64_wd1e-05_s2,l11,18,0.0005,0.43504535339095374,0.5791401267051697,0.9239228829853291,0.756345785440613,1.3644209530893336,0.21755361664267306,0.7774703502655029,0.2962668836116791
h64_wd1e-05_s2,l11,19,0.0005,0.44878161495382135,0.578880250453949,0.9310749848504117,0.7617337164750958,1.8397205440567794,0.30825086984288386,0.8021842837333679,0.3204789459705353
h64_wd1e-05_s2,l11,20,0.0005,0.4628396156159314,0.5996090173721313,0.9314565300335911,0.757183908045977,1.859946839380507,0.32121831426295144,0.8257951736450195,0.3295901417732239
h64_wd1e-05_s2,l11,21,0.0005,0.40842469984834845,0.608298659324646,0.9389303268570403,0.7594588122605365,1.5058613930257865,0.22625213283637774,0.8458718061447144,0.35337942838668823
h64_wd1e-05_s2,l11,22,0.0005,0.3826193403113972,0.5863783955574036,0.9448106114448593,0.7607758620689656,1.378423969336711,0.2088512176924494,0.86356520652771,0.3812950849533081
h64_wd1e-05_s2,l11,23,0.0005,0.3866415809501301,0.5974255800247192,0.9477956414073782,0.7624521072796936,1.6524129829304093,0.21961976792042212,0.8825399279594421,0.41029977798461914
h64_wd1e-05_s2,l11,24,0.0005,0.3946379301222888,0.6899205446243286,0.9508629654290138,0.7602969348659004,1.961504934258465,0.2314097710255761,0.9005365967750549,0.42998331785202026
h64_wd1e-05_s2,l11,25,0.0005,0.3708125346086242,0.6388531923294067,0.9578355166196594,0.7636494252873564,1.5481676076251163,0.20567304866434394,0.9198245406150818,0.4476669430732727
h64_wd1e-05_s2,l11,26,0.0005,0.3233099945566871,0.6425333023071289,0.9587183074356422,0.7658045977011494,1.509864379239538,0.18653950467271782,0.9361847043037415,0.47548335790634155
h64_wd1e-05_s2,l11,27,0.0005,0.3799145052378828,0.6535670757293701,0.9601098251625308,0.7624521072796935,2.344549112477256,0.2656915707743988,0.954348623752594,0.49648192524909973
h64_wd1e-05_s2,l11,28,0.0005,0.3226740739562295,0.6241896748542786,0.964920286981828,0.7679597701149425,1.5789558889033422,0.18167627567541786,0.9715682864189148,0.5198105573654175
h64_wd1e-05_s2,l11,29,0.0005,0.31114886701107025,0.6226961016654968,0.9723566774147695,0.7703544061302682,1.6838365365306232,0.16995581332449491,0.9864499568939209,0.5465717911720276
h64_wd1e-05_s2,l11,30,0.0005,0.2884015007452531,0.6993548274040222,0.9681147927311902,0.7634099616858238,1.9455209126375375,0.1759909647348619,1.002039909362793,0.5757548213005066
h64_wd1e-05_s2,l11,31,0.0005,0.3368290872736411,0.6405023336410522,0.9721472016279261,0.768558429118774,2.693774067154565,0.272163098393881,1.0173736810684204,0.5897520780563354
h64_wd1e-05_s2,l11,32,0.0005,0.42103919928724115,0.655457079410553,0.9759850972940217,0.7630507662835251,3.5288400532610824,0.372780457375497,1.0345921516418457,0.5745368599891663
h64_wd1e-05_s2,l11,33,0.0005,0.3072113367644223,0.6352506279945374,0.9756858461699597,0.7587404214559387,1.8980523664241482,0.18416940200229426,1.0509074926376343,0.5868922472000122
h64_wd1e-05_s2,l11,34,0.0005,0.2960342222994024,0.6574854850769043,0.9735536819110178,0.7555076628352491,1.7596262107174296,0.1694667553821689,1.0646579265594482,0.6144306063652039
h64_wd1e-05_s2,l11,35,0.0005,0.31547138772227545,0.6497066617012024,0.9787531701915956,0.76352969348659,2.497920821813666,0.19570013414718626,1.0790743827819824,0.6393044590950012
h64_wd1e-05_s2,l11,36,0.0005,0.30315987968986685,0.6763713955879211,0.980877853172436,0.7666427203065135,2.302138603112129,0.18182561936344935,1.0941468477249146,0.6605035662651062
h64_wd1e-05_s2,l11,37,0.0005,0.2913766300136393,0.6694746017456055,0.9808703718943345,0.767361111111111,2.5202543109565707,0.19244935544151254,1.1071079969406128,0.6758919954299927
h64_wd1e-05_s2,l11,38,0.0005,0.261837553571571,0.6680629253387451,0.9838329580225486,0.7652059386973181,2.006683609235908,0.14319454586729186,1.1183267831802368,0.6989361643791199
h64_wd1e-05_s2,l11,39,0.0005,0.2664576646956531,0.6856535077095032,0.9853217323647572,0.761374521072797,2.270442514045897,0.16065114391947274,1.1293505430221558,0.7236339449882507
h64_wd1e-05_s2,l11,40,0.0005,0.23186716708269986,0.7005710005760193,0.986309261074162,0.7652059386973181,1.8720184252107628,0.13821004362201525,1.14018714427948,0.749574601650238
h64_wd1e-05_s2,l11,41,0.0005,0.25443540107120166,0.6997557282447815,0.9890922965279387,0.7624521072796935,2.5542431130604584,0.16736917773366405,1.1511796712875366,0.7674731016159058
h64_wd1e-05_s2,l11,42,0.0005,0.21433976902203125,0.8822102546691895,0.9882244682681589,0.7595785440613027,1.94123342054181,0.13011735722229043,1.1622434854507446,0.7968336939811707
h64_wd1e-05_s2,l11,43,0.0005,0.2505657103928653,0.7179428935050964,0.9880449175937218,0.7547892720306514,2.9650951624286703,0.18296546097981323,1.1749215126037598,0.8191433548927307
h64_wd1e-05_s2,l11,44,0.0005,0.25684821470217273,0.7519048452377319,0.9878279605287767,0.7602969348659003,2.8224006161630926,0.1728428114463549,1.1875159740447998,0.8380413055419922
h64_wd1e-05_s2,l11,45,0.0005,0.2646471194245599,0.6600704789161682,0.9914638616861304,0.7482040229885057,2.683526883269649,0.15301619483284748,1.1985374689102173,0.8526716828346252
h64_wd1e-05_s2,l11,46,0.0005,0.26161952926353976,0.7807273864746094,0.9892568846461729,0.7581417624521074,2.5292312414952147,0.16631970889451206,1.2103151082992554,0.8663735389709473
h64_wd1e-05_s2,l11,47,0.0005,0.21594632078300824,0.8311709761619568,0.9929002670816283,0.7592193486590039,2.0757198909924477,0.12673118119204108,1.2199623584747314,0.8911517262458801
h64_wd1e-05_s2,l11,48,0.0005,0.20471480353312058,0.7925572395324707,0.9943516350333291,0.7528735632183907,2.046284224544865,0.12659256627617163,1.230131983757019,0.9209627509117126
h64_wd1e-05_s2,l11,49,0.0005,0.21622883155941963,0.760334849357605,0.9925636095670585,0.7467672413793103,2.3606951998840726,0.12000006348576138,1.2391383647918701,0.9468066692352295
h64_wd1e-05_s2,l12,1,0.0005,0.6989768635142933,0.6999623775482178,0.5889579857424542,0.572897761645493,0.5619187046672085,0.3019817953562885,0.2100355327129364,0.020005857571959496
h64_wd1e-05_s2,l12,2,0.0005,0.6953390376134352,0.6871296763420105,0.7095252540573335,0.6131881427707199,0.4777993852604825,0.33592322134005437,0.2420790195465088,0.023913133889436722
h64_wd1e-05_s2,l12,3,0.0005,0.6857067184014753,0.6880618333816528,0.7530638556044289,0.6475499092558984,0.3501140669722628,0.22149266475568805,0.2655790448188782,0.023781312629580498
h64_wd1e-05_s2,l12,4,0.0005,0.6763532541014932,0.680030882358551,0.7077051418170788,0.6060496067755596,0.4056904788501553,0.26140173703284186,0.2936490774154663,0.028712918981909752
h64_wd1e-05_s2,l12,5,0.0005,0.6661260290579363,0.6703277230262756,0.7478992871227059,0.6428312159709618,0.43078823319498755,0.24864167408159288,0.32324013113975525,0.045777179300785065
h64_wd1e-05_s2,l12,6,0.0005,0.650242109190334,0.6660466194152832,0.7721977855301076,0.6659407138535994,0.4808738478260113,0.2626992954987816,0.35984763503074646,0.07467669993638992
h64_wd1e-05_s2,l12,7,0.0005,0.6341259587894786,0.6581594347953796,0.7826330957075686,0.6666666666666666,0.5563757314567047,0.23992533855739423,0.39835232496261597,0.10438919812440872
h64_wd1e-05_s2,l12,8,0.0005,0.612730931151997,0.6624078154563904,0.7691718489306841,0.6486388384754991,0.7331928056905326,0.2837215637585658,0.43190065026283264,0.13792571425437927
h64_wd1e-05_s2,l12,9,0.0005,0.6123504828323018,0.643510103225708,0.8108448354315183,0.6833635813672112,0.863354868735971,0.29410361261239315,0.46156805753707886,0.15996241569519043
h64_wd1e-05_s2,l12,10,0.0005,0.6004191637039185,0.6394484639167786,0.8108448354315182,0.6785238959467635,0.9935569073317382,0.3188896073433499,0.4901963174343109,0.1868543028831482
h64_wd1e-05_s2,l12,11,0.0005,0.5919066328894008,0.6369444727897644,0.8362733201880783,0.7026013309134908,0.7644052885068096,0.18426254061318692,0.5130784511566162,0.20397517085075378
h64_wd1e-05_s2,l12,12,0.0005,0.5584668110717427,0.6183273792266846,0.8413165478537843,0.7046581972171809,0.8792071467649631,0.2221278987290235,0.5377065539360046,0.23946727812290192
h64_wd1e-05_s2,l12,13,0.0005,0.5513443648815155,0.6311801671981812,0.8501820112240256,0.7019963702359346,1.0011286787633003,0.22742008639543618,0.5643438696861267,0.27526721358299255
h64_wd1e-05_s2,l12,14,0.0005,0.5380167392167178,0.6174095273017883,0.8740330653723646,0.7202661826981245,1.114946541055466,0.21033936468099268,0.5864360928535461,0.30665576457977295
h64_wd1e-05_s2,l12,15,0.0005,0.5135050822388042,0.6065005660057068,0.8802214469892311,0.7272837265577737,1.1754851019005614,0.2247748629832609,0.6066355109214783,0.3383219242095947
h64_wd1e-05_s2,l12,16,0.0005,0.4912842322479595,0.6162168383598328,0.8904899135446687,0.7254688445251057,1.151592777363617,0.19953463561406073,0.627246618270874,0.37355121970176697
h64_wd1e-05_s2,l12,17,0.0005,0.49290869588201697,0.6086925864219666,0.9016684362202336,0.7288566243194192,1.5230891232118884,0.2688106507135552,0.6466479301452637,0.41012871265411377
h64_wd1e-05_s2,l12,18,0.0005,0.47693212059411133,0.6062793731689453,0.9070150159259821,0.7321234119782214,1.2533357084905594,0.1963137148473043,0.6669533848762512,0.44547155499458313
h64_wd1e-05_s2,l12,19,0.0005,0.48438626527786255,0.619174063205719,0.9108296678295161,0.7271627344222625,1.3612507525257955,0.16309516804725122,0.6856992244720459,0.48217758536338806
h64_wd1e-05_s2,l12,20,0.0005,0.4776294353333386,0.6451597213745117,0.9105718185954801,0.7203871748336357,1.2946384005858247,0.1923610307312617,0.7020326852798462,0.51560378074646
h64_wd1e-05_s2,l12,21,0.0005,0.450568980791352,0.6298324465751648,0.9163279235552859,0.7313974591651542,1.3382878467183719,0.17758113811873713,0.7194846272468567,0.5498849153518677
h64_wd1e-05_s2,l12,22,0.0005,0.4551596709273078,0.6314132213592529,0.9298953435461854,0.7265577737447065,1.6809854568855591,0.19621635563303083,0.7344903349876404,0.5759327411651611
h64_wd1e-05_s2,l12,23,0.0005,0.44370743903246795,0.6618470549583435,0.9270059153647809,0.7207501512401694,1.8498038526837772,0.19564572425350085,0.7492467761039734,0.60265052318573
h64_wd1e-05_s2,l12,24,0.0005,0.4081702699715441,0.621714174747467,0.9400500530866069,0.7367211131276468,1.6202694336024295,0.15178261596208917,0.7627055048942566,0.6328830122947693
h64_wd1e-05_s2,l12,25,0.0005,0.3928805508396842,0.6555731892585754,0.9393333838920066,0.7269207501512402,1.5408977088985503,0.14002242800008358,0.774764895439148,0.6693938970565796
h64_wd1e-05_s2,l12,26,0.0005,0.3846924657171423,0.6407098770141602,0.9489382678598512,0.7380520266182697,1.7969320637190123,0.15288099620146275,0.7874115705490112,0.7022388577461243
h64_wd1e-05_s2,l12,27,0.0005,0.3930399404330687,0.640032947063446,0.9473835886546337,0.744464609800363,2.001068196531255,0.16018371043541751,0.7998400926589966,0.7325406670570374
h64_wd1e-05_s2,l12,28,0.0005,0.3566612357443029,0.6460645198822021,0.9552328226907325,0.7366001209921356,2.1404285203839426,0.17312361279360008,0.8133906722068787,0.7665196657180786
h64_wd1e-05_s2,l12,29,0.0005,0.33085785061120987,0.681420087814331,0.9609130896405278,0.7380520266182697,2.0483592333691885,0.15326390732907327,0.8260072469711304,0.8059342503547668
h64_wd1e-05_s2,l12,30,0.0005,0.341791725971482,0.7126936912536621,0.9598892765053845,0.7333333333333334,2.3618095943586024,0.1560811377784508,0.837658166885376,0.841628909111023
h64_wd1e-05_s2,l12,31,0.0005,0.3880453272299333,0.6814325451850891,0.9604959805854695,0.74010889292196,2.8169762590101834,0.17100231634531843,0.8497606515884399,0.8582562208175659
h64_wd1e-05_s2,l12,32,0.0005,0.3455557369373061,0.6453258395195007,0.9717351736690429,0.7445856019358741,2.0641903145677847,0.14098654002418862,0.8605682253837585,0.8839349746704102
h64_wd1e-05_s2,l12,33,0.0005,0.3544789065014232,0.6377322673797607,0.974207492795389,0.7471264367816092,2.3387096691027045,0.14043545044826383,0.8717737197875977,0.9119585156440735
h64_wd1e-05_s2,l12,34,0.0005,0.31721882860768924,0.692063570022583,0.9716745032610346,0.7387779794313369,1.9766632182434778,0.12131625939592702,0.8810439705848694,0.9408963918685913
h64_wd1e-05_s2,l12,35,0.0005,0.31751626526767557,0.7221164703369141,0.9709843773699378,0.7355111917725349,2.363757534352315,0.14877796294811144,0.8914943337440491,0.975089967250824
h64_wd1e-05_s2,l12,36,0.0005,0.30761693147095764,0.7137437462806702,0.9776732898528743,0.7413188142770719,2.484638111940021,0.13985980290479408,0.902246356010437,1.0052497386932373
h64_wd1e-05_s2,l12,37,0.0005,0.3453763574361801,0.6739957332611084,0.9698013044137723,0.7283726557773744,2.4671313735051426,0.13241790499934902,0.9138237237930298,1.028143286705017
h64_wd1e-05_s2,l12,38,0.0005,0.3100674633275379,0.6897324919700623,0.9789284089185502,0.738898971566848,2.2715454337446945,0.11568987173052717,0.9234189987182617,1.0609508752822876
h64_wd1e-05_s2,l12,39,0.0005,0.31510219316590915,0.678791880607605,0.9772485969968148,0.7445856019358742,2.537592016496259,0.12508987049218853,0.9322755932807922,1.0901082754135132
h64_wd1e-05_s2,l12,40,0.0005,0.3066107908433134,0.6745561361312866,0.9821629000455029,0.7465214761040532,2.569722270484945,0.1311208810552159,0.9411354660987854,1.1136517524719238
h64_wd1e-05_s2,l12,41,0.0005,0.30952568555420096,0.7117350697517395,0.977893220081905,0.7479733817301876,2.4820303410502587,0.11544070236394566,0.9490656852722168,1.1330299377441406
h64_wd1e-05_s2,l12,42,0.0005,0.308752256360921,0.8312458395957947,0.9832170483846503,0.7442226255293406,2.768422354258115,0.12161641398703947,0.9575008153915405,1.1541404724121094
h64_wd1e-05_s2,l12,43,0.0005,0.2979788698933341,0.750152587890625,0.9836114060367056,0.7428917120387176,3.144993748175639,0.13234594118522652,0.9654654860496521,1.1630820035934448
h64_wd1e-05_s2,l12,44,0.0005,0.2844378636641936,0.7299825549125671,0.985985135750038,0.7553539019963703,2.5763540476253213,0.11759536481635804,0.9739651679992676,1.1796319484710693
h64_wd1e-05_s2,l12,45,0.0005,0.28900125419551675,0.7829455137252808,0.9858562111330199,0.7485783424077436,2.9712824387650474,0.12524140714020524,0.981996476650238,1.208818793296814
h64_wd1e-05_s2,l12,46,0.0005,0.28947635740041733,0.6917428374290466,0.9881313514333384,0.7313974591651542,2.7459512173459464,0.11238287716609462,0.9909638166427612,1.2291353940963745
h64_wd1e-05_s2,l12,47,0.0005,0.3152044185183265,0.66437828540802,0.98735780373123,0.7454325468844525,3.042933383115845,0.10573599889080156,0.9993786215782166,1.2567297220230103
h64_wd1e-05_s2,l12,48,0.0005,0.2857226085933772,0.7479959726333618,0.9866449264371302,0.7384150030248033,2.641156810799392,0.09229336646634816,1.0072484016418457,1.285072684288025
h64_wd1e-05_s2,l12,49,0.0005,0.2449756393378431,0.8263236284255981,0.9859775519490368,0.7355111917725347,2.433986252892508,0.0815669128168292,1.013893961906433,1.311388611793518
h64_wd1e-05_s2,l12,50,0.0005,0.24274791032075882,0.7951123714447021,0.9882944031548613,0.7397459165154265,2.1804386422031232,0.08808499346408642,1.0202488899230957,1.3380093574523926
h64_wd1e-05_s2,l12,51,0.0005,0.24606510996818542,0.7123309969902039,0.9913848020627939,0.745069570477919,2.604005572280707,0.08059250400825903,1.0264639854431152,1.3632043600082397
h64_wd1e-05_s2,l12,52,0.0005,0.24028477208180862,0.6779826283454895,0.9858941301380253,0.7491833030852993,2.6550727270402708,0.08201926786868867,1.032468318939209,1.3891178369522095
h64_wd1e-05_s2,l12,53,0.0005,0.28278390995480795,0.7810192108154297,0.9837630820567268,0.736842105263158,2.6746454881943427,0.10114086238916119,1.039231300354004,1.4220367670059204
h64_wd1e-05_s2,l12,54,0.0005,0.22733583504503424,0.7620360851287842,0.9926588806309722,0.7424077434966727,2.499431714355493,0.09596925079226269,1.0456628799438477,1.4492932558059692
h64_wd1e-05_s2,l12,55,0.0005,0.23322724957357754,0.904549241065979,0.9872819657212194,0.7422867513611615,2.7715410079391023,0.09806096201867631,1.05195152759552,1.4799879789352417
h64_wd1e-05_s2,l12,56,0.0005,0.28827731243588706,0.7547296285629272,0.9860078871530411,0.7397459165154265,3.6053018935197985,0.10314743644974635,1.0590324401855469,1.4990078210830688
h64_wd1e-05_s2,l12,57,0.0005,0.2285506877709519,0.7555654048919678,0.9941946003336872,0.7432546884452511,2.6592839633070446,0.08161326419299314,1.0650269985198975,1.5270644426345825
h64_wd1e-05_s2,l12,58,0.0005,0.2153692672198469,0.8042976260185242,0.9904406188381616,0.7557168784029038,2.6883768327416564,0.07808969796909922,1.0705368518829346,1.5554279088974
h64_wd1e-05_s2,l12,59,0.0005,0.22887286408381027,0.8590088486671448,0.9936675261641135,0.7462189957652753,3.1726260144522986,0.09898874279832114,1.0771114826202393,1.5847606658935547
h64_wd1e-05_s2,l12,60,0.0005,0.2092956087806008,0.9169865846633911,0.9941680570301835,0.7447065940713853,3.1491165813239492,0.09176236662079709,1.0827081203460693,1.6102569103240967
h64_wd1e-05_s2,l12,61,0.0005,0.22851622341708702,0.9433033466339111,0.9937357803731229,0.7346642468239565,3.20093231570212,0.08878158575796785,1.0888583660125732,1.6270716190338135
h64_wd1e-05_s2,l12,62,0.0005,0.2105130207809535,0.8823753595352173,0.992507204610951,0.7438596491228069,3.170766876926335,0.08197574398476999,1.0947285890579224,1.6503829956054688
h64_wd1e-05_s2,l12,63,0.0005,0.2139366458762776,0.7828659415245056,0.9944031548612163,0.7477313974591652,3.1047280078838195,0.08592151965759563,1.0998303890228271,1.6691542863845825
h64_wd1e-05_s2,l12,64,0.0005,0.20939327640966934,1.0286377668380737,0.9918398301228576,0.7441016333938294,3.337552496750867,0.07776727261992672,1.1051353216171265,1.692023754119873
h64_wd1e-05_s2,l12,65,0.0005,0.17646870423447003,0.9321832060813904,0.9961019262854541,0.7480943738656987,2.8814245419903077,0.0734265587853158,1.1099531650543213,1.7133607864379883
h64_wd1e-05_s2,l12,66,0.0005,0.1772571714086966,0.9034962058067322,0.9964052783254967,0.7476104053236539,2.892208355234752,0.07249992127134376,1.1150047779083252,1.742111325263977
h64_wd1e-05_s2,l12,67,0.0005,0.19789676165038889,0.8773263096809387,0.9951615349613226,0.7525710828796128,3.0358936568937427,0.06786208188327301,1.1199657917022705,1.768677830696106
h64_wd1e-05_s2,l12,68,0.0005,0.20161547833545643,0.9146695137023926,0.9958744122554225,0.7459165154264973,3.147452430903149,0.08125984638773502,1.1255954504013062,1.7918672561645508
h64_wd1e-05_s2,l12,69,0.0005,0.2191618870605122,0.9732433557510376,0.9943804034582132,0.7426497277676951,3.3365951073762905,0.07778650400885037,1.1308157444000244,1.8070698976516724
h64_wd1e-05_s2,l12,70,0.0005,0.2548181204633279,0.7861257791519165,0.994956772334294,0.7445856019358741,4.029482899632665,0.09578096056836577,1.1364269256591797,1.8240501880645752
h64_wd1e-05_s2,l12,71,0.0005,0.23242663795297797,0.8387784957885742,0.9937623236766266,0.7349062310949788,3.3394923313566265,0.07887409506942063,1.1414951086044312,1.8456904888153076
h64_wd1e-05_s2,l12,72,0.0005,0.21228486096317117,0.9848370552062988,0.9962915213104808,0.7424077434966727,3.233422318379395,0.07601076997403237,1.146728277206421,1.8715890645980835
h64_wd1e-05_s2,l12,73,0.0005,0.22068687765435738,0.7460915446281433,0.9945813741847414,0.7350272232304901,3.4365426960584853,0.07418977180899254,1.1515742540359497,1.8886404037475586
h64_wd1e-05_s2,l12,74,0.0005,0.2052148702469739,1.0392444133758545,0.99507052934931,0.7425287356321838,2.918041602121768,0.06728608083784367,1.155933141708374,1.9129136800765991
h64_wd1e-05_s2,l12,75,0.0005,0.19555559212511237,1.034973382949829,0.9965569543455179,0.7379310344827587,3.245033285140249,0.07275526372689395,1.1605737209320068,1.930403470993042
h64_wd1e-05_s2,l12,76,0.0005,0.17936147410761227,0.9350813031196594,0.9970119824055816,0.7379310344827587,2.688295057332593,0.05653676757043888,1.1652367115020752,1.9553879499435425
h64_wd1e-05_s2,l12,77,0.0005,0.24729278683662415,0.8946638107299805,0.9901562263006218,0.7576527525710829,4.643181550019378,0.09941427412447178,1.1708719730377197,1.9648686647415161
h64_wd1e-05_s2,l12,78,0.0005,0.24087874997745862,1.059522032737732,0.9957530714394054,0.7419237749546279,2.9514479937344267,0.06723655537565036,1.1762750148773193,1.9776899814605713
h64_wd1e-05_s2,l12,79,0.0005,0.24173601852221924,0.9711109399795532,0.9932352495070529,0.7523290986085904,3.574958293077321,0.07415594287180574,1.1814661026000977,1.9942854642868042
h64_wd1e-05_s2,l12,80,0.0005,0.22394972836429422,0.9044094085693359,0.9961663885939633,0.7462794918330309,3.309084120511562,0.07325037550574733,1.1858948469161987,2.0064351558685303
h64_wd1e-05_s2,l12,81,0.0005,0.2214219319549474,0.7313370108604431,0.9864174124070983,0.7445856019358741,3.3722789080513933,0.08509268455761872,1.1908503770828247,2.027489185333252
h64_wd1e-05_s2,l12,82,0.0005,0.3383057219060985,0.7186716198921204,0.9790232064310633,0.7516031457955232,3.5978632430273567,0.10394821261220316,1.1972029209136963,2.0393259525299072
h64_wd1e-05_s2,l12,83,0.0005,0.2685102139684287,0.7703496217727661,0.9894281814045199,0.7574107683000605,3.5867281157765762,0.08127363165344255,1.2034536600112915,2.0513980388641357
h64_wd1e-05_s2,l12,84,0.0005,0.213267579336058,0.9864417910575867,0.9959199150614287,0.7457955232909861,2.9292429822446135,0.06694688177792228,1.2086540460586548,2.0709450244903564
h64_wd1e-05_s2,l12,85,0.0005,0.24925161491740833,0.9084216356277466,0.983656908842712,0.7470659407138536,3.8909927335107812,0.08340012815990393,1.2134920358657837,2.0803403854370117
h64_wd1e-05_s2,l12,86,0.0005,0.2537657618522644,0.8878000378608704,0.9936864856666161,0.7453115547489413,3.19084027361277,0.08169463162162631,1.2180472612380981,2.0978918075561523
h64_wd1e-05_s2,l12,87,0.0005,0.18390148200772025,0.8653218150138855,0.997042317609586,0.7518451300665457,2.9533988781544234,0.05200111337097386,1.2215347290039062,2.1142489910125732
h64_wd1e-05_s2,l12,88,0.0005,0.16023450480266052,0.9827367067337036,0.998043379341726,0.755837870538415,2.8117159919088497,0.048445129881247356,1.2246944904327393,2.1330349445343018
h64_wd1e-05_s2,l12,89,0.0005,0.16917763802815566,1.1083849668502808,0.9959502502654329,0.7477313974591651,3.1358733328245987,0.0658971934911028,1.227830410003662,2.1515047550201416
h64_wd1e-05_s2,l12,90,0.0005,0.1315592419017445,1.049561619758606,0.9981609282572426,0.7480943738656987,2.689482250631479,0.046511431167857234,1.2309091091156006,2.1668169498443604
h64_wd1e-05_s2,l12,91,0.0005,0.1474437720396302,0.920453667640686,0.9929508569695131,0.751482153660012,2.422080467899596,0.047742066220648756,1.23374605178833,2.1879427433013916
h64_wd1e-05_s2,l12,92,0.0005,0.15356247465718875,0.9795339107513428,0.9972243288336115,0.7552934059286147,2.8919533696566906,0.05512288138592222,1.2365635633468628,2.203007221221924
h64_wd1e-05_s2,l12,93,0.0005,0.12226638434962793,1.1973861455917358,0.9950022751403003,0.7531760435571688,2.6546449464269064,0.040472112554775806,1.2393157482147217,2.220364570617676
h64_wd1e-05_s2,l12,94,0.0005,0.18088783797892657,0.9588180184364319,0.9958061580464128,0.7436176648517846,4.783823251537694,0.07201311119967685,1.2425124645233154,2.2278404235839844
h64_wd1e-05_s2,l12,95,0.0005,0.2635538344356147,1.0192428827285767,0.9960905505839527,0.7432546884452511,5.381330557887226,0.09109601190529369,1.247045874595642,2.2201879024505615
h64_wd1e-05_s2,l12,96,0.0005,0.24472187357870015,0.9087451696395874,0.995707568633399,0.7553539019963702,4.068257458411868,0.07626135443687292,1.2506802082061768,2.231217861175537
h64_wd1e-05_s2,l12,97,0.0005,0.2109109078618613,0.8017334938049316,0.9973305020476262,0.7586811857229281,3.181527091198006,0.05466511601498854,1.2535558938980103,2.251105308532715
h64_wd1e-05_s2,l12,98,0.0005,0.1945000724358992,0.9461279511451721,0.9975959350826634,0.7419237749546279,3.26362449884209,0.0568765847187936,1.2560698986053467,2.2689638137817383
h64_wd1e-05_s2,l12,99,0.0005,0.20209229805252768,0.9486867189407349,0.995207037767329,0.7587416817906836,3.151359857234489,0.06305392887594011,1.2591086626052856,2.288954496383667
h64_wd1e-05_s2,l12,100,0.0005,0.18367161669514395,0.9022474884986877,0.9963673593204914,0.7503932244404115,3.0955678752490887,0.05866127668634764,1.2621915340423584,2.30755615234375
h64_wd1e-05_s2,l12,101,0.0005,0.18266022036021407,0.8627915978431702,0.9970536933110876,0.7491833030852993,2.3381519849989423,0.05760810522884125,1.2652419805526733,2.332275867462158
h64_wd1e-05_s2,l12,102,0.0005,0.18643356622620064,0.9061476588249207,0.9939822539056575,0.7554748941318814,2.8166686400009673,0.05444141569413437,1.268497347831726,2.3592607975006104
h64_wd1e-05_s2,l12,103,0.0005,0.219064669852907,0.8764529228210449,0.9978803276202032,0.7462794918330308,4.4638753438703525,0.07905867800788105,1.2717411518096924,2.381727933883667
h64_wd1e-05_s2,l12,104,0.0005,0.20482399246909402,0.926673412322998,0.9949946913392993,0.7529340592861464,3.0715299247792043,0.04902523585450567,1.2751201391220093,2.401252031326294
h64_wd1e-05_s2,l12,105,0.0005,0.1703387742692774,1.1693427562713623,0.9966176247535264,0.7328493647912886,2.8960569854885034,0.05130441401747346,1.2784130573272705,2.423521041870117
h64_wd1e-05_s2,l12,106,0.0005,0.19969133761796085,1.0562007427215576,0.99692856059457,0.758983666061706,3.3301983649864444,0.04611372954665993,1.281157374382019,2.439683437347412
h64_wd1e-05_s2,l12,107,0.0005,0.18000915443355386,1.053587555885315,0.9979144547247081,0.7593466424682396,3.7064321519517374,0.04905100437920471,1.2837806940078735,2.457775592803955
h64_wd1e-05_s2,l12,108,0.0005,0.17753116210753267,1.1656882762908936,0.9967313817685424,0.7553539019963702,3.147458128562681,0.04721682926171023,1.2867214679718018,2.4754228591918945
h64_wd1e-05_s2,l12,109,0.0005,0.16310731694102287,1.0951454639434814,0.9977703625056878,0.7559588626739261,2.6964815453896986,0.04865290522723573,1.2894797325134277,2.491246223449707
h64_wd1e-05_s2,l12,110,0.0005,0.14709970422766425,1.0601704120635986,0.9977514030031852,0.7600120992135511,2.8875334865628246,0.042971809669125546,1.2921770811080933,2.509145498275757
h64_wd1e-05_s2,l12,111,0.0005,0.1460495978932489,1.2042007446289062,0.9949833156377976,0.7594676346037508,2.779295510030099,0.043530377201388186,1.2943209409713745,2.5264787673950195
h64_wd1e-05_s2,l12,112,0.0005,0.1427345358851281,1.3061351776123047,0.9981836796602457,0.7525710828796128,2.889494344975232,0.040168756001994994,1.2969189882278442,2.54022479057312
h64_wd1e-05_s2,l12,113,0.0005,0.14497888528487898,1.1173604726791382,0.9975504322766571,0.7485783424077435,3.506539727496035,0.0532282248996472,1.3000353574752808,2.5575807094573975
h64_wd1e-05_s2,l12,114,0.0005,0.1596672162413597,0.8957290053367615,0.9978765357197027,0.7574712643678162,3.453726747084099,0.038962211795984386,1.3041707277297974,2.570995807647705
h64_wd1e-05_s2,l12,115,0.0005,0.1589260839603164,1.225600242614746,0.9977400273016837,0.746400483968542,2.7487749621470976,0.043397557425334264,1.3076173067092896,2.5911900997161865
h64_wd1e-05_s2,l12,116,0.0005,0.1787449365312403,0.9855624437332153,0.99521462156833,0.7494252873563219,4.394640029849229,0.058445783889226284,1.3101890087127686,2.6086618900299072
h64_wd1e-05_s2,l12,117,0.0005,0.17977850342338736,1.2568639516830444,0.9921583497649021,0.7459770114942529,4.378723341620524,0.058433838077058355,1.3127743005752563,2.6215507984161377
h64_wd1e-05_s2,l12,118,0.0005,0.16745243627916684,1.3881303071975708,0.9967086303655392,0.7413188142770719,3.896448461757999,0.048915539011115075,1.3152296543121338,2.631964921951294
h64_wd1e-05_s2,l12,119,0.0005,0.18731065907261588,1.192509412765503,0.9980244198392234,0.7418027828191168,4.633106982891307,0.05924682927108559,1.3184150457382202,2.64096999168396
h64_wd1e-05_s2,l12,120,0.0005,0.15990436415780673,1.4365296363830566,0.9981343849537389,0.745069570477919,2.696961796449366,0.048099217894862406,1.3210450410842896,2.6556100845336914
h64_wd1e-05_s2,l12,121,0.0005,0.17040248892524026,1.3728280067443848,0.9985742454118004,0.7352692075015124,4.180974491046474,0.054722319238019936,1.3233555555343628,2.6641108989715576
h64_wd1e-05_s2,l12,122,0.0005,0.15409695865078407,1.4979712963104248,0.9949946913392993,0.7516636418632788,3.1745161124527943,0.06105079430618214,1.3257490396499634,2.670151472091675
h64_wd1e-05_s2,l12,123,0.0005,0.17957172949205746,1.1640065908432007,0.9980054603367208,0.7436781609195403,2.785961195547581,0.04664025697996089,1.3289958238601685,2.684056282043457
h64_wd1e-05_s2,l12,124,0.0005,0.17967191914265807,1.1346412897109985,0.998028211739724,0.7391409558378705,3.0805475331447525,0.05310027958130534,1.3322551250457764,2.693596124649048
h64_wd1e-05_s2,l12,125,0.0005,0.16200108250433748,1.122106671333313,0.997770362505688,0.7404718693284935,3.470796025940443,0.04625942360103281,1.335597276687622,2.7119569778442383
h64_wd1e-05_s2,l12,126,0.0005,0.20721063153310257,1.3549546003341675,0.9979940846352192,0.7336963097398669,3.8045823786331607,0.0534725774042551,1.3386515378952026,2.728299379348755
h64_wd1e-05_s2,l12,127,0.0005,0.1623939790508964,1.3098214864730835,0.9980850902472319,0.7425287356321839,3.164854455727294,0.039560274099253105,1.3417060375213623,2.744990587234497
h64_wd1e-05_s2,l12,128,0.0005,0.1446243075823242,1.303084373474121,0.9940960109206735,0.7465214761040532,3.481126002385567,0.038843678509928925,1.3437604904174805,2.7568812370300293
h64_wd1e-05_s2,l12,129,0.0005,0.24090976538983258,0.8904111385345459,0.9948505991202791,0.7517241379310344,4.3936373291118915,0.07419275321623388,1.3467119932174683,2.767662286758423
h64_wd1e-05_s2,l12,130,0.0005,0.21433372897180644,0.8477333188056946,0.978742605794024,0.7133696309739868,4.793786598366343,0.0630692393302314,1.3493444919586182,2.781341791152954
h64_wd1e-05_s2,l13,1,0.0005,0.7052305692976172,0.6836583614349365,0.6924289718435469,0.6049898682877406,0.8647186366674361,0.37256329772459973,0.20635712146759033,0.02580312080681324
h64_wd1e-05_s2,l13,2,0.0005,0.6875420754606073,0.6830095052719116,0.6837335966365141,0.6039766970618035,0.5356342643839272,0.22142618439936868,0.2440149486064911,0.03462054580450058
h64_wd1e-05_s2,l13,3,0.0005,0.6785505495288155,0.6754062175750732,0.7318766721875398,0.6374113475177304,0.5363774993350098,0.2580868124640671,0.2724841237068176,0.03276674821972847
h64_wd1e-05_s2,l13,4,0.0005,0.6662320440465753,0.6705036163330078,0.7492116830169449,0.6477963525835866,0.5329596139659903,0.2222715797581573,0.29644984006881714,0.032034263014793396
h64_wd1e-05_s2,l13,5,0.0005,0.652461515231566,0.6575562953948975,0.7579150210217861,0.6548885511651469,0.602660157805166,0.2708726917372457,0.32644978165626526,0.03563115373253822
h64_wd1e-05_s2,l13,6,0.0005,0.6364819001067769,0.6486626267433167,0.7695008918333546,0.6664133738601823,0.7004747582862833,0.3071124564383584,0.3570140302181244,0.05024068430066109
h64_wd1e-05_s2,l13,7,0.0005,0.6156059205532074,0.6499451398849487,0.7775273920244617,0.6748986828774063,0.7217466963190498,0.2587897896447972,0.38792675733566284,0.07178797572851181
h64_wd1e-05_s2,l13,8,0.0005,0.6279991594227877,0.6510387063026428,0.803390559306918,0.6809777102330294,1.014352842551244,0.33242717633230595,0.420060396194458,0.08510091155767441
h64_wd1e-05_s2,l13,9,0.0005,0.5985543944618918,0.6379519104957581,0.8051025608357752,0.6890830800405269,0.7990030817161955,0.2662659120172315,0.4490897059440613,0.10557878762483597
h64_wd1e-05_s2,l13,10,0.0005,0.6024243140762503,0.6249944567680359,0.8210600076442859,0.7026342451874367,1.0746111145534039,0.35804266639902466,0.4734005033969879,0.11580760776996613
h64_wd1e-05_s2,l13,11,0.0005,0.5838880457661368,0.6196330189704895,0.8320407058223978,0.7117527862208712,0.7938641016179623,0.23006745537167642,0.497358113527298,0.13194958865642548
h64_wd1e-05_s2,l13,12,0.0005,0.5701092373241078,0.6260474920272827,0.8378615110205122,0.7220111448834854,1.0150821889937907,0.255515928611868,0.5190595984458923,0.15597768127918243
h64_wd1e-05_s2,l13,13,0.0005,0.5519491352818229,0.6052644848823547,0.8475442731558159,0.720997973657548,0.9967637451339839,0.22595338606636545,0.5420578122138977,0.17375938594341278
h64_wd1e-05_s2,l13,14,0.0005,0.5480395216833461,0.6036044955253601,0.8605554847751306,0.7294832826747721,1.1949937142154565,0.2906758167833332,0.5643435716629028,0.19749440252780914
h64_wd1e-05_s2,l13,15,0.0005,0.554311450232159,0.6197547912597656,0.8646642884443878,0.7282168186423505,0.8953805354558646,0.20127178671881482,0.5850014686584473,0.21344085037708282
h64_wd1e-05_s2,l13,16,0.0005,0.5160089216449044,0.5979401469230652,0.8724519047012358,0.738095238095238,1.175303263282575,0.2536107141394596,0.605914294719696,0.24385692179203033
h64_wd1e-05_s2,l13,17,0.0005,0.512765808538957,0.5940513610839844,0.8871193782647471,0.7388551165146909,1.2603417099028074,0.2655798028161108,0.6243057250976562,0.2648351490497589
h64_wd1e-05_s2,l13,18,0.0005,0.5015989243984222,0.6460984945297241,0.8837590775895019,0.7418946301925026,1.326863162106819,0.23941710616894002,0.6440988779067993,0.28668078780174255
h64_wd1e-05_s2,l13,19,0.0005,0.518266503106464,0.6018196940422058,0.9000429991081667,0.7334093211752786,1.838294810002843,0.3108683011658047,0.6616678833961487,0.29677721858024597
h64_wd1e-05_s2,l13,20,0.0005,0.47957130860198627,0.6508442759513855,0.896451777296471,0.7346757852077002,1.3763149536534938,0.20527436149553313,0.6783874034881592,0.3226107954978943
h64_wd1e-05_s2,l13,21,0.0005,0.463034064932303,0.6088994145393372,0.9056567715632565,0.742401215805471,1.467351258504071,0.19832573792378722,0.6940165162086487,0.351267546415329
h64_wd1e-05_s2,l13,22,0.0005,0.44771561839363794,0.6066104173660278,0.9170435724296089,0.7469604863221884,1.4167402872469594,0.17096801710220708,0.7087318301200867,0.3795353174209595
h64_wd1e-05_s2,l13,23,0.0005,0.4391220916401256,0.6215431690216064,0.9199818448209962,0.7481003039513677,1.5975874523812683,0.19996747195618678,0.7224387526512146,0.41110265254974365
h64_wd1e-05_s2,l13,24,0.0005,0.4090218442407521,0.6187965273857117,0.9269094789145114,0.7522796352583587,1.6110441593088927,0.20198863568716433,0.7372373938560486,0.4445142447948456
h64_wd1e-05_s2,l13,25,0.0005,0.41015368090434506,0.6773144006729126,0.9301184864313925,0.7543059777102331,1.884248312034048,0.1890749530875415,0.7500691413879395,0.47333890199661255
h64_wd1e-05_s2,l13,26,0.0005,0.4334045513109727,0.6029888987541199,0.9386784940756785,0.7494934143870314,2.2941776114599524,0.21816496930561022,0.7670020461082458,0.49804210662841797
h64_wd1e-05_s2,l13,27,0.0005,0.39735183255238965,0.6208373308181763,0.9364966874761116,0.7544326241134752,1.8066161014018378,0.1766943653556435,0.7807921767234802,0.523760199546814
h64_wd1e-05_s2,l13,28,0.0005,0.38907353444532916,0.6018809676170349,0.9424369346413557,0.7541793313069909,1.6369991367484524,0.17404805589652794,0.7944806218147278,0.5601769685745239
h64_wd1e-05_s2,l13,29,0.0005,0.4099639911543239,0.6028295755386353,0.9494203083195311,0.7468338399189464,2.100842235183395,0.18567275854043153,0.8072068095207214,0.5907954573631287
h64_wd1e-05_s2,l13,30,0.0005,0.3744567890058864,0.6675848960876465,0.9471190597528347,0.7505065856129686,2.002889181789809,0.165272302701292,0.8204611539840698,0.6182019114494324
h64_wd1e-05_s2,l13,31,0.0005,0.35713188824328507,0.6748654246330261,0.9546120524907632,0.744807497467072,1.9723764227205465,0.13702337238796425,0.8330914974212646,0.6495988965034485
h64_wd1e-05_s2,l13,32,0.0005,0.35198386961763556,0.6715502142906189,0.9579643903681998,0.752532928064843,2.2670957531429328,0.16288679166725145,0.8459368348121643,0.6840583086013794
h64_wd1e-05_s2,l13,33,0.0005,0.36705424975265155,0.657901406288147,0.9659670021658809,0.7530395136778115,2.6135061038926986,0.17908814940546783,0.8577455282211304,0.7048622369766235
h64_wd1e-05_s2,l13,34,0.0005,0.3524492545561357,0.634826123714447,0.9569610778443114,0.7555724417426546,2.17308480937314,0.13817401734181903,0.8697242736816406,0.7302678227424622
h64_wd1e-05_s2,l13,35,0.0005,0.3624833889982917,0.655706524848938,0.9647805452923939,0.7424012158054711,2.6547746151041456,0.17871516154109546,0.8815765380859375,0.7590399980545044
h64_wd1e-05_s2,l13,36,0.0005,0.33380813761190936,0.6770510673522949,0.9643664798063447,0.7413880445795339,1.933552904825419,0.13234346162822633,0.8930911421775818,0.789743185043335
h64_wd1e-05_s2,l13,37,0.0005,0.3242289579727433,0.7593604326248169,0.9670579054656644,0.7516464032421479,2.2319387498826893,0.13660481459744125,0.9031809568405151,0.8222368359565735
h64_wd1e-05_s2,l13,38,0.0005,0.34789788316596637,0.6973273754119873,0.9623200407695247,0.744807497467072,2.8690005787575386,0.15182476572617176,0.9141278862953186,0.849312424659729
h64_wd1e-05_s2,l13,39,0.0005,0.34174789217385376,0.7496927380561829,0.975490508345012,0.7544326241134751,2.621808922006872,0.14102613355015944,0.9250399470329285,0.8714344501495361
h64_wd1e-05_s2,l13,40,0.0005,0.3026359745047309,0.6879000663757324,0.9808016944833737,0.7451874366767984,2.317615208723549,0.13129614236074463,0.9352228045463562,0.9032520651817322
h64_wd1e-05_s2,l13,41,0.0005,0.29066904566504737,0.7395081520080566,0.974415530640846,0.7467071935157041,2.4155386123896028,0.12507179045835912,0.94424968957901,0.9381167888641357
h64_wd1e-05_s2,l13,42,0.0005,0.3014206120913679,0.7187879085540771,0.984687539813989,0.7441742654508613,2.647236225284668,0.1320317129903817,0.9532150030136108,0.9684404134750366
h64_wd1e-05_s2,l13,43,0.0005,0.3221665410832925,0.7782769203186035,0.978683590266276,0.7420212765957447,3.049187023851577,0.13639260130760714,0.9636050462722778,0.9937931299209595
h64_wd1e-05_s2,l13,44,0.0005,0.2837171270088716,0.7482327222824097,0.983652376098866,0.7406281661600811,2.7751070023638644,0.11965455143764782,0.9721548557281494,1.0111113786697388
h64_wd1e-05_s2,l13,45,0.0005,0.28486047888343985,0.7910957932472229,0.9766690024206905,0.7544326241134752,2.644599509245491,0.12627898137624813,0.9814609289169312,1.03441321849823
h64_wd1e-05_s2,l13,46,0.0005,0.31658981943672354,0.7215402722358704,0.980865396865843,0.7330293819655522,2.9189689031661676,0.1421738907739419,0.9920883774757385,1.050128698348999
h64_wd1e-05_s2,l13,47,0.0005,0.2762199985710057,0.8612711429595947,0.9802044846477259,0.7351823708206686,2.1746726929403386,0.11979455831842176,1.0017057657241821,1.080875277519226
h64_wd1e-05_s2,l13,48,0.0005,0.28959428383545444,0.8214725255966187,0.9789065486049178,0.7408814589665653,3.142691424424039,0.13814686704743895,1.0110551118850708,1.1046544313430786
h64_wd1e-05_s2,l13,49,0.0005,0.31386499106884,0.7238884568214417,0.9822588864823545,0.7481003039513678,3.266019889766019,0.14885739519960337,1.021708607673645,1.1205384731292725
h64_wd1e-05_s2,l13,50,0.0005,0.288022289221937,0.7539181709289551,0.9849304051471525,0.746580547112462,2.5368926407930874,0.10911595433071163,1.0305936336517334,1.1469953060150146
h64_wd1e-05_s2,l13,51,0.0005,0.27710834619673813,0.7560657858848572,0.9866862020639572,0.7520263424518743,2.4148565154189514,0.10023655170714978,1.0408282279968262,1.176512598991394
h64_wd1e-05_s2,l13,52,0.0005,0.2688334645195441,0.8788543939590454,0.9815900114664289,0.7415146909827761,3.03497518079425,0.12444280424654415,1.0502175092697144,1.2011258602142334
h64_wd1e-05_s2,l13,53,0.0005,0.23341670937158845,0.820384681224823,0.9904048286405912,0.7471504559270516,2.931285715670089,0.11110514854086707,1.0579040050506592,1.2206727266311646
h64_wd1e-05_s2,l13,54,0.0005,0.21919883516701785,0.895086407661438,0.9906994521595108,0.7532928064842959,2.31894847306313,0.09243405452205651,1.064670205116272,1.2462078332901
h64_wd1e-05_s2,l14,1,0.0005,0.6949657564577849,0.696689784526825,0.6393236707981003,0.5589314377436367,0.7304155807559307,0.3322007975981997,0.21297916769981384,0.019443685188889503
h64_wd1e-05_s2,l14,2,0.0005,0.6860925788464753,0.6796475648880005,0.746981061044828,0.6339142398532446,0.6508606025647431,0.3106911769275799,0.25851213932037354,0.021245619282126427
h64_wd1e-05_s2,l14,3,0.0005,0.6684081424837527,0.6710724830627441,0.7548360940576856,0.6413666590231598,0.6631903992224092,0.3635721005442302,0.30067992210388184,0.02468331903219223
h64_wd1e-05_s2,l14,4,0.0005,0.6587386856908384,0.6827977895736694,0.7281362214757326,0.608461362072919,0.7920248188884019,0.44521650514644523,0.3400455117225647,0.02889592945575714
h64_wd1e-05_s2,l14,5,0.0005,0.6322588868763136,0.6671628355979919,0.7604685509093015,0.6355193762898418,0.7404888404741369,0.3785392914642062,0.38020679354667664,0.040193166583776474
h64_wd1e-05_s2,l14,6,0.0005,0.6223421096801758,0.6507477164268494,0.7958922159156725,0.6662462737904151,0.7352242058352654,0.3353728448509485,0.4170866310596466,0.05422435700893402
h64_wd1e-05_s2,l14,7,0.0005,0.6074375225150067,0.6545397639274597,0.7938868296073207,0.6592524650309561,0.7839921777251616,0.35215468528477367,0.4554280936717987,0.0778062641620636
h64_wd1e-05_s2,l14,8,0.0005,0.5813624314639879,0.6311795115470886,0.8189360593073092,0.6847053428112818,0.8276898097936002,0.33995790498904516,0.4924391210079193,0.09827870875597
h64_wd1e-05_s2,l14,9,0.0005,0.5718387158020682,0.6325204968452454,0.8310335341132863,0.6812657647328594,1.0021332577934852,0.36034618082649567,0.5268792510032654,0.12319337576627731
h64_wd1e-05_s2,l14,10,0.0005,0.5779521556004233,0.6435407400131226,0.8494512336383644,0.6899793625315295,1.1230779496052594,0.36844342958696563,0.5575839877128601,0.1407157927751541
h64_wd1e-05_s2,l14,11,0.0005,0.5760317418886267,0.6371108889579773,0.8526077261670335,0.7002980967667967,1.204528225394776,0.3475282857558642,0.5863007307052612,0.14529961347579956
h64_wd1e-05_s2,l14,12,0.0005,0.5623222006403882,0.633375883102417,0.8630038804587049,0.7067186425131851,1.1647435218105775,0.3385378259826563,0.6148109436035156,0.16180461645126343
h64_wd1e-05_s2,l14,13,0.0005,0.5319763370182203,0.6178962588310242,0.8755574539557512,0.7061453795001146,1.0627866021007406,0.33031798286756503,0.6414785981178284,0.18364360928535461
h64_wd1e-05_s2,l14,14,0.0005,0.516621022120766,0.6483903527259827,0.8798505733812116,0.7087823893602384,1.4098366530368662,0.3650559292393773,0.6642137169837952,0.2104198932647705
h64_wd1e-05_s2,l14,15,0.0005,0.5035830425179523,0.6129451394081116,0.8847735433800533,0.7179545975693649,1.2013643473688431,0.27657138818532845,0.6855438947677612,0.2262018471956253
h64_wd1e-05_s2,l14,16,0.0005,0.48836075352585834,0.6134544014930725,0.8994990154060003,0.7177252923641366,1.1260036797839625,0.24963562240646348,0.7049252390861511,0.2497049868106842
h64_wd1e-05_s2,l14,17,0.0005,0.48478810165239417,0.6193028092384338,0.901576798331982,0.7141710616831002,1.5344423718209952,0.2760179125702301,0.7265561819076538,0.2770952582359314
h64_wd1e-05_s2,l14,18,0.0005,0.5008158593074136,0.6656889319419861,0.9025034750376463,0.7184132079798211,1.4381813175134333,0.29253736456260176,0.7486118674278259,0.2906396985054016
h64_wd1e-05_s2,l14,19,0.0005,0.4832217926564424,0.6128098368644714,0.9146226688289123,0.7202476496216464,1.5272066672304023,0.2735352879562778,0.7712247967720032,0.31431257724761963
h64_wd1e-05_s2,l14,20,0.0005,0.47018249527267786,0.6457143425941467,0.9102571527858219,0.7088970419628525,1.626984585636036,0.3133137260861604,0.7916179895401001,0.33609649538993835
h64_wd1e-05_s2,l14,21,0.0005,0.4661416152249212,0.6265103220939636,0.9161502374609058,0.723916532905297,1.5828039340417106,0.2569724704000053,0.8082854151725769,0.3484923243522644
h64_wd1e-05_s2,l14,22,0.0005,0.4235656792702882,0.6324548721313477,0.9269373334877795,0.7248337537262096,1.4876887192844053,0.23087664599238109,0.8242436647415161,0.3717736303806305
h64_wd1e-05_s2,l14,23,0.0005,0.43489697445993836,0.6297509670257568,0.9297318429282984,0.7283879844072461,1.871190011925304,0.28770847425222235,0.8409373760223389,0.39211657643318176
h64_wd1e-05_s2,l14,24,0.0005,0.42159075970235077,0.6281037926673889,0.9307019576045408,0.7163494611327677,1.6108035914952812,0.23341128935699876,0.8589780330657959,0.41264933347702026
h64_wd1e-05_s2,l14,25,0.0005,0.3964158983334251,0.6513341665267944,0.9293915788254373,0.7213941756477872,1.408600803979655,0.19320697885920216,0.8737689852714539,0.44462278485298157
h64_wd1e-05_s2,l14,26,0.0005,0.37449473984863446,0.645088791847229,0.9439867369396502,0.7279293739967897,1.5713983629574486,0.20124723020306204,0.8870130181312561,0.4760608971118927
h64_wd1e-05_s2,l14,27,0.0005,0.37092066847759747,0.6516896486282349,0.9422709371018188,0.7307956890621418,1.7019292926842513,0.18602321258563254,0.8995589017868042,0.5053666234016418
h64_wd1e-05_s2,l14,28,0.0005,0.37449747842291126,0.700441300868988,0.9503938375999074,0.7234579224948406,1.525352932101782,0.17607808106100376,0.9138004183769226,0.5401278734207153
h64_wd1e-05_s2,l14,29,0.0005,0.35834510300470435,0.670783519744873,0.9550561797752809,0.7291905526255446,1.7829920857483714,0.1676318035982172,0.9284986257553101,0.5720933675765991
h64_wd1e-05_s2,l14,30,0.0005,0.346049797275792,0.71418696641922,0.9479613112475386,0.7324008254987389,1.9278071564906805,0.17930063560033654,0.9406062364578247,0.598666250705719
h64_wd1e-05_s2,l14,31,0.0005,0.37129135041133216,0.6888486742973328,0.9533186609521602,0.7333180463196515,2.1403397591020643,0.1921279521571674,0.9546233415603638,0.6169867515563965
h64_wd1e-05_s2,l14,32,0.0005,0.3516332455303358,0.6593420505523682,0.9589149194949612,0.7242604907131392,1.8920656509236171,0.17229778576986673,0.968018651008606,0.6356823444366455
h64_wd1e-05_s2,l14,33,0.0005,0.35408405182154284,0.6823422312736511,0.9661980192285416,0.7111900940151341,1.875703507342717,0.16047207088318416,0.9820752143859863,0.6605044603347778
h64_wd1e-05_s2,l14,34,0.0005,0.3633835730345353,0.7084771394729614,0.9701001969187999,0.7260949323549645,2.55597518404912,0.19048957134057226,0.9965043067932129,0.6883018612861633
h64_wd1e-05_s2,l14,35,0.0005,0.34185197495895886,0.6986921429634094,0.9687753388161706,0.7282733318046318,2.069918867603626,0.16486510865723691,1.010190725326538,0.7073421478271484
h64_wd1e-05_s2,l14,36,0.0005,0.30423893941485364,0.7046612501144409,0.9713598980655624,0.7302224260490713,1.9353168382056065,0.1304438781672689,1.0218324661254883,0.738960325717926
h64_wd1e-05_s2,l14,37,0.0005,0.31977470024772314,0.7162289619445801,0.970425981698135,0.7318275624856684,2.3788758052573913,0.18144589468377328,1.0345408916473389,0.761577844619751
h64_wd1e-05_s2,l14,38,0.0005,0.2998962920645009,0.7095944285392761,0.9769778755936523,0.7191011235955055,2.0177518674398853,0.14121356608280308,1.0471769571304321,0.7913711071014404
h64_wd1e-05_s2,l14,39,0.0005,0.27974383727363916,0.759637176990509,0.9811189621220896,0.7302224260490713,1.7809959475636776,0.13749556685352698,1.0569217205047607,0.8167269229888916
h64_wd1e-05_s2,l14,40,0.0005,0.31518089252969494,0.7499074935913086,0.9762177111085372,0.7280440265994038,2.7682445302751257,0.1652502683973519,1.0684348344802856,0.8403611183166504
h64_wd1e-05_s2,l14,41,0.0005,0.32544431932594464,0.7410574555397034,0.9806266651222055,0.7232286172896124,2.9510795926840627,0.1770863645713492,1.0811835527420044,0.848171055316925
h64_wd1e-05_s2,l14,42,0.0005,0.3252532844958098,0.7573705911636353,0.9813868296073207,0.7263242375601926,2.4500443519334953,0.1622761119639015,1.0926867723464966,0.8691646456718445
h64_wd1e-05_s2,l14,43,0.0005,0.28471270916254626,0.7300156950950623,0.984992181165296,0.7286172896124742,2.405960528579296,0.1285730537590265,1.1034424304962158,0.8906094431877136
h64_wd1e-05_s2,l14,44,0.0005,0.28259197071842523,0.7156245708465576,0.988532375767404,0.7185278605824351,1.9757355195318984,0.12670990902798773,1.113625168800354,0.9227749109268188
h64_wd1e-05_s2,l14,45,0.0005,0.26549652283606323,0.7291151285171509,0.9829723155334182,0.7268975005732631,2.254266833946203,0.1271040158706902,1.123220682144165,0.9533517956733704
h64_wd1e-05_s2,l14,46,0.0005,0.26466890132945514,0.7420711517333984,0.9822845476659331,0.7311396468699839,2.3266389784587793,0.13760493187344913,1.1349900960922241,0.9789989590644836
h64_wd1e-05_s2,l14,47,0.0005,0.25964899620284204,0.8770835399627686,0.984992181165296,0.7281586792020178,2.6623737466034387,0.13243663973552372,1.1466878652572632,1.0100984573364258
h64_wd1e-05_s2,l14,48,0.0005,0.2771983217933904,0.7360205054283142,0.9876129387235029,0.7180692501719789,3.1020231458286074,0.14871417203614232,1.1573574542999268,1.032225489616394
h64_wd1e-05_s2,l14,49,0.0005,0.26032389182111493,0.7731360793113708,0.9908671666859724,0.7171520293510663,2.443151024801103,0.111774341806326,1.16682767868042,1.0626373291015625
h64_wd1e-05_s2,l14,50,0.0005,0.2369496297577153,0.8199232816696167,0.9859260975327233,0.7241458381105251,2.703325041130279,0.1139508247392591,1.174943208694458,1.0921425819396973
h64_wd1e-05_s2,l14,51,0.0005,0.23067472810330597,0.7940670847892761,0.9921015290165643,0.7304517312542994,2.4126935355809596,0.11403675366364475,1.1828277111053467,1.1208436489105225
h64_wd1e-05_s2,l15,1,0.0005,0.7009046588625226,0.693115234375,0.5559913674979446,0.5909214092140921,0.5687281788249747,0.2684930916416085,0.21814699470996857,0.023360207676887512
h64_wd1e-05_s2,l15,2,0.0005,0.6898921160470872,0.6855605244636536,0.7482615100027405,0.6803523035230352,0.3586962065426062,0.20341681292945762,0.24933868646621704,0.02973690815269947
h64_wd1e-05_s2,l15,3,0.0005,0.6799690467970712,0.6890251040458679,0.7234002466429159,0.6368563685636857,0.39225077673922903,0.2477263276811901,0.2725785970687866,0.03213414177298546
h64_wd1e-05_s2,l15,4,0.0005,0.6754934560684931,0.6690255403518677,0.762931625102768,0.6971544715447154,0.47094817822654667,0.2546831889495792,0.29689979553222656,0.036119528114795685
h64_wd1e-05_s2,l15,5,0.0005,0.657096232686724,0.6563207507133484,0.7735852288298164,0.6972899728997292,0.4427656288741333,0.20878978219348834,0.3310161828994751,0.05395464226603508
h64_wd1e-05_s2,l15,6,0.0005,0.6414811384110224,0.6666501760482788,0.7509420389147712,0.6733062330623306,0.686547642554785,0.30739000988028803,0.36703601479530334,0.08346743881702423
h64_wd1e-05_s2,l15,7,0.0005,0.6380145152409872,0.6620900630950928,0.7651668265278158,0.6838753387533875,0.6672863254589437,0.26085519749536984,0.4043934941291809,0.10224226862192154
h64_wd1e-05_s2,l15,8,0.0005,0.6380328422500974,0.6461753249168396,0.7848725678268018,0.6971544715447154,0.8867216183416661,0.34309340626924123,0.4310307204723358,0.11494564265012741
h64_wd1e-05_s2,l15,9,0.0005,0.6233896158990406,0.6337432861328125,0.7894029186078378,0.6944444444444444,0.6860050297125666,0.2297290775924893,0.45515671372413635,0.13297872245311737
h64_wd1e-05_s2,l15,10,0.0005,0.5976539736702329,0.6623130440711975,0.8144525897506166,0.7084010840108401,0.792964985131305,0.26003803336670445,0.4808192849159241,0.1545300930738449
h64_wd1e-05_s2,l15,11,0.0005,0.5830780948911395,0.6195048689842224,0.8265620718004932,0.725609756097561,0.9207852086128955,0.2795135422406576,0.5043757557868958,0.17547333240509033
h64_wd1e-05_s2,l15,12,0.0005,0.5750122141270411,0.6115847229957581,0.8423283776377088,0.7247967479674797,0.9785434055668792,0.27083487037658466,0.5285370945930481,0.19939690828323364
h64_wd1e-05_s2,l15,13,0.0005,0.5565971107709975,0.6128655672073364,0.8540696081118114,0.7252032520325203,0.9991466293203016,0.23145779474282685,0.5500088930130005,0.2315337210893631
h64_wd1e-05_s2,l15,14,0.0005,0.5425997944105239,0.6066089272499084,0.8656995067141683,0.7340108401084011,1.0113995529900877,0.22619850143567943,0.5687311887741089,0.2597644031047821
h64_wd1e-05_s2,l15,15,0.0005,0.5234814839703696,0.6046105027198792,0.883581118114552,0.7439024390243901,1.184060482822211,0.24820037925256955,0.5886531472206116,0.28994643688201904
h64_wd1e-05_s2,l15,16,0.0005,0.5406749560719445,0.5948897004127502,0.8925133598246094,0.744308943089431,1.4408038587894776,0.25417235279944767,0.6091187596321106,0.3124372363090515
h64_wd1e-05_s2,l15,17,0.0005,0.49040932882399785,0.6034718155860901,0.8924534118936696,0.7415989159891598,1.319806143824013,0.20654873734068754,0.6295095086097717,0.3389599919319153
h64_wd1e-05_s2,l15,18,0.0005,0.4871772470928374,0.6656796932220459,0.8964099753357084,0.7414634146341462,1.560034150724046,0.23462859809189454,0.6467227935791016,0.366796612739563
h64_wd1e-05_s2,l15,19,0.0005,0.5052704740138281,0.5872548818588257,0.9091360646752535,0.7532520325203251,1.8101097778624249,0.28257124034822767,0.6627649068832397,0.3840036690235138
h64_wd1e-05_s2,l15,20,0.0005,0.4502452611923218,0.6086345911026001,0.9217080021923814,0.7556910569105691,1.2575102567105385,0.18412964411496488,0.6778652667999268,0.4138561487197876
h64_wd1e-05_s2,l15,21,0.0005,0.4513879290648869,0.6047017574310303,0.9175630309673882,0.7546070460704607,1.4437889967167494,0.20549875396543724,0.6936872005462646,0.44994038343429565
h64_wd1e-05_s2,l15,22,0.0005,0.4301436302207765,0.5949787497520447,0.9279511510002739,0.7563685636856369,1.5364889010704577,0.1846919000585696,0.7081700563430786,0.487469881772995
h64_wd1e-05_s2,l15,23,0.0005,0.4311838277748653,0.5923581719398499,0.9349993148807892,0.7589430894308944,1.7133435457560873,0.19263511775553377,0.7218462824821472,0.5219032764434814
h64_wd1e-05_s2,l15,24,0.0005,0.4053068955739339,0.5960610508918762,0.9373715401479856,0.7611111111111111,1.6880531204392903,0.1584087604331035,0.7348213195800781,0.5503517389297485
h64_wd1e-05_s2,l15,25,0.0005,0.39925379270599004,0.6150182485580444,0.9390672101945738,0.7626016260162601,1.614540732924093,0.16336368286597688,0.7472522854804993,0.5847208499908447
h64_wd1e-05_s2,l15,26,0.0005,0.4112336209842137,0.6246281266212463,0.9449421074266923,0.7497289972899729,2.0014573608433546,0.17675966245127808,0.7619199156761169,0.6151003837585449
h64_wd1e-05_s2,l15,27,0.0005,0.4097489125671841,0.6085143685340881,0.9496951219512196,0.7509485094850948,2.112124189074272,0.1911066538776795,0.7770032286643982,0.6417361497879028
h64_wd1e-05_s2,l15,28,0.0005,0.40249023125285194,0.6096661686897278,0.9520587832282816,0.7377371273712737,2.411825782905242,0.21083815377490128,0.7903611063957214,0.6645289063453674
h64_wd1e-05_s2,l15,29,0.0005,0.39920731101717266,0.6086116433143616,0.9543111126335981,0.7407859078590786,1.9041834576171925,0.168873984676141,0.8031781315803528,0.6934517025947571
h64_wd1e-05_s2,l15,30,0.0005,0.44070826399893986,0.7333050966262817,0.931727870649493,0.7252032520325203,2.8165675219268773,0.23984920790530243,0.8182889223098755,0.7190800905227661
h64_wd1e-05_s2,l15,31,0.0005,0.4498444980099088,0.5955544114112854,0.9555871471636065,0.7453929539295393,2.272676466653555,0.19480971376894843,0.8329686522483826,0.7332062721252441
h64_wd1e-05_s2,l15,32,0.0005,0.39922443741843816,0.6407301425933838,0.9528466703206357,0.7449864498644987,2.0020818749468834,0.17102626024122713,0.8442746996879578,0.7648563385009766
h64_wd1e-05_s2,l15,33,0.0005,0.3566706634703137,0.6306037306785583,0.9605542614414908,0.7489159891598917,1.5343318330838154,0.14050414891373522,0.8545114994049072,0.7977237105369568
h64_wd1e-05_s2,l15,34,0.0005,0.3597630233991714,0.639317512512207,0.9658553713346122,0.7411924119241192,1.9924307235463554,0.13783125831247678,0.8645803332328796,0.8308926820755005
h64_wd1e-05_s2,l15,35,0.0005,0.3183469758147285,0.700310468673706,0.9620443957248561,0.7315718157181572,2.0591928545290124,0.13843703686644682,0.8769839406013489,0.8672058582305908
h64_wd1e-05_s2,l15,36,0.0005,0.35526664555072784,0.6602791547775269,0.9662921348314607,0.7392953929539295,2.4480588791044964,0.16174951467207963,0.8892223238945007,0.8910196423530579
h64_wd1e-05_s2,l15,37,0.0005,0.3635820590314411,0.66009920835495,0.9595522745957796,0.7432249322493225,2.5335935431092853,0.15131362153273054,0.8999524116516113,0.9145023226737976
h64_wd1e-05_s2,l15,38,0.0005,0.3326543988216491,0.6765139102935791,0.971678884625925,0.7543360433604336,2.2169495324641395,0.1361615748204247,0.9089407920837402,0.9362744688987732
h64_wd1e-05_s2,l15,39,0.0005,0.29297756864911034,0.6789018511772156,0.9700945464510825,0.7373983739837399,2.367413375779163,0.12679635834779457,0.9176343083381653,0.9599500298500061
h64_wd1e-05_s2,l15,40,0.0005,0.31610880366393496,0.7219743132591248,0.9728350232940532,0.7506097560975609,2.602144498530197,0.12473075330878353,0.9272827506065369,0.9804702997207642
h64_wd1e-05_s2,l15,41,0.0005,0.3107608925728571,0.740416944026947,0.9720471362016991,0.7407859078590786,2.6174158432841503,0.13528552374041794,0.936881959438324,1.0052131414413452
h64_wd1e-05_s2,l15,42,0.0005,0.3205879387401399,0.7246578335762024,0.9755069882159496,0.7535230352303524,2.8212337793616737,0.13532653564891678,0.9460554122924805,1.0252985954284668
h64_wd1e-05_s2,l15,43,0.0005,0.2953397688411531,0.6499418020248413,0.9843792819950672,0.7508130081300812,2.3849768223868586,0.12977668416605423,0.9572390913963318,1.0490599870681763
h64_wd1e-05_s2,l15,44,0.0005,0.3245396968864259,0.6807949542999268,0.9796862154014798,0.7436314363143631,3.275873221153996,0.1521047501985994,0.968204140663147,1.080060601234436
h64_wd1e-05_s2,l15,45,0.0005,0.3525744655302593,0.690078854560852,0.9833173472184159,0.7402439024390244,2.7509349458921943,0.14167824144148194,0.9769973754882812,1.1009453535079956
h64_wd1e-05_s2,l16,1,0.0005,0.6962691467741261,0.680537223815918,0.6867876241688179,0.6381086142322097,0.609929058608997,0.20448584289914862,0.21334195137023926,0.019891781732439995
h64_wd1e-05_s2,l16,2,0.0005,0.6881572889245074,0.6750423312187195,0.7069726847092064,0.6544943820224719,0.6080568692378816,0.24577178204223848,0.24786867201328278,0.024479275569319725
h64_wd1e-05_s2,l16,3,0.0005,0.6665905843610349,0.6616945862770081,0.7401312139882692,0.6798923220973783,0.4939778070108311,0.1800558250671813,0.2709416151046753,0.021020518615841866
h64_wd1e-05_s2,l16,4,0.0005,0.6568577704222306,0.680917501449585,0.713259713459419,0.6508661048689138,0.7227230455279036,0.2906974802354877,0.3019362986087799,0.028762897476553917
h64_wd1e-05_s2,l16,5,0.0005,0.6477573280749114,0.6457660794258118,0.7694879399995562,0.6949906367041198,0.8817678208154329,0.33525787169672605,0.33017703890800476,0.03729616478085518
h64_wd1e-05_s2,l16,6,0.0005,0.6285216212272644,0.6384090781211853,0.7828978024985391,0.702130149812734,0.7864489725428087,0.290021847493357,0.3584471046924591,0.06619588285684586
h64_wd1e-05_s2,l16,7,0.0005,0.6266643353130507,0.6342626810073853,0.792705567348871,0.7088014981273407,0.8844229919038458,0.25523464950463776,0.385721355676651,0.08447106182575226
h64_wd1e-05_s2,l16,8,0.0005,0.591921954051308,0.6232719421386719,0.8109897262553717,0.7145365168539326,0.874733145933089,0.24049944264876466,0.4119719862937927,0.11273778975009918
h64_wd1e-05_s2,l16,9,0.0005,0.5661811841570813,0.6213434338569641,0.8252797727793844,0.7285814606741572,1.0376042845381384,0.35256746263435124,0.4415556788444519,0.14637333154678345
h64_wd1e-05_s2,l16,10,0.0005,0.575887398875278,0.60923171043396,0.8433864155799968,0.7295177902621722,1.0228840941990722,0.25042001221660554,0.4744279980659485,0.17438091337680817
h64_wd1e-05_s2,l16,11,0.0005,0.55787792801857,0.6106314063072205,0.85393383087153,0.7329119850187266,1.1274900213871872,0.22671759958265875,0.5003883242607117,0.2029283493757248
h64_wd1e-05_s2,l16,12,0.0005,0.5394423409648563,0.596409797668457,0.8698067293397141,0.7439138576779027,1.1631192511588788,0.21120804124821535,0.5236141085624695,0.23182708024978638
h64_wd1e-05_s2,l16,13,0.0005,0.5322862358196921,0.5934514999389648,0.8864044852402755,0.752691947565543,1.3782290855774155,0.22536923557404268,0.5471471548080444,0.2666102647781372
h64_wd1e-05_s2,l16,14,0.0005,0.5154044083926989,0.6150354146957397,0.8884829029800517,0.7487125468164794,1.7307328960270898,0.29135236815745286,0.5706515908241272,0.30011433362960815
h64_wd1e-05_s2,l16,15,0.0005,0.48915322189745697,0.5878086090087891,0.8937344211125822,0.7579588014981273,1.1430410313067916,0.17289158373451718,0.592168927192688,0.32929670810699463
h64_wd1e-05_s2,l16,16,0.0005,0.4742688640304234,0.5820472240447998,0.9047330231732482,0.7587780898876405,1.3100418445828743,0.18208563206533157,0.6153915524482727,0.37177908420562744
h64_wd1e-05_s2,l16,17,0.0005,0.48033679309098615,0.6100123524665833,0.913002315105881,0.7590121722846441,1.3430106037183487,0.1801935014025767,0.6365828514099121,0.4078076183795929
h64_wd1e-05_s2,l16,18,0.0005,0.5079935270807018,0.6090025901794434,0.9211976419943935,0.7655664794007491,2.2178022343715558,0.3077678955883745,0.6576461791992188,0.42286205291748047
h64_wd1e-05_s2,l16,19,0.0005,0.48175646299901215,0.580182671546936,0.914984578288301,0.7641619850187267,1.5429975895906756,0.1952844382840751,0.679989218711853,0.44830673933029175
h64_wd1e-05_s2,l16,20,0.0005,0.4600010306938835,0.5973851084709167,0.9255615795974822,0.7595973782771535,1.8261544597730592,0.1860769776113,0.6982086300849915,0.4833694100379944
h64_wd1e-05_s2,l16,21,0.0005,0.42894362625868426,0.6003782749176025,0.9307021501638325,0.762874531835206,1.842773867872621,0.19782293033203788,0.7140103578567505,0.5176507830619812
h64_wd1e-05_s2,l16,22,0.0005,0.40375309534694837,0.6268171072006226,0.9351252598022175,0.7614700374531835,2.092293041631381,0.17855273308550784,0.7299728989601135,0.5567402839660645
h64_wd1e-05_s2,l16,23,0.0005,0.4039143699666728,0.773535966873169,0.939333870812654,0.7683754681647941,2.2199037981547103,0.22139079956954924,0.7445010542869568,0.5891126394271851
h64_wd1e-05_s2,l16,24,0.0005,0.41903472724168195,0.6515059471130371,0.9360276333404834,0.7612359550561797,2.2162454169050223,0.21830667366021986,0.7593336701393127,0.6035160422325134
h64_wd1e-05_s2,l16,25,0.0005,0.3909263455349466,0.6443809866905212,0.9426031257627645,0.7669709737827716,1.946879666986179,0.15648309540812352,0.7736422419548035,0.6321426033973694
h64_wd1e-05_s2,l16,26,0.0005,0.3670144003370534,0.6343491673469543,0.9459093632349351,0.7655664794007492,1.971111697395451,0.15702920019579658,0.7855927348136902,0.6667472124099731
h64_wd1e-05_s2,l16,27,0.0005,0.3868379022764123,0.6163313388824463,0.9591121236103817,0.7688436329588015,2.1524175570892385,0.14847110149681578,0.7981210947036743,0.7048994898796082
h64_wd1e-05_s2,l16,28,0.0005,0.39318545616191364,0.6181544661521912,0.9605914244927847,0.7673220973782772,2.590203879764552,0.16916570568839617,0.8116048574447632,0.7382007837295532
h64_wd1e-05_s2,l16,29,0.0005,0.3525271882181582,0.6208476424217224,0.9610500077663297,0.7469569288389514,2.5542399155937403,0.14908699006792056,0.8239638209342957,0.7683850526809692
h64_wd1e-05_s2,l16,30,0.0005,0.342670936299407,0.682024359703064,0.95925265719421,0.7619382022471911,2.3471871097456414,0.1362145361282871,0.8369001746177673,0.8019933700561523
h64_wd1e-05_s2,l16,31,0.0005,0.3559225655120352,0.6242037415504456,0.966715730145933,0.7708333333333334,2.812468371770805,0.14549140942109698,0.849041223526001,0.8319253921508789
h64_wd1e-05_s2,l16,32,0.0005,0.32950601823951886,0.7031819224357605,0.970732032041657,0.7731741573033708,2.3545802901380206,0.13429008400702652,0.8595864176750183,0.8688332438468933
h64_wd1e-05_s2,l16,33,0.0005,0.3441835777915042,0.6569586992263794,0.9680175149224477,0.7677902621722846,2.8418993702911135,0.15653905082980302,0.8697797656059265,0.8901218771934509
h64_wd1e-05_s2,l16,34,0.0005,0.3141399369291637,0.6752340793609619,0.9777069357021871,0.7704822097378279,2.709437515431134,0.1353711306170541,0.8798190951347351,0.9201245903968811
h64_wd1e-05_s2,l16,35,0.0005,0.2935564576283745,0.71884685754776,0.971678784606395,0.7704822097378278,2.9213184673132324,0.1413154312246089,0.8899441361427307,0.9561333060264587
h64_wd1e-05_s2,l16,36,0.0005,0.29113812226316205,0.7285933494567871,0.9780101923830797,0.7750468164794007,2.5300396063671515,0.1078878599922828,0.9005241394042969,0.9861165285110474
h64_wd1e-05_s2,l16,37,0.0005,0.32463075738886127,0.6277775764465332,0.9814051879081945,0.7763342696629214,2.8083378290433942,0.14005155300860217,0.9116716980934143,1.0122392177581787
h64_wd1e-05_s2,l16,38,0.0005,0.31124625970488007,0.7152819633483887,0.9763755649080245,0.7722378277153559,2.539858981090497,0.11044084470899182,0.9222531914710999,1.05112886428833
h64_wd1e-05_s2,l16,39,0.0005,0.27693591169689014,0.7875097393989563,0.9744302842476645,0.7647471910112359,3.3788040351979047,0.12502992128650356,0.9312493801116943,1.0856807231903076
h64_wd1e-05_s2,l16,40,0.0005,0.30911749860514764,0.6974878907203674,0.9778770553036634,0.7689606741573034,3.3858959600616068,0.14091258799255532,0.9419348239898682,1.1000733375549316
h64_wd1e-05_s2,l16,41,0.0005,0.30622857290765515,0.6750628352165222,0.9876848201539952,0.7617041198501873,3.1894578242575413,0.11865689815306125,0.9513923525810242,1.125110387802124
h64_wd1e-05_s2,l16,42,0.0005,0.2714640232531921,0.6852452754974365,0.9864274144039527,0.7710674157303371,2.698582129096155,0.09908982401207096,0.9602423906326294,1.1586613655090332
h64_wd1e-05_s2,l16,43,0.0005,0.32252032860465674,0.5815327763557434,0.974208389115304,0.7656835205992509,3.706014633665985,0.14025386635971057,0.9689863920211792,1.1865290403366089
h64_wd1e-05_s2,l16,44,0.0005,0.33433387266552966,0.6290596127510071,0.9790309099919379,0.7794943820224719,3.065691835503312,0.11389239236073526,0.9790624380111694,1.2156360149383545
h64_wd1e-05_s2,l16,45,0.0005,0.3233740867479988,0.6353855729103088,0.9794820967610707,0.773876404494382,3.360608555457948,0.12735580539778188,0.9883367419242859,1.2446532249450684
h64_wd1e-05_s2,l16,46,0.0005,0.3075562728487927,0.6601632833480835,0.9815087389699628,0.7707162921348314,2.9272106894057486,0.11691495592441706,0.9974683523178101,1.2842084169387817
h64_wd1e-05_s2,l16,47,0.0005,0.2469443387311438,0.7111613750457764,0.9858578835642275,0.7659176029962547,3.459165990987291,0.11775827656750495,1.0064473152160645,1.3219443559646606
h64_wd1e-05_s2,l16,48,0.0005,0.2918908537729927,0.6852778196334839,0.9866493095363131,0.7689606741573033,3.355580483997189,0.1022140903848922,1.0141150951385498,1.3533635139465332
h64_wd1e-05_s2,l16,49,0.0005,0.2586009871700536,0.7276757955551147,0.9894525847084668,0.7722378277153558,3.7718496673513644,0.1138416114699783,1.022154450416565,1.3784806728363037
h64_wd1e-05_s2,l16,50,0.0005,0.2344896087180013,0.822455644607544,0.99005170156584,0.775749063670412,3.0821423273766615,0.09768231867197272,1.0284558534622192,1.4096143245697021
h64_wd1e-05_s2,l16,51,0.0005,0.27716150361558667,0.740864098072052,0.9858209010421675,0.7680243445692884,3.870928342372125,0.12204824031020127,1.0353138446807861,1.4398406744003296
h64_wd1e-05_s2,l16,52,0.0005,0.35625735702721967,0.7668392658233643,0.977695840945569,0.7575491573033708,4.619271583342067,0.1378204212148545,1.0420361757278442,1.4389948844909668
h64_wd1e-05_s2,l16,53,0.0005,0.28457449765309045,0.7269851565361023,0.9887979940680034,0.7633426966292135,3.399766934911671,0.10390489279245871,1.0490094423294067,1.4602657556533813
h64_wd1e-05_s2,l16,54,0.0005,0.25998548709827923,0.7254738211631775,0.9895857217878832,0.7675561797752809,3.05071477068322,0.09435220293903043,1.0549125671386719,1.4924083948135376
h64_wd1e-05_s2,l16,55,0.0005,0.24859084869208542,0.6993449330329895,0.9922410668717965,0.7591292134831461,2.9681754613320406,0.09360077085961141,1.06134033203125,1.5313894748687744
h64_wd1e-05_s2,l16,56,0.0005,0.26511863068394037,0.7637621760368347,0.9869007906863216,0.7608848314606742,3.8968579453604977,0.0976912499776151,1.0678174495697021,1.5627135038375854
h64_wd1e-05_s2,l16,57,0.0005,0.26372860955155414,0.842470645904541,0.9843046176377044,0.7687265917602996,3.7652497006377716,0.08794664104220655,1.0739967823028564,1.5874497890472412
h64_wd1e-05_s2,l16,58,0.0005,0.3457146196261696,0.6005091071128845,0.9842824281244683,0.7705992509363295,4.5669914586501426,0.11763299683007036,1.0810266733169556,1.6045290231704712
h64_wd1e-05_s2,l16,59,0.0005,0.30112141370773315,0.6878467798233032,0.9911833667408783,0.7669709737827716,3.2988835420509734,0.10157440616351934,1.0887131690979004,1.6386497020721436
h64_wd1e-05_s2,l16,60,0.0005,0.2540652829667796,0.76780104637146,0.9913349950813246,0.7618211610486891,3.6233639003666176,0.09730279292172704,1.0947567224502563,1.6727044582366943
h64_wd1e-05_s2,l16,61,0.0005,0.2826243042945862,0.7588282227516174,0.9830139276178078,0.7597144194756554,3.5697663440771428,0.09234544440947974,1.1007347106933594,1.7010294198989868
h64_wd1e-05_s2,l16,62,0.0005,0.28109803536663885,0.7954176664352417,0.9944674146998128,0.7594803370786517,4.573333328422761,0.09926718194536444,1.106215238571167,1.723242998123169
h64_wd1e-05_s2,l16,63,0.0005,0.24029972177484762,0.7851782441139221,0.9936833852321392,0.7519897003745319,4.088953649924826,0.09859193694688331,1.1121609210968018,1.7460700273513794
h64_wd1e-05_s2,l16,64,0.0005,0.22178621784500455,0.7616007328033447,0.9913312968291186,0.7713014981273407,4.1256496551799975,0.08012784955785751,1.1174323558807373,1.76642644405365
h64_wd1e-05_s2,l17,1,0.0005,0.6950440975752744,0.6842502951622009,0.7109574869076357,0.6232349165596919,0.643478442613337,0.28386061982687827,0.2162681221961975,0.015504319220781326
h64_wd1e-05_s2,l17,2,0.0005,0.6790324747562408,0.6845946907997131,0.7482737326671532,0.6297817715019255,0.6015783124848786,0.3048070119701569,0.26161184906959534,0.018492285162210464
h64_wd1e-05_s2,l17,3,0.0005,0.6718580180948431,0.6777967214584351,0.7087440152055883,0.6020539152759949,0.48785364622949867,0.2141594863676663,0.29253992438316345,0.025808794423937798
h64_wd1e-05_s2,l17,4,0.0005,0.6496168293736198,0.6637908220291138,0.7624287238052465,0.6414634146341464,0.692519226170845,0.3551204802503578,0.33150342106819153,0.04241727292537689
h64_wd1e-05_s2,l17,5,0.0005,0.6425156132741408,0.6582790017127991,0.7865764169025832,0.660847240051348,0.745841053956898,0.3736945182362204,0.3707375228404999,0.06346867233514786
h64_wd1e-05_s2,l17,6,0.0005,0.631069998849522,0.6563431620597839,0.7800322396965299,0.6537869062901154,0.8737378372421493,0.3964235848360248,0.40598854422569275,0.08380945026874542
h64_wd1e-05_s2,l17,7,0.0005,0.6270320632240989,0.6865204572677612,0.8001539806401424,0.6558408215661105,1.0465167878308987,0.4393101367385988,0.43953073024749756,0.09530909359455109
h64_wd1e-05_s2,l17,8,0.0005,0.6055258783427152,0.6389575600624084,0.8194496796079911,0.6815147625160461,0.9442852475746364,0.3557753267840495,0.4699897766113281,0.10660654306411743
h64_wd1e-05_s2,l17,9,0.0005,0.5704007677056573,0.6727614998817444,0.8283677250162401,0.6784338896020539,0.8691461641223639,0.29051039605464496,0.5012240409851074,0.1331549733877182
h64_wd1e-05_s2,l17,10,0.0005,0.5725125941363248,0.6415991187095642,0.8344387325468559,0.6926829268292684,0.9867685805151976,0.3021442578815106,0.5308420062065125,0.151987686753273
h64_wd1e-05_s2,l17,11,0.0005,0.569641804153269,0.646568238735199,0.8470218379834952,0.6883183568677792,1.0853489037011006,0.3582854141370915,0.5642003417015076,0.17116054892539978
h64_wd1e-05_s2,l17,12,0.0005,0.5415668365630236,0.628889799118042,0.8612089084216182,0.7008985879332478,0.9214601541354746,0.2698934416369113,0.5890622138977051,0.1898934543132782
h64_wd1e-05_s2,l17,13,0.0005,0.5304936902089552,0.6260727047920227,0.8736877561331612,0.7,1.0936245985156765,0.27824365411657465,0.6143655776977539,0.21417413651943207
h64_wd1e-05_s2,l17,14,0.0005,0.5286373658613726,0.6481375098228455,0.8779382633870928,0.7105263157894738,1.2116499140062602,0.28985567545243374,0.6378840208053589,0.23849572241306305
h64_wd1e-05_s2,l17,15,0.0005,0.5363055779175325,0.6428478360176086,0.8852603636188658,0.7028241335044929,1.5194258973254113,0.34443188573920414,0.6626650094985962,0.24347735941410065
h64_wd1e-05_s2,l17,16,0.0005,0.5168247737667777,0.622755765914917,0.8922536510253346,0.7118100128369705,1.273534680169905,0.2811327840242868,0.6844969391822815,0.26466742157936096
h64_wd1e-05_s2,l17,17,0.0005,0.47232997146519745,0.637079119682312,0.8975226760552085,0.7055198973042361,1.3440452634711033,0.2848360215792815,0.7046334147453308,0.2909964323043823
h64_wd1e-05_s2,l17,18,0.0005,0.4720552184365012,0.6290991902351379,0.9035856637608167,0.7174582798459563,1.2242347314196833,0.24362235899186305,0.72383052110672,0.3181054890155792
h64_wd1e-05_s2,l17,19,0.0005,0.46364016830921173,0.6219550371170044,0.9143081697957349,0.7125802310654685,1.2363624549281234,0.20044732749913396,0.7432488799095154,0.3462904393672943
h64_wd1e-05_s2,l17,20,0.0005,0.4724819199605422,0.6370658874511719,0.9154309452967737,0.7156611039794608,1.5915899814645327,0.23939733502834837,0.7605316638946533,0.36598989367485046
h64_wd1e-05_s2,l17,21,0.0005,0.4503730576146733,0.7336173057556152,0.9095443937413286,0.7066752246469833,1.4019725964421623,0.19981888101604228,0.777752697467804,0.38726332783699036
h64_wd1e-05_s2,l17,22,0.0005,0.43084540692242707,0.640454888343811,0.9264662245069812,0.7189987163029525,1.4590687739418977,0.20783969340250621,0.7950993776321411,0.4103316068649292
h64_wd1e-05_s2,l17,23,0.0005,0.40897751938213,0.6529850959777832,0.9343577323142809,0.7224646983311939,1.6479683137105448,0.22483590012032437,0.8118313550949097,0.44045954942703247
h64_wd1e-05_s2,l17,24,0.0005,0.4044491648674011,0.6657702922821045,0.9368278384165657,0.7173299101412066,1.8455275265770288,0.20754184560282313,0.8280197978019714,0.46688365936279297
h64_wd1e-05_s2,l17,25,0.0005,0.3823757679624991,0.6652437448501587,0.9423214185466473,0.7223363286264441,1.6354137135809694,0.22424068652841633,0.843609631061554,0.4955243468284607
h64_wd1e-05_s2,l17,26,0.0005,0.38191843100569467,0.6873453855514526,0.9392578453938135,0.7238767650834402,1.5439851995145972,0.18243449050569985,0.8583727478981018,0.5273422002792358
h64_wd1e-05_s2,l17,27,0.0005,0.38755871626463806,0.6682490706443787,0.9455854873246665,0.72400513478819,1.7520001834091268,0.17493235726265424,0.8730289936065674,0.5533081293106079
h64_wd1e-05_s2,l17,28,0.0005,0.35709180615165015,0.7151094675064087,0.9503171840790434,0.7327342747111681,1.8133673920272215,0.1788332525224214,0.8879961371421814,0.5817156434059143
h64_wd1e-05_s2,l17,29,0.0005,0.37754712863401935,0.6877422332763672,0.9558348236841472,0.7338896020539153,2.4457662817360872,0.24299393993846305,0.9019976258277893,0.6004014611244202
h64_wd1e-05_s2,l17,30,0.0005,0.3359435966069048,0.7395090460777283,0.9597404784627599,0.7369704749679076,1.7599537903806584,0.16602827001977494,0.9165608286857605,0.6219689846038818
h64_wd1e-05_s2,l17,31,0.0005,0.35376969318498264,0.7119945883750916,0.9610557297639766,0.7308087291399229,2.267054200055062,0.20138206158270544,0.9304329752922058,0.6457643508911133
h64_wd1e-05_s2,l17,32,0.0005,0.33501477200876584,0.6885331273078918,0.9691477331964616,0.7301668806161746,2.0188108598560466,0.15073247030024933,0.9439027309417725,0.6632201075553894
h64_wd1e-05_s2,l17,33,0.0005,0.3281857709993016,0.72685706615448,0.9640952434417882,0.7365853658536584,1.9984362199939723,0.15274218122848401,0.9559937119483948,0.6882632970809937
h64_wd1e-05_s2,l17,34,0.0005,0.32620265808972443,0.7162461876869202,0.9721391279242287,0.7341463414634146,2.457030962397122,0.18817290880489201,0.9690181016921997,0.7108222246170044
h64_wd1e-05_s2,l17,35,0.0005,0.3250906372612173,0.705350399017334,0.973927548900883,0.7369704749679075,2.1518315465790154,0.1781322675949379,0.9824156761169434,0.7373507022857666
h64_wd1e-05_s2,l17,36,0.0005,0.31105521389029245,0.680332601070404,0.9741280445260685,0.7340179717586649,2.1719416891039827,0.16498640557617025,0.9933649897575378,0.7593623399734497
h64_wd1e-05_s2,l17,37,0.0005,0.31795122542164544,0.6808525323867798,0.979982516781484,0.7385109114249038,2.110911601539605,0.15995660195158645,1.0058101415634155,0.7800512313842773
h64_wd1e-05_s2,l17,38,0.0005,0.30650353905829514,0.7319902181625366,0.9792126135807717,0.7341463414634146,2.5074680532997493,0.1622979197993437,1.0171788930892944,0.8055680990219116
h64_wd1e-05_s2,l17,39,0.0005,0.29270846193486993,0.7208954691886902,0.9819634135583162,0.7329910141206676,2.458576835322073,0.15240838302709261,1.0289133787155151,0.8278655409812927
h64_wd1e-05_s2,l17,40,0.0005,0.2715015299618244,0.7256323099136353,0.9803754882068474,0.7427471116816431,2.162631713663409,0.16130635868544127,1.0397230386734009,0.8531757593154907
h64_wd1e-05_s2,l17,41,0.0005,0.2595482908866622,0.7616726160049438,0.9827493564090433,0.7390243902439024,1.964364070974225,0.12171655514482088,1.0500450134277344,0.8790835738182068
h64_wd1e-05_s2,l17,42,0.0005,0.26983541453426535,0.7182068228721619,0.9853237202364244,0.735173299101412,2.736740600938289,0.1669072511552403,1.0609554052352905,0.9057703018188477
h64_wd1e-05_s2,l17,43,0.0005,0.31706745583902707,0.7133941054344177,0.9776086485792881,0.742362002567394,2.5636566428444096,0.14582689681637112,1.072555661201477,0.9223030805587769
h64_wd1e-05_s2,l17,44,0.0005,0.30744317919015884,0.8791789412498474,0.9820756911084201,0.7517329910141206,2.9841668449559595,0.15579380573798726,1.0851216316223145,0.9448772072792053
h64_wd1e-05_s2,l17,45,0.0005,0.2855303111401471,0.743503749370575,0.9831182683593844,0.745571245186136,2.968075781046284,0.14819363516706133,1.096160650253296,0.9669778347015381
h64_wd1e-05_s2,l17,46,0.0005,0.26508817076683044,0.8036677241325378,0.9872083791131677,0.7477535301668807,2.298681164057149,0.12478782805476017,1.105332374572754,0.9975492358207703
h64_wd1e-05_s2,l17,47,0.0005,0.2616845125501806,0.7772690653800964,0.9833267838095774,0.7309370988446726,2.651270506943385,0.13366225632538165,1.1155776977539062,1.0264252424240112
h64_wd1e-05_s2,l17,48,0.0005,0.2710218849507245,0.7626674771308899,0.9857648106118324,0.7396662387676507,2.111717279497782,0.12268358070238353,1.1264015436172485,1.0545258522033691
h64_wd1e-05_s2,l17,49,0.0005,0.2675939879634164,0.7577308416366577,0.9856445132367211,0.7326059050064184,2.3360581448590514,0.1182357944398939,1.1375669240951538,1.0837196111679077
h64_wd1e-05_s2,l17,50,0.0005,0.25230537490411237,0.8280016183853149,0.9875612514134942,0.737612323491656,2.4481775426910914,0.11717669012504085,1.1470661163330078,1.113239049911499
h64_wd1e-05_s2,l17,51,0.0005,0.23309456353837793,0.7702138423919678,0.9903601703410833,0.7422336328626444,2.5468128100419225,0.10936075199305352,1.15554940700531,1.1412683725357056
h64_wd1e-05_s2,l17,52,0.0005,0.24980455128984017,0.811126708984375,0.9896784852154525,0.7252888318356868,3.409087483594249,0.12810747615713164,1.1650938987731934,1.1691328287124634
h64_wd1e-05_s2,l17,53,0.0005,0.2477066879245368,0.7528420090675354,0.993175128918687,0.7223363286264441,2.3936813190209074,0.11127855527737292,1.1750351190567017,1.1968231201171875
h64_wd1e-05_s2,l17,54,0.0005,0.281616057861935,0.7273012399673462,0.9916994811173221,0.7127086007702181,3.4280238779568775,0.1346242974813073,1.184448003768921,1.2193365097045898
h64_wd1e-05_s2,l17,55,0.0005,0.2548383792692965,0.9092190861701965,0.9901436350658829,0.7368421052631579,2.9365602192367617,0.11860004266803714,1.1936930418014526,1.2403686046600342
h64_wd1e-05_s2,l17,56,0.0005,0.22167748111215504,0.854057252407074,0.9936242391191024,0.7250320924261873,2.728975019760763,0.10893114590521842,1.2017130851745605,1.2658225297927856
h64_wd1e-05_s2,l17,57,0.0005,0.1960624222728339,0.9038704037666321,0.994113448444555,0.7333761232349165,2.4976759585727817,0.1041017990826865,1.2089459896087646,1.291498064994812
h64_wd1e-05_s2,l17,58,0.0005,0.18724731999364766,0.8097599744796753,0.993768595969236,0.7377406931964057,2.5780973132371496,0.09035295783369238,1.2167314291000366,1.319964051246643
h64_wd1e-05_s2,l17,59,0.0005,0.22299198975617235,0.8543815016746521,0.9907932408914838,0.7356867779204108,3.6356503138792053,0.11559800185014532,1.2237011194229126,1.3399524688720703
h64_wd1e-05_s2,l17,60,0.0005,0.19422346658327364,0.9212994575500488,0.9952121644705713,0.7364569961489088,2.560438638969711,0.08861827419401506,1.2314845323562622,1.3624242544174194
h64_wd1e-05_s2,l17,61,0.0005,0.2108848010274497,0.9337754845619202,0.9930628513685832,0.7427471116816431,3.1875186335129992,0.10225671629720422,1.2387173175811768,1.385279655456543
h64_wd1e-05_s2,l17,62,0.0005,0.23668558556925168,0.8124646544456482,0.9921766607052634,0.7490372272143773,3.779828053220423,0.13045354754487123,1.2462036609649658,1.403157114982605
h64_wd1e-05_s2,l17,63,0.0005,0.21398610892620953,0.8860460519790649,0.9937926554442582,0.740821566110398,2.7979045128348656,0.11675900112404988,1.2555617094039917,1.4303243160247803
h64_wd1e-05_s2,l17,64,0.0005,0.18580071424896066,1.054865837097168,0.9950437481454155,0.7428754813863929,3.1904325928989876,0.09977651979233312,1.262500524520874,1.4570581912994385
h64_wd1e-05_s2,l18,1,0.0005,0.7070866958661512,0.6850531101226807,0.7199032062915911,0.6171449777337952,0.998281108404782,0.5066462527370775,0.21024437248706818,0.017729947343468666
h64_wd1e-05_s2,l18,2,0.0005,0.7016592974012549,0.6924552321434021,0.7107202134425367,0.6123206333498268,0.7993442605403217,0.43333895823501406,0.2481689453125,0.031054843217134476
h64_wd1e-05_s2,l18,3,0.0005,0.6773511496457186,0.6795979142189026,0.7376564754060217,0.6333498268184068,0.44123605904325397,0.22108218503687063,0.2658047378063202,0.0315340980887413
h64_wd1e-05_s2,l18,4,0.0005,0.668078747662631,0.6958438158035278,0.7487823227387654,0.6401533894111826,0.5205362213937874,0.22110581082808298,0.28756242990493774,0.026180146262049675
h64_wd1e-05_s2,l18,5,0.0005,0.6743088527159258,0.6711817979812622,0.758992973149053,0.6432459178624443,0.6572906605749067,0.31923571047924243,0.31116458773612976,0.02929699420928955
h64_wd1e-05_s2,l18,6,0.0005,0.6652654030106284,0.6717447638511658,0.7675244698838164,0.6515338941118258,0.6987929592816398,0.32547028202761474,0.33868664503097534,0.032345619052648544
h64_wd1e-05_s2,l18,7,0.0005,0.6385182521559976,0.6716070175170898,0.7778630927451254,0.6552449282533399,0.5452814074970473,0.2281234759199298,0.3673834204673767,0.0405845046043396
h64_wd1e-05_s2,l18,8,0.0005,0.6338503631678495,0.6689497828483582,0.7849132114104891,0.6574715487382484,0.7931226490794007,0.32242911390368073,0.3987908959388733,0.054961055517196655
h64_wd1e-05_s2,l18,9,0.0005,0.6208202540874481,0.684321939945221,0.7953138815207781,0.6590796635329046,0.7834129332204639,0.3010442463038831,0.43197867274284363,0.07287239283323288
h64_wd1e-05_s2,l18,10,0.0005,0.6039955074136908,0.643429160118103,0.8093753393208929,0.6705838693715982,0.787509584216849,0.2571922823420725,0.4618673622608185,0.09168367832899094
h64_wd1e-05_s2,l18,11,0.0005,0.5822580646384846,0.6495651006698608,0.8243287263250965,0.6768926274121722,0.8388364436306234,0.25135208919860685,0.49501466751098633,0.11832968890666962
h64_wd1e-05_s2,l18,12,0.0005,0.5823538465933367,0.6695181727409363,0.8360479004762126,0.6788718456209798,0.9215340662459236,0.23591665229355233,0.5280246138572693,0.14292235672473907
h64_wd1e-05_s2,l18,13,0.0005,0.5613894950259816,0.6457435488700867,0.8388477825864397,0.6833250865907965,0.9199894747985151,0.2808968126727695,0.5584221482276917,0.16611772775650024
h64_wd1e-05_s2,l18,14,0.0005,0.5829726498235356,0.6577619314193726,0.8384754990925589,0.6813458683819891,1.3773396939385671,0.3805580478119818,0.5855485796928406,0.1732785701751709
h64_wd1e-05_s2,l18,15,0.0005,0.5488780764016238,0.6693828105926514,0.8616191229621357,0.6898812469074715,1.0645478905104975,0.25119113055720427,0.6104512214660645,0.18810921907424927
h64_wd1e-05_s2,l18,16,0.0005,0.5591995499350808,0.6446025371551514,0.8560193587416818,0.6855517070757051,1.2712311300709649,0.30526482822788414,0.6360245943069458,0.20627011358737946
h64_wd1e-05_s2,l18,17,0.0005,0.5733323449438269,0.6433092355728149,0.8785269983092125,0.698169223156853,1.14597860112411,0.299733411393552,0.65702885389328,0.21120613813400269
h64_wd1e-05_s2,l18,18,0.0005,0.5392171726985411,0.6548269391059875,0.873144399460189,0.6893864423552696,1.1117012184693695,0.3101173866394607,0.678912878036499,0.22777482867240906
h64_wd1e-05_s2,l18,19,0.0005,0.541405429894274,0.6372689008712769,0.8864147548358076,0.6953240969816922,1.2448028834249285,0.2794227364431194,0.7012404799461365,0.2387981116771698
h64_wd1e-05_s2,l18,20,0.0005,0.48956465992060577,0.6531552076339722,0.8881443219011277,0.6958189015338941,1.0925623959337099,0.23562782592243084,0.7219228744506836,0.27313297986984253
h64_wd1e-05_s2,l18,21,0.0005,0.4747717556628314,0.6324172019958496,0.9008019606930676,0.7055912914398813,1.204526345452956,0.2262949833426003,0.7385994791984558,0.3048083186149597
h64_wd1e-05_s2,l18,22,0.0005,0.46040342206304724,0.6455971002578735,0.9105666465013108,0.7062097971301337,1.2021427137048535,0.20253176813184667,0.7568439245223999,0.33988484740257263
h64_wd1e-05_s2,l18,23,0.0005,0.44229672849178314,0.6542495489120483,0.9165076705911552,0.7080653142008907,1.1510085695133032,0.16862288191546276,0.7736087441444397,0.372489333152771
h64_wd1e-05_s2,l18,24,0.0005,0.43551069362597034,0.6927863955497742,0.9167248359625855,0.7054675903018308,1.490543183010501,0.2143369685092703,0.7880350947380066,0.3975788354873657
h64_wd1e-05_s2,l18,25,0.0005,0.4474413340741938,0.6750345826148987,0.9240464113422372,0.7105393369619001,1.5731110277536628,0.20359586447840175,0.8069373369216919,0.4239724278450012
h64_wd1e-05_s2,l18,26,0.0005,0.4534771320494739,0.6604369878768921,0.923650860129989,0.7131370608609601,1.9301153471666888,0.2479962372535886,0.8248491883277893,0.44661059975624084
h64_wd1e-05_s2,l18,27,0.0005,0.4725994142619046,0.676587700843811,0.9320660182729148,0.7090549233052943,1.959123944071643,0.26337503086968006,0.8417733907699585,0.4547754228115082
h64_wd1e-05_s2,l18,28,0.0005,0.4219054349444129,0.6496206521987915,0.9419858222036082,0.7193221177634833,1.3849113920546754,0.1748603101794762,0.856453001499176,0.4769318103790283
h64_wd1e-05_s2,l18,29,0.0005,0.3888022019104524,0.6914951801300049,0.9439558223587261,0.7196932211776348,1.3825066844650156,0.1589240428845031,0.8698875904083252,0.505765438079834
h64_wd1e-05_s2,l18,30,0.0005,0.39451930401000107,0.6614841818809509,0.9457241689546589,0.7193221177634835,1.5314679822171593,0.17556767438873408,0.8843256235122681,0.5350924730300903
h64_wd1e-05_s2,l18,31,0.0005,0.394267510284077,0.6764070987701416,0.9488032636852963,0.7140029688273132,1.6732595270280834,0.18334216511798648,0.8992743492126465,0.5688485503196716
h64_wd1e-05_s2,l18,32,0.0005,0.36464845863255585,0.7166039943695068,0.9485783424077435,0.7141266699653637,1.7805144150701702,0.16326494956490556,0.9133245944976807,0.6032544374465942
h64_wd1e-05_s2,l18,33,0.0005,0.3743628344752572,0.6963456273078918,0.9569624769261793,0.7216724393864422,2.0916530557267885,0.21329497781217951,0.9272792935371399,0.6330469250679016
h64_wd1e-05_s2,l18,34,0.0005,0.39253550361503253,0.6809688806533813,0.960243225216002,0.7099208312716476,2.1105187126175435,0.1815205231189772,0.9412894248962402,0.65397047996521
h64_wd1e-05_s2,l18,35,0.0005,0.36367512426593085,0.7850390076637268,0.9627173592690834,0.7157347847600197,1.8098813275765386,0.1539229326684375,0.9527914524078369,0.6751897931098938
h64_wd1e-05_s2,l18,36,0.0005,0.33928775787353516,0.7438766360282898,0.9609955481098855,0.7209302325581395,2.1133595539422787,0.15250849999916302,0.9645823836326599,0.6976557374000549
h64_wd1e-05_s2,l18,37,0.0005,0.3128651251847094,0.7626359462738037,0.9560783036282129,0.7205591291439881,1.6282644700323197,0.13256708151945823,0.9756048917770386,0.7264803051948547
h64_wd1e-05_s2,l18,38,0.0005,0.340133591809056,0.8054896593093872,0.9636558239099074,0.718951014349332,2.0805718018488264,0.17303016038518795,0.9868850111961365,0.7470234036445618
h64_wd1e-05_s2,l18,39,0.0005,0.3271667638962919,0.7562039494514465,0.9741961003304016,0.7154873824839189,2.325381330127431,0.1662194154536994,0.9983482956886292,0.76546311378479
h64_wd1e-05_s2,l18,40,0.0005,0.2958178107034076,0.7745263576507568,0.9746071633548947,0.7185799109351806,1.775998272278818,0.12410816029855401,1.0083813667297363,0.7937185764312744
h64_wd1e-05_s2,l18,41,0.0005,0.2966317182237452,0.808684766292572,0.9738470845548886,0.7211776348342405,2.0263391880856827,0.13106667298705962,1.0185184478759766,0.8229052424430847
h64_wd1e-05_s2,l18,42,0.0005,0.2676323415203528,0.8473511338233948,0.9745994074487723,0.7198169223156853,2.0721571403982106,0.13033129728276951,1.0289440155029297,0.8503749966621399
h64_wd1e-05_s2,l18,43,0.0005,0.2609726292165843,0.8477821350097656,0.971675430840585,0.7206828302820387,2.1002224719380966,0.11630762999987532,1.038973331451416,0.8750684261322021
h64_wd1e-05_s2,l18,44,0.0005,0.29373176057230344,0.8399738073348999,0.9831851955263935,0.7220435428005938,2.7351587204682013,0.14954523812246703,1.0492299795150757,0.8918861746788025
h64_wd1e-05_s2,l18,45,0.0005,0.2865671203895049,0.7632056474685669,0.9829680301549629,0.7273626917367639,2.180765099754915,0.1302586949692022,1.060989260673523,0.9150305986404419
h64_wd1e-05_s2,l18,46,0.0005,0.3019367822191932,0.7637196779251099,0.9785704313834984,0.7225383473527957,2.636517339191256,0.14356270616396508,1.0722241401672363,0.9411238431930542
h64_wd1e-05_s2,l18,47,0.0005,0.3037125915288925,0.8619551658630371,0.9799509826733057,0.7191984166254332,2.5397152667836354,0.13740474342440276,1.0834591388702393,0.9701449871063232
h64_wd1e-05_s2,l18,48,0.0005,0.26646394011649216,0.8551254868507385,0.984891494873346,0.723156853043048,2.322054819577508,0.11085609695503106,1.0931740999221802,0.9964136481285095
h64_wd1e-05_s2,l18,49,0.0005,0.24721268564462662,0.8400734663009644,0.9837048412366016,0.7209302325581395,2.3493366933536883,0.11310789915692897,1.1021595001220703,1.0263392925262451
h64_wd1e-05_s2,l18,50,0.0005,0.23923020403493533,0.8637681007385254,0.9904447236570649,0.7245175655616032,2.3805182026279157,0.1115066304792979,1.1107348203659058,1.0567728281021118
h64_wd1e-05_s2,l18,51,0.0005,0.22316257384690372,0.9256736636161804,0.9891494873346053,0.7205591291439881,2.5614817432082346,0.1238568112759964,1.1190903186798096,1.0868452787399292
h64_wd1e-05_s2,l18,52,0.0005,0.27287404239177704,0.9563000202178955,0.9859307862937626,0.7154873824839189,3.674555037426302,0.14574107584416177,1.128943920135498,1.098864197731018
h64_wd1e-05_s2,l18,53,0.0005,0.24270615049383856,0.9168424606323242,0.9918950781019746,0.7236516575952499,3.1648716307856817,0.13203829792119584,1.1380082368850708,1.117124080657959
h64_wd1e-05_s2,l18,54,0.0005,0.22877991131760858,0.9344748854637146,0.9942179719856672,0.7240227610094013,2.6151580802789933,0.09870675975355753,1.1466352939605713,1.1378450393676758
h64_wd1e-05_s2,l18,55,0.0005,0.21106432056562466,0.9280014038085938,0.9926241332774908,0.7329292429490352,2.269530581070249,0.08951135986977374,1.1542694568634033,1.1599305868148804
h64_wd1e-05_s2,l18,56,0.0005,0.22389096902175384,0.9156019687652588,0.992701692338716,0.7262493814943097,2.7546549740276807,0.10289782064957947,1.1624549627304077,1.1862099170684814
h64_wd1e-05_s2,l18,57,0.0005,0.1975097886540673,0.906864583492279,0.994609645244854,0.7205591291439881,2.3305177533530266,0.09803246598929816,1.1706290245056152,1.2140779495239258
h64_wd1e-05_s2,l18,58,0.0005,0.23940788141705774,0.8333226442337036,0.9943537003428111,0.722909450766947,2.9096684707480933,0.12340454057493186,1.1786367893218994,1.2345746755599976
h64_wd1e-05_s2,l18,59,0.0005,0.23174166747114874,0.8665413856506348,0.994322676718321,0.7130133597229095,2.724169442672071,0.10820459296271881,1.1875437498092651,1.255933165550232
h64_wd1e-05_s2,l18,60,0.0005,0.19250859557227654,0.9244918823242188,0.9951990941101649,0.722909450766947,2.3041045502917568,0.09376679047418367,1.1951721906661987,1.2859338521957397
h64_wd1e-05_s2,l18,61,0.0005,0.20835259455171498,0.8602925539016724,0.9954162594815953,0.7215487382483918,2.668924921979886,0.09549634917695088,1.2026368379592896,1.309720754623413
h64_wd1e-05_s2,l18,62,0.0005,0.22905432297424835,1.0039013624191284,0.9910186607101308,0.7224146462147452,2.844017202000272,0.09704029156930898,1.2107805013656616,1.3322274684906006
h64_wd1e-05_s2,l18,63,0.0005,0.2036525703627955,0.9054657816886902,0.9962694091550716,0.7159821870361207,2.726283012174328,0.08575440275166031,1.217203140258789,1.35191011428833
h64_wd1e-05_s2,l18,64,0.0005,0.20597969097169963,0.9865565896034241,0.9957575193509858,0.7203117268678871,2.933484956586642,0.09930149890647581,1.223946452140808,1.3806977272033691
h64_wd1e-05_s2,l18,65,0.0005,0.22758044437928635,0.9807590246200562,0.9940744877224006,0.7257545769421078,3.0582303712125873,0.10021530457282474,1.2315477132797241,1.3949410915374756
h64_wd1e-05_s2,l18,66,0.0005,0.209635506299409,0.8555940985679626,0.9972505312795694,0.7243938644235528,2.775532583624471,0.09818498247483708,1.2389780282974243,1.413644552230835
h64_wd1e-05_s2,l18,67,0.0005,0.16685073416341434,1.0042155981063843,0.9955248421673104,0.7180851063829787,2.2523893829255552,0.08088046279687626,1.245112657546997,1.4445825815200806
h64_wd1e-05_s2,l18,68,0.0005,0.2023146931420673,0.9618266820907593,0.9953852358571051,0.7115289460663038,3.2500212746933927,0.09098203048270553,1.252763032913208,1.472315788269043
h64_wd1e-05_s2,l18,69,0.0005,0.215129728005691,0.9574456214904785,0.9877922037631657,0.7287234042553191,3.146998279747891,0.10485138360161367,1.2599414587020874,1.496017575263977
h64_wd1e-05_s2,l18,70,0.0005,0.19464077190919357,0.935978889465332,0.9976771061163076,0.7178377041068779,2.9940435761497537,0.09458588652386721,1.269662857055664,1.519705891609192
h64_wd1e-05_s2,l18,71,0.0005,0.17086722803386775,1.0901151895523071,0.9951680704856748,0.7167243938644235,2.891408061222675,0.08369159368236666,1.2761703729629517,1.5448416471481323
h64_wd1e-05_s2,l18,72,0.0005,0.1598876423456452,1.0760571956634521,0.9966184249305846,0.7205591291439881,2.5889816811764232,0.07915062272262223,1.2817646265029907,1.571312665939331
h64_wd1e-05_s2,l18,73,0.0005,0.19293860854073006,0.8583215475082397,0.99607938945507,0.7242701632855022,3.1016063295252185,0.09724576496251718,1.2880085706710815,1.593187928199768
h64_wd1e-05_s2,l18,74,0.0005,0.18380181220444766,1.034245491027832,0.9920114166938123,0.712642256308758,2.624831655096749,0.07931559275846817,1.2937288284301758,1.6207363605499268
h64_wd1e-05_s2,l18,75,0.0005,0.18555911698124625,1.0192960500717163,0.9960832674081312,0.7238990598713508,3.0047138868156593,0.09290694878426561,1.30035400390625,1.6517013311386108
