unit,fold,epoch,lr,train_loss,val_loss,train_auc,val_auc,grad_net,grad_head,move_net,move_head
h64_wd0.01_s1,o0,1,0.0005,0.7014690606217635,0.6826073527336121,0.7366771159874608,0.6726027397260272,0.7468945508402743,0.3281967696762611,0.2015943080186844,0.016419878229498863
h64_wd0.01_s1,o0,2,0.0005,0.6791415528247231,0.6774803996086121,0.7379590429714851,0.6797945205479451,0.5249896685381432,0.26604508865899085,0.24481269717216492,0.02258112095296383
h64_wd0.01_s1,o0,3,0.0005,0.669472546953904,0.6716501116752625,0.7469002143726636,0.6815068493150686,0.607923794196209,0.2856184031312479,0.2808128595352173,0.02905602566897869
h64_wd0.01_s1,o0,4,0.0005,0.6605941590509916,0.6657937169075012,0.7745855282293249,0.6636986301369863,0.7654684930041774,0.35449704463594234,0.3146229684352875,0.04333879426121712
h64_wd0.01_s1,o0,5,0.0005,0.6292021964725695,0.6555647253990173,0.7887082700449213,0.672945205479452,0.6172581747961132,0.2702610776184957,0.35074058175086975,0.06123790889978409
h64_wd0.01_s1,o0,6,0.0005,0.6033749988204554,0.6592416167259216,0.7916491613612124,0.7044520547945204,0.7228963361501004,0.3039230981142395,0.38676485419273376,0.0884966254234314
h64_wd0.01_s1,o0,7,0.0005,0.6208645199474535,0.659730076789856,0.808217259692553,0.6852739726027397,1.173879866055321,0.48760514990653325,0.42220473289489746,0.10428709536790848
h64_wd0.01_s1,o0,8,0.0005,0.5833887050026342,0.6331976056098938,0.8326277348673368,0.7210616438356164,0.8844858241270809,0.33102041252295444,0.44899478554725647,0.11478040367364883
h64_wd0.01_s1,o0,9,0.0005,0.5656838887616208,0.6234466433525085,0.8445636600631268,0.7169520547945206,1.0318895682028488,0.35912280520859935,0.478767454624176,0.13642238080501556
h64_wd0.01_s1,o0,10,0.0005,0.5539842640098772,0.632642924785614,0.8492820131639897,0.7172945205479451,1.2384033543415989,0.3643614199761187,0.509245753288269,0.16526095569133759
h64_wd0.01_s1,o0,11,0.0005,0.5482686005140606,0.6302751302719116,0.8671535834706826,0.7499999999999999,1.248295520337891,0.37532800887809287,0.5356441736221313,0.18700705468654633
h64_wd0.01_s1,o0,12,0.0005,0.5378237225507435,0.5892314910888672,0.8808777429467084,0.7433219178082192,1.39916295293676,0.3377826107983413,0.5617449879646301,0.2089834362268448
h64_wd0.01_s1,o0,13,0.0005,0.5047903421678042,0.5977842807769775,0.8878906376240183,0.7602739726027398,1.263210243169279,0.2968122151948023,0.5847591757774353,0.2302054613828659
h64_wd0.01_s1,o0,14,0.0005,0.4835103044384404,0.6026496887207031,0.8946880823880469,0.7529109589041096,1.2579872237800203,0.2970953422387776,0.6094150543212891,0.26354315876960754
h64_wd0.01_s1,o0,15,0.0005,0.5008892071874518,0.5853190422058105,0.9019164269786382,0.7547945205479452,1.4677085091909576,0.27104064954422985,0.6333929300308228,0.2853386402130127
h64_wd0.01_s1,o0,16,0.0005,0.46523434551138626,0.5781065225601196,0.9075181247239549,0.7611301369863014,1.07164250443602,0.2564430632871857,0.655208170413971,0.3156901001930237
h64_wd0.01_s1,o0,17,0.0005,0.4581196229708822,0.5987223982810974,0.9149188292451711,0.7638698630136987,1.3821706854065634,0.24831772836384336,0.6754093170166016,0.34802544116973877
h64_wd0.01_s1,o0,18,0.0005,0.4417395325083482,0.606012761592865,0.9196479548416981,0.7652397260273973,1.6390989803608402,0.23339663579416692,0.6947335600852966,0.3742152154445648
h64_wd0.01_s1,o0,19,0.0005,0.4788860474762164,0.5762528777122498,0.9281366814249857,0.7679794520547946,2.0745124109084907,0.3611306205698141,0.7148927450180054,0.38557612895965576
h64_wd0.01_s1,o0,20,0.0005,0.4193432346770638,0.631733238697052,0.9309267578019801,0.7659246575342465,1.530131401567333,0.23976821048138558,0.7321822643280029,0.40212714672088623
h64_wd0.01_s1,o0,21,0.0005,0.40811549989800705,0.5872818231582642,0.9366254080082733,0.7695205479452055,1.6958752363483787,0.23446801288218394,0.7494918704032898,0.42842769622802734
h64_wd0.01_s1,o0,22,0.0005,0.397041601570029,0.597289502620697,0.9476995335509377,0.7847602739726026,1.672540504333517,0.2055645623788935,0.7662843465805054,0.45799022912979126
h64_wd0.01_s1,o0,23,0.0005,0.4140975428254981,0.5645609498023987,0.9488845080739855,0.7772260273972603,2.3437810630799816,0.2969689422158197,0.7836989164352417,0.48201483488082886
h64_wd0.01_s1,o0,24,0.0005,0.42066025420239095,0.5884244441986084,0.950791239806526,0.7690068493150686,2.3985206601944946,0.28394860278882367,0.8006666302680969,0.4873124361038208
h64_wd0.01_s1,o0,25,0.0005,0.33464951577939483,0.6003496646881104,0.9584181667366879,0.7784246575342466,1.3420182448628928,0.1800118572028609,0.8151476979255676,0.5139337778091431
h64_wd0.01_s1,o0,26,0.0005,0.36019797858438996,0.6447733044624329,0.9570500597873509,0.7702054794520548,1.7394733725784968,0.2176800650528638,0.8300814032554626,0.5457651615142822
h64_wd0.01_s1,o0,27,0.0005,0.33952448713152034,0.561732292175293,0.9661097286408342,0.7731164383561644,1.9659257932034038,0.2113553799354633,0.8459112644195557,0.5764114856719971
h64_wd0.01_s1,o0,28,0.0005,0.3464242619903464,0.5722301602363586,0.968985984983141,0.7799657534246576,1.9655542419313936,0.1954130774467856,0.8597641587257385,0.605534553527832
h64_wd0.01_s1,o0,29,0.0005,0.3230019227454537,0.5932193994522095,0.9681457303213435,0.7720890410958904,1.948842510537304,0.18799681266334545,0.8738580346107483,0.6350286602973938
h64_wd0.01_s1,o0,30,0.0005,0.33606336461870295,0.5926390886306763,0.9739413329886134,0.7684931506849314,2.366230800385234,0.20101617615924527,0.88739013671875,0.6599346399307251
h64_wd0.01_s1,o0,31,0.0005,0.292695289379672,0.6160251498222351,0.9738443805276368,0.775513698630137,1.8805716973897006,0.1693781974273984,0.9006625413894653,0.6887592077255249
h64_wd0.01_s1,o0,32,0.0005,0.29192028704442474,0.5798284411430359,0.9826562819808465,0.779109589041096,2.0627554421956935,0.17995926797720063,0.9128114581108093,0.7142021059989929
h64_wd0.01_s1,o0,33,0.0005,0.27785014400356695,0.6809031367301941,0.9763435995217012,0.760958904109589,1.9867832965381982,0.1551851167525188,0.9255514144897461,0.7459845542907715
h64_wd0.01_s1,o0,34,0.0005,0.3085290844503202,0.5769717693328857,0.983184134268386,0.7789383561643836,2.4962986316547777,0.2008920220738891,0.9389403462409973,0.7660374641418457
h64_wd0.01_s1,o0,35,0.0005,0.30838646229944733,0.601614236831665,0.9841428863824884,0.774486301369863,2.310964276587366,0.1823012008478051,0.9521191716194153,0.7947604656219482
h64_wd0.01_s1,o0,36,0.0005,0.2563026139610692,0.6672577261924744,0.9827855519288153,0.7707191780821917,1.986153376377645,0.15249810971323918,0.9650396108627319,0.8278841376304626
h64_wd0.01_s1,o0,37,0.0005,0.2996927091949864,0.5803457498550415,0.9842398388434649,0.7765410958904109,2.9305614098615855,0.202912485833487,0.9787439703941345,0.8558516502380371
h64_wd0.01_s1,o0,38,0.0005,0.2639301168291192,0.6510745882987976,0.9861142530890132,0.772431506849315,2.597952768741295,0.1699675777171613,0.9909005761146545,0.8829905986785889
h64_wd0.01_s1,o0,39,0.0005,0.2789799429868397,0.6318063139915466,0.988548837109093,0.7755136986301369,2.779589422831828,0.16554659407687405,1.0042732954025269,0.9026491045951843
h64_wd0.01_s1,o0,40,0.0005,0.24139264304386943,0.6850447058677673,0.9906279287722587,0.7672945205479452,2.067569340597192,0.13318665692898826,1.0155831575393677,0.9299008846282959
h64_wd0.01_s1,o0,41,0.0005,0.2582535206487304,0.7152361869812012,0.9898415365887816,0.7715753424657535,3.0350761673348727,0.16792684033283906,1.0258774757385254,0.9607150554656982
h64_wd0.01_s1,o0,42,0.0005,0.2509597681070629,0.6539103984832764,0.9918129032953065,0.7760273972602739,2.5036316314820595,0.1491161406066615,1.0359296798706055,0.9798583388328552
h64_wd0.01_s1,o1,1,0.0005,0.6978300966714558,0.681821882724762,0.6816296631440606,0.6082191780821918,0.7129626449027008,0.28270581283605106,0.19662782549858093,0.014875821769237518
h64_wd0.01_s1,o1,2,0.0005,0.6773709748920641,0.6760022044181824,0.6945674304366092,0.6268835616438356,0.6607400630569137,0.323158491806437,0.24449017643928528,0.02006145566701889
h64_wd0.01_s1,o1,3,0.0005,0.6643953793927243,0.699546754360199,0.7036163267944284,0.6214041095890411,0.7766477694448636,0.36407644028439523,0.2862873673439026,0.027052316814661026
h64_wd0.01_s1,o1,4,0.0005,0.6616910946996588,0.6554703712463379,0.75760807506275,0.6775684931506849,0.8694542362214804,0.41567166408629613,0.31879037618637085,0.03028889186680317
h64_wd0.01_s1,o1,5,0.0005,0.6446225266707571,0.6537968516349792,0.7868984907733575,0.6933219178082193,0.7058277227721347,0.340469187890356,0.3511124849319458,0.03277810290455818
h64_wd0.01_s1,o1,6,0.0005,0.6173302217533714,0.6415708065032959,0.7891499423671481,0.6897260273972603,0.6742686453506854,0.3197214338096367,0.3873858153820038,0.04733989015221596
h64_wd0.01_s1,o1,7,0.0005,0.6078820793252242,0.6453495621681213,0.8181279557034978,0.7039383561643836,0.9442764546154315,0.3879477020021386,0.42866671085357666,0.06798098981380463
h64_wd0.01_s1,o1,8,0.0005,0.5913528486302024,0.6266176104545593,0.8320998825797972,0.7126712328767123,0.9455745580759806,0.35798295304182887,0.46204158663749695,0.08337409794330597
h64_wd0.01_s1,o1,9,0.0005,0.5643730916474995,0.6212800145149231,0.8482478535802389,0.7121575342465754,0.9844524184416467,0.3198667433912825,0.4970073103904724,0.10929501056671143
h64_wd0.01_s1,o1,10,0.0005,0.5559014536832508,0.7514320015907288,0.8496159605295758,0.7082191780821918,1.2502126478038997,0.3846462182432135,0.5308524966239929,0.13060890138149261
h64_wd0.01_s1,o1,11,0.0005,0.5785983534235704,0.6506780982017517,0.8578569197125898,0.702054794520548,1.3576200359534651,0.38777961441999864,0.5676302909851074,0.14264270663261414
h64_wd0.01_s1,o1,12,0.0005,0.5599259828266344,0.6218205094337463,0.8747697379051805,0.7205479452054795,1.4174242324305093,0.3802927473143319,0.6001346111297607,0.15846090018749237
h64_wd0.01_s1,o1,13,0.0005,0.5592454844399503,0.6193588972091675,0.8759870299152205,0.7148972602739725,1.453251787871644,0.4234657041863663,0.6292154788970947,0.17049525678157806
h64_wd0.01_s1,o1,14,0.0005,0.5015119533789786,0.6160535216331482,0.8902067241917935,0.7202054794520547,1.2690273677348691,0.3356080107938965,0.6531476974487305,0.1951037049293518
h64_wd0.01_s1,o1,15,0.0005,0.5053234288566991,0.6609461903572083,0.8975751112260177,0.7128424657534246,1.2555946036773058,0.2886998860211815,0.6780735850334167,0.21011605858802795
h64_wd0.01_s1,o1,16,0.0005,0.4868048852995822,0.6305203437805176,0.9106206034752071,0.7181506849315069,1.3044738185726275,0.29193063966794736,0.7022691965103149,0.23481856286525726
h64_wd0.01_s1,o1,17,0.0005,0.4609498005164297,0.6405717730522156,0.9194863674067371,0.7193493150684932,1.3493308402817998,0.2776491937342169,0.7258365750312805,0.26586636900901794
h64_wd0.01_s1,o1,18,0.0005,0.44928215679369476,0.6115700006484985,0.9278889140247121,0.7273972602739726,1.396324602597632,0.3125672777321723,0.7494955062866211,0.28995540738105774
h64_wd0.01_s1,o1,19,0.0005,0.4589260487180007,0.64701908826828,0.9373687102090942,0.7148972602739725,1.6762628408984708,0.32709771373835733,0.7706529498100281,0.30820202827453613
h64_wd0.01_s1,o1,20,0.0005,0.3995705544948578,0.636715292930603,0.9447478697389824,0.7183219178082192,1.493399410347446,0.2807746108866384,0.7937585115432739,0.3378383219242096
h64_wd0.01_s1,o1,21,0.0005,0.39426996833399724,0.7233343124389648,0.9370886253218284,0.7190068493150685,1.5764880361837845,0.2714053238455557,0.8152295351028442,0.3680799603462219
h64_wd0.01_s1,o1,22,0.0005,0.3941988584242369,0.7182504534721375,0.9439507050598411,0.7143835616438357,1.6828601637499774,0.28857548761614793,0.836774468421936,0.39409521222114563
h64_wd0.01_s1,o1,23,0.0005,0.40708088874816895,0.6561704874038696,0.95416303094938,0.7224315068493151,2.005318817985797,0.301605018472255,0.8591633439064026,0.4149990975856781
h64_wd0.01_s1,o1,24,0.0005,0.3829256562810195,0.6976897716522217,0.9605080308955176,0.7157534246575342,1.9066722677758436,0.28105049463396614,0.8798062801361084,0.44225025177001953
h64_wd0.01_s1,o1,25,0.0005,0.3840008817220989,0.7501153945922852,0.969126027426774,0.7107876712328766,1.8934496415650321,0.26454129083816647,0.8978099822998047,0.46230316162109375
h64_wd0.01_s1,o1,26,0.0005,0.3408205791523582,0.7286198139190674,0.9682211377909921,0.7229452054794521,1.6933016547669677,0.2191519542439934,0.9172453880310059,0.4918522238731384
h64_wd0.01_s1,o1,27,0.0005,0.3421081202594857,0.6763460040092468,0.9788320460201014,0.7138698630136986,2.068845417703337,0.21641506804261917,0.9343167543411255,0.5187965035438538
h64_wd0.01_s1,o1,28,0.0005,0.30572528431290075,0.7066011428833008,0.9793922157946331,0.7200342465753424,1.8073893705470905,0.22243460979878318,0.9509052634239197,0.5494821071624756
h64_wd0.01_s1,o1,29,0.0005,0.3002981865092328,0.7841999530792236,0.9774423940794363,0.720890410958904,2.118702195365297,0.2798246467475036,0.9673393964767456,0.5763984322547913
h64_wd0.01_s1,o1,30,0.0005,0.33445043234448685,0.666749119758606,0.9776793889840459,0.7309931506849315,2.775794658996573,0.28856393096681304,0.9866852164268494,0.5900222659111023
h64_wd0.01_s1,o1,31,0.0005,0.28912520879193354,0.7934413552284241,0.9823761970935807,0.727568493150685,1.7666221364138164,0.1989428914524287,1.0038201808929443,0.619066059589386
h64_wd0.01_s1,o1,32,0.0005,0.28230987253941986,0.7041944265365601,0.9867821478201855,0.7241438356164382,2.2621497333487,0.20191601447463933,1.0185526609420776,0.6421065926551819
h64_wd0.01_s1,o1,33,0.0005,0.25295711112649816,0.6849710941314697,0.9905956112852665,0.7267123287671233,1.926496236786736,0.1852533351073715,1.0335376262664795,0.6752452254295349
h64_wd0.01_s1,o1,34,0.0005,0.2632899300048226,0.7267181277275085,0.9904555688416335,0.7253424657534246,2.382389773598007,0.2156543763881161,1.0471376180648804,0.7003230452537537
h64_wd0.01_s1,o1,35,0.0005,0.26689078149042633,0.6803399324417114,0.9898415365887816,0.7345890410958904,2.7975865226694654,0.20454347176048668,1.0615075826644897,0.7278116345405579
h64_wd0.01_s1,o1,36,0.0005,0.24265806690642708,0.7580639719963074,0.9924161630524944,0.7207191780821918,2.0351490098180305,0.18445694952038708,1.0760856866836548,0.7613410353660583
h64_wd0.01_s1,o1,37,0.0005,0.28679704352429036,0.6949665546417236,0.9946676146462851,0.7162671232876712,3.136087268518056,0.21600306869543087,1.0898739099502563,0.7855520844459534
h64_wd0.01_s1,o1,38,0.0005,0.2552335199556853,0.7803492546081543,0.993428777644917,0.7318493150684932,2.386530164281856,0.19631019215049106,1.103201985359192,0.8015925884246826
h64_wd0.01_s1,o1,39,0.0005,0.2023829731502031,0.8022427558898926,0.9949800170205432,0.7238013698630137,2.173795765796045,0.17179523970079838,1.1143816709518433,0.8262813091278076
h64_wd0.01_s1,o1,40,0.0005,0.2032502160260552,0.8953565359115601,0.9960141766042939,0.7200342465753424,2.189046514450066,0.1432647584249041,1.1248141527175903,0.854056179523468
h64_wd0.01_s1,o1,41,0.0005,0.22669207383143275,0.8765485882759094,0.9966605263441382,0.7267123287671232,3.3155560816688654,0.197866235533776,1.1372994184494019,0.8728427290916443
h64_wd0.01_s1,o1,42,0.0005,0.20640469303256587,0.7542721629142761,0.9976300509539044,0.7294520547945204,2.474640955974407,0.14279574639479994,1.1482915878295898,0.8935152888298035
h64_wd0.01_s1,o1,43,0.0005,0.18590015957230016,0.8575935363769531,0.9966066638658178,0.726027397260274,2.3311003526113208,0.168774868448778,1.1589276790618896,0.9222581386566162
h64_wd0.01_s1,o1,44,0.0005,0.18378401351602455,0.880321741104126,0.9979963158064828,0.7220890410958903,2.386586615344607,0.16081149470983078,1.1681625843048096,0.9457272887229919
h64_wd0.01_s1,o1,45,0.0005,0.22166074714378306,0.7860599756240845,0.9974253735362872,0.7191780821917808,3.471926685800167,0.19582883258151562,1.1794630289077759,0.9593109488487244
h64_wd0.01_s1,o1,46,0.0005,0.17695281419314837,0.821316659450531,0.998168675737108,0.7217465753424658,2.319220616808901,0.13642042869425483,1.1908193826675415,0.9859368801116943
h64_wd0.01_s1,o1,47,0.0005,0.16517874951425351,0.8359988331794739,0.9985457130853505,0.7275684931506848,1.956033949354789,0.13572161752454945,1.2008204460144043,1.0220324993133545
h64_wd0.01_s1,o1,48,0.0005,0.16722147166728973,0.8941453695297241,0.99878270798996,0.7267123287671231,2.62825899047582,0.1324008268905156,1.2097656726837158,1.0528651475906372
h64_wd0.01_s1,o1,49,0.0005,0.1780237179053457,0.8410053253173828,0.9983302631720691,0.7207191780821918,3.0156668090382706,0.1454830762604862,1.2193952798843384,1.0725669860839844
h64_wd0.01_s1,o1,50,0.0005,0.15622841958936892,0.8544520735740662,0.9989119779379289,0.7299657534246574,2.46725065434245,0.12413555526992452,1.2280009984970093,1.0981541872024536
h64_wd0.01_s1,o1,51,0.0005,0.15739967536769414,0.8592551350593567,0.9989012054422648,0.7374999999999999,2.6666568894935203,0.12321138515279853,1.2371357679367065,1.1229747533798218
h64_wd0.01_s1,o1,52,0.0005,0.14023725590423533,0.9154011011123657,0.9988257979726164,0.7260273972602739,2.1055768893635416,0.12263198376790173,1.2472110986709595,1.149817705154419
h64_wd0.01_s1,o1,53,0.0005,0.187259609761991,0.9245532751083374,0.9993105602774994,0.7363013698630136,3.1220410371569223,0.14267701380132367,1.257094383239746,1.1714941263198853
h64_wd0.01_s1,o1,54,0.0005,0.16145386370389084,0.8803035020828247,0.999547555182109,0.7296232876712329,3.1969956558911794,0.13259382615812385,1.2668894529342651,1.191870093345642
h64_wd0.01_s1,o1,55,0.0005,0.12451517503512533,0.9265353083610535,0.9995152376951169,0.7208904109589042,2.2760206002462025,0.10895990500773832,1.2764148712158203,1.212403416633606
h64_wd0.01_s1,o1,56,0.0005,0.1226255793712641,0.984344482421875,0.9997737775910546,0.7284246575342465,2.2447710005020105,0.10122156396975816,1.2846165895462036,1.2393667697906494
h64_wd0.01_s1,o1,57,0.0005,0.1439956922672297,0.8364430069923401,0.9995583276777731,0.7227739726027398,2.5538849663619887,0.10577398391340004,1.2928181886672974,1.259488821029663
h64_wd0.01_s1,o1,58,0.0005,0.1273671565087218,0.8586492538452148,0.9997306876083982,0.7253424657534246,2.082460946349445,0.08575684409731173,1.3001292943954468,1.2841047048568726
h64_wd0.01_s1,o1,59,0.0005,0.1479345644383054,1.2658401727676392,0.9991382003468744,0.7232876712328767,2.905878493772031,0.12520134848885012,1.3083457946777344,1.3091769218444824
h64_wd0.01_s1,o1,60,0.0005,0.18835048142232394,0.8484951853752136,0.9989227504335929,0.7320205479452054,3.658521829697804,0.13674959552083632,1.3180691003799438,1.319676160812378
h64_wd0.01_s1,o1,61,0.0005,0.14507596449632393,0.8733440637588501,0.999375195251484,0.7272260273972602,2.7245670267837503,0.1092591648008293,1.3270220756530762,1.3421128988265991
h64_wd0.01_s1,o1,62,0.0005,0.16184527975948235,0.7727455496788025,0.999698370121406,0.7429794520547943,3.0484022865397495,0.10762282340247185,1.3350595235824585,1.3649976253509521
h64_wd0.01_s1,o1,63,0.0005,0.12605177571899012,0.8834438920021057,0.9997630050953905,0.7357876712328768,2.4251348966881214,0.0894123502598473,1.3423926830291748,1.389018177986145
h64_wd0.01_s1,o1,64,0.0005,0.11888081168657855,0.9032339453697205,0.9999030475390234,0.7292808219178082,2.5221624816157413,0.09188872409368286,1.3492761850357056,1.412903904914856
h64_wd0.01_s1,o1,65,0.0005,0.12094900913928684,1.0369081497192383,0.9993536502601558,0.7297945205479452,2.49019577350082,0.1007479634592367,1.3564000129699707,1.4399213790893555
h64_wd0.01_s1,o1,66,0.0005,0.15836346757255101,0.8884474039077759,0.9997630050953905,0.7232876712328767,3.253715821312941,0.11798845191416685,1.363245964050293,1.454459547996521
h64_wd0.01_s1,o1,67,0.0005,0.13825776624052147,0.87054842710495,0.9996337351474216,0.7345890410958904,2.5550433742851237,0.09134771246770722,1.3703950643539429,1.4728840589523315
h64_wd0.01_s1,o1,68,0.0005,0.09668061254840148,1.0037423372268677,0.9999138200346874,0.7289383561643835,1.737200149137066,0.06933166475158326,1.3764607906341553,1.4972784519195557
h64_wd0.01_s1,o1,69,0.0005,0.08263060430947103,1.2670564651489258,0.9997630050953904,0.7299657534246575,2.17924322446417,0.0650119647461822,1.3813998699188232,1.5183558464050293
h64_wd0.01_s1,o1,70,0.0005,0.11577809347133887,1.0670074224472046,0.9999245925303516,0.7352739726027397,3.2012828524559978,0.08593321996450501,1.3872592449188232,1.530908465385437
h64_wd0.01_s1,o1,71,0.0005,0.08302926860357586,1.0385280847549438,0.9999138200346874,0.7325342465753424,2.044147837925191,0.06543820829874807,1.3929166793823242,1.5470194816589355
h64_wd0.01_s1,o1,72,0.0005,0.06550804672664717,1.1299030780792236,0.9998815025476951,0.7303082191780821,1.7778475090417618,0.05836964193535341,1.397895336151123,1.5676820278167725
h64_wd0.01_s1,o1,73,0.0005,0.08262996032441917,1.0639538764953613,0.9997737775910545,0.7337328767123288,2.512732189746192,0.06603622009186368,1.402193307876587,1.583724856376648
h64_wd0.01_s1,o1,74,0.0005,0.06876209378242493,1.135520100593567,0.9999461375216796,0.7231164383561643,2.154337711917197,0.0604148338052381,1.4064717292785645,1.5999398231506348
h64_wd0.01_s1,o1,75,0.0005,0.07362092374578903,1.2777405977249146,1.0,0.7267123287671232,2.792024153745505,0.06823056236891492,1.4112939834594727,1.6175212860107422
h64_wd0.01_s1,o1,76,0.0005,0.11472830460651924,1.0258868932724,0.9998707300520311,0.7265410958904109,3.7527403596575826,0.0905981478713402,1.4173601865768433,1.6245423555374146
h64_wd0.01_s1,o1,77,0.0005,0.08517702806152795,1.1847916841506958,0.9999892275043359,0.728082191780822,2.2819661313901975,0.06199562772078886,1.4228730201721191,1.6335872411727905
h64_wd0.01_s1,o1,78,0.0005,0.08127359683184247,1.1074106693267822,0.9999784550086718,0.7251712328767121,2.1505599147466707,0.06124816698415708,1.4272058010101318,1.6498287916183472
h64_wd0.01_s1,o1,79,0.0005,0.08615513890981674,1.0352555513381958,1.0,0.7174657534246575,2.3954914229435738,0.06293502148214904,1.432584285736084,1.668865442276001
h64_wd0.01_s1,o1,80,0.0005,0.09176971528090928,1.1221044063568115,1.0,0.7232876712328767,2.3869897402412175,0.06656926510213897,1.4376916885375977,1.690330982208252
h64_wd0.01_s1,o1,81,0.0005,0.08481596018138685,1.147653579711914,0.9999892275043359,0.7162671232876712,2.576879584085173,0.0625779075314827,1.4423295259475708,1.708605170249939
h64_wd0.01_s1,o1,82,0.0005,0.08991874725018677,1.2747039794921875,0.9999138200346874,0.7160958904109589,2.3992642826858335,0.05981416837949954,1.4468073844909668,1.7229939699172974
h64_wd0.01_s1,o2,1,0.0005,0.6963268110626623,0.6825813055038452,0.6713527022805373,0.6032534246575343,0.7343435452098578,0.3387260199725797,0.20462234318256378,0.01493996474891901
h64_wd0.01_s1,o2,2,0.0005,0.675631256479966,0.6779137253761292,0.7119865559254113,0.6426369863013698,0.6444564243263905,0.3349396712208786,0.25182783603668213,0.019430987536907196
h64_wd0.01_s1,o2,3,0.0005,0.6701639827929045,0.6914110779762268,0.7112540262202545,0.6351027397260274,0.7632141486456385,0.3435377853437603,0.288632869720459,0.02531200833618641
h64_wd0.01_s1,o2,4,0.0005,0.6561602040341026,0.657207190990448,0.7678204009522888,0.6746575342465753,0.6894706297086544,0.2860163389892491,0.32637250423431396,0.026537708938121796
h64_wd0.01_s1,o2,5,0.0005,0.6303581062116121,0.6518913507461548,0.7948809100604337,0.7044520547945206,0.6674967139035091,0.2715878882521635,0.3661518394947052,0.04088518023490906
h64_wd0.01_s1,o2,6,0.0005,0.6138791943851271,0.6353321075439453,0.8040375313748935,0.6991438356164383,0.8117117694763252,0.28971359074225034,0.40511295199394226,0.06303174793720245
h64_wd0.01_s1,o2,7,0.0005,0.6053166562005093,0.6617990136146545,0.8243005957190103,0.709417808219178,1.02868123272028,0.39969062477199147,0.43936091661453247,0.07804099470376968
h64_wd0.01_s1,o2,8,0.0005,0.5841370585717653,0.6291720271110535,0.8394467246226934,0.7102739726027397,0.9029860303271346,0.3611323870480197,0.4708910882472992,0.0984862744808197
h64_wd0.01_s1,o2,9,0.0005,0.5654604968271757,0.6193763613700867,0.8570813000247768,0.7157534246575342,1.1519396184261401,0.34465798946813303,0.5024951100349426,0.1257859170436859
h64_wd0.01_s1,o2,10,0.0005,0.5417519447050596,0.6664997935295105,0.8678322506975191,0.7226027397260274,1.1148525935215112,0.29437818914886277,0.5332170724868774,0.15430253744125366
h64_wd0.01_s1,o2,11,0.0005,0.560338839104301,0.6738730072975159,0.8673259434013079,0.7023972602739726,1.4435921347571576,0.3687888774467199,0.5627151131629944,0.17313671112060547
h64_wd0.01_s1,o2,12,0.0005,0.5418835596034401,0.6156315803527832,0.8906268515226923,0.7203767123287671,1.5066634194869437,0.4269991847046754,0.5911756753921509,0.1838965266942978
h64_wd0.01_s1,o2,13,0.0005,0.5027500689029694,0.6388876438140869,0.9000958752114102,0.718835616438356,1.335999500420148,0.3147873245547531,0.617655336856842,0.20750534534454346
h64_wd0.01_s1,o2,14,0.0005,0.5038706174022273,0.6310805678367615,0.9052020381561796,0.7261986301369863,1.585527069461607,0.28379417623055864,0.6426796317100525,0.2339698076248169
h64_wd0.01_s1,o2,15,0.0005,0.5246366874167794,0.6167675256729126,0.9113531331803639,0.7210616438356163,1.5571094773935363,0.3083827404750855,0.6656047105789185,0.24465468525886536
h64_wd0.01_s1,o2,16,0.0005,0.45193894285904734,0.6260864734649658,0.9154682265240387,0.7155821917808219,1.2488941668842493,0.25607842152749977,0.6887428760528564,0.277248740196228
h64_wd0.01_s1,o2,17,0.0005,0.4323876374646237,0.630364716053009,0.9209514268170507,0.7251712328767123,1.0707574794212351,0.21106925270369958,0.7096742987632751,0.31763511896133423
h64_wd0.01_s1,o2,18,0.0005,0.4425771110936215,0.6447607278823853,0.9273610617371726,0.7236301369863014,1.4538869164190058,0.2468380626816248,0.7302923798561096,0.3482857644557953
h64_wd0.01_s1,o2,19,0.0005,0.470284419624429,0.6438690423965454,0.9353111635372567,0.7246575342465752,2.0426358195619545,0.2891135273622969,0.7503510117530823,0.3641042709350586
h64_wd0.01_s1,o2,20,0.0005,0.40086576970000015,0.6471471786499023,0.9408159088215967,0.7167808219178082,1.522923330593626,0.2516766805147631,0.7687219381332397,0.3889700174331665
h64_wd0.01_s1,o2,21,0.0005,0.42488753168206467,0.6422380208969116,0.9467730989238277,0.7142123287671233,2.1101038398396117,0.28925859370785767,0.7866181135177612,0.41177576780319214
h64_wd0.01_s1,o2,22,0.0005,0.4343039111087197,0.7948512434959412,0.9408697712999171,0.7077054794520546,2.1101300065297375,0.260046342965172,0.8077883720397949,0.42473873496055603
h64_wd0.01_s1,o2,23,0.0005,0.4198960175639705,0.6681615114212036,0.9522132092341833,0.7113013698630136,2.030600818974216,0.2471418596460607,0.8290743231773376,0.4400846064090729
h64_wd0.01_s1,o2,24,0.0005,0.39034253829403925,0.6732938885688782,0.9554449579334044,0.7119863013698629,1.85783503201895,0.2645812622251083,0.8481252789497375,0.4639666974544525
h64_wd0.01_s1,o2,25,0.0005,0.32296346990685715,0.7254663705825806,0.9575132771009061,0.7095890410958903,1.3351121182296501,0.17607590924426106,0.8644410967826843,0.4983266592025757
h64_wd0.01_s1,o2,26,0.0005,0.3660778018989061,0.6962388753890991,0.9655818763532947,0.710958904109589,1.8036095658496876,0.19032961126473436,0.8800748586654663,0.5237514972686768
h64_wd0.01_s1,o2,27,0.0005,0.324603776398458,0.7113726735115051,0.9707095842893924,0.7066780821917807,1.8062227810038027,0.17404287158394335,0.8963874578475952,0.5518996715545654
h64_wd0.01_s1,o2,28,0.0005,0.30133439522040517,0.743297815322876,0.9730256708571674,0.7065068493150686,1.8115782306296833,0.18612266143381642,0.9125945568084717,0.5877770185470581
h64_wd0.01_s1,o2,29,0.0005,0.3022396791922419,0.7561182379722595,0.9738443805276369,0.7075342465753425,2.1433140083929905,0.20150033191242445,0.9274197816848755,0.6232395768165588
h64_wd0.01_s1,o2,30,0.0005,0.3373889468218151,0.7371842861175537,0.9760958321214276,0.7056506849315068,2.4110637005882305,0.23523232334704025,0.9437156915664673,0.6424309015274048
h64_wd0.01_s1,o2,31,0.0005,0.32079769435681793,0.7519514560699463,0.9806418252916653,0.7035958904109589,2.117170048949698,0.18588090501135893,0.9598099589347839,0.6656647324562073
h64_wd0.01_s1,o2,32,0.0005,0.2829913920477817,0.8083332180976868,0.9773346691227957,0.7039383561643835,2.116990605032877,0.1900238550755191,0.9761149287223816,0.6878702640533447
h64_wd0.01_s1,o2,33,0.0005,0.2827950135657662,0.9015020132064819,0.9777871139406866,0.7070205479452054,2.31897606194822,0.1760644211608894,0.9902005195617676,0.7123550772666931
h64_wd0.01_s1,o2,34,0.0005,0.26993234690866974,0.7938675284385681,0.9842829288261211,0.7053082191780822,2.481994440443799,0.18734716511304678,1.0031226873397827,0.7376812100410461
h64_wd0.01_s1,o3,1,0.0005,0.698753181256746,0.6754205822944641,0.6960001723599306,0.6998287671232877,0.6517732053281268,0.29736229157385674,0.20458270609378815,0.013834038749337196
h64_wd0.01_s1,o3,2,0.0005,0.6740832297425521,0.6642773151397705,0.7218110719710435,0.7018835616438356,0.5755694066332967,0.2769821137114173,0.24907951056957245,0.019686095416545868
h64_wd0.01_s1,o3,3,0.0005,0.6728441621127882,0.6760154962539673,0.7059539583535318,0.6928082191780821,0.7838156956777831,0.39653670221184334,0.28232666850090027,0.025737285614013672
h64_wd0.01_s1,o3,4,0.0005,0.6554721217406424,0.6464412212371826,0.7731420138103393,0.7227739726027397,0.7281648166912437,0.3309752113002868,0.314311146736145,0.034151993691921234
h64_wd0.01_s1,o3,5,0.0005,0.6351993366291648,0.6396109461784363,0.7836236520914801,0.7303082191780822,0.6137564009115379,0.27681347587221994,0.34531816840171814,0.05104655772447586
h64_wd0.01_s1,o3,6,0.0005,0.6218782945683128,0.633195161819458,0.7889560374451949,0.7261986301369863,0.7348793175654803,0.2955375917771863,0.3786409795284271,0.07263568043708801
h64_wd0.01_s1,o3,7,0.0005,0.6083562562340185,0.6198447942733765,0.8151008844218941,0.7388698630136986,0.8214855070513583,0.3549942075539987,0.4095882177352905,0.09031840413808823
h64_wd0.01_s1,o3,8,0.0005,0.5750183588580081,0.6132630109786987,0.8249254004675264,0.7398972602739725,0.6978300556755174,0.2631015041861574,0.4418467879295349,0.11719542741775513
h64_wd0.01_s1,o3,9,0.0005,0.5718147064510145,0.6266061067581177,0.8452315547942992,0.7441780821917808,1.0907078588494292,0.3520455522149937,0.474975049495697,0.14084145426750183
h64_wd0.01_s1,o3,10,0.0005,0.5469745523051212,0.6430639028549194,0.856359542815284,0.7445205479452054,1.001638220122562,0.2913075887803309,0.5057669878005981,0.16760843992233276
h64_wd0.01_s1,o3,11,0.0005,0.5398799996627005,0.599980354309082,0.867347488392636,0.7469178082191781,1.1592343421173605,0.28938012917257655,0.5351681113243103,0.1951623558998108
h64_wd0.01_s1,o3,12,0.0005,0.5244003189237494,0.5965726375579834,0.8813409602602635,0.752568493150685,1.0874286065311087,0.2858955127874973,0.5634916424751282,0.22266341745853424
h64_wd0.01_s1,o3,13,0.0005,0.5088800035024944,0.5901156067848206,0.8923612233246075,0.7537671232876714,1.3043988505616881,0.26237639156345544,0.5907654166221619,0.2494567185640335
h64_wd0.01_s1,o3,14,0.0005,0.47441018568842036,0.5849971175193787,0.9004944575509809,0.7592465753424656,1.0992817341286667,0.26046524752688566,0.6177486181259155,0.28543907403945923
h64_wd0.01_s1,o3,15,0.0005,0.4714448702962775,0.6649019718170166,0.9083799243770805,0.7501712328767123,1.4084947131626366,0.24739959017037533,0.6438971161842346,0.31451472640037537
h64_wd0.01_s1,o3,16,0.0005,0.45835317436017486,0.5840986371040344,0.9206821144254489,0.7625,1.682418322766017,0.2827001904849473,0.668957531452179,0.34501636028289795
h64_wd0.01_s1,o3,17,0.0005,0.45895697411737946,0.625427782535553,0.9233321483588103,0.7568493150684931,1.4336792328807206,0.2341472271806178,0.6930676698684692,0.3751474916934967
h64_wd0.01_s1,o3,18,0.0005,0.41920353393805654,0.7319968342781067,0.9229874284975601,0.7517123287671231,1.552605435256115,0.23268898104243496,0.7152161002159119,0.40860047936439514
h64_wd0.01_s1,o3,19,0.0005,0.4063513624040704,0.585450291633606,0.9428950004847623,0.7628424657534246,1.578363565047794,0.20822628070794255,0.7365175485610962,0.43603354692459106
h64_wd0.01_s1,o3,20,0.0005,0.3784589751770622,0.5901086926460266,0.9476456710726174,0.7662671232876712,1.5147714387588618,0.20377091027250802,0.7556443214416504,0.47159457206726074
h64_wd0.01_s1,o3,21,0.0005,0.40245775486293595,0.6286323666572571,0.9493908153701969,0.7595890410958904,2.363480017277179,0.2641225103002419,0.7754511833190918,0.4992108941078186
h64_wd0.01_s1,o3,22,0.0005,0.38035254729421514,0.7412720322608948,0.9465037865322259,0.7554794520547946,1.8950583349125765,0.22783868483731348,0.7950199842453003,0.5210500359535217
h64_wd0.01_s1,o3,23,0.0005,0.4076750905890214,0.6015958189964294,0.9580411293884454,0.7546232876712328,2.4647031424666497,0.2731502892408216,0.8145785331726074,0.5320464372634888
h64_wd0.01_s1,o3,24,0.0005,0.36249216606742457,0.6087948679924011,0.9658942787275528,0.7561643835616438,1.8625677985556992,0.22047926790451158,0.8330250382423401,0.5651153922080994
h64_wd0.01_s1,o3,25,0.0005,0.3493468784972241,0.6068933606147766,0.9717114263861508,0.7589041095890411,1.985775110369101,0.21213763135148067,0.8485804200172424,0.6025633215904236
h64_wd0.01_s1,o3,26,0.0005,0.3348861281809054,0.6257185339927673,0.9692660698704069,0.7582191780821917,1.7834498831577827,0.18216663226966362,0.8632172346115112,0.6337313652038574
h64_wd0.01_s1,o3,27,0.0005,0.3113611952254647,0.6212667226791382,0.9733488457270896,0.7625000000000001,1.8701582818865783,0.18724557172784131,0.8771874308586121,0.6655687093734741
h64_wd0.01_s1,o3,28,0.0005,0.2955139122511211,0.6447285413742065,0.9774423940794363,0.7597602739726027,2.168694792543384,0.1990103467862566,0.8908440470695496,0.6999795436859131
h64_wd0.01_s1,o3,29,0.0005,0.2755728199293739,0.6750270128250122,0.9754063923989271,0.7535958904109589,1.8803869172767202,0.1632812248748388,0.9059607982635498,0.7386243939399719
h64_wd0.01_s1,o3,30,0.0005,0.30899584528646973,0.6473676562309265,0.9787135485677967,0.7546232876712329,2.632963819042164,0.20818174596417402,0.920882523059845,0.7707168459892273
h64_wd0.01_s1,o3,31,0.0005,0.2931284120208339,0.6419033408164978,0.981201995066197,0.7597602739726027,1.9697924322423486,0.16395789339826025,0.936126172542572,0.8003823757171631
h64_wd0.01_s1,o3,32,0.0005,0.28141523270230545,0.7632392048835754,0.9787243210634609,0.7575342465753425,2.7654585346610445,0.22203350593591561,0.9498295783996582,0.8309100270271301
h64_wd0.01_s1,o3,33,0.0005,0.3235290474013278,0.7604297995567322,0.977830203923343,0.7698630136986302,3.3856023352449527,0.24716593734494074,0.9640281200408936,0.8372911214828491
h64_wd0.01_s1,o3,34,0.0005,0.3288942410757667,0.6379286050796509,0.9859742106453802,0.7611301369863013,2.892426270613054,0.2013269638545065,0.9795179963111877,0.845643937587738
h64_wd0.01_s1,o3,35,0.0005,0.2762663717332639,0.6533619165420532,0.9873423175947171,0.7667808219178082,2.4866300449824212,0.1706463585887714,0.9919512867927551,0.871493935585022
h64_wd0.01_s1,o3,36,0.0005,0.2359505593776703,0.7463245987892151,0.9866205603852244,0.7609589041095891,2.204211840671975,0.15358681702383287,1.0038354396820068,0.906453013420105
h64_wd0.01_s1,o3,37,0.0005,0.2168664453845275,0.7343865036964417,0.9886026995874133,0.7556506849315069,1.9705491928816288,0.12848175141325618,1.0144860744476318,0.9464950561523438
h64_wd0.01_s1,o3,38,0.0005,0.2599963420315793,0.7405708432197571,0.9918021307996423,0.7506849315068493,3.2775211671939397,0.19495963291485505,1.026010513305664,0.9746518135070801
h64_wd0.01_s1,o3,39,0.0005,0.21930475650649323,0.7384456992149353,0.9942151698283942,0.7529109589041095,2.401925036623081,0.13759111012260494,1.0377113819122314,0.9959880709648132
h64_wd0.01_s1,o3,40,0.0005,0.20734620015872152,0.8675654530525208,0.993590365079878,0.7558219178082193,2.451498890491128,0.1308750770820153,1.0471744537353516,1.0244489908218384
h64_wd0.01_s1,o3,41,0.0005,0.24478094515047574,0.8292649388313293,0.9949800170205432,0.7611301369863013,3.0373766506928583,0.16030115868014055,1.0564106702804565,1.039738416671753
h64_wd0.01_s1,o3,42,0.0005,0.2589598494140725,0.9030424356460571,0.996164991543591,0.7457191780821917,3.2852532900817253,0.17304707419012771,1.0664019584655762,1.0454566478729248
h64_wd0.01_s1,o3,43,0.0005,0.23302257374713295,0.733843207359314,0.9954324618384341,0.7621575342465753,2.7790419517532974,0.14019021907191243,1.0759097337722778,1.0588947534561157
h64_wd0.01_s1,o3,44,0.0005,0.17558604008273074,0.778080403804779,0.9965635738831615,0.7583904109589041,2.3017533585090737,0.1167406760769281,1.0842515230178833,1.0866706371307373
h64_wd0.01_s1,o3,45,0.0005,0.18554783102713132,0.7671502828598022,0.9960141766042938,0.7648972602739725,2.459024336772664,0.12827403125127934,1.0924044847488403,1.1180214881896973
h64_wd0.01_s1,o3,46,0.0005,0.19463874674157092,0.857943058013916,0.9947430221159337,0.7602739726027398,2.930781007774841,0.12903234653294351,1.1010884046554565,1.142831802368164
h64_wd0.01_s1,o3,47,0.0005,0.16764942046843076,0.8190838098526001,0.9975869609712482,0.7527397260273972,2.1379274058369067,0.10210626335551078,1.108663558959961,1.166134238243103
h64_wd0.01_s1,o3,48,0.0005,0.14541609330396904,0.8510705232620239,0.9975007810059356,0.751541095890411,2.2296413995896684,0.10974966829934658,1.1160826683044434,1.1926321983337402
h64_wd0.01_s1,o3,49,0.0005,0.15036379820422122,0.8433232307434082,0.9978131833801938,0.7443493150684932,2.411981099630291,0.10117389972196392,1.123125672340393,1.2132011651992798
h64_wd0.01_s1,o3,50,0.0005,0.15272549971153862,0.9066575765609741,0.9985349405896865,0.7482876712328766,2.2645895700051133,0.10457848444717584,1.130617618560791,1.2425754070281982
h64_wd0.01_s1,o3,51,0.0005,0.16069692157601057,0.8670998215675354,0.9984056706417176,0.7482876712328768,2.9535690637532395,0.11877479463920478,1.139261245727539,1.267661452293396
h64_wd0.01_s1,o3,52,0.0005,0.16650893617617457,0.8419971466064453,0.9992566977991791,0.7440068493150684,3.0708657614032604,0.12677875801585572,1.146607518196106,1.29140305519104
h64_wd0.01_s1,o3,53,0.0005,0.13804693402428375,0.8783937096595764,0.9985241680940223,0.7472602739726028,2.383015841501916,0.10282383409213615,1.1542890071868896,1.3174421787261963
h64_wd0.01_s1,o4,1,0.0005,0.6996120120349684,0.6936977505683899,0.6118986254295533,0.47654109589041094,0.3490815596958239,0.13699976723692164,0.20196489989757538,0.031738247722387314
h64_wd0.01_s1,o4,2,0.0005,0.6913140635741385,0.69124436378479,0.7004188144329897,0.6447773972602738,0.14137422259026047,0.06692825129410991,0.2371625304222107,0.04268043115735054
h64_wd0.01_s1,o4,3,0.0005,0.6882659102741041,0.6906903386116028,0.7396477663230241,0.598458904109589,0.2376863799642784,0.0824788966937667,0.24474607408046722,0.04669221490621567
h64_wd0.01_s1,o4,4,0.0005,0.6903874497664603,0.690257728099823,0.6744845360824742,0.5994006849315069,0.2285362244806354,0.0790987920519159,0.2481386810541153,0.05531825125217438
h64_wd0.01_s1,o4,5,0.0005,0.6860896819516232,0.6856188178062439,0.7695017182130585,0.6772260273972603,0.2858796397246386,0.11353650858833107,0.25109952688217163,0.06961677223443985
h64_wd0.01_s1,o4,6,0.0005,0.6831494130586323,0.6830496191978455,0.7598260309278351,0.7089897260273973,0.298949403205219,0.0852445521970554,0.25464707612991333,0.09391575306653976
h64_wd0.01_s1,o4,7,0.0005,0.6768499518695631,0.678990364074707,0.7768900343642612,0.714126712328767,0.2957121542604919,0.0791011217849884,0.25904351472854614,0.12963086366653442
h64_wd0.01_s1,o4,8,0.0005,0.675051654639997,0.6754592061042786,0.7827856529209622,0.7162671232876712,0.3601202228900298,0.09504719405449313,0.26435554027557373,0.17239201068878174
h64_wd0.01_s1,o4,9,0.0005,0.6648594015523007,0.6715424656867981,0.7907001718213059,0.7166095890410958,0.5112175138276385,0.10892133650230507,0.27039313316345215,0.21862179040908813
h64_wd0.01_s1,o4,10,0.0005,0.6606200996198153,0.6651685833930969,0.7880691580756014,0.7227739726027397,0.6440008993780699,0.12608805907156245,0.27750396728515625,0.26809632778167725
h64_wd0.01_s1,o4,11,0.0005,0.6594276020401403,0.6730363965034485,0.7643900343642612,0.6955479452054794,0.5444179416723413,0.10440896636537138,0.28339359164237976,0.3147040903568268
h64_wd0.01_s1,o4,12,0.0005,0.6452834919879311,0.66111820936203,0.8201084621993129,0.7102739726027397,0.6467262519058139,0.11732563779049399,0.28913718461990356,0.35898178815841675
h64_wd0.01_s1,o4,13,0.0005,0.6569417809185228,0.6732680201530457,0.8114690721649486,0.6781678082191781,0.8981806935330852,0.1397555249962603,0.29643335938453674,0.4009700119495392
h64_wd0.01_s1,o4,14,0.0005,0.6492333757249933,0.6770400404930115,0.8158505154639175,0.6845890410958905,0.7322260566762461,0.08590870522528257,0.3024202883243561,0.4192483723163605
h64_wd0.01_s1,o4,15,0.0005,0.6665714728204828,0.6559149026870728,0.7935352233676976,0.7276541095890411,0.937400601613066,0.10843249121715708,0.30795523524284363,0.42452311515808105
h64_wd0.01_s1,o4,16,0.0005,0.6291951411648801,0.6594423055648804,0.7918492268041236,0.7107876712328767,0.8340714274792497,0.1342899173974219,0.31312671303749084,0.46323421597480774
h64_wd0.01_s1,o4,17,0.0005,0.627127114095186,0.6603139638900757,0.7920640034364261,0.7050513698630136,1.0081780134592455,0.13351132662477658,0.3185010254383087,0.5085424780845642
h64_wd0.01_s1,o4,18,0.0005,0.6286587087731612,0.6780894994735718,0.7387671821305841,0.6166095890410959,1.0502004756799352,0.12362451113662372,0.3237115144729614,0.5433690547943115
h64_wd0.01_s1,o4,19,0.0005,0.630907604568883,0.6504072546958923,0.8131067439862544,0.7220890410958903,1.101910514871985,0.12102526620622615,0.32898181676864624,0.5726712942123413
h64_wd0.01_s1,o4,20,0.0005,0.6141431174780193,0.6420587301254272,0.8287532216494846,0.7352739726027396,1.0872066470394248,0.11887929538658505,0.3341091275215149,0.6236090064048767
h64_wd0.01_s1,o4,21,0.0005,0.6615852588101437,0.6780189275741577,0.7507678264604811,0.6169520547945206,1.3299651021521899,0.17369825280241416,0.33812031149864197,0.6326026320457458
h64_wd0.01_s1,o4,22,0.0005,0.6166846752166748,0.6613588929176331,0.8060620704467354,0.7018835616438356,1.270947900778358,0.11931468499112294,0.3424346446990967,0.6507801413536072
h64_wd0.01_s1,o4,23,0.0005,0.6151293955351177,0.6365411877632141,0.8296606529209621,0.7311643835616439,0.8564723487986784,0.08252500501314068,0.34680211544036865,0.6863660216331482
h64_wd0.01_s1,o4,24,0.0005,0.596528056420778,0.6317912340164185,0.865002147766323,0.7443493150684931,1.3035594530663805,0.11661211341779687,0.3513508439064026,0.7294220924377441
h64_wd0.01_s1,o4,25,0.0005,0.5978156798764279,0.6283076405525208,0.8572594501718213,0.7436643835616438,1.4326454749631856,0.10876520038397847,0.35572195053100586,0.7737495303153992
h64_wd0.01_s1,o4,26,0.0005,0.6010400433289377,0.6219119429588318,0.8743019759450171,0.7455479452054793,1.1923159870617694,0.10694831088831039,0.3605983257293701,0.815195620059967
h64_wd0.01_s1,o4,27,0.0005,0.5822859092762596,0.635030210018158,0.8568406357388315,0.7294520547945206,1.369840991534246,0.0900136176583179,0.3652821183204651,0.8618369102478027
h64_wd0.01_s1,o4,28,0.0005,0.5790211025037264,0.6301506161689758,0.8698990549828178,0.7324486301369862,1.7582034809413685,0.12182161663755262,0.37019193172454834,0.9047044515609741
h64_wd0.01_s1,o4,29,0.0005,0.5720840865059903,0.6160051822662354,0.8949312714776633,0.7416095890410959,1.6002040572568204,0.13050492762170518,0.3749775290489197,0.9527208209037781
h64_wd0.01_s1,o4,30,0.0005,0.5883272384342394,0.6646416783332825,0.8165700171821306,0.6881849315068493,1.6437252267870477,0.09962661970526782,0.3794001638889313,0.9953367114067078
h64_wd0.01_s1,o4,31,0.0005,0.5588933919605455,0.6161932945251465,0.8882517182130585,0.7393835616438357,1.9931903716278152,0.10716185806859914,0.3841102719306946,1.0334365367889404
h64_wd0.01_s1,o4,32,0.0005,0.586135247820302,0.6063644289970398,0.9030444587628865,0.7458047945205479,2.6249379018552803,0.13765635148318953,0.38822874426841736,1.0672703981399536
h64_wd0.01_s1,o4,33,0.0005,0.5555990024616844,0.6182012557983398,0.8906464776632302,0.7337328767123288,1.423622029804853,0.1105276114364699,0.3916209936141968,1.0976759195327759
h64_wd0.01_s1,o4,34,0.0005,0.5609764880255649,0.6067445278167725,0.9143685567010309,0.7429794520547947,1.7893355289634594,0.08993259187792929,0.39516159892082214,1.137398362159729
h64_wd0.01_s1,o4,35,0.0005,0.5305156111717224,0.6382211446762085,0.8787908075601375,0.7109589041095891,2.1425543424601408,0.10195688527003517,0.3988840579986572,1.1802436113357544
h64_wd0.01_s1,o4,36,0.0005,0.5380450816530931,0.6036509871482849,0.9172036082474226,0.739041095890411,2.168154547181543,0.09780959248386073,0.40264371037483215,1.2176289558410645
h64_wd0.01_s1,o4,37,0.0005,0.5345794291872727,0.6130565404891968,0.9167472079037801,0.7288527397260274,1.9597243266045405,0.09475995827570405,0.4066801965236664,1.262069582939148
h64_wd0.01_s1,o4,38,0.0005,0.5551070021955591,0.6054081320762634,0.9248228092783506,0.7460616438356164,2.3487911702070057,0.08593861439502803,0.40997791290283203,1.2893699407577515
h64_wd0.01_s1,o4,39,0.0005,0.5135821794208727,0.6031358242034912,0.9285975085910653,0.7369863013698631,1.7857989388839997,0.10693518849336163,0.4133247435092926,1.3215818405151367
h64_wd0.01_s1,o4,40,0.0005,0.5317361966559762,0.6050752401351929,0.9333118556701031,0.734931506849315,1.3553282774582065,0.07799485845928404,0.41696807742118835,1.367825984954834
h64_wd0.01_s1,o4,41,0.0005,0.5147106098501306,0.6073416471481323,0.9364475945017182,0.7378424657534246,2.779318880117959,0.08657562661453247,0.420226514339447,1.4016796350479126
h64_wd0.01_s1,o4,42,0.0005,0.5122833079413364,0.6076532006263733,0.9369469501718213,0.7339041095890411,2.3883019286538327,0.11063224284488038,0.42395561933517456,1.439862847328186
h64_wd0.01_s1,o4,43,0.0005,0.5307588812552,0.6073439121246338,0.9383268900343642,0.7340753424657533,3.416610524374599,0.1342655144215253,0.42693281173706055,1.4648529291152954
h64_wd0.01_s1,o4,44,0.0005,0.5178999304771423,0.6189083456993103,0.9375751718213059,0.7344178082191781,3.40814684544823,0.1074502236523366,0.4300759434700012,1.4820215702056885
h64_wd0.01_s1,o4,45,0.0005,0.5297119742945621,0.6112185120582581,0.9431862113402062,0.7274828767123287,3.7511697552663485,0.10540107186573504,0.43310436606407166,1.5009962320327759
h64_wd0.01_s1,o4,46,0.0005,0.5156019424137316,0.6492604613304138,0.8972454896907216,0.701969178082192,2.5657913668296692,0.09935778968781475,0.4353194236755371,1.5170388221740723
h64_wd0.01_s1,o4,47,0.0005,0.5000964826659152,0.6097099184989929,0.944544673539519,0.7221746575342465,3.2996296034072974,0.09946486869939615,0.4386448264122009,1.5494755506515503
h64_wd0.01_s1,o4,48,0.0005,0.49060281326896266,0.6064824461936951,0.9497476374570446,0.7139554794520548,2.1983283560340356,0.09835459682400076,0.4420020580291748,1.5882384777069092
h64_wd0.01_s1,o4,49,0.0005,0.4922321909352353,0.6048968434333801,0.9497959621993127,0.720376712328767,3.350021453643672,0.10036394301542843,0.44528716802597046,1.6231900453567505
h64_wd0.01_s1,o4,50,0.0005,0.4889747923926303,0.6082375645637512,0.948620060137457,0.7258561643835618,2.843774967018226,0.10670484965638667,0.44818615913391113,1.6511064767837524
h64_wd0.01_s1,o4,51,0.0005,0.5223447507933566,0.641838788986206,0.9110609965635739,0.6964041095890411,2.6112980926740916,0.09151086860443919,0.451036661863327,1.6805133819580078
h64_wd0.01_s1,o4,52,0.0005,0.5205107927322388,0.6103013753890991,0.9483408505154639,0.7215753424657535,3.204296727741586,0.11260164853657635,0.4533129036426544,1.6882290840148926
h64_wd0.01_s1,o4,53,0.0005,0.4767046915857415,0.6523040533065796,0.9472938144329897,0.734417808219178,2.8291098206526484,0.09485428475197283,0.4563422203063965,1.7206652164459229
h64_wd0.01_s1,o4,54,0.0005,0.4786877490972218,0.610281765460968,0.9550579896907216,0.722431506849315,3.3328992183276345,0.07515319150322024,0.4594935476779938,1.7539304494857788
h64_wd0.01_s1,o4,55,0.0005,0.4734348874343069,0.6136761903762817,0.9554016323024055,0.7145547945205479,2.845481127454496,0.09106554981507857,0.46227574348449707,1.786620020866394
h64_wd0.01_s1,o4,56,0.0005,0.48836985701008845,0.6251063346862793,0.9455594931271478,0.7135273972602739,3.3543128006102627,0.0908796395532753,0.46486520767211914,1.814134955406189
h64_wd0.01_s1,o4,57,0.0005,0.4547176000319029,0.6227158904075623,0.9552083333333333,0.7171232876712328,2.7857768224408614,0.0874061983180516,0.4677048623561859,1.847898244857788
h64_wd0.01_s1,o4,58,0.0005,0.45023879565690694,0.6324793100357056,0.9552781357388316,0.7235445205479453,2.273295391621787,0.07797315552837807,0.4708457589149475,1.888086199760437
h64_wd0.01_s1,l0,1,0.0005,0.6951430543609287,0.6825463771820068,0.7473215069816457,0.7162052588903047,0.4188137232854107,0.1534166795681999,0.20493584871292114,0.018664605915546417
h64_wd0.01_s1,l0,2,0.0005,0.6749910245770994,0.6643215417861938,0.7529053599133514,0.7153944167728483,0.4161437527251264,0.21782207061755174,0.2581854462623596,0.02448735386133194
h64_wd0.01_s1,l0,3,0.0005,0.6644004039142443,0.659604549407959,0.7341632270718071,0.6880574539557512,0.5567678662579935,0.2742105547965914,0.3025229573249817,0.04300094395875931
h64_wd0.01_s1,l0,4,0.0005,0.6506702122480973,0.6363263130187988,0.7907189485085332,0.728831229004981,0.6968371202418706,0.2946558832135334,0.3520250618457794,0.06830885261297226
h64_wd0.01_s1,l0,5,0.0005,0.6297050844068113,0.6179899573326111,0.7942975908199409,0.7268620410054443,0.7276478397791313,0.24328211673051073,0.3954864740371704,0.09980209916830063
h64_wd0.01_s1,l0,6,0.0005,0.6146638237911722,0.6178486347198486,0.8192895407043118,0.7347387930035909,0.921977568173977,0.33990128619032733,0.43430352210998535,0.12515774369239807
h64_wd0.01_s1,l0,7,0.0005,0.5872971907905911,0.6059062480926514,0.8294912326922513,0.7358971388856712,0.9185030760731646,0.3118856727618297,0.47537678480148315,0.158248171210289
h64_wd0.01_s1,l0,8,0.0005,0.57472664895265,0.6075370907783508,0.8488920113579812,0.7436580562956099,0.9604237377660898,0.2421151680028805,0.5108276009559631,0.18786777555942535
h64_wd0.01_s1,l0,9,0.0005,0.5595166151938231,0.5998032093048096,0.8590132021896314,0.7423838758253215,1.0579109604400532,0.2683176872124381,0.5460877418518066,0.2175300121307373
h64_wd0.01_s1,l0,10,0.0005,0.5426780736964681,0.6119107604026794,0.8680366499809725,0.7451639059423144,1.2230908123693558,0.2927845130544633,0.5732507705688477,0.24416184425354004
h64_wd0.01_s1,l0,11,0.0005,0.5170028365176657,0.5914760231971741,0.8772576915195691,0.749681454882428,1.0526862395631869,0.24484086220910603,0.6001722812652588,0.2749524414539337
h64_wd0.01_s1,l0,12,0.0005,0.49264726820199384,0.5928812026977539,0.888952314042329,0.7502606278234681,1.2650558276750572,0.25680324649275754,0.6261802911758423,0.31351831555366516
h64_wd0.01_s1,l0,13,0.0005,0.5305707817492278,0.6030859351158142,0.8965121044465912,0.749797289470636,1.393792099925619,0.2723322535577912,0.6516388058662415,0.33758679032325745
h64_wd0.01_s1,l0,14,0.0005,0.48598529463228973,0.6033603549003601,0.9050452270132608,0.7481756052357234,1.4036810404982243,0.27368761978589756,0.6762204766273499,0.3746213912963867
h64_wd0.01_s1,l0,15,0.0005,0.4503173543059308,0.6186844110488892,0.9091581042709521,0.7507239661763002,1.2627977986604721,0.2186385795595007,0.6986514329910278,0.40634098649024963
h64_wd0.01_s1,l0,16,0.0005,0.45542511084805365,0.6043152213096619,0.9214235531746728,0.7451639059423145,1.9366898406129534,0.27922522694775764,0.7205900549888611,0.43549495935440063
h64_wd0.01_s1,l0,17,0.0005,0.42527840448462445,0.6261209845542908,0.9256827961710724,0.7453955751187304,1.6268451772770631,0.23758862729108512,0.7409840822219849,0.46811673045158386
h64_wd0.01_s1,l0,18,0.0005,0.40357088783512945,0.6143860220909119,0.9343330113287083,0.7474805977064751,1.4519403025403719,0.17480973013542195,0.7605716586112976,0.5063544511795044
h64_wd0.01_s1,l0,19,0.0005,0.40354363037192303,0.6654479503631592,0.9333523608793652,0.7474805977064751,1.7005997842882696,0.20198628168014562,0.7791962623596191,0.5423202514648438
h64_wd0.01_s1,l0,20,0.0005,0.4102278442486473,0.6285771727561951,0.9431881385205351,0.7479439360593073,1.9743759371844893,0.22447778841656008,0.7973911762237549,0.5677350163459778
h64_wd0.01_s1,l0,21,0.0005,0.4243133469768193,0.6496351361274719,0.9439711952226223,0.7444688984130662,2.3201107756102193,0.2629494656051538,0.8154332041740417,0.5902681350708008
h64_wd0.01_s1,l0,22,0.0005,0.38725968029188074,0.7200942635536194,0.9532068733350897,0.744005560060234,1.7250895831208581,0.17011709002137204,0.8321913480758667,0.6178464293479919
h64_wd0.01_s1,l0,23,0.0005,0.3676051633513492,0.6446303725242615,0.9576051637832615,0.735433800532839,2.1541076632046456,0.1937862593965074,0.8494794368743896,0.6494649052619934
h64_wd0.01_s1,l0,24,0.0005,0.32780008212379785,0.6610590219497681,0.9584760399285736,0.7413413645314492,1.601054264471727,0.14413767178187536,0.8651432991027832,0.690724790096283
h64_wd0.01_s1,l0,25,0.0005,0.34266152200491534,0.6862640976905823,0.9566318316208542,0.7525773195876289,1.8437254678286785,0.15662118558403554,0.8808681964874268,0.724291980266571
h64_wd0.01_s1,l0,26,0.0005,0.33365571110144904,0.6689088344573975,0.9627133280641667,0.7408780261786169,1.826826958704971,0.15490824811641754,0.8974895477294922,0.7613743543624878
h64_wd0.01_s1,l0,27,0.0005,0.342900759500006,0.6632800102233887,0.9693363777406985,0.7374029885323758,2.188312488898141,0.1705548070945911,0.9135798811912537,0.7917020320892334
h64_wd0.01_s1,l0,28,0.0005,0.31711652680583624,0.7212212085723877,0.9699145224085945,0.7459747480597705,2.127812718018864,0.16680318774687294,0.9291634559631348,0.824520468711853
h64_wd0.01_s1,l0,29,0.0005,0.28080676884754846,0.7210574150085449,0.9780012294722051,0.7316112591219738,2.021335914661617,0.13740237201258798,0.9414311051368713,0.8590065836906433
h64_wd0.01_s1,l0,30,0.0005,0.27543247653090436,0.7018862366676331,0.9810602734111998,0.7347387930035908,1.9669229760882148,0.12661946875856733,0.9539716243743896,0.8975724577903748
h64_wd0.01_s1,l0,31,0.0005,0.27415333753046783,0.7638887763023376,0.9797868914844414,0.7398355148847446,2.3268476163917597,0.14972021040688444,0.9667444825172424,0.9377607703208923
h64_wd0.01_s1,l0,32,0.0005,0.27576744167701056,0.7644930481910706,0.9750592781241767,0.7465539210008109,2.5704629211344256,0.14383550601051584,0.9793388843536377,0.9593286514282227
h64_wd0.01_s1,l0,33,0.0005,0.27797579441381537,0.7649660706520081,0.9778768185943034,0.7472489285300592,2.1322974332526434,0.13546894352613914,0.994451105594635,0.986249566078186
h64_wd0.01_s1,l0,34,0.0005,0.2710691230452579,0.7044620513916016,0.9793258394075115,0.7303370786516854,2.57574862429691,0.1267981652297342,1.0076179504394531,1.0151233673095703
h64_wd0.01_s1,l0,35,0.0005,0.28135743996371393,0.7200062274932861,0.9894250753783553,0.7310320861809336,2.5469824589154633,0.13599571788561157,1.0199054479599,1.0389214754104614
h64_wd0.01_s1,l0,36,0.0005,0.29898002808508667,0.765360414981842,0.986929539533386,0.7325379358276382,2.821759629454061,0.15624712251231607,1.0328164100646973,1.0645428895950317
h64_wd0.01_s1,l0,37,0.0005,0.3004082156264264,0.6847081780433655,0.9850560580779252,0.735433800532839,3.2836853221747635,0.1647600194214276,1.0480728149414062,1.0870959758758545
h64_wd0.01_s1,l0,38,0.0005,0.2614745666151461,0.7673786878585815,0.9885761540938497,0.7408780261786169,2.3646062652742565,0.1154639716168562,1.0622793436050415,1.118098497390747
h64_wd0.01_s1,l0,39,0.0005,0.23175995602555896,0.8199986219406128,0.9901715406457656,0.7372871539441678,2.598639226862912,0.13142455373889844,1.0730048418045044,1.1557281017303467
h64_wd0.01_s1,l0,40,0.0005,0.22917945780183957,0.8177493810653687,0.9905447732794707,0.7251245221823236,2.9826677555002385,0.12394471274524851,1.084567904472351,1.192038655281067
h64_wd0.01_s1,l0,41,0.0005,0.23143782110317893,0.8669804334640503,0.9923889815871901,0.7369396501795435,2.7483521992507947,0.11573168297905387,1.0942491292953491,1.2222627401351929
h64_wd0.01_s1,l0,42,0.0005,0.2321876954773198,0.9104794859886169,0.994467375076842,0.7297579057106451,3.1533027046103603,0.12744784056851097,1.1033951044082642,1.2491248846054077
h64_wd0.01_s1,l0,43,0.0005,0.21153190991152887,0.8903340697288513,0.9897836714381898,0.7402988532375769,3.0063284209961187,0.12161923607634448,1.1157166957855225,1.2753965854644775
h64_wd0.01_s1,l0,44,0.0005,0.2290770511912263,0.8279035091400146,0.9907789584614033,0.7312637553573497,2.860698727590043,0.11529315499706669,1.1257845163345337,1.3006556034088135
h64_wd0.01_s1,l0,45,0.0005,0.22008551721987518,0.7865310311317444,0.9928500336641198,0.7228078304181628,2.61152347410781,0.09699344755763221,1.134944200515747,1.3283050060272217
h64_wd0.01_s1,l1,1,0.0005,0.7009552794954051,0.6902497410774231,0.6011563599798894,0.5467782618665444,0.4215201308400588,0.1706671480854869,0.23044036328792572,0.02850210666656494
h64_wd0.01_s1,l1,2,0.0005,0.6915429208589636,0.6879825592041016,0.687136393018746,0.6341435450584729,0.2259607786971783,0.10033448744377492,0.2571239769458771,0.0373077467083931
h64_wd0.01_s1,l1,3,0.0005,0.6839071926863297,0.6843672394752502,0.6735042735042736,0.6090346250859894,0.2389713424982615,0.10884776867391087,0.26683008670806885,0.03076964057981968
h64_wd0.01_s1,l1,4,0.0005,0.6767015871794327,0.6779325604438782,0.7370825253178194,0.6790873652831919,0.31553708025152594,0.13025914394823224,0.2772195339202881,0.044973134994506836
h64_wd0.01_s1,l1,5,0.0005,0.6750284459279932,0.6737985014915466,0.7598003303885656,0.7083237789497822,0.42132001263716706,0.1590670450968724,0.29058825969696045,0.07165589928627014
h64_wd0.01_s1,l1,6,0.0005,0.6606814498486726,0.668499767780304,0.7743517919988508,0.7218527860582435,0.4244907234930625,0.14575313911651175,0.30528122186660767,0.11460914462804794
h64_wd0.01_s1,l1,7,0.0005,0.6502590205358423,0.6588435769081116,0.7866695396107161,0.7216234808530153,0.5204657650621006,0.14489781330827217,0.32173192501068115,0.16164349019527435
h64_wd0.01_s1,l1,8,0.0005,0.6442091076270394,0.6590351462364197,0.7679307620484092,0.6833295115799128,0.6809788204578646,0.17240452394149122,0.33963388204574585,0.21561895310878754
h64_wd0.01_s1,l1,9,0.0005,0.6160132807234059,0.6384909749031067,0.7881778352366586,0.7059160742948866,0.6715995566887126,0.16649358332345027,0.357196182012558,0.27253565192222595
h64_wd0.01_s1,l1,10,0.0005,0.6143492097439973,0.6447938680648804,0.8106370753429577,0.7421462967209356,0.7739236904779285,0.15359060075309686,0.37402641773223877,0.33628538250923157
h64_wd0.01_s1,l1,11,0.0005,0.6062438462091528,0.614942193031311,0.8255476549594196,0.7420316441183213,0.9085510136181232,0.14907017757567984,0.38749170303344727,0.3691103756427765
h64_wd0.01_s1,l1,12,0.0005,0.5891716402509938,0.6277013421058655,0.8304891187244128,0.7332033937170374,0.881691419038739,0.1553832005648313,0.4019041061401367,0.4245356023311615
h64_wd0.01_s1,l1,13,0.0005,0.5819194316864014,0.6350770592689514,0.8527903469079939,0.7359550561797753,1.0983117017387216,0.1530642769680631,0.41584664583206177,0.4761737287044525
h64_wd0.01_s1,l1,14,0.0005,0.5532812320667765,0.6097162961959839,0.8639301874595993,0.7359550561797752,1.073635637088755,0.12102738179896545,0.4300345480442047,0.5357872247695923
h64_wd0.01_s1,l1,15,0.0005,0.5486183542272319,0.6255923509597778,0.8699490052431229,0.7243751433157533,1.3335235965447778,0.14172952471264239,0.44377052783966064,0.5941564440727234
h64_wd0.01_s1,l1,16,0.0005,0.5613427602726481,0.6127291321754456,0.8731523378582202,0.7279293739967896,1.4672480175346703,0.13478522655165126,0.45588019490242004,0.6294237375259399
h64_wd0.01_s1,l1,17,0.0005,0.5552872574847677,0.6104568839073181,0.8843855490914314,0.7288465948177024,1.3152837269150717,0.13651477479532967,0.4675739109516144,0.6732960343360901
h64_wd0.01_s1,l1,18,0.0005,0.5527136403581371,0.6113983988761902,0.8855634561516914,0.7263242375601926,1.28773523514927,0.11305413185301584,0.47789838910102844,0.709449052810669
h64_wd0.01_s1,l1,19,0.0005,0.5254270615785018,0.6020525097846985,0.897256338432809,0.740082549873882,1.4840490459731779,0.1189609117706728,0.4868384599685669,0.7466736435890198
h64_wd0.01_s1,l1,20,0.0005,0.5250039852183798,0.6053354144096375,0.894965165553401,0.7482228846594817,1.6880834899478951,0.12369195812944903,0.4968552589416504,0.7976073622703552
h64_wd0.01_s1,l1,21,0.0005,0.5232180020083552,0.611079752445221,0.9058392587804354,0.7348085301536345,1.6367023363484114,0.1317792744922844,0.5066578388214111,0.8386852741241455
h64_wd0.01_s1,l1,22,0.0005,0.49661379404689954,0.6087661385536194,0.9032320620555915,0.745585874799358,1.9356020133005916,0.12596097788204405,0.5166937112808228,0.8850657939910889
h64_wd0.01_s1,l1,23,0.0005,0.4745800132336824,0.6131585836410522,0.9175895999425411,0.7344645723457923,1.5097893835374048,0.10028445307649432,0.5254808664321899,0.9353138208389282
h64_wd0.01_s1,l1,24,0.0005,0.48423723552538,0.601536750793457,0.909811103928751,0.7450126117862875,1.55917387688805,0.11090398394224799,0.5343712568283081,0.9851349592208862
h64_wd0.01_s1,l1,25,0.0005,0.476259374100229,0.6542039513587952,0.9201249730661495,0.7463884430176566,2.1083409517299363,0.11682853960179247,0.543299674987793,1.0326064825057983
h64_wd0.01_s1,l1,26,0.0005,0.49120017886161804,0.617197573184967,0.9316777993248581,0.7324008254987389,2.8999703892002016,0.17141148321303798,0.5513609647750854,1.0594451427459717
h64_wd0.01_s1,l1,27,0.0005,0.4663313951181329,0.6209333539009094,0.9334482510953099,0.7320568676908966,2.080358403112244,0.11610128416742743,0.5587736964225769,1.0847954750061035
h64_wd0.01_s1,l1,28,0.0005,0.44554798369822296,0.6222816705703735,0.939739998563528,0.7333753726209584,1.9467097847267276,0.10215192472164114,0.564681351184845,1.1185132265090942
h64_wd0.01_s1,l1,29,0.0005,0.45651831186336017,0.6583948731422424,0.928671981613158,0.7418023389130933,2.158879474213754,0.12355924614475469,0.5722647309303284,1.1687932014465332
h64_wd0.01_s1,l1,30,0.0005,0.42583063957483874,0.6439752578735352,0.94240465416936,0.7390506764503554,2.2248095346304178,0.10046262613516133,0.5802158713340759,1.2200367450714111
h64_wd0.01_s1,l1,31,0.0005,0.4233156196449114,0.6294588446617126,0.9510809451985923,0.7360697087823893,2.312214545062584,0.10970844258719302,0.5863602161407471,1.2651714086532593
h64_wd0.01_s1,l1,32,0.0005,0.42651425625966943,0.6487520337104797,0.946915176326941,0.7322288465948176,2.393247243411745,0.12694622109277165,0.5933810472488403,1.3123664855957031
h64_wd0.01_s1,l1,33,0.0005,0.44626336901084235,0.6521114706993103,0.9514687926452632,0.7360697087823893,3.375340070261401,0.1343925018593426,0.6010721921920776,1.3474140167236328
h64_wd0.01_s1,l1,34,0.0005,0.42836376765499945,0.6521196961402893,0.9547331753214107,0.7409424443934878,2.8437281985944485,0.1087471637872393,0.6082915663719177,1.3766682147979736
h64_wd0.01_s1,l1,35,0.0005,0.4171309600705686,0.6527931094169617,0.9574373339079221,0.7466177482228846,2.6166564025853667,0.11322821821132323,0.6138982772827148,1.40532386302948
h64_wd0.01_s1,l1,36,0.0005,0.3837950981181601,0.6686983108520508,0.9606550312432666,0.732744783306581,2.593998017287561,0.0894591244124958,0.6196225881576538,1.4438923597335815
h64_wd0.01_s1,l1,37,0.0005,0.41437712441320007,0.6394516825675964,0.9639158227393523,0.7380188030268285,3.5207188206990265,0.12700986084613583,0.6254485845565796,1.4727500677108765
h64_wd0.01_s1,l1,38,0.0005,0.3673101896825044,0.6685599088668823,0.9641528406234288,0.7459298326072001,2.2837764278696167,0.09892932774621528,0.6310857534408569,1.50998055934906
h64_wd0.01_s1,l1,39,0.0005,0.4005263214525969,0.7419223189353943,0.9601091718738778,0.7394519605595047,2.9081638025664933,0.09794237708904849,0.6369693875312805,1.5545406341552734
h64_wd0.01_s1,l1,40,0.0005,0.35040331729080365,0.7081347703933716,0.9666235725059256,0.7342352671405641,2.5657207798523243,0.07832680406458192,0.642690896987915,1.5969537496566772
h64_wd0.01_s1,l2,1,0.0005,0.6866186721758409,0.670748233795166,0.7529872584283362,0.7264367816091953,0.7182411133164096,0.32086519165400335,0.21186563372612,0.017129871994256973
h64_wd0.01_s1,l2,2,0.0005,0.6739140478047457,0.6653487682342529,0.7579025178321039,0.6911070780399274,0.760322327179039,0.4175542835888887,0.2675577998161316,0.021334832534193993
h64_wd0.01_s1,l2,3,0.0005,0.6631530956788496,0.6631863117218018,0.7675196610376152,0.7094978826376286,0.8981947944251257,0.5018019668965054,0.3203315734863281,0.029889049008488655
h64_wd0.01_s1,l2,4,0.0005,0.6647460433569822,0.6651596426963806,0.7730674266902395,0.7228070175438597,0.8751944892938197,0.47636559500668163,0.35695570707321167,0.03239461034536362
h64_wd0.01_s1,l2,5,0.0005,0.641234506260265,0.6207496523857117,0.7848716698164969,0.7511191772534785,0.9818756518878611,0.5061098509901157,0.3932466208934784,0.04034167528152466
h64_wd0.01_s1,l2,6,0.0005,0.6140901906923815,0.6156314611434937,0.7981619215997073,0.7408348457350271,0.6380722775853775,0.2949022328745594,0.42910054326057434,0.05467884987592697
h64_wd0.01_s1,l2,7,0.0005,0.5968199426477606,0.6261908411979675,0.8070474913125647,0.770356926799758,0.8996468024518548,0.3933326995988385,0.46675431728363037,0.07783160358667374
h64_wd0.01_s1,l2,8,0.0005,0.5841392427682877,0.6038657426834106,0.8259159909772603,0.7749546279491834,0.9297877055556868,0.3999655094427878,0.5022399425506592,0.09381575137376785
h64_wd0.01_s1,l2,9,0.0005,0.5732622200792487,0.6035335063934326,0.8346491495458147,0.7523290986085904,0.99375399680597,0.36957699114958165,0.5368558764457703,0.11168579757213593
h64_wd0.01_s1,l2,10,0.0005,0.5592933432622389,0.6228199005126953,0.8363637749192221,0.7889897156684815,1.1035336828991955,0.32878297446821025,0.5679237246513367,0.12749497592449188
h64_wd0.01_s1,l2,11,0.0005,0.5504797087474302,0.5842633247375488,0.8554304090715114,0.7656382335148216,1.156933724910751,0.3743655468560547,0.5996195673942566,0.14791589975357056
h64_wd0.01_s1,l2,12,0.0005,0.543592477386648,0.6354273557662964,0.8577165762360544,0.7545069570477919,1.2930085966399745,0.35391298258004067,0.6283181309700012,0.16884493827819824
h64_wd0.01_s1,l2,13,0.0005,0.5607030689716339,0.5741429328918457,0.8761964274827776,0.7742286751361162,1.4817207923029914,0.4255755461754672,0.6558803915977478,0.18428973853588104
h64_wd0.01_s1,l2,14,0.0005,0.5359800539233468,0.5760855078697205,0.8796790221300981,0.7845130066545675,1.218891055387866,0.29040117981773067,0.6841440200805664,0.19944071769714355
h64_wd0.01_s1,l2,15,0.0005,0.49872397021813825,0.584479808807373,0.8880159117234653,0.7806412583182093,1.3967799632655165,0.36857216688277883,0.7079460024833679,0.21893824636936188
h64_wd0.01_s1,l2,16,0.0005,0.49533536623824725,0.6261799931526184,0.8913689568981283,0.7924984875983061,1.3639213941393946,0.33221111156832367,0.7317323684692383,0.24051706492900848
h64_wd0.01_s1,l2,17,0.0005,0.48765196718952875,0.6229559183120728,0.8971682009388526,0.7872958257713248,1.3626443128477528,0.2627823367686256,0.7534087300300598,0.2595343291759491
h64_wd0.01_s1,l2,18,0.0005,0.4844960163940083,0.6098747849464417,0.9111900262147169,0.7695099818511797,1.543896332896917,0.3058177001893029,0.776060938835144,0.2814226746559143
h64_wd0.01_s1,l2,19,0.0005,0.4576343297958374,0.5942516326904297,0.9158614277875998,0.7764065335753175,1.1790657638941129,0.2596327757924105,0.7965925335884094,0.30743762850761414
h64_wd0.01_s1,l2,20,0.0005,0.4359742375937375,0.5630404353141785,0.919161129061757,0.7869328493647912,1.4721498322591855,0.2694751570341461,0.8182428479194641,0.337600976228714
h64_wd0.01_s1,l2,21,0.0005,0.4623792361129414,0.634040117263794,0.9276885325855025,0.7722928009679371,1.944766422140296,0.3297341087495464,0.8375533819198608,0.3552252948284149
h64_wd0.01_s1,l2,22,0.0005,0.44084356318820606,0.5689637660980225,0.929349814058404,0.786206896551724,1.4649331678822783,0.24691042314266998,0.8578259348869324,0.3708955943584442
h64_wd0.01_s1,l2,23,0.0005,0.42781237038699066,0.6391921639442444,0.9307519965859904,0.7721718088324259,1.7332863455312406,0.3177478761093865,0.8750836849212646,0.3862622082233429
h64_wd0.01_s1,l2,24,0.0005,0.41988204555077985,0.5780221223831177,0.9371913674327867,0.7826981246218996,1.6406469514504565,0.24603491128874772,0.8932180404663086,0.41228362917900085
h64_wd0.01_s1,l2,25,0.0005,0.39833593368530273,0.5976734161376953,0.9392565384380905,0.7784633998790079,1.4978451201234277,0.24557734187324642,0.9112538695335388,0.4418983459472656
h64_wd0.01_s1,l2,26,0.0005,0.3917039693756537,0.5621410608291626,0.9503901725294154,0.7847549909255898,1.8689194549475003,0.2612881440449862,0.9280385375022888,0.4618991017341614
h64_wd0.01_s1,l2,27,0.0005,0.39481842246922577,0.6299766898155212,0.955099676888374,0.7708408953418027,2.0149978942497047,0.2415218561131242,0.9449488520622253,0.4877122640609741
h64_wd0.01_s1,l2,28,0.0005,0.39012834565206006,0.6336526870727539,0.9522267268182649,0.7696309739866908,2.08566421489261,0.2772901624088728,0.9628984928131104,0.5028542876243591
h64_wd0.01_s1,l2,29,0.0005,0.3730258643627167,0.621258556842804,0.9556559775650796,0.778584392014519,1.8084416563004566,0.23969658541723804,0.9778902530670166,0.5264828205108643
h64_wd0.01_s1,l2,30,0.0005,0.36622425642880524,0.6865936517715454,0.960883679814668,0.7802782819116757,2.15113128395543,0.22269676556359272,0.9943960905075073,0.5410067439079285
h64_wd0.01_s1,l2,31,0.0005,0.3307232985442335,0.6049113273620605,0.9639852466012315,0.7777374470659407,1.6910753490979575,0.19490820115349453,1.0096101760864258,0.5699243545532227
h64_wd0.01_s1,l2,32,0.0005,0.32594574107365176,0.6238346099853516,0.9673840151191855,0.7770114942528735,1.9905453201811427,0.20715762906469762,1.0244760513305664,0.6012738347053528
h64_wd0.01_s1,l2,33,0.0005,0.3265251551162113,0.668336033821106,0.9724212034383953,0.7720508166969147,2.1843911468515746,0.22689674239483326,1.0382450819015503,0.6283948421478271
h64_wd0.01_s1,l2,34,0.0005,0.32959486137736926,0.7366083264350891,0.9673230506614643,0.776043557168784,2.5692002478319513,0.2310015792133144,1.0522003173828125,0.6496837735176086
h64_wd0.01_s1,l2,35,0.0005,0.3431507328694517,0.6561509966850281,0.9671706395171614,0.7738656987295826,2.3670823268952295,0.2282187892403902,1.0697885751724243,0.6685327887535095
h64_wd0.01_s1,l2,36,0.0005,0.38201381401582196,0.5945892930030823,0.9725431323538377,0.7762855414398063,2.5639392650128503,0.2666761365776674,1.0865428447723389,0.6755185127258301
h64_wd0.01_s1,l3,1,0.0005,0.6956496705179629,0.6830044984817505,0.7352316658856608,0.6504112127881385,0.5062093155822125,0.19057486707393956,0.20579960942268372,0.02118907868862152
h64_wd0.01_s1,l3,2,0.0005,0.6729229040767836,0.6710481643676758,0.7442229967197751,0.6496003706706823,0.5102520072795668,0.2303315980537286,0.25669705867767334,0.017560964450240135
h64_wd0.01_s1,l3,3,0.0005,0.658953096555627,0.6668062806129456,0.7457386363636365,0.6414919494961197,0.6819378387789837,0.28377038169211694,0.3033009171485901,0.029855282977223396
h64_wd0.01_s1,l3,4,0.0005,0.6355255738548611,0.6447160243988037,0.7967065955951266,0.684698250897718,0.8202033328805116,0.34058630713199833,0.3539974093437195,0.06317386031150818
h64_wd0.01_s1,l3,5,0.0005,0.6112377954565961,0.6365329623222351,0.8176399953139644,0.693965017954361,0.8864372137548402,0.3285952587463063,0.4022321105003357,0.09748197346925735
h64_wd0.01_s1,l3,6,0.0005,0.5945956473765166,0.6423233151435852,0.8261407567947516,0.6878257847793351,0.9864935348163335,0.3119563334514742,0.44373583793640137,0.1276978850364685
h64_wd0.01_s1,l3,7,0.0005,0.5865128610445105,0.6622283458709717,0.8231241213683225,0.6714931078420016,1.2105060722029723,0.29457546940981033,0.4821609854698181,0.15133969485759735
h64_wd0.01_s1,l3,8,0.0005,0.5641713984634565,0.655504047870636,0.8458953256794752,0.68458241630951,1.0502304666549696,0.28440098079908466,0.5190848112106323,0.17829503118991852
h64_wd0.01_s1,l3,9,0.0005,0.545352296984714,0.6246388554573059,0.8675755623242737,0.702652612069964,1.2575709995452369,0.30819197060341935,0.5582165122032166,0.20836181938648224
h64_wd0.01_s1,l3,10,0.0005,0.5259184578190679,0.6506783366203308,0.8706727389878164,0.6958183713656898,1.3451957086354476,0.3294535172068728,0.5912042260169983,0.24393633008003235
h64_wd0.01_s1,l3,11,0.0005,0.49067810696104297,0.6139079332351685,0.8918038308341143,0.7192169581837138,1.2586990494449977,0.27935823689225003,0.6226579546928406,0.2829953730106354
h64_wd0.01_s1,l3,12,0.0005,0.46503818683002307,0.6443745493888855,0.8970609770384255,0.7128460558322715,1.3524124684026435,0.2701963795666939,0.6512696743011475,0.3256283700466156
h64_wd0.01_s1,l3,13,0.0005,0.4900125135546145,0.6176034212112427,0.9070188027179007,0.7214178153596664,1.6513885506154988,0.28534211633013223,0.6779417395591736,0.35160937905311584
h64_wd0.01_s1,l3,14,0.0005,0.4807846196319746,0.649004340171814,0.9116828725398314,0.7063593188926214,1.7350264915854139,0.2635712330693374,0.7036707997322083,0.3791079521179199
h64_wd0.01_s1,l3,15,0.0005,0.4592963288659635,0.6281007528305054,0.9196271672914713,0.7226919958299548,1.7000063711751856,0.22790621699526672,0.7303557991981506,0.41115736961364746
h64_wd0.01_s1,l3,16,0.0005,0.4797647802726082,0.6554508805274963,0.9218603561387066,0.7128460558322715,2.5430211227708748,0.3866589095148615,0.7548006176948547,0.4106151759624481
h64_wd0.01_s1,l3,17,0.0005,0.4166993770910346,0.6286193132400513,0.92973143158388,0.7238503417120352,1.4802875275674439,0.23536849562363676,0.7750333547592163,0.4286007881164551
h64_wd0.01_s1,l3,18,0.0005,0.40230364125707874,0.6652176380157471,0.9359843603561386,0.7196802965365457,1.6940504752893397,0.2292830673411866,0.7933517694473267,0.4647577106952667
h64_wd0.01_s1,l3,19,0.0005,0.3941674089950064,0.6705120205879211,0.9374487464854733,0.7246611838294915,1.8961711536485903,0.2549218868884024,0.8129792809486389,0.49480295181274414
h64_wd0.01_s1,l3,20,0.0005,0.39168274791344354,0.6817145943641663,0.948109477507029,0.7219969883007066,1.8568619501361716,0.2302671621205974,0.8292608261108398,0.5195263624191284
h64_wd0.01_s1,l3,21,0.0005,0.4036404244277788,0.7138051390647888,0.9439140112464856,0.7312637553573497,2.256188498167866,0.23149651477030464,0.8483378291130066,0.5471472144126892
h64_wd0.01_s1,l3,22,0.0005,0.41814509941184,0.651582658290863,0.9514189901593253,0.7207228078304181,2.0882497179147173,0.22627255613394107,0.8669708967208862,0.5627383589744568
h64_wd0.01_s1,l3,23,0.0005,0.35666092258432636,0.8012758493423462,0.9584919751640113,0.7230394995945789,2.023718904267304,0.20920813591452742,0.8851282596588135,0.6013456583023071
h64_wd0.01_s1,l3,24,0.0005,0.39004738304926,0.6698029041290283,0.9539889878163074,0.7375188231205838,2.244809835410214,0.2291456374300733,0.9032578468322754,0.6241651773452759
h64_wd0.01_s1,l3,25,0.0005,0.385528186093206,0.6446889638900757,0.9626654756326147,0.7267462064172362,2.6361033791244908,0.2293817884903791,0.9213055968284607,0.6409426331520081
h64_wd0.01_s1,l3,26,0.0005,0.3357634097337723,0.6821035146713257,0.9640273547328959,0.7313795899455577,1.9493197249969796,0.20812212264437374,0.9375038743019104,0.6708697080612183
h64_wd0.01_s1,l3,27,0.0005,0.3169303277264471,0.7223119139671326,0.9687792877225867,0.7316112591219739,2.083372501656764,0.18495416921363964,0.951098620891571,0.7007319927215576
h64_wd0.01_s1,l3,28,0.0005,0.3430979310170464,0.7251462340354919,0.9709612230552953,0.7162052588903046,2.7431260181677137,0.22313634056682907,0.9680818915367126,0.7259016633033752
h64_wd0.01_s1,l3,29,0.0005,0.32607001390146173,0.7093976140022278,0.9720814784442362,0.7313795899455577,1.8771614006926687,0.17741954667700158,0.9820893406867981,0.756267249584198
h64_wd0.01_s1,l3,30,0.0005,0.29655796613382257,0.7365339398384094,0.9757863753514526,0.7211861461832504,1.8246202175147068,0.15293287858991195,0.9946697354316711,0.7976064085960388
h64_wd0.01_s1,l3,31,0.0005,0.31193894083085266,0.6934841275215149,0.9824639761012184,0.7233870033592029,2.5765012440143384,0.2139284431800524,1.0088638067245483,0.8344334363937378
h64_wd0.01_s1,l3,32,0.0005,0.2813556213741717,0.7360732555389404,0.9812997891283974,0.7236186725356192,2.1786339752435198,0.14594779927904425,1.022565484046936,0.8732390999794006
h64_wd0.01_s1,l3,33,0.0005,0.2873991125303766,0.742372989654541,0.9842871368322399,0.729178732769605,2.092700064064262,0.1394313203069367,1.0368893146514893,0.9091000556945801
h64_wd0.01_s1,l3,34,0.0005,0.2758777245231297,0.8563785552978516,0.9870328608247423,0.7257036951233637,2.57331710233009,0.15339802283238657,1.0510200262069702,0.949296236038208
h64_wd0.01_s1,l3,35,0.0005,0.24140105493690656,0.8266832828521729,0.981241213683224,0.7358971388856712,2.294983929034228,0.13441862827786452,1.0647116899490356,0.98691725730896
h64_wd0.01_s1,l3,36,0.0005,0.2967848227075908,0.8898550271987915,0.988607075913777,0.7108768678327348,3.44847741178393,0.19228683810603273,1.0782614946365356,1.0108338594436646
h64_wd0.01_s1,l3,37,0.0005,0.2841616894887841,0.7410224080085754,0.9924950210871601,0.7199119657129619,2.960234302121257,0.1734513071756095,1.0920048952102661,1.0222700834274292
h64_wd0.01_s1,l3,38,0.0005,0.246255896013716,0.7247642874717712,0.9919971298031866,0.7228078304181629,1.9419329292719836,0.13595016401055576,1.1050095558166504,1.0558122396469116
h64_wd0.01_s1,l3,39,0.0005,0.23504170516262884,0.781639814376831,0.9906132849109653,0.7287153944167729,2.431588660085403,0.1658921142171266,1.1164041757583618,1.0973153114318848
h64_wd0.01_s1,l3,40,0.0005,0.23386362972466843,0.8672058582305908,0.9878382731958764,0.7243136800648674,2.4307704882748418,0.12130174465497484,1.1280062198638916,1.1300873756408691
h64_wd0.01_s1,l3,41,0.0005,0.34424641274887585,0.6791619062423706,0.9833792174320525,0.7188694544190896,4.409494829321572,0.22875704197686741,1.1411463022232056,1.129589319229126
h64_wd0.01_s1,l3,42,0.0005,0.3419213871593061,0.77106773853302,0.9927073570759137,0.7011467624232596,2.4553087232323985,0.14818424546301728,1.1569836139678955,1.1491671800613403
h64_wd0.01_s1,l3,43,0.0005,0.3434635685837787,0.7337925434112549,0.9833792174320525,0.7254720259469478,3.757129151943931,0.2032441508364226,1.1709022521972656,1.1636651754379272
h64_wd0.01_s1,l3,44,0.0005,0.2883242122505022,0.7248768210411072,0.9913820876288659,0.7199119657129619,2.254031690690839,0.14117055559688918,1.1833689212799072,1.1946569681167603
h64_wd0.01_s1,l4,1,0.0005,0.6960532432017119,0.6918215155601501,0.6988266453598485,0.5934864104967198,0.5862350078422986,0.2546456778969474,0.20962628722190857,0.019251743331551552
h64_wd0.01_s1,l4,2,0.0005,0.6782083537267602,0.6741620302200317,0.7397312973484849,0.6829896907216495,0.5323859771300444,0.2577933588490997,0.25644344091415405,0.022815009579062462
h64_wd0.01_s1,l4,3,0.0005,0.6592798284862352,0.6601880192756653,0.7705374053030304,0.6920103092783506,0.5975714112717815,0.2665907864113276,0.29782432317733765,0.03286280855536461
h64_wd0.01_s1,l4,4,0.0005,0.6380011180172795,0.6461892127990723,0.7832401160037878,0.7005623242736645,0.6959032745231765,0.3126457141947223,0.349181205034256,0.06108655035495758
h64_wd0.01_s1,l4,5,0.0005,0.6170344560042672,0.6363959908485413,0.8002189867424243,0.7070056232427366,0.7189955553286884,0.3118798477041468,0.39969009160995483,0.0945025160908699
h64_wd0.01_s1,l4,6,0.0005,0.6117324414460555,0.6291913390159607,0.8199573863636365,0.711340206185567,1.0266923246496489,0.39452484208314365,0.44295355677604675,0.1186622902750969
h64_wd0.01_s1,l4,7,0.0005,0.5752552048019741,0.6237605214118958,0.8366995146780304,0.7197750702905342,0.808195707866127,0.2417562393469797,0.4846373498439789,0.15363220870494843
h64_wd0.01_s1,l4,8,0.0005,0.5657230939554132,0.6154858469963074,0.8603811553030303,0.7248125585754452,0.9309690181961167,0.2784582722219541,0.5219767093658447,0.18536506593227386
h64_wd0.01_s1,l4,9,0.0005,0.5239401679971943,0.6170447468757629,0.873046875,0.7255154639175257,1.0486777509880085,0.3108427768590263,0.5620497465133667,0.2290302962064743
h64_wd0.01_s1,l4,10,0.0005,0.5156153297942617,0.6099781394004822,0.8843957149621212,0.7272727272727273,1.2765363946219945,0.337244937578173,0.5985997319221497,0.2673390507698059
h64_wd0.01_s1,l4,11,0.0005,0.5024760093377985,0.6266154050827026,0.8985558712121212,0.7289128397375819,1.3125649008539526,0.2491638811554759,0.6303451061248779,0.29745540022850037
h64_wd0.01_s1,l4,12,0.0005,0.4897997599581014,0.6574501991271973,0.8995546283143938,0.7256326148078724,1.6563391315875122,0.3115085639239791,0.660722553730011,0.3224160671234131
h64_wd0.01_s1,l4,13,0.0005,0.487093562665193,0.6118682622909546,0.9078332149621212,0.7353561387066542,1.3959957234682896,0.25966441919448735,0.690459668636322,0.34780144691467285
h64_wd0.01_s1,l4,14,0.0005,0.4720964146697003,0.6134552359580994,0.9161561908143939,0.7248125585754452,1.7812768186921206,0.34621820602588,0.7210680246353149,0.38127633929252625
h64_wd0.01_s1,l4,15,0.0005,0.43015777287275897,0.6289896965026855,0.9262547348484848,0.7311387066541706,1.3441160443268856,0.22182264051817194,0.7497822642326355,0.41232830286026
h64_wd0.01_s1,l4,16,0.0005,0.43138275846191076,0.7101994156837463,0.9325506036931819,0.7277413308341144,1.5684135914261845,0.2296281587960812,0.7689424753189087,0.4378412067890167
h64_wd0.01_s1,l4,17,0.0005,0.42601407092550525,0.6596823930740356,0.932077118844697,0.7153233364573571,1.8140606873657064,0.2446363080673896,0.7892796397209167,0.46338385343551636
h64_wd0.01_s1,l4,18,0.0005,0.4416924909405086,0.7200483083724976,0.9420424952651515,0.7168462980318651,2.1861847561146233,0.24830967614666133,0.8099591135978699,0.47745707631111145
h64_wd0.01_s1,l4,19,0.0005,0.44741706874059595,0.7103620171546936,0.9464518229166666,0.7227038425492034,2.192784401494224,0.2669041112114631,0.8305084109306335,0.48678892850875854
h64_wd0.01_s1,l4,20,0.0005,0.45629146695137024,0.7097167372703552,0.9453938802083334,0.7318416119962512,2.2489899896053247,0.28624022058341214,0.8524585366249084,0.4973321855068207
h64_wd0.01_s1,l4,21,0.0005,0.41806515273840533,0.6270124912261963,0.9472878196022727,0.7287956888472352,1.9605663755188594,0.23605069497786768,0.8730409145355225,0.5143060684204102
h64_wd0.01_s1,l4,22,0.0005,0.4206726862036664,0.6342052817344666,0.9531102035984849,0.7122774133083412,1.9684157023260924,0.24939552094221473,0.8901058435440063,0.5428131222724915
h64_wd0.01_s1,l4,23,0.0005,0.4005354526250259,0.6974219083786011,0.9519264914772727,0.725398313027179,2.018654772796122,0.24948764168488854,0.9069438576698303,0.5673477649688721
h64_wd0.01_s1,l4,24,0.0005,0.37550203048664593,0.711887776851654,0.9522446141098485,0.7221180880974695,1.997780925618897,0.1869575117902278,0.9226056337356567,0.5920279026031494
h64_wd0.01_s1,l4,25,0.0005,0.3587038912203001,0.6748073101043701,0.9585330847537878,0.7196579194001875,1.6483134849677836,0.18269739566462748,0.9373435974121094,0.6184654235839844
h64_wd0.01_s1,l4,26,0.0005,0.3374119264924008,0.7113036513328552,0.9608709161931819,0.7225866916588566,1.8904316339637222,0.17450672669035022,0.9511961936950684,0.6524257659912109
h64_wd0.01_s1,l4,27,0.0005,0.3549939866947091,0.6487085819244385,0.9594060724431819,0.7284442361761949,2.395826458998033,0.1930706810472085,0.9659019708633423,0.6744620203971863
h64_wd0.01_s1,l4,28,0.0005,0.34156507836735767,0.6752044558525085,0.9645700165719697,0.7180178069353327,1.5779833331704145,0.15851881355854291,0.9802644848823547,0.7011619210243225
h64_wd0.01_s1,l4,29,0.0005,0.33050362247487775,0.6976889371871948,0.9701260653409092,0.7258669165885661,1.52656337901556,0.1683925336377191,0.9958066940307617,0.7402867078781128
h64_wd0.01_s1,l4,30,0.0005,0.30916243014128314,0.7736720442771912,0.9670854048295454,0.720829428303655,1.7571226034941103,0.16042221869052506,1.0104293823242188,0.7778502106666565
h64_wd0.01_s1,l4,31,0.0005,0.3093522242877794,0.7110846638679504,0.9730705492424243,0.7271555763823805,2.0528930521195954,0.1569901668528271,1.0232415199279785,0.8006423115730286
h64_wd0.01_s1,l4,32,0.0005,0.32211834775364917,0.6783214211463928,0.9791000828598484,0.7125702905342081,2.5988503726163175,0.20362234705880214,1.0363001823425293,0.8238082528114319
h64_wd0.01_s1,l4,33,0.0005,0.31196528673171997,0.7314745783805847,0.9753122040719697,0.7053655107778819,2.1841162189879024,0.1812934463701532,1.0512193441390991,0.845741868019104
h64_wd0.01_s1,l5,1,0.0005,0.7055598632855848,0.6819331049919128,0.736741902926874,0.6649938800489595,0.708585080549073,0.31366507079413036,0.20868320763111115,0.02704187110066414
h64_wd0.01_s1,l5,2,0.0005,0.675116007978266,0.6907297968864441,0.733461785484907,0.6594859241126071,0.5979916009097757,0.2942116473208628,0.25804004073143005,0.03270227834582329
h64_wd0.01_s1,l5,3,0.0005,0.667431270534342,0.6582323312759399,0.768579686209744,0.6988984088127295,0.7481473648975,0.3550517771597592,0.2990124225616455,0.030278515070676804
h64_wd0.01_s1,l5,4,0.0005,0.6522164182229475,0.6831176280975342,0.7507493042175124,0.7020807833537331,0.9770671541822586,0.49309965608635836,0.33817124366760254,0.034784384071826935
h64_wd0.01_s1,l5,5,0.0005,0.6325657205148176,0.6376332640647888,0.7813331498302596,0.7152998776009792,0.7447255554203036,0.35350541608436853,0.37214183807373047,0.0341409333050251
h64_wd0.01_s1,l5,6,0.0005,0.6136469380422072,0.6317616701126099,0.8037740465486131,0.7116279069767442,0.7832446696718189,0.33474550780130147,0.4144077003002167,0.05519542470574379
h64_wd0.01_s1,l5,7,0.0005,0.5938841741193425,0.6192171573638916,0.8181102241795885,0.716891064871481,0.8881612698235183,0.3819162194180548,0.4494270980358124,0.07825678586959839
h64_wd0.01_s1,l5,8,0.0005,0.5763907229358499,0.6181358695030212,0.8359406061718201,0.7168910648714811,0.9817076807990172,0.33219963564789307,0.4882175028324127,0.10846520960330963
h64_wd0.01_s1,l5,9,0.0005,0.5544060319662094,0.6504834294319153,0.8480976848028872,0.7246022031823746,1.0464819144129867,0.3722959282131917,0.5234063267707825,0.13086852431297302
h64_wd0.01_s1,l5,10,0.0005,0.5535340417515148,0.6428285837173462,0.8624644462794753,0.7192166462668298,1.104762623592037,0.37200637549079046,0.5582882761955261,0.15337823331356049
h64_wd0.01_s1,l5,11,0.0005,0.5356802561066367,0.613959550857544,0.8686194452090406,0.7292533659730721,1.1983719663893244,0.32714898632525546,0.5924413800239563,0.17321975529193878
h64_wd0.01_s1,l5,12,0.0005,0.5171793631531976,0.6202546954154968,0.884194268587332,0.7186046511627907,1.1411386645359576,0.3161342936447757,0.6210821270942688,0.1917678564786911
h64_wd0.01_s1,l5,13,0.0005,0.5043853941288862,0.6401990652084351,0.886556870660917,0.7161566707466339,1.3690316614486162,0.36979952209833017,0.6520015001296997,0.21984894573688507
h64_wd0.01_s1,l5,14,0.0005,0.4803296774625778,0.6093210577964783,0.9007401290638285,0.7268053855569155,1.159264367386412,0.27435132003445645,0.6800431609153748,0.24488325417041779
h64_wd0.01_s1,l5,15,0.0005,0.46404560858553107,0.7122372984886169,0.9010383215585528,0.7247246022031824,1.459748079562229,0.32999537075436775,0.7081260085105896,0.2781328558921814
h64_wd0.01_s1,l5,16,0.0005,0.5151675587350671,0.7307971119880676,0.9033703397865248,0.7170134638922888,2.049163228215185,0.427386456273076,0.7359343767166138,0.2871668338775635
h64_wd0.01_s1,l5,17,0.0005,0.5053662562912161,0.5994735360145569,0.9118191271370463,0.7330477356181151,1.7917405852848807,0.31892454006551085,0.7636827826499939,0.28629598021507263
h64_wd0.01_s1,l5,18,0.0005,0.4774895892901854,0.6136655211448669,0.9142887726702756,0.7342717258261934,1.2980971303452569,0.28681960298588033,0.7860980033874512,0.30787745118141174
h64_wd0.01_s1,l5,19,0.0005,0.4424892691048709,0.6314833164215088,0.9189528091262195,0.7307221542227662,1.3210511105289664,0.26604099005295745,0.8067523241043091,0.33782699704170227
h64_wd0.01_s1,l5,20,0.0005,0.423298028382388,0.6598608493804932,0.9261094289996025,0.7400244798041616,1.400678251586246,0.2478326872723284,0.8253501653671265,0.36263278126716614
h64_wd0.01_s1,l5,21,0.0005,0.42254424637014215,0.7031542658805847,0.9303988133467902,0.738922888616891,1.7108299339940756,0.275452068073229,0.8442900776863098,0.3831118643283844
h64_wd0.01_s1,l5,22,0.0005,0.41715877706354315,0.6427034139633179,0.9424182646726,0.7342717258261934,1.8465293791574815,0.2849580627062098,0.8629248738288879,0.4015917479991913
h64_wd0.01_s1,l5,23,0.0005,0.3722942078655416,0.665019154548645,0.9441768357953328,0.7297429620563035,1.7732568084141578,0.22845847756989246,0.8802098631858826,0.4290008544921875
h64_wd0.01_s1,l5,24,0.0005,0.3643850061026486,0.6761696338653564,0.9474187234302842,0.7370869033047736,1.6173071650917727,0.22786609400084962,0.8979793190956116,0.4557514190673828
h64_wd0.01_s1,l5,25,0.0005,0.3576301166957075,0.6607844233512878,0.9540783558124599,0.7304773561811506,1.7506497068885807,0.21303454438888725,0.915959894657135,0.48802170157432556
h64_wd0.01_s1,l5,26,0.0005,0.36003537476062775,0.6551572680473328,0.9599122243630915,0.7354957160342718,1.8865480233603455,0.22444523675225014,0.9320377111434937,0.5179909467697144
h64_wd0.01_s1,l5,27,0.0005,0.34343591738830914,0.7989593744277954,0.9621524910542252,0.7395348837209301,2.325059006020816,0.24737263051483016,0.9489458203315735,0.5464484691619873
h64_wd0.01_s1,l5,28,0.0005,0.3511439155448567,0.6628150939941406,0.963169403920849,0.7399020807833537,2.2612806984383806,0.22996561158058795,0.9671128392219543,0.5621044635772705
h64_wd0.01_s1,l5,29,0.0005,0.37682118876413867,0.6439834237098694,0.9691944215065602,0.7299877600979192,2.503882761420915,0.2582072751026309,0.9850995540618896,0.5800628066062927
h64_wd0.01_s1,l5,30,0.0005,0.3600780273025686,0.6770688891410828,0.9703489616784414,0.7376988984088128,2.3131510474946193,0.2073199973533761,1.0041322708129883,0.5953637957572937
h64_wd0.01_s1,l5,31,0.0005,0.3291322555054318,0.7048797607421875,0.9688274153592072,0.7378212974296207,1.7993894173692078,0.16327386811345032,1.018447756767273,0.6248550415039062
h64_wd0.01_s1,l5,32,0.0005,0.32693635469133203,0.7305195927619934,0.9733920543169099,0.7354957160342718,2.3227806075447095,0.2166384056842894,1.0318121910095215,0.6461169719696045
h64_wd0.01_s1,l5,33,0.0005,0.3049746629866687,0.7324376106262207,0.976549836376426,0.7384332925336596,2.103335955589759,0.18419107299248283,1.0449305772781372,0.6740769743919373
h64_wd0.01_s1,l5,34,0.0005,0.31084301017902116,0.7730497717857361,0.9819096553200599,0.7264381884944922,2.3884972475963497,0.18724829581679908,1.056403636932373,0.6975818872451782
h64_wd0.01_s1,l5,35,0.0005,0.28147119080478494,0.7935669422149658,0.9831559470287795,0.7236230110159118,2.375373910067958,0.17770549726874932,1.069665789604187,0.722953200340271
h64_wd0.01_s1,l5,36,0.0005,0.2822964584285563,0.7713366150856018,0.9832324066428112,0.7274173806609548,2.292231227460754,0.17564106185046346,1.0835480690002441,0.7474114894866943
h64_wd0.01_s1,l5,37,0.0005,0.2474674717946486,0.7945906519889832,0.9824295806954767,0.7341493268053856,2.3486822907747675,0.19883086384770757,1.096419095993042,0.7785598635673523
h64_wd0.01_s1,l5,38,0.0005,0.26948473331603134,0.741732120513916,0.9849909777655443,0.7239902080783354,2.2317002184281596,0.17099327497299097,1.1094878911972046,0.8052574396133423
h64_wd0.01_s1,l5,39,0.0005,0.2524379444393245,0.8355448842048645,0.9892650701899256,0.7201958384332925,2.1840377681860383,0.14493952563524498,1.1217151880264282,0.8399943709373474
h64_wd0.01_s1,l5,40,0.0005,0.2778764069080353,0.86981201171875,0.9889592317337982,0.7254589963280295,3.415835602619111,0.22152347435338984,1.1351885795593262,0.855534553527832
h64_wd0.01_s1,l6,1,0.0005,0.7043871848206771,0.7047225832939148,0.5820620888157895,0.5407467532467533,0.6619038772707873,0.3346454654021035,0.20939964056015015,0.021778706461191177
h64_wd0.01_s1,l6,2,0.0005,0.6918017048584787,0.6857527494430542,0.6613178453947369,0.5909090909090909,0.5947855085970452,0.3368672417137803,0.2442953735589981,0.03250965476036072
h64_wd0.01_s1,l6,3,0.0005,0.6768506420286078,0.6812075972557068,0.7661595394736842,0.6701298701298701,0.4040738965782554,0.21012498885356964,0.2639666497707367,0.030143918469548225
h64_wd0.01_s1,l6,4,0.0005,0.6665721002377962,0.6727812886238098,0.7360505756578948,0.6430194805194804,0.5768160210487582,0.3138136235711707,0.28815189003944397,0.025855759158730507
h64_wd0.01_s1,l6,5,0.0005,0.6622723090021234,0.6705161333084106,0.7794099506578949,0.6858766233766235,0.5384319771157804,0.2580643789906219,0.3151192367076874,0.029766378924250603
h64_wd0.01_s1,l6,6,0.0005,0.655807962543086,0.6774067282676697,0.7852384868421053,0.6775974025974026,0.5926429374225254,0.27142349680647126,0.3493615984916687,0.04211004450917244
h64_wd0.01_s1,l6,7,0.0005,0.6318433284759521,0.6493202447891235,0.7933799342105263,0.6858766233766234,0.6277806595636101,0.2571036533331082,0.38620781898498535,0.06370243430137634
h64_wd0.01_s1,l6,8,0.0005,0.6186650175797311,0.6481552720069885,0.8057051809210527,0.6961038961038961,0.8744589965101349,0.41326635130354344,0.42491990327835083,0.08462278544902802
h64_wd0.01_s1,l6,9,0.0005,0.6133321743262442,0.644027829170227,0.8207956414473683,0.7008116883116884,0.9284039684972208,0.38130305156595135,0.46151256561279297,0.10606125742197037
h64_wd0.01_s1,l6,10,0.0005,0.5887274146080017,0.6359413266181946,0.83125,0.7008116883116883,0.8642126883208933,0.303265485852259,0.49027326703071594,0.1246677115559578
h64_wd0.01_s1,l6,11,0.0005,0.5934897316129584,0.6389119625091553,0.8496916118421053,0.6905844155844155,1.1993676497451184,0.3934848249095282,0.5197830200195312,0.14531798660755157
h64_wd0.01_s1,l6,12,0.0005,0.6246463311345953,0.6523206233978271,0.8476665296052632,0.6993506493506494,1.0740512540812177,0.38234877323705624,0.5456264019012451,0.14205795526504517
h64_wd0.01_s1,l6,13,0.0005,0.5692041892754404,0.6385975480079651,0.8521792763157895,0.6972402597402597,0.8280827424382494,0.24619918747779734,0.5678244233131409,0.15731079876422882
h64_wd0.01_s1,l6,14,0.0005,0.5581418620912653,0.6238241791725159,0.8675370065789474,0.7021103896103897,0.90257582644425,0.23315120540080195,0.5891576409339905,0.18677043914794922
h64_wd0.01_s1,l6,15,0.0005,0.526152995071913,0.6276756525039673,0.8736944901315788,0.7068181818181818,1.092183879780461,0.2662195141297785,0.6105991005897522,0.2143002450466156
h64_wd0.01_s1,l6,16,0.0005,0.5146503652396955,0.63232421875,0.8818256578947368,0.7100649350649352,1.049428121972168,0.2546681662835498,0.6301272511482239,0.2390909045934677
h64_wd0.01_s1,l6,17,0.0005,0.507032689295317,0.6207075715065002,0.8964535361842106,0.7103896103896105,1.143828971002652,0.22364901580489568,0.6522164940834045,0.2707791328430176
h64_wd0.01_s1,l6,18,0.0005,0.4780048429965973,0.6378930807113647,0.8963096217105263,0.7125,1.1292680813882137,0.23157765599652094,0.6716664433479309,0.3045521378517151
h64_wd0.01_s1,l6,19,0.0005,0.48239120841026306,0.7214266061782837,0.9086657072368421,0.6900974025974026,1.3997192914380499,0.23857736262227613,0.6901756525039673,0.33221301436424255
h64_wd0.01_s1,l6,20,0.0005,0.4936577238534626,0.6267971992492676,0.9177837171052632,0.7066558441558441,1.7615480953275948,0.26085534898139856,0.7097697854042053,0.3500652313232422
h64_wd0.01_s1,l6,21,0.0005,0.4595125458742443,0.6331654787063599,0.91875,0.7086038961038961,1.4425975373665176,0.22410795767968344,0.7276043891906738,0.37314528226852417
h64_wd0.01_s1,l6,22,0.0005,0.45567619016295985,0.6962888240814209,0.9182565789473685,0.7113636363636363,1.6055055381070866,0.26425497595714076,0.7444905638694763,0.3963386118412018
h64_wd0.01_s1,l6,23,0.0005,0.46124693594480815,0.641026496887207,0.9304995888157894,0.7077922077922078,1.5768324339985744,0.24913828881046776,0.7626785635948181,0.4200299084186554
h64_wd0.01_s1,l6,24,0.0005,0.48736635791627986,0.7734695076942444,0.9350740131578947,0.6977272727272726,2.2694142713886136,0.31324164137947613,0.7810006141662598,0.4372701942920685
h64_wd0.01_s1,l6,25,0.0005,0.47177139708870336,0.6433808207511902,0.9331106085526316,0.7074675324675325,1.7135544176783877,0.24127696427657583,0.7993407249450684,0.45145660638809204
h64_wd0.01_s1,l6,26,0.0005,0.42481870557132523,0.7253450155258179,0.9380448190789473,0.708116883116883,1.5358650492771744,0.23985827837336324,0.8131851553916931,0.47477757930755615
h64_wd0.01_s1,l6,27,0.0005,0.42093751540309504,0.6322660446166992,0.9447985197368421,0.7116883116883116,1.5467430094274328,0.1896636631269165,0.8285409212112427,0.5040119290351868
h64_wd0.01_s1,l6,28,0.0005,0.4061256866706045,0.6209294199943542,0.9529296875000001,0.7185064935064935,1.7279757163615315,0.20908629520141878,0.8418150544166565,0.5349628329277039
h64_wd0.01_s1,l6,29,0.0005,0.37556432422838715,0.6761734485626221,0.9472245065789473,0.7082792207792207,1.6186016115644537,0.17885256249609544,0.8544292449951172,0.5689195394515991
h64_wd0.01_s1,l6,30,0.0005,0.3761081397533417,0.6334016919136047,0.9582236842105263,0.7077922077922078,1.5503170790640057,0.15656258703359008,0.8680575489997864,0.5980863571166992
h64_wd0.01_s1,l6,31,0.0005,0.36578618146871267,0.6507448554039001,0.9558388157894737,0.7199675324675324,1.7110464519147235,0.2009264662373237,0.8826457858085632,0.6342248320579529
h64_wd0.01_s1,l6,32,0.0005,0.3522535225278453,0.7632704973220825,0.9561266447368422,0.6974025974025974,1.8301951142366657,0.17580756929048366,0.8957799077033997,0.6660453081130981
h64_wd0.01_s1,l6,33,0.0005,0.35355666593501445,0.657349169254303,0.9594777960526316,0.7102272727272727,1.9943938338677747,0.1642002100917861,0.9085420966148376,0.6911548376083374
h64_wd0.01_s1,l6,34,0.0005,0.32765620790029826,0.688938319683075,0.9678556743421053,0.712012987012987,1.6379249804102312,0.1592167263261366,0.9213836789131165,0.7225210070610046
h64_wd0.01_s1,l6,35,0.0005,0.3522856415886628,0.6388117074966431,0.9718133223684211,0.7314935064935065,2.068406579277475,0.1726713808609397,0.932933509349823,0.7458477020263672
h64_wd0.01_s1,l6,36,0.0005,0.3086290673205727,0.7253060936927795,0.9713610197368421,0.7121753246753246,1.8351124457177248,0.1531261139235079,0.9441665410995483,0.7741628289222717
h64_wd0.01_s1,l6,37,0.0005,0.3005339762097911,0.7142227292060852,0.9721114309210526,0.7214285714285714,1.8661112541150742,0.14099535815305522,0.955173671245575,0.8034251928329468
h64_wd0.01_s1,l6,38,0.0005,0.3388578303550419,0.6389511227607727,0.9673930921052631,0.7285714285714286,2.8979593440063613,0.1792196506966551,0.9660239815711975,0.8223159909248352
h64_wd0.01_s1,l6,39,0.0005,0.29378363882240494,0.7891989350318909,0.9791837993421053,0.710064935064935,2.3640135924313794,0.16035509117928282,0.9776443839073181,0.8519534468650818
h64_wd0.01_s1,l6,40,0.0005,0.268008668171732,0.7838951945304871,0.9778577302631579,0.7113636363636363,2.1755993698866973,0.15007294675611235,0.9881075024604797,0.8818888664245605
h64_wd0.01_s1,l6,41,0.0005,0.30713591999129247,0.7482999563217163,0.9749280427631579,0.6969155844155844,2.4510455680989467,0.15475608870768695,1.0002080202102661,0.9072808623313904
h64_wd0.01_s1,l6,42,0.0005,0.28122425079345703,0.858666181564331,0.9805509868421053,0.713474025974026,2.096897238386789,0.11899781827828355,1.0094914436340332,0.9366278052330017
h64_wd0.01_s1,l6,43,0.0005,0.25461567467764806,0.7245623469352722,0.985546875,0.7058441558441557,2.0560739514731203,0.12414331172346442,1.0191600322723389,0.9677051901817322
h64_wd0.01_s1,l6,44,0.0005,0.23328816733862223,0.8344843983650208,0.9859580592105264,0.7043831168831169,2.0764990396245246,0.12047703406651962,1.027529239654541,0.998222827911377
h64_wd0.01_s1,l6,45,0.0005,0.2520332179571453,0.7803172469139099,0.9865748355263159,0.7126623376623377,2.736535698905702,0.14392660103285615,1.0364042520523071,1.0261286497116089
h64_wd0.01_s1,l6,46,0.0005,0.2675103921639292,0.7205989956855774,0.9796669407894737,0.6970779220779221,2.8061758321541026,0.1526703527240945,1.0467158555984497,1.0485175848007202
h64_wd0.01_s1,l6,47,0.0005,0.2781687347512496,0.7760302424430847,0.982092927631579,0.7102272727272726,2.848132003293953,0.13912389012054904,1.0564757585525513,1.0726267099380493
h64_wd0.01_s1,l6,48,0.0005,0.23249014114078723,0.7819778323173523,0.9874074835526316,0.6910714285714287,2.3492476836654523,0.11339778862091023,1.065504789352417,1.0972630977630615
h64_wd0.01_s1,l6,49,0.0005,0.2621436817081351,0.7243461608886719,0.9901932565789474,0.7069805194805195,2.998986306949313,0.12257678380440037,1.073118805885315,1.1189558506011963
h64_wd0.01_s1,l6,50,0.0005,0.23856655233784727,0.8029529452323914,0.9915090460526317,0.702922077922078,2.374115329053121,0.10953769665711847,1.0811234712600708,1.1458805799484253
h64_wd0.01_s1,l6,51,0.0005,0.21812528528665243,0.8429056406021118,0.9894325657894737,0.7105519480519481,2.3280273660037936,0.10328369432904703,1.0890077352523804,1.1734483242034912
h64_wd0.01_s1,l6,52,0.0005,0.24059343651721352,0.8928821086883545,0.9916735197368421,0.6961038961038961,3.360301792695947,0.13218685093831936,1.0962233543395996,1.1878798007965088
h64_wd0.01_s1,l6,53,0.0005,0.21569001949147174,0.8781914114952087,0.9937808388157896,0.7014610389610388,2.96941005099867,0.12525733073924084,1.1036499738693237,1.2008928060531616
h64_wd0.01_s1,l6,54,0.0005,0.19559462995905624,0.8929914832115173,0.9920847039473684,0.7152597402597403,2.302567209433749,0.10101100780479812,1.1105382442474365,1.2253469228744507
h64_wd0.01_s1,l6,55,0.0005,0.20875743462851173,0.901536762714386,0.9950143914473685,0.7055194805194805,2.7418126613923492,0.09328202206837924,1.1177741289138794,1.246980905532837
h64_wd0.01_s1,l7,1,0.0005,0.6935858000879702,0.6848849058151245,0.7236400790742099,0.6689315838800375,0.5679710219934601,0.27413031913627994,0.21228323876857758,0.02549433335661888
h64_wd0.01_s1,l7,2,0.0005,0.6781834571257882,0.6811425089836121,0.7603710860857525,0.6706888472352389,0.438585004444175,0.25938968566963266,0.2554214894771576,0.022149596363306046
h64_wd0.01_s1,l7,3,0.0005,0.6684758637262427,0.6679353713989258,0.7619703397673678,0.6827553889409559,0.5414054375256608,0.27512758629053874,0.30098751187324524,0.02575363777577877
h64_wd0.01_s1,l7,4,0.0005,0.6654324842535931,0.6858786344528198,0.7551142800026655,0.6471415182755388,0.6254478645741142,0.30553487324586603,0.34606191515922546,0.03297846019268036
h64_wd0.01_s1,l7,5,0.0005,0.6467277174410613,0.6709877848625183,0.7782516307204784,0.6750234301780693,0.6732978661119079,0.3294640944762745,0.386654257774353,0.046133119612932205
h64_wd0.01_s1,l7,6,0.0005,0.6295610122058702,0.6411885023117065,0.7824940953480969,0.7041940018744143,0.6545316063278895,0.29444860215620194,0.4231944680213928,0.06612713634967804
h64_wd0.01_s1,l7,7,0.0005,0.6033002552778824,0.634101927280426,0.7950289864729793,0.7134489222118088,0.679361843311682,0.2728267322140866,0.4595069885253906,0.09522661566734314
h64_wd0.01_s1,l7,8,0.0005,0.605555560277856,0.626135528087616,0.809999777881433,0.7200093720712276,0.7916580952696556,0.2887340210187008,0.492882639169693,0.1110009104013443
h64_wd0.01_s1,l7,9,0.0005,0.5822707220264103,0.6298712491989136,0.8268807889651496,0.719423617619494,0.7516306852671563,0.21571320460849708,0.525791585445404,0.13905274868011475
h64_wd0.01_s1,l7,10,0.0005,0.5685642789239469,0.6433863639831543,0.8296424631468279,0.7343017806935332,1.0658798189220084,0.3640711038866929,0.5565502643585205,0.16963358223438263
h64_wd0.01_s1,l7,11,0.0005,0.5777065520701201,0.6247298121452332,0.8528242375780192,0.727858481724461,1.0720910981048006,0.3333706281351745,0.5831651091575623,0.1751798689365387
h64_wd0.01_s1,l7,12,0.0005,0.5441735179527946,0.6135706305503845,0.8605613676580559,0.7365276476101218,0.8943120407390578,0.23037172971449976,0.6089445352554321,0.20512503385543823
h64_wd0.01_s1,l7,13,0.0005,0.5320180589738099,0.6068169474601746,0.869646017043898,0.744962511715089,1.0356181533079991,0.24669969264186412,0.6342679858207703,0.23821806907653809
h64_wd0.01_s1,l7,14,0.0005,0.5193204659482707,0.5972453355789185,0.8803891517291931,0.7536316776007498,1.4111032342286507,0.2872123749708812,0.6598756909370422,0.26480838656425476
h64_wd0.01_s1,l7,15,0.0005,0.48900613577469537,0.603145182132721,0.8878597395289606,0.7478912839737581,1.0761908513767144,0.20906720768879575,0.682983934879303,0.30510663986206055
h64_wd0.01_s1,l7,16,0.0005,0.49346456838690717,0.5956741571426392,0.8996172156697245,0.7572633552014995,1.3788582590880127,0.23166888159842938,0.7051737904548645,0.3423253893852234
h64_wd0.01_s1,l7,17,0.0005,0.4866196888944377,0.604303777217865,0.9000318369945877,0.7574976569821932,1.3557531573932167,0.23993503335918612,0.7300481200218201,0.37381991744041443
h64_wd0.01_s1,l7,18,0.0005,0.47507392582686053,0.6006817817687988,0.9081021449249609,0.7579662605435802,1.216063052757752,0.20741090467927603,0.7540420889854431,0.40491539239883423
h64_wd0.01_s1,l7,19,0.0005,0.45562172065610473,0.5858310461044312,0.9169350599349932,0.7673383317713215,1.4022691543806804,0.18833436651456587,0.7757724523544312,0.4357106685638428
h64_wd0.01_s1,l7,20,0.0005,0.44203838187715283,0.5964022278785706,0.9231321679512525,0.761012183692596,1.3758916238994972,0.2018731761896737,0.7979152798652649,0.4703148305416107
h64_wd0.01_s1,l7,21,0.0005,0.4340597663236701,0.7073140740394592,0.9200595277759268,0.747422680412371,1.6578499910909255,0.2028790149505541,0.8193759918212891,0.5053725242614746
h64_wd0.01_s1,l7,22,0.0005,0.4602010625859965,0.6013209819793701,0.93183181182115,0.7659325210871603,2.1617674098459365,0.2725394447085415,0.840189516544342,0.5322657823562622
h64_wd0.01_s1,l7,23,0.0005,0.46144103615180304,0.5946118235588074,0.9262640397444156,0.7523430178069354,2.1316031026826794,0.2520940263424043,0.8593634366989136,0.5414513945579529
h64_wd0.01_s1,l7,24,0.0005,0.4570857973202415,0.591903030872345,0.9360520645920791,0.7549203373945642,1.794901388277224,0.24076155042635464,0.8749966621398926,0.5586740374565125
h64_wd0.01_s1,l7,25,0.0005,0.4129372265027917,0.5898371338844299,0.9324167240472964,0.7702671040299907,1.380682119381181,0.1885599692117063,0.8895272612571716,0.5918585062026978
h64_wd0.01_s1,l7,26,0.0005,0.4028574008008708,0.62350994348526,0.9391913403374721,0.7490627928772259,1.8423049557122038,0.19081775434887796,0.9023456573486328,0.6239227652549744
h64_wd0.01_s1,l7,27,0.0005,0.3747090826863828,0.6346120238304138,0.9501788054463473,0.7543345829428304,1.458738059265617,0.15590297096789063,0.9152116775512695,0.6643581986427307
h64_wd0.01_s1,l7,28,0.0005,0.3790199406768965,0.6303216814994812,0.9478761763029104,0.7652296157450796,2.2335848345905744,0.19063496616393522,0.9287680983543396,0.6975231766700745
h64_wd0.01_s1,l7,29,0.0005,0.3740152373262074,0.6283687353134155,0.9502528449686443,0.7647610121836926,1.6989240213457177,0.17040356302565446,0.9414837956428528,0.7237070202827454
h64_wd0.01_s1,l7,30,0.0005,0.349644062311753,0.6569795608520508,0.9597299038226605,0.7539831302717902,1.7673629392511392,0.16838474367813444,0.9534482955932617,0.757793664932251
h64_wd0.01_s1,l7,31,0.0005,0.32929872818615125,0.7012023329734802,0.9580269948098296,0.7563261480787253,2.0780232221588437,0.17240685987977977,0.9650708436965942,0.7826989889144897
h64_wd0.01_s1,l7,32,0.0005,0.3477666650129401,0.6476932168006897,0.9696808156193776,0.7625351452671041,2.7485984909978187,0.18855375895784762,0.9779184460639954,0.8007656335830688
h64_wd0.01_s1,l7,33,0.0005,0.31248238488383917,0.6928272843360901,0.9643425660617637,0.7649953139643861,2.0817735876929135,0.14749109500364505,0.9907314777374268,0.8310660719871521
h64_wd0.01_s1,l7,34,0.0005,0.30771256400191266,0.6641374826431274,0.9711912218742365,0.7626522961574509,1.8758346996108013,0.13519301842707918,1.0040662288665771,0.8640071749687195
h64_wd0.01_s1,l7,35,0.0005,0.3237247136623963,0.625298261642456,0.9773587140815767,0.7685098406747891,2.5113993588936756,0.16467563393351978,1.0170538425445557,0.8866056203842163
h64_wd0.01_s1,l7,36,0.0005,0.3035254582114842,0.6951847672462463,0.9783064199669784,0.7618322399250235,2.1824892793001074,0.14520947255123576,1.0304890871047974,0.9129307866096497
h64_wd0.01_s1,l7,37,0.0005,0.2965633104676786,0.7335701584815979,0.9760260026802308,0.762066541705717,2.0781792779178057,0.1291576460398935,1.0437209606170654,0.9469890594482422
h64_wd0.01_s1,l7,38,0.0005,0.28948625792627747,0.6817592978477478,0.9773809259382659,0.7687441424554827,2.2890123224582695,0.1521055048498274,1.0559920072555542,0.9737240672111511
h64_wd0.01_s1,l7,39,0.0005,0.2805772708809894,0.6446707844734192,0.981823297276086,0.7607778819119024,2.4447196823444064,0.13925934873091314,1.0676368474960327,1.0017907619476318
h64_wd0.01_s1,l7,40,0.0005,0.2702358047599378,0.7111358046531677,0.9827339834003391,0.7637066541705718,2.5214396649894226,0.1592905421951363,1.080438494682312,1.0328450202941895
h64_wd0.01_s1,l7,41,0.0005,0.2555964997281199,0.8032793402671814,0.9808755913906844,0.759020618556701,2.429777207156589,0.15598351051501255,1.0946787595748901,1.0620322227478027
h64_wd0.01_s1,l7,42,0.0005,0.24947734954564468,0.8260124325752258,0.9847256465501285,0.7544517338331771,2.2088752156093046,0.12491409302154416,1.110378384590149,1.0990995168685913
h64_wd0.01_s1,l7,43,0.0005,0.25846488773822784,0.7688886523246765,0.9835706300022952,0.7611293345829427,2.9899778658429623,0.13352640590261747,1.1227459907531738,1.128913164138794
h64_wd0.01_s1,l7,44,0.0005,0.2518506471229636,0.690818727016449,0.9858214314801241,0.7572633552014995,3.100590375725258,0.14778177799602932,1.1357951164245605,1.1519651412963867
h64_wd0.01_s1,l7,45,0.0005,0.2555948126575221,0.7371095418930054,0.9890051309388952,0.7490627928772258,2.587979149343762,0.13889062388822165,1.1473431587219238,1.1811848878860474
h64_wd0.01_s1,l8,1,0.0005,0.7010130773891102,0.689417839050293,0.7017331533460566,0.630092879256966,0.4745199472886167,0.23841294833543084,0.20753346383571625,0.029758185148239136
h64_wd0.01_s1,l8,2,0.0005,0.6864635971459475,0.6868367195129395,0.7349997672578318,0.6511455108359133,0.28577264793556606,0.1593709509719928,0.24686118960380554,0.03550421819090843
h64_wd0.01_s1,l8,3,0.0005,0.6775620146231218,0.678600549697876,0.7531691725240113,0.661795665634675,0.348345947018948,0.1993105804665394,0.2761896252632141,0.0405573807656765
h64_wd0.01_s1,l8,4,0.0005,0.6661076058040966,0.68135005235672,0.7541622057751091,0.6631578947368421,0.5423870370635667,0.2802316611984061,0.3101259469985962,0.057355333119630814
h64_wd0.01_s1,l8,5,0.0005,0.6501429324800317,0.6596933007240295,0.768848236590172,0.6679876160990712,0.5925171088224089,0.27874761336333753,0.34861284494400024,0.0826762467622757
h64_wd0.01_s1,l8,6,0.0005,0.6368382952430032,0.6548390984535217,0.776939905972164,0.6687306501547987,0.6938566190006714,0.28723649069623963,0.39050811529159546,0.11644850671291351
h64_wd0.01_s1,l8,7,0.0005,0.627622357823632,0.6504573225975037,0.7906173873915809,0.6751702786377709,0.7169984564448217,0.2687734174446757,0.42201942205429077,0.1425798088312149
h64_wd0.01_s1,l8,8,0.0005,0.6062015295028687,0.6724976301193237,0.796707474126829,0.671578947368421,0.804691244306036,0.29171873851266955,0.450475811958313,0.1741299331188202
h64_wd0.01_s1,l8,9,0.0005,0.6009430451826616,0.6388357281684875,0.8227978711849679,0.6908978328173374,0.8170007684556878,0.24927368385276918,0.479526162147522,0.2009522169828415
h64_wd0.01_s1,l8,10,0.0005,0.5792964994907379,0.6422481536865234,0.8376157892286924,0.6912693498452012,1.1021009368733237,0.33489434739517526,0.5042267441749573,0.23409587144851685
h64_wd0.01_s1,l8,11,0.0005,0.5844574096527967,0.634343147277832,0.8477245574019767,0.6956037151702786,1.121544276486822,0.28648010859288187,0.5267738699913025,0.2457614690065384
h64_wd0.01_s1,l8,12,0.0005,0.5634471774101257,0.6626430153846741,0.8444506509022638,0.683467492260062,1.1256690383328962,0.26420601297626445,0.550251841545105,0.2779558002948761
h64_wd0.01_s1,l8,13,0.0005,0.5344894487749446,0.6407354474067688,0.8609675867740384,0.6982043343653251,0.9328038748586169,0.21524445510480242,0.5718485713005066,0.3168496787548065
h64_wd0.01_s1,l8,14,0.0005,0.5410725257613442,0.6367060542106628,0.8772362643330385,0.7069969040247678,1.3183323804443619,0.2426874188214314,0.5891069769859314,0.3458164930343628
h64_wd0.01_s1,l8,15,0.0005,0.5249662074175748,0.692823588848114,0.8753510527704076,0.7047678018575851,1.2833829027059316,0.2337278502368908,0.6085265278816223,0.36967697739601135
h64_wd0.01_s1,l8,16,0.0005,0.5366161126982082,0.6540995240211487,0.8877251780477587,0.7057585139318885,1.3471356489486281,0.22134467993253953,0.6278144717216492,0.39074158668518066
h64_wd0.01_s1,l8,17,0.0005,0.5367229553786191,0.6680406928062439,0.8883070334683237,0.6984520123839011,1.510217605944438,0.2791494363589079,0.6462499499320984,0.4059659540653229
h64_wd0.01_s1,l8,18,0.0005,0.4895411445335908,0.637671709060669,0.9003475616378841,0.7115789473684211,1.1475775292064332,0.18427470421714282,0.6645908355712891,0.4350849688053131
h64_wd0.01_s1,l8,19,0.0005,0.46090197969566693,0.6557839512825012,0.9054989216279539,0.7147987616099072,1.1568624312068683,0.1969955907571965,0.6819959282875061,0.47980380058288574
h64_wd0.01_s1,l8,20,0.0005,0.42981281876564026,0.6642329096794128,0.9107511365575882,0.7067492260061919,1.330290700009027,0.18624228981075344,0.6986440420150757,0.5215908885002136
h64_wd0.01_s1,l8,21,0.0005,0.4501083872535012,0.6627517938613892,0.9222020512343093,0.7160371517027864,1.7715797458088112,0.22491465343067346,0.7132946848869324,0.5526435971260071
h64_wd0.01_s1,l8,22,0.0005,0.4465130459178578,0.6693154573440552,0.918105789073531,0.7164086687306502,1.7642675621825297,0.20052574693885356,0.7296918034553528,0.5853673219680786
h64_wd0.01_s1,l8,23,0.0005,0.4445673999461261,0.664976179599762,0.9295722198948005,0.7191331269349845,1.5422856632519752,0.17279133697706658,0.7462985515594482,0.6157884001731873
h64_wd0.01_s1,l8,24,0.0005,0.4067740792577917,0.6622597575187683,0.9376949215658893,0.7167801857585139,1.8520617562646458,0.1833643251319927,0.7595987915992737,0.6480762958526611
h64_wd0.01_s1,l8,25,0.0005,0.39069297232411127,0.6926841735839844,0.9417291191484739,0.7226006191950465,1.5173586165628772,0.1592716380587917,0.772295355796814,0.690904438495636
h64_wd0.01_s1,l8,26,0.0005,0.38057189231569116,0.6827205419540405,0.9467098015485113,0.7162848297213623,1.878462523212543,0.17430964183460418,0.786428689956665,0.7304293513298035
h64_wd0.01_s1,l8,27,0.0005,0.371925486759706,0.6929020881652832,0.9521171779236296,0.7206191950464397,1.9012088378529954,0.1501239939017922,0.7999261021614075,0.7690048813819885
h64_wd0.01_s1,l8,28,0.0005,0.35756657204844733,0.712123692035675,0.9554686651460845,0.7208668730650154,1.6969124091901344,0.13853847172810488,0.8133320212364197,0.8012499809265137
h64_wd0.01_s1,l8,29,0.0005,0.3560226966034282,0.7067990303039551,0.9589985880308461,0.7167801857585141,2.0659689827070022,0.1496805239462783,0.8268856406211853,0.8401663303375244
h64_wd0.01_s1,l8,30,0.0005,0.3670460818843408,0.6724944114685059,0.9641421899486415,0.7140557275541796,2.535563126924394,0.17748098403549023,0.8418726921081543,0.8685879111289978
h64_wd0.01_s1,l8,31,0.0005,0.3464727442372929,0.6969065070152283,0.966585982715015,0.7159133126934986,1.7599870659081136,0.1307431095718622,0.8558436632156372,0.9043731689453125
h64_wd0.01_s1,l8,32,0.0005,0.3167511089281602,0.7499579787254333,0.9666790795823055,0.7181424148606812,1.8448688265987778,0.12697174176305037,0.8679782748222351,0.9498773813247681
h64_wd0.01_s1,l8,33,0.0005,0.32321336662227457,0.7367587685585022,0.9705115672857609,0.7147987616099072,2.1640520262949328,0.13425022066067874,0.8811814785003662,0.9892590641975403
h64_wd0.01_s1,l8,34,0.0005,0.32573955980214203,0.7809132933616638,0.9708917128271968,0.7197523219814242,2.2308791784099054,0.13627290747355508,0.8937331438064575,1.0364400148391724
h64_wd0.01_s1,l8,35,0.0005,0.3143014291470701,0.8911317586898804,0.9760973793231857,0.7095975232198142,2.7962462704626154,0.15232112858114438,0.9055036902427673,1.0739507675170898
h64_wd0.01_s1,l8,36,0.0005,0.3002026528120041,0.8252153396606445,0.9772145417306708,0.7103405572755418,2.7516171176747353,0.13150378309805735,0.9177390336990356,1.083959698677063
h64_wd0.01_s1,l8,37,0.0005,0.290884558450092,0.8270158767700195,0.9811634005182392,0.7152941176470587,2.2998095215415675,0.12233543398347786,0.9285352230072021,1.1154887676239014
h64_wd0.01_s1,l8,38,0.0005,0.23704546148126776,0.8317549228668213,0.9803332867848996,0.7191331269349847,1.9781554485247332,0.09962836897008383,0.9373675584793091,1.1502249240875244
h64_wd0.01_s1,l8,39,0.0005,0.26893610574982385,0.8615736365318298,0.9822184983475307,0.7113312693498453,2.745397835377632,0.12705087304797485,0.946984589099884,1.187333106994629
h64_wd0.01_s1,l8,40,0.0005,0.24629869108850305,0.9183583855628967,0.9831261928036121,0.7048916408668731,2.799149501707863,0.11866215167170116,0.9571965932846069,1.2205578088760376
h64_wd0.01_s1,l8,41,0.0005,0.31235831027681177,0.8243249654769897,0.9820090303961272,0.7102167182662539,3.912397806859683,0.15033186043849614,0.9688540697097778,1.2336393594741821
h64_wd0.01_s1,l8,42,0.0005,0.3509409339590506,0.7509921789169312,0.9841657744883552,0.7177708978328174,3.571727555303092,0.14815061823283485,0.9798025488853455,1.2440173625946045
h64_wd0.01_s1,l8,43,0.0005,0.31152470816265454,0.737147867679596,0.9860121956896151,0.7109597523219815,3.148059691204097,0.1374225063880792,0.99122554063797,1.2645891904830933
h64_wd0.01_s1,l8,44,0.0005,0.2769193801690232,0.7031680345535278,0.988207730143214,0.7063157894736842,2.7657486305913364,0.12809668981938951,1.001892328262329,1.2969416379928589
h64_wd0.01_s1,l8,45,0.0005,0.2797047753225673,0.819397509098053,0.9837545966578225,0.7217337461300308,2.835557487583348,0.11570628394562274,1.0113927125930786,1.3411009311676025
h64_wd0.01_s1,l9,1,0.0005,0.7085161986558334,0.7014199495315552,0.6090089034676663,0.5363167760074976,0.5895495939552704,0.31401961254591293,0.21048128604888916,0.032755736261606216
h64_wd0.01_s1,l9,2,0.0005,0.6859990410182787,0.6820357441902161,0.7042965089034676,0.6553420805998126,0.45166135419777936,0.3194921727961071,0.2513900399208069,0.04218105971813202
h64_wd0.01_s1,l9,3,0.0005,0.6815862344658893,0.6860368847846985,0.6557594306466729,0.6227741330834113,0.48520312445409813,0.33238549708192305,0.2742389440536499,0.0379440076649189
h64_wd0.01_s1,l9,4,0.0005,0.674948910008306,0.6686905026435852,0.7498169517338332,0.6879100281162137,0.47506668309601,0.32763511027999054,0.3031998574733734,0.03537223860621452
h64_wd0.01_s1,l9,5,0.0005,0.6593786996343861,0.658753514289856,0.7573951499531396,0.6910731021555764,0.5227959342614459,0.31396621073951037,0.3383355140686035,0.0399252325296402
h64_wd0.01_s1,l9,6,0.0005,0.6390854923621468,0.6614356637001038,0.755528057638238,0.683223992502343,0.5083742939025856,0.25022049984245615,0.3774959146976471,0.062282856553792953
h64_wd0.01_s1,l9,7,0.0005,0.6223839884218962,0.6371424794197083,0.793206712746017,0.7002108716026242,0.6033828703335399,0.2685999323932385,0.41641461849212646,0.09089517593383789
h64_wd0.01_s1,l9,8,0.0005,0.6126077486121136,0.6316953897476196,0.8026373594189314,0.709348641049672,0.7306496076451504,0.27263174928907097,0.4519437551498413,0.12462083995342255
h64_wd0.01_s1,l9,9,0.0005,0.592210274675618,0.6217792630195618,0.8213009606373007,0.7072399250234301,0.8111334149306841,0.2772572400803167,0.4844416379928589,0.15589307248592377
h64_wd0.01_s1,l9,10,0.0005,0.5735699936099674,0.6278268098831177,0.8333821462043112,0.7105201499531397,0.8847854287030976,0.27546975982907795,0.5142034292221069,0.1906159520149231
h64_wd0.01_s1,l9,11,0.0005,0.5584403224613356,0.6145899295806885,0.8490803655107779,0.7194236176194939,0.9394416929176307,0.27034834928910473,0.5415164232254028,0.22692878544330597
h64_wd0.01_s1,l9,12,0.0005,0.5401316362878551,0.6166189312934875,0.8612567361761949,0.7243439550140582,0.9744458208951868,0.26034825072692197,0.5672944784164429,0.26406151056289673
h64_wd0.01_s1,l9,13,0.0005,0.5365480651026187,0.6143165230751038,0.870811855670103,0.7218837863167761,1.193776295326059,0.23475392482259475,0.5916057229042053,0.3026310205459595
h64_wd0.01_s1,l9,14,0.0005,0.521420753520468,0.6487848162651062,0.876164186972821,0.7187207122774133,1.2510124473801632,0.23352913989735352,0.6148738265037537,0.3350948989391327
h64_wd0.01_s1,l9,15,0.0005,0.49225338645603345,0.6136444807052612,0.8912620079662606,0.7268041237113402,1.2099936373972207,0.21332620603163102,0.6352079510688782,0.37199127674102783
h64_wd0.01_s1,l9,16,0.0005,0.4997700271399125,0.6081880927085876,0.8956185567010309,0.7332474226804123,1.5618283617795414,0.29158608592945223,0.6561738848686218,0.39979273080825806
h64_wd0.01_s1,l9,17,0.0005,0.5032574741736703,0.6373788118362427,0.9101013355201499,0.7321930646672915,1.6728229450503347,0.2604540770824436,0.6757288575172424,0.41799840331077576
h64_wd0.01_s1,l9,18,0.0005,0.4686988332997198,0.6299884915351868,0.9077949273664481,0.7292642924086223,1.6299718175808995,0.2523574418371847,0.6951727271080017,0.4537946879863739
h64_wd0.01_s1,l9,19,0.0005,0.4552966330362403,0.6106753945350647,0.9168814432989691,0.7319587628865979,1.4540207772603846,0.22869836827691664,0.7108647227287292,0.4758966267108917
h64_wd0.01_s1,l9,20,0.0005,0.4342175190863402,0.6613410711288452,0.9217139175257731,0.7387535145267103,1.5027434305627032,0.19359765752658348,0.72665935754776,0.512490451335907
h64_wd0.01_s1,l9,21,0.0005,0.4400777155938356,0.630502462387085,0.9288747656982194,0.7417994376757264,1.560912768838875,0.18927423303580918,0.742130696773529,0.5428239107131958
h64_wd0.01_s1,l9,22,0.0005,0.4378735811814018,0.6952531337738037,0.9329237933458294,0.7436738519212744,1.7141424391253068,0.21178723962230195,0.7579255104064941,0.5807172656059265
h64_wd0.01_s1,l9,23,0.0005,0.4198690756507542,0.7020399570465088,0.9426399953139644,0.729967197750703,1.8817679616968164,0.18204603221970678,0.7735387682914734,0.6042609810829163
h64_wd0.01_s1,l9,24,0.0005,0.40508683220199915,0.7289542555809021,0.9407143275538894,0.7396907216494846,1.6841917467962557,0.17472202569064746,0.7875538468360901,0.6383607983589172
h64_wd0.01_s1,l9,25,0.0005,0.3881011320197064,0.696374773979187,0.9417174320524835,0.7395735707591378,1.5813812753250827,0.15941413153306397,0.8010917901992798,0.6763826012611389
h64_wd0.01_s1,l9,26,0.0005,0.41274292702260224,0.6444005370140076,0.9463375702905341,0.7353561387066542,2.1374563754340947,0.19576061180627263,0.8159850239753723,0.7162885665893555
h64_wd0.01_s1,l9,27,0.0005,0.4049502002156299,0.6439464092254639,0.9494860004686034,0.7441424554826617,2.0399518895387656,0.15379884218993065,0.8294249176979065,0.7463122010231018
h64_wd0.01_s1,l9,28,0.0005,0.38143350507902063,0.6347739696502686,0.9597183985473289,0.7217666354264293,2.056654175638525,0.1420473022053968,0.841543436050415,0.7727921009063721
h64_wd0.01_s1,l9,29,0.0005,0.37451564552991284,0.6745743155479431,0.9656894329896908,0.7307872539831303,2.260578613480451,0.18888714526178843,0.8535717725753784,0.7997168898582458
h64_wd0.01_s1,l9,30,0.0005,0.32891861835251684,0.7611621618270874,0.965660145267104,0.7360590440487347,2.012597688637772,0.15160128168886322,0.8671634793281555,0.8348149657249451
h64_wd0.01_s1,l9,31,0.0005,0.3354988992214203,0.7974148988723755,0.9662239339268978,0.7369962511715089,2.299594962439329,0.14951759391999578,0.8783701062202454,0.8651484251022339
h64_wd0.01_s1,l9,32,0.0005,0.3771084067614182,0.7517805695533752,0.9709026476101219,0.736879100281162,2.864621387788757,0.2293585754531589,0.8904452919960022,0.8626561164855957
h64_wd0.01_s1,l9,33,0.0005,0.31546805928582733,0.6777855753898621,0.9641078959700093,0.7429709465791938,1.850590669855322,0.11921845152396617,0.9010850787162781,0.8935335874557495
h64_wd0.01_s1,l9,34,0.0005,0.29863308240538056,0.7111899852752686,0.9764380271790066,0.739456419868791,1.899107795343263,0.12513054552282526,0.9101853370666504,0.93300861120224
h64_wd0.01_s1,l9,35,0.0005,0.3125476960254752,0.7268025279045105,0.9684131911902532,0.7467197750702905,2.6789934221528022,0.15376686913792642,0.9206751585006714,0.9700941443443298
h64_wd0.01_s1,l9,36,0.0005,0.3396747559309006,0.707781970500946,0.9716934161199625,0.7408622305529522,2.6252530755666172,0.148810192762242,0.9318747520446777,1.0007038116455078
h64_wd0.01_s1,l9,37,0.0005,0.30101878876271454,0.7499727606773376,0.9756838683223992,0.732427366447985,2.4813537002057524,0.13967056282840074,0.9430199265480042,1.0319870710372925
h64_wd0.01_s1,l9,38,0.0005,0.28295656326024426,0.7824137210845947,0.9772507614807873,0.7314901593252108,2.3548667441954083,0.1307530247978833,0.9532696008682251,1.0670380592346191
h64_wd0.01_s1,l9,39,0.0005,0.3023619859114937,0.7169999480247498,0.9794326968134958,0.7362933458294283,2.8646121351641636,0.1474464931998665,0.9630653858184814,1.0920569896697998
h64_wd0.01_s1,l9,40,0.0005,0.28954544274703314,0.811470627784729,0.9830643744142455,0.7325445173383317,3.007230705305694,0.18986561327382012,0.9730325937271118,1.1151084899902344
h64_wd0.01_s1,l9,41,0.0005,0.28785900123741315,0.7852081060409546,0.9858467080599813,0.7242268041237112,3.0042897878319126,0.1494191661458007,0.9818210601806641,1.1234887838363647
h64_wd0.01_s1,l9,42,0.0005,0.21763075693793918,0.8456136584281921,0.984821637769447,0.7309044048734771,2.0792542442581303,0.1063619870257741,0.9893835186958313,1.1556155681610107
h64_wd0.01_s1,l9,43,0.0005,0.2503291647071424,0.9317596554756165,0.9867692713214621,0.7335988753514526,2.614656757214359,0.11020973226226691,0.9979929327964783,1.1913747787475586
h64_wd0.01_s1,l9,44,0.0005,0.23602698808131012,0.7670154571533203,0.9881238284910966,0.7236410496719775,3.033280890451368,0.12008992127952978,1.0065665245056152,1.2206346988677979
h64_wd0.01_s1,l9,45,0.0005,0.23921941479910974,0.7797473669052124,0.9906059629803186,0.7243439550140581,2.327296059629891,0.12009141326448974,1.0156155824661255,1.2590274810791016
h64_wd0.01_s1,l9,46,0.0005,0.22985757174699203,0.8043864369392395,0.9923339386129335,0.7279756326148078,2.2056568596016684,0.10395396611254268,1.0239473581314087,1.2995479106903076
h64_wd0.01_s1,l9,47,0.0005,0.22546533851519876,0.8147982358932495,0.9887132439081537,0.7221180880974696,2.817680331952415,0.09972813772816366,1.0320072174072266,1.3340867757797241
h64_wd0.01_s1,l9,48,0.0005,0.2308856932365376,0.7362329363822937,0.9943987230552952,0.7186035613870666,2.7417020862828894,0.09547292533039645,1.0406428575515747,1.3659701347351074
h64_wd0.01_s1,l9,49,0.0005,0.2336526649153751,0.848625123500824,0.9903570173383318,0.7217080599812559,3.360410425276656,0.11771750142806649,1.0488793849945068,1.4003472328186035
h64_wd0.01_s1,l9,50,0.0005,0.19399023541937704,0.9837920069694519,0.9937836808809747,0.7302014995313965,2.3986406504308717,0.0859784425485791,1.0568184852600098,1.4332081079483032
h64_wd0.01_s1,l9,51,0.0005,0.1978150003630182,0.9065483212471008,0.9961486644798501,0.7143275538894095,2.8275130942292144,0.09505937612023112,1.0642130374908447,1.4624407291412354
h64_wd0.01_s1,l9,52,0.0005,0.1760895232791486,0.9268139600753784,0.9966685215557638,0.7314901593252109,2.8257189599810912,0.09166656497040732,1.070751667022705,1.4929033517837524
h64_wd0.01_s1,l9,53,0.0005,0.1789004637495331,1.0203403234481812,0.9964488636363635,0.7256326148078724,3.2785118037682017,0.09402730643237132,1.0780091285705566,1.5216890573501587
h64_wd0.01_s1,l9,54,0.0005,0.1778141522537107,1.0147515535354614,0.9945451616682287,0.7340674789128397,2.8353136589899752,0.08047721104713798,1.0849180221557617,1.5505235195159912
h64_wd0.01_s1,l9,55,0.0005,0.20343066881532254,0.9529131650924683,0.9940399484536082,0.7257497656982193,2.8765401785032214,0.09006275752945515,1.0923333168029785,1.5798712968826294
h64_wd0.01_s1,l10,1,0.0005,0.693197040454201,0.6956522464752197,0.6373110727025336,0.5222378277153559,0.5647138612550241,0.2593262716290076,0.2183564305305481,0.019824054092168808
h64_wd0.01_s1,l10,2,0.0005,0.6814316485239111,0.6891013979911804,0.6868385246203066,0.5566479400749064,0.50745540659722,0.26429596041589315,0.25661003589630127,0.021762331947684288
h64_wd0.01_s1,l10,3,0.0005,0.6677855901096178,0.6991962194442749,0.7566064796087228,0.6674859550561798,0.6336127198890598,0.33706293811212445,0.29546499252319336,0.0310735572129488
h64_wd0.01_s1,l10,4,0.0005,0.6543928514356199,0.6720207333564758,0.7455374544919648,0.6230102996254682,0.7115162026834372,0.35711767027621816,0.3304554522037506,0.04368648678064346
h64_wd0.01_s1,l10,5,0.0005,0.6307040219721587,0.6585971713066101,0.7720957599382192,0.6486423220973784,0.7664099940253754,0.3550572332433585,0.3696162700653076,0.07328352332115173
h64_wd0.01_s1,l10,6,0.0005,0.6120275958724644,0.6489773988723755,0.7973596146067002,0.6773174157303371,0.6636344309862572,0.2843113421228227,0.40641269087791443,0.10725501924753189
h64_wd0.01_s1,l10,7,0.0005,0.6064382998839669,0.6454622149467468,0.8113779281432721,0.6738061797752809,0.6951344750936084,0.23208480359946632,0.44003862142562866,0.1313830018043518
h64_wd0.01_s1,l10,8,0.0005,0.591393232345581,0.6611461043357849,0.8112896701356966,0.6732209737827716,0.9844893535258812,0.3085270202859717,0.47506847977638245,0.16222205758094788
h64_wd0.01_s1,l10,9,0.0005,0.5860947344614111,0.6249303221702576,0.8454013900636193,0.7056413857677903,1.1773141138998586,0.37469098881184193,0.5071559548377991,0.1831543892621994
h64_wd0.01_s1,l10,10,0.0005,0.558612620053084,0.6292919516563416,0.8559408671349245,0.7147705992509364,0.9000962772252497,0.25315873104476844,0.5347715616226196,0.20782648026943207
h64_wd0.01_s1,l10,11,0.0005,0.5557436709818633,0.6648648977279663,0.8631191850843968,0.7247191011235955,1.2754819077384503,0.32516459862672675,0.5647482872009277,0.23916354775428772
h64_wd0.01_s1,l10,12,0.0005,0.5387901676737744,0.6355499029159546,0.8729011142573457,0.7327949438202247,1.3184187658214928,0.3167998743295303,0.591448962688446,0.2658405601978302
h64_wd0.01_s1,l10,13,0.0005,0.5244596756022909,0.6064355969429016,0.8832493656455705,0.7347846441947565,1.184191099353685,0.2505675880869157,0.6151624917984009,0.28716281056404114
h64_wd0.01_s1,l10,14,0.0005,0.5054422267105269,0.6100519299507141,0.8945758099510903,0.739817415730337,1.4037293571151037,0.28362217650798555,0.6409504413604736,0.3189346492290497
h64_wd0.01_s1,l10,15,0.0005,0.5187464796978495,0.6199472546577454,0.8965910344573971,0.7409878277153559,1.5044373653708627,0.2899096071622732,0.6668098568916321,0.34465041756629944
h64_wd0.01_s1,l10,16,0.0005,0.4789278066676596,0.6207115054130554,0.9067480601625418,0.7404026217228464,1.3623677349442864,0.21678317661256424,0.6865727305412292,0.37124621868133545
h64_wd0.01_s1,l10,17,0.0005,0.488706120978231,0.6748564839363098,0.9122568308020447,0.7329119850187267,1.4985017250171337,0.23560650142973333,0.7085115313529968,0.403822660446167
h64_wd0.01_s1,l10,18,0.0005,0.4876546743123428,0.6471307873725891,0.9126025079983818,0.7339653558052435,1.8991045880647093,0.27280387326937167,0.7300699949264526,0.43503662943840027
h64_wd0.01_s1,l10,19,0.0005,0.464640692524288,0.6849952340126038,0.9118008310962379,0.7448501872659177,1.634494885162977,0.25291753489678814,0.7497060894966125,0.45788338780403137
h64_wd0.01_s1,l10,20,0.0005,0.46459054687748785,0.6257326006889343,0.9252234030816754,0.7480102996254682,2.0951235503600913,0.28100988098467444,0.769033670425415,0.478203147649765
h64_wd0.01_s1,l10,21,0.0005,0.43628920031630475,0.6163139343261719,0.9276872724598243,0.7426264044943821,1.7288421510825835,0.20478187951437538,0.7845093607902527,0.5078555941581726
h64_wd0.01_s1,l10,22,0.0005,0.42981494120929553,0.6342119574546814,0.9343654616997021,0.7440308988764044,1.5581674820043718,0.18052238752799285,0.8021887540817261,0.5399752855300903
h64_wd0.01_s1,l10,23,0.0005,0.411695993464926,0.6473747491836548,0.9385209428897142,0.7420411985018727,1.540259253050975,0.17379839568467084,0.8176608681678772,0.5794353485107422
h64_wd0.01_s1,l10,24,0.0005,0.384274044762487,0.6377456784248352,0.9473982274850146,0.7460205992509363,1.5464694974446915,0.15828786453032564,0.8337213397026062,0.6175484657287598
h64_wd0.01_s1,l10,25,0.0005,0.3681326275286467,0.6276716589927673,0.9466774537564815,0.7498829588014982,1.7687576702276977,0.16863197332866994,0.8490169048309326,0.6579122543334961
h64_wd0.01_s1,l10,26,0.0005,0.40991598950779956,0.823069155216217,0.9321737211782444,0.7470739700374532,2.3451626806304438,0.2401851712325298,0.8655306100845337,0.6856205463409424
h64_wd0.01_s1,l10,27,0.0005,0.4205675306527511,0.6419294476509094,0.9493325488177105,0.7478932584269663,2.3283780687174755,0.22198350771631445,0.8826431632041931,0.6921862959861755
h64_wd0.01_s1,l10,28,0.0005,0.374920015749724,0.667500913143158,0.9536204170190857,0.7521067415730337,1.7334044337171566,0.17158915786886825,0.8963207006454468,0.714192807674408
h64_wd0.01_s1,l10,29,0.0005,0.38225140131038166,0.6309531927108765,0.9578641562166733,0.7460205992509362,2.2782782867623057,0.18836880806696124,0.9105903506278992,0.7487369179725647
h64_wd0.01_s1,l10,30,0.0005,0.39375868828400323,0.6321256756782532,0.957246350163645,0.7491807116104869,2.294888387817912,0.19197966745241815,0.9266737699508667,0.7704177498817444
h64_wd0.01_s1,l10,31,0.0005,0.3283879083135854,0.6736099720001221,0.9632111205089546,0.7497659176029963,1.953783744553023,0.1501667253584346,0.9404350519180298,0.8004870414733887
h64_wd0.01_s1,l10,32,0.0005,0.31443859960721887,0.7119730114936829,0.97130143787004,0.745552434456929,1.6048735834612642,0.13474353040605244,0.9508101940155029,0.83677738904953
h64_wd0.01_s1,l10,33,0.0005,0.29779222218886664,0.777536153793335,0.9772073695436325,0.7377106741573033,2.0837325888543528,0.14102561534788222,0.9611179232597351,0.867870032787323
h64_wd0.01_s1,l10,34,0.0005,0.33625160999920056,0.7106907963752747,0.9663957636156363,0.7525749063670413,2.7674187621145663,0.16596042036819297,0.9768889546394348,0.8917407989501953
h64_wd0.01_s1,l10,35,0.0005,0.34230629063170886,0.689125657081604,0.9684404074578017,0.75,2.568987685606558,0.16749775633795086,0.9875667095184326,0.9171900153160095
h64_wd0.01_s1,l10,36,0.0005,0.42309287320012634,0.6248936653137207,0.9478615820247859,0.7349016853932585,3.671655197113294,0.25686452749310673,1.0012766122817993,0.9133637547492981
h64_wd0.01_s1,l10,37,0.0005,0.41099268457163934,0.66835618019104,0.975030338690104,0.7360720973782772,1.9584005017577812,0.15343032463917936,1.0142117738723755,0.9371318817138672
h64_wd0.01_s1,l10,38,0.0005,0.31806009295194043,0.6531772613525391,0.9735740815651086,0.748244382022472,1.9255524423138268,0.1386321039245102,1.0257222652435303,0.9763157963752747
h64_wd0.01_s1,l10,39,0.0005,0.3259603122006292,0.6535001397132874,0.9751333063656089,0.7454353932584271,2.4193098179370893,0.1676611780260556,1.036901593208313,1.0162708759307861
h64_wd0.01_s1,l10,40,0.0005,0.3272614239350609,0.7198529243469238,0.975361306218512,0.739934456928839,2.5317985219537094,0.15318183036919217,1.047885775566101,1.0530868768692017
h64_wd0.01_s1,l10,41,0.0005,0.3146034906739774,0.7952743172645569,0.9792814327216562,0.7381788389513108,2.6089179134472493,0.14999182724355933,1.0571420192718506,1.0863611698150635
h64_wd0.01_s1,l10,42,0.0005,0.28746583539506665,0.7226513028144836,0.9780311109476703,0.7433286516853933,2.3116834653803937,0.13706858699418129,1.0671085119247437,1.1165740489959717
h64_wd0.01_s1,l10,43,0.0005,0.2865018889955852,0.7745916247367859,0.9836134299268194,0.7385299625468165,2.259824497299759,0.13235730496457626,1.0760761499404907,1.1491279602050781
h64_wd0.01_s1,l10,44,0.0005,0.25783314199551294,0.7313573360443115,0.9834736880814915,0.7365402621722846,2.637423567097769,0.13138546619863456,1.0838723182678223,1.1755727529525757
h64_wd0.01_s1,l10,45,0.0005,0.2451872961676639,0.8321239352226257,0.9842018166439893,0.7398174157303371,2.288189785934519,0.1099903015615583,1.0932869911193848,1.2123651504516602
h64_wd0.01_s1,l10,46,0.0005,0.2752269428709279,0.8016478419303894,0.9893575552531901,0.733380149812734,2.906828278870549,0.11716851040532689,1.1030677556991577,1.2358908653259277
h64_wd0.01_s1,l10,47,0.0005,0.2484658684419549,0.7338434457778931,0.9911227154046997,0.7341994382022473,2.5061678986121465,0.10426425485036588,1.1137025356292725,1.2603766918182373
h64_wd0.01_s1,l10,48,0.0005,0.2468034152103507,0.8000172972679138,0.9870554922222631,0.7415730337078652,2.3065484234669538,0.1056098445519481,1.1221245527267456,1.2980461120605469
h64_wd0.01_s1,l10,49,0.0005,0.22538738082284512,0.8574045300483704,0.9903136836685912,0.7351357677902622,2.6785407460741384,0.1064213443129946,1.1297889947891235,1.3359324932098389
h64_wd0.01_s1,l10,50,0.0005,0.21391278375750003,0.8991634249687195,0.9909903283933366,0.7373595505617978,2.7368884198640284,0.09464129146140392,1.1379480361938477,1.3696132898330688
h64_wd0.01_s1,l10,51,0.0005,0.24668082400508548,0.844029426574707,0.9896958776155629,0.7389981273408239,2.834058532999499,0.1081203058542768,1.1472338438034058,1.3940125703811646
h64_wd0.01_s1,l10,52,0.0005,0.219281655938729,0.8554219603538513,0.9906667156988931,0.7236657303370787,2.526777695463135,0.10524144071579607,1.1555535793304443,1.4251306056976318
h64_wd0.01_s1,l10,53,0.0005,0.207216110566388,0.9016409516334534,0.9937189717942116,0.7336142322097379,2.6567720216361774,0.09272523605079079,1.1635807752609253,1.4569671154022217
h64_wd0.01_s1,l10,54,0.0005,0.1940487516315087,0.8796375393867493,0.9934468429375207,0.7386470037453184,2.604150100104466,0.08046227776023915,1.1711053848266602,1.487006664276123
h64_wd0.01_s1,l11,1,0.0005,0.699776904149489,0.6796051859855652,0.7339133817621403,0.6408045977011494,0.7457677740091437,0.3853851874704398,0.20917420089244843,0.01913207210600376
h64_wd0.01_s1,l11,2,0.0005,0.6769799563017759,0.6708205938339233,0.736097914967793,0.6441570881226053,0.7634613782425101,0.38974909411339703,0.2533601224422455,0.021341219544410706
h64_wd0.01_s1,l11,3,0.0005,0.6569350605661218,0.7229896783828735,0.7421876753424554,0.6704980842911877,0.7280245347224199,0.3378806877139398,0.2976504862308502,0.019824741408228874
h64_wd0.01_s1,l11,4,0.0005,0.6576966480775313,0.6551920771598816,0.7720080498552372,0.677322796934866,0.8580343361396267,0.40410929807149354,0.33679085969924927,0.03286578878760338
h64_wd0.01_s1,l11,5,0.0005,0.6280278346755288,0.6428915858268738,0.7920728377235968,0.6942049808429119,0.7711467955897446,0.3487509339805397,0.37878793478012085,0.04265865683555603
h64_wd0.01_s1,l11,6,0.0005,0.610541274601763,0.6412020921707153,0.8063994852880665,0.7059386973180076,0.8083860967800143,0.33472282844748025,0.41944193840026855,0.0569596141576767
h64_wd0.01_s1,l11,7,0.0005,0.5920488455078818,0.626295804977417,0.8216388487809259,0.7150383141762453,0.8183981228843947,0.3348113701338174,0.4602135419845581,0.08189264684915543
h64_wd0.01_s1,l11,8,0.0005,0.5763458541848443,0.6140502095222473,0.8358981648424817,0.7222222222222222,0.9927359490262204,0.37302068211631084,0.4974380135536194,0.0981627032160759
h64_wd0.01_s1,l11,9,0.0005,0.5791936963796616,0.62779700756073,0.8480253166450956,0.7249760536398467,1.213337968240911,0.4301652460159421,0.532833456993103,0.11134696751832962
h64_wd0.01_s1,l11,10,0.0005,0.5485256612300873,0.6078667640686035,0.8558881399298257,0.7291666666666666,0.8948559942302334,0.26488688450093406,0.5672993659973145,0.13282237946987152
h64_wd0.01_s1,l11,11,0.0005,0.5290004448457197,0.5952401757240295,0.8721449572444957,0.7371886973180077,1.1223127707132803,0.33567867144636665,0.5969968438148499,0.1576385647058487
h64_wd0.01_s1,l11,12,0.0005,0.49967988512732764,0.6012086272239685,0.8825289712494483,0.7406609195402298,1.0086970824446508,0.28999071521890785,0.6296184659004211,0.18814682960510254
h64_wd0.01_s1,l11,13,0.0005,0.4842603152448481,0.606580376625061,0.8892920466532503,0.7442528735632183,1.1464859650779475,0.3181798307353625,0.6589730978012085,0.21749114990234375
h64_wd0.01_s1,l11,14,0.0005,0.4833133139393546,0.587145209312439,0.9028107161827527,0.7504789272030652,1.483606363465787,0.3507779287782069,0.6894360184669495,0.24326856434345245
h64_wd0.01_s1,l11,15,0.0005,0.47062306241555646,0.6385366916656494,0.9046660731519374,0.7466475095785442,1.571675858938166,0.35192988123027225,0.7180280685424805,0.2663012146949768
h64_wd0.01_s1,l11,16,0.0005,0.5219828743826259,0.6641985177993774,0.9097383797047888,0.7539511494252873,2.109855514270735,0.38999687863287313,0.7490514516830444,0.26720038056373596
h64_wd0.01_s1,l11,17,0.0005,0.49362716349688446,0.5800745487213135,0.9165463427772002,0.7551484674329503,1.6730808518462792,0.3216228206262668,0.7740217447280884,0.28020381927490234
h64_wd0.01_s1,l11,18,0.0005,0.4330726658756083,0.5922320485115051,0.9212670292592787,0.7575431034482759,1.1363326386434212,0.23394978975239322,0.7970950603485107,0.31470316648483276
h64_wd0.01_s1,l11,19,0.0005,0.43584545904939825,0.5840217471122742,0.930738327335842,0.7611350574712643,1.4736620385097867,0.25979209151271493,0.8183854222297668,0.34026452898979187
h64_wd0.01_s1,l11,20,0.0005,0.42704910039901733,0.5907450318336487,0.9375388091301519,0.7587404214559387,1.7933954583512786,0.2852472951877299,0.8413355350494385,0.3656737208366394
h64_wd0.01_s1,l11,21,0.0005,0.3899592025713487,0.5895121693611145,0.9435612380019003,0.7612547892720306,1.7092955890206256,0.23699693160679783,0.8636752367019653,0.3949410319328308
h64_wd0.01_s1,l11,22,0.0005,0.3993103233250705,0.5893239378929138,0.9464340487928958,0.76352969348659,1.7088611389220434,0.24197311320438242,0.884416401386261,0.4233832061290741
h64_wd0.01_s1,l11,23,0.0005,0.39501403272151947,0.6644679307937622,0.9403742135306397,0.7613745210727969,1.8538124377602352,0.2313850103057952,0.9081465005874634,0.45094728469848633
h64_wd0.01_s1,l11,24,0.0005,0.42581806535070593,0.6177972555160522,0.9488729454540014,0.7648467432950191,2.1959141296655207,0.2788928387072789,0.9317532777786255,0.4691260755062103
h64_wd0.01_s1,l11,25,0.0005,0.3629986643791199,0.6119911074638367,0.9559951222066778,0.766044061302682,1.5588027735852388,0.2013374436153897,0.9518609046936035,0.49921393394470215
h64_wd0.01_s1,l11,26,0.0005,0.3463018177585168,0.6031816005706787,0.9573716773773632,0.7644875478927203,1.8001027487494574,0.21639648553991345,0.9688035249710083,0.5292031764984131
h64_wd0.01_s1,l11,27,0.0005,0.34664266488768836,0.6374871134757996,0.9584714252582911,0.766882183908046,2.077578234115984,0.22734880225947765,0.9880306124687195,0.557014524936676
h64_wd0.01_s1,l11,28,0.0005,0.34761407564986835,0.6060974597930908,0.9613367547711851,0.768199233716475,2.109901954111267,0.2572899583189496,1.0057629346847534,0.5726062655448914
h64_wd0.01_s1,l11,29,0.0005,0.38675461303104053,0.7920747995376587,0.9718629130600671,0.7630507662835249,2.654368074656776,0.27051553186063876,1.0239882469177246,0.5885342955589294
h64_wd0.01_s1,l11,30,0.0005,0.3604417619380084,0.60951167345047,0.9666260183889815,0.7703544061302682,2.38707979491405,0.21668646339518524,1.0440176725387573,0.5990937352180481
h64_wd0.01_s1,l11,31,0.0005,0.31029814888130536,0.6391485929489136,0.9713317423148571,0.7670019157088123,1.9003760038196058,0.18669643574971567,1.059374451637268,0.6280660629272461
h64_wd0.01_s1,l11,32,0.0005,0.28680296716364945,0.6242280006408691,0.9769576634472233,0.7656848659003831,1.93725849612228,0.17507141995657036,1.0742084980010986,0.6556519269943237
h64_wd0.01_s1,l11,33,0.0005,0.2728306027975949,0.6769287586212158,0.9798753619068283,0.7673611111111112,1.7218558169035463,0.16318263690169402,1.088934063911438,0.6911219358444214
h64_wd0.01_s1,l11,34,0.0005,0.28240154548124835,0.6397944092750549,0.9782145181682839,0.7731082375478928,2.0832208211293053,0.1577077653999816,1.1036697626113892,0.7266566753387451
h64_wd0.01_s1,l11,35,0.0005,0.3112174225124446,0.6178572773933411,0.9844389415487742,0.76772030651341,2.7651816261759237,0.21480763493094407,1.1206339597702026,0.7442556619644165
h64_wd0.01_s1,l11,36,0.0005,0.292028356004845,0.6464916467666626,0.9815362056453725,0.7714319923371648,2.380573153019881,0.1716657276594783,1.1364991664886475,0.7586015462875366
h64_wd0.01_s1,l11,37,0.0005,0.2702390747991475,0.6744433045387268,0.9834140064488618,0.7708333333333334,2.552895726152512,0.20649375715084792,1.1518630981445312,0.7844470143318176
h64_wd0.01_s1,l11,38,0.0005,0.2760015218095346,0.7134733200073242,0.9805711207702724,0.7703544061302682,2.2306070995973077,0.18918891803325558,1.166725754737854,0.8094502091407776
h64_wd0.01_s1,l11,39,0.0005,0.2721470740031112,0.7561469674110413,0.9877456664696597,0.7632902298850575,2.5597048463290366,0.20051459136545546,1.180340051651001,0.8218130469322205
h64_wd0.01_s1,l11,40,0.0005,0.295374260707335,0.6394811868667603,0.9855835770983115,0.7667624521072797,2.875828412948634,0.1924470982744283,1.195535659790039,0.8320011496543884
h64_wd0.01_s1,l11,41,0.0005,0.32434815710241144,0.7120091915130615,0.9844613853830788,0.7571839080459769,3.2633548678303828,0.23071365695137447,1.2107902765274048,0.8422545790672302
h64_wd0.01_s1,l11,42,0.0005,0.2530204579234123,0.774509847164154,0.9891745905870558,0.7608955938697317,2.258108753795716,0.1558365964903276,1.22373366355896,0.8527981042861938
h64_wd0.01_s1,l11,43,0.0005,0.23765844783999704,0.8032242655754089,0.9896459111074537,0.7619731800766284,2.6521551210399505,0.1634375947216671,1.2356646060943604,0.8797740340232849
h64_wd0.01_s1,l11,44,0.0005,0.22593397308479657,0.7896426916122437,0.9902518946336791,0.7647270114942529,2.425405348164181,0.15905951833338047,1.2459427118301392,0.9079573750495911
h64_wd0.01_s1,l11,45,0.0005,0.2089133621616797,0.7179058194160461,0.9930723364779639,0.7671216475095786,2.0163833569144702,0.1320115715878192,1.256523609161377,0.9352754950523376
h64_wd0.01_s1,l11,46,0.0005,0.19581475041129373,0.7477585673332214,0.9927431602414957,0.7653256704980843,1.8590658486234979,0.1194368615586733,1.267320990562439,0.9687904715538025
h64_wd0.01_s1,l11,47,0.0005,0.25073607367548073,0.755950927734375,0.9957655965945222,0.7634099616858236,3.54657216761308,0.18542237799371322,1.2790720462799072,0.9928395748138428
h64_wd0.01_s1,l11,48,0.0005,0.23953953317620538,0.8853034973144531,0.9867057688135441,0.7642480842911876,2.67638606758133,0.14500956473368995,1.2942050695419312,1.0156022310256958
h64_wd0.01_s1,l11,49,0.0005,0.2846351164308461,0.8040190935134888,0.9930349300874561,0.7624521072796936,3.361098491611402,0.19073162813830583,1.3073058128356934,1.0278239250183105
h64_wd0.01_s1,l11,50,0.0005,0.2075054720044136,0.7913783192634583,0.9949202121690469,0.7635296934865902,2.2141032836528023,0.14395351773388002,1.3186174631118774,1.0610697269439697
h64_wd0.01_s1,l11,51,0.0005,0.19933916933157228,0.7628734111785889,0.9954813080266633,0.7638888888888888,2.442137586372508,0.13065277472124281,1.3284393548965454,1.0936076641082764
h64_wd0.01_s1,l11,52,0.0005,0.19492294165221127,0.7955834865570068,0.9945985172106803,0.7699952107279692,2.275686878859405,0.10604458985857552,1.3373478651046753,1.1209311485290527
h64_wd0.01_s1,l11,53,0.0005,0.2146574126725847,0.7439890503883362,0.9959152221565533,0.7617337164750958,2.8751569238651324,0.13708434356214447,1.3466485738754272,1.1457115411758423
h64_wd0.01_s1,l11,54,0.0005,0.18046919764442879,0.8048405647277832,0.997800504238144,0.7665229885057471,2.076217427560414,0.11115574458976706,1.3566948175430298,1.1716108322143555
h64_wd0.01_s1,l12,1,0.0005,0.7111258777705106,0.6933584809303284,0.5848248141968755,0.5565638233514821,0.5376114295649272,0.22971269242989276,0.21166285872459412,0.03639571741223335
h64_wd0.01_s1,l12,2,0.0005,0.6931424005465074,0.6926165819168091,0.5873350523282268,0.4995160314579552,0.08967011373244664,0.09864372488173835,0.245719313621521,0.04716186225414276
h64_wd0.01_s1,l12,3,0.0005,0.6927379749038003,0.6924615502357483,0.6182845442135598,0.5372050816696915,0.036842104563738994,0.0708852711609457,0.25226783752441406,0.04906793683767319
h64_wd0.01_s1,l12,4,0.0005,0.6918729570778933,0.6918845772743225,0.6187319884726225,0.5840290381125227,0.06379633638653914,0.08752322242690186,0.2578522861003876,0.04875193536281586
h64_wd0.01_s1,l12,5,0.0005,0.6891920024698431,0.6899039149284363,0.7153344456241468,0.6165759225650334,0.12090213735871563,0.08946229564218477,0.27105456590652466,0.05115332081913948
h64_wd0.01_s1,l12,6,0.0005,0.6831897280432961,0.6848309636116028,0.7319240103139695,0.6325468844525106,0.2327168606950307,0.12586412713932893,0.29430320858955383,0.06857746839523315
h64_wd0.01_s1,l12,7,0.0005,0.6770247085527941,0.6813592314720154,0.7477893220081905,0.6362976406533575,0.2720263956907658,0.12455986022761395,0.31593236327171326,0.10063418000936508
h64_wd0.01_s1,l12,8,0.0005,0.6592147946357727,0.6761003136634827,0.7479561656302138,0.6216575922565033,0.38087950323369585,0.15646417451081202,0.33908355236053467,0.14232170581817627
h64_wd0.01_s1,l12,9,0.0005,0.6538471146063372,0.6692449450492859,0.7632299408463522,0.643254688445251,0.4061677330297952,0.13475539258894828,0.3587394058704376,0.1889282464981079
h64_wd0.01_s1,l12,10,0.0005,0.6393303546038541,0.6647671461105347,0.7908501440922189,0.6594071385359952,0.5401066894165121,0.17384197625227427,0.37657880783081055,0.23757535219192505
h64_wd0.01_s1,l12,11,0.0005,0.6181444986300035,0.6584588885307312,0.7938192021841346,0.65178463399879,0.5763043869510229,0.1491017281922766,0.3939262330532074,0.29372236132621765
h64_wd0.01_s1,l12,12,0.0005,0.6185066076842222,0.6584998965263367,0.7825041710905506,0.6313369630973987,0.7322973000918048,0.1609948573524234,0.41061633825302124,0.3451121747493744
h64_wd0.01_s1,l12,13,0.0005,0.6231011965058066,0.6547287106513977,0.8156529652661915,0.6713248638838475,0.7773642829967709,0.1510394961495131,0.4272485077381134,0.3893161118030548
h64_wd0.01_s1,l12,14,0.0005,0.6094911396503448,0.6494269371032715,0.8146064007280449,0.6669086509376891,0.6812164776012101,0.15015235228378157,0.43974149227142334,0.43471208214759827
h64_wd0.01_s1,l12,15,0.0005,0.5796738849444822,0.6641817092895508,0.8268314879417564,0.6717483363581368,0.6978047203755053,0.14367866848884064,0.4519970715045929,0.4900842607021332
h64_wd0.01_s1,l12,16,0.0005,0.5777508806098591,0.6462448239326477,0.8308091915668132,0.6909860859044162,1.0013844613503338,0.154736781958124,0.4648970365524292,0.5524492263793945
h64_wd0.01_s1,l12,17,0.0005,0.5849499756639654,0.6490551233291626,0.8453890489913545,0.6924379915305504,1.0720871729783583,0.12743196608793753,0.4789961576461792,0.5986273288726807
h64_wd0.01_s1,l12,18,0.0005,0.5563003732399507,0.6538295745849609,0.8493743364174124,0.6981246218995766,1.0882913401020924,0.1557484652982081,0.4911116659641266,0.6516596078872681
h64_wd0.01_s1,l12,19,0.0005,0.5311543846672232,0.6452768445014954,0.8523737297133323,0.6842105263157895,1.0134848631364721,0.13483709035911626,0.5025060176849365,0.7178059816360474
h64_wd0.01_s1,l12,20,0.0005,0.5359898074106737,0.6342884302139282,0.8591915668132868,0.6914700544464609,1.3997342844650154,0.14928640380508384,0.5133753418922424,0.7748024463653564
h64_wd0.01_s1,l12,21,0.0005,0.543669277971441,0.6517608165740967,0.8647504929470651,0.6798548094373866,1.3703263329480804,0.13377010359653674,0.5261253714561462,0.8172740340232849
h64_wd0.01_s1,l12,22,0.0005,0.5313897200606086,0.630434513092041,0.8729637494312149,0.7257108287961282,1.4349555145509856,0.11261327192550658,0.5363053679466248,0.8613157868385315
h64_wd0.01_s1,l12,23,0.0005,0.5452043536034498,0.6395549178123474,0.864056575155468,0.6906231094978825,1.4844798632925078,0.11864279561686719,0.5454671382904053,0.8986775279045105
h64_wd0.01_s1,l12,24,0.0005,0.5013499327681281,0.6735014319419861,0.8732443500682542,0.7036902601330913,1.6175116828178353,0.1293134405550499,0.556420624256134,0.9528391361236572
h64_wd0.01_s1,l12,25,0.0005,0.47509084100073035,0.6306360960006714,0.8834900652206887,0.7160314579552329,1.7776694674084477,0.1325426640612498,0.5660486221313477,1.0082404613494873
h64_wd0.01_s1,l12,26,0.0005,0.5001644722440026,0.6761239171028137,0.8893220081905051,0.7230490018148821,1.8354158443413893,0.12919681632900315,0.5757765173912048,1.0653858184814453
h64_wd0.01_s1,l12,27,0.0005,0.4733012860471552,0.6847861409187317,0.8619103594721674,0.6472474289171203,1.992925546622508,0.11912212104809491,0.5836014747619629,1.104534387588501
h64_wd0.01_s1,l12,28,0.0005,0.47189867767420685,0.7140845656394958,0.8934324283330806,0.7238959467634604,2.102851576785996,0.13103781570474193,0.5920538902282715,1.1399435997009277
h64_wd0.01_s1,l12,29,0.0005,0.4402227767489173,0.7320358753204346,0.9009479751251327,0.7317604355716877,1.6890902790105018,0.10328096439064653,0.5999894142150879,1.1899633407592773
h64_wd0.01_s1,l12,30,0.0005,0.469781138680198,0.6732218265533447,0.8969247686940696,0.6900181488203266,2.71925803170872,0.13542943113628828,0.6076205968856812,1.2313414812088013
h64_wd0.01_s1,l12,31,0.0005,0.43185873465104535,0.6870170831680298,0.9066130744729258,0.724682395644283,2.057179978732494,0.11241175224619654,0.615403413772583,1.272592306137085
h64_wd0.01_s1,l12,32,0.0005,0.43030792610211804,0.6753222346305847,0.9085014409221902,0.7055051421657592,2.4898319354343235,0.12323763726227578,0.6217427849769592,1.3147488832473755
h64_wd0.01_s1,l12,33,0.0005,0.4297537173737179,0.710042417049408,0.9102229637494312,0.7116757410768301,2.4096411281695604,0.12435738075419592,0.6281033158302307,1.3544803857803345
h64_wd0.01_s1,l12,34,0.0005,0.41378607600927353,0.693378210067749,0.9128242074927955,0.7303085299455536,2.5467567067216565,0.08614708054138187,0.6343346238136292,1.3950047492980957
h64_wd0.01_s1,l12,35,0.0005,0.4299728741699999,0.7041951417922974,0.9124374336417413,0.7317604355716878,2.9272254357747567,0.11682920834675949,0.6410045027732849,1.434025764465332
h64_wd0.01_s1,l12,36,0.0005,0.4187095815485174,0.7191096544265747,0.9131958137418474,0.7107683000604961,2.3486526365561122,0.07759818012583299,0.6463918089866638,1.4562935829162598
h64_wd0.01_s1,l12,37,0.0005,0.3750106800686229,0.7861433625221252,0.924313666009404,0.7261947973381729,2.3929999259693933,0.10269961401224918,0.6519557237625122,1.5014852285385132
h64_wd0.01_s1,l12,38,0.0005,0.4055157893083312,0.6695340275764465,0.9125056878507508,0.7177253478523895,2.6170692532524433,0.10697194874497908,0.657421350479126,1.5410064458847046
h64_wd0.01_s1,l12,39,0.0005,0.3952081176367673,0.6770915985107422,0.9134839981798879,0.7162734422262552,2.8967536530230924,0.11503454470221804,0.6636311411857605,1.570512056350708
h64_wd0.01_s1,l12,40,0.0005,0.41600681164047937,0.6868182420730591,0.9266873957227362,0.7343012704174229,3.080965492085657,0.08798278438792738,0.6692648530006409,1.5945830345153809
h64_wd0.01_s1,l12,41,0.0005,0.4143058793111281,0.704699695110321,0.9172607310784165,0.7139745916515426,3.5424577212324606,0.11754915137880441,0.6745852828025818,1.607569932937622
h64_wd0.01_s1,l12,42,0.0005,0.3975552808154713,0.7199683785438538,0.9201729106628243,0.7251058681185722,2.9544805204155806,0.09676101360509626,0.6798157095909119,1.6315970420837402
h64_wd0.01_s1,l12,43,0.0005,0.36274719441478903,0.7316639423370361,0.923479447899287,0.7051421657592256,2.39086624651878,0.08162999437992428,0.6845130920410156,1.66679847240448
h64_wd0.01_s1,l12,44,0.0005,0.3776888129386035,0.7568053603172302,0.9340778097982708,0.7565033272837266,3.1406026782139325,0.09099714313964223,0.6893647909164429,1.6989108324050903
h64_wd0.01_s1,l12,45,0.0005,0.3398093730211258,0.7002609372138977,0.9218868496890642,0.7153660012099213,3.1873811238746312,0.0897488389004084,0.6946070194244385,1.7381571531295776
h64_wd0.01_s1,l12,46,0.0005,0.36022628301923926,0.7033910155296326,0.9334673138176854,0.7340592861464005,2.940136822103753,0.08942330432905479,0.699627161026001,1.7750025987625122
h64_wd0.01_s1,l12,47,0.0005,0.35499360344626685,0.7501167058944702,0.9309229485818292,0.7290986085904415,3.1243411726840447,0.09224565555575918,0.7043131589889526,1.8023581504821777
h64_wd0.01_s1,l12,48,0.0005,0.3478499529036609,0.8289523124694824,0.9420825117548915,0.7348457350272233,3.48315297698969,0.09097797026397578,0.7079597115516663,1.8278614282608032
h64_wd0.01_s1,l12,49,0.0005,0.32014602896842087,0.797534704208374,0.9437168208706204,0.7472474289171204,2.7441247913807114,0.06619618900095749,0.7117855548858643,1.863935947418213
h64_wd0.01_s1,l12,50,0.0005,0.34650356051596726,0.7323014736175537,0.9433300470195662,0.754627949183303,2.930287582520188,0.07243978698631211,0.7156990766525269,1.8924075365066528
h64_wd0.01_s1,l12,51,0.0005,0.3410592519424178,0.8492974042892456,0.9466176247535264,0.7460375075620085,3.2143916606887317,0.08872422314093323,0.7201886773109436,1.9233314990997314
h64_wd0.01_s1,l12,52,0.0005,0.3435758155855266,0.7545204758644104,0.9457909904444107,0.7448880822746521,4.2416915746828225,0.09725974843349748,0.7245326638221741,1.9472265243530273
h64_wd0.01_s1,l12,53,0.0005,0.34969396753744647,0.7274245619773865,0.9517063552252389,0.717967332123412,3.879011126803285,0.08847515129535549,0.728674054145813,1.9665586948394775
h64_wd0.01_s1,l12,54,0.0005,0.38250721991062164,0.9336341023445129,0.9449302290307902,0.7298245614035088,3.962017181543946,0.08366533569553833,0.732596218585968,1.9700614213943481
h64_wd0.01_s1,l12,55,0.0005,0.3141978457570076,0.83927321434021,0.9492947065069013,0.7234119782214155,3.6324843974491903,0.08790574071535345,0.7365267276763916,1.9967621564865112
h64_wd0.01_s1,l12,56,0.0005,0.31766228716481815,0.7783287167549133,0.95478537843167,0.7421657592256503,3.8280486262267983,0.08833750853843267,0.739865243434906,2.018453598022461
h64_wd0.01_s1,l12,57,0.0005,0.33625598793680017,0.8465989232063293,0.9443538601547095,0.7167574107683001,3.6910173863433076,0.0865943125161781,0.7434790134429932,2.0419445037841797
h64_wd0.01_s1,l12,58,0.0005,0.36250876025720075,0.9263045787811279,0.949256787501896,0.7323653962492438,4.223237707060719,0.06808313731444787,0.7470332384109497,2.056438446044922
h64_wd0.01_s1,l12,59,0.0005,0.35498306358402426,0.788580060005188,0.9392082511754892,0.7303690260133091,3.798753918637695,0.10192805618961537,0.7507743835449219,2.0679030418395996
h64_wd0.01_s1,l12,60,0.0005,0.3407187922434373,0.7562430500984192,0.9434286364325799,0.7126436781609197,3.122214691287047,0.06710116864575247,0.7539305686950684,2.079132318496704
h64_wd0.01_s1,l12,61,0.0005,0.34000916508111084,0.843877375125885,0.9369331108751706,0.7065940713853598,3.9527748598070813,0.07971380812374572,0.7575184106826782,2.102633237838745
h64_wd0.01_s1,l12,62,0.0005,0.3522444618019191,0.7906168103218079,0.9486273320188079,0.7351482153660011,3.632071043926828,0.08626825881899287,0.7608903050422668,2.1130080223083496
h64_wd0.01_s1,l12,63,0.0005,0.35856786979870364,1.001793384552002,0.9506901258910966,0.7517846339987899,5.136145525571044,0.09630791023667862,0.7645753026008606,2.12764573097229
h64_wd0.01_s1,l12,64,0.0005,0.38126199353824963,0.7798760533332825,0.9458516608524192,0.7413188142770719,4.303882506665436,0.07651745967129449,0.7668335437774658,2.1246111392974854
h64_wd0.01_s1,l13,1,0.0005,0.702423708005385,0.6908420920372009,0.709963052618168,0.584726443768997,0.47923472427256325,0.2628284869594372,0.20840305089950562,0.030021021142601967
h64_wd0.01_s1,l13,2,0.0005,0.6871371648528359,0.6869812607765198,0.7293604280800101,0.6225937183383993,0.3684287259820778,0.24058560301821583,0.24415110051631927,0.0377226248383522
h64_wd0.01_s1,l13,3,0.0005,0.6860661913048137,0.6887232065200806,0.7273060262453817,0.6125886524822695,0.41239916257103887,0.2594114617335187,0.26268041133880615,0.03588715195655823
h64_wd0.01_s1,l13,4,0.0005,0.674520882693204,0.6832629442214966,0.6814004968785833,0.6176545086119555,0.3496853659406172,0.21184086556765366,0.28808876872062683,0.04703463241457939
h64_wd0.01_s1,l13,5,0.0005,0.667479311878031,0.6692049503326416,0.7407631545419799,0.6422239108409321,0.5146584346238744,0.30431930733377577,0.3202313482761383,0.07000338286161423
h64_wd0.01_s1,l13,6,0.0005,0.6614352491768923,0.6689825057983398,0.7548971206523124,0.6513424518743667,0.5512743646406134,0.28947256467351773,0.3500281274318695,0.09464144706726074
h64_wd0.01_s1,l13,7,0.0005,0.6425537250258706,0.6596118807792664,0.7474837558924704,0.6518490374873354,0.502560318294917,0.21011452927219698,0.37692373991012573,0.1198381558060646
h64_wd0.01_s1,l13,8,0.0005,0.6343592432412234,0.6541039347648621,0.7754889157854504,0.6638804457953394,0.6819226404458537,0.2963184872247013,0.40422552824020386,0.14669255912303925
h64_wd0.01_s1,l13,9,0.0005,0.6227251535112207,0.6460638642311096,0.7822174799337496,0.6709726443768997,0.6479970737114547,0.21517486146544276,0.42904195189476013,0.17968522012233734
h64_wd0.01_s1,l13,10,0.0005,0.6148788197474047,0.6425231695175171,0.7879268059625429,0.6779381965552178,0.5890428385198615,0.17634408829115106,0.4482516348361969,0.20549772679805756
h64_wd0.01_s1,l13,11,0.0005,0.5904486179351807,0.6333486437797546,0.8081124984074405,0.690856129685917,0.7474730999892523,0.22340593717371993,0.46834665536880493,0.23410582542419434
h64_wd0.01_s1,l13,12,0.0005,0.5864944783124056,0.6798016428947449,0.8175125812205377,0.6800911854103343,0.8459633113321463,0.2120774281229538,0.4877636432647705,0.2623746395111084
h64_wd0.01_s1,l13,13,0.0005,0.5827346579595045,0.6249785423278809,0.8302729647088802,0.7016210739614995,0.8651615956850407,0.19773706167945881,0.509460985660553,0.2917426526546478
h64_wd0.01_s1,l13,14,0.0005,0.5682775662703947,0.6198872923851013,0.8449006242833482,0.7113728470111448,0.8699431939620492,0.20002286691826499,0.527256429195404,0.3188433349132538
h64_wd0.01_s1,l13,15,0.0005,0.5572938891974363,0.6178351640701294,0.8576331379793605,0.7123860182370821,1.076214345267072,0.2141530836987241,0.544237494468689,0.35234472155570984
h64_wd0.01_s1,l13,16,0.0005,0.5421624657782641,0.6204323768615723,0.8685023569881514,0.7177051671732523,1.053142455536118,0.22186379422277563,0.5642971396446228,0.38923904299736023
h64_wd0.01_s1,l13,17,0.0005,0.5250511088154532,0.6273794174194336,0.8658188941266403,0.7182117527862208,1.0579244526492795,0.18832395968796087,0.5871286392211914,0.4197792112827301
h64_wd0.01_s1,l13,18,0.0005,0.521223242987286,0.6096705794334412,0.8827716906612306,0.7280901722391083,1.1069218924490076,0.17904828630917327,0.6042807698249817,0.4565497636795044
h64_wd0.01_s1,l13,19,0.0005,0.5038490471514788,0.6106330156326294,0.8871432666581729,0.7344224924012157,1.1326081026899626,0.16959337999710894,0.6194787621498108,0.49514591693878174
h64_wd0.01_s1,l13,20,0.0005,0.47626580027016724,0.6262670159339905,0.8951140272646197,0.7292299898682878,1.1242699457008205,0.160022467923894,0.6343293190002441,0.5353825092315674
h64_wd0.01_s1,l13,21,0.0005,0.4765231541611932,0.6153967976570129,0.9027503503631035,0.7368287740628165,1.1858876168355428,0.14492821163310546,0.6477548480033875,0.5761118531227112
h64_wd0.01_s1,l13,22,0.0005,0.47307614440267737,0.6009557843208313,0.9161995158618931,0.7361955420466059,1.3740826671054391,0.16311216114885074,0.6609604358673096,0.6113335490226746
h64_wd0.01_s1,l13,23,0.0005,0.48318451372059906,0.6116873025894165,0.9117960886737164,0.735435663627153,1.7505551865058722,0.19171376555350975,0.6757088303565979,0.6438029408454895
h64_wd0.01_s1,l13,24,0.0005,0.46721087531609967,0.6077319383621216,0.9172983819594853,0.7432877406281662,1.8381545090712825,0.1825179229895841,0.6888613700866699,0.6724101901054382
h64_wd0.01_s1,l13,25,0.0005,0.45799207416447724,0.6544659733772278,0.9213355204484648,0.7302431610942249,1.6646155433988026,0.1586748005221594,0.7004261016845703,0.6975459456443787
h64_wd0.01_s1,l13,26,0.0005,0.48698603294112464,0.6089276671409607,0.9274509491654988,0.7353723404255319,2.0389621980847195,0.19821757189423964,0.7130140662193298,0.7149693369865417
h64_wd0.01_s1,l13,27,0.0005,0.4723284989595413,0.6328083276748657,0.9308032870429354,0.730369807497467,1.5674973884464145,0.14998280449610563,0.7249770760536194,0.7464494705200195
h64_wd0.01_s1,l13,28,0.0005,0.4203476987101815,0.6243996620178223,0.9337136896419926,0.7249240121580547,1.5925080199483965,0.14948530301741259,0.7352502346038818,0.7804243564605713
h64_wd0.01_s1,l13,29,0.0005,0.4042311378500678,0.6521713733673096,0.9349678302968532,0.7365754812563323,1.5717862071027888,0.13678591410635188,0.7442042231559753,0.8164785504341125
h64_wd0.01_s1,l13,30,0.0005,0.39713217453523114,0.6527385711669922,0.9395464390368199,0.745694022289767,1.586699730998914,0.13002741126518064,0.7528782486915588,0.8514233827590942
h64_wd0.01_s1,l13,31,0.0005,0.38597542995756323,0.6429094076156616,0.9521117339788508,0.7444275582573455,1.9857378119407836,0.13674887161389426,0.7620555758476257,0.8873375058174133
h64_wd0.01_s1,l13,32,0.0005,0.42036820270798425,0.6357429027557373,0.9423652694610778,0.7337892603850051,2.3485126602747326,0.1576861729273522,0.7721444368362427,0.9094102382659912
h64_wd0.01_s1,l13,33,0.0005,0.3780229464173317,0.7021859884262085,0.947334055293668,0.7436676798378925,1.9981759016258804,0.1249330253163409,0.7819288372993469,0.9423494338989258
h64_wd0.01_s1,l13,34,0.0005,0.36718854579058563,0.663158655166626,0.9590632564657918,0.7451874366767984,1.772659106824682,0.12850930864081553,0.7894362211227417,0.9762098789215088
h64_wd0.01_s1,l13,35,0.0005,0.3397569805383682,0.7794260382652283,0.949205312778698,0.7416413373860182,2.14755125156626,0.11976539929345188,0.7977272272109985,1.0152465105056763
h64_wd0.01_s1,l13,36,0.0005,0.36926065385341644,0.6907868385314941,0.9642589820359282,0.7424645390070922,2.124836517522092,0.11935126720482919,0.8057609796524048,1.0400148630142212
h64_wd0.01_s1,l13,37,0.0005,0.3342297585173087,0.6637697219848633,0.9678183526563893,0.7440476190476191,2.016680031837414,0.11106742782563458,0.813613772392273,1.0747727155685425
h64_wd0.01_s1,l13,38,0.0005,0.31899328800764953,0.6927285194396973,0.9706332016817429,0.7496200607902737,1.9867866377144963,0.10837288781839476,0.8218522667884827,1.1183651685714722
h64_wd0.01_s1,l13,39,0.0005,0.32795990055257623,0.6772913336753845,0.9735157344884698,0.7486068895643364,2.27569473749799,0.11349591343128383,0.8292140364646912,1.1541051864624023
h64_wd0.01_s1,l13,40,0.0005,0.36339699747887527,0.7744542956352234,0.9658316346031341,0.7387284701114488,2.97695558144747,0.14625337784384146,0.8380065560340881,1.1772311925888062
h64_wd0.01_s1,l13,41,0.0005,0.369870355183428,0.647834837436676,0.9588243725315326,0.7099164133738602,3.0624999098268457,0.15173462902641624,0.8472787737846375,1.1926862001419067
h64_wd0.01_s1,l13,42,0.0005,0.40755795213309204,0.6468551158905029,0.9726557523251369,0.7481003039513678,2.5261163707816396,0.13270807645824362,0.8562126755714417,1.2244077920913696
h64_wd0.01_s1,l13,43,0.0005,0.3635584915226156,0.7544223666191101,0.9699324754745828,0.7407548125633232,2.3154056554834486,0.11509728989071903,0.8631189465522766,1.2541567087173462
h64_wd0.01_s1,l13,44,0.0005,0.28751660273833707,0.7532916069030762,0.9815900114664289,0.7310663627152989,2.4463227774175187,0.10778182344646109,0.8701321482658386,1.2884774208068848
h64_wd0.01_s1,l13,45,0.0005,0.2863884737545794,0.7871640920639038,0.975227736017327,0.7440476190476191,2.1826217301188873,0.09253094296788288,0.8767886161804199,1.3276351690292358
h64_wd0.01_s1,l13,46,0.0005,0.2814589650793509,0.8196315169334412,0.9797585679704421,0.7513931104356636,2.6531793817499354,0.09717796013746768,0.8836628794670105,1.362343668937683
h64_wd0.01_s1,l13,47,0.0005,0.26771497049114923,0.7468085289001465,0.9863517645559944,0.7404381965552179,2.5560911891817786,0.08940478893608966,0.8903502821922302,1.3965526819229126
h64_wd0.01_s1,l13,48,0.0005,0.2666958062486215,0.7781907916069031,0.982378328449484,0.7410081053698074,2.5665542781233555,0.08786523145582527,0.8966838121414185,1.4313679933547974
h64_wd0.01_s1,l13,49,0.0005,0.2892217683521184,0.9337459802627563,0.9835807109185882,0.7507598784194529,2.7769632213020423,0.0889115828616191,0.9035356044769287,1.4649337530136108
h64_wd0.01_s1,l13,50,0.0005,0.2956032526086677,0.8076586723327637,0.9837718180659956,0.7320162107396151,3.2345367550764705,0.11827038993141664,0.9113398790359497,1.4920711517333984
h64_wd0.01_s1,l13,51,0.0005,0.278914250433445,0.7484074234962463,0.9813869601223085,0.7289766970618035,2.592637764170935,0.09101697764486608,0.9187607765197754,1.5205522775650024
h64_wd0.01_s1,l13,52,0.0005,0.26016520031473855,0.9531990885734558,0.9828003567333419,0.747340425531915,2.868999757656031,0.09236044845429939,0.92559814453125,1.5586330890655518
h64_wd0.01_s1,l13,53,0.0005,0.26108181747523224,0.7878661155700684,0.9893099439419034,0.7279635258358663,2.6809586842204176,0.10236251244616366,0.932816743850708,1.5890750885009766
h64_wd0.01_s1,l13,54,0.0005,0.2520375841043212,0.8550512194633484,0.9852847496496369,0.7398682877406282,3.0348959309484984,0.10397295649425141,0.939441442489624,1.6268519163131714
h64_wd0.01_s1,l13,55,0.0005,0.28901357677849854,0.8056389689445496,0.9841062555739585,0.7479103343465046,3.5657551209612874,0.11309452848085928,0.9465340971946716,1.6564550399780273
h64_wd0.01_s1,l13,56,0.0005,0.27376791022040625,0.8812357187271118,0.9843331953115046,0.7401215805471125,2.5503263287109803,0.09078447020092992,0.9525241851806641,1.6944453716278076
h64_wd0.01_s1,l13,57,0.0005,0.2610825422135266,0.8763872385025024,0.9885415339533699,0.7451874366767983,3.0023561450787,0.08924128958439476,0.9580716490745544,1.725132703781128
h64_wd0.01_s1,l13,58,0.0005,0.26870945502411236,0.9830026626586914,0.9809211364505033,0.7323961499493414,3.596732349677775,0.10256036968627623,0.9640463590621948,1.7524592876434326
h64_wd0.01_s1,l13,59,0.0005,0.2349254766648466,0.9125679135322571,0.9893378137342337,0.7314463019250252,3.9062300882962946,0.09605476930435124,0.9705213904380798,1.778342843055725
h64_wd0.01_s1,l13,60,0.0005,0.22337648340246893,0.9070990085601807,0.9934386546056821,0.7378419452887538,2.735347352273262,0.08552204354965232,0.9759089946746826,1.8088016510009766
h64_wd0.01_s1,l13,61,0.0005,0.20604219727895476,1.0374152660369873,0.9913524015798192,0.7477203647416414,2.9104288165444174,0.07010589645080219,0.9804812073707581,1.8378640413284302
h64_wd0.01_s1,l13,62,0.0005,0.20686192675070328,0.9041677713394165,0.9898474327939866,0.7258105369807498,2.663948872103609,0.06689215096604387,0.9850855469703674,1.8624951839447021
h64_wd0.01_s1,l13,63,0.0005,0.20737721838734366,1.1118757724761963,0.99128869919735,0.7455673758865249,3.1657034459848004,0.0733104661223393,0.9901646375656128,1.892196536064148
h64_wd0.01_s1,l13,64,0.0005,0.19835481928153473,0.8750803470611572,0.9942827111733978,0.7323961499493414,3.2915346152195,0.07474347499818665,0.9949964880943298,1.9118502140045166
h64_wd0.01_s1,l13,65,0.0005,0.2401249740611423,1.0262058973312378,0.9781620270098101,0.7358156028368794,3.1454538348618724,0.08447936474280479,1.000165343284607,1.9332830905914307
h64_wd0.01_s1,l13,66,0.0005,0.20954914865168658,0.9591383934020996,0.9933431010319786,0.7346757852077002,3.997340448040633,0.08911527426593721,1.0050095319747925,1.9549545049667358
h64_wd0.01_s1,l14,1,0.0005,0.6959784004999243,0.6904826164245605,0.7128532954940346,0.5651226782847971,0.40099221216105657,0.22192418734597158,0.21394693851470947,0.019691498950123787
h64_wd0.01_s1,l14,2,0.0005,0.6845316938731981,0.6856309175491333,0.7146125333024441,0.5818619582664527,0.3464481387604295,0.21084195680937248,0.2528415024280548,0.024111676961183548
h64_wd0.01_s1,l14,3,0.0005,0.6698876671169115,0.678307831287384,0.7339713888567126,0.5990598486585645,0.41932269081885026,0.2591003884581032,0.28734132647514343,0.04966708645224571
h64_wd0.01_s1,l14,4,0.0005,0.6612927136213883,0.6802454590797424,0.7668177342754546,0.6403347855996331,0.5504418991903902,0.2973759278496314,0.3264365494251251,0.07168155908584595
h64_wd0.01_s1,l14,5,0.0005,0.6481556840564894,0.6758714914321899,0.7429485694428357,0.6097225407016739,0.5997366450374324,0.26686999121931027,0.3659079670906067,0.10350605845451355
h64_wd0.01_s1,l14,6,0.0005,0.6221052926519642,0.6574270725250244,0.7737533302444111,0.6390736069708781,0.7142784595743883,0.33412920368260046,0.3996897041797638,0.13195306062698364
h64_wd0.01_s1,l14,7,0.0005,0.6195541076038195,0.685151994228363,0.8013654002085022,0.6638385691355193,0.9514587051733185,0.41104548689461695,0.43335485458374023,0.15452797710895538
h64_wd0.01_s1,l14,8,0.0005,0.6094467873158662,0.6804957389831543,0.7844897486389435,0.6420545746388443,0.9013422495254872,0.3632749080937457,0.463678240776062,0.1702406406402588
h64_wd0.01_s1,l14,9,0.0005,0.5972149942232214,0.650827169418335,0.8196383064983204,0.6789727126805778,0.8844444502250992,0.2908051256352895,0.48993757367134094,0.18823972344398499
h64_wd0.01_s1,l14,10,0.0005,0.5708692034949427,0.6322954297065735,0.8346823236418395,0.6831002063746847,0.9280749215952663,0.305777501461801,0.5158172249794006,0.22200578451156616
h64_wd0.01_s1,l14,11,0.0005,0.5636177749737449,0.6248717904090881,0.8465336499478745,0.6919284567759687,0.8322849755323196,0.25012112593432095,0.5384069681167603,0.2501826584339142
h64_wd0.01_s1,l14,12,0.0005,0.5696697908899059,0.6553621292114258,0.8598618672535618,0.6828709011694565,1.2713484055266098,0.33145261408632587,0.5672188401222229,0.27326273918151855
h64_wd0.01_s1,l14,13,0.0005,0.5573012077290079,0.6354799866676331,0.8562203173867717,0.69364824581518,1.0936842015749861,0.26910178170286025,0.5955492258071899,0.29541313648223877
h64_wd0.01_s1,l14,14,0.0005,0.5330964443476304,0.6243751049041748,0.8681078420016215,0.7084384315523962,1.0367886378742606,0.2745673769050006,0.6174434423446655,0.3163827061653137
h64_wd0.01_s1,l14,15,0.0005,0.5320636034011841,0.6130653619766235,0.8740878026178617,0.7161201559275394,1.035605887063258,0.21484226158238612,0.638427734375,0.3511550724506378
h64_wd0.01_s1,l14,16,0.0005,0.5012305184550907,0.6209889650344849,0.8870757558206881,0.7071772529236413,1.1599213885501858,0.2449283388720363,0.6586883068084717,0.39586496353149414
h64_wd0.01_s1,l14,17,0.0005,0.4787443798521291,0.6171111464500427,0.8951045407158577,0.7142857142857142,1.069816625912401,0.17933450115249763,0.677165687084198,0.4329838752746582
h64_wd0.01_s1,l14,18,0.0005,0.47455251994340314,0.624151885509491,0.8965235144214062,0.7054574638844302,1.1972939697141058,0.1875120661640876,0.6963016986846924,0.4681357443332672
h64_wd0.01_s1,l14,19,0.0005,0.4634928781053294,0.6372932195663452,0.9077594694775861,0.7210502178399449,1.501935362548748,0.25726185978476,0.7149348855018616,0.49843400716781616
h64_wd0.01_s1,l14,20,0.0005,0.46165134336637415,0.6310515999794006,0.9146950654465422,0.7233432698922266,1.5516299524551342,0.18798529395903027,0.7341189980506897,0.5256887674331665
h64_wd0.01_s1,l14,21,0.0005,0.46497890741928766,0.6557125449180603,0.9207691416657015,0.7291905526255447,1.8802794901091506,0.23676564178123852,0.7526656985282898,0.5479491353034973
h64_wd0.01_s1,l14,22,0.0005,0.4718853779461073,0.6194217205047607,0.9222315533418278,0.7192157761981197,1.8394095115141476,0.22460093859535324,0.7739712595939636,0.5682348012924194
h64_wd0.01_s1,l14,23,0.0005,0.43261830703071924,0.6225274801254272,0.9229265608710762,0.7344645723457922,1.5249387261444909,0.19903939601672616,0.7912774085998535,0.6045305132865906
h64_wd0.01_s1,l14,24,0.0005,0.4004465121289958,0.6356644630432129,0.9242441793119426,0.7226553542765422,1.5137520380305272,0.17953040447387658,0.806036651134491,0.634748101234436
h64_wd0.01_s1,l14,25,0.0005,0.3982389167599056,0.6356309652328491,0.935852976948917,0.7282733318046318,1.5489862359940298,0.16018889809377934,0.8186261653900146,0.6670451164245605
h64_wd0.01_s1,l14,26,0.0005,0.3795359134674072,0.646937906742096,0.9471070311595042,0.7216234808530154,1.6168585298502338,0.1652646052948039,0.8337104320526123,0.7047260999679565
h64_wd0.01_s1,l14,27,0.0005,0.37336146248423535,0.6503387093544006,0.9470273948801111,0.7231139646869984,1.8434128736376212,0.17099085400335468,0.8474264740943909,0.7359477877616882
h64_wd0.01_s1,l14,28,0.0005,0.38746185017668683,0.6511555910110474,0.9424736476311826,0.7418023389130932,1.958836277881865,0.17373114621770147,0.8633192181587219,0.7694876194000244
h64_wd0.01_s1,l14,29,0.0005,0.3929316362609034,0.6822648644447327,0.9526381327464382,0.7342352671405641,2.175815638142607,0.20361561843498518,0.8795595765113831,0.8020877838134766
h64_wd0.01_s1,l14,30,0.0005,0.3849194917989814,0.7049251198768616,0.9521313564230279,0.7273561109837193,2.3924159968871934,0.17877161839133135,0.8945911526679993,0.8275108933448792
h64_wd0.01_s1,l14,31,0.0005,0.3518160730600357,0.6847401857376099,0.9647392273832966,0.7298784682412292,2.2398801878916763,0.17808472492167676,0.908024251461029,0.8484961986541748
h64_wd0.01_s1,l14,32,0.0005,0.35377165286437323,0.6953281760215759,0.958393663848025,0.7315982572804403,2.3952430309836616,0.16394726359316486,0.9205625653266907,0.8753787875175476
h64_wd0.01_s1,l14,33,0.0005,0.398510684137759,0.6807118654251099,0.9470780725124522,0.7213941756477872,2.5857302339926536,0.2159317982281838,0.933535635471344,0.8859491348266602
h64_wd0.01_s1,l14,34,0.0005,0.34647239096786664,0.6989936828613281,0.9594940924360015,0.7302224260490714,1.9672441071186502,0.15299966048007513,0.9456098079681396,0.9152482748031616
h64_wd0.01_s1,l14,35,0.0005,0.34145546477773914,0.7111157178878784,0.9651410286111433,0.7335473515248796,2.2636501984374506,0.14965488271655827,0.9564341902732849,0.9343394041061401
h64_wd0.01_s1,l14,36,0.0005,0.30354551387869794,0.7280160784721375,0.9645328970230511,0.7317129098830544,2.1679873221807298,0.1276097664996372,0.9682075381278992,0.9709551334381104
h64_wd0.01_s1,l14,37,0.0005,0.31758894868518994,0.7315526008605957,0.9706504112127883,0.7346938775510204,1.910986275744624,0.12410389251984022,0.9783968925476074,1.003934383392334
h64_wd0.01_s1,l14,38,0.0005,0.3087844770887624,0.7061451077461243,0.973198772153365,0.7200183444164182,2.5310060466342152,0.13670244549977353,0.9888359308242798,1.0239627361297607
h64_wd0.01_s1,l14,39,0.0005,0.3260269488977349,0.8326658606529236,0.961267809567937,0.7134831460674158,2.7347240397922494,0.14854067977919064,0.9989662766456604,1.0481834411621094
h64_wd0.01_s1,l14,40,0.0005,0.38748980086782703,0.6912184953689575,0.9654161357581375,0.7176106397615225,2.9997013536113433,0.18594265275144195,1.0147415399551392,1.0664595365524292
h64_wd0.01_s1,l14,41,0.0005,0.3344895185335823,0.6819713115692139,0.9700133209776439,0.7243751433157533,2.442696489505481,0.13668027363416355,1.0262727737426758,1.087698221206665
h64_wd0.01_s1,l14,42,0.0005,0.3422757523215335,0.7019514441490173,0.9720621452565736,0.7275854161889475,2.2790874722669408,0.13157500911697523,1.0359848737716675,1.1175222396850586
h64_wd0.01_s1,l14,43,0.0005,0.29829254487286444,0.7336952090263367,0.976015000579173,0.7327447833065811,2.1668010078064754,0.13676937129840974,1.0455937385559082,1.1532052755355835
h64_wd0.01_s1,l14,44,0.0005,0.2858171612024307,0.7752703428268433,0.9714684929920074,0.7299931208438432,2.2013554331048844,0.10158635702099823,1.054463505744934,1.1839604377746582
h64_wd0.01_s1,l14,45,0.0005,0.3093095655026643,0.7953762412071228,0.9812130777250088,0.7285026370098601,2.7114248736753144,0.1325391795190968,1.0639833211898804,1.2164510488510132
h64_wd0.01_s1,l14,46,0.0005,0.2683248053426328,0.7369789481163025,0.9811334414456157,0.7327447833065811,2.2539367664779046,0.10697204164124442,1.072309136390686,1.245349645614624
h64_wd0.01_s1,l14,47,0.0005,0.2896957760271819,0.7974212169647217,0.9723951696976718,0.7344645723457921,3.12323028889548,0.14432778188997733,1.0808219909667969,1.2676634788513184
h64_wd0.01_s1,l14,48,0.0005,0.3158312614845193,0.7061899900436401,0.9768041237113403,0.7407704654895666,2.502021532934112,0.12695927195986018,1.0908905267715454,1.2894997596740723
h64_wd0.01_s1,l15,1,0.0005,0.7002175024577549,0.6949175596237183,0.5893823650315154,0.5936314363143631,0.711265199663293,0.30411936118072014,0.19897224009037018,0.02111961878836155
h64_wd0.01_s1,l15,2,0.0005,0.6853430469830831,0.6771231293678284,0.6975798163880516,0.6489159891598917,0.6205966560278697,0.33962805862669887,0.24121271073818207,0.027091825380921364
h64_wd0.01_s1,l15,3,0.0005,0.6736229714893159,0.6686177849769592,0.7441165387777472,0.6806233062330623,0.6149859823523732,0.3331911112404712,0.2718738317489624,0.02617821842432022
h64_wd0.01_s1,l15,4,0.0005,0.6578563707215446,0.663200855255127,0.7728572896684023,0.6892953929539296,0.5507521124933371,0.2574941866146968,0.3060922920703888,0.02999378740787506
h64_wd0.01_s1,l15,5,0.0005,0.6413658488364447,0.6465268731117249,0.7776445601534667,0.6981029810298103,0.6156324021647956,0.27408346283075824,0.34533265233039856,0.04505366086959839
h64_wd0.01_s1,l15,6,0.0005,0.6241074658575512,0.632230818271637,0.7930254864346395,0.7059620596205961,0.8491673905681724,0.3716737077389145,0.3891843855381012,0.07072052359580994
h64_wd0.01_s1,l15,7,0.0005,0.5980518942787534,0.6254624724388123,0.8112667854206632,0.7111111111111111,0.824001958705191,0.32434803485992875,0.42932143807411194,0.09945108741521835
h64_wd0.01_s1,l15,8,0.0005,0.5976766972314744,0.6190040111541748,0.8330878322828171,0.723441734417344,0.8277672301807005,0.285243276365087,0.46258455514907837,0.11431394517421722
h64_wd0.01_s1,l15,9,0.0005,0.5787172601336524,0.6250165700912476,0.8391853932584268,0.7199186991869918,0.9976620204073926,0.3382834424760362,0.5006565451622009,0.14195255935192108
h64_wd0.01_s1,l15,10,0.0005,0.5721539074466342,0.6673591732978821,0.8464819128528364,0.7149051490514905,1.1213484670617808,0.350407504409457,0.5350372195243835,0.16119885444641113
h64_wd0.01_s1,l15,11,0.0005,0.5510485299995967,0.6677423119544983,0.8596362016990956,0.7378048780487805,1.166356668576481,0.29568440588076794,0.5641176700592041,0.18671759963035583
h64_wd0.01_s1,l15,12,0.0005,0.525412597826549,0.5921465754508972,0.8763445464510824,0.738888888888889,1.052346478164127,0.2701656665632825,0.5921959280967712,0.21117867529392242
h64_wd0.01_s1,l15,13,0.0005,0.5248933633168539,0.5923208594322205,0.8836239380652234,0.7417344173441734,1.1847842640494084,0.23510619980974465,0.6185184121131897,0.23728778958320618
h64_wd0.01_s1,l15,14,0.0005,0.5003382719698406,0.5894042253494263,0.8925733077555494,0.7430894308943089,1.0753833250971665,0.23137163582670794,0.6468584537506104,0.27573686838150024
h64_wd0.01_s1,l15,15,0.0005,0.47273970927510944,0.595649003982544,0.904074746505892,0.7459349593495935,1.2504950786324354,0.27735641570158986,0.6718652844429016,0.3132811486721039
h64_wd0.01_s1,l15,16,0.0005,0.44843328850609915,0.5923287272453308,0.9090846807344477,0.756368563685637,1.2051540216748715,0.2108270480081896,0.6952144503593445,0.35147997736930847
h64_wd0.01_s1,l15,17,0.0005,0.4842307170232137,0.5853033661842346,0.9129812962455467,0.7537940379403795,1.9535509030627811,0.291978952607299,0.718738317489624,0.371247261762619
h64_wd0.01_s1,l15,18,0.0005,0.4664051007656824,0.5879066586494446,0.9246026308577694,0.7560975609756098,1.5142185985829437,0.24948384368588658,0.7421033978462219,0.3991295397281647
h64_wd0.01_s1,l15,19,0.0005,0.44323727914265226,0.605628490447998,0.9337489723211839,0.7550135501355014,1.6371638148665222,0.2576411408235584,0.7613095641136169,0.42812421917915344
h64_wd0.01_s1,l15,20,0.0005,0.44317098600523813,0.6325011849403381,0.9314024390243902,0.7525745257452574,1.9757482352394995,0.2810384393358188,0.7825558185577393,0.4512828588485718
h64_wd0.01_s1,l15,21,0.0005,0.3962711436407907,0.6007165908813477,0.9410711838859961,0.7592140921409214,1.6376231499230716,0.2251875947668094,0.8005996942520142,0.481047660112381
h64_wd0.01_s1,l15,22,0.0005,0.377293864885966,0.6112138628959656,0.9434177171827899,0.7550135501355013,1.5730346867769274,0.2230453905453564,0.8175750970840454,0.5176154375076294
h64_wd0.01_s1,l15,23,0.0005,0.39240936367284684,0.6459371447563171,0.9429638257056728,0.7472899728997291,1.7553172747207164,0.2020893721826748,0.8348300457000732,0.5455729365348816
h64_wd0.01_s1,l15,24,0.0005,0.3848610378447033,0.6078683137893677,0.9514250479583448,0.75840108401084,1.7996872574731222,0.20109050087836644,0.8520513772964478,0.5784181356430054
h64_wd0.01_s1,l15,25,0.0005,0.33487550559498014,0.6371389031410217,0.9515363798300905,0.7592140921409214,1.6357260888650198,0.18559267937484653,0.868576169013977,0.6146197319030762
h64_wd0.01_s1,l15,26,0.0005,0.3671755918434688,0.6593194007873535,0.9517076596327761,0.7432249322493225,1.9846672662046638,0.24580373623493762,0.8854303956031799,0.6349714994430542
h64_wd0.01_s1,l15,27,0.0005,0.3913094231060573,0.6375809907913208,0.9551161277062209,0.746070460704607,1.8619189336237243,0.2093980406920726,0.9030628204345703,0.6620880365371704
h64_wd0.01_s1,l15,28,0.0005,0.3630374123652776,0.6761539578437805,0.9705570019183338,0.7556910569105691,2.188584778039759,0.2104282800356795,0.9195033311843872,0.692440390586853
h64_wd0.01_s1,l15,29,0.0005,0.3515986055135727,0.6556878089904785,0.9639027815839956,0.7560975609756097,2.2897128503205715,0.20714819031226067,0.9358068108558655,0.7210330963134766
h64_wd0.01_s1,l15,30,0.0005,0.31953775102183934,0.6830641031265259,0.9652730200054809,0.7537940379403795,2.0480965020215316,0.19394374683427595,0.9517051577568054,0.7531968355178833
h64_wd0.01_s1,l15,31,0.0005,0.3390045613050461,0.681642472743988,0.9739140860509728,0.7464769647696476,2.285198141893212,0.2588570607564914,0.9661808013916016,0.7641434669494629
h64_wd0.01_s1,l15,32,0.0005,0.30874792734781903,0.6923683285713196,0.9690925596053713,0.7478319783197832,2.129669838507548,0.160172653943858,0.9790674448013306,0.7905212044715881
h64_wd0.01_s1,l15,33,0.0005,0.3016256292661031,0.6772429943084717,0.9770656344203892,0.746070460704607,2.1739651916105873,0.16335412105851907,0.9924805164337158,0.8141658902168274
h64_wd0.01_s1,l15,34,0.0005,0.2945342475459689,0.7092886567115784,0.9794121677171828,0.7369918699186992,2.134452799052361,0.17737279094904018,1.0056324005126953,0.8467859029769897
h64_wd0.01_s1,l15,35,0.0005,0.27327768930367063,0.6951919198036194,0.9817929569745136,0.747560975609756,1.8240906231788128,0.1296068783470892,1.0175589323043823,0.8790508508682251
h64_wd0.01_s1,l15,36,0.0005,0.29433883300849367,0.8426479697227478,0.9792237599342286,0.7307588075880759,2.796582264411523,0.1848741189829427,1.03078031539917,0.9030478000640869
h64_wd0.01_s1,l15,37,0.0005,0.30376205912658144,0.6689178347587585,0.9836855987941903,0.7470189701897019,2.5137391708836994,0.17054735545898497,1.0440316200256348,0.9249799847602844
h64_wd0.01_s1,l15,38,0.0005,0.25057311320588704,0.7229127883911133,0.9864432036174293,0.7565040650406503,2.2140830970465,0.14471906979462984,1.056305170059204,0.9608282446861267
h64_wd0.01_s1,l15,39,0.0005,0.24491369085652487,0.792753279209137,0.9849273773636613,0.7483739837398374,2.5720307724485245,0.15015344436516503,1.0679702758789062,0.9920564293861389
h64_wd0.01_s1,l15,40,0.0005,0.22898573534829275,0.9095284938812256,0.9839168265278159,0.7520325203252033,2.1198157485365923,0.12967219651779377,1.0774691104888916,1.0126491785049438
h64_wd0.01_s1,l15,41,0.0005,0.22628969450791678,0.7974182963371277,0.9886698410523431,0.744850948509485,2.0947692965837597,0.12098300014645832,1.0866310596466064,1.0329341888427734
h64_wd0.01_s1,l16,1,0.0005,0.6975683880888898,0.6808074712753296,0.7562666883630795,0.6958099250936329,0.6880174837589397,0.2586519855749974,0.20427632331848145,0.018926965072751045
h64_wd0.01_s1,l16,2,0.0005,0.6791093116221221,0.6752029657363892,0.7062182412591808,0.6519194756554307,0.6729000564726758,0.29190455311605396,0.25324758887290955,0.027305051684379578
h64_wd0.01_s1,l16,3,0.0005,0.6696573884590812,0.6681981086730957,0.765885842350905,0.6985018726591761,0.6439376053360187,0.2871234451472901,0.2997385859489441,0.03356211632490158
h64_wd0.01_s1,l16,4,0.0005,0.63293064677197,0.6578127145767212,0.7508783348989267,0.6836376404494382,0.5578912766159891,0.27062902316308673,0.3449566662311554,0.053220074623823166
h64_wd0.01_s1,l16,5,0.0005,0.6218160779579825,0.6332720518112183,0.7875132212516365,0.7014279026217229,0.8685375218240662,0.4081500331575663,0.39632174372673035,0.07319757342338562
h64_wd0.01_s1,l16,6,0.0005,0.596998384465342,0.6210442781448364,0.8062707564405062,0.7165262172284643,0.8971419689694184,0.405774139659481,0.4434572756290436,0.09673101454973221
h64_wd0.01_s1,l16,7,0.0005,0.5868042798145957,0.6188772916793823,0.8305756699383873,0.7288155430711611,1.0011348556491355,0.34669574952055443,0.4844001531600952,0.11875184625387192
h64_wd0.01_s1,l16,8,0.0005,0.5796978370003079,0.6078444719314575,0.8474766825198412,0.7297518726591761,1.1326271929250833,0.3623066952127175,0.5222281217575073,0.14149929583072662
h64_wd0.01_s1,l16,9,0.0005,0.5781257204387499,0.6178567409515381,0.8545477407377274,0.7334971910112361,1.324218732552845,0.3862986853735085,0.5622730851173401,0.15791624784469604
h64_wd0.01_s1,l16,10,0.0005,0.5521026137082473,0.5992056131362915,0.8655833253204536,0.7476591760299625,1.2276568415449698,0.3942948546300633,0.597858190536499,0.1727163940668106
h64_wd0.01_s1,l16,11,0.0005,0.5483251758243727,0.5970292091369629,0.8722697653089151,0.7494147940074906,1.3825819143607567,0.4438366239550369,0.6328511834144592,0.18537768721580505
h64_wd0.01_s1,l16,12,0.0005,0.5111816888270171,0.6075512170791626,0.8817668769739422,0.74812734082397,1.3319758526229615,0.32814854649049247,0.6601518392562866,0.20512251555919647
h64_wd0.01_s1,l16,13,0.0005,0.49582573771476746,0.6001141667366028,0.8944222960228996,0.7495318352059925,1.2995502576292304,0.30310701053171807,0.6865872740745544,0.23480677604675293
h64_wd0.01_s1,l16,14,0.0005,0.5046460356401361,0.5923975706100464,0.9001767764554471,0.7559691011235955,1.6293188008768558,0.34844007326824294,0.7122178077697754,0.2581062316894531
h64_wd0.01_s1,l16,15,0.0005,0.46302042577577673,0.5894819498062134,0.9039268041923387,0.7631086142322098,1.0601961270816886,0.2416122390905244,0.7380349636077881,0.2898499667644501
h64_wd0.01_s1,l16,16,0.0005,0.4469682276248932,0.5906987190246582,0.9128174024955805,0.7627574906367042,1.4069186626786716,0.26184275849593325,0.7646102905273438,0.3253065347671509
h64_wd0.01_s1,l16,17,0.0005,0.44317614773045416,0.6129565834999084,0.9137197760338464,0.7598314606741574,1.5865842151214005,0.2901577049769446,0.7875588536262512,0.35434427857398987
h64_wd0.01_s1,l16,18,0.0005,0.46351840444233106,0.7144253849983215,0.9253396844651217,0.7679073033707866,1.8081196989244581,0.2960047748428181,0.812666654586792,0.37594467401504517
h64_wd0.01_s1,l16,19,0.0005,0.4759368481843368,0.6157675385475159,0.9334906323271623,0.7722378277153559,2.0751389255918617,0.29914723046775005,0.8374848365783691,0.387250155210495
h64_wd0.01_s1,l16,20,0.0005,0.4515280386675959,0.6572228670120239,0.9253470809695338,0.7722378277153559,1.7307041981179807,0.2734478824418289,0.8622698783874512,0.405578076839447
h64_wd0.01_s1,l16,21,0.0005,0.43222833975501684,0.7154842615127563,0.9309906138359012,0.7600655430711611,1.7947518615990847,0.242428442004844,0.8841525316238403,0.4223618507385254
h64_wd0.01_s1,l16,22,0.0005,0.43492304242175556,0.611594557762146,0.9322036405594716,0.7607677902621723,2.2079988608314474,0.34610092230696626,0.9078745245933533,0.43151283264160156
h64_wd0.01_s1,l16,23,0.0005,0.420443682566933,0.596251904964447,0.9455765205363946,0.7625234082397004,1.916406741025942,0.2641275456127827,0.9269559383392334,0.442085325717926
h64_wd0.01_s1,l16,24,0.0005,0.4134396975455077,0.6037171483039856,0.9452140918202058,0.7615870786516854,1.744087257881006,0.23336902790940564,0.9453182816505432,0.4718942940235138
h64_wd0.01_s1,l16,25,0.0005,0.37357127796048706,0.6264610290527344,0.947314699073218,0.7669709737827716,1.4461757296970925,0.17612261326698786,0.9618111848831177,0.5043436288833618
h64_wd0.01_s1,l16,26,0.0005,0.3681808088136756,0.6516878008842468,0.9537570544160829,0.7567883895131087,1.9098684401651638,0.25352389885601573,0.9816344380378723,0.5317515730857849
h64_wd0.01_s1,l16,27,0.0005,0.35308377120805823,0.6537306308746338,0.9548813230867093,0.7665028089887641,1.7713920794851958,0.19171607106092842,1.0034819841384888,0.5588985681533813
h64_wd0.01_s1,l16,28,0.0005,0.33753671788651013,0.6600563526153564,0.963705352850243,0.7613529962546817,1.7942998892670707,0.1900814982021524,1.0217807292938232,0.5938451290130615
h64_wd0.01_s1,l16,29,0.0005,0.3219995019228562,0.6612845063209534,0.9618118477207672,0.7650983146067415,1.739319209214482,0.1802346016095875,1.0379148721694946,0.6262927055358887
h64_wd0.01_s1,l16,30,0.0005,0.31691323609455774,0.6487363576889038,0.9738237708858792,0.7606507490636703,1.7384656555958828,0.16311177057011145,1.0531855821609497,0.6542059779167175
h64_wd0.01_s1,l16,31,0.0005,0.2952484015537345,0.7023240327835083,0.9699406060695714,0.758309925093633,1.7909329529094784,0.15333665122638349,1.0681793689727783,0.6906870007514954
h64_wd0.01_s1,l16,32,0.0005,0.33547578363314917,0.6611602902412415,0.9744672667697246,0.7578417602996255,2.7412589006378787,0.2138949419608643,1.085172176361084,0.7115436792373657
h64_wd0.01_s1,l16,33,0.0005,0.30865611395110254,0.6698587536811829,0.9781951049933801,0.7562031835205993,2.156034032118771,0.18003667259558148,1.102837085723877,0.7365831732749939
h64_wd0.01_s1,l16,34,0.0005,0.29538491044355475,0.6964256763458252,0.9750959696447459,0.756437265917603,1.9651751239115032,0.15556375473212758,1.1183290481567383,0.7696875929832458
h64_wd0.01_s1,l16,35,0.0005,0.2756389476682829,0.7458290457725525,0.9807690885287612,0.7658005617977529,2.1888544405677397,0.15592682124267973,1.134157419204712,0.8036433458328247
h64_wd0.01_s1,l16,36,0.0005,0.3008444192616836,0.7287806272506714,0.9785057581786847,0.7538623595505618,2.577581273665488,0.170750418695143,1.1502288579940796,0.8253573775291443
h64_wd0.01_s1,l16,37,0.0005,0.27367396166791086,0.6694580316543579,0.9879658873216517,0.7559691011235955,2.038605369957419,0.15583804718112024,1.1649606227874756,0.85561603307724
h64_wd0.01_s1,l16,38,0.0005,0.3022342019754907,0.6602368354797363,0.9841566875494641,0.7634597378277154,2.901201207464351,0.18784883931268728,1.1800826787948608,0.8836459517478943
h64_wd0.01_s1,l16,39,0.0005,0.3168562210124472,0.6714733839035034,0.9838460343641594,0.7709503745318352,2.4849760195896438,0.1728929511624507,1.1964643001556396,0.9009089469909668
h64_wd0.01_s1,l17,1,0.0005,0.697936315428127,0.68427574634552,0.6974440817701357,0.5933247753530168,0.634225188159185,0.26624106575901835,0.21104764938354492,0.020536623895168304
h64_wd0.01_s1,l17,2,0.0005,0.6729183711788871,0.6770933270454407,0.7457956067398609,0.6290115532734274,0.5086159141000646,0.2611045223622184,0.25638148188591003,0.026297573000192642
h64_wd0.01_s1,l17,3,0.0005,0.6665374636650085,0.670153021812439,0.7543046410727318,0.6385109114249037,0.7398701711813103,0.4337955421557552,0.29368337988853455,0.03665190190076828
h64_wd0.01_s1,l17,4,0.0005,0.6514665403149345,0.664864718914032,0.7703282514375536,0.6532734274711168,0.746662212075169,0.3790818444898749,0.33324480056762695,0.04927387461066246
h64_wd0.01_s1,l17,5,0.0005,0.6315668794241819,0.655053973197937,0.7847799761009215,0.6636713735558408,0.7620330302981533,0.3239236219092003,0.38021689653396606,0.07202239334583282
h64_wd0.01_s1,l17,6,0.0005,0.610196362842213,0.6450936794281006,0.8009960622659213,0.672785622593068,0.8075182812119497,0.33978078113718113,0.4200119078159332,0.09280931949615479
h64_wd0.01_s1,l17,7,0.0005,0.601374170996926,0.6509286761283875,0.8105877729747937,0.6770218228498074,0.9069291485303687,0.3588478354300827,0.45996809005737305,0.11366990208625793
h64_wd0.01_s1,l17,8,0.0005,0.5744238983501088,0.6468456983566284,0.8309982276186734,0.6857509627727856,0.886377720879997,0.3084974585986556,0.49748557806015015,0.13604862987995148
h64_wd0.01_s1,l17,9,0.0005,0.5581642687320709,0.6416216492652893,0.8456584677322341,0.6957637997432606,0.9566045173210482,0.30895067562906803,0.5331522226333618,0.15849070250988007
h64_wd0.01_s1,l17,10,0.0005,0.5421983423558149,0.6287795305252075,0.8554747335413141,0.6953786906290116,1.2115306949153635,0.39282148682516344,0.5671467185020447,0.18539392948150635
h64_wd0.01_s1,l17,11,0.0005,0.5310076786713167,0.6455504298210144,0.8664699136264848,0.7007702182284982,1.0428454128249067,0.3283525397264231,0.5980635285377502,0.20401470363140106
h64_wd0.01_s1,l17,12,0.0005,0.5251626629721035,0.6442767381668091,0.8784515321875677,0.7046213093709883,1.2979621614155408,0.33680149083753974,0.6279849410057068,0.2268233746290207
h64_wd0.01_s1,l17,13,0.0005,0.5193787677721544,0.628934383392334,0.8823170878411434,0.707188703465982,1.1182975957710437,0.2655615977072869,0.6549402475357056,0.24915453791618347
h64_wd0.01_s1,l17,14,0.0005,0.4988844096660614,0.6206561326980591,0.9015406083839251,0.7172015404364571,1.3550972382207114,0.2401028389130057,0.6797870397567749,0.27661681175231934
h64_wd0.01_s1,l17,15,0.0005,0.4958508922295137,0.6315045356750488,0.9094160765412099,0.7173299101412067,1.4479735518222077,0.2582552169771019,0.7038741111755371,0.2984474301338196
h64_wd0.01_s1,l17,16,0.0005,0.4625407335433093,0.6305725574493408,0.9131212356946371,0.7188703465982028,1.464325977711132,0.27992814953682116,0.7294198274612427,0.3248932957649231
h64_wd0.01_s1,l17,17,0.0005,0.497515778649937,0.6611509323120117,0.9196012543006312,0.7227214377406932,1.90538164516931,0.3535453964233153,0.7527250647544861,0.33044636249542236
h64_wd0.01_s1,l17,18,0.0005,0.49170584028417413,0.6157214641571045,0.9123914316189621,0.7265725288831835,1.3905674662080119,0.2511034398820929,0.7760580778121948,0.3405056893825531
h64_wd0.01_s1,l17,19,0.0005,0.4595244526863098,0.6268861293792725,0.9213014572022038,0.7196405648267008,1.2695794137510075,0.2067180470194577,0.7950994372367859,0.3663252592086792
h64_wd0.01_s1,l17,20,0.0005,0.43444042856043036,0.6432902812957764,0.9242126536798967,0.7209242618741977,1.3666109746450974,0.2190652230773541,0.8137837052345276,0.39885616302490234
h64_wd0.01_s1,l17,21,0.0005,0.4221812310543927,0.6514083743095398,0.931157822136321,0.7222079589216945,1.4786443244714667,0.2506221501031556,0.8321381211280823,0.4234924018383026
h64_wd0.01_s1,l17,22,0.0005,0.454149303111163,0.7047813534736633,0.9352719923651266,0.7181001283697048,2.219936914461134,0.28827689875972307,0.851177990436554,0.43451452255249023
h64_wd0.01_s1,l17,23,0.0005,0.4083280482075431,0.656135618686676,0.9346143667145183,0.7269576379974325,1.427935565737506,0.20303203803576778,0.8690142035484314,0.457550972700119
h64_wd0.01_s1,l17,24,0.0005,0.37727991423823615,0.6568506360054016,0.9469247981009055,0.7300385109114249,1.4902632539863945,0.21205548682192185,0.8845760822296143,0.4902128577232361
h64_wd0.01_s1,l17,25,0.0005,0.38599050586873834,0.6694129109382629,0.9430512226223223,0.7301668806161744,1.921215439461038,0.21442004909765827,0.9006265997886658,0.515154242515564
h64_wd0.01_s1,l17,26,0.0005,0.3695147931575775,0.6941614151000977,0.957919978186076,0.7290115532734274,1.6633072155618933,0.18160810898568774,0.9167397022247314,0.5431734919548035
h64_wd0.01_s1,l17,27,0.0005,0.38188555904410104,0.6668398380279541,0.9631088049658756,0.7337612323491655,2.306401948937257,0.2470927594292818,0.9332683086395264,0.5609315037727356
h64_wd0.01_s1,l17,28,0.0005,0.3937410089102658,0.6854026317596436,0.9575350265857199,0.7335044929396662,2.0553708172627156,0.23530474262687973,0.9540692567825317,0.5822396874427795
h64_wd0.01_s1,l17,29,0.0005,0.38119362497871573,0.6450098156929016,0.9592272096622851,0.7365853658536585,1.8325925123681743,0.18979967047933044,0.9705096483230591,0.6093414425849915
h64_wd0.01_s1,l17,30,0.0005,0.3434052067724141,0.6738108992576599,0.9625153379153266,0.744801026957638,1.8929945065005354,0.17092382358430602,0.984732985496521,0.6418114304542542
h64_wd0.01_s1,l17,31,0.0005,0.3219443850896575,0.6881831288337708,0.968329711045705,0.73594351732991,1.9479861193471302,0.18753229897781523,0.998228132724762,0.6733078956604004
h64_wd0.01_s1,l17,32,0.0005,0.33363108878785913,0.7509152889251709,0.9624431594902598,0.7323491655969192,2.3105895689022584,0.181899534465982,1.011683464050293,0.694644570350647
h64_wd0.01_s1,l17,33,0.0005,0.3369306894865903,0.6616654992103577,0.9717942754489097,0.7521181001283698,2.0488604256761183,0.20333951298663866,1.0269427299499512,0.722008466720581
h64_wd0.01_s1,l17,34,0.0005,0.35802149772644043,0.785943329334259,0.9752828993271366,0.7494223363286264,2.281236228761394,0.18563641372588383,1.043773889541626,0.7475973963737488
h64_wd0.01_s1,l17,35,0.0005,0.3630359484390779,0.7193599343299866,0.9668861425443698,0.7413350449293967,2.7775769488082704,0.19368204340611037,1.0594043731689453,0.7628942131996155
h64_wd0.01_s1,l17,36,0.0005,0.3333543999628587,0.6503665447235107,0.9791404351557049,0.7397946084724005,2.6140683654572894,0.17926963435208976,1.0722490549087524,0.7831003069877625
h64_wd0.01_s1,l17,37,0.0005,0.30379137058149686,0.9213955402374268,0.9741601238260982,0.751604621309371,1.861132447765121,0.1561470391683296,1.084051251411438,0.8179318308830261
h64_wd0.01_s1,l17,38,0.0005,0.35425775972279633,0.7021746635437012,0.9800947943315876,0.7397946084724006,2.909280082930735,0.239196301471327,1.0987519025802612,0.8343011140823364
h64_wd0.01_s1,l17,39,0.0005,0.3175457831133496,0.6956163644790649,0.9767344876534795,0.7397946084724004,2.448211186939048,0.16968237701361774,1.1109931468963623,0.8573381900787354
h64_wd0.01_s1,l17,40,0.0005,0.299606937576424,0.7543640732765198,0.9785950870552005,0.740821566110398,2.1934611617635174,0.1715133109830516,1.1220699548721313,0.8858846426010132
h64_wd0.01_s1,l17,41,0.0005,0.34835133430632675,0.6837884187698364,0.9797659815062836,0.7365853658536585,2.828918073742504,0.1703142047204736,1.1333640813827515,0.9068393111228943
h64_wd0.01_s1,l17,42,0.0005,0.30434074117378757,0.7223950028419495,0.9792928118308458,0.7335044929396662,2.5566500288379603,0.13915106798628843,1.1442651748657227,0.9329789876937866
h64_wd0.01_s1,l17,43,0.0005,0.292249280620705,0.7561643719673157,0.9775204305042065,0.740821566110398,2.2018089909941456,0.14990060063605928,1.1554436683654785,0.9639113545417786
h64_wd0.01_s1,l17,44,0.0005,0.3130283768881451,0.7292094826698303,0.9800065762565061,0.7323491655969191,2.9413942219679736,0.17405242042580948,1.1722209453582764,0.9862126111984253
h64_wd0.01_s1,l17,45,0.0005,0.2711034200408242,0.8355166912078857,0.9761811197279676,0.7313222079589217,2.256013085024381,0.13776283139562323,1.1848785877227783,1.0156424045562744
h64_wd0.01_s1,l17,46,0.0005,0.2821915075182915,0.7361737489700317,0.9833187639845699,0.7395378690629012,2.7046836469300555,0.1443576054031825,1.1952457427978516,1.0477677583694458
h64_wd0.01_s1,l17,47,0.0005,0.24488859488205475,0.7569262981414795,0.9902158134909496,0.7367137355584082,2.470623951824939,0.12115125400522052,1.2035856246948242,1.0757941007614136
h64_wd0.01_s1,l17,48,0.0005,0.2327826598828489,0.7928981184959412,0.988708086389555,0.7394094993581515,2.058194064382136,0.10903601842572516,1.2114129066467285,1.1044477224349976
h64_wd0.01_s1,l17,49,0.0005,0.25522054664113303,0.8437687158584595,0.9771595383788725,0.7373555840821566,2.9175639909707085,0.12967653068976784,1.2188704013824463,1.1249126195907593
h64_wd0.01_s1,l17,50,0.0005,0.27475901218977844,0.8059893846511841,0.985123224611239,0.7445442875481386,3.32928979419633,0.15386045532316547,1.2294988632202148,1.1380231380462646
h64_wd0.01_s1,l17,51,0.0005,0.2250717170536518,0.7974540591239929,0.9914107674170549,0.7459563543003851,2.959696928243919,0.13104773105571546,1.2387264966964722,1.158642292022705
h64_wd0.01_s1,l17,52,0.0005,0.21026648377830331,0.809837818145752,0.990584725441291,0.7417201540436458,2.6120615744214,0.11974930494046908,1.2472316026687622,1.1883883476257324
h64_wd0.01_s1,l17,53,0.0005,0.19723257219249551,0.828680694103241,0.994442261269859,0.7363286264441592,2.0490398992834153,0.0951388623193377,1.2541621923446655,1.2175558805465698
h64_wd0.01_s1,l18,1,0.0005,0.7009455968033184,0.6872633099555969,0.6892053298586873,0.5950024740227611,0.5105689321661253,0.2645405153027772,0.21257640421390533,0.026283157989382744
h64_wd0.01_s1,l18,2,0.0005,0.6798460727388208,0.6818264722824097,0.7422402159244266,0.6387926768926274,0.4610510636109545,0.2989310870377284,0.2606639266014099,0.03063640184700489
h64_wd0.01_s1,l18,3,0.0005,0.6741287897933613,0.6758503317832947,0.7450711216591435,0.6370608609599209,0.6008580366576596,0.3781987187081059,0.29772594571113586,0.03531903401017189
h64_wd0.01_s1,l18,4,0.0005,0.6614374220371246,0.6732965111732483,0.7587913195898677,0.6546264225630876,0.7195560344581359,0.4104738645714559,0.3339354395866394,0.04222841560840607
h64_wd0.01_s1,l18,5,0.0005,0.6476831815459512,0.6612884402275085,0.7573487210510804,0.6465858485898069,0.7954749352307942,0.46057702987033283,0.37112340331077576,0.05775883048772812
h64_wd0.01_s1,l18,6,0.0005,0.631026563319293,0.6598395109176636,0.7838739199900724,0.6694705591291439,0.7388931658060364,0.4058555593248599,0.4107624888420105,0.07579077780246735
h64_wd0.01_s1,l18,7,0.0005,0.6131229563192888,0.6455598473548889,0.7983929762514155,0.6759030183077684,0.9781238105351366,0.5428889955179099,0.4449032247066498,0.09132104367017746
h64_wd0.01_s1,l18,8,0.0005,0.6125489662994038,0.6535753011703491,0.8006809685575567,0.6754082137555665,0.9437274880377875,0.4390729862986454,0.4735141098499298,0.10459266602993011
h64_wd0.01_s1,l18,9,0.0005,0.5822584317489103,0.6420324444770813,0.8183644345168847,0.6844383968332508,0.8040470772472599,0.3308885799269417,0.5053589940071106,0.12891089916229248
h64_wd0.01_s1,l18,10,0.0005,0.573354725133289,0.6306493878364563,0.8389020739292972,0.6897575457694212,1.042448321248754,0.44480730619637615,0.5355185270309448,0.15252265334129333
h64_wd0.01_s1,l18,11,0.0005,0.5746505043723367,0.6449613571166992,0.8386383731211318,0.6880257298367144,1.0970764096025456,0.40317227120360266,0.5646466016769409,0.17225396633148193
h64_wd0.01_s1,l18,12,0.0005,0.5695844075896523,0.6636523604393005,0.8628523120356151,0.6919841662543295,1.3623088412628375,0.42717703930978956,0.5925019979476929,0.18618689477443695
h64_wd0.01_s1,l18,13,0.0005,0.5243939648975026,0.6283606886863708,0.8673197139621822,0.6976744186046512,0.8902695470706887,0.2926717988650847,0.618461549282074,0.21029482781887054
h64_wd0.01_s1,l18,14,0.0005,0.539705674756657,0.6649113893508911,0.8674127848356523,0.6934685799109352,1.4835122523425106,0.40699848797164234,0.6426762342453003,0.23296143114566803
h64_wd0.01_s1,l18,15,0.0005,0.5204492075876757,0.6328453421592712,0.8812105418276017,0.6997773379515092,1.0552826159593107,0.2815972419974273,0.6673097014427185,0.2508721947669983
h64_wd0.01_s1,l18,16,0.0005,0.5256999961354516,0.6355095505714417,0.8895481409093025,0.7064571994062345,1.448959720262354,0.37094534403649193,0.6906377077102661,0.2706032693386078
h64_wd0.01_s1,l18,17,0.0005,0.5306175107305701,0.6358357071876526,0.901577551305319,0.7130133597229094,1.6562690677109944,0.40933229070197075,0.7136391997337341,0.2850210964679718
h64_wd0.01_s1,l18,18,0.0005,0.48184299198063935,0.647842526435852,0.8941706609583199,0.7136318654131619,1.186820114734495,0.28808366821989195,0.734618604183197,0.3034748435020447
h64_wd0.01_s1,l18,19,0.0005,0.4545964273539456,0.6375954747200012,0.9050211736237145,0.7152399802078179,1.0512458060238767,0.2285833773670988,0.7518336772918701,0.3281637132167816
h64_wd0.01_s1,l18,20,0.0005,0.4425786557522687,0.6502832174301147,0.9156234972931888,0.712889658584859,1.2370214538410111,0.24890163748156177,0.768754780292511,0.35627445578575134
h64_wd0.01_s1,l18,21,0.0005,0.4336436160586097,0.6473631262779236,0.923045899452433,0.7140029688273132,1.2214211057807611,0.21965631419668075,0.7859108448028564,0.384603351354599
h64_wd0.01_s1,l18,22,0.0005,0.41726764088327234,0.6583974361419678,0.9287387345463571,0.7117763483424048,1.4536623985103956,0.2438359558556651,0.8034100532531738,0.41675615310668945
h64_wd0.01_s1,l18,23,0.0005,0.4101325503804467,0.7104151844978333,0.9282656242728838,0.7159821870361208,1.5070766844651147,0.24728632130401562,0.8223742842674255,0.44366079568862915
h64_wd0.01_s1,l18,24,0.0005,0.40900526398962195,0.6821985840797424,0.9365489320117268,0.7161058881741711,1.6398040440327593,0.24076924130713898,0.8403903841972351,0.46844035387039185
h64_wd0.01_s1,l18,25,0.0005,0.41170275482264435,0.6593180298805237,0.9463058619138474,0.7234042553191489,1.74747359050766,0.24990901576498592,0.8567441701889038,0.4909502863883972
h64_wd0.01_s1,l18,26,0.0005,0.378483846783638,0.6872810125350952,0.9446073184730173,0.7179614052449282,1.6964919153174227,0.24540247073165403,0.8729886412620544,0.5166897177696228
h64_wd0.01_s1,l18,27,0.0005,0.35562483898618,0.7054845690727234,0.9482681061628431,0.7230331519049976,1.5616522806244026,0.2118733895478562,0.8895588517189026,0.5443816781044006
h64_wd0.01_s1,l18,28,0.0005,0.3759013373743404,0.6745250821113586,0.9502303504118387,0.7215487382483919,1.8720061020975138,0.21675396360294943,0.9068745970726013,0.5721613168716431
h64_wd0.01_s1,l18,29,0.0005,0.38452917066487396,0.6835724115371704,0.9544107838118728,0.7232805541810985,2.222389847546067,0.25627283250083444,0.9256082773208618,0.593906819820404
h64_wd0.01_s1,l18,30,0.0005,0.37384339421987534,0.7006903886795044,0.9633223199466393,0.7219198416625432,2.12211966288675,0.24021258726256373,0.9413809180259705,0.6152777075767517
h64_wd0.01_s1,l18,31,0.0005,0.33740284768017853,0.7135680317878723,0.9570245241751594,0.725259772389906,1.6467856927637967,0.1646766954093506,0.9566763639450073,0.6452885866165161
h64_wd0.01_s1,l18,32,0.0005,0.3341134563088417,0.6806994080543518,0.9664401942078893,0.7187036120732311,1.7889630420274145,0.17097023019853827,0.9701610207557678,0.6718980669975281
h64_wd0.01_s1,l18,33,0.0005,0.321665035052733,0.6778755784034729,0.9688833046364806,0.7220435428005938,1.698236022291033,0.15424381410515894,0.9832082986831665,0.7016994953155518
h64_wd0.01_s1,l18,34,0.0005,0.32947477901523764,0.7055113911628723,0.9744675570446896,0.7189510143493321,2.0020802172227623,0.1871658695244084,0.997259795665741,0.7311239838600159
h64_wd0.01_s1,l18,35,0.0005,0.3324773826382377,0.7324112057685852,0.9705740921711883,0.7199406234537358,2.2793133334532776,0.1864618187986615,1.0120879411697388,0.755551815032959
h64_wd0.01_s1,l18,36,0.0005,0.29617408933964645,0.728276252746582,0.974157320799789,0.7277337951509154,1.882792863305133,0.1424800791526356,1.0252286195755005,0.7819347977638245
h64_wd0.01_s1,l18,37,0.0005,0.2951114827936346,0.7231204509735107,0.9775001163385919,0.7196932211776349,1.9482689943329248,0.16334469776800972,1.0387719869613647,0.8135871887207031
h64_wd0.01_s1,l18,38,0.0005,0.3138830485669049,0.7047457098960876,0.9797183054896305,0.7285997031172687,2.796893195674768,0.18852123321500294,1.0520358085632324,0.8402540683746338
h64_wd0.01_s1,l18,39,0.0005,0.2911525077440522,0.7440528273582458,0.978896179440644,0.7204354280059377,2.2257128725763446,0.17167364719025208,1.0643032789230347,0.8651697635650635
h64_wd0.01_s1,l18,40,0.0005,0.3109583705663681,0.7101171016693115,0.9799664944855508,0.725259772389906,2.597058872519014,0.19450643842726043,1.077206015586853,0.8900600671768188
h64_wd0.01_s1,l18,41,0.0005,0.3519184989008037,0.7713326215744019,0.9739789349589711,0.7321870361207323,2.665178396158733,0.18610686205656501,1.0908304452896118,0.9056156873703003
h64_wd0.01_s1,l18,42,0.0005,0.3129122575575655,0.7008684277534485,0.9803542897916764,0.7238990598713508,2.4892970381530093,0.16602235234984752,1.1040878295898438,0.9329556822776794
h64_wd0.01_s1,l18,43,0.0005,0.263149537823417,0.7546012997627258,0.9821148804814867,0.7279811974270164,1.9009490065278956,0.14046668980085342,1.1149073839187622,0.9660465121269226
h64_wd0.01_s1,l18,44,0.0005,0.2632567753845995,0.7351820468902588,0.9849690539345711,0.7277337951509154,2.3113631195536914,0.13624073269305934,1.125005841255188,1.0010502338409424
h64_wd0.01_s1,l18,45,0.0005,0.2691184255209836,0.8880055546760559,0.9849845657468163,0.7237753587333005,2.7949148309703404,0.16073416891631886,1.1354697942733765,1.0315197706222534
h64_wd0.01_s1,l18,46,0.0005,0.2541112703355876,0.7751555442810059,0.9881722431631688,0.7263730826323602,2.236046315641987,0.13869367507067268,1.1459003686904907,1.0577952861785889
h64_wd0.01_s1,l18,47,0.0005,0.2400521466677839,0.7806206345558167,0.988598817999907,0.7198169223156853,2.4053307629854626,0.12888014214360918,1.154815673828125,1.0881361961364746
h64_wd0.01_s1,l18,48,0.0005,0.3106234432621436,0.8025949001312256,0.9777715730528798,0.72365165759525,3.5715382791906807,0.19384570386808908,1.164434552192688,1.108494758605957
h64_wd0.01_s1,l18,49,0.0005,0.2929266169667244,0.7314490675926208,0.9835962585508864,0.7255071746660069,2.175234426247723,0.1505464014040022,1.1748623847961426,1.1268607378005981
h64_wd0.01_s1,l18,50,0.0005,0.30998797105117276,0.7570661902427673,0.9817270851753611,0.7256308758040574,2.8225731598663106,0.15677793307421742,1.184611439704895,1.1525031328201294
h64_wd0.01_s1,l18,51,0.0005,0.3020050146362998,0.7325690984725952,0.9874819675182651,0.7236516575952501,2.8619679227681387,0.1349442021385467,1.1934744119644165,1.1799440383911133
h64_wd0.01_s1,l18,52,0.0005,0.2885430787097324,0.7615664005279541,0.990250826004002,0.7302078179119248,1.9849686872481511,0.12186399699144967,1.2016938924789429,1.217322587966919
h64_wd0.01_s1,l18,53,0.0005,0.27776092426343396,0.7695202231407166,0.9889555896815425,0.7268678871845621,3.0494519612753197,0.12215535302249471,1.2100472450256348,1.244924783706665
h64_wd0.01_s1,l18,54,0.0005,0.2783813320777633,0.7815708518028259,0.9876681092652053,0.7276100940128648,2.9323460674171016,0.1253043946294129,1.2184754610061646,1.2685391902923584
h64_wd0.01_s1,l18,55,0.0005,0.20713583752512932,0.8505228757858276,0.9934772829509673,0.7173428995546759,2.4684242064100568,0.11725646057518536,1.2265986204147339,1.3030439615249634
h64_wd0.01_s1,l18,56,0.0005,0.2338826534422961,0.7925295233726501,0.9940279522856655,0.7198169223156853,3.1968287213107387,0.11791851044052502,1.2340346574783325,1.3290642499923706
h64_wd0.01_s1,l18,57,0.0005,0.2540566013617949,0.896527886390686,0.9907394480897203,0.7114052449282534,3.5373624416395733,0.12445868681328477,1.2420454025268555,1.351822018623352
h64_wd0.01_s1,l18,58,0.0005,0.22075228291479024,0.8070549964904785,0.9923371647509579,0.726867887184562,2.646743002212943,0.10134965339806436,1.2493897676467896,1.3688937425613403
h64_wd0.01_s1,l18,59,0.0005,0.2232424681159583,0.894460141658783,0.9926474009958584,0.7243938644235527,2.7621789106745602,0.11739473699596926,1.2573750019073486,1.3980846405029297
h64_wd0.01_s1,l18,60,0.0005,0.2526889605955644,0.8828070759773254,0.9942645074224021,0.7172191984166254,3.5458740305917846,0.1381133851316205,1.2645578384399414,1.4153324365615845
h64_wd0.01_s1,l18,61,0.0005,0.18591153215278278,0.9436952471733093,0.9937177160407651,0.7164769915883226,2.2779096872716456,0.09038023372225541,1.2715567350387573,1.4415004253387451
