unit,fold,epoch,lr,train_loss,val_loss,train_auc,val_auc,grad_net,grad_head,move_net,move_head
h64_wd0.01_s0,o0,1,0.0005,0.7107191148557161,0.6927635073661804,0.6236520914800332,0.5027397260273972,0.6895332850669411,0.25798484935102334,0.19072838127613068,0.03277594968676567
h64_wd0.01_s0,o0,2,0.0005,0.6858687338076139,0.6951913237571716,0.6436997059108684,0.5188356164383562,0.4132368007021732,0.1834146290090914,0.2291651964187622,0.03915655240416527
h64_wd0.01_s0,o0,3,0.0005,0.679326782101079,0.6872048377990723,0.7050382962220858,0.5707191780821917,0.44858162828427667,0.2171384451148796,0.2454126924276352,0.04102528467774391
h64_wd0.01_s0,o0,4,0.0005,0.6745908919133639,0.6810782551765442,0.74265585108102,0.6113013698630136,0.4410622622963486,0.20390432867121439,0.26125025749206543,0.04160211235284805
h64_wd0.01_s0,o0,5,0.0005,0.6667324210468092,0.675445556640625,0.7578666149586875,0.6330479452054795,0.5080300335018375,0.2121970805837091,0.28439003229141235,0.0507090725004673
h64_wd0.01_s0,o0,6,0.0005,0.6525527176104093,0.6649202108383179,0.7765568949358499,0.6700342465753424,0.5391082612857406,0.19660971293112384,0.30852290987968445,0.0700332373380661
h64_wd0.01_s0,o0,7,0.0005,0.6314606321485419,0.6731600761413574,0.7778280494242101,0.6635273972602739,0.5720077614830565,0.19690455029707626,0.33463138341903687,0.10456296801567078
h64_wd0.01_s0,o0,8,0.0005,0.6256062341363806,0.6542568206787109,0.7769877947624125,0.6962328767123288,0.7349447909421163,0.2295756206014748,0.35967445373535156,0.1401367038488388
h64_wd0.01_s0,o0,9,0.0005,0.6140918700318587,0.6568635702133179,0.7984250611339129,0.7042808219178082,0.7675370118718788,0.22669834159801353,0.3852064311504364,0.16929054260253906
h64_wd0.01_s0,o0,10,0.0005,0.5996966016919989,0.634901225566864,0.8119984056706417,0.698458904109589,0.9493162792417641,0.23625290047318157,0.4081985652446747,0.2005496323108673
h64_wd0.01_s0,o0,11,0.0005,0.6017919527856928,0.6423147320747375,0.8188389404173265,0.6929794520547945,1.0992740449553502,0.2769345516171024,0.4296337068080902,0.2223157286643982
h64_wd0.01_s0,o0,12,0.0005,0.569790852697272,0.6303266882896423,0.8290297213155373,0.7041095890410959,0.7951963366382668,0.21465648438876,0.4495701193809509,0.25784412026405334
h64_wd0.01_s0,o0,13,0.0005,0.5673766543990687,0.6213405132293701,0.8459209945167997,0.7181506849315068,0.8693998670363994,0.2202016041646016,0.4640496075153351,0.28555765748023987
h64_wd0.01_s0,o0,14,0.0005,0.5446291032590365,0.6126239895820618,0.860323821219662,0.7291095890410959,1.065970827275316,0.21931842436448032,0.48280632495880127,0.32804739475250244
h64_wd0.01_s0,o0,15,0.0005,0.5356820602166025,0.6065781712532043,0.8624460028654838,0.7323630136986301,0.987167757376653,0.16752692596862465,0.499881774187088,0.37001049518585205
h64_wd0.01_s0,o0,16,0.0005,0.509524383042988,0.6145394444465637,0.8766226071594005,0.7253424657534246,1.1183717990598439,0.1674346768074939,0.5144220590591431,0.40513336658477783
h64_wd0.01_s0,o0,17,0.0005,0.5060999409148568,0.6078965067863464,0.8847019789074536,0.7311643835616438,1.317758539084159,0.1909106297530755,0.5306788682937622,0.4435455799102783
h64_wd0.01_s0,o0,18,0.0005,0.48521360754966736,0.6047663688659668,0.8983184134268386,0.7508561643835616,1.093945719290118,0.16401107551852742,0.5463327169418335,0.4825749099254608
h64_wd0.01_s0,o0,19,0.0005,0.4975393885060361,0.6437712907791138,0.8979521485742602,0.7436643835616438,1.5118619444653711,0.1784873096973808,0.5634963512420654,0.5183845162391663
h64_wd0.01_s0,o0,20,0.0005,0.49544891871904073,0.6022756099700928,0.9053743980868048,0.7544520547945205,1.4922662167258494,0.1810389867559919,0.5771258473396301,0.5456103682518005
h64_wd0.01_s0,o0,21,0.0005,0.456290779929412,0.5938450694084167,0.916707063525407,0.7585616438356164,1.3520948790964475,0.14912765608227305,0.5916280746459961,0.5819642543792725
h64_wd0.01_s0,o0,22,0.0005,0.4398054621721569,0.5887590050697327,0.9210376067823632,0.761472602739726,1.4564177663249323,0.14094243291952355,0.6046558022499084,0.6183546185493469
h64_wd0.01_s0,o0,23,0.0005,0.42631692164822627,0.5772848129272461,0.9316377425158087,0.7683219178082191,1.4916190491088632,0.14244234196848068,0.6174060702323914,0.6604552268981934
h64_wd0.01_s0,o0,24,0.0005,0.4232050964706822,0.606397807598114,0.9326503571082312,0.7597602739726028,1.3811927124892336,0.14568362687148087,0.6302953362464905,0.7034034729003906
h64_wd0.01_s0,o0,25,0.0005,0.41243696369622884,0.5752076506614685,0.9369701278695235,0.7688356164383561,1.810505471438564,0.16280993790041715,0.6438258290290833,0.745557427406311
h64_wd0.01_s0,o0,26,0.0005,0.41407288846216705,0.594872236251831,0.9399110191858148,0.7693493150684931,1.8624809106136673,0.1606066719722416,0.6577553153038025,0.7814537286758423
h64_wd0.01_s0,o0,27,0.0005,0.38383814692497253,0.6146970391273499,0.9454803994441392,0.7695205479452053,1.7090610508128548,0.14485899483227896,0.6704321503639221,0.8216259479522705
h64_wd0.01_s0,o0,28,0.0005,0.4147738155565764,0.5904722809791565,0.9462129291492961,0.7659246575342465,2.4281985345055213,0.1591748093779297,0.6827234029769897,0.8603437542915344
h64_wd0.01_s0,o0,29,0.0005,0.395712579551496,0.5688866376876831,0.9545939307759428,0.7666095890410959,1.804507325605816,0.13436129625210194,0.6942689418792725,0.9031373262405396
h64_wd0.01_s0,o0,30,0.0005,0.3897853289779864,0.5668042302131653,0.954604703271607,0.7803082191780821,2.2070503027942827,0.14826628202190517,0.7055373787879944,0.9411848783493042
h64_wd0.01_s0,o0,31,0.0005,0.3703262798096004,0.5923988223075867,0.9641168169429812,0.7731164383561644,2.2396133509460743,0.12888519196096945,0.71442711353302,0.9689965844154358
h64_wd0.01_s0,o0,32,0.0005,0.35713450924346324,0.6140178442001343,0.9543461633756692,0.7662671232876712,2.4058684669476613,0.13047483052552536,0.7248780131340027,1.0066146850585938
h64_wd0.01_s0,o0,33,0.0005,0.34832018378533813,0.5763007998466492,0.9698046946536104,0.770890410958904,2.4615470152856105,0.12827492940080742,0.7345682978630066,1.0394504070281982
h64_wd0.01_s0,o0,34,0.0005,0.36545949860623006,0.5861107110977173,0.9714475002423811,0.774058219178082,2.2679093757042836,0.13171598850922214,0.7436302900314331,1.0736981630325317
h64_wd0.01_s0,o0,35,0.0005,0.33912372432257,0.5842097401618958,0.9743399153281842,0.772945205479452,2.369020998766609,0.10634709549154098,0.7525158524513245,1.103074073791504
h64_wd0.01_s0,o0,36,0.0005,0.3195233086222096,0.6310676336288452,0.9707526742720486,0.7732876712328766,2.102992777627928,0.10549477862877303,0.7616939544677734,1.142806887626648
h64_wd0.01_s0,o0,37,0.0005,0.3142796096048857,0.6352612376213074,0.9782611037499057,0.7645547945205479,2.723625029786785,0.11698839314237967,0.7701508402824402,1.182697057723999
h64_wd0.01_s0,o0,38,0.0005,0.3719620947775088,0.6055684089660645,0.9789397709767422,0.750513698630137,4.055305162566221,0.18639690236637427,0.7784521579742432,1.1924314498901367
h64_wd0.01_s0,o0,39,0.0005,0.32984854986793116,0.75165194272995,0.9704941343761109,0.7597602739726027,2.90325955205782,0.131793292084598,0.787211000919342,1.213783860206604
h64_wd0.01_s0,o0,40,0.0005,0.30061961867307363,0.7317216396331787,0.9796076657079146,0.7633561643835616,2.5716420597299714,0.11115522576864943,0.7947327494621277,1.2417491674423218
h64_wd0.01_s0,o0,41,0.0005,0.2690923864904203,0.6456727385520935,0.9798662056038523,0.7628424657534246,2.386968754755459,0.10158967898664224,0.8015899062156677,1.2748929262161255
h64_wd0.01_s0,o0,42,0.0005,0.29351185419057546,0.6925081014633179,0.9825377845285417,0.7660958904109589,3.195888521666394,0.11370691908470408,0.8089380860328674,1.3124464750289917
h64_wd0.01_s0,o0,43,0.0005,0.26306820543188797,0.6354905962944031,0.9891844143532733,0.7715753424657533,2.620751021238826,0.11020735634102678,0.815796434879303,1.3474839925765991
h64_wd0.01_s0,o0,44,0.0005,0.27424932624164383,0.7386387586593628,0.9844876062437385,0.7669520547945206,3.4077541499928587,0.11980343497025141,0.8231905102729797,1.3740789890289307
h64_wd0.01_s0,o0,45,0.0005,0.24197614585098468,0.7240685224533081,0.9850693210095982,0.7592465753424658,3.082794999867787,0.11425120682015766,0.8299668431282043,1.4052159786224365
h64_wd0.01_s0,o0,46,0.0005,0.26249488403922633,0.6950154900550842,0.9893460017882343,0.7590753424657535,3.205422784642113,0.11530486501658367,0.8372138738632202,1.4390778541564941
h64_wd0.01_s0,o0,47,0.0005,0.23982323549295725,0.7015337944030762,0.9937842700018312,0.7654965753424657,2.6532959947251067,0.10232003965635517,0.8441200852394104,1.4784339666366577
h64_wd0.01_s0,o0,48,0.0005,0.23771185623972038,0.7795826196670532,0.9887966045093667,0.764554794520548,3.3167863682803462,0.0982615822885179,0.8509005904197693,1.5134637355804443
h64_wd0.01_s0,o0,49,0.0005,0.25470572945318726,0.7053329944610596,0.9893352292925702,0.7654109589041096,3.283429431512199,0.09771738383506152,0.857357919216156,1.5414336919784546
h64_wd0.01_s0,o0,50,0.0005,0.2175245273270105,0.69658362865448,0.9937034762843509,0.7702054794520548,3.07402128875474,0.08815022005759961,0.8633780479431152,1.5666691064834595
h64_wd0.01_s0,o1,1,0.0005,0.7087636966454355,0.6894610524177551,0.592304129097588,0.5897260273972602,0.5092031956432562,0.18037946101000846,0.20080168545246124,0.0329529233276844
h64_wd0.01_s0,o1,2,0.0005,0.6898804118758753,0.6850578188896179,0.676340367773002,0.6356164383561643,0.3078261571501712,0.12452476679821074,0.23950476944446564,0.03845248371362686
h64_wd0.01_s0,o1,3,0.0005,0.6806080153113917,0.679806113243103,0.7315817255383555,0.6607876712328766,0.34633155488457656,0.15514333458397372,0.2578831911087036,0.03938572108745575
h64_wd0.01_s0,o1,4,0.0005,0.6759777853363439,0.6716080904006958,0.7682836182658437,0.6886986301369863,0.4480389229208721,0.16330442602524017,0.2767878472805023,0.04702162370085716
h64_wd0.01_s0,o1,5,0.0005,0.6642653534286901,0.6774473786354065,0.7557659783041938,0.6722602739726028,0.5100715385793269,0.17703458371104147,0.30073872208595276,0.06882277131080627
h64_wd0.01_s0,o1,6,0.0005,0.6711894399241397,0.6686442494392395,0.7788622090079609,0.6857876712328766,0.701171240035679,0.24149664553931777,0.32300326228141785,0.07383933663368225
h64_wd0.01_s0,o1,7,0.0005,0.6480416090864884,0.6822938323020935,0.7807581682448372,0.6907534246575342,0.5658096211928738,0.18242754437243242,0.34581610560417175,0.08758766949176788
h64_wd0.01_s0,o1,8,0.0005,0.642384221679286,0.6592196226119995,0.7519848323261049,0.6570205479452055,0.8194201642378347,0.24804619933738586,0.3683987259864807,0.10427865386009216
h64_wd0.01_s0,o1,9,0.0005,0.6369410439541465,0.6478995084762573,0.7840006894397225,0.6888698630136987,0.7084961101464483,0.18694507240878971,0.38789045810699463,0.12000653147697449
h64_wd0.01_s0,o1,10,0.0005,0.6163931238023859,0.6354109048843384,0.8025078369905955,0.6945205479452055,0.949641427627139,0.2454570922648408,0.4079846441745758,0.1464959979057312
h64_wd0.01_s0,o1,11,0.0005,0.6130494694960745,0.6325297355651855,0.8160380915446681,0.7089041095890412,0.8642657065819401,0.22363445983945376,0.4264371395111084,0.1668754667043686
h64_wd0.01_s0,o1,12,0.0005,0.5763982879488092,0.626749575138092,0.8189251203826391,0.7054794520547945,0.8259133073190451,0.21152627662720427,0.44756755232810974,0.20293167233467102
h64_wd0.01_s0,o1,13,0.0005,0.5897192986387956,0.6446722149848938,0.8378523952644108,0.7041095890410959,1.1371811198324522,0.2676332327316218,0.4657403826713562,0.221722811460495
h64_wd0.01_s0,o1,14,0.0005,0.5616799812567862,0.6220674514770508,0.8537202813775868,0.7157534246575342,1.0243568672883014,0.19808486873200742,0.48398181796073914,0.25003474950790405
h64_wd0.01_s0,o1,15,0.0005,0.5530202859326413,0.6213865876197815,0.8693727175774812,0.7186643835616437,1.0776737595191273,0.18934854750395136,0.5023040175437927,0.2854801416397095
h64_wd0.01_s0,o1,16,0.0005,0.5270863896922061,0.6280028820037842,0.8691895851511919,0.7114726027397261,1.063455887538708,0.18631657637883436,0.520128071308136,0.3242458999156952
h64_wd0.01_s0,o1,17,0.0005,0.5144084315550955,0.6117029786109924,0.8829676071055381,0.7226027397260274,1.4664468656010936,0.20354211319347482,0.5377268195152283,0.36102768778800964
h64_wd0.01_s0,o1,18,0.0005,0.5022213898207012,0.6288545727729797,0.8790141011968243,0.7078767123287671,1.3750277812345002,0.19001938130474716,0.5549524426460266,0.39973124861717224
h64_wd0.01_s0,o1,19,0.0005,0.4903349311728227,0.6184272766113281,0.9064085576705556,0.7167808219178081,1.2111820924833037,0.17581474006557513,0.5701212286949158,0.43366050720214844
h64_wd0.01_s0,o1,20,0.0005,0.48137212270184565,0.6409556865692139,0.9067640500274698,0.7166095890410958,1.4017336454393232,0.17651871221169488,0.5861743688583374,0.4730006754398346
h64_wd0.01_s0,o1,21,0.0005,0.45465167572623805,0.6871923208236694,0.9109868683277855,0.7119863013698631,1.5733155239947683,0.1799728733750517,0.6009089946746826,0.5087249875068665
h64_wd0.01_s0,o1,22,0.0005,0.4571310595462197,0.6363551616668701,0.9261222247358045,0.708904109589041,1.561793335285623,0.14777852172616598,0.6155617833137512,0.5479486584663391
h64_wd0.01_s0,o1,23,0.0005,0.46097982870905024,0.6368059515953064,0.9340400090488964,0.7154109589041096,1.9021899730327962,0.1669685997194933,0.631388783454895,0.5891510248184204
h64_wd0.01_s0,o1,24,0.0005,0.5029135205243763,0.6253004670143127,0.9281151364336576,0.7042808219178082,2.2205336749550857,0.22134087452299295,0.6471712589263916,0.6076677441596985
h64_wd0.01_s0,o1,25,0.0005,0.459867819359428,0.6472064852714539,0.9430996779023797,0.7094178082191781,1.8257346528913552,0.14602735341495285,0.6630343198776245,0.6366873979568481
h64_wd0.01_s0,o1,26,0.0005,0.43641840627318934,0.661173403263092,0.944521647330037,0.7138698630136986,1.9133327988884758,0.16876880532747163,0.6773684024810791,0.6750166416168213
h64_wd0.01_s0,o1,27,0.0005,0.4097197965571755,0.6579838991165161,0.9449525471565998,0.7102739726027398,1.9195829379730356,0.1609958325225572,0.6898834109306335,0.714655876159668
h64_wd0.01_s0,o1,28,0.0005,0.4070406242420799,0.6393028497695923,0.954911719398033,0.7231164383561643,2.2888364364256044,0.1733981132912094,0.7014913558959961,0.7488980889320374
h64_wd0.01_s0,o1,29,0.0005,0.39063778990193415,0.6453330516815186,0.9589998815025477,0.7167808219178081,2.1070294461399284,0.15220650435090077,0.7137283682823181,0.7914225459098816
h64_wd0.01_s0,o1,30,0.0005,0.3592683563106938,0.6863044500350952,0.9600448135819626,0.7047945205479452,2.1509837113794283,0.14372622919173406,0.725500762462616,0.8373377323150635
h64_wd0.01_s0,o1,31,0.0005,0.35895140547501414,0.718018651008606,0.9599263161296578,0.709931506849315,2.4057129619986335,0.13834391457928663,0.7373166680335999,0.8788063526153564
h64_wd0.01_s0,o1,32,0.0005,0.3537643630253641,0.7413612604141235,0.9658511887448964,0.7190068493150685,2.3793455330053597,0.1398591770863133,0.748197078704834,0.916587769985199
h64_wd0.01_s0,o1,33,0.0005,0.3555882392745269,0.7038887739181519,0.9682642277736483,0.7256849315068493,2.696312909083597,0.13990767120324446,0.757881760597229,0.9447259902954102
h64_wd0.01_s0,o1,34,0.0005,0.35963592795949234,0.700665295124054,0.976925314287561,0.7157534246575342,2.751181015402051,0.1307562263311638,0.7681646943092346,0.9693297743797302
h64_wd0.01_s0,o1,35,0.0005,0.37157192983125387,0.6718065142631531,0.9785304161415075,0.7154109589041097,3.022906037922462,0.14573928176067166,0.777808427810669,0.9887990951538086
h64_wd0.01_s0,o1,36,0.0005,0.32181744434331594,0.6956108212471008,0.9789936334550625,0.7114726027397261,2.258635884523796,0.124361149163496,0.7869739532470703,1.0265618562698364
h64_wd0.01_s0,o1,37,0.0005,0.3303476673992057,0.7095299363136292,0.9716252464208384,0.7287671232876712,2.515923916642882,0.1409379540151204,0.796774685382843,1.070626974105835
h64_wd0.01_s0,o1,38,0.0005,0.31693122183021744,0.7558860182762146,0.9758265197298257,0.7270547945205479,2.089925211346442,0.1077707744561896,0.8050642609596252,1.1024842262268066
h64_wd0.01_s0,o1,39,0.0005,0.28372951008771596,0.7004801630973816,0.9755356623468959,0.7251712328767124,2.4471026675037564,0.11311244679851018,0.8135696649551392,1.1456968784332275
h64_wd0.01_s0,o1,40,0.0005,0.30045515298843384,0.7487465739250183,0.9818267998147131,0.7128424657534247,3.243660363566459,0.11955550654630286,0.8218802809715271,1.17838716506958
h64_wd0.01_s0,o1,41,0.0005,0.26941350886696264,0.7801997661590576,0.9824946945458854,0.7219178082191782,2.5960536292396883,0.10776162665295021,0.8298043608665466,1.211323618888855
h64_wd0.01_s0,o1,42,0.0005,0.2680490283589614,0.834911584854126,0.98655592541124,0.7133561643835616,3.2753330024886878,0.11397124375182115,0.8370596766471863,1.2398372888565063
h64_wd0.01_s0,o1,43,0.0005,0.24471943864696905,0.8144314289093018,0.9846491936786995,0.7193493150684932,2.8760346138123656,0.10452077439755836,0.844081699848175,1.2703672647476196
h64_wd0.01_s0,o1,44,0.0005,0.23991897702217102,0.8951804041862488,0.989292139309914,0.7118150684931507,2.7375654327861523,0.10012707135142451,0.8509854674339294,1.2988066673278809
h64_wd0.01_s0,o1,45,0.0005,0.22331150817243675,0.7549736499786377,0.9886242445787415,0.7136986301369862,2.6520870253241777,0.09930423761276715,0.8575767278671265,1.3320270776748657
h64_wd0.01_s0,o1,46,0.0005,0.2518218873362792,0.8347322344779968,0.9917698133126502,0.7241438356164384,2.495476532693001,0.09803002242622336,0.865256130695343,1.3702881336212158
h64_wd0.01_s0,o1,47,0.0005,0.2472776660793706,0.7510793805122375,0.9950769694815199,0.7149828767123287,3.3840433351895465,0.10390880901579791,0.8729374408721924,1.4019109010696411
h64_wd0.01_s0,o1,48,0.0005,0.24251819127484373,0.9589405059814453,0.9913927759644077,0.7212328767123287,3.664426223561716,0.11560382370496854,0.880343496799469,1.434233546257019
h64_wd0.01_s0,o1,49,0.0005,0.29199266668997315,0.789777398109436,0.988850466987687,0.7246575342465753,4.520524419222551,0.14052049664443883,0.8876516819000244,1.4374163150787354
h64_wd0.01_s0,o1,50,0.0005,0.2681004726573041,0.7180201411247253,0.9914466384427281,0.7229452054794521,3.5700351624964024,0.11202774477619656,0.8951800465583801,1.4571044445037842
h64_wd0.01_s0,o1,51,0.0005,0.23219349941140727,0.768986165523529,0.9927285654267524,0.7207191780821918,2.8364555824967836,0.08024700810106404,0.9016384482383728,1.487833857536316
h64_wd0.01_s0,o1,52,0.0005,0.205556026414821,0.8014538288116455,0.9942151698283941,0.7172945205479452,2.752011056571789,0.09069991537692429,0.9083969593048096,1.521711826324463
h64_wd0.01_s0,o1,53,0.0005,0.24464019191892525,0.8221727609634399,0.9940858998804253,0.7058219178082191,3.9809018197458332,0.1037201473968873,0.9152445197105408,1.550692081451416
h64_wd0.01_s0,o1,54,0.0005,0.3369227208589253,0.8532155156135559,0.981654439884088,0.6980308219178082,4.179918436614873,0.11377687819099305,0.9225758910179138,1.5586092472076416
h64_wd0.01_s0,o1,55,0.0005,0.315683870723373,0.7867775559425354,0.9791336758986954,0.6998287671232877,3.447548156876618,0.10387135265316659,0.9289460778236389,1.5710347890853882
h64_wd0.01_s0,o1,56,0.0005,0.3199886844346398,0.7863557934761047,0.9866205603852244,0.7118150684931507,3.5009239561275125,0.12097498731480365,0.9351631999015808,1.599849820137024
h64_wd0.01_s0,o1,57,0.0005,0.2828951799555829,0.8035106062889099,0.9947430221159336,0.7091609589041097,3.4650397675472706,0.09304927709136046,0.9412884712219238,1.6254483461380005
h64_wd0.01_s0,o2,1,0.0005,0.7106254069428695,0.6911426186561584,0.5876288659793815,0.5405821917808219,0.613442665034241,0.2169121308743107,0.19470518827438354,0.036829326301813126
h64_wd0.01_s0,o2,2,0.0005,0.68873740811097,0.6869920492172241,0.6658695019875254,0.5986301369863013,0.3479833074724596,0.12181676705137198,0.23539677262306213,0.04470733553171158
h64_wd0.01_s0,o2,3,0.0005,0.678674158297087,0.6810927391052246,0.7540746964849347,0.6698630136986301,0.3463811442481079,0.1536499896298092,0.25158029794692993,0.03965024650096893
h64_wd0.01_s0,o2,4,0.0005,0.6756029536849574,0.6749019026756287,0.7648364196533411,0.6866438356164383,0.4342476801160992,0.1635858947199725,0.26572227478027344,0.03616226091980934
h64_wd0.01_s0,o2,5,0.0005,0.6624775873987299,0.6681684851646423,0.7719031768089712,0.6907534246575343,0.49104427322378325,0.1967745267919611,0.2839753329753876,0.0475885346531868
h64_wd0.01_s0,o2,6,0.0005,0.6516139444551969,0.6617552042007446,0.7814799254543301,0.6950342465753424,0.5569068641195773,0.23515082023494277,0.30391010642051697,0.07028698921203613
h64_wd0.01_s0,o2,7,0.0005,0.6333448447679219,0.6680846214294434,0.7873186181042562,0.6982876712328767,0.5454081419388572,0.17103141068534794,0.32591795921325684,0.10597547143697739
h64_wd0.01_s0,o2,8,0.0005,0.622694100204267,0.6463361978530884,0.7890098999235153,0.6873287671232876,0.6854586663472605,0.183760364195579,0.3491663932800293,0.14545878767967224
h64_wd0.01_s0,o2,9,0.0005,0.6136915056329024,0.6402789950370789,0.8079587197966152,0.702054794520548,0.6937171605544417,0.19952930418409026,0.3724249303340912,0.1863841563463211
h64_wd0.01_s0,o2,10,0.0005,0.5976158788329676,0.6403940916061401,0.8241390082840492,0.7171232876712329,0.876340832365946,0.20453887829419834,0.39413920044898987,0.2248600721359253
h64_wd0.01_s0,o2,11,0.0005,0.5880702153632515,0.6311315298080444,0.8338019368947204,0.716609589041096,0.9403978485253249,0.22421461554814331,0.4139809012413025,0.25402721762657166
h64_wd0.01_s0,o2,12,0.0005,0.5718798009972823,0.6292005777359009,0.8367536007066758,0.7094178082191781,1.027830966201259,0.20006262865338045,0.435901015996933,0.2946891784667969
h64_wd0.01_s0,o2,13,0.0005,0.5642057563129225,0.6208857893943787,0.8541511812041496,0.7222602739726027,0.9904893593782004,0.1745809832472788,0.4591553807258606,0.32956382632255554
h64_wd0.01_s0,o2,14,0.0005,0.5529500967577884,0.6174220442771912,0.8664964612351742,0.7200342465753424,1.183190164776508,0.22587934783192937,0.4789585471153259,0.36624065041542053
h64_wd0.01_s0,o2,15,0.0005,0.5597918425735674,0.619487464427948,0.8777106292214717,0.7210616438356163,1.352925113883406,0.18076509009885205,0.4979941248893738,0.39337751269340515
h64_wd0.01_s0,o2,16,0.0005,0.5266483143756264,0.616079568862915,0.8895496019562852,0.7253424657534246,0.9979930373960357,0.1590967003291206,0.5172763466835022,0.43733227252960205
h64_wd0.01_s0,o2,17,0.0005,0.5102782061225489,0.6355289816856384,0.8875351452671041,0.726027397260274,1.0878807251727898,0.16971571917856484,0.5353039503097534,0.4852326214313507
h64_wd0.01_s0,o2,18,0.0005,0.48491120809002924,0.6138373017311096,0.8996111129065271,0.7332191780821918,1.2357822389842565,0.17444679898145143,0.5526966452598572,0.5339803099632263
h64_wd0.01_s0,o2,19,0.0005,0.4881097690055245,0.6334901452064514,0.9073996272716501,0.7309931506849314,1.4148297220611965,0.15135364799311596,0.5696057677268982,0.5754661560058594
h64_wd0.01_s0,o2,20,0.0005,0.46695194903172943,0.6765024065971375,0.9251634726217022,0.7191780821917808,1.4282209505399186,0.1565289469190559,0.5847321152687073,0.6164068579673767
h64_wd0.01_s0,o2,21,0.0005,0.4819273995725732,0.643879771232605,0.9165885660731021,0.7229452054794521,1.9296989789790084,0.1981522546587752,0.6023295521736145,0.646360456943512
h64_wd0.01_s0,o2,22,0.0005,0.46656399024160283,0.6270898580551147,0.9278889140247121,0.7226027397260273,1.3914666369790851,0.13098573680135897,0.617222011089325,0.6848387718200684
h64_wd0.01_s0,o2,23,0.0005,0.41788605012391744,0.6979187726974487,0.9206390244427926,0.7226027397260274,1.4778652242057482,0.1453019412172077,0.6302714943885803,0.7264568209648132
h64_wd0.01_s0,o2,24,0.0005,0.4864676563363326,0.6371598839759827,0.9301403656185028,0.7116438356164383,2.528356526734328,0.22544793788491566,0.6438840627670288,0.7482290267944336
h64_wd0.01_s0,o2,25,0.0005,0.43209679973752874,0.6680426001548767,0.9317670124637775,0.718835616438356,1.83616849510043,0.14222212617156021,0.654642641544342,0.7769075036048889
h64_wd0.01_s0,o2,26,0.0005,0.41044848843624715,0.6380115747451782,0.9461159766883194,0.7176369863013699,1.5442211890228748,0.12812296510674873,0.6644578576087952,0.8175309300422668
h64_wd0.01_s0,o2,27,0.0005,0.40872419194171306,0.6670672297477722,0.9485828781953916,0.7184931506849316,1.9532652470482033,0.1450423195305317,0.6748911142349243,0.8593615293502808
h64_wd0.01_s0,o2,28,0.0005,0.3984061134488959,0.6932939291000366,0.9499940751273848,0.7135273972602739,2.464968075840945,0.1491498247833578,0.6851779818534851,0.8920300602912903
h64_wd0.01_s0,o2,29,0.0005,0.3982395137611188,0.7242318391799927,0.9501018000840256,0.7113013698630137,1.965861897720484,0.12178784361603796,0.6947539448738098,0.9203541278839111
h64_wd0.01_s0,o2,30,0.0005,0.356666248095663,0.7144508361816406,0.9551433280548104,0.7034246575342465,2.161612138466199,0.13043957902873715,0.7052788138389587,0.9559553861618042
h64_wd0.01_s0,o2,31,0.0005,0.3576868129403968,0.7178628444671631,0.9738874705102931,0.7053082191780822,2.4304247090991495,0.13005484235764653,0.7145611047744751,0.9909444451332092
h64_wd0.01_s0,o2,32,0.0005,0.3593082271124187,0.736016035079956,0.9618438203578623,0.7070205479452054,2.48446682754879,0.14382999612077071,0.7248268127441406,1.0289863348007202
h64_wd0.01_s0,o2,33,0.0005,0.3388391231235705,0.741802990436554,0.9596139137553997,0.7131849315068494,2.0582355839441746,0.1228088013648982,0.7351358532905579,1.0747088193893433
h64_wd0.01_s0,o2,34,0.0005,0.3823953717947006,0.6849685907363892,0.9619730903058312,0.7092465753424657,2.3838179379091042,0.12606237528023834,0.7438320517539978,1.1007932424545288
h64_wd0.01_s0,o2,35,0.0005,0.3247070720321254,0.7466117739677429,0.9751909424856458,0.7001712328767123,2.3003283770398633,0.10730364677677852,0.7522129416465759,1.1321698427200317
h64_wd0.01_s0,o2,36,0.0005,0.3014175225245325,0.7753654718399048,0.9770976742181862,0.7034246575342465,1.9902637636603389,0.10642067567807312,0.7595987915992737,1.1739736795425415
h64_wd0.01_s0,o2,37,0.0005,0.31981830455754934,0.7570090293884277,0.9777440239580304,0.7029109589041096,2.6439283541594123,0.1143700648469178,0.767817497253418,1.2109001874923706
h64_wd0.01_s0,o2,38,0.0005,0.35054139322356176,0.7793146967887878,0.9685766301479064,0.698458904109589,2.655525068223611,0.12555032059189036,0.7766839265823364,1.241060495376587
h64_wd0.01_s0,o3,1,0.0005,0.7165766264262953,0.6885560750961304,0.6598045869286537,0.5871575342465754,0.699789682967321,0.2826034572925748,0.19457775354385376,0.03637038543820381
h64_wd0.01_s0,o3,2,0.0005,0.6874411670785201,0.6842137575149536,0.7360630837346087,0.6686643835616438,0.3185495625870253,0.12493064866702186,0.2368059903383255,0.04441886022686958
h64_wd0.01_s0,o3,3,0.0005,0.6746518455053631,0.6777926087379456,0.7498518781846191,0.6859589041095889,0.35569324734377233,0.16314886671504228,0.26257839798927307,0.038287919014692307
h64_wd0.01_s0,o3,4,0.0005,0.6674835525060955,0.6666610836982727,0.7693285503452585,0.7111301369863012,0.4798515585090662,0.22739119609242123,0.286216676235199,0.03685302659869194
h64_wd0.01_s0,o3,5,0.0005,0.6433024469174837,0.6724209785461426,0.7748548406209267,0.710958904109589,0.6089400094817983,0.27846448897946574,0.32128894329071045,0.04577810317277908
h64_wd0.01_s0,o3,6,0.0005,0.6570881918856972,0.6611984372138977,0.7843669542923009,0.7184931506849314,0.8568925509972456,0.36578035641392487,0.34911951422691345,0.04891318455338478
h64_wd0.01_s0,o3,7,0.0005,0.6228017650152508,0.6531046032905579,0.7923709185707053,0.722431506849315,0.5501360749090664,0.20804325293183915,0.3777306377887726,0.06429840624332428
h64_wd0.01_s0,o3,8,0.0005,0.61820051544591,0.6433203816413879,0.7828803498906591,0.7099315068493149,0.8191118227677443,0.25776345215714797,0.40789756178855896,0.08877363801002502
h64_wd0.01_s0,o3,9,0.0005,0.6133165265384474,0.648857593536377,0.7948809100604337,0.7184931506849314,0.7548140902257596,0.24585306269724935,0.4383644461631775,0.10413574427366257
h64_wd0.01_s0,o3,10,0.0005,0.5832946143652263,0.6395086050033569,0.8230294412306499,0.7327054794520547,0.7516840192418808,0.2258236967963445,0.46837911009788513,0.13361473381519318
h64_wd0.01_s0,o3,11,0.0005,0.5813808096082587,0.6127257347106934,0.85055316765235,0.746404109589041,0.8865430446467355,0.24565487649344825,0.49350908398628235,0.1562509983778
h64_wd0.01_s0,o3,12,0.0005,0.555514815606569,0.6084637641906738,0.852836936733133,0.7388698630136986,1.035315313692726,0.24692019041349922,0.521051824092865,0.1867930144071579
h64_wd0.01_s0,o3,13,0.0005,0.534507902044999,0.6125409603118896,0.8629846276486873,0.7452054794520548,1.0656788748845443,0.2844534053210703,0.5471798181533813,0.21114817261695862
h64_wd0.01_s0,o3,14,0.0005,0.5611576594804463,0.6153457760810852,0.8649775393465404,0.746404109589041,1.4845883389459604,0.283768074983011,0.5734908580780029,0.22771157324314117
h64_wd0.01_s0,o3,15,0.0005,0.5542015841132716,0.5987425446510315,0.8721735664501395,0.75,1.1007915866181885,0.24721042005137397,0.5973870158195496,0.24656270444393158
h64_wd0.01_s0,o3,16,0.0005,0.49893308313269363,0.5965355038642883,0.8812547802949509,0.7493150684931507,0.9415423329827564,0.2148605406599112,0.61753249168396,0.27891597151756287
h64_wd0.01_s0,o3,17,0.0005,0.48368568953714874,0.6456164121627808,0.8878044576587059,0.7470890410958904,1.1980266424630315,0.2066256885461084,0.6368676424026489,0.3093058168888092
h64_wd0.01_s0,o3,18,0.0005,0.5037606499697033,0.5967041850090027,0.9049973607385623,0.7513698630136986,1.4649173247422929,0.2315037174918524,0.6563667058944702,0.32670849561691284
h64_wd0.01_s0,o3,19,0.0005,0.4735634907295829,0.5964069962501526,0.9121718428508332,0.7541095890410958,1.3347514866522188,0.22262001313256208,0.6759831309318542,0.3579806983470917
h64_wd0.01_s0,o3,20,0.0005,0.4531199022343284,0.587777853012085,0.925723642396234,0.7643835616438356,1.2725104673119088,0.17994084555133694,0.6928905844688416,0.3914928436279297
h64_wd0.01_s0,o3,21,0.0005,0.44771562438262136,0.610628604888916,0.9187322927102521,0.7561643835616437,1.4142267566017512,0.18520980941403734,0.709102213382721,0.4286644756793976
h64_wd0.01_s0,o3,22,0.0005,0.4122444532419506,0.6118198037147522,0.925874457335531,0.7547945205479453,1.278722378118589,0.17805379876845964,0.7247443199157715,0.46692219376564026
h64_wd0.01_s0,o3,23,0.0005,0.3999166127882506,0.6012044548988342,0.9413545336048001,0.7590753424657534,1.4716158814849558,0.16772768818997388,0.7395527958869934,0.5038489699363708
h64_wd0.01_s0,o3,24,0.0005,0.4048618329198737,0.6388563513755798,0.9371101703131565,0.7510273972602739,1.7982433672093847,0.18549514374685458,0.7548503875732422,0.537039041519165
h64_wd0.01_s0,o3,25,0.0005,0.36263925699811234,0.6390255689620972,0.9495093128225015,0.7592465753424658,1.465094119058424,0.14731267630432657,0.7704043984413147,0.5758126974105835
h64_wd0.01_s0,o3,26,0.0005,0.3613582449524026,0.620968759059906,0.9574270971355934,0.7590753424657534,1.7267439210636981,0.16390921821390625,0.7865483164787292,0.6169567108154297
h64_wd0.01_s0,o3,27,0.0005,0.3385572182504754,0.664120614528656,0.952762606513051,0.749486301369863,1.616697898727219,0.16045218599487734,0.8019857406616211,0.6540103554725647
h64_wd0.01_s0,o3,28,0.0005,0.3445642872860557,0.6281825304031372,0.9643645843432549,0.7522260273972603,2.041131490917204,0.1644511561051262,0.8167538642883301,0.6913033723831177
h64_wd0.01_s0,o3,29,0.0005,0.3558159643097928,0.6186054944992065,0.9682857727649765,0.7587328767123287,2.392922102902331,0.16594897847134674,0.8305222392082214,0.7242503762245178
h64_wd0.01_s0,o3,30,0.0005,0.3579602853247994,0.6388660669326782,0.9700309170625558,0.7549657534246575,2.2143882258264607,0.16407208126014886,0.8464061617851257,0.7535601258277893
h64_wd0.01_s0,o3,31,0.0005,0.3349849644460176,0.6143116354942322,0.9743129840890239,0.7434931506849315,1.963270123815716,0.15414103701003662,0.860773503780365,0.7924978137016296
h64_wd0.01_s0,o3,32,0.0005,0.3170558120075025,0.6418372392654419,0.9753094399379505,0.7590753424657535,1.6047690595237134,0.13356221181536088,0.8729169964790344,0.8318549394607544
h64_wd0.01_s0,o3,33,0.0005,0.32696932162109177,0.6497637033462524,0.9744153227978326,0.7592465753424658,2.59414353573999,0.1653127186083528,0.8865867257118225,0.863929271697998
h64_wd0.01_s0,o3,34,0.0005,0.29935541121583237,0.6658241152763367,0.9837873940255739,0.7547945205479453,2.1126053296066396,0.1255594607042433,0.8987841606140137,0.8823673129081726
h64_wd0.01_s0,o3,35,0.0005,0.28590534235301773,0.6664364337921143,0.9764190069913496,0.7380136986301369,2.1617383659638794,0.12148854218485183,0.910173773765564,0.9111425280570984
h64_wd0.01_s0,o3,36,0.0005,0.26561570481250163,0.6665648221969604,0.9837443040429177,0.7587328767123288,1.8657317419791954,0.12186085921090378,0.9197554588317871,0.9433290958404541
h64_wd0.01_s0,o3,37,0.0005,0.2466430609163485,0.7126283049583435,0.9832918592250266,0.7522260273972602,1.9593629023965966,0.09381087103801006,0.9297905564308167,0.974155604839325
h64_wd0.01_s0,o3,38,0.0005,0.2563412824743672,0.7440909743309021,0.9801355179954541,0.7601027397260274,1.8297482831855858,0.1160442441315905,0.9397066235542297,1.0070658922195435
h64_wd0.01_s0,o3,39,0.0005,0.25166266293902145,0.7279984951019287,0.9878593973865926,0.748972602739726,2.2776321627267664,0.10406929274170686,0.9496872425079346,1.0317760705947876
h64_wd0.01_s0,o3,40,0.0005,0.24752388031859146,0.7263564467430115,0.9897822878626291,0.7488013698630136,2.35474240259885,0.11691155897768866,0.9592875838279724,1.059201717376709
h64_wd0.01_s0,o4,1,0.0005,0.7000008225440979,0.6961988806724548,0.6766537800687286,0.5797945205479451,0.67402018962396,0.2475832046063456,0.2007966786623001,0.022505126893520355
h64_wd0.01_s0,o4,2,0.0005,0.6819265861260263,0.7125003933906555,0.6495597079037801,0.5467465753424657,0.6225546847357591,0.2755526546916653,0.252034068107605,0.03361421823501587
h64_wd0.01_s0,o4,3,0.0005,0.6854349468883715,0.684425413608551,0.7201997422680413,0.6085616438356165,0.5855703312230202,0.3041360454599082,0.27342307567596436,0.04531770944595337
h64_wd0.01_s0,o4,4,0.0005,0.6652466748890123,0.6621602773666382,0.7682560137457045,0.7232876712328767,0.46935498957075733,0.22735921111774723,0.2943545877933502,0.0386689230799675
h64_wd0.01_s0,o4,5,0.0005,0.6588027885085658,0.6567652821540833,0.7753436426116839,0.6916095890410959,0.6807635360176364,0.30933334894705483,0.3200562298297882,0.03677261620759964
h64_wd0.01_s0,o4,6,0.0005,0.6505950501090602,0.6461756825447083,0.7910223367697593,0.7106164383561644,0.7534198321166738,0.31653112538448197,0.35018935799598694,0.042119599878787994
h64_wd0.01_s0,o4,7,0.0005,0.6213221048053942,0.6343930959701538,0.7974334192439863,0.7498287671232876,0.5424521924724809,0.22952983530595605,0.384061336517334,0.055078715085983276
h64_wd0.01_s0,o4,8,0.0005,0.6152605884953549,0.6231333613395691,0.8149269759450172,0.7393835616438356,0.8626032044280613,0.3136289028084537,0.41541433334350586,0.07726647704839706
h64_wd0.01_s0,o4,9,0.0005,0.619807453531968,0.636947751045227,0.8208440721649485,0.7164383561643837,0.7897292303943197,0.2521499842116186,0.4462025463581085,0.09270214289426804
h64_wd0.01_s0,o4,10,0.0005,0.6065510182004226,0.6230407357215881,0.8257087628865981,0.7511986301369862,1.1003369831018246,0.38545165155585814,0.4756796658039093,0.10322023183107376
h64_wd0.01_s0,o4,11,0.0005,0.5752592776951037,0.6131259799003601,0.8389604810996564,0.7553082191780822,0.8662268332834961,0.3030818397640963,0.5036028027534485,0.1250622272491455
h64_wd0.01_s0,o4,12,0.0005,0.5921750100035417,0.6101536750793457,0.8464561855670104,0.7611301369863014,1.0290941373348268,0.3236950295891421,0.5273422002792358,0.14452974498271942
h64_wd0.01_s0,o4,13,0.0005,0.5686361585792742,0.6286961436271667,0.8544136597938145,0.7301369863013699,1.1514837937021325,0.3118485875194533,0.5525726675987244,0.16227857768535614
h64_wd0.01_s0,o4,14,0.0005,0.5318075136134499,0.6092586517333984,0.8668384879725086,0.7457191780821918,0.8888046118211083,0.23825023329654052,0.5750189423561096,0.18975962698459625
h64_wd0.01_s0,o4,15,0.0005,0.5240659447092759,0.6082887649536133,0.8791881443298969,0.7416095890410959,1.1007521673338456,0.2733976007995048,0.5972825884819031,0.2276913970708847
h64_wd0.01_s0,o4,16,0.0005,0.510185685596968,0.6126353740692139,0.8832366838487973,0.7537671232876713,1.1858578744112542,0.2811300544797757,0.6186509728431702,0.25670480728149414
h64_wd0.01_s0,o4,17,0.0005,0.48930225874248306,0.606536865234375,0.896069587628866,0.748458904109589,1.1965730729183672,0.23733057005440705,0.6361446380615234,0.2821637690067291
h64_wd0.01_s0,o4,18,0.0005,0.48086837404652644,0.6115806102752686,0.9001073883161511,0.7443493150684931,1.2660572846501026,0.2307829065020476,0.6555484533309937,0.31656965613365173
h64_wd0.01_s0,o4,19,0.0005,0.4818972992269616,0.616447389125824,0.9115549828178695,0.7481164383561644,1.472587183150882,0.2508105659217776,0.6757217645645142,0.3469246029853821
h64_wd0.01_s0,o4,20,0.0005,0.4352990686893463,0.6261862516403198,0.9118878865979381,0.7556506849315069,1.2885418523167167,0.19763771143488618,0.693838357925415,0.37962982058525085
h64_wd0.01_s0,o4,21,0.0005,0.47410925281675237,0.6144395470619202,0.9239368556701031,0.7499999999999999,2.1865870086734587,0.29848628670361504,0.7109817862510681,0.40486398339271545
h64_wd0.01_s0,o4,22,0.0005,0.4718296025928698,0.6112900376319885,0.9248389175257732,0.7525684931506849,1.8975599346856342,0.26412828150218176,0.7301871180534363,0.41625937819480896
h64_wd0.01_s0,o4,23,0.0005,0.4361131097141065,0.6300253868103027,0.9300150343642613,0.7496575342465754,1.6936071188537558,0.29104899000770507,0.7455039024353027,0.4339311420917511
h64_wd0.01_s0,o4,24,0.0005,0.4359622519267233,0.6237901449203491,0.9372422680412371,0.7489726027397261,1.8288973524046497,0.266171428357782,0.7611529231071472,0.45163509249687195
h64_wd0.01_s0,o4,25,0.0005,0.4224763543982255,0.6742848753929138,0.9406464776632304,0.7424657534246575,1.7548397240810307,0.20773345258279843,0.7755577564239502,0.467626690864563
h64_wd0.01_s0,o4,26,0.0005,0.41894087352250753,0.6633077263832092,0.9429768041237113,0.745890410958904,1.8848924645820966,0.22601994792073626,0.7903956174850464,0.4878499209880829
h64_wd0.01_s0,o4,27,0.0005,0.36825213306828547,0.6461634635925293,0.9525558419243987,0.7482876712328766,1.488102408322316,0.16250362483208214,0.8047736883163452,0.5215038061141968
h64_wd0.01_s0,o4,28,0.0005,0.37930976717095627,0.6384076476097107,0.9550257731958763,0.7493150684931507,1.9470839057758849,0.22673498535137843,0.8183739185333252,0.5431579947471619
h64_wd0.01_s0,o4,29,0.0005,0.38406261644865336,0.7178372144699097,0.9598582474226804,0.7476027397260275,2.2333249088728913,0.21129208049653012,0.8312493562698364,0.5696093440055847
h64_wd0.01_s0,o4,30,0.0005,0.368894772310006,0.6906805038452148,0.9614046391752578,0.7412671232876711,2.1145178924996997,0.2012768492388985,0.8448821902275085,0.5900960564613342
h64_wd0.01_s0,o4,31,0.0005,0.3549754431373195,0.6732128262519836,0.966419673539519,0.7263698630136985,2.1739885329917445,0.20188395259304917,0.8598009347915649,0.6167353987693787
h64_wd0.01_s0,o4,32,0.0005,0.3451860021603735,0.7386382818222046,0.9592783505154641,0.7428082191780822,1.6530692920633625,0.1610201659511186,0.8739186525344849,0.6477453112602234
h64_wd0.01_s0,l0,1,0.0005,0.6947653397269871,0.6747156977653503,0.7442185533210386,0.7091393490096143,0.6565909989667899,0.2746389351221987,0.22002242505550385,0.0302381981164217
h64_wd0.01_s0,l0,2,0.0005,0.6783383877381034,0.6652451753616333,0.7541641052662392,0.7116877099501911,0.6951034536542212,0.35949403564008975,0.2694392800331116,0.03761158138513565
h64_wd0.01_s0,l0,3,0.0005,0.6704972826916239,0.6510884165763855,0.7679444395655864,0.7181744468898412,0.7181875336204011,0.3568041845418747,0.30039849877357483,0.040558114647865295
h64_wd0.01_s0,l0,4,0.0005,0.6428432257279105,0.639041543006897,0.77589941746436,0.7202594694775859,0.6256678311796976,0.28806641082145357,0.34091171622276306,0.0424080528318882
h64_wd0.01_s0,l0,5,0.0005,0.6341381202573362,0.6282546520233154,0.796229618570885,0.7253561913587396,0.7282367183659729,0.32135720697408543,0.38711443543434143,0.05807546526193619
h64_wd0.01_s0,l0,6,0.0005,0.6075374561807384,0.6323480606079102,0.8090805304294372,0.7320745974748059,0.767763977123832,0.3114064339132824,0.433521032333374,0.07677223533391953
h64_wd0.01_s0,l0,7,0.0005,0.5952074657315793,0.6041668057441711,0.8305889757325604,0.7372871539441677,0.9315190053638477,0.35066170201629066,0.4758867621421814,0.10125907510519028
h64_wd0.01_s0,l0,8,0.0005,0.5715473268343054,0.5999862551689148,0.8432057024091801,0.7382138306498319,0.9592480378402639,0.3119264641399914,0.5125885009765625,0.12459097057580948
h64_wd0.01_s0,l0,9,0.0005,0.5742148860641147,0.6065288782119751,0.8520169198793947,0.7386771690026642,1.1141675151993358,0.31846771509911737,0.5490211248397827,0.14463795721530914
h64_wd0.01_s0,l0,10,0.0005,0.549121063688527,0.6721736788749695,0.8557931559380579,0.7391405073554964,1.1105852906893536,0.2813048467581861,0.5892824530601501,0.17420890927314758
h64_wd0.01_s0,l0,11,0.0005,0.5409546520399011,0.6165728569030762,0.8720909809431808,0.744121394648442,1.2205870388846107,0.2991746281878832,0.6237244009971619,0.1997256577014923
h64_wd0.01_s0,l0,12,0.0005,0.5422379374504089,0.611838698387146,0.8875764760984748,0.7478281014710992,1.3310223791795983,0.31917091200615927,0.6523550748825073,0.22223152220249176
h64_wd0.01_s0,l0,13,0.0005,0.5310230151466702,0.6024186611175537,0.8888864494599104,0.7509556353527164,1.3567080113128156,0.2759002697428178,0.6799790263175964,0.23586072027683258
h64_wd0.01_s0,l0,14,0.0005,0.48337492217188294,0.6014038920402527,0.8929846901437312,0.7472489285300591,1.0680605262928213,0.22952716298464312,0.7052220106124878,0.26528239250183105
h64_wd0.01_s0,l0,15,0.0005,0.4862439891566401,0.5954263806343079,0.907482216562747,0.7478281014710992,1.4138974437198928,0.2738178406667769,0.7286062240600586,0.29542043805122375
h64_wd0.01_s0,l0,16,0.0005,0.47011065094367316,0.6200994849205017,0.9157884722344194,0.7463222518243948,1.5778376416669935,0.28834758262238724,0.7574523091316223,0.32017701864242554
h64_wd0.01_s0,l0,17,0.0005,0.4509777491507323,0.6186957359313965,0.9188548344603495,0.7489864473531798,1.290208381736269,0.20362727200390038,0.7902924418449402,0.34735915064811707
h64_wd0.01_s0,l0,18,0.0005,0.42461138574973395,0.616168200969696,0.9248338748865665,0.7499131240588439,1.298921028723563,0.2264691428953312,0.8110653162002563,0.38202667236328125
h64_wd0.01_s0,l0,19,0.0005,0.41619706542595575,0.6707347631454468,0.9379628816486636,0.738097996061624,1.6042599963451776,0.22061256472907026,0.8320677876472473,0.41652876138687134
h64_wd0.01_s0,l0,20,0.0005,0.42880999394085095,0.6180008053779602,0.9388703492286525,0.7475964322946832,1.7366144022291128,0.22738973815830715,0.8556835651397705,0.44912126660346985
h64_wd0.01_s0,l0,21,0.0005,0.39742538721665094,0.6189599633216858,0.9417683908550687,0.7391405073554964,1.4775297115291242,0.19773009454888643,0.8747468590736389,0.4832504987716675
h64_wd0.01_s0,l0,22,0.0005,0.4140481832234756,0.6621699333190918,0.9474986095254823,0.7448164021776903,1.9264602736264507,0.20711736437665895,0.8938794732093811,0.50925213098526
h64_wd0.01_s0,l0,23,0.0005,0.40641959594643634,0.6131631135940552,0.9510699335499546,0.747017259353643,2.0158344794115552,0.22017824883928522,0.9154714345932007,0.535629391670227
h64_wd0.01_s0,l0,24,0.0005,0.3589209013659021,0.6913176774978638,0.9547949416000702,0.7463222518243947,1.7289180939406557,0.1788154056231225,0.9358773827552795,0.5649106502532959
h64_wd0.01_s0,l0,25,0.0005,0.37263570790705475,0.6641318798065186,0.9577808026697111,0.7445847330012743,2.301672872835372,0.22131850701529202,0.9536867141723633,0.5910255908966064
h64_wd0.01_s0,l0,26,0.0005,0.3441359238780063,0.6696787476539612,0.9612350341032172,0.7407621915904089,2.127710199722638,0.18074271662476613,0.9704499840736389,0.6198939681053162
h64_wd0.01_s0,l0,27,0.0005,0.37927047066066577,0.6219751238822937,0.9629548315330348,0.747017259353643,1.9693104610516214,0.18521662289918647,0.9890381693840027,0.649168848991394
h64_wd0.01_s0,l0,28,0.0005,0.3430024761220683,0.6656574010848999,0.9703316647639122,0.7263987026526121,1.8042880690487626,0.16397819724541876,1.0057734251022339,0.6846418976783752
h64_wd0.01_s0,l0,29,0.0005,0.3254774102698202,0.6643095016479492,0.9720807353414713,0.741109695355033,2.1071626277994078,0.18005957185524796,1.0226224660873413,0.7209290266036987
h64_wd0.01_s0,l0,30,0.0005,0.32268052515776263,0.7095435261726379,0.9699072041216592,0.7369396501795435,2.1539768965899695,0.17976421270648807,1.0407065153121948,0.7508447766304016
h64_wd0.01_s0,l0,31,0.0005,0.3115051550709683,0.7131490111351013,0.9724246948274349,0.7336962817097185,2.2531662797111722,0.16729475429507043,1.0578161478042603,0.7854119539260864
h64_wd0.01_s0,l0,32,0.0005,0.3508052890715392,0.7048845291137695,0.9793843857029947,0.7402988532375767,2.837044394458412,0.21063297793512395,1.076558232307434,0.7980185151100159
h64_wd0.01_s0,l0,33,0.0005,0.2931072174207024,0.7168669104576111,0.976252158894646,0.7268620410054443,2.061798339212928,0.14118315284689584,1.0925440788269043,0.8269888162612915
h64_wd0.01_s0,l1,1,0.0005,0.6957854732223179,0.6943153738975525,0.5911297852474323,0.6063976152258657,0.6141209708979243,0.24028316644904665,0.20977991819381714,0.026697181165218353
h64_wd0.01_s0,l1,2,0.0005,0.6887150355007338,0.675112247467041,0.7481146304675717,0.686425131850493,0.6467202930051197,0.306765026609622,0.24726708233356476,0.03465937077999115
h64_wd0.01_s0,l1,3,0.0005,0.6710198988085208,0.6661532521247864,0.7391366803131509,0.6639532217381334,0.5151189255084226,0.23706086630422388,0.2794148921966553,0.029571710154414177
h64_wd0.01_s0,l1,4,0.0005,0.6580131598140883,0.6527853608131409,0.7678302090066795,0.6899793625315294,0.6479135937005086,0.2616825189524158,0.316528856754303,0.032712601125240326
h64_wd0.01_s0,l1,5,0.0005,0.646473008653392,0.6497665047645569,0.7858794799971272,0.7152029351066269,0.8213531073594839,0.37269039035806845,0.35957276821136475,0.04448400065302849
h64_wd0.01_s0,l1,6,0.0005,0.6237700607465662,0.6677680015563965,0.7570782159017454,0.6592524650309561,0.7834940590876399,0.329102852243042,0.396602064371109,0.057056330144405365
h64_wd0.01_s0,l1,7,0.0005,0.6153088212013245,0.6294460296630859,0.80483372836314,0.6997248337537262,0.937324074952386,0.37053947534450876,0.43348395824432373,0.07876097410917282
h64_wd0.01_s0,l1,8,0.0005,0.6162490844726562,0.6269420981407166,0.8232421173597645,0.7137124512726438,0.9498900996346962,0.32448778309996157,0.47060877084732056,0.09444969147443771
h64_wd0.01_s0,l1,9,0.0005,0.5861791748067607,0.615705668926239,0.8274653451124039,0.7224260490713139,0.9270774854299472,0.32159108794497504,0.5072466731071472,0.1255008578300476
h64_wd0.01_s0,l1,10,0.0005,0.5761626272097878,0.6271597146987915,0.8393593334769804,0.7146296720935565,0.944040958616653,0.25174505644167794,0.5383553504943848,0.141646146774292
h64_wd0.01_s0,l1,11,0.0005,0.5559301622535872,0.626589834690094,0.8495511024922789,0.7334326989222656,0.9472098828955806,0.2689409675409465,0.5673028826713562,0.1715182065963745
h64_wd0.01_s0,l1,12,0.0005,0.5492482703665028,0.6652999520301819,0.8556704733175321,0.7422609493235497,1.1437504420467872,0.2880241172410819,0.594409167766571,0.19217438995838165
h64_wd0.01_s0,l1,13,0.0005,0.551354090804639,0.6047872304916382,0.8703943115707821,0.732630130703967,1.4298337005262973,0.28951465990864417,0.6218968033790588,0.2081330567598343
h64_wd0.01_s0,l1,14,0.0005,0.5018528842407725,0.6062620282173157,0.8794728147669324,0.7361843613850035,1.0834489339233333,0.2703955934120431,0.6473953723907471,0.23991070687770844
h64_wd0.01_s0,l1,15,0.0005,0.4906831876091335,0.6525037884712219,0.882439129497953,0.7459298326072002,1.2387576817850008,0.23261428066487927,0.6730525493621826,0.2739259600639343
h64_wd0.01_s0,l1,16,0.0005,0.5199592489263286,0.6027897596359253,0.8927027221144869,0.7411144232974088,1.5258425132570448,0.284983967677514,0.6986000537872314,0.30043089389801025
h64_wd0.01_s0,l1,17,0.0005,0.4855206842007844,0.6238418221473694,0.89941104646987,0.7437514331575327,1.2986070185900147,0.21968499408067335,0.7211087346076965,0.32486483454704285
h64_wd0.01_s0,l1,18,0.0005,0.4566297570000524,0.6168214082717896,0.9138835021187963,0.7305663838569135,1.4199044527209606,0.23359635679447896,0.7428132891654968,0.36224645376205444
h64_wd0.01_s0,l1,19,0.0005,0.4593242134736932,0.62082439661026,0.9113696760755584,0.7427195597340059,1.458342837058943,0.21756091879652836,0.7639864087104797,0.3968709409236908
h64_wd0.01_s0,l1,20,0.0005,0.4304528560327447,0.6348477005958557,0.9176183293830353,0.7367576243980738,1.3660994375145326,0.18000613715061015,0.7834092974662781,0.42221736907958984
h64_wd0.01_s0,l1,21,0.0005,0.42069111051766767,0.6723629832267761,0.9264239028944912,0.7429488649392342,1.826451645603025,0.20205016053585997,0.8020685315132141,0.4477178454399109
h64_wd0.01_s0,l1,22,0.0005,0.420955505060113,0.637848973274231,0.9319040436687496,0.7317129098830543,1.7319240354284995,0.19673826290851845,0.8221407532691956,0.4730929732322693
h64_wd0.01_s0,l1,23,0.0005,0.3991128737511842,0.6982149481773376,0.9225597931480285,0.7249484063288236,1.6192333408288513,0.18903759113819985,0.8416637778282166,0.5106069445610046
h64_wd0.01_s0,l1,24,0.0005,0.4034909320914227,0.6349799036979675,0.94593837535014,0.7368722770006878,1.941572019284328,0.19475782771470596,0.8620976805686951,0.5402870178222656
h64_wd0.01_s0,l1,25,0.0005,0.39038788883582404,0.6476404666900635,0.954248366013072,0.7317129098830543,2.128192908273029,0.19603900859875426,0.8787726163864136,0.5718055367469788
h64_wd0.01_s0,l1,26,0.0005,0.36741837146489514,0.673463761806488,0.9511240393593334,0.7322861728961247,1.5164675788692732,0.1730862683109468,0.8948854804039001,0.6050965785980225
h64_wd0.01_s0,l1,27,0.0005,0.37399167664673016,0.6607205271720886,0.9624578036342741,0.7290759000229304,1.883923192214978,0.17085279953043617,0.9134634733200073,0.6346486806869507
h64_wd0.01_s0,l1,28,0.0005,0.3528783697149028,0.6929562091827393,0.960446742799684,0.7290759000229305,1.6663474521454702,0.14991569675257738,0.9308008551597595,0.6686684489250183
h64_wd0.01_s0,l1,29,0.0005,0.3507662486770879,0.7025060653686523,0.9657114127702363,0.7247191011235955,1.942948805499907,0.15949573627066507,0.9471510648727417,0.6998814940452576
h64_wd0.01_s0,l1,30,0.0005,0.32616398062395013,0.755307674407959,0.9685771744595275,0.7077505159367118,1.9608719219370092,0.15399970142589867,0.9643434882164001,0.738277018070221
h64_wd0.01_s0,l1,31,0.0005,0.3235756612342337,0.671893835067749,0.9651727357609712,0.738362760834671,1.8723713088308167,0.15489125427894496,0.9817108511924744,0.7791299223899841
h64_wd0.01_s0,l1,32,0.0005,0.32397805931775464,0.7484068274497986,0.966415284062343,0.7368722770006879,2.093506898691991,0.129843743187102,0.9954639673233032,0.8095403909683228
h64_wd0.01_s0,l1,33,0.0005,0.3471525304991266,0.6576224565505981,0.972534654887596,0.7314836046778261,2.5624413007840525,0.1612290910685568,1.0126237869262695,0.8419713377952576
h64_wd0.01_s0,l1,34,0.0005,0.31363190775332245,0.7274514436721802,0.9755440637793579,0.7350378353588626,2.1751500940453177,0.1528717736522305,1.0276705026626587,0.8845698833465576
h64_wd0.01_s0,l1,35,0.0005,0.35318699543890747,0.7842867374420166,0.9736766501472385,0.7366429717954598,3.0690388406413582,0.17270991219981688,1.0439010858535767,0.9096868634223938
h64_wd0.01_s0,l2,1,0.0005,0.7138327062129974,0.708562433719635,0.5321892336767664,0.6186327888687235,0.7254341512499525,0.3445111362478871,0.2018023133277893,0.03685883432626724
h64_wd0.01_s0,l2,2,0.0005,0.7008229033513502,0.6866663694381714,0.7430500518197891,0.7076830006049606,0.45756610851043555,0.2538529790358996,0.24291494488716125,0.06802725791931152
h64_wd0.01_s0,l2,3,0.0005,0.6847455393184315,0.6886074542999268,0.6749832347741267,0.5949183303085299,0.29629686737947636,0.15513842189355279,0.2599567174911499,0.07167668640613556
h64_wd0.01_s0,l2,4,0.0005,0.6825996258042075,0.6780856847763062,0.7610574285191734,0.728735632183908,0.3679135683099959,0.20804112544420406,0.2765960395336151,0.06564224511384964
h64_wd0.01_s0,l2,5,0.0005,0.6668178899721666,0.6693706512451172,0.7508458818508809,0.705989110707804,0.3852989797638525,0.1976252504240477,0.296979159116745,0.05533497780561447
h64_wd0.01_s0,l2,6,0.0005,0.6606764928861097,0.6563881635665894,0.7700573065902578,0.744464609800363,0.40476279313415536,0.1605437821783407,0.3201039731502533,0.06078736484050751
h64_wd0.01_s0,l2,7,0.0005,0.6584612862630324,0.6426188945770264,0.775003048222886,0.7442226255293406,0.515623618957566,0.17307914086422174,0.34313106536865234,0.07450927048921585
h64_wd0.01_s0,l2,8,0.0005,0.6356962296095762,0.6360646486282349,0.7870359080655978,0.7439806412583183,0.4887162034690109,0.17021735320851863,0.36646130681037903,0.10294181853532791
h64_wd0.01_s0,l2,9,0.0005,0.6247828629883853,0.6138224005699158,0.7923779186734133,0.7699939503932245,0.702182748174802,0.21874877068770157,0.39279359579086304,0.14036649465560913
h64_wd0.01_s0,l2,10,0.0005,0.6108475381677801,0.6245248913764954,0.8018731329634823,0.7731397459165155,0.6573330733183845,0.18327578512100295,0.41679251194000244,0.17355088889598846
h64_wd0.01_s0,l2,11,0.0005,0.6074288975108754,0.5970345139503479,0.8080838870938244,0.7799153055051422,0.7369460575000351,0.18409982052346316,0.43887782096862793,0.2091505080461502
h64_wd0.01_s0,l2,12,0.0005,0.5956785028631036,0.6197582483291626,0.8183182954337621,0.7599516031457956,0.8152319581710366,0.17796067931759835,0.4586050808429718,0.2423575222492218
h64_wd0.01_s0,l2,13,0.0005,0.5972634174607017,0.6255472302436829,0.8196518929464123,0.7751966122202057,0.9956128548100378,0.2042196623487688,0.4783153533935547,0.2676253020763397
h64_wd0.01_s0,l2,14,0.0005,0.6077605065974322,0.5879473090171814,0.8360818143022618,0.7716878402903812,1.0220841023549485,0.19613943184710833,0.49781811237335205,0.285596638917923
h64_wd0.01_s0,l2,15,0.0005,0.5795176760716871,0.582175612449646,0.8420334694872889,0.7771324863883847,0.9709028039620615,0.1880346229365872,0.5200594663619995,0.3111010789871216
h64_wd0.01_s0,l2,16,0.0005,0.5593939017165791,0.5927528142929077,0.8562686703651771,0.7831820931639444,0.9398470543877607,0.16939899815829554,0.5357601046562195,0.348452091217041
h64_wd0.01_s0,l2,17,0.0005,0.5519439252940092,0.5687751173973083,0.8551255867829055,0.7845130066545675,1.0849599635490828,0.15829884995129,0.550841212272644,0.3860158324241638
h64_wd0.01_s0,l2,18,0.0005,0.5653501708399166,0.5737942457199097,0.8711439980491373,0.7879007864488808,1.2935194265792391,0.17588575448444085,0.5657669305801392,0.4174043834209442
h64_wd0.01_s0,l2,19,0.0005,0.536163254217668,0.5551280975341797,0.8678214351033346,0.7865698729582578,1.2419195592117434,0.16074904404599463,0.5780483484268188,0.4469139277935028
h64_wd0.01_s0,l2,20,0.0005,0.5099740028381348,0.5585275888442993,0.8818508809364141,0.7883847549909256,0.901369061865951,0.13024809151072061,0.5897972583770752,0.4803152084350586
h64_wd0.01_s0,l2,21,0.0005,0.5032984018325806,0.5576307773590088,0.8834664390660245,0.7875378100423472,1.3025950348349349,0.15400203621643851,0.6024593114852905,0.5225285291671753
h64_wd0.01_s0,l2,22,0.0005,0.4870932942087,0.5474968552589417,0.8889379991464976,0.7917725347852389,1.291475949142875,0.14528962095290757,0.6137368679046631,0.5589338541030884
h64_wd0.01_s0,l2,23,0.0005,0.48291096633130853,0.5622997879981995,0.8936398829482413,0.786206896551724,1.3425310734832492,0.1463420223611634,0.6268919706344604,0.5983824133872986
h64_wd0.01_s0,l2,24,0.0005,0.47403936900875787,0.5764939188957214,0.900315491068707,0.779189352692075,1.4463689105423783,0.15149419848938234,0.6388100385665894,0.6287218332290649
h64_wd0.01_s0,l2,25,0.0005,0.4664642282507636,0.5465651154518127,0.9123102481253429,0.7882637628554143,1.7687334884195685,0.15537731196035784,0.6506755948066711,0.6623618006706238
h64_wd0.01_s0,l2,26,0.0005,0.45657616040923377,0.5451022386550903,0.9164977443150643,0.7900786448880823,1.5022145116892647,0.13537892825916192,0.6627379655838013,0.7027994990348816
h64_wd0.01_s0,l2,27,0.0005,0.4403063248504292,0.5800500512123108,0.9181704566237883,0.7906836055656383,1.628972586577514,0.12378807683725156,0.6752914786338806,0.7421848177909851
h64_wd0.01_s0,l2,28,0.0005,0.4563316675749692,0.570615828037262,0.9268350301774065,0.7839080459770115,1.8142344848000285,0.14416619606418812,0.6879283785820007,0.7712274193763733
h64_wd0.01_s0,l2,29,0.0005,0.43556286936456506,0.5480584502220154,0.9337240138998963,0.7879007864488808,1.8320670294900787,0.14238188124960915,0.7024067044258118,0.8096802830696106
h64_wd0.01_s0,l2,30,0.0005,0.4244357388127934,0.5545487999916077,0.9423352435530086,0.7872958257713248,1.9954916625341803,0.14731788032200982,0.7150790691375732,0.856351375579834
h64_wd0.01_s0,l2,31,0.0005,0.3978593064980073,0.5471346974372864,0.9415198439309882,0.7938294010889292,1.9296789424945666,0.12840511634157453,0.7245904803276062,0.8974016904830933
h64_wd0.01_s0,l2,32,0.0005,0.4091506830670617,0.5457755923271179,0.9401557641894775,0.7840895341802783,2.0359515163014428,0.1155565428570222,0.733750581741333,0.9401014447212219
h64_wd0.01_s0,l2,33,0.0005,0.4201056848872792,0.5922420024871826,0.9442556239712248,0.7900786448880823,2.081130568748628,0.12331776989971624,0.7435504198074341,0.982504665851593
h64_wd0.01_s0,l2,34,0.0005,0.4153891856020147,0.5604439377784729,0.9567304761324148,0.7869328493647912,2.6399045853320584,0.1408025189358321,0.7531639337539673,1.0174769163131714
h64_wd0.01_s0,l2,35,0.0005,0.39973976937207306,0.569774329662323,0.9589899713467048,0.7799758015728977,2.268492735050469,0.11807064259436834,0.7628598213195801,1.0496855974197388
h64_wd0.01_s0,l2,36,0.0005,0.3799724876880646,0.585900068283081,0.9622706212278243,0.784271022383545,2.2656511255973943,0.12517768796832549,0.7711538076400757,1.0903736352920532
h64_wd0.01_s0,l2,37,0.0005,0.374085090377114,0.5754807591438293,0.9537813204901543,0.7811252268602541,2.102186602905379,0.100766831085951,0.7796233296394348,1.129001259803772
h64_wd0.01_s0,l2,38,0.0005,0.367207985710014,0.5965980887413025,0.9575687374260806,0.7879007864488808,2.7247954346246157,0.1348633029433663,0.7875767946243286,1.1590365171432495
h64_wd0.01_s0,l2,39,0.0005,0.3683164715766907,0.5545633435249329,0.9678412485520942,0.7850574712643679,2.3849646198446868,0.10889651638275812,0.7949990034103394,1.186659574508667
h64_wd0.01_s0,l2,40,0.0005,0.3318266109986739,0.6063849329948425,0.9636575626409803,0.7745916515426498,2.2228156249192783,0.1082846252025324,0.8029569983482361,1.2248040437698364
h64_wd0.01_s0,l2,41,0.0005,0.3426748737692833,0.6354272961616516,0.9623239651283303,0.7820931639443436,2.4172095943558443,0.11853467383325605,0.810764729976654,1.2592498064041138
h64_wd0.01_s0,l2,42,0.0005,0.33172382482073526,0.5880230665206909,0.9705198744132171,0.7847549909255899,2.5089903219146383,0.09036725967047093,0.8195890784263611,1.2826809883117676
h64_wd0.01_s0,l2,43,0.0005,0.30136958238753403,0.6095790863037109,0.9706379930500518,0.7799153055051421,2.3232928875720504,0.09988233474304274,0.8279023766517639,1.3204683065414429
h64_wd0.01_s0,l2,44,0.0005,0.2861789878119122,0.6625973582267761,0.976490580991282,0.7657592256503327,2.5187044758717914,0.10443993006035988,0.8363736867904663,1.3614145517349243
h64_wd0.01_s0,l2,45,0.0005,0.3517911989580501,0.6185622811317444,0.9750426751204048,0.7888687235329703,3.09763001605682,0.11470932400374033,0.8483361601829529,1.3918806314468384
h64_wd0.01_s0,l2,46,0.0005,0.31164841692556033,0.6163179278373718,0.9787005425836737,0.7859649122807018,2.7979123414372378,0.10454080449650208,0.8564595580101013,1.4243149757385254
h64_wd0.01_s0,l2,47,0.0005,0.3881117261268876,0.7361035943031311,0.9715448393586539,0.7396249243799152,4.034388384707535,0.13233559084302005,0.8633738160133362,1.4482825994491577
h64_wd0.01_s0,l2,48,0.0005,0.4237374405969273,0.5683553218841553,0.9484850332256294,0.7803992740471869,3.414736569523846,0.12495224782381936,0.8735601902008057,1.4457381963729858
h64_wd0.01_s0,l2,49,0.0005,0.3752393993464383,0.6615594625473022,0.9645339267207218,0.76854204476709,2.465750526296345,0.08885378251843906,0.8843890428543091,1.46707022190094
h64_wd0.01_s0,l2,50,0.0005,0.362032760950652,0.6465479135513306,0.9811124489422667,0.7680580762250454,2.8192751359823855,0.09654737850138742,0.8926078677177429,1.4957331418991089
h64_wd0.01_s0,l2,51,0.0005,0.33039116249843076,0.6885820031166077,0.977264067548619,0.7650332728372656,3.07871870413875,0.11197009622953463,0.9016523957252502,1.5284067392349243
h64_wd0.01_s0,l3,1,0.0005,0.6904804421507794,0.6825764179229736,0.7122847352389878,0.6133441445615662,0.6024483143704723,0.25775126516621977,0.21463915705680847,0.02249257080256939
h64_wd0.01_s0,l3,2,0.0005,0.6706934389860734,0.6770479083061218,0.7262403350515464,0.625043437970578,0.7116406389930898,0.39785927534851984,0.27928733825683594,0.023412633687257767
h64_wd0.01_s0,l3,3,0.0005,0.6655938703080883,0.6660902500152588,0.7646585051546392,0.6610679949032782,0.7103669163367157,0.4170806564792583,0.3227875232696533,0.025518663227558136
h64_wd0.01_s0,l3,4,0.0005,0.6496079123538473,0.6591016054153442,0.7660130623242737,0.6538862504343798,0.7182512512522713,0.37222757121823813,0.3625401556491852,0.03554174676537514
h64_wd0.01_s0,l3,5,0.0005,0.6251951300579569,0.6485067009925842,0.7924086223055296,0.6704505965481293,0.6948205397939397,0.3339738166787619,0.4064251780509949,0.05293683335185051
h64_wd0.01_s0,l3,6,0.0005,0.5962793243967969,0.6443490386009216,0.8073600046860356,0.6809915440750609,0.7708703837953901,0.3499074989230611,0.4592774212360382,0.08102940768003464
h64_wd0.01_s0,l3,7,0.0005,0.5839889917684637,0.6532455086708069,0.8214473992502344,0.684814085485926,1.0222509517355518,0.4526883824020992,0.49802714586257935,0.10808882117271423
h64_wd0.01_s0,l3,8,0.0005,0.5655315025993015,0.6296381950378418,0.8402135074976571,0.6970925518359783,0.9674885919561417,0.3605354572642197,0.5360665321350098,0.13197439908981323
h64_wd0.01_s0,l3,9,0.0005,0.5609700861184493,0.6298086643218994,0.8579691893158388,0.7067068226572455,1.0407240309965835,0.31377344710201516,0.5683320760726929,0.15737827122211456
h64_wd0.01_s0,l3,10,0.0005,0.5392295083274012,0.63694167137146,0.864837160262418,0.7087918452449902,1.0889775679820917,0.28788679989525695,0.6031790375709534,0.18835873901844025
h64_wd0.01_s0,l3,11,0.0005,0.524832080239835,0.6376457810401917,0.8757688027179006,0.7135410633615198,1.1501587802109876,0.3330250499874591,0.6345162987709045,0.21472612023353577
h64_wd0.01_s0,l3,12,0.0005,0.5198919591696366,0.6262832283973694,0.8849431818181818,0.711456040773775,1.2105585416643154,0.25937313964309455,0.6618768572807312,0.23814381659030914
h64_wd0.01_s0,l3,13,0.0005,0.49483937802522077,0.6273608207702637,0.8919209817244611,0.7150469130082242,1.3204157814246755,0.325206735158053,0.6889994144439697,0.2702346444129944
h64_wd0.01_s0,l3,14,0.0005,0.4865372051363406,0.6332457065582275,0.8984521438612934,0.7237345071238271,1.1931333260444144,0.24564965286720392,0.7136386632919312,0.29502907395362854
h64_wd0.01_s0,l3,15,0.0005,0.49580510543740314,0.6043071746826172,0.9095009372071228,0.7240820108884513,1.9695135936448431,0.36376267180108574,0.7362740635871887,0.3120095133781433
h64_wd0.01_s0,l3,16,0.0005,0.5003910971724469,0.6646506786346436,0.904705072633552,0.7137727325379358,1.6754726934946325,0.3164140674201845,0.7640723586082458,0.32699069380760193
h64_wd0.01_s0,l3,17,0.0005,0.4695683899133102,0.6189466714859009,0.9156660028116214,0.7237345071238271,1.4093505585795192,0.3194190084850134,0.7878406643867493,0.3464391827583313
h64_wd0.01_s0,l3,18,0.0005,0.43332256700681604,0.6792029142379761,0.9166764292408622,0.7209544770068342,1.366574459317112,0.26579836014312225,0.8080528378486633,0.3854677081108093
h64_wd0.01_s0,l3,19,0.0005,0.4512241366116897,0.6485320329666138,0.9255579311152765,0.717479439360593,1.757045018710587,0.29718549244175163,0.8300628662109375,0.41282784938812256
h64_wd0.01_s0,l3,20,0.0005,0.4263253432253133,0.6383754014968872,0.9282011480787253,0.723155334182787,1.497721865784595,0.23935782002184378,0.848323404788971,0.4437817633152008
h64_wd0.01_s0,l3,21,0.0005,0.39412278390449024,0.710852324962616,0.9320890932521088,0.7263987026526121,1.4347297440192972,0.20327702685247515,0.8665624260902405,0.4742472469806671
h64_wd0.01_s0,l3,22,0.0005,0.3959126699229945,0.6790258288383484,0.9450562324273664,0.7157419205374725,1.7623804172410886,0.22454074298589474,0.8849449753761292,0.5017130374908447
h64_wd0.01_s0,l3,23,0.0005,0.39018216470013495,0.6768978238105774,0.9467109887535146,0.7230394995945789,1.9476512453148964,0.21978281031188088,0.9022195339202881,0.5282608866691589
h64_wd0.01_s0,l3,24,0.0005,0.38009951684785925,0.675651490688324,0.955072633552015,0.7179427777134253,1.9736436838168536,0.185784377660174,0.9186135530471802,0.5511035323143005
h64_wd0.01_s0,l3,25,0.0005,0.35954132157823315,0.6882539391517639,0.9566981021555764,0.7225761612417468,1.8982377302934967,0.20516484640457125,0.936046302318573,0.5808336734771729
h64_wd0.01_s0,l3,26,0.0005,0.32252984655940015,0.7346345782279968,0.9591948805060918,0.7217653191242904,1.867059574337445,0.1689398065375071,0.9516374468803406,0.6140470504760742
h64_wd0.01_s0,l3,27,0.0005,0.33726983873740485,0.7201724052429199,0.9639687792877225,0.7261670334761959,1.8866957866095604,0.21576479918769004,0.9681828618049622,0.6430885791778564
h64_wd0.01_s0,l3,28,0.0005,0.3522746524085169,0.7028841972351074,0.9668609418931584,0.7187536198308815,2.4775015322755665,0.2174747429066068,0.9843806624412537,0.6664526462554932
h64_wd0.01_s0,l3,29,0.0005,0.40116463601589203,0.7243196368217468,0.9592022024367385,0.734970462180007,2.7550299974820978,0.29869011288226616,1.0035791397094727,0.6649845838546753
h64_wd0.01_s0,l3,30,0.0005,0.36719194378541864,0.6774032711982727,0.973004041705717,0.7188694544190896,2.3910783529953115,0.24427116447241737,1.0180929899215698,0.6724711060523987
h64_wd0.01_s0,l3,31,0.0005,0.32057166229123657,0.7452455759048462,0.9758156630740393,0.7152785821846404,2.112159118005516,0.20368513734828203,1.0326513051986694,0.706558883190155
h64_wd0.01_s0,l3,32,0.0005,0.33842499618944916,0.7172217965126038,0.9783344072164949,0.716900266419553,2.328404250399634,0.1923652956871178,1.0484815835952759,0.7353626489639282
h64_wd0.01_s0,l3,33,0.0005,0.3379544408425041,0.6950945258140564,0.9677761832239926,0.7207228078304182,2.0514286794290246,0.16170282643451592,1.0640302896499634,0.7646589279174805
h64_wd0.01_s0,l3,34,0.0005,0.3165581906619279,0.6989800333976746,0.9773313027179007,0.7232711687709951,2.1432725934434966,0.18776137186435243,1.0775625705718994,0.8011497855186462
h64_wd0.01_s0,l3,35,0.0005,0.2922928696093352,0.7271260619163513,0.9829911551077788,0.7237345071238273,2.26901466034472,0.17133912107833857,1.0916694402694702,0.8388738036155701
h64_wd0.01_s0,l3,36,0.0005,0.28426928494287573,0.6900817155838013,0.9765625,0.72060697324221,1.994078361288627,0.15205075886018798,1.1058562994003296,0.8738784193992615
h64_wd0.01_s0,l3,37,0.0005,0.2791909892921862,0.7436535954475403,0.9847630623242737,0.7186377852426735,1.9737551420165986,0.1467947288300674,1.1183443069458008,0.9122881293296814
h64_wd0.01_s0,l3,38,0.0005,0.29025651384954865,0.7623356580734253,0.9883947399250235,0.7126143866558554,2.632594063025921,0.1769992485083466,1.1313464641571045,0.9409471154212952
h64_wd0.01_s0,l3,39,0.0005,0.3042359818582949,0.7830023169517517,0.9870767924086223,0.7173636047723849,2.824166794783905,0.16872557808013228,1.1465566158294678,0.962432861328125
h64_wd0.01_s0,l3,40,0.0005,0.22606991458198297,0.8328397870063782,0.9869523195876289,0.7129618904204795,2.1124526121930303,0.13643420282648627,1.1594083309173584,0.9921301603317261
h64_wd0.01_s0,l3,41,0.0005,0.22659552615621817,0.7937044501304626,0.9924218017806936,0.708444341480366,2.366021917006918,0.13371297242128377,1.1703591346740723,1.02578604221344
h64_wd0.01_s0,l3,42,0.0005,0.27838048338890076,0.8078816533088684,0.9891342549203375,0.7251245221823236,3.311107235379595,0.17972610099294714,1.1854101419448853,1.0461905002593994
h64_wd0.01_s0,l3,43,0.0005,0.23932379257419836,0.8592059016227722,0.9892147961574508,0.7210703115950423,2.466710655747128,0.13210367552076785,1.198193073272705,1.0652636289596558
h64_wd0.01_s0,l3,44,0.0005,0.2312386709710826,0.8347431421279907,0.9901153936269916,0.7160894243020965,2.0942644137306656,0.11593704710429018,1.2094558477401733,1.1011170148849487
h64_wd0.01_s0,l3,45,0.0005,0.22196100846580838,0.8390352129936218,0.9946110590440487,0.7118035445383992,2.60594506141939,0.12583844954378567,1.2209490537643433,1.1310453414916992
h64_wd0.01_s0,l3,46,0.0005,0.2663430325362993,0.8859979510307312,0.9919458762886597,0.7156260859492645,3.8422634829722626,0.17943505015874522,1.2329847812652588,1.1504355669021606
h64_wd0.01_s0,l3,47,0.0005,0.24348129526428555,0.8976007103919983,0.992992912371134,0.7222286574771227,3.0842096506367573,0.1452204667194305,1.249135136604309,1.1637367010116577
h64_wd0.01_s0,l3,48,0.0005,0.19499740879172864,0.9651366472244263,0.9944280107778818,0.7099501911270706,2.2228635039368068,0.10989875154619537,1.2588226795196533,1.1935148239135742
h64_wd0.01_s0,l3,49,0.0005,0.18504850372024204,0.8650262355804443,0.9987259840674789,0.7033476195992122,2.1381396185447015,0.09632879599676894,1.2666540145874023,1.226854920387268
h64_wd0.01_s0,l4,1,0.0005,0.711935994417771,0.6941898465156555,0.5800633285984849,0.5156982193064668,0.6276914903817085,0.26286416320377776,0.20805132389068604,0.039593666791915894
h64_wd0.01_s0,l4,2,0.0005,0.6873288957969003,0.6864622235298157,0.7495043205492424,0.6824039362699157,0.3182272121096173,0.1564751982377209,0.2388244867324829,0.04675106331706047
h64_wd0.01_s0,l4,3,0.0005,0.6785891626192175,0.6785120964050293,0.7554154829545455,0.6969306466729148,0.36898076432876925,0.1721012248478733,0.2595904469490051,0.04572458565235138
h64_wd0.01_s0,l4,4,0.0005,0.6716966162557187,0.6728810667991638,0.7291888612689394,0.684746954076851,0.398925224352245,0.1783986344023459,0.2809169292449951,0.05405262112617493
h64_wd0.01_s0,l4,5,0.0005,0.6565945796344591,0.6585536003112793,0.756103515625,0.698336457357076,0.4920387504846389,0.1977529877027947,0.3100143373012543,0.08094070851802826
h64_wd0.01_s0,l4,6,0.0005,0.6511247365371041,0.6549807190895081,0.7647668087121212,0.6961105904404873,0.6133950689946602,0.20176968246630694,0.33814865350723267,0.10488612949848175
h64_wd0.01_s0,l4,7,0.0005,0.6272854934567991,0.6435982584953308,0.7892178622159092,0.7055998125585754,0.5290953945664585,0.1587382218227799,0.3624613583087921,0.14588721096515656
h64_wd0.01_s0,l4,8,0.0005,0.6284683709559233,0.6430625915527344,0.7955137310606062,0.7176663542642925,0.7607685774944051,0.21521162836826846,0.38329803943634033,0.17443425953388214
h64_wd0.01_s0,l4,9,0.0005,0.6214796602725983,0.6362555623054504,0.8166799834280303,0.7138003748828491,0.8082146452026714,0.23094911035026958,0.40373465418815613,0.20029613375663757
h64_wd0.01_s0,l4,10,0.0005,0.6046127314152925,0.6225438714027405,0.8179968631628789,0.7229381443298969,0.760852079092465,0.16434285973834742,0.4225623607635498,0.23591382801532745
h64_wd0.01_s0,l4,11,0.0005,0.5935554154541182,0.6490297913551331,0.81884765625,0.7082942830365511,0.9712807818678758,0.17621214010902592,0.4382646679878235,0.2652661204338074
h64_wd0.01_s0,l4,12,0.0005,0.5798344650994176,0.6330470442771912,0.8433726917613638,0.7191893158388004,1.0175648505071089,0.21302645312929464,0.45711538195610046,0.30012306571006775
h64_wd0.01_s0,l4,13,0.0005,0.5658158556274746,0.6093499064445496,0.8560162168560608,0.726921274601687,1.119263905319905,0.1888210391334612,0.474344402551651,0.3410661518573761
h64_wd0.01_s0,l4,14,0.0005,0.5263270645037942,0.6050041317939758,0.8612393465909091,0.7320759137769447,0.9729024573615609,0.18370488646165384,0.4886476397514343,0.38707560300827026
h64_wd0.01_s0,l4,15,0.0005,0.534179819666821,0.6056694388389587,0.8845510771780303,0.7305529522024367,1.1789729337583386,0.17056036274781852,0.503556489944458,0.43207135796546936
h64_wd0.01_s0,l4,16,0.0005,0.5302631932756176,0.6243688464164734,0.8845066879734849,0.7323102155576382,1.120588236238834,0.17265620474435872,0.5200270414352417,0.483869343996048
h64_wd0.01_s0,l4,17,0.0005,0.518207320700521,0.6371694803237915,0.8884499289772727,0.7287956888472352,1.5097862344372412,0.1617715437069913,0.5359595417976379,0.5320358872413635
h64_wd0.01_s0,l4,18,0.0005,0.520330847605415,0.602467954158783,0.896033084753788,0.7314901593252109,1.5953570673326758,0.20369601047292957,0.5522624850273132,0.5611730813980103
h64_wd0.01_s0,l4,19,0.0005,0.4948139514612115,0.6226902008056641,0.9126975319602273,0.721883786316776,1.7084798159086017,0.16895961408929286,0.5655648708343506,0.5961098074913025
h64_wd0.01_s0,l4,20,0.0005,0.4878346894098365,0.6033334136009216,0.9100896661931819,0.7299671977507028,1.5731370509123381,0.15258292842329277,0.5797432661056519,0.634634792804718
h64_wd0.01_s0,l4,21,0.0005,0.4672461255736973,0.6131176352500916,0.9185310132575757,0.7276241799437675,1.2810604788656703,0.14005731744326622,0.5928958654403687,0.6831113696098328
h64_wd0.01_s0,l4,22,0.0005,0.46845587569734326,0.6122204065322876,0.9176432291666667,0.7316073102155577,1.7687879507287394,0.13077279040560597,0.6084724068641663,0.7190117239952087
h64_wd0.01_s0,l4,23,0.0005,0.4797814034897348,0.6209295988082886,0.9253151633522728,0.7266869728209934,2.0823465018758087,0.1823473850156965,0.62053382396698,0.7450886368751526
h64_wd0.01_s0,l4,24,0.0005,0.45098683885906055,0.6322066187858582,0.9240352746212119,0.7279756326148078,1.8770096718653166,0.14089937565476884,0.6321079730987549,0.7892493605613708
h64_wd0.01_s0,l4,25,0.0005,0.4324233324631401,0.6977949142456055,0.923376834753788,0.7217666354264293,2.1819350422150143,0.16563101062179122,0.642500102519989,0.8293250203132629
h64_wd0.01_s0,l4,26,0.0005,0.4028472064629845,0.6359867453575134,0.9362238103693182,0.7184864104967198,2.1428245993917376,0.14366175946262147,0.6532452702522278,0.8734983801841736
h64_wd0.01_s0,l4,27,0.0005,0.4261738826399264,0.6518753170967102,0.9299353397253788,0.7160262417994376,1.9990524362414772,0.13932868268844437,0.6645854711532593,0.9205275774002075
h64_wd0.01_s0,l4,28,0.0005,0.4649548699026522,0.6227273941040039,0.9310931581439393,0.7105201499531397,2.3731939668715962,0.16850052696898396,0.6775285005569458,0.9513548016548157
h64_wd0.01_s0,l4,29,0.0005,0.43306671666062396,0.68088299036026,0.9475763494318181,0.7166119962511714,2.334411108369272,0.1329731718021763,0.6887909770011902,0.9810245633125305
h64_wd0.01_s0,l4,30,0.0005,0.40764628674673,0.640038251876831,0.9462150804924242,0.712394564198688,1.8010424060924801,0.10326783762336333,0.6982386708259583,1.0136330127716064
h64_wd0.01_s0,l4,31,0.0005,0.37817826996678894,0.6762422323226929,0.9473322088068181,0.7241096532333645,1.76468048872906,0.1012499990334534,0.7063784599304199,1.0479000806808472
h64_wd0.01_s0,l4,32,0.0005,0.37748341586278833,0.6605073809623718,0.953997987689394,0.716084817244611,2.3068629910162852,0.11975974844676265,0.7202051877975464,1.0826274156570435
h64_wd0.01_s0,l4,33,0.0005,0.3493018785248632,0.6686835885047913,0.9616218335700758,0.7163776944704779,1.9633972414147125,0.11014665795748878,0.7324984073638916,1.1211620569229126
h64_wd0.01_s0,l4,34,0.0005,0.34643806063610577,0.6893081068992615,0.9576748934659091,0.7186035613870665,2.316467007600591,0.12236760401651987,0.7422167062759399,1.1612054109573364
h64_wd0.01_s0,l4,35,0.0005,0.35608414916888526,0.6903467774391174,0.9590065696022728,0.7259840674789129,2.3147812338779374,0.11144143330178066,0.750727117061615,1.1993684768676758
h64_wd0.01_s0,l4,36,0.0005,0.4020839605642402,0.6980197429656982,0.9658868963068181,0.7170805998125586,3.3458651754104154,0.16069093548081428,0.7599965929985046,1.2160249948501587
h64_wd0.01_s0,l5,1,0.0005,0.6972245303067294,0.6851776838302612,0.7440590879897239,0.6784577723378212,0.5414873450060138,0.19132618055903886,0.20563653111457825,0.025288965553045273
h64_wd0.01_s0,l5,2,0.0005,0.6920339438048276,0.6826167106628418,0.7179328378750344,0.6483476132190942,0.5681693482827576,0.24152503486571425,0.24716682732105255,0.03502046689391136
h64_wd0.01_s0,l5,3,0.0005,0.6758655147119002,0.6745094656944275,0.7361837477444413,0.7068543451652387,0.3998514928351184,0.18343539962386235,0.2767985165119171,0.04678557440638542
h64_wd0.01_s0,l5,4,0.0005,0.6672771112485365,0.6665714979171753,0.7455882802703613,0.7002447980416157,0.45494510417105083,0.20956792158504564,0.30505120754241943,0.06411493569612503
h64_wd0.01_s0,l5,5,0.0005,0.6569341990080747,0.6474751234054565,0.7769214301006208,0.7105263157894737,0.6749905624311068,0.2687794210696693,0.34353357553482056,0.08824602514505386
h64_wd0.01_s0,l5,6,0.0005,0.6241464831612327,0.6362478733062744,0.7847126647704683,0.7074663402692778,0.599420772797492,0.240267861412752,0.3831469714641571,0.12251737713813782
h64_wd0.01_s0,l5,7,0.0005,0.616153825413097,0.6351503133773804,0.7993776187417806,0.7159118727050184,0.7361098972369672,0.24009164431104724,0.4162052571773529,0.1515585035085678
h64_wd0.01_s0,l5,8,0.0005,0.6069363030520353,0.6455265283584595,0.8036822950117748,0.7194614443084456,0.8608758187282212,0.22464924399001962,0.44642990827560425,0.18036124110221863
h64_wd0.01_s0,l5,9,0.0005,0.5993172851475802,0.6183374524116516,0.8311695262562314,0.7141982864137086,0.9782416080162304,0.2862632188873242,0.47704842686653137,0.21125192940235138
h64_wd0.01_s0,l5,10,0.0005,0.5580594932491129,0.6254068613052368,0.8428143254732849,0.7134638922888618,0.8108442981965858,0.20793637135716014,0.5037567019462585,0.25450778007507324
h64_wd0.01_s0,l5,11,0.0005,0.556761237708005,0.6249048113822937,0.8570587515674221,0.7215422276621788,1.1435271230739907,0.23940012577509903,0.5284309983253479,0.28865712881088257
h64_wd0.01_s0,l5,12,0.0005,0.5319910713217475,0.6098324060440063,0.8683824204055419,0.7287637698898408,0.9972730925632155,0.19119528779473588,0.5508032441139221,0.32482007145881653
h64_wd0.01_s0,l5,13,0.0005,0.5584176047281786,0.6911755800247192,0.8841560387803161,0.7239902080783353,1.5449039898353367,0.27373457958170866,0.5734936594963074,0.34784528613090515
h64_wd0.01_s0,l5,14,0.0005,0.5546962280165065,0.6176980137825012,0.8801877848120623,0.7292533659730721,0.9219651941546272,0.192719967284481,0.5990418791770935,0.3702322840690613
h64_wd0.01_s0,l5,15,0.0005,0.5269495370713148,0.6117599010467529,0.8903186836712849,0.7401468788249694,1.296390152054329,0.2195113396313581,0.6188473701477051,0.40306106209754944
h64_wd0.01_s0,l5,16,0.0005,0.49513912065462634,0.6576194763183594,0.8897681744502555,0.7309669522643819,1.3271229111341265,0.20438265477578607,0.6380434632301331,0.44762659072875977
h64_wd0.01_s0,l5,17,0.0005,0.5209685482762076,0.640095591545105,0.9018029176988716,0.733047735618115,1.605879836248633,0.2346879844279095,0.6560270190238953,0.4767204821109772
h64_wd0.01_s0,l5,18,0.0005,0.49475842036984186,0.6167831420898438,0.9065204758846377,0.7250917992656059,1.6968594220474917,0.22066722690032314,0.6722668409347534,0.5038204193115234
h64_wd0.01_s0,l5,19,0.0005,0.46029963276603003,0.6582446694374084,0.9119299935773925,0.738188494492044,1.5906833488078123,0.1911578009717818,0.6868704557418823,0.5402829051017761
h64_wd0.01_s0,l5,20,0.0005,0.4551954079758037,0.6483436822891235,0.9220341315717038,0.7348837209302326,1.6568522705182964,0.18585961840896442,0.7007662057876587,0.5740721821784973
h64_wd0.01_s0,l5,21,0.0005,0.4331963373856111,0.6273146867752075,0.9295118818240207,0.7309669522643819,1.802353751361892,0.19325570152326835,0.7138100266456604,0.6093586683273315
h64_wd0.01_s0,l5,22,0.0005,0.43876184252175415,0.6673433184623718,0.936408539009695,0.7228886168910649,1.9910511739491275,0.19536519091262108,0.7268548607826233,0.6386280059814453
h64_wd0.01_s0,l5,23,0.0005,0.4312299164858731,0.6191917657852173,0.9337783282869988,0.7332925336597307,2.255272630922881,0.21963469515821982,0.7398379445075989,0.6648350954055786
h64_wd0.01_s0,l5,24,0.0005,0.41224683685736224,0.6575555801391602,0.9349481603816865,0.7337821297429621,1.964125516440926,0.16268350077537824,0.7514887452125549,0.6951916813850403
h64_wd0.01_s0,l5,25,0.0005,0.42209877886555414,0.6476896405220032,0.9399333272165642,0.7181150550795593,2.3073741863388473,0.18691057985995688,0.7635201811790466,0.725702166557312
h64_wd0.01_s0,l5,26,0.0005,0.44151583178476855,0.6503119468688965,0.9474340153530905,0.7283965728274174,2.8359426347395265,0.22201459570759452,0.7766487002372742,0.7388700246810913
h64_wd0.01_s0,l5,27,0.0005,0.3863924646919424,0.6430334448814392,0.9518610270055357,0.7408812729498163,1.793593430235545,0.1549869915685382,0.7866662740707397,0.7614277601242065
h64_wd0.01_s0,l5,28,0.0005,0.3719428567723794,0.6497694253921509,0.9541089396580726,0.7359853121175031,2.152404144320617,0.1635100054163601,0.7959204912185669,0.7937435507774353
h64_wd0.01_s0,l5,29,0.0005,0.374234828081998,0.6812914609909058,0.9561351194299171,0.7235006119951042,2.2586929457002785,0.15904639385478014,0.8066805005073547,0.8282654285430908
h64_wd0.01_s0,l5,30,0.0005,0.3499320826747201,0.7171526551246643,0.9592546716824173,0.7392900856793145,1.8743916479990042,0.12193353783175877,0.8169859647750854,0.8667582869529724
h64_wd0.01_s0,l5,31,0.0005,0.33936089209534903,0.6956754922866821,0.9593081934122396,0.7350061199510405,2.24529344310886,0.16720873060228741,0.8262795805931091,0.8923485279083252
h64_wd0.01_s0,l5,32,0.0005,0.3114541694521904,0.675389289855957,0.973361470471297,0.7299877600979192,1.9033677132602522,0.12874518850875208,0.8362577557563782,0.9340742230415344
h64_wd0.01_s0,l5,33,0.0005,0.3263693804090673,0.7449784874916077,0.9633452610331222,0.725703794369645,2.145677048829919,0.11786918598437555,0.8457810282707214,0.9729683995246887
h64_wd0.01_s0,l5,34,0.0005,0.3133468810807575,0.803729236125946,0.9760604948466219,0.7335373317013465,2.722668161523269,0.1410520122498971,0.8559767603874207,1.005807638168335
h64_wd0.01_s0,l5,35,0.0005,0.2945279350334948,0.763152003288269,0.9809844939902743,0.7303549571603427,2.167971142543289,0.13464853911073488,0.8667554259300232,1.045601487159729
h64_wd0.01_s0,l5,36,0.0005,0.30259933187202975,0.7832154035568237,0.9777273144325167,0.7305997552019584,2.768717707856366,0.13662978218105398,0.8757569193840027,1.0799943208694458
h64_wd0.01_s0,l5,37,0.0005,0.27771768177097494,0.8069600462913513,0.977085053674649,0.7204406364749083,2.7686122501251447,0.13702767842469232,0.8858693242073059,1.1124913692474365
h64_wd0.01_s0,l5,38,0.0005,0.28607403757897293,0.7639802694320679,0.9853274000672845,0.7200734394124847,3.085328413312617,0.12308594949647703,0.8950667977333069,1.1470755338668823
h64_wd0.01_s0,l5,39,0.0005,0.27265558256344363,0.8478248715400696,0.9852509404532526,0.7200734394124847,2.577778619531553,0.1258616357043979,0.9042044878005981,1.1896636486053467
h64_wd0.01_s0,l5,40,0.0005,0.26077552749352023,0.8566995859146118,0.9879117350215616,0.7275397796817626,3.0002630894704323,0.11850504110482298,0.9125332832336426,1.2276785373687744
h64_wd0.01_s0,l5,41,0.0005,0.23817733946171674,0.8410725593566895,0.9890356913478301,0.7259485924112606,2.770858897513549,0.11211456704614294,0.9203702211380005,1.2678056955337524
h64_wd0.01_s0,l5,42,0.0005,0.23865250836719165,0.8101359605789185,0.9905457687249595,0.7227662178702571,3.0410709723510467,0.11719841183055778,0.9287989139556885,1.2990305423736572
h64_wd0.01_s0,l5,43,0.0005,0.23735728419639848,0.7410255670547485,0.9934397651160658,0.7248470012239903,2.9318515190554066,0.1058739157133651,0.9377815127372742,1.3352640867233276
h64_wd0.01_s0,l5,44,0.0005,0.2573991600762714,0.8875628709793091,0.9890356913478302,0.72203182374541,3.0826933573660726,0.10806740490800365,0.9474687576293945,1.3702325820922852
h64_wd0.01_s0,l5,45,0.0005,0.23970805684273894,0.8594626784324646,0.9927554515704805,0.7222766217870258,2.4576162312567367,0.088946532614038,0.9564915895462036,1.4085763692855835
h64_wd0.01_s0,l5,46,0.0005,0.22474509206685153,0.8663633465766907,0.9934703489616785,0.7144430844553243,2.83770674126422,0.09722768351191756,0.9647359251976013,1.448437213897705
h64_wd0.01_s0,l5,47,0.0005,0.23798094960776242,0.8082056045532227,0.9895556167232469,0.7181150550795593,3.136569604387931,0.0904278993557405,0.9724338054656982,1.4819873571395874
h64_wd0.01_s0,l6,1,0.0005,0.711039590208154,0.696489691734314,0.6294921874999999,0.5728896103896104,0.7114892517486829,0.317948447430034,0.19623920321464539,0.01988629437983036
h64_wd0.01_s0,l6,2,0.0005,0.687394236263476,0.6818929314613342,0.7533511513157894,0.6576298701298701,0.4761986574646028,0.2237934332771014,0.2414383888244629,0.03145142272114754
h64_wd0.01_s0,l6,3,0.0005,0.6720142709581476,0.6774969696998596,0.7658203125,0.6631493506493507,0.407796739788904,0.1964575600550699,0.2670936584472656,0.027938375249505043
h64_wd0.01_s0,l6,4,0.0005,0.6656813182328877,0.6721456050872803,0.7416015625,0.6392857142857143,0.54405090810204,0.26158022735151953,0.2956370711326599,0.03155996650457382
h64_wd0.01_s0,l6,5,0.0005,0.6573226577357242,0.6618684530258179,0.779759457236842,0.6720779220779222,0.6758118066713061,0.29791969916764016,0.3249904215335846,0.03905988112092018
h64_wd0.01_s0,l6,6,0.0005,0.6406739291391874,0.6505962610244751,0.7864823190789474,0.6777597402597403,0.6775498206732729,0.26848151659849345,0.35789862275123596,0.061760202050209045
h64_wd0.01_s0,l6,7,0.0005,0.6342192856889022,0.672541081905365,0.8042660361842104,0.6897727272727273,0.7415761585453061,0.2662502835355926,0.39090487360954285,0.08132528513669968
h64_wd0.01_s0,l6,8,0.0005,0.6217967805109526,0.6376208662986755,0.8122018914473685,0.6915584415584415,0.9234814487616424,0.30584090337355485,0.4226873517036438,0.09778725355863571
h64_wd0.01_s0,l6,9,0.0005,0.6014704798397265,0.6333044767379761,0.8281763980263157,0.6977272727272728,0.9344951435794258,0.3388965878341524,0.4551262855529785,0.11939284950494766
h64_wd0.01_s0,l6,10,0.0005,0.5758186610121476,0.6417064070701599,0.8333059210526315,0.6978896103896104,0.9730097270654897,0.34294061339430765,0.4888266623020172,0.1512564718723297
h64_wd0.01_s0,l6,11,0.0005,0.571663100468485,0.6239697933197021,0.8562705592105263,0.7003246753246755,1.069746409072379,0.2814743657451029,0.5186469554901123,0.17019464075565338
h64_wd0.01_s0,l6,12,0.0005,0.553204850146645,0.6643157601356506,0.8573499177631579,0.6970779220779221,1.088844764464424,0.2773154097813986,0.5467385649681091,0.19591312110424042
h64_wd0.01_s0,l6,13,0.0005,0.535864361022648,0.6229048371315002,0.874547697368421,0.7027597402597402,1.3867913394517328,0.4107159067226834,0.5752345323562622,0.21539682149887085
h64_wd0.01_s0,l6,14,0.0005,0.5219285378330633,0.6825813055038452,0.872789884868421,0.6988636363636364,1.2308388827350756,0.28235512816155217,0.6008280515670776,0.23245671391487122
h64_wd0.01_s0,l6,15,0.0005,0.5324457883834839,0.6264697313308716,0.8945929276315789,0.7066558441558441,1.4195991480009074,0.320494607512667,0.628288984298706,0.2545508146286011
h64_wd0.01_s0,l6,16,0.0005,0.4804296995464124,0.6325283050537109,0.895836759868421,0.7064935064935065,1.1411441591890625,0.2618846490549432,0.651860773563385,0.28622621297836304
h64_wd0.01_s0,l6,17,0.0005,0.4903875636427026,0.6381163001060486,0.9030530427631579,0.7092532467532467,1.5716324055481792,0.32691579684909267,0.6729452013969421,0.30990394949913025
h64_wd0.01_s0,l6,18,0.0005,0.5018653932370638,0.6262525916099548,0.9109375,0.7137987012987014,1.5263928050795073,0.25812170872893236,0.6942235231399536,0.3311464488506317
h64_wd0.01_s0,l6,19,0.0005,0.46392792149593953,0.624238133430481,0.9194798519736843,0.7144480519480519,1.479449561711652,0.25820291212720325,0.7131403088569641,0.35676032304763794
h64_wd0.01_s0,l6,20,0.0005,0.45463546639994573,0.6222089529037476,0.9268092105263158,0.7183441558441558,1.1751310578541876,0.18519981777219044,0.7315812110900879,0.38638603687286377
h64_wd0.01_s0,l6,21,0.0005,0.4191662810350719,0.6690772771835327,0.9265316611842105,0.7045454545454545,1.3151884566283873,0.20989384852086554,0.7504242062568665,0.4218900203704834
h64_wd0.01_s0,l6,22,0.0005,0.423053829293502,0.6497235894203186,0.9344880756578947,0.7084415584415585,1.596925622020986,0.24475698206658922,0.7683818936347961,0.4445061683654785
h64_wd0.01_s0,l6,23,0.0005,0.40895261419446843,0.6611515879631042,0.9420641447368421,0.7086038961038961,1.3917660423224394,0.1933357088206542,0.7875972986221313,0.47533974051475525
h64_wd0.01_s0,l6,24,0.0005,0.4044848006022604,0.6584376096725464,0.953381990131579,0.696103896103896,1.6611964669178976,0.18798561200439529,0.8053706884384155,0.5071336627006531
h64_wd0.01_s0,l6,25,0.0005,0.36517920149000066,0.6706841588020325,0.955931332236842,0.7061688311688311,1.8870259227140365,0.199401174265192,0.8220931887626648,0.5390294790267944
h64_wd0.01_s0,l6,26,0.0005,0.3962458372116089,0.6453382968902588,0.9609888980263158,0.6957792207792207,2.5434062254234475,0.2578394046100554,0.8405072093009949,0.5628924369812012
h64_wd0.01_s0,l6,27,0.0005,0.41447987368232325,0.6627600193023682,0.9588712993421051,0.7030844155844156,2.6014337877233897,0.2598172334444533,0.8569499850273132,0.5819061398506165
h64_wd0.01_s0,l6,28,0.0005,0.4149699109165292,0.6669260859489441,0.9563013980263158,0.7058441558441558,2.624068634943309,0.26860319317527875,0.8744387626647949,0.5973094701766968
h64_wd0.01_s0,l6,29,0.0005,0.4267637682588477,0.7391590476036072,0.9571546052631579,0.6941558441558441,2.493866975582924,0.25764536213009626,0.8924832344055176,0.6028651595115662
h64_wd0.01_s0,l6,30,0.0005,0.4649803324749595,0.624793291091919,0.9534333881578947,0.713961038961039,2.54293178889071,0.24191126914873542,0.90792316198349,0.6120425462722778
h64_wd0.01_s0,l6,31,0.0005,0.3725183065000333,0.6643138527870178,0.9646792763157894,0.7032467532467532,1.650880336367784,0.17156560620710018,0.9225301742553711,0.6344834566116333
h64_wd0.01_s0,l6,32,0.0005,0.33810196503212575,0.6731843948364258,0.9627261513157894,0.7034090909090908,1.606741842390006,0.16732433146670203,0.9334096908569336,0.6595536470413208
h64_wd0.01_s0,l6,33,0.0005,0.3383213360058634,0.6776872873306274,0.9641447368421053,0.7055194805194805,1.7711425298933205,0.16345907651660374,0.9448732733726501,0.6906448006629944
h64_wd0.01_s0,l6,34,0.0005,0.32586762230647237,0.714403510093689,0.9768400493421052,0.7086038961038961,1.9863346636329366,0.15660837902712782,0.9568604826927185,0.7182464599609375
h64_wd0.01_s0,l6,35,0.0005,0.34491430771978276,0.7038906216621399,0.9750411184210526,0.6918831168831169,2.8861863398578875,0.20460379798603315,0.9710423946380615,0.7414080500602722
h64_wd0.01_s0,l6,36,0.0005,0.32982144308717626,0.690159261226654,0.9710526315789474,0.696590909090909,2.1390979235417444,0.1782919928030068,0.9859054684638977,0.7641462087631226
h64_wd0.01_s0,l6,37,0.0005,0.3237277010553761,0.7089125514030457,0.9769222861842105,0.7047077922077922,2.6227871112576353,0.19825415560905935,0.9956151843070984,0.780984103679657
h64_wd0.01_s0,l6,38,0.0005,0.29173716432169866,0.7100992798805237,0.9746710526315789,0.7124999999999999,2.2271006538859677,0.1559350252823067,1.0052855014801025,0.8050535321235657
h64_wd0.01_s0,l6,39,0.0005,0.32176195790893153,0.6961274147033691,0.9826891447368421,0.7021103896103896,2.5817617293965505,0.1954191228312755,1.0155489444732666,0.8213236927986145
h64_wd0.01_s0,l6,40,0.0005,0.2761150300502777,0.6968578696250916,0.987561677631579,0.7034090909090909,2.041591001575219,0.14852892892751632,1.02530837059021,0.848027765750885
h64_wd0.01_s0,l7,1,0.0005,0.6972949893578239,0.6835494637489319,0.737241139320169,0.6265229615745078,0.678762850066597,0.24978366403308372,0.219584658741951,0.022174078971147537
h64_wd0.01_s0,l7,2,0.0005,0.6698720895725748,0.671493649482727,0.7381962491578004,0.6752577319587629,0.6194485149865401,0.2149221332079165,0.27041980624198914,0.027988826856017113
h64_wd0.01_s0,l7,3,0.0005,0.6724493114844613,0.6618934273719788,0.7614816789202076,0.6818181818181818,0.824735222064645,0.34090305784034275,0.30690059065818787,0.027991464361548424
h64_wd0.01_s0,l7,4,0.0005,0.6471212661784628,0.6546393036842346,0.7713215314334791,0.6855670103092784,0.5843410368398131,0.21573439935938934,0.3396192491054535,0.032653652131557465
h64_wd0.01_s0,l7,5,0.0005,0.6322250936342322,0.6510226130485535,0.7860628003228123,0.6894329896907216,0.7275882866373867,0.2771851535164641,0.3794299066066742,0.05441761389374733
h64_wd0.01_s0,l7,6,0.0005,0.6167853733767634,0.6416764259338379,0.8013519616771433,0.6910731021555765,0.7232936663980837,0.22744910825443546,0.41641584038734436,0.08015654236078262
h64_wd0.01_s0,l7,7,0.0005,0.5989074577455935,0.6261114478111267,0.8171593996875532,0.7170805998125587,0.845361634344468,0.27408205239426064,0.45676910877227783,0.11209021508693695
h64_wd0.01_s0,l7,8,0.0005,0.5757545932479526,0.6184625029563904,0.8318710527679675,0.7268041237113403,0.9679755815673271,0.27077753574090563,0.49823009967803955,0.13892461359500885
h64_wd0.01_s0,l7,9,0.0005,0.5569861868153447,0.6411267518997192,0.8460718331445325,0.7190721649484536,0.8525650405530236,0.1941566066831631,0.5345780849456787,0.175160214304924
h64_wd0.01_s0,l7,10,0.0005,0.5527062169883562,0.6472060084342957,0.8532536668073417,0.7492970946579194,1.1770937979663776,0.2719803958206613,0.5682647824287415,0.20739325881004333
h64_wd0.01_s0,l7,11,0.0005,0.559137770663137,0.5987337827682495,0.8638265105913536,0.7488284910965323,1.3788915734163119,0.324594546858451,0.6034882664680481,0.23659630119800568
h64_wd0.01_s0,l7,12,0.0005,0.5435485995334127,0.5998889803886414,0.8785233557673087,0.7422680412371133,1.1523726304226753,0.27428070814959676,0.6341663002967834,0.25254106521606445
h64_wd0.01_s0,l7,13,0.0005,0.5156929363375125,0.6411451101303101,0.8808259849107455,0.7421508903467666,1.347427263014001,0.241736718845417,0.6639837622642517,0.2822754979133606
h64_wd0.01_s0,l7,14,0.0005,0.5009514274804489,0.5881887674331665,0.8970776600549373,0.7579662605435801,1.3641167226729203,0.2514799605413243,0.6913197636604309,0.31408587098121643
h64_wd0.01_s0,l7,15,0.0005,0.48378147379211756,0.676056981086731,0.8976625722810837,0.741447985004686,1.468768901513364,0.21081625975377544,0.7168257832527161,0.34417611360549927
h64_wd0.01_s0,l7,16,0.0005,0.4773466276085895,0.5961549282073975,0.9045186320457861,0.7623008434864105,1.5336290486180832,0.21260108498676228,0.7435443997383118,0.3754277527332306
h64_wd0.01_s0,l7,17,0.0005,0.48348373952119245,0.6253150105476379,0.9205037649097089,0.764995313964386,1.8317301274145412,0.2593113668440814,0.7712622880935669,0.40731996297836304
h64_wd0.01_s0,l7,18,0.0005,0.45889064021732495,0.5958938002586365,0.9187564321834996,0.7630037488284912,1.6834465397045344,0.23226880375714518,0.7946467995643616,0.43382951617240906
h64_wd0.01_s0,l7,19,0.0005,0.43088019023770874,0.584692120552063,0.9356744630283645,0.7720243673851921,1.5404687296368587,0.19738616464778116,0.8170881867408752,0.46376267075538635
h64_wd0.01_s0,l7,20,0.0005,0.44107429488845495,0.5976611375808716,0.9316245011587185,0.770618556701031,1.8962051148006949,0.22767291387967892,0.8419073224067688,0.4945407211780548
h64_wd0.01_s0,l7,21,0.0005,0.4183651364367941,0.6090154051780701,0.9350969547544479,0.7553889409559512,1.5654858298892638,0.16665012808545446,0.8645092844963074,0.5262394547462463
h64_wd0.01_s0,l7,22,0.0005,0.3874737425990727,0.6338879466056824,0.943959485573399,0.7735473289597001,1.7295570226764077,0.181137424439175,0.8838465213775635,0.56608647108078
h64_wd0.01_s0,l7,23,0.0005,0.39443482069865515,0.6097801327705383,0.9445666096562345,0.7562089971883788,1.7788057736328184,0.17334259271970484,0.9100524187088013,0.6050084233283997
h64_wd0.01_s0,l7,24,0.0005,0.37461551764737006,0.6497921943664551,0.9483426252933816,0.7582005623242737,1.8113850762715622,0.18165607874040662,0.9306031465530396,0.6357246041297913
h64_wd0.01_s0,l7,25,0.0005,0.35836164070212323,0.6117338538169861,0.9594041299245538,0.7593720712277413,1.8919355121037016,0.17157426151713767,0.9500178098678589,0.6794485449790955
h64_wd0.01_s0,l7,26,0.0005,0.33639444216437964,0.659492552280426,0.956412933223755,0.7579662605435801,2.03230946252229,0.16111156337136684,0.9651346802711487,0.7182157039642334
h64_wd0.01_s0,l7,27,0.0005,0.34590512643689697,0.607551097869873,0.9629210072336614,0.7667525773195876,2.1726529848788303,0.1616760506145569,0.9817730188369751,0.7487044334411621
h64_wd0.01_s0,l7,28,0.0005,0.32148327840411145,0.6714831590652466,0.9602185646698207,0.7442596063730084,2.1186604682880272,0.16513365494898496,0.9981278777122498,0.7861239314079285
h64_wd0.01_s0,l7,29,0.0005,0.3218633189149525,0.6340622305870056,0.9725757609411905,0.7658153701968134,2.1528055080351383,0.13753627329721022,1.0131120681762695,0.8172502517700195
h64_wd0.01_s0,l7,30,0.0005,0.35610197484493256,0.6113042235374451,0.9737826051546314,0.7496485473289597,2.9238835009344037,0.1776836297115624,1.0298963785171509,0.8474123477935791
h64_wd0.01_s0,l7,31,0.0005,0.3318355958098951,0.6151087284088135,0.9702657278455239,0.7709700093720712,2.5671188976617443,0.19840928870934976,1.0454779863357544,0.8694403767585754
h64_wd0.01_s0,l7,32,0.0005,0.30616034696931427,0.6802377700805664,0.9819047407506126,0.7608950328022492,2.1259410529932437,0.14668338311205478,1.0602115392684937,0.8989530205726624
h64_wd0.01_s0,l7,33,0.0005,0.2711794531863669,0.7521159648895264,0.97604081058469,0.7551546391752577,2.0936541100537065,0.12317932793972056,1.0750285387039185,0.9272096157073975
h64_wd0.01_s0,l7,34,0.0005,0.26732168411431106,0.68952876329422,0.980786743963928,0.7589034676663542,1.9547052246201517,0.12653733767088682,1.088241696357727,0.9645853638648987
h64_wd0.01_s0,l7,35,0.0005,0.28193733614424,0.6591629385948181,0.9763295647216484,0.7525773195876289,2.2939368616948146,0.1315747767520902,1.1063340902328491,1.0039640665054321
h64_wd0.01_s0,l7,36,0.0005,0.28914491832256317,0.6572597622871399,0.9855696971043142,0.7541002811621368,2.820345484181964,0.1601816297608831,1.1214605569839478,1.028127908706665
h64_wd0.01_s0,l7,37,0.0005,0.2470845411653104,0.6956977844238281,0.9879611736745075,0.7572633552014996,2.2665591267982803,0.1231279965955349,1.1339304447174072,1.0620932579040527
h64_wd0.01_s0,l7,38,0.0005,0.23798096827838733,0.6993415355682373,0.9902045712001066,0.7669868791002812,2.358156762361184,0.11074074057559705,1.146323800086975,1.0968663692474365
h64_wd0.01_s0,l7,39,0.0005,0.24525358722261761,0.789592981338501,0.9853105587762747,0.7550374882849109,2.563805793528174,0.13291335805061422,1.1580984592437744,1.1280723810195923
h64_wd0.01_s0,l7,40,0.0005,0.2403148088766181,0.7251716256141663,0.9896714866395682,0.7525773195876289,2.6608720105997197,0.12156911017651685,1.168652892112732,1.1531970500946045
h64_wd0.01_s0,l7,41,0.0005,0.26279748587504675,0.6876909732818604,0.9915817063148309,0.7653467666354264,3.3598336523164063,0.15193198015773704,1.1816825866699219,1.1767140626907349
h64_wd0.01_s0,l7,42,0.0005,0.22775029941745425,0.7359494566917419,0.9932994232321213,0.7635895032802249,2.9626222223033523,0.1295708362417532,1.1952863931655884,1.2088426351547241
h64_wd0.01_s0,l8,1,0.0005,0.7017083113843744,0.6854848861694336,0.6881798010830269,0.6023529411764706,0.62804821998893,0.26169332621091723,0.207577645778656,0.025345852598547935
h64_wd0.01_s0,l8,2,0.0005,0.6838397166945718,0.6782569289207458,0.766761315148412,0.6537461300309597,0.5066772739298666,0.23952654006878057,0.24655315279960632,0.03311477601528168
h64_wd0.01_s0,l8,3,0.0005,0.6627381823279641,0.6698644757270813,0.7649847165976198,0.6543653250773993,0.515069880347317,0.23058832199236204,0.2812088131904602,0.03448503091931343
h64_wd0.01_s0,l8,4,0.0005,0.6557751893997192,0.6615192890167236,0.7754193238064206,0.6608049535603715,0.7122550813312608,0.2882072782689015,0.3181506395339966,0.05678300932049751
h64_wd0.01_s0,l8,5,0.0005,0.628324264829809,0.6572153568267822,0.794783472202827,0.6776470588235294,0.671126525376071,0.2754203345257636,0.35642823576927185,0.08777989447116852
h64_wd0.01_s0,l8,6,0.0005,0.6340106698599729,0.6668810844421387,0.8011140591785753,0.6792569659442724,0.9223474872485702,0.30257473530056944,0.39510560035705566,0.11246447265148163
h64_wd0.01_s0,l8,7,0.0005,0.6155714094638824,0.6455310583114624,0.8163819454142034,0.6830959752321981,0.9784085407702247,0.3018854700640973,0.4291127622127533,0.1319921910762787
h64_wd0.01_s0,l8,8,0.0005,0.6030533774332567,0.657814621925354,0.8263665844311007,0.6878018575851393,0.9468948360734718,0.2999743049429514,0.4597254991531372,0.15633976459503174
h64_wd0.01_s0,l8,9,0.0005,0.5701357627456839,0.6378527879714966,0.8382674672997255,0.6908978328173374,0.8452733779996798,0.22920729252660801,0.4870550334453583,0.19271361827850342
h64_wd0.01_s0,l8,10,0.0005,0.5683988156643781,0.6686592698097229,0.8323403000822355,0.6818575851393189,1.2844527525282279,0.3332757370839339,0.5147677063941956,0.23138926923274994
h64_wd0.01_s0,l8,11,0.0005,0.5332899987697601,0.6376384496688843,0.8631320889385407,0.7010526315789474,0.8911143289522663,0.21887877570658779,0.5375713109970093,0.25346705317497253
h64_wd0.01_s0,l8,12,0.0005,0.5194128372452476,0.6320822238922119,0.8707970643454513,0.708235294117647,1.1457901527795287,0.2419845207559587,0.5628699064254761,0.29691949486732483
h64_wd0.01_s0,l8,13,0.0005,0.5324215645139868,0.6551434397697449,0.8797731539667023,0.7109597523219813,1.2794222471505483,0.215249011194529,0.5867543816566467,0.32327476143836975
h64_wd0.01_s0,l8,14,0.0005,0.5036425373770974,0.6428674459457397,0.8836056416701576,0.7126934984520124,1.0871694405704255,0.21211767386792693,0.6103807687759399,0.36303451657295227
h64_wd0.01_s0,l8,15,0.0005,0.4910532154820182,0.6468027234077454,0.8976244782696396,0.7162848297213623,1.6222455255332633,0.21601460130226516,0.6295162439346313,0.38614317774772644
h64_wd0.01_s0,l8,16,0.0005,0.4952256300232627,0.6494831442832947,0.9089822960790703,0.7146749226006192,1.7661355396843765,0.22106252868701537,0.6471421122550964,0.4145599603652954
h64_wd0.01_s0,l8,17,0.0005,0.4470209005204114,0.6501108407974243,0.9149094632965601,0.7213622291021671,1.2397278933440221,0.1798054179380984,0.6659234762191772,0.45065632462501526
h64_wd0.01_s0,l8,18,0.0005,0.4472190480340611,0.6274250745773315,0.922690809787584,0.7230959752321982,1.6614644081945458,0.2323554457874294,0.6845313906669617,0.48722490668296814
h64_wd0.01_s0,l8,19,0.0005,0.438262478871779,0.6514009833335876,0.9265310555633137,0.719876160990712,1.599435258509071,0.1775795808862827,0.702083945274353,0.5169895887374878
h64_wd0.01_s0,l8,20,0.0005,0.4455653997984799,0.6636679172515869,0.929199832425639,0.7230959752321982,2.0081671417096674,0.2041334978511247,0.7179248929023743,0.5369563102722168
h64_wd0.01_s0,l8,21,0.0005,0.4162821254946969,0.6735885739326477,0.9341417244643051,0.7188854489164086,1.9255604813515654,0.1948135607696674,0.7341979146003723,0.5667933821678162
h64_wd0.01_s0,l8,22,0.0005,0.4008326394991441,0.7800174355506897,0.9297273813402845,0.7196284829721363,1.5194070694340753,0.16100777580001713,0.7509202361106873,0.6097357869148254
h64_wd0.01_s0,l8,23,0.0005,0.41768585958264093,0.6519444584846497,0.9462831075734301,0.718390092879257,1.9926402594806645,0.20459336863361674,0.7669085264205933,0.6353364586830139
h64_wd0.01_s0,l8,24,0.0005,0.3902430385351181,0.647253155708313,0.9501311114214339,0.7176470588235294,1.9610096583020395,0.17726764017938323,0.7828355431556702,0.6771851181983948
h64_wd0.01_s0,l8,25,0.0005,0.3722445490685376,0.6818360090255737,0.946663253114866,0.7280495356037152,2.083423245156379,0.1693913611288574,0.7979071140289307,0.7211931347846985
h64_wd0.01_s0,l8,26,0.0005,0.3832147080789913,0.6820502281188965,0.9561203432171174,0.7247058823529413,1.9999838028601438,0.14937340152715403,0.8131055235862732,0.7564942836761475
h64_wd0.01_s0,l8,27,0.0005,0.35197167979045346,0.6920821070671082,0.9601467827274278,0.7268111455108358,2.1500687327894603,0.16053111501117492,0.826654314994812,0.7944335341453552
h64_wd0.01_s0,l8,28,0.0005,0.3639277368783951,0.6880815625190735,0.9677574516284194,0.7261919504643963,2.6258288115746553,0.18467381306347522,0.8409175872802734,0.8204022645950317
h64_wd0.01_s0,l8,29,0.0005,0.34558315710587934,0.6677753925323486,0.9636301571785444,0.7190092879256966,2.4459826887477285,0.1545980714093951,0.8551408648490906,0.8474065065383911
h64_wd0.01_s0,l8,30,0.0005,0.32075143470005557,0.771929919719696,0.9681841456035005,0.7230959752321982,1.9402293100112593,0.12982261952818294,0.8668114542961121,0.8806174397468567
h64_wd0.01_s0,l8,31,0.0005,0.3036037351597439,0.6904813051223755,0.9776140824527921,0.7204953560371516,2.1994417729725835,0.1365630783579882,0.8778092861175537,0.9174486398696899
h64_wd0.01_s0,l8,32,0.0005,0.2987094027074901,0.7765176296234131,0.9782773976322363,0.7187616099071207,2.251861133203328,0.12946176121629557,0.8883617520332336,0.9551694989204407
h64_wd0.01_s0,l8,33,0.0005,0.2781507338989865,0.7260650396347046,0.9802401899176093,0.7206191950464397,2.6709308323506673,0.14072442901343193,0.8991063833236694,0.9851316213607788
h64_wd0.01_s0,l8,34,0.0005,0.31718144565820694,0.8014415502548218,0.9713649552359229,0.7232198142414861,3.1165414052587153,0.1592130203978678,0.9119176268577576,1.0065847635269165
h64_wd0.01_s0,l8,35,0.0005,0.31940703094005585,0.7083284258842468,0.9718226815001008,0.7307739938080495,2.7395666136962165,0.1485601613849813,0.9255086183547974,1.0369290113449097
h64_wd0.01_s0,l8,36,0.0005,0.3974058526483449,0.6470131874084473,0.9727691663175533,0.7293498452012385,3.8485343388371827,0.22082627268970476,0.9403625130653381,1.050109624862671
h64_wd0.01_s0,l8,37,0.0005,0.3276302706111561,0.7580031752586365,0.9793712858228988,0.7219814241486068,2.457453915462088,0.14704439910056563,0.9540883302688599,1.0720958709716797
h64_wd0.01_s0,l8,38,0.0005,0.28217713738029654,0.7797045111656189,0.9820788530465949,0.7191331269349845,2.3978528599843467,0.13219504694601147,0.968046247959137,1.1042098999023438
h64_wd0.01_s0,l8,39,0.0005,0.27120267328890885,0.8211413025856018,0.9801083026889479,0.7228482972136222,2.6413061478917714,0.1271558487106554,0.9784828424453735,1.1460717916488647
h64_wd0.01_s0,l8,40,0.0005,0.2541535422205925,0.8269003033638,0.9873155518316808,0.7173993808049535,2.9695413560768524,0.1275768657824009,0.9877628087997437,1.1824651956558228
h64_wd0.01_s0,l8,41,0.0005,0.2799380380998958,0.7489309310913086,0.9936849291688001,0.7089783281733746,3.275404461580197,0.13880926615354605,0.9964554309844971,1.2179549932479858
h64_wd0.01_s0,l8,42,0.0005,0.29325703396038577,0.7409015893936157,0.9916755884497819,0.7123219814241486,2.7444355668671085,0.135114535659301,1.006569504737854,1.2387471199035645
h64_wd0.01_s0,l8,43,0.0005,0.26660613918846304,0.7918509840965271,0.9890068115874567,0.7139318885448916,2.0598691077382933,0.10102365510637833,1.0156573057174683,1.275808572769165
h64_wd0.01_s0,l8,44,0.0005,0.2574094086885452,0.838200032711029,0.9857561793045665,0.7229721362229103,3.1817539897619085,0.12346109563856018,1.024470329284668,1.3156802654266357
h64_wd0.01_s0,l8,45,0.0005,0.2648059928959066,0.8928688764572144,0.9931961706155255,0.7056346749226007,3.0512667771083746,0.12493297768161914,1.0332961082458496,1.3491319417953491
h64_wd0.01_s0,l8,46,0.0005,0.24112868376753546,0.8922203183174133,0.98936368291207,0.7112074303405572,2.5923486220419325,0.10201434233914036,1.0428221225738525,1.3807967901229858
h64_wd0.01_s0,l8,47,0.0005,0.3152301568876613,1.0759423971176147,0.9747009263138295,0.7152941176470589,4.357635203250446,0.14369797559345018,1.0529484748840332,1.4042400121688843
h64_wd0.01_s0,l8,48,0.0005,0.3445396850054914,0.8331178426742554,0.9826219181057891,0.7042724458204335,3.5748271390127315,0.1519526449378608,1.0633221864700317,1.4119735956192017
h64_wd0.01_s0,l8,49,0.0005,0.2685262675989758,0.9708216190338135,0.9921643470030568,0.7067492260061919,3.217079729191129,0.1144311327234206,1.0750397443771362,1.446604609489441
h64_wd0.01_s0,l8,50,0.0005,0.2502629682421684,0.9428006410598755,0.9919393629071048,0.7094736842105264,3.1366699756113494,0.11257338257491777,1.0827691555023193,1.480619192123413
h64_wd0.01_s0,l8,51,0.0005,0.2818962816487659,0.8099526166915894,0.993025493025493,0.7004334365325077,4.131568052887564,0.11931972508092335,1.0891693830490112,1.5003447532653809
h64_wd0.01_s0,l8,52,0.0005,0.2640985352071849,0.9001078009605408,0.9888516501419728,0.70687306501548,3.869460003954352,0.10860865202433083,1.0958752632141113,1.5183911323547363
h64_wd0.01_s0,l8,53,0.0005,0.19624109837141904,1.0182472467422485,0.989208521466586,0.7125696594427243,2.600054381120422,0.09410482882757364,1.1019706726074219,1.5517468452453613
h64_wd0.01_s0,l8,54,0.0005,0.21443065865473313,0.9320119023323059,0.9923195084485408,0.7089164086687306,3.0221578876004638,0.09607378628507486,1.1069250106811523,1.5817253589630127
h64_wd0.01_s0,l8,55,0.0005,0.1841007386418906,0.9864158034324646,0.9950270756722369,0.7093498452012383,2.5594917275240094,0.08337570588822586,1.1119402647018433,1.6174172163009644
h64_wd0.01_s0,l9,1,0.0005,0.6956967063572096,0.679592490196228,0.7329765112464854,0.6643626991565135,0.6572597934294265,0.2519634033619675,0.2149660289287567,0.019551163539290428
h64_wd0.01_s0,l9,2,0.0005,0.6768711131551991,0.6708033084869385,0.758998652764761,0.6847469540768508,0.5556152192704772,0.24529995825218756,0.25820937752723694,0.020250635221600533
h64_wd0.01_s0,l9,3,0.0005,0.6629703874173372,0.6682960391044617,0.7433223992502344,0.6739690721649484,0.5808750135554424,0.25752184334251027,0.29228150844573975,0.023130590096116066
h64_wd0.01_s0,l9,4,0.0005,0.6410291169000708,0.6467875838279724,0.7805031630740393,0.6949390815370196,0.5609458923577975,0.23875151424054536,0.3337208330631256,0.04745253920555115
h64_wd0.01_s0,l9,5,0.0005,0.6410722810289134,0.6434844136238098,0.7910174554826617,0.7017338331771321,0.791163313241855,0.2854958765085998,0.3750514090061188,0.06575523316860199
h64_wd0.01_s0,l9,6,0.0005,0.6158456439557283,0.6519536375999451,0.8092710285848173,0.7040768509840675,0.8305219070394031,0.31051827357962714,0.41403454542160034,0.09140727669000626
h64_wd0.01_s0,l9,7,0.0005,0.5936891255171403,0.6198365688323975,0.8241345477975633,0.7163776944704779,0.9267717604740283,0.31153260213942835,0.4528486430644989,0.12519541382789612
h64_wd0.01_s0,l9,8,0.0005,0.5804340541362762,0.6244341135025024,0.8355640815370198,0.7171977507029055,0.9764559482761799,0.3163368614701941,0.48555392026901245,0.15073993802070618
h64_wd0.01_s0,l9,9,0.0005,0.5780214732107909,0.6335676312446594,0.8467886012183693,0.7189550140581068,1.3398337176492303,0.3576414044245405,0.5187225341796875,0.17617657780647278
h64_wd0.01_s0,l9,10,0.0005,0.5352832156678905,0.6382406949996948,0.8555529522024368,0.7208294283036552,0.9660227678626205,0.2631512226687623,0.5491480827331543,0.21078523993492126
h64_wd0.01_s0,l9,11,0.0005,0.5264718999033389,0.619770348072052,0.8738211691658857,0.7222352389878163,1.112011010459234,0.24032074895212216,0.5774520635604858,0.24398952722549438
h64_wd0.01_s0,l9,12,0.0005,0.5161831754705181,0.6390759944915771,0.8785950679475165,0.7266869728209934,1.1010799711877046,0.20783380200907617,0.6044669151306152,0.2797880470752716
h64_wd0.01_s0,l9,13,0.0005,0.49607549802116724,0.6197778582572937,0.8920674203373946,0.7327788191190254,1.2045912387091746,0.22757386081230865,0.6305451393127441,0.31643831729888916
h64_wd0.01_s0,l9,14,0.0005,0.49139224446338153,0.6184718012809753,0.8968559629803188,0.7195407685098407,1.5321268104748151,0.2935468673597469,0.655247151851654,0.34858986735343933
h64_wd0.01_s0,l9,15,0.0005,0.4721709437992262,0.6108525991439819,0.9076558106841612,0.7330131208997189,1.5595214176166043,0.22538987035938193,0.679469883441925,0.3804760277271271
h64_wd0.01_s0,l9,16,0.0005,0.45199919913126074,0.6350420713424683,0.9060010543580131,0.7331302717900656,1.3627879678701798,0.22558637267086648,0.7008668184280396,0.41669967770576477
h64_wd0.01_s0,l9,17,0.0005,0.4493743414464204,0.6635976433753967,0.914465206185567,0.7223523898781631,1.5470420889482137,0.2200979874652598,0.7208906412124634,0.4444969892501831
h64_wd0.01_s0,l9,18,0.0005,0.43729107535403705,0.6439889073371887,0.9288601218369259,0.7353561387066542,1.4590754798550143,0.17169962383145826,0.7397968769073486,0.4737321138381958
h64_wd0.01_s0,l9,19,0.0005,0.44843853945317474,0.6176086664199829,0.9348933926897843,0.73805060918463,1.8460340830291402,0.2092550626926126,0.7620288729667664,0.5002824068069458
h64_wd0.01_s0,l9,20,0.0005,0.3903658759334813,0.6443849205970764,0.939938202905342,0.7373477038425492,1.5040847205429038,0.16998475561402343,0.78135746717453,0.5382009744644165
h64_wd0.01_s0,l9,21,0.0005,0.3818813108879587,0.6604214906692505,0.9479996485473289,0.7348875351452672,1.6026268117544407,0.18254348575110918,0.798186182975769,0.5724239945411682
h64_wd0.01_s0,l9,22,0.0005,0.37588603859362396,0.658794641494751,0.9527515815370197,0.7285613870665417,1.985507453129647,0.19454360020060582,0.8162933588027954,0.6070485711097717
h64_wd0.01_s0,l9,23,0.0005,0.3827528402857158,0.6426050662994385,0.9536448570759137,0.7413308341143392,1.5354051292092497,0.15110461194029015,0.8340167999267578,0.6489073038101196
h64_wd0.01_s0,l9,24,0.0005,0.3627801978069803,0.6508122682571411,0.9550579896907216,0.7302014995313966,1.8315629427752924,0.16417652477617833,0.851702868938446,0.6867077946662903
h64_wd0.01_s0,l9,25,0.0005,0.3480971695288368,0.6831575632095337,0.9645764995313963,0.7381677600749765,1.9030451126798142,0.14651789231603007,0.8686233162879944,0.7231797575950623
h64_wd0.01_s0,l9,26,0.0005,0.3563134307446687,0.7075212001800537,0.9602272727272727,0.720360824742268,2.2807108480989178,0.15698115738274113,0.8847729563713074,0.757738471031189
h64_wd0.01_s0,l9,27,0.0005,0.3479219221550485,0.6557542085647583,0.9677688612933457,0.7307872539831302,2.0256093829815525,0.1530276419005485,0.9003678560256958,0.7911114692687988
h64_wd0.01_s0,l9,28,0.0005,0.3543309685976609,0.641836404800415,0.967183106841612,0.7387535145267103,1.9725406801438086,0.15928206741555603,0.918637752532959,0.8244122266769409
h64_wd0.01_s0,l9,29,0.0005,0.3108410083729288,0.7619089484214783,0.970609770384255,0.7353561387066542,2.134736834609252,0.14725764273698821,0.9337508678436279,0.8673806190490723
h64_wd0.01_s0,l9,30,0.0005,0.32722184709880664,0.7149767279624939,0.978846942361762,0.7270384254920337,2.7430698450468394,0.17034417781615543,0.9481124877929688,0.8877336382865906
h64_wd0.01_s0,l9,31,0.0005,0.2901016758835834,0.703886866569519,0.9770750351452671,0.728912839737582,2.2221642018875127,0.1282955972486367,0.9613028764724731,0.9201810956001282
h64_wd0.01_s0,l9,32,0.0005,0.2992891144493352,0.7165800929069519,0.9839503280224929,0.7214151827553889,2.25805507731144,0.12761164059104532,0.9748131632804871,0.9497397541999817
h64_wd0.01_s0,l9,33,0.0005,0.288104143479596,0.7028322219848633,0.9776241799437675,0.7258669165885662,2.2327159063247652,0.12969063998727923,0.9878220558166504,0.9820808172225952
h64_wd0.01_s0,l9,34,0.0005,0.27866653838883276,0.8069766759872437,0.9862494142455482,0.720829428303655,2.4983111671934557,0.13136354806956407,1.0020087957382202,1.011195421218872
h64_wd0.01_s0,l9,35,0.0005,0.2940025860848634,0.7771475911140442,0.9871792994376757,0.7328959700093721,2.4932231081694236,0.13717594977525627,1.0152188539505005,1.0500123500823975
h64_wd0.01_s0,l9,36,0.0005,0.27792656939962634,0.8177396059036255,0.9885192127460168,0.7303186504217432,3.067698375012482,0.1388302718716826,1.0295677185058594,1.0829325914382935
h64_wd0.01_s0,l9,37,0.0005,0.23907677570114966,0.8101177215576172,0.9810435215557638,0.7410965323336458,2.2627021154097635,0.11447433051623543,1.0404809713363647,1.1186772584915161
h64_wd0.01_s0,l9,38,0.0005,0.3090498402066853,0.8149272203445435,0.983232778819119,0.7152061855670103,3.7430498904671703,0.16694589899177692,1.0529999732971191,1.1440794467926025
h64_wd0.01_s0,l9,39,0.0005,0.3115105554461479,0.7345033288002014,0.9896687558575445,0.7068884723523897,4.352962127352156,0.17573337021168062,1.0647239685058594,1.1470073461532593
h64_wd0.01_s0,l9,40,0.0005,0.2587001518062923,0.7930891513824463,0.9896687558575445,0.7210637300843487,2.616861672665124,0.11897247865000113,1.0784969329833984,1.170003890991211
h64_wd0.01_s0,l9,41,0.0005,0.2527692097684611,0.8060498833656311,0.98439696579194,0.7243439550140581,2.575986131661157,0.1044806218053952,1.0884615182876587,1.2045396566390991
h64_wd0.01_s0,l9,42,0.0005,0.2225335771622865,0.7783586382865906,0.9856416940018744,0.7252811621368321,2.2268408801992563,0.10883393973730321,1.0977426767349243,1.2467014789581299
h64_wd0.01_s0,l9,43,0.0005,0.24569417795409326,0.8068205714225769,0.9953615569353327,0.7150304592314901,3.179464036183439,0.11756330526802268,1.1070575714111328,1.2825087308883667
h64_wd0.01_s0,l10,1,0.0005,0.6986150974812715,0.6855390071868896,0.6646747324679145,0.6302668539325843,0.5337980927347138,0.22710025508073245,0.20967066287994385,0.023780064657330513
h64_wd0.01_s0,l10,2,0.0005,0.6859634000322093,0.6830352544784546,0.7409553929320045,0.6520365168539326,0.5029934862096231,0.2722606324664864,0.24982355535030365,0.02896757982671261
h64_wd0.01_s0,l10,3,0.0005,0.6679487876270128,0.6930265426635742,0.7015261280476593,0.568937265917603,0.42056328692926437,0.19442370438000492,0.27908581495285034,0.029414650052785873
h64_wd0.01_s0,l10,4,0.0005,0.6556614455969437,0.6718000173568726,0.7502298385613945,0.6199672284644194,0.5458449647422838,0.22967892831607045,0.31337377429008484,0.045136913657188416
h64_wd0.01_s0,l10,5,0.0005,0.6414563681768335,0.6632258296012878,0.7641598940903909,0.6351825842696629,0.583724173699228,0.26637426772089245,0.34950539469718933,0.07248203456401825
h64_wd0.01_s0,l10,6,0.0005,0.6293123079382855,0.6556357741355896,0.7919243923068437,0.6658473782771536,0.9492211865707353,0.3879805065196281,0.3793822228908539,0.09489906579256058
h64_wd0.01_s0,l10,7,0.0005,0.6139387177384418,0.6427589058876038,0.8026036112234767,0.6763810861423222,0.8019561106327615,0.2685734547799132,0.40823325514793396,0.11746468394994736
h64_wd0.01_s0,l10,8,0.0005,0.6030753695446512,0.6363213062286377,0.8176074725113082,0.6835205992509363,0.8339339054557684,0.24275444165910126,0.4414418339729309,0.14667408168315887
h64_wd0.01_s0,l10,9,0.0005,0.5789752187936202,0.6301280856132507,0.8310668186665686,0.690191947565543,0.8647388193914619,0.21690418016625743,0.46962088346481323,0.18110506236553192
h64_wd0.01_s0,l10,10,0.0005,0.5637530749258788,0.6217219829559326,0.8528371272018536,0.7121956928838952,0.9795926610482428,0.24119950774787235,0.4981059730052948,0.22122037410736084
h64_wd0.01_s0,l10,11,0.0005,0.5732569124387659,0.644477128982544,0.847887323943662,0.6907771535580525,1.3424200722479713,0.2998478651920636,0.5275707244873047,0.2450951635837555
h64_wd0.01_s0,l10,12,0.0005,0.5334224195584006,0.6246297359466553,0.8668480859044607,0.7126638576779027,1.1559255332010347,0.251679591044918,0.5522654056549072,0.2659919857978821
h64_wd0.01_s0,l10,13,0.0005,0.525401216486226,0.6191002726554871,0.8790276909498768,0.7198033707865169,1.1293916417005252,0.22538418858287185,0.5773417949676514,0.2941927909851074
h64_wd0.01_s0,l10,14,0.0005,0.5190992653369904,0.6509774923324585,0.8855220093406391,0.728815543071161,1.4933453959075662,0.2546850113479672,0.5999744534492493,0.33517006039619446
h64_wd0.01_s0,l10,15,0.0005,0.5387710268082826,0.6432632207870483,0.8983047107711544,0.7199204119850188,1.679659266470501,0.24440691153272068,0.624505341053009,0.3557303249835968
h64_wd0.01_s0,l10,16,0.0005,0.4999675400879072,0.6162838339805603,0.9045269003052256,0.7323267790262172,1.5932321632680997,0.2468420842560598,0.6459996104240417,0.37995752692222595
h64_wd0.01_s0,l10,17,0.0005,0.46878276570983557,0.6461676955223083,0.9017909020703859,0.7238998127340824,1.3315098307878777,0.1818702282859034,0.6663154363632202,0.41713422536849976
h64_wd0.01_s0,l10,18,0.0005,0.45075995248296985,0.6108636856079102,0.9202735998234839,0.7375936329588015,1.3930541862610426,0.18141710318708804,0.684706449508667,0.45312273502349854
h64_wd0.01_s0,l10,19,0.0005,0.4396016157191733,0.6827322244644165,0.9239068878020078,0.7304541198501873,1.9201600414408675,0.2266905652577168,0.7026602625846863,0.49137985706329346
h64_wd0.01_s0,l10,20,0.0005,0.4530644585256991,0.6326947808265686,0.9323502371933953,0.7359550561797753,1.8208247680030079,0.19425910082539175,0.7195345163345337,0.514197826385498
h64_wd0.01_s0,l10,21,0.0005,0.42852811839269556,0.6547683477401733,0.9277975949692936,0.7441479400749064,2.0018987649573057,0.21111255956386554,0.7377431988716125,0.5417423844337463
h64_wd0.01_s0,l10,22,0.0005,0.4291658790215202,0.6806513071060181,0.9329349464935829,0.7338483146067416,1.9993464337954119,0.2032271764519638,0.7547737956047058,0.569176197052002
h64_wd0.01_s0,l10,23,0.0005,0.39021413222603174,0.6522998809814453,0.9396094583164786,0.7457865168539327,1.5781822298806287,0.15287806794347672,0.7692129611968994,0.6089338660240173
h64_wd0.01_s0,l10,24,0.0005,0.3787992570711219,0.6717919707298279,0.9511565476409369,0.7426264044943821,1.84432649203574,0.17609422728523091,0.7831470966339111,0.6510804295539856
h64_wd0.01_s0,l10,25,0.0005,0.36539217829704285,0.6697108745574951,0.9501195160519251,0.742626404494382,1.6418421424482545,0.1552334573331658,0.7968594431877136,0.6968454718589783
h64_wd0.01_s0,l10,26,0.0005,0.36517371302065643,0.7050628066062927,0.9548560291251426,0.7421582397003745,1.8882817306916022,0.13653760461778544,0.8102917671203613,0.738486111164093
h64_wd0.01_s0,l10,27,0.0005,0.37533640731935913,0.6308203935623169,0.9584893171036664,0.7347846441947566,2.7343925159397156,0.19400497470680952,0.8246709704399109,0.7754750847816467
h64_wd0.01_s0,l10,28,0.0005,0.3753962115101192,0.6484473347663879,0.9652116353473321,0.7454353932584271,2.2995220147242987,0.1854936683143183,0.8387646675109863,0.8032362461090088
h64_wd0.01_s0,l10,29,0.0005,0.34872277534526325,0.6426190137863159,0.9601515095796713,0.7330290262172284,2.019020534578638,0.1452202472873824,0.8519992828369141,0.8410383462905884
h64_wd0.01_s0,l10,30,0.0005,0.35004386953685596,0.6604788899421692,0.9749494355164932,0.7426264044943821,2.3482867388600126,0.14889625445304763,0.86284339427948,0.8715333938598633
h64_wd0.01_s0,l10,31,0.0005,0.3428344279527664,0.6972979307174683,0.9755672415695216,0.7415730337078652,2.5577637164719813,0.15896522901426124,0.8747574687004089,0.8957313895225525
h64_wd0.01_s0,l10,32,0.0005,0.349121063299801,0.6882597804069519,0.9735299525613209,0.7459035580524345,2.3230989613792667,0.13284650908294537,0.8848639130592346,0.923795223236084
h64_wd0.01_s0,l10,33,0.0005,0.3220928635286248,0.6738010048866272,0.9726253079836722,0.7441479400749065,2.2602449966979195,0.11239412862691973,0.8959723114967346,0.9557331204414368
h64_wd0.01_s0,l10,34,0.0005,0.3412225706421811,0.7058578133583069,0.966403118449601,0.7404026217228464,2.81991765694472,0.16064993984762352,0.9064573049545288,0.9805760383605957
h64_wd0.01_s0,l10,35,0.0005,0.3443066600872123,0.6497142910957336,0.9767587246717905,0.7367743445692884,2.5518471497222968,0.13164386461165153,0.9179683327674866,1.0047736167907715
h64_wd0.01_s0,l10,36,0.0005,0.34069526908190356,0.6604310274124146,0.9825911080057368,0.735135767790262,3.1132427424936204,0.1652401808868023,0.9287725687026978,1.0344487428665161
h64_wd0.01_s0,l10,37,0.0005,0.2762638997772466,0.6913239359855652,0.97911227154047,0.7356039325842697,1.9482017359243768,0.10854518044770779,0.9392729997634888,1.0740172863006592
h64_wd0.01_s0,l10,38,0.0005,0.32252097259397094,0.6985847353935242,0.973529952561321,0.747191011235955,2.8971675632806786,0.13915400321149932,0.9488157033920288,1.1058546304702759
h64_wd0.01_s0,l10,39,0.0005,0.32370644224726636,0.7142398953437805,0.9803846578163498,0.7155898876404494,2.8117443638357,0.15581185708030335,0.959305465221405,1.1285089254379272
h64_wd0.01_s0,l10,40,0.0005,0.2932417781456657,0.79380202293396,0.9847681388592653,0.7402855805243445,2.4201735375280093,0.11525339423413122,0.9682803153991699,1.1658315658569336
h64_wd0.01_s0,l10,41,0.0005,0.322954953364704,0.725485622882843,0.9797962710991799,0.7484784644194756,3.337975472570586,0.14254118281051714,0.9780354499816895,1.196324348449707
h64_wd0.01_s0,l10,42,0.0005,0.3325085620517316,0.6816787719726562,0.9770786599492516,0.7365402621722847,3.015956066046071,0.15088297532113518,0.987747848033905,1.2146916389465332
h64_wd0.01_s0,l10,43,0.0005,0.3086301230865976,0.7545294761657715,0.9753502739675652,0.7389981273408239,2.099154044101085,0.1044437519833961,0.9964147806167603,1.2536500692367554
h64_wd0.01_s0,l10,44,0.0005,0.2760207853887392,0.792090892791748,0.9854668480859046,0.7423923220973783,2.20920832736354,0.10037574419274645,1.0041134357452393,1.2962886095046997
h64_wd0.01_s0,l10,45,0.0005,0.29573738477800204,0.7410850524902344,0.9790902070385762,0.7297518726591761,3.591236527671766,0.13604218260387335,1.0108431577682495,1.3151057958602905
h64_wd0.01_s0,l10,46,0.0005,0.2648796076359956,0.815789520740509,0.9857022027727724,0.7475421348314607,2.623579725147762,0.10457818500408467,1.017651915550232,1.337913155555725
h64_wd0.01_s0,l10,47,0.0005,0.2946567781593489,0.6926344037055969,0.977755304673997,0.7320926966292135,3.601505382650626,0.1474613849180077,1.025840401649475,1.3579272031784058
h64_wd0.01_s0,l10,48,0.0005,0.34536171153835626,0.6728993058204651,0.9769058213510831,0.7441479400749064,3.2071684583286784,0.11067115595471969,1.0349833965301514,1.3869140148162842
h64_wd0.01_s0,l10,49,0.0005,0.30021819731463556,0.6516541838645935,0.9742875004596772,0.7544475655430712,3.2351964968910574,0.11724128614684783,1.0420705080032349,1.4137413501739502
h64_wd0.01_s0,l10,50,0.0005,0.33974306091018347,0.7256190776824951,0.9744713713087927,0.74812734082397,3.012449153119435,0.10943265433797533,1.0494898557662964,1.4439504146575928
h64_wd0.01_s0,l10,51,0.0005,0.2704585155715113,0.7541261315345764,0.9879233626300886,0.7428604868913856,2.5201356800680386,0.08813125099219189,1.0557148456573486,1.477803349494934
h64_wd0.01_s0,l10,52,0.0005,0.2400522429658019,0.8849949836730957,0.9910418122310889,0.7258895131086143,2.6378109295351506,0.08417437743637253,1.0612618923187256,1.5121264457702637
h64_wd0.01_s0,l10,53,0.0005,0.23119868273320404,0.9505875706672668,0.9918361342992682,0.7292837078651685,2.4538423567172214,0.07418834866579313,1.066922664642334,1.54556143283844
h64_wd0.01_s0,l10,54,0.0005,0.2314753461143245,0.8938494920730591,0.9851652998933549,0.7346676029962547,3.0114457797040335,0.09545036746175355,1.0726358890533447,1.5721460580825806
h64_wd0.01_s0,l10,55,0.0005,0.28337438534135406,0.752661943435669,0.986606847350421,0.7166432584269663,3.1990356688091452,0.09916541312310054,1.079344630241394,1.5964341163635254
h64_wd0.01_s0,l10,56,0.0005,0.32734150536682294,0.6959958672523499,0.9735042106424447,0.7072799625468165,4.458760594858109,0.1360256993837281,1.0858573913574219,1.6058852672576904
h64_wd0.01_s0,l10,57,0.0005,0.3380421432464019,0.764913022518158,0.9831353657191189,0.7192181647940075,2.347531388153286,0.07866282317568431,1.0919244289398193,1.6264666318893433
h64_wd0.01_s0,l10,58,0.0005,0.24883585844350897,0.8211609125137329,0.9930129077336078,0.7331460674157303,2.692875963277818,0.07431810883141377,1.096825361251831,1.658414363861084
h64_wd0.01_s0,l10,59,0.0005,0.2224237225625826,0.827001690864563,0.9916522634501526,0.7400514981273408,2.6758501779681847,0.07285732805888799,1.1021939516067505,1.693147897720337
h64_wd0.01_s0,l10,60,0.0005,0.2311210405567418,0.8649517297744751,0.993792520133858,0.7366573033707866,3.115801631546743,0.08138446271149098,1.1072176694869995,1.7223806381225586
h64_wd0.01_s0,l10,61,0.0005,0.29233027217180835,0.7114096283912659,0.9944471003567094,0.733497191011236,4.1233263928605535,0.0987070563461014,1.1137056350708008,1.7476532459259033
h64_wd0.01_s0,l10,62,0.0005,0.29220841760220734,0.8739175200462341,0.9952745191777296,0.7295177902621722,3.5218010733369742,0.06922001582417137,1.1193468570709229,1.7728276252746582
h64_wd0.01_s0,l10,63,0.0005,0.2468857097884883,0.8548616766929626,0.9915640054425772,0.7378277153558053,3.095847310775173,0.0829588542231546,1.1241720914840698,1.8003885746002197
h64_wd0.01_s0,l10,64,0.0005,0.22202494740486145,0.8670896887779236,0.9954510351928805,0.7359550561797753,2.9854600368577393,0.0666873631371805,1.128823161125183,1.8255945444107056
h64_wd0.01_s0,l10,65,0.0005,0.2423821101370065,0.9491301774978638,0.9909535542235134,0.7310393258426965,3.8684926228237337,0.08712523339998347,1.134114146232605,1.8548768758773804
h64_wd0.01_s0,l10,66,0.0005,0.25333434019399725,0.774435818195343,0.9848931710366639,0.7034176029962547,3.6121814753630788,0.08741841328232884,1.1398341655731201,1.8784511089324951
h64_wd0.01_s0,l10,67,0.0005,0.26639037935630133,0.9704791307449341,0.992211230831464,0.7350187265917604,2.7328112026080262,0.06771043430310437,1.1454908847808838,1.9100645780563354
h64_wd0.01_s0,l10,68,0.0005,0.27070315117421356,0.9346573948860168,0.9820615599602839,0.738061797752809,5.153787534240902,0.10811793849195547,1.1519510746002197,1.925334095954895
h64_wd0.01_s0,l10,69,0.0005,0.3064157295486201,0.8716383576393127,0.9925127790240136,0.7292837078651686,3.668890108044168,0.08963107977673361,1.1576627492904663,1.9327919483184814
h64_wd0.01_s0,l11,1,0.0005,0.6998082805763591,0.6781616806983948,0.7459806833399418,0.673132183908046,0.7795878447883401,0.38028676406792744,0.2116214483976364,0.018631044775247574
h64_wd0.01_s0,l11,2,0.0005,0.6713319258256392,0.6712345480918884,0.7249208854840761,0.6397270114942528,0.6785737706623279,0.32336339374192735,0.2644340693950653,0.021144144237041473
h64_wd0.01_s0,l11,3,0.0005,0.6490676403045654,0.6732303500175476,0.7686863623781486,0.6823515325670498,0.6823318060340412,0.3013240713117638,0.30421170592308044,0.01710854470729828
h64_wd0.01_s0,l11,4,0.0005,0.6368100236762654,0.6485898494720459,0.7887511502465081,0.6951628352490421,0.7935401396049325,0.3844929562568326,0.3435111343860626,0.02864953875541687
h64_wd0.01_s0,l11,5,0.0005,0.620564113963734,0.6484376192092896,0.7846663724030614,0.6800766283524904,0.8052411291230573,0.3788672471770474,0.39220356941223145,0.05760251730680466
h64_wd0.01_s0,l11,6,0.0005,0.6018421622839841,0.6436398029327393,0.7974518766786117,0.6919300766283525,0.971143037419849,0.41195468230441534,0.43569982051849365,0.07615181058645248
h64_wd0.01_s0,l11,7,0.0005,0.582796186208725,0.6228171586990356,0.821982987573597,0.7062978927203065,1.0582243715286608,0.432547111071942,0.47321251034736633,0.08413895219564438
h64_wd0.01_s0,l11,8,0.0005,0.5897489975799214,0.6135484576225281,0.844486672103062,0.7231800766283525,1.4833497156628652,0.6322081397961092,0.5079007744789124,0.09961438924074173
h64_wd0.01_s0,l11,9,0.0005,0.5590505762533708,0.6376232504844666,0.8379779601547127,0.7177921455938697,1.030209294741549,0.3765588128477564,0.5389142036437988,0.11567246913909912
h64_wd0.01_s0,l11,10,0.0005,0.5523811795494773,0.6153160929679871,0.8506961329273492,0.7249760536398467,1.27760804442353,0.37360539906235674,0.5701087117195129,0.1353541761636734
h64_wd0.01_s0,l11,11,0.0005,0.5230402702634985,0.601130485534668,0.8722197700255111,0.73647030651341,1.0040224592134985,0.3048223948690879,0.5985551476478577,0.15479342639446259
h64_wd0.01_s0,l11,12,0.0005,0.5175694660706953,0.593727171421051,0.8845863227273747,0.741139846743295,1.3612800223648245,0.3745005351804878,0.627077043056488,0.17775975167751312
h64_wd0.01_s0,l11,13,0.0005,0.5077538219365206,0.5919018387794495,0.8952546253001863,0.7458093869731801,1.439192837119654,0.3624578186565708,0.6551980376243591,0.19538992643356323
h64_wd0.01_s0,l11,14,0.0005,0.4866503124887293,0.5977627038955688,0.9014640861244736,0.7490421455938698,1.2655283411764369,0.3166659052834207,0.6816232800483704,0.22323313355445862
h64_wd0.01_s0,l11,15,0.0005,0.4674265452406623,0.628973662853241,0.9102097002251865,0.7483237547892722,1.351260561389845,0.30602557278556464,0.7039124965667725,0.24639233946800232
h64_wd0.01_s0,l11,16,0.0005,0.4322565929456191,0.6163939833641052,0.9126336343300889,0.7552681992337165,1.314558940674431,0.28256203775422833,0.7283719182014465,0.2777217626571655
h64_wd0.01_s0,l11,17,0.0005,0.44812546941367065,0.6318883299827576,0.9196585544674453,0.7564655172413792,1.7331711440717106,0.3768408775511505,0.7515588998794556,0.2999916970729828
h64_wd0.01_s0,l11,18,0.0005,0.4217300916259939,0.5908729434013367,0.9297657611826404,0.7673611111111112,1.4973074354150697,0.3338140477159708,0.7716183662414551,0.31906774640083313
h64_wd0.01_s0,l11,19,0.0005,0.4657369608228857,0.6068431735038757,0.9384590063366426,0.7654454022988505,2.0163709536150334,0.3569826646526905,0.7952572107315063,0.3312584161758423
h64_wd0.01_s0,l11,20,0.0005,0.4098018231717023,0.5935349464416504,0.9380774611534635,0.76352969348659,1.63303160343432,0.2707438507195111,0.8179142475128174,0.35481420159339905
h64_wd0.01_s0,l11,21,0.0005,0.40817204117774963,0.6035383939743042,0.942633559517308,0.7642480842911877,1.9475555323899605,0.28878616608244,0.8386483788490295,0.37623220682144165
h64_wd0.01_s0,l11,22,0.0005,0.4393888332627036,0.637700080871582,0.9460899100002245,0.766882183908046,2.337261313837926,0.32527360605152744,0.8585183620452881,0.3914393186569214
h64_wd0.01_s0,l11,23,0.0005,0.37784861570054834,0.6068661212921143,0.9511622165530759,0.7728687739463602,1.517883191505681,0.23331416174669942,0.8776209354400635,0.4158932864665985
h64_wd0.01_s0,l11,24,0.0005,0.39543638920242136,0.6926612257957458,0.9486859135014627,0.7679597701149425,2.3155501448268647,0.36983586298622995,0.8967664837837219,0.4383106827735901
h64_wd0.01_s0,l11,25,0.0005,0.3772707689892162,0.6010000109672546,0.9562195605497242,0.7715517241379312,1.7496187488603783,0.23539191443093008,0.9152340292930603,0.4548605978488922
h64_wd0.01_s0,l11,26,0.0005,0.35774797336621716,0.5995684862136841,0.9649277682599295,0.7695162835249042,1.842663072168925,0.21223964416271138,0.9310539960861206,0.4820052683353424
h64_wd0.01_s0,l11,27,0.0005,0.31994410062378104,0.599494993686676,0.9682644182932212,0.7746647509578545,1.5134927502663664,0.19102153138021458,0.9470605254173279,0.5149542689323425
h64_wd0.01_s0,l11,28,0.0005,0.3606077026237141,0.5996007323265076,0.9655487143423583,0.776580459770115,2.325176277726871,0.29371821539191156,0.9631586670875549,0.5378351211547852
h64_wd0.01_s0,l11,29,0.0005,0.2874612584710121,0.6468460559844971,0.9707706464572408,0.7714319923371648,1.6734058347790572,0.1991613088128245,0.9796477556228638,0.5656639337539673
h64_wd0.01_s0,l11,30,0.0005,0.3220610401847146,0.6730936765670776,0.9710549350250997,0.7765804597701148,2.048067282907201,0.20653870942172636,0.9942664504051208,0.5940765142440796
h64_wd0.01_s0,l11,31,0.0005,0.3438528755849058,0.676863431930542,0.9763142735304899,0.7672413793103448,2.5102034208534842,0.23673358453827023,1.0102988481521606,0.6138648390769958
h64_wd0.01_s0,l11,32,0.0005,0.3130748685110699,0.702786386013031,0.9731945805621433,0.7617337164750958,2.144223488478959,0.2402213669869078,1.026861310005188,0.6378586888313293
h64_wd0.01_s0,l11,33,0.0005,0.3749681535092267,0.808582067489624,0.9631696679060651,0.75,3.299320184715957,0.3343510422357721,1.0429757833480835,0.6376122832298279
h64_wd0.01_s0,l11,34,0.0005,0.3917261592366479,0.6185864806175232,0.9771372141216605,0.7691570881226054,2.9906418008327664,0.3233841357086941,1.0604227781295776,0.6323804259300232
h64_wd0.01_s0,l11,35,0.0005,0.32936903021552344,0.6201061010360718,0.9796509235637816,0.7665229885057472,2.2828120042862663,0.2612363263042562,1.0762721300125122,0.6527895331382751
h64_wd0.01_s0,l11,36,0.0005,0.29106528650630603,0.6976513862609863,0.9773392086304025,0.7574233716475096,2.1960132941000556,0.19588436493687178,1.090038537979126,0.6812331080436707
h64_wd0.01_s0,l11,37,0.0005,0.3096572763540528,0.6523834466934204,0.9796209984513754,0.7666427203065134,2.2743302716320235,0.23746546389650397,1.1044363975524902,0.7051690816879272
h64_wd0.01_s0,l11,38,0.0005,0.258316389539025,0.6878937482833862,0.9830698676561904,0.7628113026819924,1.7425705292913505,0.1666615701516544,1.116803526878357,0.7411871552467346
h64_wd0.01_s0,l11,39,0.0005,0.25258436731316825,0.9122631549835205,0.9761870918027636,0.7640086206896551,2.250042418388629,0.16039156532392446,1.1281601190567017,0.7727288603782654
h64_wd0.01_s0,l11,40,0.0005,0.2458629384636879,0.6678603291511536,0.9845661232765006,0.7661637931034483,2.2324977232606438,0.191791162655824,1.1417452096939087,0.79911208152771
h64_wd0.01_s0,l11,41,0.0005,0.23733626983382486,0.6889736652374268,0.9859052720566782,0.7670019157088124,1.9776878812024172,0.15822280657983429,1.1541377305984497,0.8335981369018555
h64_wd0.01_s0,l11,42,0.0005,0.23550974476066502,0.7202723622322083,0.99300500497505,0.7564655172413793,2.2799751553011944,0.13888258738138803,1.1650300025939941,0.8655459880828857
h64_wd0.01_s0,l11,43,0.0005,0.27031696181405673,0.6835477948188782,0.9902444133555777,0.7648467432950191,2.7562386421928022,0.17980172095935248,1.178337812423706,0.8890745639801025
h64_wd0.01_s0,l11,44,0.0005,0.2542615150186149,0.6887537837028503,0.9888528956286892,0.7619731800766284,2.4432431076399133,0.16842357743016328,1.1900780200958252,0.919285774230957
h64_wd0.01_s0,l11,45,0.0005,0.21605787426233292,0.7188981771469116,0.9917182251415833,0.7625718390804598,2.1988762813001212,0.1474922836892446,1.2008742094039917,0.9510430693626404
h64_wd0.01_s0,l11,46,0.0005,0.25447335026480933,0.8176748156547546,0.9928553794130189,0.7502394636015326,3.2732623424058347,0.18018730261922722,1.2115992307662964,0.97511225938797
h64_wd0.01_s0,l11,47,0.0005,0.2981795526363633,0.7207288146018982,0.992122214159067,0.760177203065134,3.7112904754527603,0.26738005502112094,1.2250083684921265,0.9744384288787842
h64_wd0.01_s0,l11,48,0.0005,0.2061400833454999,0.7518018484115601,0.9917481502539895,0.7679597701149424,2.5451915353467656,0.151719379896675,1.2356445789337158,0.9968913197517395
h64_wd0.01_s0,l12,1,0.0005,0.7044293230230158,0.6887307167053223,0.6436447747611103,0.6010889292196007,0.43710941931402697,0.2280159137609419,0.2084227055311203,0.022146519273519516
h64_wd0.01_s0,l12,2,0.0005,0.6884198486804962,0.6847007274627686,0.7315106931594115,0.6408953418027828,0.3588675416626035,0.24057269210993415,0.2483375370502472,0.025552619248628616
h64_wd0.01_s0,l12,3,0.0005,0.6804247579791329,0.6786725521087646,0.744228727438192,0.6457350272232304,0.4160956353046183,0.25384390308816973,0.2838262617588043,0.030468137934803963
h64_wd0.01_s0,l12,4,0.0005,0.6638226265257056,0.6763205528259277,0.7582739268921584,0.6526315789473685,0.47943354984507797,0.279167716953777,0.31789109110832214,0.048829223960638046
h64_wd0.01_s0,l12,5,0.0005,0.6595171825452284,0.6649414896965027,0.7470347338085849,0.6382335148215366,0.5574652377243154,0.3176824049822323,0.3495256304740906,0.0699562057852745
h64_wd0.01_s0,l12,6,0.0005,0.633779379454526,0.6635414958000183,0.7738207189443349,0.6660617059891106,0.47380381246893644,0.2043624182688767,0.3855111002922058,0.09568316489458084
h64_wd0.01_s0,l12,7,0.0005,0.6274266784841364,0.653131365776062,0.7788336114060367,0.6601330913490623,0.5556660573174033,0.21302861315531427,0.41820865869522095,0.11831232160329819
h64_wd0.01_s0,l12,8,0.0005,0.6107448420741342,0.6443586945533752,0.7973760048536327,0.6727162734422262,0.630729242211216,0.2540591898088349,0.4492761790752411,0.14471355080604553
h64_wd0.01_s0,l12,9,0.0005,0.5958904732357372,0.6588882207870483,0.7978537843166995,0.664367816091954,0.8810249253144726,0.2856977828290685,0.4771171510219574,0.166815385222435
h64_wd0.01_s0,l12,10,0.0005,0.5845595598220825,0.6523194909095764,0.8253602305475504,0.688929219600726,0.8728775526874049,0.2707659070601103,0.5038573741912842,0.19131562113761902
h64_wd0.01_s0,l12,11,0.0005,0.5646031471815977,0.6362044811248779,0.8281738207189444,0.6842105263157895,0.8612252905831782,0.2831659527999663,0.540881872177124,0.21814291179180145
h64_wd0.01_s0,l12,12,0.0005,0.5564410117539492,0.6294241547584534,0.839936296071591,0.6929219600725952,0.9093728237977838,0.2614870185717374,0.5669161677360535,0.2452661395072937
h64_wd0.01_s0,l12,13,0.0005,0.5456629192287271,0.627852201461792,0.8564386470499015,0.7090139140955839,0.8775808267367786,0.18944705962759548,0.5873916149139404,0.27598047256469727
h64_wd0.01_s0,l12,14,0.0005,0.5616407854990526,0.6369160413742065,0.8588199605642347,0.704779189352692,1.2501599208995327,0.25000924833522287,0.6080350279808044,0.29053857922554016
h64_wd0.01_s0,l12,15,0.0005,0.5229094787077471,0.6163132190704346,0.8699226452297891,0.7148215366001209,1.0210842848885735,0.21770075477379314,0.631216824054718,0.32103431224823
h64_wd0.01_s0,l12,16,0.0005,0.51583500883796,0.6387046575546265,0.8795464887001365,0.7137326073805202,1.0170744449663607,0.19705265731466107,0.6548526883125305,0.3579762279987335
h64_wd0.01_s0,l12,17,0.0005,0.4973388652909886,0.6430872678756714,0.8805551342332776,0.7092558983666062,1.326295572210653,0.21815330888685594,0.6758901476860046,0.3942418396472931
h64_wd0.01_s0,l12,18,0.0005,0.486934171481566,0.6093490719795227,0.90035643864705,0.7294615849969752,1.380719751104103,0.22072583449971506,0.6959527730941772,0.4203747808933258
h64_wd0.01_s0,l12,19,0.0005,0.4872291833162308,0.6272433996200562,0.9020779614742909,0.723049001814882,1.2551724735663203,0.19063694888611502,0.7134900689125061,0.45409178733825684
h64_wd0.01_s0,l12,20,0.0005,0.4680979427966205,0.6460247039794922,0.9081905050811467,0.7188142770719903,1.479854747063372,0.17516118330964886,0.7263894081115723,0.48243626952171326
h64_wd0.01_s0,l12,21,0.0005,0.4502225193110379,0.6213681697845459,0.9065979068709238,0.736963097398669,1.1283461416702183,0.15117431393632116,0.7432022094726562,0.5190256834030151
h64_wd0.01_s0,l12,22,0.0005,0.46251837096431037,0.6236838102340698,0.9148035795540725,0.7265577737447065,1.394414789074306,0.18015792495329103,0.7574389576911926,0.5544348359107971
h64_wd0.01_s0,l12,23,0.0005,0.49483470347794617,0.6180157661437988,0.9136432580009101,0.7215970961887477,1.7634952034647744,0.21852434759455053,0.7722012400627136,0.5756540298461914
h64_wd0.01_s0,l12,24,0.0005,0.4500221149487929,0.6211037039756775,0.929364477476111,0.7299455535390199,1.4680491272193725,0.16134881722908767,0.7853333950042725,0.6040431261062622
h64_wd0.01_s0,l12,25,0.0005,0.4226985506036065,0.6222906708717346,0.9358562111330198,0.7270417422867513,1.5864468593064844,0.15756071226357132,0.7969164848327637,0.638474702835083
h64_wd0.01_s0,l12,26,0.0005,0.4344241443005475,0.6171990633010864,0.9406795085696952,0.7278886872353296,1.9828094221616688,0.1775981173555471,0.8106411695480347,0.6640856862068176
h64_wd0.01_s0,l12,27,0.0005,0.4129165763204748,0.6099438071250916,0.9338616714697405,0.7374470659407137,1.6774760206424126,0.15707690453902926,0.82309490442276,0.6982154846191406
h64_wd0.01_s0,l12,28,0.0005,0.40244990993629803,0.6337566375732422,0.9386773851054148,0.7352692075015124,1.5782195842588342,0.15174321976335808,0.8340783715248108,0.7420198321342468
h64_wd0.01_s0,l12,29,0.0005,0.3839929550886154,0.6480347514152527,0.9435689367510998,0.7261947973381729,1.7478298611982295,0.128279648012551,0.8446625471115112,0.7790786623954773
h64_wd0.01_s0,l12,30,0.0005,0.38899035209959204,0.6397521495819092,0.9412331260427726,0.7347852389594676,1.8121834545465851,0.13904560726279774,0.8561192750930786,0.8135921955108643
h64_wd0.01_s0,l12,31,0.0005,0.3959949138489636,0.6346050500869751,0.9509783103291369,0.74010889292196,1.8158043301958182,0.12761640081134004,0.8665110468864441,0.8483753800392151
h64_wd0.01_s0,l12,32,0.0005,0.35891697149385104,0.6455746293067932,0.9583725163051722,0.7379310344827585,2.1264182851032873,0.14087363916776294,0.8768712282180786,0.8846802711486816
h64_wd0.01_s0,l12,33,0.0005,0.3703950196504593,0.6238625645637512,0.9539511603215531,0.7390199637023593,1.9921557079069365,0.12701201189344757,0.8875646591186523,0.9191486239433289
h64_wd0.01_s0,l12,34,0.0005,0.35887973687865515,0.6777443289756775,0.9629910511148188,0.7324863883847549,1.8726044378410505,0.12385256808975162,0.896198570728302,0.9537843465805054
h64_wd0.01_s0,l12,35,0.0005,0.34256160868839786,0.6156181693077087,0.9668587896253603,0.7398669086509377,2.4692444231858404,0.14099105823324384,0.9081407785415649,0.9822683930397034
h64_wd0.01_s0,l12,36,0.0005,0.3566786213354631,0.6650312542915344,0.969406946761717,0.733091349062311,2.1047515938928,0.11708448472933991,0.9196503162384033,1.016094446182251
h64_wd0.01_s0,l12,37,0.0005,0.375606660138477,0.6290754079818726,0.9689822539056575,0.7332123411978221,2.1666810302488453,0.12659648823024353,0.9288722276687622,1.048509120941162
h64_wd0.01_s0,l12,38,0.0005,0.3653044876727191,0.6663898229598999,0.9556271803427878,0.7419237749546279,2.1314952772187534,0.11088102921144723,0.9373958706855774,1.085299015045166
h64_wd0.01_s0,l12,39,0.0005,0.3441389724612236,0.7290837168693542,0.961049598058547,0.7473684210526316,2.61875258561408,0.1235776126119496,0.9457773566246033,1.120882272720337
h64_wd0.01_s0,l12,40,0.0005,0.3474352549422871,0.7614503502845764,0.9683603822235705,0.741318814277072,3.0236746800069296,0.14347082284085014,0.9538678526878357,1.1406335830688477
h64_wd0.01_s0,l12,41,0.0005,0.3497665524482727,0.6860237717628479,0.975314727741544,0.7447065940713853,2.8819510904102468,0.12744278858995883,0.9625707864761353,1.1547259092330933
h64_wd0.01_s0,l12,42,0.0005,0.32113469527526334,0.6743530035018921,0.9799256787501895,0.7418027828191167,2.8458647845508573,0.12078090079809399,0.9701460599899292,1.1814773082733154
h64_wd0.01_s0,l12,43,0.0005,0.34630000455812976,0.6891058683395386,0.9805665099347793,0.7420447670901391,2.503003471407014,0.11367395780252822,0.9805014133453369,1.2038019895553589
h64_wd0.01_s0,l12,44,0.0005,0.2690020637078719,0.7065337300300598,0.9843773699378129,0.7443436176648518,2.3110256188140266,0.09647998319643623,0.9878481030464172,1.2336665391921997
h64_wd0.01_s0,l12,45,0.0005,0.2939687621864406,0.7487137317657471,0.9805172152282724,0.7509981851179673,2.7006552858219455,0.1061592553157815,0.9944903254508972,1.265007734298706
h64_wd0.01_s0,l12,46,0.0005,0.3300847350196405,0.6473096609115601,0.9825724252995602,0.7453115547489413,3.404826045657207,0.12865577228624983,1.0012480020523071,1.2794184684753418
h64_wd0.01_s0,l12,47,0.0005,0.339681859720837,0.6695750951766968,0.9830350371606249,0.743254688445251,2.721676027541804,0.10727498670232828,1.0083929300308228,1.314267635345459
h64_wd0.01_s0,l12,48,0.0005,0.31659013303843414,0.669029951095581,0.9803617473077506,0.7396249243799153,3.152688796216846,0.11744896393855693,1.0141525268554688,1.3383897542953491
h64_wd0.01_s0,l12,49,0.0005,0.2701443440534852,0.7848500609397888,0.9861823145760655,0.7436176648517847,2.9921018964530663,0.11006615313893908,1.0210009813308716,1.3691037893295288
h64_wd0.01_s0,l12,50,0.0005,0.29607687280936673,0.723638653755188,0.9846958895798574,0.7323653962492438,3.4406544016672673,0.09757388631737605,1.0283817052841187,1.3922635316848755
h64_wd0.01_s0,l12,51,0.0005,0.3085136968981136,0.7589041590690613,0.9758531776126194,0.7297035692679976,2.5880825942935792,0.10461138317026135,1.0362743139266968,1.417553424835205
h64_wd0.01_s0,l12,52,0.0005,0.2745944065126506,0.8575320243835449,0.9883133626573639,0.7404718693284936,2.8038032754284967,0.10036530738684407,1.0442312955856323,1.4509719610214233
h64_wd0.01_s0,l12,53,0.0005,0.2660067291422324,0.756647527217865,0.9839981798877597,0.7318209316394434,2.986358753366791,0.08769107162169272,1.0514702796936035,1.4731074571609497
h64_wd0.01_s0,l12,54,0.0005,0.29146146842024545,0.7043677568435669,0.9887228879114213,0.7448275862068965,3.165728787971173,0.10411894986124465,1.0583455562591553,1.5008293390274048
h64_wd0.01_s0,l12,55,0.0005,0.3216519897634333,0.676062285900116,0.9851585014409223,0.7526920750151239,3.5385212136413413,0.09469446226027839,1.0658860206604004,1.526705265045166
h64_wd0.01_s0,l12,56,0.0005,0.27397915653207083,0.6747592091560364,0.9854846048839677,0.7478523895946764,2.4547940148877796,0.08053232151985543,1.074381947517395,1.5600074529647827
h64_wd0.01_s0,l12,57,0.0005,0.3181286095218225,0.7088789939880371,0.9902775671166388,0.7451300665456745,3.4055741333438347,0.10843753270635487,1.080306053161621,1.58881413936615
h64_wd0.01_s0,l12,58,0.0005,0.32469108497554605,0.8159562945365906,0.9800394357652056,0.7328493647912886,4.205934787044081,0.12353010720606082,1.0869255065917969,1.6088393926620483
h64_wd0.01_s0,l12,59,0.0005,0.3181234164671464,0.7473381757736206,0.9815258607614136,0.7418027828191168,3.9074946157044015,0.11230233521123986,1.092403769493103,1.6247769594192505
h64_wd0.01_s0,l12,60,0.0005,0.28279888325116853,0.7608581185340881,0.9876308205672684,0.7333333333333333,2.3107609471692885,0.09487565085524685,1.0984615087509155,1.6518704891204834
h64_wd0.01_s0,l12,61,0.0005,0.304005502299829,0.7745711803436279,0.9800773547702109,0.7356926799758016,2.8520841360405496,0.08690477278169934,1.1040414571762085,1.684891700744629
h64_wd0.01_s0,l12,62,0.0005,0.28480117090723733,0.7476466298103333,0.987900045502806,0.7421657592256503,2.8036202072094203,0.08720552211475635,1.1094106435775757,1.7161518335342407
h64_wd0.01_s0,l12,63,0.0005,0.310095952315764,0.786627471446991,0.984893068405885,0.7234724742891712,3.9316551724678566,0.10074259708225472,1.1155223846435547,1.7455822229385376
h64_wd0.01_s0,l12,64,0.0005,0.25656159391457384,0.869316577911377,0.9887532231154255,0.7447065940713853,3.491464573628905,0.08502839726915788,1.1211196184158325,1.7742685079574585
h64_wd0.01_s0,l12,65,0.0005,0.2898975211110982,0.8005383014678955,0.9832322159866524,0.7366001209921355,3.3251345758623385,0.08392055324298171,1.1282483339309692,1.8017876148223877
h64_wd0.01_s0,l12,66,0.0005,0.2785266028209166,0.8560949563980103,0.991020779614743,0.7457955232909861,3.0663823998753283,0.07607786652241762,1.1345432996749878,1.8223379850387573
h64_wd0.01_s0,l12,67,0.0005,0.23964190754023465,0.8875343203544617,0.9921735173669043,0.7418027828191167,3.5177811880845726,0.08633433786871415,1.139472484588623,1.847460150718689
h64_wd0.01_s0,l12,68,0.0005,0.25387492775917053,0.9725909233093262,0.9616942211436372,0.7360556563823352,3.8526197750050524,0.09875225241997711,1.1444522142410278,1.873931646347046
h64_wd0.01_s0,l12,69,0.0005,0.35005987164649094,0.6655545830726624,0.9778439253753982,0.7254688445251058,3.7455223161297266,0.10350340404601384,1.1530321836471558,1.8917431831359863
h64_wd0.01_s0,l12,70,0.0005,0.3443572460250421,0.8055865168571472,0.9905922948581829,0.7437386569872958,3.29841615076085,0.10117903588508459,1.1593706607818604,1.913238525390625
h64_wd0.01_s0,l12,71,0.0005,0.34507987377318466,0.7623163461685181,0.9812073411193691,0.7345432546884452,3.9649563776736514,0.11513848315022708,1.164455533027649,1.9199869632720947
h64_wd0.01_s0,l12,72,0.0005,0.27927198531952774,0.7974408268928528,0.9918625815258607,0.7369630973986692,3.2788040203216884,0.09937920924939679,1.1695194244384766,1.944193720817566
h64_wd0.01_s0,l12,73,0.0005,0.26383581080219964,0.8359904289245605,0.989420597603519,0.7345432546884452,2.896186565862602,0.08428082068460872,1.1739299297332764,1.973399043083191
h64_wd0.01_s0,l12,74,0.0005,0.242866785350171,0.7396849989891052,0.9935158501440923,0.73502722323049,2.6501209778026418,0.07843686928515421,1.1793668270111084,2.007927894592285
h64_wd0.01_s0,l12,75,0.0005,0.2996303920041431,0.7682435512542725,0.9918625815258608,0.7438596491228069,4.732352517823579,0.12361588926642848,1.1842800378799438,2.023552179336548
h64_wd0.01_s0,l13,1,0.0005,0.698525458574295,0.6866363883018494,0.6889253408077463,0.5762411347517731,0.6769342687132711,0.26518152986336346,0.20734532177448273,0.01964641362428665
h64_wd0.01_s0,l13,2,0.0005,0.6844164783304388,0.6788471341133118,0.7354041916167665,0.6276595744680852,0.6466196919751612,0.2752415064823668,0.25383812189102173,0.027521060779690742
h64_wd0.01_s0,l13,3,0.0005,0.6905613487417047,0.681260883808136,0.7242642374824818,0.615628166160081,0.6304462620877973,0.347329174509243,0.2831454277038574,0.03357294201850891
h64_wd0.01_s0,l13,4,0.0005,0.661419464783235,0.681593120098114,0.750063702382469,0.638677811550152,0.45505128413643825,0.2309836574839677,0.3096640110015869,0.03595498576760292
h64_wd0.01_s0,l13,5,0.0005,0.6421844742514871,0.7055284976959229,0.7561950566951205,0.6443768996960486,0.5597840237971702,0.23403115648559084,0.3471243381500244,0.044794961810112
h64_wd0.01_s0,l13,6,0.0005,0.6425861553712324,0.6551617980003357,0.7698512549369346,0.6597011144883486,0.5885934521791096,0.23325960652012387,0.37784141302108765,0.052548013627529144
h64_wd0.01_s0,l13,7,0.0005,0.6141195541078394,0.6445467472076416,0.7816123073002931,0.6704660587639311,0.6883922137944185,0.24690543740096701,0.4121946692466736,0.07853332906961441
h64_wd0.01_s0,l13,8,0.0005,0.5995687408880754,0.6482836008071899,0.8029048286405911,0.6832573454913882,0.7270322858709108,0.25407111204026767,0.4475441873073578,0.10476621985435486
h64_wd0.01_s0,l13,9,0.0005,0.6174813346429304,0.6381396651268005,0.8075152885717924,0.6912360688956433,0.966437170595172,0.34768793443983603,0.4809826612472534,0.11808323115110397
h64_wd0.01_s0,l13,10,0.0005,0.5880688564343886,0.6305352449417114,0.820773346923175,0.6975683890577508,0.778554125015539,0.2570563940425746,0.5046172738075256,0.12829257547855377
h64_wd0.01_s0,l13,11,0.0005,0.5806303999640725,0.6802043914794922,0.829620015288572,0.6914893617021277,0.8734397347970908,0.23163800403106646,0.5320496559143066,0.15024395287036896
h64_wd0.01_s0,l13,12,0.0005,0.5768314505165274,0.6226623058319092,0.8424878965473308,0.7135258358662615,0.9647162615897179,0.28274157393041094,0.5582146644592285,0.17572112381458282
h64_wd0.01_s0,l13,13,0.0005,0.5360669155012477,0.613303005695343,0.8531261944196713,0.7171985815602837,0.9301445324936423,0.22742865867247283,0.586332380771637,0.20670467615127563
h64_wd0.01_s0,l13,14,0.0005,0.5334948098117654,0.6533938050270081,0.8605395591795133,0.7121327254305978,0.9754566867968552,0.2308003379595881,0.6118484139442444,0.2349628359079361
h64_wd0.01_s0,l13,15,0.0005,0.5284260335293683,0.610090434551239,0.8768553318894127,0.7312563323201622,1.2382926931281029,0.26423338051243345,0.6345213055610657,0.260029137134552
h64_wd0.01_s0,l13,16,0.0005,0.5344267230142247,0.6126953959465027,0.8804226653076825,0.7263171225937184,1.3153454644477292,0.2719119438743962,0.657933235168457,0.27771034836769104
h64_wd0.01_s0,l13,17,0.0005,0.5173304717649113,0.6219660043716431,0.8925181551790037,0.7297365754812564,1.245603184462096,0.2566821894423812,0.6786205768585205,0.30019399523735046
h64_wd0.01_s0,l13,18,0.0005,0.4971657693386078,0.6394043564796448,0.8908937444260416,0.7273302938196555,1.2294578276128854,0.2400616822475577,0.6983830332756042,0.33015143871307373
h64_wd0.01_s0,l13,19,0.0005,0.4680151790380478,0.6078169941902161,0.9003933622117468,0.7418946301925026,1.2395559338562008,0.21334116263174455,0.7152077555656433,0.357387900352478
h64_wd0.01_s0,l13,20,0.0005,0.4648744342002002,0.6319777965545654,0.9084517135940884,0.7351823708206687,1.2844164157480067,0.2102960245477348,0.7340541481971741,0.3890412747859955
h64_wd0.01_s0,l13,21,0.0005,0.45195639404383575,0.6062943339347839,0.9168524652822015,0.7393617021276596,1.3318396437794784,0.1956581187647018,0.7532515525817871,0.425358384847641
h64_wd0.01_s0,l13,22,0.0005,0.43838421458547766,0.6860042214393616,0.9157217479933749,0.7346757852077002,1.4510096021051517,0.19696277574995566,0.7725844383239746,0.46278029680252075
h64_wd0.01_s0,l13,23,0.0005,0.4649374336004257,0.6033154726028442,0.925245254172506,0.7492401215805471,1.7140702129522902,0.2062016772755128,0.7926053404808044,0.4891109764575958
h64_wd0.01_s0,l13,24,0.0005,0.4174055673859336,0.6326255202293396,0.9275942795260543,0.7544326241134752,1.3644199618318054,0.15490232019572076,0.810273289680481,0.5289239883422852
h64_wd0.01_s0,l13,25,0.0005,0.41781856932423334,0.6436430215835571,0.9313527200917314,0.7489868287740629,1.5751008697893873,0.18983512280741802,0.825385332107544,0.562671959400177
h64_wd0.01_s0,l13,26,0.0005,0.41154777868227527,0.6693011522293091,0.9324595489871321,0.7472137791286727,1.941950268372787,0.2051181013535989,0.8411397337913513,0.5954999327659607
h64_wd0.01_s0,l13,27,0.0005,0.40592305904084985,0.6007096767425537,0.9300229328576889,0.7591185410334347,2.0375540968017107,0.1857275169262622,0.8624284267425537,0.6304156184196472
h64_wd0.01_s0,l13,28,0.0005,0.4318517338145863,0.6289451122283936,0.9478436743534209,0.7531661600810537,2.2839596585616166,0.2121635972661181,0.8788870573043823,0.6595643162727356
h64_wd0.01_s0,l13,29,0.0005,0.3988130309365012,0.6327328681945801,0.9490699452159511,0.7467071935157042,2.0515005222767617,0.19110292010650232,0.8921988606452942,0.6797620058059692
h64_wd0.01_s0,l13,30,0.0005,0.3674974102865566,0.6504231691360474,0.956706268314435,0.7451874366767984,1.6867335541308583,0.12946463530783905,0.9040041565895081,0.7077786922454834
h64_wd0.01_s0,l13,31,0.0005,0.3586897050792521,0.6849790215492249,0.9658555229965601,0.7378419452887538,1.9174190396570152,0.15417186826483043,0.9146417379379272,0.7385262846946716
h64_wd0.01_s0,l13,32,0.0005,0.35766586051745847,0.6733760237693787,0.965815709007517,0.7518996960486323,2.3337583991460416,0.1742378062408861,0.9259908199310303,0.7604593634605408
h64_wd0.01_s0,l13,33,0.0005,0.34573251754045486,0.683671772480011,0.9688415721747994,0.7405015197568389,2.3891875396505617,0.16747544971144088,0.9390140771865845,0.7864495515823364
h64_wd0.01_s0,l13,34,0.0005,0.3246893991123546,0.749309241771698,0.9595171359408842,0.7517730496453899,1.9661603689529104,0.1344770613002271,0.951585590839386,0.8168419003486633
h64_wd0.01_s0,l13,35,0.0005,0.33457892862233246,0.7214482426643372,0.9701793222066505,0.7501266464032421,2.648179647322514,0.1735452675622947,0.9633529186248779,0.8352260589599609
h64_wd0.01_s0,l13,36,0.0005,0.3172997520728545,0.7636268734931946,0.9618024589119634,0.7502532928064842,2.182262669691889,0.14374212219918686,0.9764494895935059,0.8657078146934509
h64_wd0.01_s0,l13,37,0.0005,0.33656045591289346,0.7304301857948303,0.9720346540960632,0.750886524822695,2.5224553157914573,0.15236609215131303,0.9890666007995605,0.888617992401123
h64_wd0.01_s0,l13,38,0.0005,0.304724746807055,0.7964144349098206,0.9701952478022677,0.743920972644377,2.4929194411392097,0.14287365163319252,1.0023149251937866,0.9165685176849365
h64_wd0.01_s0,l13,39,0.0005,0.30241619660095737,0.7891153693199158,0.9804831825710282,0.7430344478216817,2.186978516290583,0.14036934122965883,1.0146878957748413,0.9459523558616638
h64_wd0.01_s0,l13,40,0.0005,0.2683959555896846,0.8017432689666748,0.979718753981399,0.7474670719351569,2.1730737499914135,0.101764697412239,1.0244197845458984,0.9738384485244751
h64_wd0.01_s0,l13,41,0.0005,0.266275439072739,0.7697648406028748,0.9815939928653332,0.7377152988855117,1.8035147843063193,0.12069698224031264,1.03647780418396,1.0086958408355713
h64_wd0.01_s0,l13,42,0.0005,0.28977313570000907,0.7900776267051697,0.9867817556376608,0.7315096251266464,2.7393430615522174,0.13869010613499558,1.0484089851379395,1.0409692525863647
h64_wd0.01_s0,l13,43,0.0005,0.2638402445749803,0.8529215455055237,0.9841858835520447,0.7399949341438703,2.2349395464557515,0.11040133536704765,1.0590118169784546,1.0694410800933838
h64_wd0.01_s0,l13,44,0.0005,0.2360543009232391,0.8725296854972839,0.984862721365779,0.7473404255319149,2.3629685207981885,0.12073720084636151,1.0692933797836304,1.100629448890686
h64_wd0.01_s0,l13,45,0.0005,0.26845628598874266,0.8570595979690552,0.9900544655370109,0.745694022289767,3.076929687042194,0.13810967162428395,1.0812342166900635,1.1251647472381592
h64_wd0.01_s0,l13,46,0.0005,0.30429471961476584,0.7437573671340942,0.9892581857561473,0.7436676798378925,3.4383712756114706,0.16345719246364135,1.0941139459609985,1.1380513906478882
h64_wd0.01_s0,l13,47,0.0005,0.24868135154247284,0.7854284048080444,0.989791693209326,0.7434143870314084,2.2173219197317926,0.11621894879288554,1.1049983501434326,1.1699588298797607
h64_wd0.01_s0,l14,1,0.0005,0.6997870647388956,0.695340096950531,0.5839511178037762,0.5820912634716808,0.5049458926044491,0.22464244716115217,0.22498701512813568,0.03265273943543434
h64_wd0.01_s0,l14,2,0.0005,0.6805829742680425,0.6940747499465942,0.6892954361172247,0.5804861270350837,0.3364043505026091,0.19214402477931297,0.261614054441452,0.047457609325647354
h64_wd0.01_s0,l14,3,0.0005,0.6830306338227313,0.679254949092865,0.7448019228541644,0.6451501949094245,0.46406763489148145,0.3001380467992463,0.2895594537258148,0.053212087601423264
h64_wd0.01_s0,l14,4,0.0005,0.6660859144252279,0.6740087270736694,0.7431368006486737,0.6168310020637469,0.44139588113351147,0.25687117328459785,0.3166961073875427,0.06051468476653099
h64_wd0.01_s0,l14,5,0.0005,0.6502952290617902,0.6742998957633972,0.7673245105988649,0.6469846365512497,0.4879373253984398,0.21878005501654857,0.34628239274024963,0.08156505227088928
h64_wd0.01_s0,l14,6,0.0005,0.635170975457067,0.6641428470611572,0.7577898760569906,0.6277229993120843,0.7198721691829068,0.3145121130129907,0.37614378333091736,0.10843343287706375
h64_wd0.01_s0,l14,7,0.0005,0.624393836311672,0.657447099685669,0.7851123595505618,0.6523733088741114,0.7550103059332283,0.2918074788780683,0.40168631076812744,0.1290469467639923
h64_wd0.01_s0,l14,8,0.0005,0.6180885408235632,0.6550759077072144,0.7902308004170044,0.656156844760376,0.7827567585569102,0.23203333287055955,0.4238845109939575,0.13915126025676727
h64_wd0.01_s0,l14,9,0.0005,0.6042192293250043,0.6553749442100525,0.8091625159272557,0.669112588855767,0.6929529694437263,0.21934682546144604,0.4482083320617676,0.1663355976343155
h64_wd0.01_s0,l14,10,0.0005,0.5849436521530151,0.6429808735847473,0.8143533534113286,0.6670488420087135,0.7514102494379188,0.2156418845434185,0.46922361850738525,0.19721080362796783
h64_wd0.01_s0,l14,11,0.0005,0.5750542697699174,0.6368228793144226,0.830403683539905,0.6765650080256821,0.8678990086173313,0.19529382842253917,0.48841020464897156,0.22904448211193085
h64_wd0.01_s0,l14,12,0.0005,0.5675060697223829,0.6299330592155457,0.8514566199467162,0.687800963081862,1.1117177896721548,0.2687305245096163,0.5103598237037659,0.25252091884613037
h64_wd0.01_s0,l14,13,0.0005,0.5636443366175112,0.6246675252914429,0.8490964902119773,0.6966292134831461,0.9928231034037418,0.22157147938309377,0.5350682139396667,0.27760785818099976
h64_wd0.01_s0,l14,14,0.0005,0.5408810221630594,0.6437117457389832,0.845469419668713,0.6923870671864252,1.0222286666973606,0.21473282206100427,0.5556431412696838,0.30429670214653015
h64_wd0.01_s0,l14,15,0.0005,0.557906615993251,0.6522756814956665,0.8650961427082127,0.6953680348543912,0.9539873540818893,0.16725370362345893,0.5716353058815002,0.3320016860961914
h64_wd0.01_s0,l14,16,0.0005,0.5462703031042347,0.6334353089332581,0.8684625854280088,0.7063746847053428,1.2034926694006713,0.19596083565331932,0.5877729654312134,0.3629933297634125
h64_wd0.01_s0,l14,17,0.0005,0.4994805273802384,0.6200966238975525,0.8841798911154872,0.7113047466177482,1.179713670697313,0.18786657611915342,0.6045812368392944,0.3930422365665436
h64_wd0.01_s0,l14,18,0.0005,0.4933977904527084,0.6240862607955933,0.8914267925402525,0.7132538408621876,1.2418426626102803,0.17648370521066545,0.6211141347885132,0.4307766854763031
h64_wd0.01_s0,l14,19,0.0005,0.48328245074852655,0.6200666427612305,0.9022283678906522,0.7138271038752579,1.3589756561498902,0.190142152069721,0.6379673480987549,0.47159311175346375
h64_wd0.01_s0,l14,20,0.0005,0.4799333279547484,0.6214529275894165,0.9011279393026759,0.7129098830543453,1.4856926583524768,0.17852502648646998,0.6538382172584534,0.5020413994789124
h64_wd0.01_s0,l14,21,0.0005,0.45409012877422833,0.6572135090827942,0.9108363257268619,0.7127952304517312,1.6213474534943406,0.18766560319579195,0.6680827140808105,0.5359339714050293
h64_wd0.01_s0,l14,22,0.0005,0.46573609631994495,0.6273797154426575,0.9245808235839222,0.7291905526255446,1.733497530441013,0.19254830976121037,0.6827043294906616,0.5627167820930481
h64_wd0.01_s0,l14,23,0.0005,0.4776363126609636,0.6220383048057556,0.9207981003127534,0.7322861728961246,1.3748024872338518,0.15109814787817735,0.6984397172927856,0.5923877358436584
h64_wd0.01_s0,l14,24,0.0005,0.4390799986279529,0.6442586183547974,0.9276830186493688,0.7209355652373308,1.6917994573331665,0.15262855282818105,0.712855875492096,0.6292784214019775
h64_wd0.01_s0,l14,25,0.0005,0.4493231423523115,0.6514791250228882,0.9260830533997452,0.7255216693418941,2.0014338041643556,0.1886900630105659,0.7265281677246094,0.6619254946708679
h64_wd0.01_s0,l14,26,0.0005,0.4267620755278546,0.6614565253257751,0.9423433337194487,0.7277000687915616,1.9745766743846525,0.1649150660191114,0.7392574548721313,0.6839025616645813
h64_wd0.01_s0,l14,27,0.0005,0.431244723174883,0.6376199722290039,0.9428718290281478,0.7306810364595275,2.044900259601364,0.16063734871455543,0.752577543258667,0.7164865732192993
h64_wd0.01_s0,l14,28,0.0005,0.40942108112832776,0.7207011580467224,0.9221591567241978,0.7229993120843844,2.0450179959130965,0.16103694740384808,0.7653377652168274,0.7460863590240479
h64_wd0.01_s0,l14,29,0.0005,0.4333394454873126,0.627251923084259,0.9383759990733233,0.7259802797523502,2.1287979643078088,0.15977076490690276,0.7790297269821167,0.7741712927818298
h64_wd0.01_s0,l14,30,0.0005,0.4371275007724762,0.6364914774894714,0.9353932584269663,0.7357257509745471,2.3342340232477223,0.18812394633039228,0.7889084815979004,0.8046940565109253
h64_wd0.01_s0,l14,31,0.0005,0.4037650344164475,0.6863980889320374,0.9436754314838411,0.7375601926163723,1.8457528278753517,0.14377086870927291,0.7976683974266052,0.8225966691970825
h64_wd0.01_s0,l14,32,0.0005,0.3956514000892639,0.675412654876709,0.9425170856017606,0.7384774134372849,2.10827746319581,0.12109940344507679,0.8069669604301453,0.8487434983253479
h64_wd0.01_s0,l14,33,0.0005,0.3788277753021406,0.6276769042015076,0.9581330360245569,0.7302224260490713,2.0879912517909616,0.1353981917225968,0.81714928150177,0.8809700608253479
h64_wd0.01_s0,l14,34,0.0005,0.37015223308749823,0.676791250705719,0.9587773659214642,0.7353817931667048,2.1619684787736118,0.12485808264694206,0.8259667158126831,0.9203833341598511
h64_wd0.01_s0,l14,35,0.0005,0.3415953296682109,0.7175962328910828,0.9584913992818255,0.732744783306581,2.2249335052732984,0.11837397668175177,0.835281252861023,0.9569007754325867
h64_wd0.01_s0,l14,36,0.0005,0.3627104312181473,0.7131069302558899,0.9490545001737519,0.7307956890621417,2.432314598088411,0.12629349304947937,0.8453309535980225,0.9906770586967468
h64_wd0.01_s0,l14,37,0.0005,0.3604046767172606,0.6462763547897339,0.9635845013320977,0.7367002980967667,2.239383438346617,0.11428336633949086,0.8548542261123657,1.0234055519104004
h64_wd0.01_s0,l14,38,0.0005,0.339809819408085,0.72339928150177,0.9683916367427313,0.7199036918138042,2.3465286394982137,0.10803326349519358,0.863612711429596,1.0631827116012573
h64_wd0.01_s0,l14,39,0.0005,0.3372261848138726,0.6803221702575684,0.961325726862041,0.7277000687915616,2.178607891304158,0.11812824725581217,0.8727492094039917,1.097988247871399
h64_wd0.01_s0,l14,40,0.0005,0.3380562909271406,0.6793997883796692,0.9662631761844086,0.7317129098830543,2.386056773028797,0.11162053686339792,0.8816410899162292,1.1337084770202637
h64_wd0.01_s0,l14,41,0.0005,0.35988764011341595,0.7355543971061707,0.9733218464033361,0.7271268057784912,2.754375064918279,0.14254830321511894,0.8898328542709351,1.1646311283111572
h64_wd0.01_s0,l14,42,0.0005,0.3605704806421114,0.7135539054870605,0.9621365689794973,0.7142857142857143,3.05014085324806,0.12278942802573377,0.8978129029273987,1.1881030797958374
h64_wd0.01_s0,l14,43,0.0005,0.3009144100158111,0.6996767520904541,0.9729019460210818,0.725521669341894,2.1549382110658297,0.09906964122760512,0.9046244025230408,1.2215454578399658
h64_wd0.01_s0,l14,44,0.0005,0.32686822764251544,0.7313081622123718,0.9747697787559366,0.7250630589314377,2.4598346225175893,0.11406979962574733,0.9125650525093079,1.2611671686172485
h64_wd0.01_s0,l14,45,0.0005,0.2954032505336015,0.8633089661598206,0.9600081084211746,0.7281586792020178,2.8336429676639625,0.10874341133039571,0.9202239513397217,1.292478084564209
h64_wd0.01_s0,l14,46,0.0005,0.3431693658880565,0.8539579510688782,0.9600551662226341,0.7140564090804862,3.541534085926533,0.1360270032833709,0.928246259689331,1.3176829814910889
h64_wd0.01_s0,l14,47,0.0005,0.2969692174507224,0.8061049580574036,0.9781434611374957,0.7144576931896353,2.6552321806522223,0.09433357722024036,0.935000479221344,1.3468974828720093
h64_wd0.01_s0,l14,48,0.0005,0.29872814209564874,0.7418110966682434,0.9772457430788833,0.7246044485209815,2.757483299554455,0.09558947190727664,0.9414989948272705,1.380977749824524
h64_wd0.01_s0,l14,49,0.0005,0.2789301159589187,0.7732641100883484,0.9763552646820342,0.7297638156386149,3.415206232797494,0.10270424727938642,0.9482573866844177,1.4112025499343872
h64_wd0.01_s0,l14,50,0.0005,0.29126973709334497,0.7139366865158081,0.9773688173288543,0.7291905526255446,3.284604688802309,0.09964729253346481,0.9548049569129944,1.442060947418213
h64_wd0.01_s0,l14,51,0.0005,0.3053789495126061,0.7366952300071716,0.9866066257384455,0.7174959871589085,2.9546486617032377,0.10928993385343873,0.9609482884407043,1.4670188426971436
h64_wd0.01_s0,l14,52,0.0005,0.2975231979204261,0.7779229283332825,0.9820890767983321,0.7097569364824581,3.7291061277641053,0.11052117674684314,0.967835545539856,1.4916458129882812
h64_wd0.01_s0,l15,1,0.0005,0.704909968943823,0.6870180368423462,0.6872430802959715,0.5986449864498645,0.6183137803350596,0.2009571847935351,0.1954108476638794,0.02895626425743103
h64_wd0.01_s0,l15,2,0.0005,0.6896423129808336,0.6811515688896179,0.7463346122225267,0.6848238482384824,0.5179535727351475,0.231797964728056,0.23460078239440918,0.03388742730021477
h64_wd0.01_s0,l15,3,0.0005,0.6729241779872349,0.6716061234474182,0.748004590298712,0.6804878048780488,0.4598178397390443,0.18239842257566333,0.25808900594711304,0.034524105489254
h64_wd0.01_s0,l15,4,0.0005,0.6650420427322388,0.6653996109962463,0.7570995478213208,0.685230352303523,0.5365495308943832,0.2186709312789771,0.2888130247592926,0.04510655254125595
h64_wd0.01_s0,l15,5,0.0005,0.6430091886293321,0.6485773921012878,0.7682584269662921,0.6963414634146341,0.6154229455014667,0.2461872430725701,0.31788161396980286,0.06374897807836533
h64_wd0.01_s0,l15,6,0.0005,0.6515329991068158,0.6761397123336792,0.7518583858591394,0.6802168021680216,0.9075649996120185,0.29090889785201535,0.35006603598594666,0.07993819564580917
h64_wd0.01_s0,l15,7,0.0005,0.6414933204650879,0.6435235738754272,0.7877329405316525,0.7107046070460704,0.7157099353975438,0.2627563829950514,0.3829096853733063,0.08826607465744019
h64_wd0.01_s0,l15,8,0.0005,0.6213828978084383,0.6411149501800537,0.7899938339271033,0.7059620596205962,0.7972411979661898,0.2549432101402728,0.4139286279678345,0.10743413865566254
h64_wd0.01_s0,l15,9,0.0005,0.6117943496931166,0.6326049566268921,0.794755412441765,0.708130081300813,0.825549195355928,0.258931874449305,0.4425569176673889,0.13328899443149567
h64_wd0.01_s0,l15,10,0.0005,0.5989787720498585,0.6450105309486389,0.8108128939435462,0.7161246612466124,0.7873164829398169,0.20137185294178409,0.46919891238212585,0.1624131202697754
h64_wd0.01_s0,l15,11,0.0005,0.5747731838907514,0.6148748397827148,0.8345608385859139,0.7218157181571816,1.0407813941302513,0.27021915725213935,0.49664822220802307,0.19351905584335327
h64_wd0.01_s0,l15,12,0.0005,0.5594987713155293,0.626092791557312,0.853632844614963,0.737669376693767,1.127875180811458,0.26737823059043214,0.5243831276893616,0.23251430690288544
h64_wd0.01_s0,l15,13,0.0005,0.5911228401320321,0.6059007048606873,0.8495649493011784,0.7373983739837399,1.1596925614947255,0.2613830599807147,0.5565439462661743,0.24326403439044952
h64_wd0.01_s0,l15,14,0.0005,0.5287891143844241,0.6075876355171204,0.8621625787887093,0.7422764227642277,1.0364354760089074,0.241611747144558,0.5808557271957397,0.2772054970264435
h64_wd0.01_s0,l15,15,0.0005,0.5234439841338566,0.6101557612419128,0.8777661688133735,0.746070460704607,1.3383550999859561,0.2170020014992614,0.6032301187515259,0.31841766834259033
h64_wd0.01_s0,l15,16,0.0005,0.5043804276557196,0.6499655246734619,0.8870752260893395,0.7535230352303522,1.2805652808074932,0.20897843128741833,0.62229984998703,0.3558405041694641
h64_wd0.01_s0,l15,17,0.0005,0.5324679641496568,0.5906561017036438,0.8916398328309125,0.7495934959349594,1.4871374675627544,0.2414782093340424,0.6461225748062134,0.38259357213974
h64_wd0.01_s0,l15,18,0.0005,0.4879331787427266,0.5999876260757446,0.9006063305015073,0.7502710027100271,1.5295004973124458,0.2340563105728853,0.6659212112426758,0.41135063767433167
h64_wd0.01_s0,l15,19,0.0005,0.47869206468264264,0.5992304682731628,0.9093330364483421,0.7510840108401083,1.375492991188484,0.16867210233947616,0.6831690669059753,0.4445488750934601
h64_wd0.01_s0,l15,20,0.0005,0.4525637413774218,0.6417880654335022,0.9086136612770623,0.7472899728997291,1.5629972603758577,0.19540055745816817,0.7015649080276489,0.4809609353542328
h64_wd0.01_s0,l15,21,0.0005,0.4504105988002959,0.5972310304641724,0.917554466977254,0.7520325203252032,1.6278702563714016,0.20248213966116793,0.7194268703460693,0.5126491189002991
h64_wd0.01_s0,l15,22,0.0005,0.4290492179847899,0.5941810011863708,0.9332222869279254,0.7462059620596206,1.4448732376782003,0.15400465800664298,0.7369421720504761,0.5489799976348877
h64_wd0.01_s0,l15,23,0.0005,0.4224537724540347,0.6007115840911865,0.9377226637434913,0.7504065040650407,1.8842902469074112,0.19472287147089257,0.7547908425331116,0.5899041295051575
h64_wd0.01_s0,l15,24,0.0005,0.41493527094523114,0.6758272647857666,0.932216018087147,0.7405149051490516,2.088516781539255,0.19574071207818905,0.7743774652481079,0.6252588629722595
h64_wd0.01_s0,l15,25,0.0005,0.4202567097686586,0.6069160103797913,0.9409512880241162,0.7486449864498645,1.860319939603124,0.18602854680734862,0.793038547039032,0.6577585935592651
h64_wd0.01_s0,l15,26,0.0005,0.4035450617472331,0.6251667141914368,0.9464236777199232,0.7493224932249323,2.0699152594409704,0.17208424631362731,0.8083969354629517,0.683893620967865
h64_wd0.01_s0,l15,27,0.0005,0.36471424783979145,0.6483696103096008,0.948744519046314,0.7592140921409214,1.5574759274477232,0.14894333448222927,0.8223282694816589,0.7193682193756104
h64_wd0.01_s0,l15,28,0.0005,0.347160599061421,0.6419745087623596,0.9507313647574678,0.7510840108401085,1.7473227126946829,0.14107302377100725,0.8363459706306458,0.7563953995704651
h64_wd0.01_s0,l15,29,0.0005,0.3468390022005354,0.7285690903663635,0.953668813373527,0.7560975609756097,2.1263538313773473,0.14823087714604755,0.8514007329940796,0.7950965762138367
h64_wd0.01_s0,l15,30,0.0005,0.36540873419670833,0.6547499895095825,0.9624040833104961,0.7424119241192413,2.4738855272815634,0.16906309340408432,0.867220401763916,0.8262185454368591
h64_wd0.01_s0,l15,31,0.0005,0.32035674509548007,0.6394033432006836,0.9673455056179776,0.7592140921409215,1.9523345792642168,0.13001885756864134,0.881650984287262,0.8678573369979858
h64_wd0.01_s0,l15,32,0.0005,0.3273620257774989,0.7207338213920593,0.9744022334886271,0.7609756097560975,2.553028724200238,0.1585460975348274,0.8968095779418945,0.9026827216148376
h64_wd0.01_s0,l15,33,0.0005,0.33976588930402485,0.6422229409217834,0.9702315702932311,0.750271002710027,2.4491746447005887,0.1437885368168879,0.9117157459259033,0.9337244033813477
h64_wd0.01_s0,l15,34,0.0005,0.4118403224718003,0.6905143857002258,0.971499040833105,0.7444444444444445,2.9010373025570155,0.21503908430114707,0.9273848533630371,0.9507082104682922
h64_wd0.01_s0,l15,35,0.0005,0.3691596573307401,0.6897852420806885,0.9656241436009866,0.7398373983739837,3.005364157293807,0.18683068269692177,0.9423707723617554,0.9695993065834045
h64_wd0.01_s0,l15,36,0.0005,0.3348312612090792,0.6855604648590088,0.9751558646204439,0.7223577235772358,2.2496034838359256,0.1381308417922706,0.9559378623962402,0.9890002608299255
h64_wd0.01_s0,l15,37,0.0005,0.34028598027569906,0.6943155527114868,0.977699369690326,0.711449864498645,2.603136894980657,0.1542007300989537,0.9688516855239868,1.0275212526321411
h64_wd0.01_s0,l15,38,0.0005,0.3650597234567006,0.6560508012771606,0.9714048369416279,0.7419376693766937,2.5903176227974836,0.15564576558510756,0.9808342456817627,1.043111801147461
h64_wd0.01_s0,l15,39,0.0005,0.30736144490185235,0.7156892418861389,0.9726979994519046,0.7373983739837398,2.092383056090899,0.12687356673279673,0.9918146133422852,1.0798481702804565
h64_wd0.01_s0,l15,40,0.0005,0.2962453528529122,0.7455453872680664,0.9825465881063304,0.7429539295392954,2.446338443760701,0.12224319159740797,1.0023666620254517,1.1211647987365723
h64_wd0.01_s0,l15,41,0.0005,0.28436067345596494,0.7031087875366211,0.9727236914223074,0.7443089430894309,2.3704396169729756,0.10599043956748402,1.0130252838134766,1.155336618423462
h64_wd0.01_s0,l15,42,0.0005,0.29904458210581825,0.7397000789642334,0.9802514387503425,0.7430894308943089,2.7515288014495654,0.11072601067274783,1.0227816104888916,1.1868044137954712
h64_wd0.01_s0,l15,43,0.0005,0.2954097823018119,0.7244985699653625,0.9811934776651137,0.7471544715447155,2.628533511688418,0.1167713273219665,1.0337719917297363,1.2043625116348267
h64_wd0.01_s0,l15,44,0.0005,0.25082969452653614,0.7241775393486023,0.9782217730885174,0.744579945799458,2.38093989560431,0.10945380139338046,1.0441944599151611,1.2360402345657349
h64_wd0.01_s0,l15,45,0.0005,0.27959848159835454,0.6848294734954834,0.9760893395450808,0.7361788617886178,2.9195187506559854,0.12424537370798182,1.0539778470993042,1.262871265411377
h64_wd0.01_s0,l15,46,0.0005,0.3039901100453876,0.669666051864624,0.9832145793368046,0.7226287262872629,3.87077783080583,0.15352491336368312,1.0669430494308472,1.2741678953170776
h64_wd0.01_s0,l15,47,0.0005,0.3036105646973565,0.724570631980896,0.9845848177582899,0.7437669376693767,2.763999354533696,0.12138267755343456,1.0809142589569092,1.2995489835739136
h64_wd0.01_s0,l15,48,0.0005,0.3135521766685304,0.6592226624488831,0.9815446012606194,0.7536585365853659,2.8213860643216173,0.11210607785917218,1.0904170274734497,1.3254928588867188
h64_wd0.01_s0,l15,49,0.0005,0.3097040085565476,0.6729872226715088,0.9862333858591394,0.7191056910569106,3.777261643224254,0.14485757424113846,1.1007379293441772,1.3543105125427246
h64_wd0.01_s0,l15,50,0.0005,0.24036611900443122,0.7546143531799316,0.9868157371882708,0.7500000000000001,2.460604981151515,0.09964160877345457,1.1088987588882446,1.389601469039917
h64_wd0.01_s0,l15,51,0.0005,0.2512069298397927,0.7687545418739319,0.98966326390792,0.7410569105691057,2.397037449637658,0.10113918642625935,1.1161377429962158,1.4283488988876343
h64_wd0.01_s0,l15,52,0.0005,0.22204759929861342,0.7785766124725342,0.9882159495752262,0.7453929539295392,2.6420918020575663,0.0960815697080555,1.1236132383346558,1.4668359756469727
h64_wd0.01_s0,l16,1,0.0005,0.7114732395047727,0.6947470903396606,0.5355512984563495,0.5190777153558052,0.5679778942245595,0.29776310918620724,0.21825765073299408,0.036097873002290726
h64_wd0.01_s0,l16,2,0.0005,0.6928862488788107,0.6893825531005859,0.6754487829051989,0.6169241573033708,0.45090635033960225,0.29462222783027164,0.24783340096473694,0.045821044594049454
h64_wd0.01_s0,l16,3,0.0005,0.6873443489489348,0.6861540079116821,0.7144579471741654,0.6537921348314607,0.34255099730525357,0.21738091209987392,0.26099348068237305,0.04317730292677879
h64_wd0.01_s0,l16,4,0.0005,0.6828661586927331,0.6821134686470032,0.7403752986338658,0.6816479400749064,0.26577469138603155,0.1668829692737505,0.2761107087135315,0.04068703576922417
h64_wd0.01_s0,l16,5,0.0005,0.6789190043573794,0.6810866594314575,0.7422244247368693,0.6676029962546817,0.3329826577074062,0.18467064562458774,0.2943834066390991,0.043596912175416946
h64_wd0.01_s0,l16,6,0.0005,0.6718149366586105,0.6785086393356323,0.7334151879821597,0.6707045880149812,0.45700427621008144,0.25596714910301654,0.31495583057403564,0.04883190244436264
h64_wd0.01_s0,l16,7,0.0005,0.6662811300028926,0.6662238836288452,0.7429122996471866,0.6760884831460674,0.29667641384044,0.11618140788655905,0.3410932421684265,0.05987721309065819
h64_wd0.01_s0,l16,8,0.0005,0.6534781481908716,0.656442403793335,0.7544434500255179,0.6811797752808989,0.47570918136412393,0.16377509082911662,0.3651026785373688,0.07846558094024658
h64_wd0.01_s0,l16,9,0.0005,0.6407454195229904,0.6634184122085571,0.7611668725360394,0.6705290262172283,0.5078814605717501,0.16870187374191978,0.3909600079059601,0.10351238399744034
h64_wd0.01_s0,l16,10,0.0005,0.6352183015450187,0.6434513926506042,0.7761078114483096,0.6926498127340824,0.6975744161369306,0.22340034820427196,0.412422776222229,0.12192155420780182
h64_wd0.01_s0,l16,11,0.0005,0.6191064248914304,0.6366581916809082,0.7821285660396896,0.6987359550561798,0.5994054658343277,0.16827932201661472,0.42937347292900085,0.14162448048591614
h64_wd0.01_s0,l16,12,0.0005,0.6120550062345422,0.6511778831481934,0.806714546705227,0.712429775280899,0.6170586415198029,0.1772789475308339,0.44481319189071655,0.16378310322761536
h64_wd0.01_s0,l16,13,0.0005,0.6039827906567118,0.636237382888794,0.8201687882306822,0.7209737827715356,0.6928892082910355,0.1741918527081811,0.462211936712265,0.1909317821264267
h64_wd0.01_s0,l16,14,0.0005,0.5842820989048999,0.6205553412437439,0.8278241702971177,0.7256554307116104,0.7854582175296313,0.1671749258379294,0.4779035151004791,0.22187139093875885
h64_wd0.01_s0,l16,15,0.0005,0.5682757885559745,0.627520740032196,0.8468331866359957,0.7240168539325843,0.8864454825704893,0.17341991767041995,0.4949125647544861,0.26044636964797974
h64_wd0.01_s0,l16,16,0.0005,0.5640906056632167,0.6186593770980835,0.8513450543273249,0.7374765917602997,1.0084343822013493,0.18221709344188233,0.5111953616142273,0.3001859784126282
h64_wd0.01_s0,l16,17,0.0005,0.5558760606724283,0.6017086505889893,0.8535122301200453,0.7414559925093633,0.9605453477528821,0.16124351988721622,0.5257668495178223,0.33317074179649353
h64_wd0.01_s0,l16,18,0.0005,0.5614817699660426,0.6224938631057739,0.8646735552777758,0.7397003745318351,1.2801572798829235,0.21792198466779378,0.5392025709152222,0.3562483787536621
h64_wd0.01_s0,l16,19,0.0005,0.5423210353954978,0.6034142374992371,0.8745404921634037,0.747308052434457,1.2283436726975894,0.1707213849719685,0.5532696843147278,0.3892345428466797
h64_wd0.01_s0,l16,20,0.0005,0.5175179307875426,0.6061297059059143,0.8843630500225594,0.7456694756554307,1.1984238603792727,0.1654602137694949,0.5660368800163269,0.4298875033855438
h64_wd0.01_s0,l16,21,0.0005,0.5160052607888761,0.5983083844184875,0.882218063743075,0.7507022471910113,1.218491387029801,0.13714799704429198,0.577120304107666,0.46510255336761475
h64_wd0.01_s0,l16,22,0.0005,0.5161070279453112,0.6221497654914856,0.8899030318271586,0.7489466292134831,1.3614775406440471,0.14852315830562057,0.5883927941322327,0.498045951128006
h64_wd0.01_s0,l16,23,0.0005,0.5145597742951434,0.605262041091919,0.900605773711344,0.7454353932584269,1.4929596548320032,0.17102380340327403,0.6001908183097839,0.5294463038444519
h64_wd0.01_s0,l16,24,0.0005,0.4908658123534659,0.6111785769462585,0.8951508517074831,0.7549742509363296,1.3913309087052874,0.15479504386438944,0.6115084290504456,0.5630109310150146
h64_wd0.01_s0,l16,25,0.0005,0.4796089944632157,0.6147067546844482,0.9023661417614035,0.7523408239700374,1.6484347600732638,0.1449029768730214,0.6225304007530212,0.6027583479881287
h64_wd0.01_s0,l16,26,0.0005,0.47239049491675006,0.6332245469093323,0.9072256451600973,0.7549157303370786,1.755624951271924,0.15402692264274376,0.6311951875686646,0.633966326713562
h64_wd0.01_s0,l16,27,0.0005,0.4801316092843595,0.6603800058364868,0.9054726736144498,0.7543305243445694,1.9021002876127142,0.14601680288098157,0.6423372030258179,0.6687402129173279
h64_wd0.01_s0,l16,28,0.0005,0.47236070749552356,0.6003081798553467,0.9176843023986865,0.7621722846441947,1.7701302251353055,0.1523676232512142,0.6516422629356384,0.698544979095459
h64_wd0.01_s0,l16,29,0.0005,0.43229750187500665,0.6068418622016907,0.928875213574065,0.7467228464419476,1.8824107896775384,0.12199132310952314,0.6611130237579346,0.7364411354064941
h64_wd0.01_s0,l16,30,0.0005,0.4319258565488069,0.619176983833313,0.9350734842713333,0.7607677902621722,1.6969763102327888,0.12883688890136852,0.6704272031784058,0.7770113945007324
h64_wd0.01_s0,l16,31,0.0005,0.4322464012581369,0.6205715537071228,0.9426992803201206,0.7570224719101124,2.2162504359696764,0.14542415485502383,0.678042471408844,0.8069979548454285
h64_wd0.01_s0,l16,32,0.0005,0.4636549975561059,0.6333573460578918,0.9434093447436741,0.7621722846441948,2.7921849126703235,0.18001745357939244,0.6867023706436157,0.8254858255386353
h64_wd0.01_s0,l16,33,0.0005,0.41524888639864715,0.6036730408668518,0.942370135873786,0.7607092696629213,1.7225445192255309,0.106900877833134,0.6950103044509888,0.8589522242546082
h64_wd0.01_s0,l16,34,0.0005,0.4184185681135758,0.6541562676429749,0.9338012855124668,0.7621722846441948,2.0818927840798302,0.12219879406551806,0.7023870348930359,0.895601749420166
h64_wd0.01_s0,l16,35,0.0005,0.42487306180207624,0.6374993920326233,0.9422998690818719,0.766619850187266,2.4620560628040984,0.1364457157020415,0.7108567357063293,0.9288433194160461
h64_wd0.01_s0,l16,36,0.0005,0.3958078182261923,0.6727674603462219,0.9494670818571143,0.7694288389513109,1.946817479460435,0.11894058514105968,0.7190523743629456,0.9735146164894104
h64_wd0.01_s0,l16,37,0.0005,0.373205889178359,0.6173994541168213,0.9579693636787254,0.7665028089887641,1.8567774920742337,0.10871355934653307,0.7263781428337097,1.0096477270126343
h64_wd0.01_s0,l16,38,0.0005,0.3604249086069024,0.6453940868377686,0.9567230526853009,0.7715355805243446,2.1782767314584093,0.10882364690657229,0.7334543466567993,1.046952486038208
h64_wd0.01_s0,l16,39,0.0005,0.36755688877209375,0.6930467486381531,0.9515307065880665,0.7703651685393259,2.254581874747058,0.10692610149442774,0.741150438785553,1.0880558490753174
h64_wd0.01_s0,l16,40,0.0005,0.37767584038817364,0.5989397168159485,0.9380542755493754,0.7641619850187266,2.427351770895284,0.1248628554979759,0.7478888034820557,1.1191082000732422
h64_wd0.01_s0,l16,41,0.0005,0.4091483717379363,0.6348381042480469,0.969637349388679,0.7648642322097379,2.4739611356956046,0.12495298238019079,0.7551053166389465,1.1475415229797363
h64_wd0.01_s0,l16,42,0.0005,0.39138402887012647,0.6074106097221375,0.9642674871855561,0.7691947565543071,2.0477560960631034,0.10604965173192946,0.7626557350158691,1.1877840757369995
h64_wd0.01_s0,l16,43,0.0005,0.37891709674959595,0.6114842891693115,0.9569671373308974,0.7717111423220973,2.4834426753691226,0.12178696278953867,0.7698483467102051,1.22955322265625
h64_wd0.01_s0,l16,44,0.0005,0.3937206099862638,0.5984240770339966,0.9475218011967544,0.7663857677902622,2.587467185314222,0.10996336484205214,0.7772305607795715,1.2627931833267212
h64_wd0.01_s0,l16,45,0.0005,0.39422866572504456,0.6170743107795715,0.9735501002226348,0.7723548689138576,2.477433295137963,0.10255623326498588,0.783267080783844,1.2894760370254517
h64_wd0.01_s0,l16,46,0.0005,0.3566711162743361,0.6266654133796692,0.9725589686314249,0.7717696629213484,2.479825043759953,0.0952860574616281,0.7893893718719482,1.3254996538162231
h64_wd0.01_s0,l16,47,0.0005,0.33675096734710364,0.6296585202217102,0.9803031087508043,0.7626404494382022,2.8360558353071292,0.10807445755806588,0.7956640124320984,1.362857699394226
h64_wd0.01_s0,l16,48,0.0005,0.36548131574755127,0.6723549962043762,0.9783800176036804,0.7658005617977528,2.8814283296965755,0.10698114984074243,0.8021604418754578,1.3989245891571045
h64_wd0.01_s0,l16,49,0.0005,0.3203626268583795,0.699300229549408,0.9798445254772594,0.7653909176029963,2.93395898259508,0.09789045729894912,0.8084702491760254,1.434018611907959
h64_wd0.01_s0,l16,50,0.0005,0.3324034680490908,0.7675673961639404,0.9625293086487328,0.7599485018726592,3.4162218017427524,0.10751385236475162,0.8143770694732666,1.460906744003296
h64_wd0.01_s0,l16,51,0.0005,0.3878377235454062,0.6130796670913696,0.9633799066561144,0.7505266853932585,2.902375547997259,0.11890734279884226,0.8212873935699463,1.470290184020996
h64_wd0.01_s0,l16,52,0.0005,0.4020986751369808,0.6635763049125671,0.9705397229269447,0.7680828651685394,2.240131619503123,0.09447670796065558,0.8266473412513733,1.4916093349456787
h64_wd0.01_s0,l16,53,0.0005,0.3351490374492562,0.7233000993728638,0.9767823726506852,0.7652153558052435,2.511578636549213,0.10012637234835686,0.8317166566848755,1.5218888521194458
h64_wd0.01_s0,l16,54,0.0005,0.351510349823081,0.6532178521156311,0.9853031457333263,0.7549742509363296,2.997219074033322,0.09322920383832364,0.8363577723503113,1.5489122867584229
h64_wd0.01_s0,l16,55,0.0005,0.3077985093645427,0.7559955716133118,0.9807653902765552,0.7684925093632959,3.07862423200685,0.09468577169209993,0.8408987522125244,1.5797607898712158
h64_wd0.01_s0,l16,56,0.0005,0.31253963708877563,0.6488069295883179,0.9745375335616386,0.7649812734082397,2.8587842582622174,0.08290995776708417,0.845390260219574,1.607517123222351
h64_wd0.01_s0,l16,57,0.0005,0.35566982756490295,0.6781685948371887,0.9793341666728304,0.7629915730337078,3.398116615338342,0.09196554942557394,0.8502407670021057,1.6266529560089111
h64_wd0.01_s0,l16,58,0.0005,0.3552693478439165,0.8838120698928833,0.9763940561690545,0.7563787453183519,2.740891848820041,0.09543163894584956,0.8548539280891418,1.64858078956604
h64_wd0.01_s0,l16,59,0.0005,0.2881332182365915,0.7570627331733704,0.9874925110392828,0.7570224719101124,2.7249248511045603,0.07427015762927418,0.8590382933616638,1.6685388088226318
h64_wd0.01_s0,l16,60,0.0005,0.2848711907863617,0.7728741765022278,0.9796707076235771,0.7668539325842697,2.864683693976902,0.07930276162465921,0.8633732199668884,1.699350118637085
h64_wd0.01_s0,l16,61,0.0005,0.43598948743032373,0.7320535182952881,0.9833134860464944,0.7544475655430712,4.757461967498476,0.1382329152288997,0.8703514933586121,1.7027044296264648
h64_wd0.01_s0,l16,62,0.0005,0.42206906365311664,0.6446318030357361,0.9862868808201244,0.7574321161048688,3.680088924408399,0.11823622558730923,0.8748154044151306,1.7023767232894897
h64_wd0.01_s0,l16,63,0.0005,0.3629852338977482,0.6447122097015381,0.9853475247597985,0.7607677902621723,2.628996863028722,0.0832210690965252,0.8786367774009705,1.7244997024536133
h64_wd0.01_s0,l16,64,0.0005,0.35311704874038696,0.6899091601371765,0.9882839370113684,0.7556179775280899,3.3886412511581328,0.09490287834189855,0.8824112415313721,1.7532405853271484
h64_wd0.01_s0,l16,65,0.0005,0.2950311711300974,0.6896697878837585,0.9894082056819947,0.7612359550561798,2.3199961429009472,0.06558335796431106,0.8850829005241394,1.7779313325881958
h64_wd0.01_s0,l17,1,0.0005,0.6963945464654402,0.689484179019928,0.7266763439221755,0.6201540436456996,0.5501949762194177,0.2601342638384142,0.2156476080417633,0.03044433891773224
h64_wd0.01_s0,l17,2,0.0005,0.6781910116022284,0.6802513003349304,0.7413526236857512,0.6196405648267009,0.5799080103103436,0.34644577394472714,0.26173415780067444,0.030683482065796852
h64_wd0.01_s0,l17,3,0.0005,0.6669976304877888,0.6745998859405518,0.7485784860174352,0.6318356867779202,0.6956781933977415,0.39320766664227125,0.28682124614715576,0.0257827490568161
h64_wd0.01_s0,l17,4,0.0005,0.656491607427597,0.6696358919143677,0.7482897723171681,0.6327342747111682,0.5647278276410104,0.2817072262325211,0.31185582280158997,0.031598109751939774
h64_wd0.01_s0,l17,5,0.0005,0.6504972143606707,0.7055369019508362,0.7517222574203432,0.6309370988446726,0.76430107712803,0.3257870509711612,0.34607994556427,0.04992292448878288
h64_wd0.01_s0,l17,6,0.0005,0.6453280232169412,0.6655556559562683,0.7774658956941558,0.6527599486521181,0.7727363119599172,0.3822719412784217,0.37382563948631287,0.05604238063097
h64_wd0.01_s0,l17,7,0.0005,0.6218662316148932,0.6546199917793274,0.7771852018188965,0.6467265725288832,0.6892570635446488,0.2344847980165653,0.40254780650138855,0.07823323458433151
h64_wd0.01_s0,l17,8,0.0005,0.6035064106637781,0.6543062329292297,0.7881162233040075,0.654428754813864,0.6992136184011776,0.22772921973062002,0.43069061636924744,0.10165341198444366
h64_wd0.01_s0,l17,9,0.0005,0.6190007762475447,0.6503016352653503,0.8113576761755058,0.6622593068035945,0.9408229474947071,0.27525377121586153,0.4584880769252777,0.11595670133829117
h64_wd0.01_s0,l17,10,0.0005,0.5887908420779489,0.6402957439422607,0.8143089717782358,0.6748395378690629,0.7968818873436284,0.2218594922861303,0.48496773838996887,0.1398935168981552
h64_wd0.01_s0,l17,11,0.0005,0.5774202238429677,0.642191469669342,0.8288408946916779,0.6774069319640565,0.9065384491159398,0.27975104419286656,0.5095797777175903,0.16952142119407654
h64_wd0.01_s0,l17,12,0.0005,0.5565985901789232,0.6320570707321167,0.8433166788300679,0.6880616174582799,0.8923440533943396,0.21759710381607755,0.535937488079071,0.1975613683462143
h64_wd0.01_s0,l17,13,0.0005,0.5479719489812851,0.6405591368675232,0.8519861096630871,0.6915275994865212,1.0781287939160824,0.25616789029372317,0.5597457885742188,0.23070989549160004
h64_wd0.01_s0,l17,14,0.0005,0.5541156950322065,0.6325181722640991,0.8667506075017443,0.6948652118100128,1.29865654933655,0.2744577336386746,0.5804447531700134,0.2555677592754364
h64_wd0.01_s0,l17,15,0.0005,0.5294258350675757,0.6896210312843323,0.8624199019977384,0.6964056482670091,0.98229929245068,0.22765692373010948,0.6040006279945374,0.2874782085418701
h64_wd0.01_s0,l17,16,0.0005,0.5438407713716681,0.6292570233345032,0.8812103519901195,0.7053915275994865,1.5028531627358077,0.3020202434593883,0.6260671615600586,0.29762181639671326
h64_wd0.01_s0,l17,17,0.0005,0.5079431425441395,0.6576572060585022,0.8820524336158987,0.7019255455712451,1.1061369653692308,0.22235206821460832,0.6465968489646912,0.32713282108306885
h64_wd0.01_s0,l17,18,0.0005,0.495030324567448,0.6352620124816895,0.8999927821574935,0.7105263157894737,1.3738649231905118,0.2206692100490326,0.6632206439971924,0.3602822422981262
h64_wd0.01_s0,l17,19,0.0005,0.4663345989855853,0.6371660232543945,0.8913313711494816,0.7115532734274711,1.1113743092499488,0.17488105820131522,0.6809934377670288,0.40081149339675903
h64_wd0.01_s0,l17,20,0.0005,0.48096087033098395,0.6713866591453552,0.8988459471814324,0.7127086007702182,1.3462019286956595,0.1880966950643631,0.6960954666137695,0.4283663034439087
h64_wd0.01_s0,l17,21,0.0005,0.45430945537307044,0.6387578845024109,0.9100897418418331,0.7059050064184852,1.461981913740172,0.2119928953444291,0.7117335200309753,0.4576326906681061
h64_wd0.01_s0,l17,22,0.0005,0.47425841878760944,0.6493855118751526,0.9126079668941625,0.713992297817715,1.4375200125693246,0.21545286431027885,0.7277736663818359,0.48344796895980835
h64_wd0.01_s0,l17,23,0.0005,0.46280121396888385,0.6561195850372314,0.9168504543230866,0.716816431322208,1.739302874404993,0.22325492703182973,0.7418538928031921,0.5051859617233276
h64_wd0.01_s0,l17,24,0.0005,0.4420766410502521,0.6415035724639893,0.9213335365022335,0.714377406931964,1.6375092254757946,0.20612593745639432,0.7553028464317322,0.5354713201522827
h64_wd0.01_s0,l17,25,0.0005,0.42187724872068927,0.6877061128616333,0.9294736588847632,0.7242618741976893,1.6267356483262996,0.17497464087466677,0.7679651975631714,0.5627169609069824
h64_wd0.01_s0,l17,26,0.0005,0.451838762245395,0.6374475359916687,0.9321763399122631,0.7192554557124516,2.176568901432079,0.21741475504301147,0.7826560735702515,0.583183765411377
h64_wd0.01_s0,l17,27,0.0005,0.43495435267686844,0.6752563118934631,0.927188008757649,0.7209242618741977,1.9343217823730152,0.20533868863620264,0.7971138954162598,0.6089698672294617
h64_wd0.01_s0,l17,28,0.0005,0.3999848975376649,0.6589069962501526,0.9341331772140732,0.7220795892169448,1.4149217990033267,0.15366947366508057,0.808968186378479,0.6453185677528381
h64_wd0.01_s0,l17,29,0.0005,0.39038764617659827,0.6727564930915833,0.9351917941150524,0.7292682926829269,1.4481283962448932,0.13746663168094816,0.8195192217826843,0.6798815727233887
h64_wd0.01_s0,l17,30,0.0005,0.38544701717116614,0.7679663896560669,0.9513517415050003,0.730423620025674,1.8070461564870564,0.1436356796776669,0.8299676179885864,0.7083722352981567
h64_wd0.01_s0,l17,31,0.0005,0.38349089365113864,0.6632235050201416,0.951921149080527,0.7166880616174583,2.173650998522231,0.17957094195171558,0.8416527509689331,0.7304412126541138
h64_wd0.01_s0,l17,32,0.0005,0.3626265491951596,0.6905122995376587,0.953108083181625,0.7259306803594352,2.0687989483832663,0.1695547580577529,0.8524572253227234,0.7564743161201477
h64_wd0.01_s0,l17,33,0.0005,0.34573704546148126,0.6888904571533203,0.9553055152336576,0.7288831835686778,1.6826593331146418,0.1320010176058781,0.8633056879043579,0.7901389598846436
h64_wd0.01_s0,l17,34,0.0005,0.357956778596748,0.6934137940406799,0.9592753286123297,0.7249037227214378,2.069074108198382,0.14006263369617222,0.8744004964828491,0.822848916053772
h64_wd0.01_s0,l17,35,0.0005,0.33907093649560754,0.7340577840805054,0.9656911886182643,0.7309370988446726,2.1149344511082453,0.1378392897846115,0.8848394155502319,0.8536186814308167
h64_wd0.01_s0,l17,36,0.0005,0.34839955920522864,0.7086571455001831,0.9655227722931086,0.7317073170731707,2.270689848763916,0.14082983473353636,0.894675076007843,0.8766371011734009
h64_wd0.01_s0,l17,37,0.0005,0.3570968569679694,0.6947759389877319,0.9630045472407792,0.730423620025674,2.7194617522843383,0.1661689121685961,0.9059175252914429,0.9021112322807312
h64_wd0.01_s0,l17,38,0.0005,0.32469775595448236,0.7067257165908813,0.9750583442269289,0.7281129653401797,2.011590826785178,0.13468175928752285,0.9164979457855225,0.9365658760070801
h64_wd0.01_s0,l17,39,0.0005,0.2916827913035046,0.7555308938026428,0.9752187407270774,0.7356867779204107,2.165285787261418,0.12040227908880262,0.9250919222831726,0.9760138392448425
h64_wd0.01_s0,l17,40,0.0005,0.29496595805341547,0.7133914232254028,0.9780898380797332,0.7327342747111681,2.2093827901364604,0.12503307109119907,0.9340196847915649,1.0095938444137573
h64_wd0.01_s0,l17,41,0.0005,0.31050206517631357,0.7684140205383301,0.9741280445260685,0.7356867779204107,2.7924243478705146,0.14083314197874403,0.9441658854484558,1.0419095754623413
h64_wd0.01_s0,l17,42,0.0005,0.30447019230235706,0.8236240744590759,0.9718824935239914,0.7400513478818999,2.3565556774355496,0.12417563983198315,0.952777087688446,1.063467264175415
h64_wd0.01_s0,l17,43,0.0005,0.33110462535511365,0.8423871994018555,0.9725481389996071,0.7374839537869063,2.796268616653558,0.1607410778781346,0.9626092314720154,1.0816044807434082
h64_wd0.01_s0,l17,44,0.0005,0.35218477181412955,0.7650014758110046,0.9691316935464469,0.7186136071887034,3.317095839541052,0.18088475547912233,0.9735422730445862,1.1011459827423096
h64_wd0.01_s0,l17,45,0.0005,0.3625820550051602,0.6422843933105469,0.9765580515033162,0.7346598202824135,2.0974408594592577,0.1308154279215542,0.9841752052307129,1.1302258968353271
h64_wd0.01_s0,l17,46,0.0005,0.3002152056856589,0.7707905173301697,0.9765580515033161,0.737227214377407,1.9137019522035847,0.11385013577165472,0.9934089183807373,1.1771363019943237
h64_wd0.01_s0,l17,47,0.0005,0.2645814127542756,0.8593073487281799,0.9752027010770625,0.7385109114249038,2.195924260935181,0.10935533772048438,1.001573085784912,1.2168612480163574
h64_wd0.01_s0,l17,48,0.0005,0.2804344370961189,0.7397091388702393,0.9867231797002189,0.7400513478818999,2.6934983637087244,0.11688680826918141,1.0093233585357666,1.2485687732696533
h64_wd0.01_s0,l17,49,0.0005,0.3184872791171074,0.6677234768867493,0.9872765476257308,0.7376123234916558,3.09978045607988,0.13315975290748858,1.018875002861023,1.275449275970459
h64_wd0.01_s0,l17,50,0.0005,0.29906193166971207,0.7819217443466187,0.9789800386555566,0.736456996148909,2.4892583816771374,0.1188399334070699,1.0275616645812988,1.309753656387329
h64_wd0.01_s0,l17,51,0.0005,0.28381009332158347,0.7317991852760315,0.9832305459094883,0.7309370988446726,2.8655682284419477,0.12545961972391473,1.0350576639175415,1.3390140533447266
h64_wd0.01_s0,l17,52,0.0005,0.2730243588713082,0.8747517466545105,0.9857968899118621,0.7405648267008986,2.702180530832749,0.10804331956330658,1.0423635244369507,1.3739914894104004
h64_wd0.01_s0,l17,53,0.0005,0.24614348804408853,0.8761225938796997,0.9886920467395401,0.7386392811296534,2.680723517166939,0.09533982821322833,1.0493195056915283,1.405848503112793
h64_wd0.01_s0,l17,54,0.0005,0.26821965791962366,0.7738654613494873,0.9843052024604824,0.7346598202824133,2.3413660692680662,0.09518337128146383,1.056827187538147,1.4296387434005737
h64_wd0.01_s0,l17,55,0.0005,0.25031846727837215,0.8476355671882629,0.9856445132367211,0.7359435173299101,2.947347878046493,0.10397352395525007,1.0638478994369507,1.4656522274017334
h64_wd0.01_s0,l17,56,0.0005,0.23308379744941538,0.8252336978912354,0.9904884875412019,0.7322207958921694,2.5896203209178332,0.0887303987351326,1.0703682899475098,1.4975234270095825
h64_wd0.01_s0,l17,57,0.0005,0.24326927756721323,0.7699511051177979,0.9929184945184496,0.7282413350449295,3.2312751152692183,0.10297219468164175,1.0766264200210571,1.5257185697555542
h64_wd0.01_s0,l17,58,0.0005,0.2750125195492398,0.9694665670394897,0.985853028686914,0.7450577663671373,3.0328001123904795,0.10719726156076469,1.0836334228515625,1.5580188035964966
h64_wd0.01_s0,l17,59,0.0005,0.2541862597519701,0.9645631313323975,0.9765981506283533,0.7318356867779204,2.710818797812688,0.1003316485058844,1.0906474590301514,1.5870630741119385
h64_wd0.01_s0,l17,60,0.0005,0.2545452896844257,0.8620936274528503,0.9926057213431603,0.7418485237483955,3.1533628214921845,0.09824349974252676,1.0977531671524048,1.6100916862487793
h64_wd0.01_s0,l17,61,0.0005,0.20924495431509885,0.931316077709198,0.9916834414673072,0.7323491655969192,2.740891586706948,0.09188133606693044,1.1037909984588623,1.6433881521224976
h64_wd0.01_s0,l17,62,0.0005,0.19452618130228735,1.069366693496704,0.9855643149866471,0.7264441591784339,2.850978429819705,0.07786667695469775,1.1095322370529175,1.671911358833313
h64_wd0.01_s0,l17,63,0.0005,0.2038674144582315,0.9637668132781982,0.9957093936210313,0.7265725288831836,3.1521719884719603,0.09433957842813791,1.116026759147644,1.699351191520691
h64_wd0.01_s0,l17,64,0.0005,0.1885863095521927,1.099277138710022,0.9914669061921069,0.7365853658536585,3.092431141784814,0.08212790730205512,1.1217355728149414,1.7309775352478027
h64_wd0.01_s0,l17,65,0.0005,0.19986247542229565,1.0674368143081665,0.994402162144822,0.7395378690629012,3.009753145391433,0.07546180034399848,1.1270484924316406,1.752240538597107
h64_wd0.01_s0,l17,66,0.0005,0.20875970883802933,1.0734033584594727,0.9939450321193992,0.7311938382541721,3.7623427332041217,0.09987285804345425,1.1322311162948608,1.7697001695632935
h64_wd0.01_s0,l17,67,0.0005,0.16401668891988017,0.9579552412033081,0.9960061271463057,0.7324775353016688,2.7236827086992395,0.07111491896692027,1.1369773149490356,1.7907978296279907
h64_wd0.01_s0,l17,68,0.0005,0.16177364506504752,1.0612616539001465,0.9955850863334161,0.7344030808729141,2.7197759116201587,0.07420612684952223,1.1420716047286987,1.8226081132888794
h64_wd0.01_s0,l17,69,0.0005,0.1724556101994081,1.0829201936721802,0.9950838472704526,0.7462130937098844,2.5803979089501503,0.0750502506247713,1.1473422050476074,1.8533120155334473
h64_wd0.01_s0,l17,70,0.0005,0.1657424413345077,0.9441391825675964,0.9972411801974481,0.7345956354300385,2.9822714968260042,0.07010097886603016,1.1524558067321777,1.882016897201538
h64_wd0.01_s0,l17,71,0.0005,0.16390991854396733,0.9851862192153931,0.9982115790233457,0.7337612323491656,3.0762744724240645,0.06969653367501827,1.1576029062271118,1.9099763631820679
h64_wd0.01_s0,l17,72,0.0005,0.1530248112976551,1.073312520980835,0.997393556872589,0.7386392811296534,3.293174683156987,0.06741517877261481,1.162105679512024,1.933827519416809
h64_wd0.01_s0,l17,73,0.0005,0.17178620127114383,1.058257818222046,0.9965955842843509,0.7351732991014119,3.732814257746467,0.07551813467675679,1.1672264337539673,1.9565619230270386
h64_wd0.01_s0,l17,74,0.0005,0.20115818117152562,0.9312124252319336,0.9969925656222182,0.7346598202824134,3.563864327651204,0.07549240752148831,1.172100305557251,1.9792922735214233
h64_wd0.01_s0,l17,75,0.0005,0.17916967922990973,0.9153372645378113,0.9982917772734199,0.7291399229781772,3.024551247215774,0.06861299049881879,1.1764198541641235,2.0062849521636963
h64_wd0.01_s0,l17,76,0.0005,0.20840925418517806,0.9331726431846619,0.9778412235045031,0.7259306803594351,3.206246111955015,0.07658078673453417,1.1810760498046875,2.0301566123962402
h64_wd0.01_s0,l17,77,0.0005,0.24338202788071198,0.9866979718208313,0.9949074111202894,0.7439024390243901,4.4223644676642655,0.09225751296942616,1.1863800287246704,2.0472424030303955
h64_wd0.01_s0,l17,78,0.0005,0.2373511137610132,0.891615092754364,0.9936683481566433,0.7353016688061617,3.4744310199384043,0.08362803966453226,1.1917556524276733,2.0616908073425293
h64_wd0.01_s0,l17,79,0.0005,0.19958381287076257,1.095093846321106,0.9976983102228709,0.7396662387676509,3.4508227878598503,0.07972237900502242,1.1977812051773071,2.091721534729004
h64_wd0.01_s0,l17,80,0.0005,0.1922292025251822,0.9781384468078613,0.993078891018598,0.7229781771501925,3.2747809832126475,0.06485391256827379,1.2025965452194214,2.110307216644287
h64_wd0.01_s0,l17,81,0.0005,0.21213514696468005,1.0361930131912231,0.998083261823227,0.7436456996148908,3.8896182483100943,0.07862813971519939,1.2076399326324463,2.1368918418884277
h64_wd0.01_s0,l17,82,0.0005,0.17215896059166302,0.8346295356750488,0.9884273925142953,0.7322207958921694,2.727953393741917,0.06277309863065102,1.212281346321106,2.1578898429870605
h64_wd0.01_s0,l17,83,0.0005,0.2084071102806113,0.9304855465888977,0.9910739347667434,0.7418485237483954,3.1833203687692686,0.06587290832464315,1.2168269157409668,2.1792006492614746
h64_wd0.01_s0,l17,84,0.0005,0.19893826307220894,1.1004365682601929,0.9972411801974481,0.7381258023106547,3.1599838987552022,0.06389344917382038,1.2211918830871582,2.1995019912719727
h64_wd0.01_s0,l17,85,0.0005,0.1425835100764578,1.0022470951080322,0.9979629644481157,0.7322207958921695,2.937480752128646,0.05189991386495158,1.2250549793243408,2.222832202911377
h64_wd0.01_s0,l17,86,0.0005,0.22669710354371506,0.9226120114326477,0.9991298489866951,0.7353658536585366,3.4422430380604125,0.069920293069503,1.2300610542297363,2.246992826461792
h64_wd0.01_s0,l17,87,0.0005,0.24769115143201567,0.8057926893234253,0.9946387469825408,0.7313222079589217,4.524884299217605,0.08779316925132238,1.2350575923919678,2.2654449939727783
h64_wd0.01_s0,l17,88,0.0005,0.26322089677507227,0.8375193476676941,0.9978426670730045,0.7225288831835687,4.230420721626296,0.09366367139475532,1.2399773597717285,2.286844253540039
h64_wd0.01_s0,l17,89,0.0005,0.215851329267025,0.8565316200256348,0.9978827661980415,0.7297817715019256,3.859105655410066,0.07314570597536668,1.244633436203003,2.3086304664611816
h64_wd0.01_s0,l18,1,0.0005,0.6999518844214353,0.6893801093101501,0.6050615043355515,0.5540573973280554,0.4668567904181115,0.19457500526106966,0.20530538260936737,0.027087027207016945
h64_wd0.01_s0,l18,2,0.0005,0.6855924535881389,0.6845852136611938,0.698450369956722,0.6078673923800099,0.28314354958191346,0.13288923344391798,0.2391868382692337,0.02914620377123356
h64_wd0.01_s0,l18,3,0.0005,0.6780167167836969,0.6790076494216919,0.7431941923774954,0.6370608609599208,0.4183483912054989,0.2187555939592161,0.2651158571243286,0.027118247002363205
h64_wd0.01_s0,l18,4,0.0005,0.6721753830259497,0.6741258502006531,0.7539128546388075,0.6415141019297378,0.5121080356492541,0.2596883833734282,0.29486769437789917,0.04587921127676964
h64_wd0.01_s0,l18,5,0.0005,0.6577009531584653,0.6704611778259277,0.7588456109327253,0.64473033151905,0.5810459508372156,0.25125632660290986,0.3267935514450073,0.061201900243759155
h64_wd0.01_s0,l18,6,0.0005,0.6586486372080717,0.6660155057907104,0.7439542711775017,0.6387926768926274,0.7376058617438331,0.29142227160650597,0.35687822103500366,0.07310181111097336
h64_wd0.01_s0,l18,7,0.0005,0.6330219994891774,0.6947774887084961,0.7782043526145159,0.6542553191489362,0.6116729895989147,0.26958791057189585,0.38526785373687744,0.10208718478679657
h64_wd0.01_s0,l18,8,0.0005,0.6302662247961218,0.6776614785194397,0.7878992352676563,0.6656358238495794,0.6555340737022356,0.2108561838160747,0.41335681080818176,0.12784890830516815
h64_wd0.01_s0,l18,9,0.0005,0.6048016493970697,0.6435794234275818,0.7947166767493447,0.6683572488866898,0.7482557516189179,0.22001796450457697,0.4395042061805725,0.15721093118190765
h64_wd0.01_s0,l18,10,0.0005,0.6157271374355663,0.6426289677619934,0.8173328990025905,0.6822117763483424,1.100708150991188,0.3310088262608435,0.4652007818222046,0.17373333871364594
h64_wd0.01_s0,l18,11,0.0005,0.5837092372504148,0.6355918645858765,0.8269890021251183,0.6898812469074715,0.8469124486258917,0.2492743583242037,0.49155914783477783,0.1956353336572647
h64_wd0.01_s0,l18,12,0.0005,0.5682802051305771,0.6298013925552368,0.8416166410721765,0.6937159821870361,0.9009621576407955,0.24605301962553544,0.5159550905227661,0.22589509189128876
h64_wd0.01_s0,l18,13,0.0005,0.5465264482931658,0.6417130827903748,0.8537080987171731,0.6964374072241465,1.0759601565347272,0.30129030196367546,0.541059672832489,0.2534230947494507
h64_wd0.01_s0,l18,14,0.0005,0.542342177846215,0.6263251304626465,0.8638993593621542,0.70262246412667,1.024494888638857,0.2127171860070272,0.5661117434501648,0.29004377126693726
h64_wd0.01_s0,l18,15,0.0005,0.5121298351071097,0.628673255443573,0.8776273131990011,0.7039831766452251,0.9720129116110574,0.17580770055087724,0.5938908457756042,0.32760363817214966
h64_wd0.01_s0,l18,16,0.0005,0.5311121818694201,0.6244960427284241,0.8915724324072781,0.7041068777832757,1.2756810213104222,0.30511412833918533,0.6233512163162231,0.35757070779800415
h64_wd0.01_s0,l18,17,0.0005,0.5034425895322453,0.6285660862922668,0.8965594800440536,0.704477981197427,1.4527329200191874,0.26881931322004227,0.6549928784370422,0.38637909293174744
h64_wd0.01_s0,l18,18,0.0005,0.49617730622941797,0.6272053718566895,0.9013991654645012,0.7050964868876793,1.381284241793898,0.19008030579383461,0.6810011267662048,0.4164784252643585
h64_wd0.01_s0,l18,19,0.0005,0.4663917937062003,0.6406752467155457,0.9075651108318985,0.6969322117763483,1.2543926918926303,0.16739719156362343,0.7021398544311523,0.4565831422805786
h64_wd0.01_s0,l18,20,0.0005,0.46417739716443146,0.6404291987419128,0.9156312531993114,0.7017565561603167,1.4764200809008954,0.17387516600372052,0.723027765750885,0.4947834014892578
h64_wd0.01_s0,l18,21,0.0005,0.49404713917862286,0.6475009322166443,0.9195247180728126,0.7037357743691242,1.7453204373679838,0.19584733992811218,0.7423393130302429,0.5255576372146606
h64_wd0.01_s0,l18,22,0.0005,0.4405358216979287,0.717583954334259,0.9102176307257976,0.7106630380999506,1.7691492571860936,0.20329609209123686,0.7642493844032288,0.5529772043228149
h64_wd0.01_s0,l18,23,0.0005,0.46370255947113037,0.6510735750198364,0.9234336947585586,0.7079416130628402,1.4850974649747177,0.18922851295717374,0.7838184833526611,0.5835450887680054
h64_wd0.01_s0,l18,24,0.0005,0.4183581634001298,0.6443688273429871,0.9371267470178541,0.7057149925779317,1.570045221514772,0.15233133455920356,0.8000499606132507,0.6174956560134888
h64_wd0.01_s0,l18,25,0.0005,0.4038601395758716,0.6748530864715576,0.9376890502117363,0.714992577931717,1.4698142032917132,0.1492171036514912,0.8144934773445129,0.65334552526474
h64_wd0.01_s0,l18,26,0.0005,0.4041224853558974,0.6697613000869751,0.9535033427955388,0.707075705096487,1.944648766130566,0.15531499821799216,0.830093264579773,0.6886669397354126
h64_wd0.01_s0,l18,27,0.0005,0.40289758281274274,0.6517214775085449,0.9509749173995997,0.7209302325581396,1.8293673125455463,0.1562100112778799,0.8452227115631104,0.7190165519714355
h64_wd0.01_s0,l18,28,0.0005,0.39873346415433014,0.6789657473564148,0.9446771216281198,0.7135081642751113,2.109475983734145,0.1546381318344225,0.8609555959701538,0.752609372138977
h64_wd0.01_s0,l18,29,0.0005,0.3945320871743289,0.6908737421035767,0.9480431848852902,0.7033646709549728,1.7052014730856493,0.14527064072417342,0.8755077719688416,0.7890482544898987
h64_wd0.01_s0,l18,30,0.0005,0.3500531539320946,0.7416974306106567,0.9599019653466114,0.7142503711034142,1.8404309312837015,0.13619937545482055,0.8874728083610535,0.8265567421913147
h64_wd0.01_s0,l18,31,0.0005,0.35552841424942017,0.7414702773094177,0.9592349574200755,0.7136318654131618,2.4690535573138988,0.14763482399684086,0.900404691696167,0.8559746742248535
h64_wd0.01_s0,l18,32,0.0005,0.34500208497047424,0.7161489725112915,0.9684179502691298,0.7148688767936666,2.1523436812782153,0.140675507934476,0.911035418510437,0.8763842582702637
h64_wd0.01_s0,l18,33,0.0005,0.3288561356338588,0.7449292540550232,0.9606620441466176,0.7090549233052944,2.1658319565475366,0.1372584293784934,0.9227405190467834,0.9065130352973938
h64_wd0.01_s0,l18,34,0.0005,0.32451256093653763,0.7904267907142639,0.9590992290629314,0.7068283028203859,2.2123451960563894,0.12658757220000394,0.932716965675354,0.9329690933227539
h64_wd0.01_s0,l18,35,0.0005,0.34811637753790076,0.6848867535591125,0.9699652535405712,0.7155492330529442,2.0320518242237693,0.12156700818542122,0.9438901543617249,0.9635424017906189
h64_wd0.01_s0,l18,36,0.0005,0.3117611211809245,0.7836533188819885,0.9661997611180915,0.7225383473527957,2.0504681342096376,0.1311977524906202,0.9550641179084778,1.0077918767929077
h64_wd0.01_s0,l18,37,0.0005,0.30744318799539044,0.7518662214279175,0.9753439744365334,0.7256308758040574,2.439514816677937,0.1301225046864048,0.9664642810821533,1.0388479232788086
h64_wd0.01_s0,l18,38,0.0005,0.27097555927254935,0.7969497442245483,0.9762669272651124,0.723404255319149,1.8795965644403945,0.10966424132921601,0.9769774079322815,1.0755195617675781
h64_wd0.01_s0,l18,39,0.0005,0.3142715428363193,0.7113173007965088,0.9839995656692571,0.7172191984166255,2.7084563785298648,0.14190095386924878,0.9870709776878357,1.1029092073440552
h64_wd0.01_s0,l18,40,0.0005,0.27337897568941116,0.8728659749031067,0.9751500767834707,0.718951014349332,2.0828699918760463,0.10913551673710598,0.9971283078193665,1.1444308757781982
h64_wd0.01_s0,l18,41,0.0005,0.28008753806352615,0.8075454831123352,0.9844106286937503,0.7180851063829787,2.721031607314193,0.10578261130493502,1.007473349571228,1.170044183731079
h64_wd0.01_s0,l18,42,0.0005,0.260995860804211,0.7862042188644409,0.983968542044767,0.7100445324096981,2.4004614741451467,0.10474049681236147,1.0161488056182861,1.2003220319747925
h64_wd0.01_s0,l18,43,0.0005,0.2603175714612007,0.8596960306167603,0.9830882466998621,0.7203117268678872,2.540723125934306,0.11971144319181751,1.024466633796692,1.230290174484253
h64_wd0.01_s0,l18,44,0.0005,0.26376110112125223,0.8906785845756531,0.9872260226162223,0.7153636813458684,2.548169822756455,0.09969831718607582,1.0328350067138672,1.2625948190689087
h64_wd0.01_s0,l18,45,0.0005,0.24031949077140202,0.8908272385597229,0.981378069399848,0.7161058881741712,2.6736254231707637,0.10749614387454048,1.0412592887878418,1.2954188585281372
h64_wd0.01_s0,l18,46,0.0005,0.32130528444593603,0.7903665900230408,0.9807924984875983,0.7053438891637803,3.670934346139222,0.14544939422194814,1.0503814220428467,1.312319040298462
h64_wd0.01_s0,l18,47,0.0005,0.29591281373392453,0.7575762271881104,0.9878464951060232,0.7058386937159822,2.8632733757698037,0.10086434893237199,1.0584447383880615,1.3370475769042969
h64_wd0.01_s0,l18,48,0.0005,0.2806963585317135,0.8478960394859314,0.9884592116897017,0.7146214745175656,2.4588401892007785,0.10526303654630621,1.0650490522384644,1.3691902160644531
h64_wd0.01_s0,l18,49,0.0005,0.251687191426754,0.9632180333137512,0.9866365737509113,0.7174666006927264,2.956749375158049,0.10137244604324293,1.0724812746047974,1.404500126838684
h64_wd0.01_s0,l18,50,0.0005,0.25835633447224443,0.9080232381820679,0.9881024400080661,0.7182088075210292,3.3458623592703716,0.10199078921682662,1.079819679260254,1.438044786453247
h64_wd0.01_s0,l18,51,0.0005,0.24161762134595352,0.9628617763519287,0.9872260226162222,0.7174666006927264,3.103848588346913,0.10427725377416158,1.0876258611679077,1.4734859466552734
h64_wd0.01_s0,l18,52,0.0005,0.30769685926762497,0.9410769939422607,0.9890951959917478,0.7178377041068779,3.7699536012663146,0.11277375102979713,1.0942978858947754,1.498055100440979
h64_wd0.01_s0,l18,53,0.0005,0.236563771285794,0.9408038854598999,0.9893744086121581,0.7185799109351805,3.2693748498480404,0.09832499726895154,1.1007965803146362,1.5201319456100464
h64_wd0.01_s0,l18,54,0.0005,0.2550291737372225,0.840010941028595,0.9935238183877023,0.7064571994062346,2.6070303517029454,0.08161746822835915,1.1076586246490479,1.5483689308166504
h64_wd0.01_s0,l18,55,0.0005,0.230785571038723,0.9561495184898376,0.9889245660570525,0.7225383473527957,3.166346152813155,0.09881410284443529,1.1141318082809448,1.5797405242919922
h64_wd0.01_s0,l18,56,0.0005,0.2635925642468713,1.2066340446472168,0.9847286208447733,0.7179614052449282,3.4500136449766616,0.09342572790765495,1.119996428489685,1.6059526205062866
h64_wd0.01_s0,l18,57,0.0005,0.27875408733432944,0.8521461486816406,0.9905184047652288,0.7111578426521523,3.9705264534467997,0.10074197907861492,1.1272838115692139,1.6200718879699707
