unit,fold,epoch,lr,train_loss,val_loss,train_auc,val_auc,grad_net,grad_head,move_net,move_head
h64_wd0.001_s0,o0,1,0.0005,0.710720485762546,0.6927634477615356,0.6236520914800332,0.5027397260273972,0.6895825213248679,0.2579999295881931,0.1907370239496231,0.0327155776321888
h64_wd0.001_s0,o0,2,0.0005,0.6859064949186224,0.6951201558113098,0.6439043833284857,0.5188356164383563,0.4129536326947675,0.18340307310604148,0.22917211055755615,0.039021264761686325
h64_wd0.001_s0,o0,3,0.0005,0.679475558431525,0.6868788003921509,0.7074190177638453,0.572945205479452,0.44317298063187877,0.21598359909331835,0.24543976783752441,0.04086984694004059
h64_wd0.001_s0,o0,4,0.0005,0.6732924706057498,0.6813260912895203,0.7393702399034784,0.6085616438356165,0.44011953440242446,0.202079772655144,0.26147758960723877,0.04128864035010338
h64_wd0.001_s0,o0,5,0.0005,0.6666020750999451,0.6755152940750122,0.7576619375410703,0.6327054794520548,0.511656331579179,0.21591645743789453,0.2846163213253021,0.051286980509757996
h64_wd0.001_s0,o0,6,0.0005,0.6525393253878543,0.6647590398788452,0.7760398151439745,0.6702054794520548,0.5311783566440823,0.19469789617163272,0.3090236783027649,0.07082749158143997
h64_wd0.001_s0,o0,7,0.0005,0.6307268958342703,0.6722676157951355,0.7787652565469841,0.6660958904109588,0.5831486158003188,0.19698771938167048,0.33559247851371765,0.10552383959293365
h64_wd0.001_s0,o0,8,0.0005,0.6259842420879164,0.6532014608383179,0.7796055112087817,0.7001712328767122,0.7434267062465834,0.23182899165300702,0.3609767258167267,0.14092108607292175
h64_wd0.001_s0,o0,9,0.0005,0.6155891920390882,0.6575905084609985,0.7964106044447317,0.7015410958904109,0.7777514098385627,0.23363894667031254,0.38655343651771545,0.16838882863521576
h64_wd0.001_s0,o0,10,0.0005,0.598070320330168,0.635683000087738,0.8112227859828285,0.6991438356164383,0.8764387883070573,0.2311180860759928,0.40951862931251526,0.19981174170970917
h64_wd0.001_s0,o0,11,0.0005,0.6045929915026614,0.6452827453613281,0.817104568615411,0.6885273972602739,1.12791524516558,0.2771784199272367,0.4312251806259155,0.22272531688213348
h64_wd0.001_s0,o0,12,0.0005,0.5707909088385733,0.630435585975647,0.8285126415236619,0.7044520547945206,0.8056025239474761,0.2165698631260789,0.4511767625808716,0.25508347153663635
h64_wd0.001_s0,o0,13,0.0005,0.5663662207754034,0.6215122938156128,0.845382369733596,0.7183219178082191,0.8689523093090785,0.2142264820818313,0.4659801125526428,0.2847842872142792
h64_wd0.001_s0,o0,14,0.0005,0.5436272840750845,0.6130890846252441,0.8587187193657153,0.7268835616438356,1.0579810257081208,0.2154860544054589,0.48487523198127747,0.3280355632305145
h64_wd0.001_s0,o0,15,0.0005,0.5358798974438718,0.6068091988563538,0.86277995023107,0.7309931506849314,0.9457763984038586,0.16595820356182148,0.502072811126709,0.3718506395816803
h64_wd0.001_s0,o0,16,0.0005,0.5104214752975264,0.6134968996047974,0.8762132523241659,0.7267123287671232,1.1349055877888146,0.16830297878718403,0.5167931914329529,0.4067098796367645
h64_wd0.001_s0,o0,17,0.0005,0.5049005088053251,0.6083229780197144,0.8843464865505392,0.7325342465753425,1.3459387561691836,0.19168115791209808,0.5327117443084717,0.4446164667606354
h64_wd0.001_s0,o0,18,0.0005,0.4845999385181226,0.6062275767326355,0.898684678279417,0.7511986301369863,1.1567046322843677,0.1635472022540718,0.5478464961051941,0.4824562072753906
h64_wd0.001_s0,o0,19,0.0005,0.4926306150461498,0.6474514007568359,0.8982430059571901,0.7440068493150684,1.4469587459228117,0.1757008925105706,0.5647632479667664,0.5195191502571106
h64_wd0.001_s0,o0,20,0.0005,0.4892245719307347,0.5884301662445068,0.9107821909101681,0.7589041095890411,1.606555121828487,0.17605918144632404,0.578445315361023,0.5463402271270752
h64_wd0.001_s0,o0,21,0.0005,0.4514004603812569,0.5896080732345581,0.9166316560557584,0.7606164383561643,1.2583543084387692,0.14794733807407842,0.5929672718048096,0.5826288461685181
h64_wd0.001_s0,o0,22,0.0005,0.4431801532444201,0.5934141874313354,0.9201111721552532,0.7587328767123287,1.384298684801992,0.14443270633669136,0.6065961718559265,0.6195977926254272
h64_wd0.001_s0,o0,23,0.0005,0.4345050705106635,0.5811726450920105,0.9290523435564317,0.7705479452054794,1.5253439851764183,0.15472956103618496,0.6206341981887817,0.664147138595581
h64_wd0.001_s0,o0,24,0.0005,0.4233222462629017,0.620130181312561,0.9309483027933081,0.7580479452054794,1.4918761764264328,0.15684186224203123,0.6331595182418823,0.7037755846977234
h64_wd0.001_s0,o0,25,0.0005,0.4046982134643354,0.5831798315048218,0.939329304419955,0.7659246575342465,1.7069210594899322,0.1550673848933236,0.6464840769767761,0.7461788654327393
h64_wd0.001_s0,o0,26,0.0005,0.41767776326129313,0.5872005224227905,0.9419577933619881,0.7678082191780821,1.8014277874380185,0.1637598508288488,0.660660982131958,0.7869828939437866
h64_wd0.001_s0,o0,27,0.0005,0.38526975794842366,0.5814138054847717,0.9499833026317206,0.7727739726027397,1.5564101826647365,0.1485045590518983,0.6735661625862122,0.8340990543365479
h64_wd0.001_s0,o0,28,0.0005,0.3974678751669432,0.582749605178833,0.950489609927932,0.770376712328767,2.302654292124315,0.1498603914619769,0.6858034729957581,0.8770190477371216
h64_wd0.001_s0,o0,29,0.0005,0.3806361791334654,0.5818223357200623,0.9513621820767217,0.7684931506849315,1.9124204478716558,0.14179069766570662,0.6972408890724182,0.9187756180763245
h64_wd0.001_s0,o0,30,0.0005,0.3820934389766894,0.5896843075752258,0.9562636676038738,0.7690068493150685,2.21061416664446,0.13969346375884592,0.7078624367713928,0.9562532305717468
h64_wd0.001_s0,o0,31,0.0005,0.38385215244795146,0.6131234765052795,0.9505111549192602,0.7657534246575342,2.3184641734915408,0.13721085637443223,0.7174553871154785,0.9820128083229065
h64_wd0.001_s0,o0,32,0.0005,0.3867478190284026,0.6374406218528748,0.9500694825970333,0.7660958904109588,3.0169103650665696,0.1598284329364337,0.7280001044273376,0.9963277578353882
h64_wd0.001_s0,o0,33,0.0005,0.37946047437818425,0.6843963265419006,0.9490676405002747,0.7506849315068492,2.3043267669631042,0.13975618052833969,0.7386884093284607,1.0197373628616333
h64_wd0.001_s0,o0,34,0.0005,0.3780532291061,0.5807822942733765,0.9716898813948228,0.7633561643835617,2.3992194973884495,0.12716128867389323,0.7484344244003296,1.041027545928955
h64_wd0.001_s0,o0,35,0.0005,0.352639681414554,0.6408993601799011,0.9671654332159132,0.7732876712328767,2.0420770947877225,0.12021488217623041,0.7585136294364929,1.077687382698059
h64_wd0.001_s0,o0,36,0.0005,0.31032382814507736,0.6265175938606262,0.9745015027631452,0.7732876712328767,2.1534158484856922,0.10905208394956672,0.7660609483718872,1.1092615127563477
h64_wd0.001_s0,o0,37,0.0005,0.30070671988160985,0.6383989453315735,0.9722392786736904,0.763013698630137,2.398028920035234,0.11500239009117773,0.7737448215484619,1.1442310810089111
h64_wd0.001_s0,o0,38,0.0005,0.3195024109200427,0.6472579836845398,0.9762035570780683,0.7657534246575342,3.225723472707343,0.1383468749466706,0.781004011631012,1.1706502437591553
h64_wd0.001_s0,o0,39,0.0005,0.3026609899182069,0.7374999523162842,0.9759988796604508,0.7626712328767123,2.6611593067507657,0.12140681361731773,0.7892411351203918,1.19818913936615
h64_wd0.001_s0,o0,40,0.0005,0.2856052494362781,0.7451902031898499,0.981191222570533,0.7655821917808219,2.7440889072966264,0.10607607153992342,0.7966442108154297,1.2312958240509033
h64_wd0.001_s0,o0,41,0.0005,0.2679123517714049,0.7001310586929321,0.9810296351355718,0.7613013698630138,2.6246694817606504,0.10315731614143898,0.8037266135215759,1.2644290924072266
h64_wd0.001_s0,o0,42,0.0005,0.2730119855780351,0.7008728981018066,0.9810511801269,0.7666095890410959,2.9559308898189127,0.10486586994937284,0.8114508986473083,1.3018397092819214
h64_wd0.001_s0,o0,43,0.0005,0.2800161744418897,0.6664280891418457,0.9883226147001476,0.7729452054794521,2.9544768665421426,0.12234277084344043,0.8188859224319458,1.3300350904464722
h64_wd0.001_s0,o0,44,0.0005,0.2749780620399274,0.6877366900444031,0.9863297030022945,0.7706335616438357,3.097286083468846,0.10851200594935513,0.8270246982574463,1.3573137521743774
h64_wd0.001_s0,o0,45,0.0005,0.22997751910435527,0.7502366900444031,0.9896907216494846,0.7647260273972603,2.5964226156296286,0.11395223827824677,0.8344407081604004,1.3972113132476807
h64_wd0.001_s0,o0,46,0.0005,0.23451989653863406,0.7528193593025208,0.9901216214760473,0.7616438356164382,2.9005957211916176,0.1021258846380289,0.8415914177894592,1.436417818069458
h64_wd0.001_s0,o0,47,0.0005,0.2636819928884506,0.6846248507499695,0.992502343017807,0.7648972602739725,3.6611931513904756,0.11750950779823494,0.8490601778030396,1.4638707637786865
h64_wd0.001_s0,o0,48,0.0005,0.24001851324972354,0.7146775126457214,0.9884303396567883,0.7659246575342465,3.348558501501379,0.10024203396939069,0.85642409324646,1.4969894886016846
h64_wd0.001_s0,o0,49,0.0005,0.23768151276989988,0.6976271867752075,0.9943390535285309,0.7561643835616437,3.379515648046028,0.10676520787552193,0.8630152344703674,1.5248972177505493
h64_wd0.001_s0,o0,50,0.0005,0.22519669172010923,0.7036430239677429,0.9966659125919701,0.7625,2.764695505215028,0.08953921861484698,0.8697390556335449,1.5580381155014038
h64_wd0.001_s0,o0,51,0.0005,0.2236431625328566,0.7161091566085815,0.9953139643861293,0.7665239726027396,3.0466266050123676,0.08459403607326085,0.8759012222290039,1.5865620374679565
h64_wd0.001_s0,o0,52,0.0005,0.19872212762895383,0.6334422826766968,0.9952223981729846,0.7672945205479451,3.1813822841412063,0.08159958786446424,0.8821532130241394,1.623134970664978
h64_wd0.001_s0,o0,53,0.0005,0.25415825490888794,0.6870661377906799,0.9959279966389813,0.7626712328767123,3.675057501029967,0.0999082668790559,0.8885371088981628,1.6542576551437378
h64_wd0.001_s0,o0,54,0.0005,0.21955615595767372,0.7441883683204651,0.997867045858514,0.7578767123287671,3.128626579502195,0.07405155286045347,0.895029604434967,1.684088945388794
h64_wd0.001_s0,o0,55,0.0005,0.21942217844097237,0.8657501935958862,0.994807657089918,0.761472602739726,3.7140576333848814,0.10056870751546187,0.9010300040245056,1.7082819938659668
h64_wd0.001_s0,o1,1,0.0005,0.7087644432720385,0.689460277557373,0.592293356601924,0.5895547945205479,0.5092336157895702,0.18038606934030982,0.200811505317688,0.0329018197953701
h64_wd0.001_s0,o1,2,0.0005,0.6898796621121859,0.6850550770759583,0.6763188227816739,0.6357876712328767,0.30790459803095377,0.12454427074240013,0.23952920734882355,0.03835282474756241
h64_wd0.001_s0,o1,3,0.0005,0.6805820370975294,0.6798341274261475,0.7308815133201909,0.6594178082191781,0.34693061948188525,0.15520760086213653,0.25793537497520447,0.03926258534193039
h64_wd0.001_s0,o1,4,0.0005,0.6760400596417879,0.6716648936271667,0.7687899255620549,0.6902397260273971,0.44771125089607816,0.16366284471987805,0.276854008436203,0.04692024737596512
h64_wd0.001_s0,o1,5,0.0005,0.6643626156606173,0.6779674291610718,0.7549472686337243,0.673458904109589,0.5112142549780987,0.17741388413075726,0.30082637071609497,0.06915538012981415
h64_wd0.001_s0,o1,6,0.0005,0.6708737580399764,0.6661875247955322,0.7765676674315138,0.6808219178082191,0.682844154125925,0.22963120865155315,0.3231111764907837,0.0750344917178154
h64_wd0.001_s0,o1,7,0.0005,0.6457786058124743,0.6853926181793213,0.7845931767012464,0.6839041095890411,0.5691001774237877,0.20611272600001798,0.347567617893219,0.08943182975053787
h64_wd0.001_s0,o1,8,0.0005,0.6428288409584447,0.6556768417358398,0.7604196964310721,0.659931506849315,0.8472581163777303,0.23769619327929414,0.36987873911857605,0.1045197993516922
h64_wd0.001_s0,o1,9,0.0005,0.6337624756913436,0.6482457518577576,0.7867476758340606,0.6876712328767124,0.7261523598251882,0.18246489835052007,0.3892480134963989,0.12312718480825424
h64_wd0.001_s0,o1,10,0.0005,0.6144229487368935,0.6423167586326599,0.8073770050307555,0.6972602739726027,0.9402682410390961,0.239341071711451,0.40889132022857666,0.15081284940242767
h64_wd0.001_s0,o1,11,0.0005,0.611719570661846,0.6372362971305847,0.8267136347477619,0.7111301369863013,0.855708954655771,0.2094141351367341,0.42746394872665405,0.1749023050069809
h64_wd0.001_s0,o1,12,0.0005,0.5788060960016752,0.6302586793899536,0.8228355363086967,0.7010273972602739,0.8544306107072908,0.20807456319083026,0.44862884283065796,0.2136525958776474
h64_wd0.001_s0,o1,13,0.0005,0.5931916017281381,0.6401733160018921,0.8427323358002348,0.7102739726027397,1.1235490662775707,0.2591456579381367,0.46525120735168457,0.22950956225395203
h64_wd0.001_s0,o1,14,0.0005,0.5585447800786871,0.6216303110122681,0.8561117754150104,0.7124999999999999,1.0018234845362528,0.18223283942464857,0.4826568365097046,0.2620770037174225
h64_wd0.001_s0,o1,15,0.0005,0.5579158365726471,0.6300210952758789,0.8724213338504132,0.7160958904109589,1.0830940711288852,0.18843192694932215,0.4994325041770935,0.29792657494544983
h64_wd0.001_s0,o1,16,0.0005,0.524200268481907,0.6277549862861633,0.8731861810425621,0.7131849315068494,1.0645309591613163,0.17135560788803453,0.5158793330192566,0.3392590284347534
h64_wd0.001_s0,o1,17,0.0005,0.5064199943291513,0.6105780005455017,0.8851651962210086,0.7253424657534246,1.3157222942186908,0.19288751213538477,0.5326082110404968,0.383117139339447
h64_wd0.001_s0,o1,18,0.0005,0.4951814554239574,0.6258358359336853,0.8887847547641363,0.7087328767123288,1.3908955886363545,0.1866973298012306,0.549207866191864,0.42460593581199646
h64_wd0.001_s0,o1,19,0.0005,0.49170328127710444,0.6314025521278381,0.9069471824537592,0.7121575342465754,1.3980242416051423,0.17900710025590633,0.5644834041595459,0.46447065472602844
h64_wd0.001_s0,o1,20,0.0005,0.4697237093197672,0.6504936218261719,0.9116116730763015,0.7150684931506849,1.3008067707430837,0.15722877156479623,0.5806625485420227,0.5054999589920044
h64_wd0.001_s0,o1,21,0.0005,0.4572063747205232,0.7043318152427673,0.9104697885359101,0.7135273972602739,1.7483802142533584,0.21263280812757057,0.5952592492103577,0.5461429357528687
h64_wd0.001_s0,o1,22,0.0005,0.4506206920272426,0.6398597955703735,0.919647954841698,0.7085616438356165,1.5508258591425685,0.14037348590809515,0.6094555854797363,0.585117518901825
h64_wd0.001_s0,o1,23,0.0005,0.44991619335977656,0.657146155834198,0.9350526236413189,0.7071917808219179,1.9035094944235094,0.15318440672845698,0.6235409379005432,0.6207481622695923
h64_wd0.001_s0,o1,24,0.0005,0.505683056618038,0.6311519742012024,0.9447263247476543,0.6993150684931506,2.4254025991397112,0.2239613886936934,0.6380367279052734,0.6325036287307739
h64_wd0.001_s0,o1,25,0.0005,0.47106263041496277,0.6553410291671753,0.9403203740210494,0.7150684931506849,1.7456585789003862,0.16446271885971817,0.6526262760162354,0.6548500061035156
h64_wd0.001_s0,o1,26,0.0005,0.4361935555934906,0.6887773275375366,0.9323271822383091,0.7044520547945207,1.8684966847388729,0.18327982305419416,0.6673243045806885,0.6925563812255859
h64_wd0.001_s0,o1,27,0.0005,0.39844234523020294,0.6690345406532288,0.9476779885596096,0.7138698630136986,1.9542677729077582,0.1518029221916679,0.6796934604644775,0.7285947799682617
h64_wd0.001_s0,o1,28,0.0005,0.4023227754392122,0.6298385858535767,0.9607019358174709,0.7179794520547945,2.353318239277019,0.16921600392688357,0.6916919946670532,0.7606511116027832
h64_wd0.001_s0,o1,29,0.0005,0.40358983215532807,0.6318041086196899,0.9502418425276584,0.7301369863013698,2.2388943097637806,0.1497689830742267,0.7041759490966797,0.8018200397491455
h64_wd0.001_s0,o1,30,0.0005,0.3831247797137813,0.6959003210067749,0.9563498475691863,0.7063356164383562,1.9350873283934285,0.12741600560168514,0.715090811252594,0.8467308878898621
h64_wd0.001_s0,o1,31,0.0005,0.34490638971328735,0.6929643154144287,0.9681672753126718,0.7044520547945206,2.3525638966133844,0.13843532022044583,0.725277841091156,0.8865999579429626
h64_wd0.001_s0,o1,32,0.0005,0.3712661470237531,0.7293618321418762,0.9628241174632927,0.7111301369863015,2.5790531337919425,0.15837472627777777,0.7365713119506836,0.922967255115509
h64_wd0.001_s0,o1,33,0.0005,0.36754206450361954,0.7022862434387207,0.9698046946536104,0.7124999999999999,2.3958546699165773,0.17414327680062178,0.7472221851348877,0.9541541934013367
h64_wd0.001_s0,o1,34,0.0005,0.3804254225994411,0.6628562808036804,0.9669823007896239,0.7148972602739726,2.5305479054296143,0.13061526170386104,0.7576146721839905,0.9875638484954834
h64_wd0.001_s0,o1,35,0.0005,0.37203212552949,0.647972047328949,0.9751478525029894,0.726541095890411,2.71466666357844,0.1301839539752542,0.7677335143089294,1.0190861225128174
h64_wd0.001_s0,o1,36,0.0005,0.3079074197693875,0.6915022134780884,0.9766990918786156,0.7263698630136985,2.3271268774155827,0.11285670183538792,0.776824951171875,1.0547696352005005
h64_wd0.001_s0,o1,37,0.0005,0.29493478332695205,0.7751365900039673,0.9757942022428335,0.7224315068493149,2.307304079801072,0.12973206741377075,0.7851524949073792,1.0899795293807983
h64_wd0.001_s0,o1,38,0.0005,0.31122235875380666,0.7554005980491638,0.9786596860894764,0.7255136986301369,2.3134586253176788,0.10116643099127258,0.7935302257537842,1.1212691068649292
h64_wd0.001_s0,o1,39,0.0005,0.2886878299085717,0.7241259813308716,0.9738336080319727,0.7280821917808219,2.7401221166365217,0.11542232965741916,0.8019263744354248,1.1556332111358643
h64_wd0.001_s0,o1,40,0.0005,0.3022469195880388,0.741376519203186,0.9861573430716694,0.7196917808219178,3.035288057631762,0.10988366708945628,0.8106485605239868,1.184988260269165
h64_wd0.001_s0,o1,41,0.0005,0.2519459849909732,0.8612872362136841,0.9834749916513159,0.7174657534246576,2.360999946417315,0.10809076895104872,0.8192078471183777,1.2198656797409058
h64_wd0.001_s0,o1,42,0.0005,0.26197824195811625,0.8228123188018799,0.9881825722565146,0.7198630136986301,2.8022057309412203,0.11482281485716991,0.8270999789237976,1.2560008764266968
h64_wd0.001_s0,o1,43,0.0005,0.29690919149863093,0.7176783680915833,0.9763005095390449,0.7077054794520548,3.4534429615412527,0.12471322781365801,0.8350810408592224,1.2789283990859985
h64_wd0.001_s0,o1,44,0.0005,0.28712913864537287,0.8149023652076721,0.9902724364153443,0.7263698630136987,2.7631427249958587,0.10782813307649687,0.8438295125961304,1.3050041198730469
h64_wd0.001_s0,o1,45,0.0005,0.22782222612908012,0.8297500014305115,0.9853278609055359,0.7200342465753424,2.736808206777917,0.1052003683263365,0.8510677218437195,1.3353484869003296
h64_wd0.001_s0,o1,46,0.0005,0.24095681466554342,0.8306862711906433,0.9888720119790153,0.7171232876712328,2.9916162551013348,0.09532691154878829,0.8582972884178162,1.3660542964935303
h64_wd0.001_s0,o1,47,0.0005,0.22580502299886002,0.7787482142448425,0.9961596052957589,0.7234589041095889,2.6718784090743415,0.10119771617472233,0.8655686378479004,1.4012960195541382
h64_wd0.001_s0,o1,48,0.0005,0.20289485940807744,0.9765549302101135,0.9910372836074933,0.720890410958904,2.598735789042803,0.08767305494824901,0.8721202611923218,1.4370750188827515
h64_wd0.001_s0,o1,49,0.0005,0.22961663141062386,0.9831200838088989,0.9949692445248791,0.709417808219178,3.658288450164216,0.12174282360695392,0.8795472979545593,1.4647520780563354
h64_wd0.001_s0,o2,1,0.0005,0.7106268249059978,0.6911424398422241,0.5876450247228775,0.5405821917808219,0.613485423951281,0.21692344146111808,0.19471389055252075,0.03677692636847496
h64_wd0.001_s0,o2,2,0.0005,0.6887377375050595,0.6869913935661316,0.6658695019875254,0.5986301369863013,0.3480621078410633,0.12182246622129089,0.23542021214962006,0.044599730521440506
h64_wd0.001_s0,o2,3,0.0005,0.6786702118421856,0.681086540222168,0.7540962414762629,0.6696917808219177,0.34649741764927416,0.15367665399382854,0.2516334652900696,0.03949102759361267
h64_wd0.001_s0,o2,4,0.0005,0.6755920899541754,0.6748924851417542,0.7648471921490051,0.6866438356164383,0.43444517699434443,0.1636272541945946,0.26578643918037415,0.036020178347826004
h64_wd0.001_s0,o2,5,0.0005,0.6624189583878768,0.668089747428894,0.7719139493046354,0.6912671232876711,0.49173879428401274,0.19684928788048647,0.28406858444213867,0.047575853765010834
h64_wd0.001_s0,o2,6,0.0005,0.651383986598567,0.6618217825889587,0.7815984229066348,0.6950342465753424,0.5573393761285085,0.23459651558420228,0.3040582239627838,0.07059961557388306
h64_wd0.001_s0,o2,7,0.0005,0.6336459078286824,0.6687985062599182,0.7871570306692952,0.6988013698630137,0.5557903634162817,0.17166287017255516,0.32605811953544617,0.1060110479593277
h64_wd0.001_s0,o2,8,0.0005,0.6231593615130374,0.6450711488723755,0.7880726928007412,0.6868150684931507,0.6790472871668753,0.18670437997073377,0.3491595685482025,0.14504900574684143
h64_wd0.001_s0,o2,9,0.0005,0.6120148332495439,0.6396329998970032,0.8093914617199366,0.7039383561643835,0.6695366090964215,0.19518095240081745,0.37246808409690857,0.1874464750289917
h64_wd0.001_s0,o2,10,0.0005,0.5983750318226061,0.641526997089386,0.8245375906236198,0.7174657534246576,0.8838594225042379,0.20479708339095246,0.39431455731391907,0.22635333240032196
h64_wd0.001_s0,o2,11,0.0005,0.5877788615854163,0.6298585534095764,0.8357948485925734,0.7190068493150685,0.9620832662904761,0.22600071496517538,0.41441354155540466,0.25456884503364563
h64_wd0.001_s0,o2,12,0.0005,0.5757281309679935,0.6282379031181335,0.8387465124045288,0.7150684931506849,1.053509857339678,0.2176759038376727,0.43484967947006226,0.2925570011138916
h64_wd0.001_s0,o2,13,0.0005,0.5755614450103358,0.6248804926872253,0.8528800267157892,0.7222602739726028,0.9358737491618878,0.16640822898450278,0.4541718363761902,0.3281291127204895
h64_wd0.001_s0,o2,14,0.0005,0.5593428015708923,0.6207865476608276,0.8559286429887212,0.7208904109589042,1.1246830778300911,0.17205035645454483,0.4698503315448761,0.3658410310745239
h64_wd0.001_s0,o2,15,0.0005,0.5551113690200605,0.6216616034507751,0.8717642116149048,0.7190068493150685,1.2349254498064053,0.17395607439540833,0.4849017858505249,0.39395609498023987
h64_wd0.001_s0,o2,16,0.0005,0.5388753806289873,0.6196340322494507,0.8808885154423725,0.7164383561643836,1.0525133520028969,0.15584439249392457,0.5022424459457397,0.43640387058258057
h64_wd0.001_s0,o2,17,0.0005,0.506538704821938,0.6369445323944092,0.885682276012884,0.7260273972602739,1.1148339793520123,0.16452275192549537,0.5192031264305115,0.4823865592479706
h64_wd0.001_s0,o2,18,0.0005,0.47740349487254496,0.624687671661377,0.8917579635674195,0.7256849315068492,1.299490201551139,0.19075785929328673,0.5399348735809326,0.5278247594833374
h64_wd0.001_s0,o2,19,0.0005,0.4897452530108,0.6355589032173157,0.9029721315537171,0.7285958904109588,1.6468610294324668,0.15577657134976589,0.5571467876434326,0.56516432762146
h64_wd0.001_s0,o2,20,0.0005,0.4764433581578104,0.6812857985496521,0.9172887782912668,0.7159246575342465,1.7532157430248596,0.2320563334903773,0.5716944932937622,0.5985161662101746
h64_wd0.001_s0,o2,21,0.0005,0.47517688493979604,0.6884583830833435,0.9100173437180192,0.7246575342465754,1.6514947694213045,0.1947130200156607,0.5885247588157654,0.629338264465332
h64_wd0.001_s0,o2,22,0.0005,0.46474284247348185,0.623776912689209,0.9198849497463077,0.7179794520547945,1.2152337169089293,0.15006763883467877,0.6039550304412842,0.6704631447792053
h64_wd0.001_s0,o2,23,0.0005,0.43146945928272445,0.7102077603340149,0.9184198903359941,0.7246575342465753,1.5388073609029778,0.15323041568781604,0.6178046464920044,0.7134920954704285
h64_wd0.001_s0,o2,24,0.0005,0.48990312375520406,0.6302905082702637,0.9335229292570211,0.7167808219178082,2.586346539543099,0.23797704514030335,0.6311993598937988,0.7362725138664246
h64_wd0.001_s0,o2,25,0.0005,0.4381599943888815,0.6453991532325745,0.9318208749420979,0.7253424657534245,1.732887009169576,0.15012221557451388,0.6428182721138,0.7664231061935425
h64_wd0.001_s0,o2,26,0.0005,0.4253808291334855,0.6547849178314209,0.9450064096349201,0.7143835616438355,1.8570913101454216,0.13047651904314814,0.6537997126579285,0.8015666007995605
h64_wd0.001_s0,o2,27,0.0005,0.4194619545811101,0.681408166885376,0.940858998804253,0.7164383561643836,1.8072549735526477,0.15323574418088853,0.6653358340263367,0.8414602875709534
h64_wd0.001_s0,o2,28,0.0005,0.3999856004589482,0.6867808699607849,0.9505434724062524,0.7157534246575342,2.4277210042984327,0.1504506290964497,0.6760099530220032,0.8710963726043701
h64_wd0.001_s0,o2,29,0.0005,0.3789528655378442,0.7355632185935974,0.9490245505176185,0.7143835616438355,1.825446358277994,0.1219999537603528,0.6865010857582092,0.9054856300354004
h64_wd0.001_s0,o2,30,0.0005,0.34833304897734996,0.7100295424461365,0.9599263161296577,0.7107876712328767,2.204557629030791,0.14881561053994774,0.6972826719284058,0.9425356984138489
h64_wd0.001_s0,o2,31,0.0005,0.3521545043117122,0.7155766487121582,0.971582156438182,0.7070205479452054,2.432061815540073,0.14424632380257896,0.7076245546340942,0.9796715378761292
h64_wd0.001_s0,o2,32,0.0005,0.338865694246794,0.7410921454429626,0.965323336457357,0.7083904109589041,2.318146107591578,0.14352660191762956,0.7178776860237122,1.0170459747314453
h64_wd0.001_s0,o2,33,0.0005,0.3380723470135739,0.7684810161590576,0.9692445248790788,0.7099315068493149,2.4036136129275656,0.12505574625128182,0.7277656197547913,1.0557336807250977
h64_wd0.001_s0,o2,34,0.0005,0.3829407221392581,0.7097389101982117,0.9546908832369195,0.6919520547945205,2.5213416361373615,0.12432125818508308,0.7378697395324707,1.079738974571228
h64_wd0.001_s0,o2,35,0.0005,0.3538781671147597,0.7170681953430176,0.9675263118206595,0.6934931506849314,2.531560660421691,0.11278077634803318,0.7459021210670471,1.1053698062896729
h64_wd0.001_s0,o2,36,0.0005,0.327437162399292,0.7587535381317139,0.977377759105452,0.6952054794520547,2.1696501330184104,0.11809016999967167,0.7543179392814636,1.1467958688735962
h64_wd0.001_s0,o2,37,0.0005,0.3402009324023598,0.798211395740509,0.9795861207165864,0.698972602739726,3.13284390054692,0.13288158056089697,0.7642245292663574,1.1859179735183716
h64_wd0.001_s0,o2,38,0.0005,0.3694682184018587,0.7589432597160339,0.97890745348975,0.7006849315068492,3.3188957946582045,0.13981090167125432,0.7749972939491272,1.213377594947815
h64_wd0.001_s0,o2,39,0.0005,0.3211586859665419,0.6995517015457153,0.9839058914778787,0.7034246575342465,2.309556464663185,0.09811193694460424,0.7848853468894958,1.2434217929840088
h64_wd0.001_s0,o3,1,0.0005,0.716578439662331,0.688554584980011,0.65984767691131,0.586986301369863,0.6998436666501601,0.28262100482963487,0.19458797574043274,0.036316078156232834
h64_wd0.001_s0,o3,2,0.0005,0.6874481282736126,0.6842832565307617,0.7355136864557412,0.6688356164383562,0.31850579170752774,0.12493944277653614,0.2368207424879074,0.04431643337011337
h64_wd0.001_s0,o3,3,0.0005,0.6767400503158569,0.6765864491462708,0.7531805793448169,0.6883561643835617,0.339322236654003,0.15496858343364808,0.2597045600414276,0.04021606966853142
h64_wd0.001_s0,o3,4,0.0005,0.6666595402516817,0.6630873084068298,0.7700610800504152,0.7136986301369863,0.4433871629455346,0.20705492794282312,0.28446972370147705,0.03592076525092125
h64_wd0.001_s0,o3,5,0.0005,0.6415406873351649,0.6684823632240295,0.7758782277090133,0.7131849315068494,0.5989963576939862,0.26420578576443243,0.320865660905838,0.04997757449746132
h64_wd0.001_s0,o3,6,0.0005,0.6554823486428512,0.658180832862854,0.7853580238933955,0.7203767123287671,0.8731061691194373,0.36293041580694374,0.3490448594093323,0.05551531910896301
h64_wd0.001_s0,o3,7,0.0005,0.6192305715460527,0.6462461948394775,0.797100044167232,0.726027397260274,0.5595408617412344,0.20505062461208767,0.37703508138656616,0.06974722445011139
h64_wd0.001_s0,o3,8,0.0005,0.6141604938005146,0.6602299213409424,0.7783343567204215,0.7143835616438355,0.878385442398236,0.29948700429956665,0.4058791697025299,0.09431029856204987
h64_wd0.001_s0,o3,9,0.0005,0.609263727539464,0.6366816759109497,0.804112938844542,0.7282534246575343,0.8172326331480769,0.2638045943294096,0.43254759907722473,0.1085427775979042
h64_wd0.001_s0,o3,10,0.0005,0.5844183940636484,0.6413766741752625,0.8252593478331126,0.7366438356164384,0.8212250925551328,0.23657045180417668,0.45813852548599243,0.1349596381187439
h64_wd0.001_s0,o3,11,0.0005,0.5756588860561973,0.6116744875907898,0.838778829891521,0.7392123287671232,0.9235269905680472,0.24682985584972358,0.4794028699398041,0.1548318862915039
h64_wd0.001_s0,o3,12,0.0005,0.5569334830108442,0.6054954528808594,0.8494005106162944,0.7400684931506849,0.9558564734180828,0.2352269985515494,0.5046674013137817,0.18430158495903015
h64_wd0.001_s0,o3,13,0.0005,0.5501254044081035,0.6159233450889587,0.8566719451895421,0.7390410958904109,1.1834600464144007,0.31003040540813975,0.5283359289169312,0.20701223611831665
h64_wd0.001_s0,o3,14,0.0005,0.5507945355616117,0.610008180141449,0.8622844154305227,0.7496575342465753,1.2688346910151798,0.272798605970166,0.5508832335472107,0.2259465605020523
h64_wd0.001_s0,o3,15,0.0005,0.5307820031517431,0.5963178873062134,0.871785756606233,0.7496575342465752,1.0616884183159219,0.19364187867579213,0.5699697732925415,0.25080716609954834
h64_wd0.001_s0,o3,16,0.0005,0.4943920703310716,0.5933018326759338,0.8833877344364369,0.7535958904109589,1.0306050221189642,0.21388989947716536,0.5891891121864319,0.2844228446483612
h64_wd0.001_s0,o3,17,0.0005,0.4812553085778889,0.6162269115447998,0.894871214814336,0.7491438356164384,1.2351457658664644,0.21390841684847728,0.6095495820045471,0.3169759511947632
h64_wd0.001_s0,o3,18,0.0005,0.47813034214471517,0.5932826995849609,0.9144663844272802,0.7559931506849316,1.4688840738630389,0.20799515846902744,0.6268749237060547,0.3435007631778717
h64_wd0.001_s0,o3,19,0.0005,0.45687650222527354,0.607494592666626,0.9170517833866572,0.7582191780821917,1.3566179670519114,0.20473941298216058,0.6452651023864746,0.3843682110309601
h64_wd0.001_s0,o3,20,0.0005,0.44240750137128326,0.5873886346817017,0.9243339904555689,0.7601027397260274,1.3787785049862198,0.18147040078670895,0.6623824834823608,0.42434993386268616
h64_wd0.001_s0,o3,21,0.0005,0.43230663318383067,0.5986678004264832,0.9290631160520957,0.7558219178082192,1.4644508277680715,0.17933967034485299,0.6783402562141418,0.45971375703811646
h64_wd0.001_s0,o3,22,0.0005,0.4023310369566867,0.6137580871582031,0.9294401534003384,0.7539383561643835,1.4747787597002935,0.1778586431077224,0.6949464082717896,0.49878090620040894
h64_wd0.001_s0,o3,23,0.0005,0.3897094083459754,0.6075314879417419,0.9417423434487068,0.75736301369863,1.4421059950267552,0.1674321319794801,0.7101973295211792,0.5402940511703491
h64_wd0.001_s0,o3,24,0.0005,0.3941611365268105,0.6244726181030273,0.9483782007777742,0.7527397260273972,2.1134617092219705,0.19496303780370325,0.7255426049232483,0.5751845240592957
h64_wd0.001_s0,o3,25,0.0005,0.36041308076758133,0.6280198693275452,0.9536567236531688,0.7517123287671234,1.5736068297755121,0.14846675016414945,0.7409377098083496,0.6152775287628174
h64_wd0.001_s0,o3,26,0.0005,0.3599559468658347,0.6302708387374878,0.9597000937207123,0.7551369863013699,1.7977399125628175,0.15378217009370135,0.7561100721359253,0.6597888469696045
h64_wd0.001_s0,o3,27,0.0005,0.3349649796360417,0.6620590090751648,0.9577825894925077,0.7522260273972603,1.85258968943958,0.16807403603873763,0.7702434062957764,0.6956323385238647
h64_wd0.001_s0,o3,28,0.0005,0.35593370544283015,0.6107847690582275,0.9663144060584516,0.7542808219178082,2.3759585072405103,0.17135442809835186,0.7833261489868164,0.724436342716217
h64_wd0.001_s0,o3,29,0.0005,0.36200914571159765,0.6675434708595276,0.9608204332697756,0.7467465753424657,2.7539840149544776,0.17627001875042345,0.7977043986320496,0.751602292060852
h64_wd0.001_s0,o3,30,0.0005,0.3826425091216439,0.6305217742919922,0.9658727337362246,0.7511986301369863,2.8311274171277363,0.19581347390038203,0.8112692832946777,0.7678208351135254
h64_wd0.001_s0,o3,31,0.0005,0.3200991906617817,0.6440842747688293,0.9694168848097039,0.7542808219178082,1.9410651691049516,0.14282436268678755,0.8224720358848572,0.7871477007865906
h64_wd0.001_s0,o3,32,0.0005,0.32002476720433487,0.6419275999069214,0.9708603992286894,0.7553082191780822,2.033832033889445,0.14326087794027342,0.8340001702308655,0.8214501142501831
h64_wd0.001_s0,o3,33,0.0005,0.31904786511471395,0.6774605512619019,0.9707311292807205,0.7541095890410958,2.340974623190888,0.14843674445655122,0.8453981280326843,0.8582239747047424
h64_wd0.001_s0,o3,34,0.0005,0.31088587484861674,0.6373159885406494,0.9835611716166284,0.7523972602739726,2.27575622394284,0.1320618635046393,0.8560091853141785,0.8885387182235718
h64_wd0.001_s0,o3,35,0.0005,0.31291778620920685,0.6835254430770874,0.9782934212368979,0.7416095890410959,2.624443692179527,0.15016193367334854,0.8666462302207947,0.9198994636535645
h64_wd0.001_s0,o3,36,0.0005,0.2741269257507826,0.6494943499565125,0.9844337437654181,0.7453767123287672,2.407373172852934,0.14993681528782088,0.8763325214385986,0.947300374507904
h64_wd0.001_s0,o3,37,0.0005,0.2523584867778577,0.7045886516571045,0.9802540154477587,0.7455479452054794,2.020951199660445,0.12106384996668068,0.886010468006134,0.9870777726173401
h64_wd0.001_s0,o3,38,0.0005,0.2713469423745808,0.6951751708984375,0.9826024195025261,0.751027397260274,2.229847835481999,0.1229683290449633,0.8950430154800415,1.0209906101226807
h64_wd0.001_s0,o3,39,0.0005,0.2505787560030034,0.6679821014404297,0.9892059593446014,0.7546232876712329,2.506759745585429,0.10817410115694182,0.9037348628044128,1.0532602071762085
h64_wd0.001_s0,o3,40,0.0005,0.25336233330400365,0.6919217705726624,0.986081935602021,0.7488013698630137,2.169446149023064,0.11967648882501616,0.9128081798553467,1.0893548727035522
h64_wd0.001_s0,o4,1,0.0005,0.7000032977053994,0.6962002515792847,0.6766752577319587,0.5797945205479451,0.6740904722208754,0.24760844998003254,0.2008080780506134,0.02245648391544819
h64_wd0.001_s0,o4,2,0.0005,0.6819268119962592,0.712505042552948,0.6495597079037801,0.5467465753424657,0.6227104084728591,0.2756090206178131,0.25205594301223755,0.03350874036550522
h64_wd0.001_s0,o4,3,0.0005,0.685431580794485,0.6844343543052673,0.7202212199312714,0.6087328767123288,0.5857315537558618,0.30418495231846426,0.27347126603126526,0.04517021402716637
h64_wd0.001_s0,o4,4,0.0005,0.6652303024342185,0.6621025800704956,0.768213058419244,0.723972602739726,0.4697604939211222,0.22772398658436543,0.2944316565990448,0.038475170731544495
h64_wd0.001_s0,o4,5,0.0005,0.6585697155249747,0.6569149494171143,0.7751396048109966,0.6917808219178082,0.6861690977496588,0.3102795719333798,0.3202230930328369,0.03665945678949356
h64_wd0.001_s0,o4,6,0.0005,0.649767417656748,0.6461610198020935,0.7914733676975945,0.7078767123287671,0.7531626918960331,0.31393237834193916,0.35055598616600037,0.04237978532910347
h64_wd0.001_s0,o4,7,0.0005,0.6215096241549442,0.6342762112617493,0.797948883161512,0.7498287671232876,0.5416204257380028,0.22808047170147885,0.38447192311286926,0.05565398186445236
h64_wd0.001_s0,o4,8,0.0005,0.6156224514308729,0.621242344379425,0.8151310137457045,0.7527397260273971,0.8378923493447287,0.2965550719233933,0.4160485565662384,0.07868203520774841
h64_wd0.001_s0,o4,9,0.0005,0.6172329438360113,0.649002194404602,0.8220790378006874,0.7068493150684931,0.8290040235140378,0.2469327607797756,0.44773000478744507,0.0945795476436615
h64_wd0.001_s0,o4,10,0.0005,0.6081253792110243,0.6374832987785339,0.8266000859106529,0.7448630136986301,1.019392661854907,0.39236170514420754,0.4777604639530182,0.1057727038860321
h64_wd0.001_s0,o4,11,0.0005,0.5771513738130268,0.6137576103210449,0.8440721649484537,0.7527397260273971,0.9127836012178794,0.3087456446795415,0.5040481686592102,0.12652508914470673
h64_wd0.001_s0,o4,12,0.0005,0.5904668647991983,0.615235447883606,0.8535975085910653,0.7554794520547945,1.0578001785486704,0.3323513668463165,0.529188334941864,0.14606697857379913
h64_wd0.001_s0,o4,13,0.0005,0.5665437453671506,0.6277087926864624,0.8564540378006872,0.7287671232876711,1.2568507719253734,0.35723680698185545,0.5546942353248596,0.16179217398166656
h64_wd0.001_s0,o4,14,0.0005,0.5275854719312567,0.6032076478004456,0.8673646907216496,0.7496575342465752,0.9194304328440105,0.24960174241752736,0.5775854587554932,0.1830507218837738
h64_wd0.001_s0,o4,15,0.0005,0.5170994448034387,0.6025660634040833,0.8776417525773195,0.7539383561643835,1.0973024260356805,0.2684755112828065,0.5995031595230103,0.21862934529781342
h64_wd0.001_s0,o4,16,0.0005,0.5098548358992526,0.6026943325996399,0.882667525773196,0.7553082191780822,1.1985370081307714,0.28242068446131396,0.6208236217498779,0.24685129523277283
h64_wd0.001_s0,o4,17,0.0005,0.4939977134528913,0.6049702167510986,0.895189003436426,0.7469178082191781,1.1704038528042815,0.22986715820011847,0.6389263868331909,0.2799113988876343
h64_wd0.001_s0,o4,18,0.0005,0.4739743831910585,0.6094449162483215,0.9061318728522336,0.7462328767123287,1.2327908468270194,0.24133720479239126,0.6583631038665771,0.31352517008781433
h64_wd0.001_s0,o4,19,0.0005,0.4699801771264327,0.6112852692604065,0.9129617697594502,0.75,1.5174798595370358,0.23673328160652832,0.6777834296226501,0.34093165397644043
h64_wd0.001_s0,o4,20,0.0005,0.44062214932943644,0.6207860112190247,0.9188251718213059,0.7511986301369863,1.3793677040542676,0.22906701578243543,0.6944386959075928,0.3723391890525818
h64_wd0.001_s0,o4,21,0.0005,0.4965248986294395,0.6100450158119202,0.9113079896907217,0.7503424657534246,2.4596537903498152,0.3601013010033152,0.7119151949882507,0.3841840624809265
h64_wd0.001_s0,o4,22,0.0005,0.49660482688954,0.617195188999176,0.9262027491408935,0.7448630136986301,1.9483107863669038,0.31514805226139997,0.7301861047744751,0.3875601887702942
h64_wd0.001_s0,o4,23,0.0005,0.4496395070301859,0.6170834302902222,0.9284579037800688,0.7525684931506849,1.6059835046110262,0.31176658001609925,0.7462783455848694,0.4002329409122467
h64_wd0.001_s0,o4,24,0.0005,0.47295512023725006,0.6543409824371338,0.9354810996563574,0.7414383561643836,2.136538344883717,0.3626372344951012,0.7616001963615417,0.4148227572441101
h64_wd0.001_s0,o4,25,0.0005,0.4301176816225052,0.6356738209724426,0.9411297250859106,0.7438356164383562,1.6551771055091773,0.2324223823496999,0.7750741839408875,0.4276762902736664
h64_wd0.001_s0,o4,26,0.0005,0.39886724007757085,0.6333092451095581,0.9406035223367698,0.7477739726027397,1.6766270628083582,0.21476930354603987,0.7876347899436951,0.4566417634487152
h64_wd0.001_s0,o4,27,0.0005,0.3561013325264579,0.658931314945221,0.9483247422680413,0.7458904109589041,1.286600223802959,0.18324098761446755,0.8007916212081909,0.4950543940067291
h64_wd0.001_s0,o4,28,0.0005,0.3812225210039239,0.6356571316719055,0.9486469072164948,0.7510273972602739,1.8562107655191353,0.22274140777463874,0.8134675025939941,0.5230094194412231
h64_wd0.001_s0,o4,29,0.0005,0.38398220507722153,0.6964849829673767,0.9593535223367697,0.7436643835616438,2.2067911295174114,0.2062977889464789,0.8258674740791321,0.5483916997909546
h64_wd0.001_s0,o4,30,0.0005,0.39389198861624064,0.6527082920074463,0.9562177835051546,0.7376712328767123,2.199706665129538,0.1981674480663865,0.8398169279098511,0.5674545764923096
h64_wd0.001_s0,o4,31,0.0005,0.35255515732263265,0.6889914870262146,0.9530605670103092,0.7376712328767123,1.6936514865389678,0.19479915422464142,0.8527630567550659,0.6025861501693726
h64_wd0.001_s0,o4,32,0.0005,0.3604060035002859,0.6900854110717773,0.9623067010309279,0.7378424657534246,1.5577886670694812,0.1767134705171913,0.8633956909179688,0.6293700933456421
h64_wd0.001_s0,l0,1,0.0005,0.6947659565054852,0.6747110486030579,0.7441746435994262,0.7091393490096143,0.6566685688610583,0.27467061981248475,0.2200401872396469,0.030183061957359314
h64_wd0.001_s0,l0,2,0.0005,0.678334653377533,0.6652397513389587,0.7541494686923684,0.7116877099501911,0.6952669795922017,0.3595514133230267,0.26947715878486633,0.037513889372348785
h64_wd0.001_s0,l0,3,0.0005,0.6704860744268998,0.6510695815086365,0.7680542138696175,0.7182902814780494,0.7185130847221642,0.35690804428413475,0.3004704713821411,0.040421973913908005
h64_wd0.001_s0,l0,4,0.0005,0.6428643076316171,0.6397995352745056,0.7763311963935482,0.7192169581837137,0.6265073188111508,0.2883074353650033,0.34110456705093384,0.04237411171197891
h64_wd0.001_s0,l0,5,0.0005,0.6344130091045214,0.6262279748916626,0.7928119785720558,0.7239661763002433,0.7103999953395891,0.31588882757382253,0.38626664876937866,0.05836598947644234
h64_wd0.001_s0,l0,6,0.0005,0.6040387075880299,0.6323687434196472,0.8126957641755218,0.7325379358276382,0.7753775412558622,0.3111276175909401,0.43312010169029236,0.07803022116422653
h64_wd0.001_s0,l0,7,0.0005,0.60294378840405,0.6038811802864075,0.835089722197828,0.7412255299432411,1.130031693259997,0.4328709263955778,0.4780280888080597,0.09960948675870895
h64_wd0.001_s0,l0,8,0.0005,0.5800148352332737,0.6057671904563904,0.8438497116594947,0.7415730337078652,0.9185177207518487,0.32399224736004745,0.5193926095962524,0.11795896291732788
h64_wd0.001_s0,l0,9,0.0005,0.5683758219946986,0.6080135107040405,0.8551930564093557,0.7427313795899456,1.0151069602619405,0.3017730563106505,0.5573872327804565,0.1463230848312378
h64_wd0.001_s0,l0,10,0.0005,0.5570972678454026,0.6488549709320068,0.8565835309270805,0.7397196802965366,1.0856794171676836,0.30537775907327114,0.5955796241760254,0.17697817087173462
h64_wd0.001_s0,l0,11,0.0005,0.5424464344978333,0.6120347380638123,0.8670925909663068,0.7475964322946832,1.0791654357527771,0.25709465503420725,0.6300427913665771,0.20828618109226227
h64_wd0.001_s0,l0,12,0.0005,0.5424610026504683,0.6080234050750732,0.8872983811949299,0.7418047028842812,1.377928137824666,0.3349447160503794,0.6588805913925171,0.22645999491214752
h64_wd0.001_s0,l0,13,0.0005,0.5401051018549048,0.6117089986801147,0.8820145780275752,0.7477122668828913,1.359730825853806,0.3472112244881727,0.6881975531578064,0.23706166446208954
h64_wd0.001_s0,l0,14,0.0005,0.4990035723084989,0.6060426235198975,0.8930798278738913,0.7486389435885556,1.1879166155827894,0.3053816599336461,0.7146664261817932,0.25511041283607483
h64_wd0.001_s0,l0,15,0.0005,0.48428843850674835,0.592095136642456,0.9040426217031117,0.7491022819413877,1.2977568460191948,0.29585403903174534,0.7398841381072998,0.2822684347629547
h64_wd0.001_s0,l0,16,0.0005,0.49360932733701623,0.6283025145530701,0.9149907789584613,0.7463222518243947,1.6365151849552095,0.38954696570633773,0.767187774181366,0.29978615045547485
h64_wd0.001_s0,l0,17,0.0005,0.4591321608294611,0.597946286201477,0.9145809548900794,0.7509556353527163,1.203338025758337,0.20198602317224304,0.7947890758514404,0.3268497586250305
h64_wd0.001_s0,l0,18,0.0005,0.4242692822995393,0.61667400598526,0.9195354351453412,0.7499131240588439,1.2065779362094153,0.2256199982522503,0.8147757649421692,0.3629283607006073
h64_wd0.001_s0,l0,19,0.0005,0.42426953756290936,0.6566314101219177,0.9280319662773339,0.7376346577087918,1.5536109755907006,0.22589927303712373,0.8354889750480652,0.39110544323921204
h64_wd0.001_s0,l0,20,0.0005,0.4236662413762963,0.6133068203926086,0.9298103100026345,0.7495656202942199,1.5597447965464317,0.24798757554862394,0.8595437407493591,0.42197659611701965
h64_wd0.001_s0,l0,21,0.0005,0.41897570115068683,0.6168302893638611,0.9384092971517227,0.7455114097069384,1.5742697315090766,0.30251978053790113,0.8804428577423096,0.4454098343849182
h64_wd0.001_s0,l0,22,0.0005,0.427768077539361,0.684120774269104,0.944315154708586,0.7372871539441678,1.8418205327312913,0.26086325241014147,0.9006972908973694,0.46921271085739136
h64_wd0.001_s0,l0,23,0.0005,0.4230860147787177,0.6097548007965088,0.9464960042153332,0.7444688984130661,1.9440796415607227,0.2541623019873138,0.9237687587738037,0.48284515738487244
h64_wd0.001_s0,l0,24,0.0005,0.38416617201722186,0.6369656920433044,0.9499209625010977,0.7486389435885555,1.5747591557472793,0.20702136968732354,0.9430596232414246,0.5130583047866821
h64_wd0.001_s0,l0,25,0.0005,0.37190967279931775,0.6289360523223877,0.9570416556892363,0.744005560060234,1.9523490002447699,0.24759440515827488,0.9609113335609436,0.5428041219711304
h64_wd0.001_s0,l0,26,0.0005,0.3611105991446454,0.6843388080596924,0.9555048154328034,0.7459747480597706,1.8954600742042451,0.20024549349839504,0.9782918691635132,0.5704035758972168
h64_wd0.001_s0,l0,27,0.0005,0.3887947072153506,0.6722909808158875,0.9545973478528146,0.7434263871191938,1.8206306951121884,0.21198718651988657,0.9977729916572571,0.5957332253456116
h64_wd0.001_s0,l0,28,0.0005,0.37202534338702326,0.6484178900718689,0.9682239981265185,0.7332329433568864,2.056608776615882,0.2246709570671333,1.0150068998336792,0.6109562516212463
h64_wd0.001_s0,l0,29,0.0005,0.35369096372438513,0.658547580242157,0.9680922689616815,0.7404146878257848,1.8642512917372422,0.18866622971255573,1.0337170362472534,0.639346718788147
h64_wd0.001_s0,l0,30,0.0005,0.3365569756082866,0.710547149181366,0.96992184069553,0.729062898181397,1.8777362072437724,0.19092269200692585,1.0502638816833496,0.6658931374549866
h64_wd0.001_s0,l0,31,0.0005,0.30090769412724866,0.7290676236152649,0.9691021925587658,0.7331171087686784,1.9280308578989156,0.17902415237151817,1.064488410949707,0.6988044381141663
h64_wd0.001_s0,l0,32,0.0005,0.31634704574294714,0.7176773548126221,0.9735663475893562,0.7365921464149195,2.306493610817977,0.18062932049994454,1.0802923440933228,0.7201927304267883
h64_wd0.001_s0,l0,33,0.0005,0.2961396024278972,0.7528398633003235,0.9786598752963906,0.729062898181397,1.8118230604001242,0.1540626975438575,1.095823884010315,0.753547728061676
h64_wd0.001_s0,l0,34,0.0005,0.34920129568680475,0.6503980755805969,0.9771083984660871,0.7347387930035908,2.9084843862458594,0.22691047570360248,1.1117441654205322,0.7763957977294922
h64_wd0.001_s0,l0,35,0.0005,0.33696262538433075,0.7100021839141846,0.976142384590615,0.7431947179427777,2.289916602109533,0.1992333630175898,1.1303664445877075,0.7970232963562012
h64_wd0.001_s0,l0,36,0.0005,0.282136047663896,0.7567855715751648,0.9778987734551097,0.7319587628865981,1.9032947659057589,0.16325650288777155,1.1452807188034058,0.8264786005020142
h64_wd0.001_s0,l0,37,0.0005,0.29046873165213544,0.7867310047149658,0.9753227364538508,0.7400671840611607,2.2986446752482457,0.1828584738681412,1.1607913970947266,0.8482258915901184
h64_wd0.001_s0,l1,1,0.0005,0.6957850223002227,0.6943219304084778,0.5911297852474323,0.6063976152258657,0.6141668596715134,0.2402969237707684,0.20979437232017517,0.026637792587280273
h64_wd0.001_s0,l1,2,0.0005,0.6887350937594539,0.6751027703285217,0.7482151835093012,0.6864251318504931,0.6476681106323113,0.3070193300455811,0.24729923903942108,0.03455420956015587
h64_wd0.001_s0,l1,3,0.0005,0.671012422312861,0.6658561825752258,0.7396178984414278,0.664755789956432,0.519018636552812,0.23734242369939687,0.2793518602848053,0.029559731483459473
h64_wd0.001_s0,l1,4,0.0005,0.6582530814668407,0.6529787182807922,0.7690943043884221,0.6908965833524421,0.6493863452286331,0.26166451568342725,0.31654295325279236,0.03249537572264671
h64_wd0.001_s0,l1,5,0.0005,0.6468036019283793,0.6496313214302063,0.7861164978812037,0.7121073148360467,0.8177539137606729,0.3730000674501378,0.35959139466285706,0.04482237994670868
h64_wd0.001_s0,l1,6,0.0005,0.6225135689196379,0.6713454127311707,0.7545428427781369,0.6547810135290072,0.7891300686195164,0.3336499186751545,0.3970831036567688,0.05769042670726776
h64_wd0.001_s0,l1,7,0.0005,0.6154598464136538,0.6295192837715149,0.8069309775192127,0.7035083696399909,0.9456529819782774,0.37833102435963556,0.4341382384300232,0.07792928069829941
h64_wd0.001_s0,l1,8,0.0005,0.6136286466018014,0.6262857913970947,0.8174028585793292,0.7110754414125199,0.9465254516516272,0.3254104932719542,0.4704132378101349,0.09438150376081467
h64_wd0.001_s0,l1,9,0.0005,0.5777596507383429,0.6155397891998291,0.8313366372189902,0.7286172896124742,0.8887747584827013,0.30040213176210445,0.5075005888938904,0.12649394571781158
h64_wd0.001_s0,l1,10,0.0005,0.5707680583000183,0.6218147277832031,0.8431013431013432,0.7186425131850495,0.9061786998502422,0.2541211016038898,0.5396317839622498,0.14709177613258362
h64_wd0.001_s0,l1,11,0.0005,0.5536421511484229,0.6221951842308044,0.8540759893701071,0.734235267140564,0.980527853161176,0.28073390074951105,0.5692428946495056,0.1778547167778015
h64_wd0.001_s0,l1,12,0.0005,0.5541075182997662,0.6526808142662048,0.8594843065431301,0.7419169915157074,1.2137001061033617,0.30103487673540125,0.599535346031189,0.1962619125843048
h64_wd0.001_s0,l1,13,0.0005,0.539306974929312,0.6076757907867432,0.8739352151116857,0.7302224260490713,1.2967005055618654,0.24692713765170737,0.6281500458717346,0.22001108527183533
h64_wd0.001_s0,l1,14,0.0005,0.49791237582331116,0.6067659258842468,0.8777705954176542,0.7372162348085302,1.154978137218453,0.2552804681375617,0.6539552807807922,0.25410640239715576
h64_wd0.001_s0,l1,15,0.0005,0.4927950786507648,0.6422760486602783,0.8840623428858723,0.7482228846594817,1.3403082190620816,0.24427645417087637,0.6789475083351135,0.2832413911819458
h64_wd0.001_s0,l1,16,0.0005,0.5112315662529158,0.6021928787231445,0.8931839402427637,0.7443246961706029,1.5660148129542322,0.2721925193935416,0.7050750851631165,0.3098783493041992
h64_wd0.001_s0,l1,17,0.0005,0.5005151266637056,0.6353582143783569,0.8913093442505207,0.7499426736986929,1.3420537560442982,0.24563289372010227,0.7301727533340454,0.3393297493457794
h64_wd0.001_s0,l1,18,0.0005,0.4869222640991211,0.6097885370254517,0.9070746247216837,0.7336620041274937,1.3975203405080663,0.21776808678041473,0.7512948513031006,0.37496304512023926
h64_wd0.001_s0,l1,19,0.0005,0.4685577568800553,0.6138258576393127,0.9101127630539395,0.7454712221967438,1.4585821035565458,0.23376324890017533,0.7709733843803406,0.411457896232605
h64_wd0.001_s0,l1,20,0.0005,0.43669096542441327,0.6243817806243896,0.9101271277741866,0.7400825498738821,1.3958654379731426,0.1725100477564665,0.7872955203056335,0.43832191824913025
h64_wd0.001_s0,l1,21,0.0005,0.42222495053125464,0.6621494889259338,0.9181282769518064,0.7491401054803943,1.7057040822033809,0.18398598835929536,0.8034128546714783,0.4707074761390686
h64_wd0.001_s0,l1,22,0.0005,0.4291291845881421,0.6302717328071594,0.9271349565467212,0.7438660857601468,1.7591795336904148,0.19789135968216104,0.820717453956604,0.5000167489051819
h64_wd0.001_s0,l1,23,0.0005,0.3998953376127326,0.6632298827171326,0.9306686777275013,0.7375601926163723,1.6581140894776885,0.15833668276752455,0.8363385796546936,0.5314589142799377
h64_wd0.001_s0,l1,24,0.0005,0.4068365006343178,0.6470661759376526,0.9441284205990088,0.7357257509745472,2.0044411155753457,0.18043221950148106,0.8514067530632019,0.5621417760848999
h64_wd0.001_s0,l1,25,0.0005,0.3790828255207642,0.6390323042869568,0.9505171299288946,0.7400825498738821,1.7891924116550024,0.16687600483359916,0.8667302131652832,0.5973992347717285
h64_wd0.001_s0,l1,26,0.0005,0.35450481267079065,0.6740574836730957,0.9425554837319543,0.7446686539784453,1.6590468643101883,0.1688536425808311,0.8813217282295227,0.6379575133323669
h64_wd0.001_s0,l1,27,0.0005,0.40701902560565784,0.6429753303527832,0.9541478129713423,0.7330887411144233,2.329727301779906,0.20076503872364782,0.8973169922828674,0.6546385288238525
h64_wd0.001_s0,l1,28,0.0005,0.370432049036026,0.6835067272186279,0.9530273647920707,0.7231139646869984,1.7728048015765505,0.1539598483800009,0.9152818322181702,0.6888993978500366
h64_wd0.001_s0,l1,29,0.0005,0.3749987806962884,0.7291241884231567,0.9587947999712705,0.7248337537262096,2.2517655249025923,0.1811024838498851,0.9312169551849365,0.715144693851471
h64_wd0.001_s0,l1,30,0.0005,0.35662274062633514,0.7302790880203247,0.9555124613948144,0.7295345104333869,2.1525770607959807,0.1719605869131436,0.9457435607910156,0.749383807182312
h64_wd0.001_s0,l1,31,0.0005,0.3551179306662601,0.6393896341323853,0.9629031099619334,0.7403118550791102,1.8754876077991913,0.14181745485228872,0.9606139659881592,0.7820427417755127
h64_wd0.001_s0,l1,32,0.0005,0.35283387225607166,0.7250025272369385,0.9589456295338649,0.7375601926163724,1.9656073307822854,0.1553131611628516,0.9751155972480774,0.8197566270828247
h64_wd0.001_s0,l1,33,0.0005,0.35898894589880237,0.6898512244224548,0.9657976010917189,0.7453565695941298,2.477304858008485,0.16715614752410127,0.9922065734863281,0.8444733619689941
h64_wd0.001_s0,l1,34,0.0005,0.3066648497529652,0.7724640965461731,0.9674279968397617,0.7283879844072461,2.205027964032484,0.13452251142551436,1.0055122375488281,0.875056266784668
h64_wd0.001_s0,l1,35,0.0005,0.31732482689878216,0.7298543453216553,0.9768512533218415,0.7320568676908965,2.349184806354372,0.12921390130385288,1.0177478790283203,0.9024092555046082
h64_wd0.001_s0,l1,36,0.0005,0.3018065535503885,0.7035282850265503,0.9784816490698844,0.7320568676908966,1.973895603899928,0.12427039154923329,1.030096173286438,0.9394527077674866
h64_wd0.001_s0,l1,37,0.0005,0.29689848099065863,0.7690228819847107,0.9767578826402357,0.739967897271268,2.349325331915506,0.144063756620528,1.040477991104126,0.971554160118103
h64_wd0.001_s0,l2,1,0.0005,0.7138357027010485,0.7085694670677185,0.5321892336767664,0.6186327888687235,0.7255008387588522,0.3445357269354315,0.20181165635585785,0.03680000081658363
h64_wd0.001_s0,l2,2,0.0005,0.7008245478976857,0.686663031578064,0.7431643601780162,0.707924984875983,0.45767558490791926,0.2538902535729283,0.24295039474964142,0.0679219588637352
h64_wd0.001_s0,l2,3,0.0005,0.684743957086043,0.6886076927185059,0.6750060964457721,0.5949183303085299,0.2964180586867202,0.15517520486752093,0.2600114941596985,0.07152276486158371
h64_wd0.001_s0,l2,4,0.0005,0.6825911213051189,0.6780715584754944,0.7610345668475278,0.7288566243194192,0.3680648275775449,0.20808305043713426,0.27668067812919617,0.06543226540088654
h64_wd0.001_s0,l2,5,0.0005,0.6667972640557722,0.6693374514579773,0.7509220874230322,0.7061101028433152,0.3854896702460548,0.19766247753981736,0.29709160327911377,0.055110543966293335
h64_wd0.001_s0,l2,6,0.0005,0.6606461378661069,0.6563653349876404,0.7700420654758277,0.7443436176648518,0.40505205668165095,0.1605719912016711,0.32024821639060974,0.0606849230825901
h64_wd0.001_s0,l2,7,0.0005,0.6584564393216913,0.6423979997634888,0.7749420837651649,0.7438596491228071,0.5162269685930378,0.1730945125127159,0.3432725965976715,0.07451462000608444
h64_wd0.001_s0,l2,8,0.0005,0.635145902633667,0.6349290013313293,0.786456745717247,0.7455535390199637,0.4922196256180851,0.1702666873775268,0.3665015697479248,0.10325749963521957
h64_wd0.001_s0,l2,9,0.0005,0.6239556304433129,0.6133590340614319,0.7920197524843016,0.7699939503932245,0.6991878373863367,0.21823604470631458,0.39268758893013,0.14154206216335297
h64_wd0.001_s0,l2,10,0.0005,0.6103923185305162,0.6282250285148621,0.8030924221179053,0.773502722323049,0.6487314715627215,0.18169239562861741,0.41669097542762756,0.17550526559352875
h64_wd0.001_s0,l2,11,0.0005,0.6066559553146362,0.5979135036468506,0.8078933731634457,0.7797943133696309,0.7577137775541566,0.1833777727405523,0.43906840682029724,0.2106178253889084
h64_wd0.001_s0,l2,12,0.0005,0.5942721448161385,0.620556652545929,0.8167332195330124,0.751482153660012,0.7931748529695702,0.17770347456547353,0.4589036703109741,0.24246686697006226
h64_wd0.001_s0,l2,13,0.0005,0.5949187725782394,0.6306490898132324,0.8268990428580139,0.7800362976406533,1.0176536104927552,0.216140016719597,0.4778170585632324,0.2621040642261505
h64_wd0.001_s0,l2,14,0.0005,0.6068736748261885,0.5965723991394043,0.8340928488691093,0.7557168784029038,0.9750502703947035,0.20272595607483967,0.49940234422683716,0.28291699290275574
h64_wd0.001_s0,l2,15,0.0005,0.5764573893763802,0.5764991044998169,0.8439233676766447,0.7787053841500303,0.9788936566684839,0.17907150262494834,0.5171164870262146,0.3116288185119629
h64_wd0.001_s0,l2,16,0.0005,0.5504905865951017,0.5799927115440369,0.8573355483752972,0.7886267392619479,0.9342044635433588,0.16445288402150438,0.5321556925773621,0.34885767102241516
h64_wd0.001_s0,l2,17,0.0005,0.5360171415589072,0.5679227113723755,0.8602008778881912,0.786690865093769,1.0820688712826296,0.15893260859626696,0.5479533672332764,0.3874647617340088
h64_wd0.001_s0,l2,18,0.0005,0.5596043508161198,0.5906369686126709,0.8758992257513869,0.7862068965517242,1.3461273634272104,0.19115516006079228,0.5675469636917114,0.41969531774520874
h64_wd0.001_s0,l2,19,0.0005,0.5451379960233514,0.557116687297821,0.8697265744071205,0.7848759830611011,1.1984746424676442,0.15567258517198895,0.5830516815185547,0.4436338245868683
h64_wd0.001_s0,l2,20,0.0005,0.4996619766408747,0.5551087260246277,0.8831463756629885,0.7914095583787053,0.88162163863206,0.1246779733695834,0.5953331589698792,0.47846153378486633
h64_wd0.001_s0,l2,21,0.0005,0.49570532414046203,0.5576760172843933,0.8849448271657625,0.7803992740471869,1.3181903401330362,0.15719610737534284,0.6076397895812988,0.5188199281692505
h64_wd0.001_s0,l2,22,0.0005,0.490663695064458,0.5599678754806519,0.8923672498933121,0.7845130066545675,1.3892877997165238,0.1587128538299939,0.619779646396637,0.5533537268638611
h64_wd0.001_s0,l2,23,0.0005,0.48673331060192804,0.5574163794517517,0.9003612144119977,0.783545069570478,1.3886620106237366,0.15927446224444816,0.6326149106025696,0.5816799998283386
h64_wd0.001_s0,l2,24,0.0005,0.4721767577258023,0.5860989689826965,0.9029064805218558,0.7795523290986086,1.4633450937499843,0.13790198327177863,0.6446191668510437,0.6169877648353577
h64_wd0.001_s0,l2,25,0.0005,0.46902795271439984,0.5484244227409363,0.9045830031091874,0.787416817906836,1.6563963906508214,0.1622949229186418,0.6572517156600952,0.65196692943573
h64_wd0.001_s0,l2,26,0.0005,0.4664312872019681,0.5458253026008606,0.9152670243248187,0.7906836055656383,1.3391923093006863,0.13966394492509776,0.6693082451820374,0.6910648941993713
h64_wd0.001_s0,l2,27,0.0005,0.449489951133728,0.5517429113388062,0.9218511857587026,0.7916515426497278,1.364435749141849,0.12817068959335515,0.6824488639831543,0.7378432154655457
h64_wd0.001_s0,l2,28,0.0005,0.4501609477129849,0.556340754032135,0.9325275864171189,0.786085904416213,1.555560282501158,0.12518880150249184,0.693746030330658,0.7732861638069153
h64_wd0.001_s0,l2,29,0.0005,0.4299659783189947,0.5568394660949707,0.9336706699993903,0.7922565033272838,1.9543635737726257,0.13531860236724694,0.706637978553772,0.8093330264091492
h64_wd0.001_s0,l2,30,0.0005,0.4152516004714099,0.5644668340682983,0.9303481070535878,0.77664851784634,1.733686684605528,0.14872325814931767,0.7185915112495422,0.8522989749908447
h64_wd0.001_s0,l2,31,0.0005,0.40419127317992126,0.5580712556838989,0.9337240138998963,0.7837870538415004,1.9836817094426922,0.13386458185087993,0.7329710125923157,0.8909868001937866
h64_wd0.001_s0,l2,32,0.0005,0.4277603314681487,0.5611287951469421,0.940178625861123,0.7914095583787054,2.213186255002767,0.13271489268474637,0.7438056468963623,0.9251776337623596
h64_wd0.001_s0,l2,33,0.0005,0.4245269921692935,0.6024381518363953,0.935301469243431,0.7744706594071384,2.0901441100870986,0.12276196600590082,0.7522656917572021,0.9479467868804932
h64_wd0.001_s0,l2,34,0.0005,0.41045046800916846,0.5718755125999451,0.9492775711760043,0.7770114942528736,2.204426003736429,0.12720835579097178,0.7626491189002991,0.9851077198982239
h64_wd0.001_s0,l2,35,0.0005,0.42452404309402814,0.5844913125038147,0.956898128391148,0.7745916515426496,2.279285364409859,0.12817512066383047,0.7736911773681641,1.0176490545272827
h64_wd0.001_s0,l2,36,0.0005,0.37640616026791657,0.5596991181373596,0.9636956654270561,0.7889897156684814,2.3574811035423306,0.1243402517077604,0.7843103408813477,1.05341637134552
h64_wd0.001_s0,l2,37,0.0005,0.3616607886823741,0.5753650665283203,0.9642138633176858,0.7796733212341198,2.152743296909072,0.10940473062708903,0.7930335998535156,1.0880849361419678
h64_wd0.001_s0,l2,38,0.0005,0.3351270326159217,0.6112555861473083,0.9620115222825092,0.7789473684210525,2.364198752192415,0.12292180674958395,0.8018981218338013,1.1219607591629028
h64_wd0.001_s0,l2,39,0.0005,0.3446853215044195,0.5640930533409119,0.9658980064622325,0.7839080459770114,2.2207679702099905,0.10411890138996575,0.8109191656112671,1.1570228338241577
h64_wd0.001_s0,l2,40,0.0005,0.33396263691512024,0.6421787738800049,0.965707492531854,0.7791893526920749,2.0880044801661364,0.11924458595480786,0.819728672504425,1.1970330476760864
h64_wd0.001_s0,l2,41,0.0005,0.34165104817260394,0.6801964044570923,0.9606322014265684,0.7771324863883847,2.820085303135548,0.12273286294606534,0.830726146697998,1.2309422492980957
h64_wd0.001_s0,l2,42,0.0005,0.31132945350625296,0.6110681295394897,0.968127019447662,0.7906836055656382,2.2837155085819707,0.09780185007774067,0.8395606875419617,1.260802984237671
h64_wd0.001_s0,l2,43,0.0005,0.3073182803663341,0.6197841167449951,0.9776565262451992,0.7761645493042951,2.2936367421849475,0.0955911509051115,0.8471395373344421,1.3025004863739014
h64_wd0.001_s0,l2,44,0.0005,0.2943025244907899,0.6521323919296265,0.9761247942449552,0.7669691470054445,2.662164626848973,0.10121915716516257,0.8542036414146423,1.3403103351593018
h64_wd0.001_s0,l2,45,0.0005,0.3139254918152636,0.6307032108306885,0.9778927635188686,0.7816091954022989,2.883984930852637,0.11161936881167266,0.8617865443229675,1.3736603260040283
h64_wd0.001_s0,l2,46,0.0005,0.28769210251894867,0.6282913088798523,0.9658065597756508,0.7844525105868119,2.6495979974608677,0.10013534873118309,0.8693360090255737,1.416243076324463
h64_wd0.001_s0,l2,47,0.0005,0.3551044084809043,0.6342816352844238,0.9859172102664148,0.7698124621899576,3.436353808782485,0.10878278480162608,0.8760596513748169,1.4433871507644653
h64_wd0.001_s0,l2,48,0.0005,0.3242161233316768,0.616912841796875,0.9851856367737609,0.7674531155474893,2.5757573044860345,0.09620685739557847,0.8845822215080261,1.4726370573043823
h64_wd0.001_s0,l2,49,0.0005,0.3207926560531963,0.6606711745262146,0.9816344571115041,0.7674531155474894,2.204141254858811,0.0789723515659391,0.8921838998794556,1.5082899332046509
h64_wd0.001_s0,l3,1,0.0005,0.6904796491498533,0.6825792193412781,0.7122700913776944,0.6132283099733581,0.6025099638364201,0.25777651122741163,0.21465729176998138,0.022433485835790634
h64_wd0.001_s0,l3,2,0.0005,0.6708222549894581,0.6769140362739563,0.72658446579194,0.62492760338237,0.7112133461395839,0.39849620188584584,0.2792282998561859,0.02333810366690159
h64_wd0.001_s0,l3,3,0.0005,0.6655469303545745,0.6658542156219482,0.7639848875351454,0.6584037993744932,0.7137114888240198,0.41864086910221454,0.3226226270198822,0.025563059374690056
h64_wd0.001_s0,l3,4,0.0005,0.6493042681528174,0.6587502956390381,0.7667452553889409,0.6557396038457084,0.718431077259438,0.37038371416767407,0.3623844385147095,0.03578483685851097
h64_wd0.001_s0,l3,5,0.0005,0.6259299076121786,0.6490404009819031,0.7914640932521088,0.6703347619599213,0.7001950293600467,0.3321284983179316,0.4061169922351837,0.053189463913440704
h64_wd0.001_s0,l3,6,0.0005,0.5975416872812354,0.6453909277915955,0.8061592080599813,0.6815707170161012,0.7725929784272548,0.3412441336717052,0.4597010910511017,0.08108912408351898
h64_wd0.001_s0,l3,7,0.0005,0.58416195537733,0.6536556482315063,0.8186357778819119,0.6812232132514768,1.0335589317891978,0.4861952487545115,0.498889297246933,0.10807253420352936
h64_wd0.001_s0,l3,8,0.0005,0.5684552503668744,0.6288579106330872,0.83974490393627,0.693385845013321,1.000929961119331,0.37946596758581086,0.5361263155937195,0.12998762726783752
h64_wd0.001_s0,l3,9,0.0005,0.566299513630245,0.6251007914543152,0.8583572516401125,0.7062434843044134,1.1098501724317422,0.3344861406501693,0.5682481527328491,0.15141308307647705
h64_wd0.001_s0,l3,10,0.0005,0.5357168938802637,0.6330163478851318,0.8634313495782567,0.7093710181860303,1.0490585155501362,0.28624382852766767,0.6009864807128906,0.18147826194763184
h64_wd0.001_s0,l3,11,0.0005,0.5240720342034879,0.6318150758743286,0.877665182755389,0.7126143866558554,1.2122515408191668,0.38279671977278484,0.6309032440185547,0.20734834671020508
h64_wd0.001_s0,l3,12,0.0005,0.5092939604883608,0.6200153231620789,0.8860487933458294,0.7138885671261438,1.1355556765780193,0.271580158716478,0.6595257520675659,0.22999629378318787
h64_wd0.001_s0,l3,13,0.0005,0.4931199382180753,0.6396732330322266,0.8945349109653233,0.7094868527742385,1.2979713716506944,0.34211802016435966,0.6890626549720764,0.2647370398044586
h64_wd0.001_s0,l3,14,0.0005,0.4989394364149674,0.6252660751342773,0.8973904639175259,0.7217653191242904,1.2633900915639202,0.30200569140467837,0.7142874002456665,0.2842993438243866
h64_wd0.001_s0,l3,15,0.0005,0.49736297908036603,0.6091287136077881,0.9093471766635427,0.7194486273601297,1.8159276246363676,0.37557359024598375,0.7372096180915833,0.30622464418411255
h64_wd0.001_s0,l3,16,0.0005,0.48294316556142725,0.6370688676834106,0.9097645267104031,0.720259469477586,1.6068253605711338,0.301126325365035,0.7605493068695068,0.32079175114631653
h64_wd0.001_s0,l3,17,0.0005,0.46446081866388733,0.6341465711593628,0.9147507614807873,0.7210703115950423,1.4199542225041974,0.30763818304499163,0.7827800512313843,0.3390415608882904
h64_wd0.001_s0,l3,18,0.0005,0.43790491637976275,0.6834784746170044,0.9156367150890348,0.7263987026526122,1.5060679412406188,0.2600768371501197,0.8017258644104004,0.3714756965637207
h64_wd0.001_s0,l3,19,0.0005,0.43978114231773047,0.655345618724823,0.9235663659793814,0.7210703115950423,1.678823334219676,0.23971451022039642,0.8208363652229309,0.39888495206832886
h64_wd0.001_s0,l3,20,0.0005,0.4151686183784319,0.6412422060966492,0.9299657333645736,0.7251245221823236,1.4431144706252323,0.20596302002676223,0.8373740911483765,0.4265371263027191
h64_wd0.001_s0,l3,21,0.0005,0.39344385460666986,0.708957314491272,0.9348714268978444,0.7253561913587397,1.4075999517708109,0.19917392838017528,0.8543508052825928,0.45699238777160645
h64_wd0.001_s0,l3,22,0.0005,0.3980194200640139,0.7026206254959106,0.9446022727272726,0.7137727325379358,1.7987660091638569,0.24090886426329663,0.8746293783187866,0.484164297580719
h64_wd0.001_s0,l3,23,0.0005,0.4138355954833653,0.6710217595100403,0.9453491096532334,0.7213019807714582,2.104149096161411,0.2506645501570553,0.8924714922904968,0.5033053755760193
h64_wd0.001_s0,l3,24,0.0005,0.37947392074958136,0.6601822376251221,0.9520267104029989,0.7224603266535387,1.89658096777356,0.1854956795158813,0.9104318618774414,0.5268624424934387
h64_wd0.001_s0,l3,25,0.0005,0.3654121264167454,0.6867117285728455,0.9526710402999062,0.7259353642997798,1.794805340279821,0.21173377037099686,0.9272553324699402,0.5554956197738647
h64_wd0.001_s0,l3,26,0.0005,0.3367574739715327,0.7260596752166748,0.9537839737582006,0.7218811537124985,1.7908059115385833,0.19110138887665565,0.941745936870575,0.5891543030738831
h64_wd0.001_s0,l3,27,0.0005,0.3447487114564232,0.6975479125976562,0.9575181583880037,0.7276728831229005,1.7322858243428265,0.17980028221312389,0.9572553038597107,0.6186342835426331
h64_wd0.001_s0,l3,28,0.0005,0.361762712183206,0.6925718188285828,0.9670805998125587,0.7213019807714584,2.1622212170350257,0.2065920688129865,0.9720631837844849,0.6454564332962036
h64_wd0.001_s0,l3,29,0.0005,0.38659878787787066,0.7356830835342407,0.9607031982193064,0.723039499594579,2.5251768825299594,0.293564460146983,0.9893642663955688,0.6589811444282532
h64_wd0.001_s0,l3,30,0.0005,0.3606273959512296,0.6905872821807861,0.9674906279287723,0.7162052588903046,2.3102276041507563,0.2084420638742021,1.0048071146011353,0.6791076064109802
h64_wd0.001_s0,l3,31,0.0005,0.3491220305795255,0.6932410597801208,0.9727843837863168,0.7200278003011701,2.6881933849898054,0.2338798783653119,1.0196949243545532,0.6977691650390625
h64_wd0.001_s0,l3,32,0.0005,0.31791298933651135,0.7322180867195129,0.9755593955014058,0.7079810031275339,2.241711811039647,0.1896502452863567,1.0339014530181885,0.7215622067451477
h64_wd0.001_s0,l3,33,0.0005,0.3235927217680475,0.7153165936470032,0.9693503983130272,0.7335804471215104,2.0928038852019197,0.16654385643388905,1.0484873056411743,0.7513934373855591
h64_wd0.001_s0,l3,34,0.0005,0.2992356950822084,0.7408403158187866,0.9753909910965324,0.7257036951233637,2.2720217612777027,0.19389499234749172,1.0616592168807983,0.7787051200866699
h64_wd0.001_s0,l3,35,0.0005,0.2866310321766397,0.774605393409729,0.9835622656982193,0.7151627475964323,2.291537588677783,0.16346944551404843,1.0755409002304077,0.809610903263092
h64_wd0.001_s0,l3,36,0.0005,0.27908843755722046,0.7771462202072144,0.977323980787254,0.7160894243020965,2.2355873603178518,0.1544403840364887,1.088908076286316,0.8396239280700684
h64_wd0.001_s0,l3,37,0.0005,0.2560364448505899,0.7892748117446899,0.9876698687910028,0.7094868527742384,1.9858589641688933,0.14466644183810828,1.1012479066848755,0.8690672516822815
h64_wd0.001_s0,l3,38,0.0005,0.27714284736177197,0.7726485729217529,0.9832986761949392,0.7210703115950422,2.5904349336022117,0.1603295869298021,1.1150178909301758,0.896182119846344
h64_wd0.001_s0,l3,39,0.0005,0.28602945610232977,0.7964438199996948,0.9864471063730085,0.7126143866558554,2.6927643223035536,0.18537916633477677,1.1289631128311157,0.9233091473579407
h64_wd0.001_s0,l3,40,0.0005,0.25534187322077545,0.9339200258255005,0.9859345712277413,0.7136568979497278,2.208476824036974,0.1394531862083586,1.141000509262085,0.9511087536811829
h64_wd0.001_s0,l3,41,0.0005,0.23999348088451053,0.8930224180221558,0.9898884137769447,0.7210703115950422,2.4942719680078294,0.15341989564844286,1.1521599292755127,0.9792366027832031
h64_wd0.001_s0,l3,42,0.0005,0.259322807840679,0.7774003744125366,0.993754393158388,0.7124985520676475,3.4035587559760416,0.16882576786189443,1.1643835306167603,0.9975516200065613
h64_wd0.001_s0,l3,43,0.0005,0.2378428507110347,0.8943609595298767,0.9908622305529522,0.7195644619483378,2.4210335508365275,0.13930219399897076,1.1766988039016724,1.0223932266235352
h64_wd0.001_s0,l3,44,0.0005,0.20259545225164163,0.9459812641143799,0.9923485824742267,0.7192169581837137,2.1164953902078922,0.11435961808457268,1.1872206926345825,1.0535262823104858
h64_wd0.001_s0,l3,45,0.0005,0.2038742388072221,0.9105855226516724,0.9939227975632614,0.720259469477586,2.159750992163679,0.11891731429003212,1.1971209049224854,1.0877606868743896
h64_wd0.001_s0,l3,46,0.0005,0.2655497433050819,0.9370700716972351,0.9865496134020618,0.7252403567705316,3.9340674328080043,0.19445433732380774,1.210289716720581,1.1073088645935059
h64_wd0.001_s0,l3,47,0.0005,0.250057538566382,0.8252168297767639,0.9942742502343017,0.7199119657129618,3.3047436662323677,0.18411801522729823,1.223569631576538,1.1117658615112305
h64_wd0.001_s0,l3,48,0.0005,0.20360738784074783,0.9588989019393921,0.9944060449859418,0.7074018301864937,2.373301695400365,0.11430685368327712,1.2353909015655518,1.1471271514892578
h64_wd0.001_s0,l3,49,0.0005,0.1863233132854752,0.8854146003723145,0.9968808575445174,0.705200973010541,2.0689505787662057,0.1059199229519324,1.244748830795288,1.180924892425537
h64_wd0.001_s0,l3,50,0.0005,0.18212471286887708,1.002565622329712,0.9979645032802249,0.7109927024209429,2.5231993634693843,0.12522411643620682,1.2533529996871948,1.2146207094192505
h64_wd0.001_s0,l3,51,0.0005,0.17422277739514475,1.0615887641906738,0.9971883786316776,0.7035792887756285,2.842119721565927,0.1187204987125406,1.2618581056594849,1.2375798225402832
h64_wd0.001_s0,l3,52,0.0005,0.17459330918348354,1.1238312721252441,0.9969247891283974,0.7042742963048767,3.2766702171634883,0.12051373853238104,1.2730785608291626,1.2592034339904785
h64_wd0.001_s0,l3,53,0.0005,0.19366177884132965,0.9731635451316833,0.9987259840674789,0.7112243715973591,3.0154855477926326,0.13021006417586675,1.2840315103530884,1.281686782836914
h64_wd0.001_s0,l4,1,0.0005,0.7119377022204192,0.6941888928413391,0.5800707267992424,0.5156982193064668,0.6277412506128356,0.26288169232806025,0.20806580781936646,0.03953166678547859
h64_wd0.001_s0,l4,2,0.0005,0.6873273227525794,0.6864582896232605,0.7494821259469697,0.6824039362699157,0.3183042714883182,0.15648805077211136,0.2388574481010437,0.046624619513750076
h64_wd0.001_s0,l4,3,0.0005,0.6785800016444662,0.6785027980804443,0.7554746685606061,0.6970477975632615,0.36913696311286015,0.17214077059858784,0.25965848565101624,0.04556373134255409
h64_wd0.001_s0,l4,4,0.0005,0.6716858692791151,0.6729260683059692,0.7289077296401515,0.684746954076851,0.3996292874493002,0.1785234242299908,0.28100156784057617,0.05394163727760315
h64_wd0.001_s0,l4,5,0.0005,0.6564816599306853,0.6599932312965393,0.7589444247159091,0.6991565135895033,0.4929352271451807,0.19757801339092526,0.3101769685745239,0.08100470900535583
h64_wd0.001_s0,l4,6,0.0005,0.6507614669592484,0.6542047262191772,0.7665867660984848,0.6966963448922212,0.6046571475951571,0.20346366413940062,0.3385658264160156,0.10432863980531693
h64_wd0.001_s0,l4,7,0.0005,0.6285642281822537,0.6463673114776611,0.7869984019886364,0.7040768509840675,0.5237609448113336,0.157237756757601,0.3630201816558838,0.14514553546905518
h64_wd0.001_s0,l4,8,0.0005,0.6298468475756438,0.6415517330169678,0.7920957623106061,0.7133317713214621,0.7601299160833801,0.2143065359310971,0.3833456039428711,0.17378990352153778
h64_wd0.001_s0,l4,9,0.0005,0.6163244247436523,0.6340113878250122,0.8156886245265151,0.7108716026241799,0.8564458469048242,0.23814277834939587,0.4040181338787079,0.19802957773208618
h64_wd0.001_s0,l4,10,0.0005,0.5998237573582194,0.6221376061439514,0.8221990411931819,0.7231724461105905,0.8322898752832929,0.174490880696329,0.42130324244499207,0.22817380726337433
h64_wd0.001_s0,l4,11,0.0005,0.5955870941929196,0.6356436014175415,0.8257797703598484,0.714386129334583,0.9503083480698585,0.18537191899282637,0.44065627455711365,0.2596425414085388
h64_wd0.001_s0,l4,12,0.0005,0.5809929254262344,0.6331965923309326,0.8447191642992423,0.7187207122774133,1.0051491275124873,0.21159762201369012,0.4651374816894531,0.2939051389694214
h64_wd0.001_s0,l4,13,0.0005,0.5660059218821318,0.6076117753982544,0.8558238636363635,0.7303186504217432,1.1220499051307293,0.18808613212988234,0.48269200325012207,0.33503878116607666
h64_wd0.001_s0,l4,14,0.0005,0.5287554730539736,0.6080522537231445,0.8587091619318182,0.7323102155576381,0.9534350221228673,0.17800395018975965,0.49704718589782715,0.3828962445259094
h64_wd0.001_s0,l4,15,0.0005,0.5432921414789946,0.606236457824707,0.8828125,0.7307872539831303,1.1726166398618723,0.178260576498435,0.5106332302093506,0.4198497533798218
h64_wd0.001_s0,l4,16,0.0005,0.5283022989397463,0.6064691543579102,0.8833303740530303,0.7321930646672915,1.1248100951407614,0.17438198519334827,0.5261222124099731,0.4687575399875641
h64_wd0.001_s0,l4,17,0.0005,0.5151959735414257,0.6243808269500732,0.8938950047348485,0.7280927835051546,1.3254386796344078,0.15608214216146196,0.5413508415222168,0.5186890363693237
h64_wd0.001_s0,l4,18,0.0005,0.49880229649336444,0.6047679781913757,0.8925041429924243,0.7326616682286785,1.4441308280517549,0.16979679566876962,0.5571750998497009,0.5687685012817383
h64_wd0.001_s0,l4,19,0.0005,0.485339325407277,0.619328498840332,0.9084102746212122,0.7195407685098407,1.7420293689558293,0.17223739968196067,0.5697991847991943,0.612255871295929
h64_wd0.001_s0,l4,20,0.0005,0.47897677836210834,0.6041384935379028,0.9163559422348485,0.7255740393626993,1.4609192974680565,0.1443916082029536,0.5829436779022217,0.653795063495636
h64_wd0.001_s0,l4,21,0.0005,0.4744848518267922,0.6106379628181458,0.9180945194128788,0.7302014995313963,1.5644294189384866,0.1423039944545382,0.5957030653953552,0.7010446786880493
h64_wd0.001_s0,l4,22,0.0005,0.4531988695911739,0.6119329333305359,0.9194040009469697,0.7325445173383318,1.6771052373153221,0.1309034435959361,0.6076087951660156,0.7439802289009094
h64_wd0.001_s0,l4,23,0.0005,0.5018241612807565,0.6299826502799988,0.9243977864583334,0.7338331771321461,2.3563560002257478,0.20468371804665897,0.6187612414360046,0.7565993070602417
h64_wd0.001_s0,l4,24,0.0005,0.47306589976600977,0.6144444942474365,0.9256406841856061,0.7306701030927835,1.9478110958262718,0.14923596491621066,0.630903422832489,0.7919623851776123
h64_wd0.001_s0,l4,25,0.0005,0.4532604308232017,0.6265173554420471,0.9315444483901515,0.7243439550140581,2.185813948904543,0.15595894943251223,0.6406266689300537,0.835182249546051
h64_wd0.001_s0,l4,26,0.0005,0.4107034478498542,0.6301663517951965,0.9349587180397728,0.7244611059044048,2.1537337100757235,0.1404329235876609,0.6507602334022522,0.8871897459030151
h64_wd0.001_s0,l4,27,0.0005,0.45038634279499884,0.6692298054695129,0.933978456439394,0.7164948453608246,2.250386642716283,0.1437321035105431,0.661368727684021,0.9309520125389099
h64_wd0.001_s0,l4,28,0.0005,0.4364209369472835,0.6188037991523743,0.9342780835700758,0.7162605435801311,2.6351166130481682,0.1739487583141994,0.6722686886787415,0.9674696326255798
h64_wd0.001_s0,l4,29,0.0005,0.4209687113761902,0.6480214595794678,0.9507279829545454,0.7145032802249297,2.407111468626272,0.13908018868747601,0.682456374168396,1.0039225816726685
h64_wd0.001_s0,l4,30,0.0005,0.3989869433900584,0.645284116268158,0.9487452651515151,0.7104029990627928,1.9894360450804711,0.10288730935884959,0.6924511790275574,1.0371710062026978
h64_wd0.001_s0,l4,31,0.0005,0.3894438439089319,0.6622797250747681,0.9455714370265151,0.7232310215557638,2.0820371576726897,0.10574881881319433,0.699918806552887,1.071581482887268
h64_wd0.001_s0,l4,32,0.0005,0.40208621128745703,0.6463581919670105,0.9518007220643939,0.7165534208059982,2.3771800847097224,0.12754462806360065,0.7093352675437927,1.1051948070526123
h64_wd0.001_s0,l4,33,0.0005,0.362797851147859,0.6684826612472534,0.9614701704545454,0.7236410496719775,2.1506719909258623,0.1023134023292553,0.7166438102722168,1.133858561515808
h64_wd0.001_s0,l4,34,0.0005,0.3538729341133781,0.6577810645103455,0.9483013731060607,0.7290299906279287,2.371478446180873,0.12063752553876933,0.7262936234474182,1.1713871955871582
h64_wd0.001_s0,l4,35,0.0005,0.391573556739351,0.6583593487739563,0.9550707267992424,0.725691190253046,2.2066577998812993,0.11939778757461417,0.7350051999092102,1.2074366807937622
h64_wd0.001_s0,l4,36,0.0005,0.4630761178939239,0.7271150350570679,0.95849609375,0.6986879100281163,3.1222971654397,0.1605061993628431,0.7455788850784302,1.2218352556228638
h64_wd0.001_s0,l4,37,0.0005,0.3836591574160949,0.6910791993141174,0.9628018465909091,0.7311387066541706,2.3573154184828327,0.11830537386451231,0.7542831897735596,1.2444905042648315
h64_wd0.001_s0,l4,38,0.0005,0.3360850182564362,0.6852138042449951,0.9622617779356061,0.7248125585754452,2.181828293894774,0.09187684852001028,0.761296808719635,1.2845559120178223
h64_wd0.001_s0,l4,39,0.0005,0.3363490402698517,0.7115128636360168,0.9604825106534091,0.7236410496719775,2.270170029535164,0.08438151859869158,0.7687172889709473,1.3235281705856323
h64_wd0.001_s0,l4,40,0.0005,0.3029858022928238,0.7146458625793457,0.9738325639204546,0.7191893158388003,2.3887122759502746,0.0932256350675875,0.7757560610771179,1.3593924045562744
h64_wd0.001_s0,l4,41,0.0005,0.315884433362795,0.7433274388313293,0.9722493489583334,0.7181349578256795,2.631841235900259,0.10189851429203639,0.7826846837997437,1.3972543478012085
h64_wd0.001_s0,l4,42,0.0005,0.33383322474749194,0.7292154431343079,0.9660052675189394,0.7053655107778819,2.8275799388519496,0.09693895204211793,0.7902200818061829,1.435401439666748
h64_wd0.001_s0,l4,43,0.0005,0.31564156387163245,0.7814954519271851,0.9714651396780303,0.7091143392689785,2.984716017570193,0.10881761976483839,0.7976140379905701,1.4700835943222046
h64_wd0.001_s0,l5,1,0.0005,0.6972247199578718,0.6851768493652344,0.7440361501055143,0.6783353733170134,0.5415317650088565,0.1913355832361323,0.2056426852941513,0.025216924026608467
h64_wd0.001_s0,l5,2,0.0005,0.6920359270139174,0.6826153993606567,0.7179481297978407,0.6481028151774786,0.5683274184485513,0.24156621048006954,0.24720314145088196,0.03489186614751816
h64_wd0.001_s0,l5,3,0.0005,0.6758454062721946,0.6743508577346802,0.7368795302321314,0.7068543451652386,0.4005904830195458,0.18371175666529102,0.2768900990486145,0.0466257743537426
h64_wd0.001_s0,l5,4,0.0005,0.6675616042180494,0.6667397022247314,0.7461923112212129,0.7020807833537333,0.45456024322216776,0.21054753610763355,0.3050435483455658,0.06352595239877701
h64_wd0.001_s0,l5,5,0.0005,0.6572481448000128,0.6484947204589844,0.7783129950760008,0.7101591187270502,0.6779667653315274,0.27321919586994114,0.34300780296325684,0.08741722255945206
h64_wd0.001_s0,l5,6,0.0005,0.6237131519751116,0.6351966857910156,0.7857295776370921,0.7083231334149327,0.586226759599644,0.23627934345173074,0.38371360301971436,0.12322480976581573
h64_wd0.001_s0,l5,7,0.0005,0.6137037114663557,0.6345518827438354,0.8020919350399119,0.7177478580171358,0.7230197739259258,0.26129677958644837,0.4174027740955353,0.15366403758525848
h64_wd0.001_s0,l5,8,0.0005,0.6061749810522253,0.6432787775993347,0.805570847478362,0.718359853121175,0.8595266188620954,0.2554593736096404,0.44818824529647827,0.18260395526885986
h64_wd0.001_s0,l5,9,0.0005,0.597171729261225,0.6210976839065552,0.8322246689298713,0.7123623011015912,0.9579806902850556,0.2887052142806911,0.4784645438194275,0.21225810050964355
h64_wd0.001_s0,l5,10,0.0005,0.5602295642549341,0.6222750544548035,0.84481756736092,0.7138310893512851,0.8064896060725097,0.20920910624183045,0.5046393275260925,0.25193604826927185
h64_wd0.001_s0,l5,11,0.0005,0.553725158626383,0.6192810535430908,0.8581368321252715,0.7244798041615668,1.072972288856041,0.23137193770311779,0.529869794845581,0.2909504473209381
h64_wd0.001_s0,l5,12,0.0005,0.5314765586094423,0.6107876896858215,0.868390066366945,0.726438188494492,1.000666382346501,0.1887332195391789,0.5531304478645325,0.330346941947937
h64_wd0.001_s0,l5,13,0.0005,0.5583211237734015,0.7082088589668274,0.8832308774505305,0.7239902080783354,1.6012557695224225,0.2759958292637407,0.5760486721992493,0.3522355258464813
h64_wd0.001_s0,l5,14,0.0005,0.5481791821393099,0.6104346513748169,0.8783986298437165,0.7335373317013464,0.894765498588383,0.19896445281239894,0.6015766859054565,0.3752620220184326
h64_wd0.001_s0,l5,15,0.0005,0.529232840646397,0.6308462023735046,0.8863810135486436,0.7268053855569155,1.280869475719726,0.21836551030515688,0.6216092109680176,0.40881454944610596
h64_wd0.001_s0,l5,16,0.0005,0.5073046602986075,0.6482583284378052,0.8910221121203781,0.7293757649938801,1.2372316056215231,0.21797631534131404,0.6418232321739197,0.4539276659488678
h64_wd0.001_s0,l5,17,0.0005,0.5198049409822985,0.6195223927497864,0.8929183105483685,0.7290085679314565,1.4171604002966578,0.2137424410290232,0.6591819524765015,0.4970378577709198
h64_wd0.001_s0,l5,18,0.0005,0.5103282725269144,0.6049074530601501,0.9050295134110162,0.7255813953488373,1.4391495368203937,0.2029521953170973,0.6739230155944824,0.528530478477478
h64_wd0.001_s0,l5,19,0.0005,0.481462608684193,0.6382595896720886,0.9086231152705142,0.7353733170134639,1.7451372931360993,0.21609039650757486,0.6883593201637268,0.5585228800773621
h64_wd0.001_s0,l5,20,0.0005,0.47483007338914,0.6086751222610474,0.9175765360736459,0.7364749082007344,1.4562664888234969,0.1771026676707499,0.7026305794715881,0.5971113443374634
h64_wd0.001_s0,l5,21,0.0005,0.4407980347221548,0.6385913491249084,0.9155197724561885,0.7294981640146878,1.5542426157460894,0.15860698123860356,0.7151527404785156,0.6358652114868164
h64_wd0.001_s0,l5,22,0.0005,0.43298489126292145,0.6213911771774292,0.926950484753953,0.7411260709914321,1.8140893687555406,0.1637248337725767,0.7280880808830261,0.6642546653747559
h64_wd0.001_s0,l5,23,0.0005,0.4311517151919278,0.6496457457542419,0.9267669816802765,0.7294981640146879,2.168174964791146,0.19706651295846803,0.7414754033088684,0.693276584148407
h64_wd0.001_s0,l5,24,0.0005,0.4281402961774306,0.6631790995597839,0.9352845826834266,0.7351285189718482,2.1973701568170494,0.18829559861828765,0.7532410621643066,0.7094686031341553
h64_wd0.001_s0,l5,25,0.0005,0.43213845789432526,0.6314868927001953,0.9386793895464415,0.731578947368421,2.351769346961755,0.19692863609779127,0.764841616153717,0.7307903170585632
h64_wd0.001_s0,l5,26,0.0005,0.4729893681677905,0.6371070742607117,0.9438786433006087,0.7304773561811505,2.9207020047007477,0.22974054859663412,0.7783961892127991,0.7364071011543274
h64_wd0.001_s0,l5,27,0.0005,0.3900974460623481,0.6830108761787415,0.9479310028442975,0.7397796817625458,1.5250446598658198,0.15166082713672066,0.7893071174621582,0.7697232365608215
h64_wd0.001_s0,l5,28,0.0005,0.397892335599119,0.6760936379432678,0.9461800776829679,0.737576499388005,2.0959504680660075,0.1595843239021205,0.7987172603607178,0.8020590543746948
h64_wd0.001_s0,l5,29,0.0005,0.38968119702555915,0.6610371470451355,0.9550723307948742,0.7201346389228885,2.473953775364359,0.17158282199640834,0.8085438013076782,0.8239218592643738
h64_wd0.001_s0,l5,30,0.0005,0.3674523498524319,0.7211025357246399,0.9533596354405603,0.7412484700122398,1.9768540882506103,0.1431038339216376,0.8185169100761414,0.8548734784126282
h64_wd0.001_s0,l5,31,0.0005,0.3654161298816854,0.6711125373840332,0.9543459644615714,0.7350061199510404,2.41503795198344,0.1663512109020736,0.826984703540802,0.8707470893859863
h64_wd0.001_s0,l5,32,0.0005,0.3288690447807312,0.6614576578140259,0.9664036455943971,0.7164014687882497,1.8090390807541248,0.11899211485966066,0.8367094397544861,0.8999565839767456
h64_wd0.001_s0,l5,33,0.0005,0.34265881099484186,0.6737460494041443,0.9708077193626325,0.7307221542227663,2.2116346001931126,0.13696547739163692,0.8462691903114319,0.9348121285438538
h64_wd0.001_s0,l5,34,0.0005,0.3202313333749771,0.7140232920646667,0.9729409425941218,0.7386780905752753,2.1464076526999234,0.1462925650637864,0.8561334609985352,0.9719856381416321
h64_wd0.001_s0,l5,35,0.0005,0.30832022631710226,0.7092211246490479,0.9728721289414931,0.7323133414932681,2.1298581854985694,0.12399561210152554,0.8656627535820007,1.0108941793441772
h64_wd0.001_s0,l5,36,0.0005,0.3017825423316522,0.7709342241287231,0.9743554454537113,0.7317013463892289,2.306254087452956,0.12140572588832593,0.8742774128913879,1.048855185508728
h64_wd0.001_s0,l5,37,0.0005,0.28744169595566665,0.8179256319999695,0.970738905710004,0.7343941248470013,2.5547133865799077,0.1256177877367324,0.8834449648857117,1.0802785158157349
h64_wd0.001_s0,l5,38,0.0005,0.30301970040256326,0.7650284767150879,0.9803728170780195,0.7347613219094248,3.255778698992013,0.1288477938100735,0.892417311668396,1.103795051574707
h64_wd0.001_s0,l5,39,0.0005,0.2606846981427886,0.7393180131912231,0.9824525185796862,0.7337821297429621,2.2545783130306942,0.10928030335098805,0.901692271232605,1.143604040145874
h64_wd0.001_s0,l5,40,0.0005,0.3037571446462111,0.7002596855163574,0.984042878551549,0.7372093023255815,3.1076071506533753,0.1348289562295277,0.909749448299408,1.1763643026351929
h64_wd0.001_s0,l5,41,0.0005,0.28574388474226,0.7529650330543518,0.989028045386427,0.7298653610771114,2.8098644313416234,0.13479060536560528,0.918043315410614,1.2141566276550293
h64_wd0.001_s0,l5,42,0.0005,0.29267382554032584,0.7260341644287109,0.9808774505306297,0.7219094247246023,3.7104898363375396,0.13352998328873086,0.9268540740013123,1.2405834197998047
h64_wd0.001_s0,l5,43,0.0005,0.3246335272084583,0.7302742004394531,0.9806251338043246,0.7285189718482252,3.5435772378168835,0.15393034781333526,0.9368858337402344,1.270960807800293
h64_wd0.001_s0,l5,44,0.0005,0.3078495135361498,0.786084771156311,0.9824066428112671,0.7188494492044063,2.8428592592968687,0.12027815081847858,0.9490417838096619,1.2962645292282104
h64_wd0.001_s0,l5,45,0.0005,0.27440435507080774,0.8148860931396484,0.9875370829128054,0.7160342717258261,2.395520383629275,0.09643980271655184,0.9574775695800781,1.3348393440246582
h64_wd0.001_s0,l5,46,0.0005,0.26182749528776517,0.7736612558364868,0.9866042756216167,0.7186046511627907,3.1640624343686796,0.10104652788897708,0.9652228355407715,1.3700320720672607
h64_wd0.001_s0,l5,47,0.0005,0.24341940744356674,0.8908535242080688,0.9877205859864819,0.7208078335373317,2.3490010747842303,0.08400912965477508,0.9722501635551453,1.4100579023361206
h64_wd0.001_s0,l5,48,0.0005,0.30647511915727094,0.8878135085105896,0.9783160534605622,0.7184822521419828,3.569714545297387,0.11549773230035289,0.9795168042182922,1.437251091003418
h64_wd0.001_s0,l5,49,0.0005,0.28511579402468423,0.8857043385505676,0.9892650701899257,0.7238678090575276,2.8321120881143433,0.11748829141336375,0.986732542514801,1.4678376913070679
h64_wd0.001_s0,l5,50,0.0005,0.2583245201544328,0.7582958936691284,0.9950874697984524,0.7076499388004895,3.79781243401566,0.1265023366541366,0.9944464564323425,1.4926791191101074
h64_wd0.001_s0,l6,1,0.0005,0.7110424575052763,0.6964861750602722,0.6295230263157895,0.5728896103896104,0.711560528103587,0.31797959528053693,0.1962488442659378,0.01982523314654827
h64_wd0.001_s0,l6,2,0.0005,0.6873937249183655,0.6818892955780029,0.7533305921052631,0.6576298701298701,0.4763157293420477,0.22382959034166355,0.24145959317684174,0.03133488446474075
h64_wd0.001_s0,l6,3,0.0005,0.6720061960973238,0.6774905920028687,0.7658100328947367,0.6631493506493507,0.4079440641746796,0.19650561285195706,0.2671390175819397,0.027775011956691742
h64_wd0.001_s0,l6,4,0.0005,0.6656661033630371,0.6721395254135132,0.741591282894737,0.6392857142857143,0.5442950217348007,0.2616563676116831,0.29570579528808594,0.03145669773221016
h64_wd0.001_s0,l6,5,0.0005,0.6572752438093487,0.6617159247398376,0.7793791118421052,0.6722402597402598,0.6737280662079521,0.29790340702657064,0.3250785171985626,0.03905718773603439
h64_wd0.001_s0,l6,6,0.0005,0.6406519444365251,0.6505118608474731,0.7866673519736841,0.677922077922078,0.6767077865453711,0.26624020395904163,0.3580516278743744,0.06182922050356865
h64_wd0.001_s0,l6,7,0.0005,0.6340776054482711,0.6745112538337708,0.8038651315789473,0.688474025974026,0.7546825671400179,0.26901145223385614,0.39126119017601013,0.08111558109521866
h64_wd0.001_s0,l6,8,0.0005,0.6219853947037145,0.6382502317428589,0.8123766447368421,0.6907467532467533,0.9260327384143264,0.3076128302250368,0.4231603145599365,0.09753995388746262
h64_wd0.001_s0,l6,9,0.0005,0.6029398598169026,0.633644700050354,0.8273026315789473,0.6965909090909091,0.9275915324278726,0.32494783018962975,0.45410671830177307,0.11932753026485443
h64_wd0.001_s0,l6,10,0.0005,0.5766261157236601,0.6375646591186523,0.8315995065789473,0.6977272727272728,0.9605524756859156,0.3415863082536153,0.48704931139945984,0.15197721123695374
h64_wd0.001_s0,l6,11,0.0005,0.5705092925774423,0.6242157816886902,0.8547388980263158,0.699025974025974,1.0680767779768245,0.29684818163055576,0.5152716040611267,0.1718539595603943
h64_wd0.001_s0,l6,12,0.0005,0.5535088291293696,0.6594005823135376,0.8586965460526317,0.6962662337662338,1.0875593459315491,0.26931971987373915,0.5406572222709656,0.19796790182590485
h64_wd0.001_s0,l6,13,0.0005,0.53416676584043,0.6231074929237366,0.8769325657894737,0.7047077922077922,1.3928454885302493,0.4019262980889358,0.5694079995155334,0.2187301218509674
h64_wd0.001_s0,l6,14,0.0005,0.5236714262711374,0.6836062669754028,0.8756167763157895,0.7008116883116884,1.3130559796599885,0.31545225157106555,0.595470130443573,0.2350417822599411
h64_wd0.001_s0,l6,15,0.0005,0.5376770543424707,0.6248857378959656,0.8943050986842105,0.7025974025974026,1.5331198358126448,0.3432463831442859,0.6202373504638672,0.2532888948917389
h64_wd0.001_s0,l6,16,0.0005,0.48112395719478007,0.6308490037918091,0.8967413651315789,0.7045454545454546,1.1336788778209521,0.2796602860054141,0.6433100700378418,0.28234824538230896
h64_wd0.001_s0,l6,17,0.0005,0.49112616244115326,0.6356773376464844,0.903381990131579,0.7126623376623378,1.5818769253223461,0.3300856569414816,0.6647665500640869,0.3059106469154358
h64_wd0.001_s0,l6,18,0.0005,0.5047668249983537,0.624398946762085,0.9132504111842106,0.7056818181818182,1.4410290883722836,0.2537934706258231,0.6868177056312561,0.327151358127594
h64_wd0.001_s0,l6,19,0.0005,0.4534380216347544,0.6272538304328918,0.917516447368421,0.7128246753246753,1.4351692774765779,0.25780633728172897,0.7058967351913452,0.3557060658931732
h64_wd0.001_s0,l6,20,0.0005,0.4584829336718509,0.6254035830497742,0.9248869243421053,0.7162337662337662,1.3200419524910174,0.1972444968087934,0.7243337631225586,0.38144540786743164
h64_wd0.001_s0,l6,21,0.0005,0.42248305286231796,0.6532236933708191,0.9270250822368421,0.7097402597402597,1.4172133520919559,0.23030157242675064,0.743054986000061,0.41452667117118835
h64_wd0.001_s0,l6,22,0.0005,0.4221721903273934,0.6442960500717163,0.9342310855263157,0.7141233766233767,1.5014018420172062,0.23316839688025034,0.7599891424179077,0.4371933937072754
h64_wd0.001_s0,l6,23,0.0005,0.41036079431834976,0.6525985598564148,0.9426809210526316,0.7147727272727273,1.3457498523438465,0.21308078365312616,0.7794985771179199,0.4709337055683136
h64_wd0.001_s0,l6,24,0.0005,0.41001537599061666,0.6602738499641418,0.9519839638157894,0.6998376623376624,1.6794254216921924,0.20951400124472186,0.7967355251312256,0.5012806057929993
h64_wd0.001_s0,l6,25,0.0005,0.36808465342772634,0.6676207780838013,0.954944490131579,0.7097402597402597,1.8683799920800346,0.20545564591750684,0.8133543133735657,0.5319498777389526
h64_wd0.001_s0,l6,26,0.0005,0.3933156148383492,0.6501204967498779,0.9572676809210526,0.7063311688311688,2.4345505940641616,0.27357497532049746,0.8302429914474487,0.5566437244415283
h64_wd0.001_s0,l6,27,0.0005,0.41102046009741333,0.6847427487373352,0.9565686677631579,0.7066558441558441,2.6499880697324874,0.28570869567711454,0.8466457724571228,0.5699959397315979
h64_wd0.001_s0,l6,28,0.0005,0.4240344104013945,0.643099844455719,0.9560444078947368,0.7134740259740259,2.7307089186238924,0.26871182761995716,0.8642347455024719,0.5820156931877136
h64_wd0.001_s0,l6,29,0.0005,0.4333121651097348,0.691077709197998,0.9539268092105262,0.696103896103896,2.301962040410538,0.2512293995565113,0.8811759948730469,0.5906239151954651
h64_wd0.001_s0,l6,30,0.0005,0.41300928278973226,0.7100786566734314,0.9593236019736842,0.7003246753246752,2.305307369237415,0.22341267209145893,0.8937768340110779,0.6078629493713379
h64_wd0.001_s0,l6,31,0.0005,0.3513766778142829,0.704030454158783,0.9556023848684211,0.7055194805194805,1.9138378838942371,0.17674068944761437,0.9064127206802368,0.6299179196357727
h64_wd0.001_s0,l6,32,0.0005,0.33300803837023285,0.6650236248970032,0.9731599506578947,0.7011363636363634,1.8844849182848669,0.18645329578086542,0.917502760887146,0.6479832530021667
h64_wd0.001_s0,l6,33,0.0005,0.3066495492270118,0.7088665962219238,0.9705078125000001,0.7076298701298702,1.8019309148411977,0.16365749570914145,0.9284206628799438,0.6782855987548828
h64_wd0.001_s0,l6,34,0.0005,0.3023985051795056,0.712922990322113,0.9797286184210525,0.7102272727272728,2.1502199985702455,0.15240303989742135,0.9397284388542175,0.7051815986633301
h64_wd0.001_s0,l6,35,0.0005,0.31912312617427424,0.7390814423561096,0.9736944901315789,0.6972402597402597,2.840727910651878,0.2146057895742207,0.9529544115066528,0.7273247838020325
h64_wd0.001_s0,l6,36,0.0005,0.3200904162306535,0.7151711583137512,0.9769634046052632,0.701461038961039,2.1894535562353314,0.18765299189585774,0.9659152030944824,0.7453860640525818
h64_wd0.001_s0,l6,37,0.0005,0.2892037018349296,0.7087265849113464,0.9797594572368421,0.7042207792207793,2.2738524276366476,0.1692595416560631,0.9763104319572449,0.7715224623680115
h64_wd0.001_s0,l6,38,0.0005,0.2794176936149597,0.7248095273971558,0.9802734375,0.7094155844155844,2.112254927763342,0.1657969435505035,0.9862592816352844,0.7994455695152283
h64_wd0.001_s0,l6,39,0.0005,0.2831100445044668,0.7012667655944824,0.9885896381578947,0.7154220779220779,2.3923772966595402,0.17241474034799348,0.9964215755462646,0.8228282928466797
h64_wd0.001_s0,l6,40,0.0005,0.2476229401011216,0.7059313654899597,0.9905941611842105,0.7167207792207793,1.898779457440482,0.12813271327714892,1.0063791275024414,0.8550769090652466
h64_wd0.001_s0,l6,41,0.0005,0.2301157085519088,0.7618183493614197,0.9912417763157895,0.7084415584415584,1.869078909549241,0.13238767749701413,1.015956163406372,0.8892183303833008
h64_wd0.001_s0,l6,42,0.0005,0.2056854751549269,0.8156759738922119,0.9877467105263158,0.7060064935064935,1.766363206031294,0.11478069162396559,1.0248782634735107,0.9218500852584839
h64_wd0.001_s0,l6,43,0.0005,0.26251817063281413,0.7781097888946533,0.9932976973684211,0.7011363636363637,2.7834291104897084,0.16862360100695692,1.0352016687393188,0.9420375227928162
h64_wd0.001_s0,l6,44,0.0005,0.25444836679257843,0.7499622702598572,0.9889391447368421,0.7056818181818182,2.759583529887443,0.1641120051968343,1.0469517707824707,0.9606058597564697
h64_wd0.001_s0,l6,45,0.0005,0.24662132404352488,0.8437724709510803,0.9919407894736842,0.7048701298701299,3.094300115195747,0.1674030873114534,1.0573647022247314,0.9835878014564514
h64_wd0.001_s0,l6,46,0.0005,0.25471457682157816,0.840122401714325,0.9896278782894736,0.7050324675324675,2.8747835906379144,0.1487894513291326,1.0675617456436157,1.0052682161331177
h64_wd0.001_s0,l6,47,0.0005,0.20946227288559863,0.8723890781402588,0.9900185032894737,0.7003246753246752,2.3931015928227293,0.131879082514639,1.076440691947937,1.029263973236084
h64_wd0.001_s0,l6,48,0.0005,0.2617520682121578,0.7786874771118164,0.994274259868421,0.6956168831168831,3.5900945895217764,0.17816384900257343,1.0881508588790894,1.0433292388916016
h64_wd0.001_s0,l6,49,0.0005,0.21323172983370328,0.8430710434913635,0.9905736019736842,0.6928571428571428,2.3078307934503677,0.12879716233288369,1.0981446504592896,1.0722695589065552
h64_wd0.001_s0,l6,50,0.0005,0.21352372200865494,0.815224826335907,0.9933182565789473,0.7017857142857143,2.296858441922621,0.11501322342227997,1.1061909198760986,1.1013035774230957
h64_wd0.001_s0,l6,51,0.0005,0.2273473096521277,0.779977023601532,0.9935546875000001,0.7016233766233767,2.4398966958772283,0.11352731442672828,1.1139249801635742,1.1264511346817017
h64_wd0.001_s0,l6,52,0.0005,0.20011612067097112,0.8287145495414734,0.9967979029605263,0.685551948051948,2.48805182642871,0.11244285126253044,1.1220561265945435,1.15048348903656
h64_wd0.001_s0,l6,53,0.0005,0.1912352383921021,0.8244310021400452,0.995178865131579,0.6896103896103896,2.835729005254776,0.11641693278322816,1.1298023462295532,1.17794930934906
h64_wd0.001_s0,l6,54,0.0005,0.19845985856495404,0.8585006594657898,0.9968647203947368,0.6985389610389611,2.7259967789405666,0.1141385673984347,1.13718581199646,1.2086056470870972
h64_wd0.001_s0,l6,55,0.0005,0.14670200489069285,0.8569742441177368,0.9976973684210526,0.6967532467532467,1.9015670237990134,0.09718192760130588,1.1445319652557373,1.242549180984497
h64_wd0.001_s0,l6,56,0.0005,0.16755651976717145,0.8459140062332153,0.9980571546052631,0.6931818181818181,2.5224891651947083,0.09665374375332471,1.1513628959655762,1.2710614204406738
h64_wd0.001_s0,l6,57,0.0005,0.18937543779611588,0.9357377290725708,0.9965460526315789,0.6956168831168831,2.813682659305689,0.10275788824966087,1.1591781377792358,1.298829436302185
h64_wd0.001_s0,l6,58,0.0005,0.1769789818086122,0.9045954346656799,0.9964535361842105,0.6990259740259741,2.9752063164999663,0.0999679406141991,1.166390299797058,1.3259893655776978
h64_wd0.001_s0,l6,59,0.0005,0.18891739139431402,0.7692044973373413,0.9982833059210526,0.714935064935065,3.4303581185058394,0.12449197281356895,1.173465609550476,1.3428997993469238
h64_wd0.001_s0,l6,60,0.0005,0.18271695744050176,0.8017378449440002,0.9988589638157894,0.7121753246753247,2.6880852363635968,0.10111739722168081,1.1804817914962769,1.368485927581787
h64_wd0.001_s0,l7,1,0.0005,0.6972932115845059,0.6835062503814697,0.7374484499826006,0.6246485473289598,0.6789945326739241,0.24979962415974963,0.21960213780403137,0.022119799628853798
h64_wd0.001_s0,l7,2,0.0005,0.6693106889724731,0.6726723909378052,0.731317977536409,0.6757263355201499,0.6226283654252618,0.21536442601962275,0.2714402675628662,0.02788049727678299
h64_wd0.001_s0,l7,3,0.0005,0.6732789433520773,0.662253201007843,0.7611114813087226,0.6833411433926898,0.8261604799063957,0.3345517299766803,0.30634036660194397,0.028130266815423965
h64_wd0.001_s0,l7,4,0.0005,0.6463540559229644,0.6550067067146301,0.7732539629654309,0.683223992502343,0.5938887126146684,0.21861134880503172,0.33908215165138245,0.03325720876455307
h64_wd0.001_s0,l7,5,0.0005,0.630293053129445,0.651419460773468,0.7863885742209191,0.6891986879100281,0.7345140665638792,0.2911242569925347,0.3802003860473633,0.05442962422966957
h64_wd0.001_s0,l7,6,0.0005,0.6178742180699888,0.6391680836677551,0.8017739869542362,0.6971649484536082,0.7384882988267288,0.25628011368470677,0.417082816362381,0.07869028300046921
h64_wd0.001_s0,l7,7,0.0005,0.5939958147380663,0.6281275749206543,0.8233342958471233,0.7176663542642924,0.8008221896170745,0.2296629255348366,0.4563484489917755,0.11125021427869797
h64_wd0.001_s0,l7,8,0.0005,0.5721189392649609,0.6168873906135559,0.8383347030644958,0.7272727272727274,0.9499928919276459,0.2700785344427026,0.4989631175994873,0.14466123282909393
h64_wd0.001_s0,l7,9,0.0005,0.554978749026423,0.6234719157218933,0.8504475689122853,0.7261012183692597,0.9442619067116553,0.22259906813267297,0.5367076992988586,0.17709065973758698
h64_wd0.001_s0,l7,10,0.0005,0.5501593325449072,0.6540619730949402,0.8510472890428911,0.7495313964386128,1.248907739295489,0.33147075539412424,0.572787344455719,0.20447541773319244
h64_wd0.001_s0,l7,11,0.0005,0.5674363893011342,0.5988593101501465,0.8654183603207393,0.7461340206185567,1.3572446760929258,0.32954840889741166,0.6110667586326599,0.22789141535758972
h64_wd0.001_s0,l7,12,0.0005,0.5393441112145133,0.5977407693862915,0.8761244752448857,0.7468369259606372,1.1060111349897987,0.2642888361554084,0.6433126330375671,0.2523019015789032
h64_wd0.001_s0,l7,13,0.0005,0.5064905726391337,0.6159617900848389,0.8816404196560124,0.7456654170571697,1.3154778571077295,0.2545176604522876,0.6736879944801331,0.27768513560295105
h64_wd0.001_s0,l7,14,0.0005,0.4937678588473279,0.5882753729820251,0.8983881595995944,0.7567947516401125,1.3390088796471962,0.28728868046092954,0.7013978362083435,0.30955594778060913
h64_wd0.001_s0,l7,15,0.0005,0.47616112102632935,0.6601153612136841,0.9025121609915373,0.7494142455482662,1.3476614756171768,0.2185186183166693,0.7323889136314392,0.33974725008010864
h64_wd0.001_s0,l7,16,0.0005,0.47743714114894037,0.6017873883247375,0.9091757179982675,0.7577319587628867,1.5245835374829777,0.2212622070332817,0.761048436164856,0.3712119162082672
h64_wd0.001_s0,l7,17,0.0005,0.4684047362078791,0.6670033931732178,0.9139142474252755,0.7651124648547328,1.9598220385520897,0.27700927254272445,0.7832587361335754,0.39409130811691284
h64_wd0.001_s0,l7,18,0.0005,0.46152421961659973,0.6022650003433228,0.920525976766398,0.7596063730084349,1.704422897561962,0.2334539125802031,0.8036537766456604,0.41362348198890686
h64_wd0.001_s0,l7,19,0.0005,0.42311426478883496,0.5992273688316345,0.9316911367287859,0.7666354264292409,1.5311631610720655,0.2057494546238149,0.8234877586364746,0.443673700094223
h64_wd0.001_s0,l7,20,0.0005,0.4362976278947747,0.6070236563682556,0.9335495287384407,0.7618322399250235,2.0716600632190025,0.2550619437828386,0.8443537354469299,0.4639183580875397
h64_wd0.001_s0,l7,21,0.0005,0.40176410519558453,0.616748571395874,0.9416568564299623,0.7553889409559513,1.545980120453704,0.17994370074499275,0.865485668182373,0.4946490228176117
h64_wd0.001_s0,l7,22,0.0005,0.38999662839848065,0.6274237632751465,0.9428414887867144,0.7646438612933458,1.7367979678256826,0.18741134942302265,0.8847531080245972,0.536155641078949
h64_wd0.001_s0,l7,23,0.0005,0.3893856704235077,0.6049465537071228,0.9525998978254593,0.757029053420806,1.7017866021453993,0.1868623847922604,0.9056535959243774,0.5718938708305359
h64_wd0.001_s0,l7,24,0.0005,0.3719604404076286,0.6404312252998352,0.9543250186949793,0.7579662605435802,2.032526878950606,0.20326348253176144,0.9231754541397095,0.6010012626647949
h64_wd0.001_s0,l7,25,0.0005,0.3573781809081202,0.6044380068778992,0.9627655242368376,0.7613636363636364,2.0086622725976455,0.19461017879262293,0.9417746663093567,0.6373345255851746
h64_wd0.001_s0,l7,26,0.0005,0.3182239785142567,0.6323009729385376,0.9651495968548011,0.7627694470477975,1.8059273790843529,0.17203105093749818,0.9590932130813599,0.680374026298523
h64_wd0.001_s0,l7,27,0.0005,0.33392362685307214,0.6318602561950684,0.9647497834343973,0.7599578256794751,2.1327917702810733,0.16882312409243297,0.9771353602409363,0.7126113772392273
h64_wd0.001_s0,l7,28,0.0005,0.30692886399186176,0.6728621125221252,0.9674448220460081,0.7591377694470478,1.8617994457803702,0.15132964819199413,0.9944271445274353,0.7488616108894348
h64_wd0.001_s0,l7,29,0.0005,0.3188025523786959,0.628669798374176,0.9763221607694187,0.7655810684161198,2.25766839217538,0.16136184451484406,1.0097627639770508,0.7803477048873901
h64_wd0.001_s0,l7,30,0.0005,0.34949775817601575,0.5862067341804504,0.9757816722566506,0.7761246485473289,2.7660010220253257,0.1860258935419917,1.0300159454345703,0.8136000037193298
h64_wd0.001_s0,l7,31,0.0005,0.3653438946475153,0.6277474761009216,0.9715095918201135,0.7676897844423617,2.7707080404077034,0.2224831775441125,1.0474859476089478,0.8373574018478394
h64_wd0.001_s0,l7,32,0.0005,0.30834801819013513,0.6532884240150452,0.9823785936933135,0.7591377694470478,2.1358493892583157,0.15375644960065585,1.0629699230194092,0.8697567582130432
h64_wd0.001_s0,l7,33,0.0005,0.2814123079828594,0.7080327272415161,0.9828154268748659,0.7543345829428304,2.127536462442815,0.13360708740721156,1.0791622400283813,0.9034359455108643
h64_wd0.001_s0,l7,34,0.0005,0.25928581473620044,0.7021383047103882,0.9790764309988671,0.7605435801312088,2.27652939293759,0.1481602994927928,1.0937399864196777,0.9419835209846497
h64_wd0.001_s0,l7,35,0.0005,0.3196390880190808,0.6287790536880493,0.9786766175784634,0.7548031865042174,3.0651564398125744,0.18076678021750733,1.1091715097427368,0.9655900001525879
h64_wd0.001_s0,l7,36,0.0005,0.3287105275237042,0.6377853751182556,0.9832078363430399,0.7541002811621368,2.6829466555250443,0.181547443947028,1.124521017074585,0.9780673384666443
h64_wd0.001_s0,l7,37,0.0005,0.2688690002845681,0.676352858543396,0.9885979135662617,0.7488284910965324,2.003025815878636,0.12148627115907383,1.1368675231933594,1.0147448778152466
h64_wd0.001_s0,l7,38,0.0005,0.2716666544261186,0.6730822324752808,0.9887904163242339,0.7562089971883788,2.3511267991081692,0.13068248599401028,1.1500390768051147,1.0551692247390747
h64_wd0.001_s0,l7,39,0.0005,0.2820446614338004,0.7945961356163025,0.9855548891998549,0.7502343017806936,3.056534011506457,0.15204728712470797,1.162070870399475,1.085556149482727
h64_wd0.001_s0,l7,40,0.0005,0.24734823340954987,0.6934816837310791,0.9902045712001066,0.7518744142455484,2.392661955105279,0.13419742972971452,1.1739726066589355,1.1170587539672852
h64_wd0.001_s0,l7,41,0.0005,0.2576947069686392,0.7249818444252014,0.9922702738721929,0.7544517338331772,3.008295373676254,0.1380355487122157,1.1862603425979614,1.1552283763885498
h64_wd0.001_s0,l7,42,0.0005,0.239130653117014,0.712277889251709,0.9906265964771994,0.7586691658856607,2.5121437954786905,0.11234865239605207,1.1974495649337769,1.1880742311477661
h64_wd0.001_s0,l7,43,0.0005,0.25836150283398834,0.7400480508804321,0.9847330505023582,0.7552717900656045,2.789210691545975,0.12672208156477352,1.2094975709915161,1.2234759330749512
h64_wd0.001_s0,l7,44,0.0005,0.2552407545887906,0.7122356295585632,0.9943804002576575,0.7549203373945642,3.1322514387086624,0.13179091582730112,1.220918893814087,1.2502851486206055
h64_wd0.001_s0,l7,45,0.0005,0.20159194164949915,0.7420095205307007,0.9929810532862442,0.7625351452671041,2.409423949377071,0.09391809038311118,1.2304922342300415,1.2857189178466797
h64_wd0.001_s0,l7,46,0.0005,0.20977919257205466,0.7586155533790588,0.9944322279232655,0.7559746954076851,2.70666496594951,0.10306856752944919,1.239802598953247,1.3226972818374634
h64_wd0.001_s0,l7,47,0.0005,0.2368312740455503,0.7496005296707153,0.9918112288339516,0.7533973758200563,2.92069246070821,0.1082910317203918,1.2515121698379517,1.3531888723373413
h64_wd0.001_s0,l7,48,0.0005,0.3012566151826278,0.6536445617675781,0.9856659484833004,0.7549203373945642,3.5615421807547785,0.14333824879658577,1.2614389657974243,1.3722660541534424
h64_wd0.001_s0,l7,49,0.0005,0.2442680500123812,0.7683485150337219,0.9902045712001066,0.75398313027179,2.9344713730420895,0.11349149157128145,1.2719405889511108,1.4002904891967773
h64_wd0.001_s0,l7,50,0.0005,0.24883919954299927,0.6577960252761841,0.9936696208436063,0.7531630740393627,3.114202854542193,0.10054127249194503,1.281306505203247,1.4255213737487793
h64_wd0.001_s0,l8,1,0.0005,0.7017097825353796,0.6854833364486694,0.6882030752998496,0.6023529411764706,0.6281035736229043,0.26171038249798145,0.20758351683616638,0.02527984417974949
h64_wd0.001_s0,l8,2,0.0005,0.6838388307528063,0.678252100944519,0.7667613151484118,0.6537461300309597,0.5068172953694048,0.23957275963016295,0.24658887088298798,0.032982245087623596
h64_wd0.001_s0,l8,3,0.0005,0.6627261611548337,0.6698545813560486,0.7649847165976199,0.6543653250773993,0.5152573806951254,0.23062496925878148,0.2812657058238983,0.03438156843185425
h64_wd0.001_s0,l8,4,0.0005,0.6557591909712012,0.6615077257156372,0.775396049589598,0.6608049535603715,0.7126418396198279,0.28826818694782025,0.31822165846824646,0.05677156522870064
h64_wd0.001_s0,l8,5,0.0005,0.6282439529895782,0.657105565071106,0.7947679560582787,0.6778947368421052,0.6715129589174761,0.27542169434241115,0.3565187454223633,0.08788658678531647
h64_wd0.001_s0,l8,6,0.0005,0.6315960857001218,0.662832498550415,0.8018200437555277,0.6788854489164087,0.9071020231540423,0.3007083501924494,0.39600223302841187,0.11306732892990112
h64_wd0.001_s0,l8,7,0.0005,0.6138780469244177,0.6462387442588806,0.8160173160173161,0.6850773993808049,0.9970696447744607,0.30372800161332214,0.4301021993160248,0.13416655361652374
h64_wd0.001_s0,l8,8,0.0005,0.6039273142814636,0.6568619012832642,0.8255287126254867,0.6874303405572757,1.0270448396166996,0.32628226874186295,0.46082401275634766,0.1531747579574585
h64_wd0.001_s0,l8,9,0.0005,0.57187389514663,0.6381396651268005,0.8396251299477107,0.6902786377708978,0.8114522115715164,0.21928672157606754,0.4888523519039154,0.18653105199337006
h64_wd0.001_s0,l8,10,0.0005,0.5782919444821097,0.6637001633644104,0.8301680398454592,0.6849535603715171,1.2790505855796896,0.3241135275515695,0.5169331431388855,0.2222706526517868
h64_wd0.001_s0,l8,11,0.0005,0.5439695472067053,0.6370652318000793,0.8553817747366136,0.6996904024767802,0.9509171754774631,0.22722202539972794,0.5410889983177185,0.24417929351329803
h64_wd0.001_s0,l8,12,0.0005,0.5233021392063661,0.6333979368209839,0.8681360455554005,0.7067492260061919,1.1094186568509923,0.24577374228702017,0.5657432079315186,0.28368017077445984
h64_wd0.001_s0,l8,13,0.0005,0.5336152694442056,0.6508610248565674,0.8772750546944095,0.7097213622291021,1.2599879986229185,0.21638946799205136,0.5887468457221985,0.30996063351631165
h64_wd0.001_s0,l8,14,0.0005,0.5041870623826981,0.6332141757011414,0.8819764464925757,0.7156656346749226,1.1779754106791882,0.22661224425360757,0.610000729560852,0.34747156500816345
h64_wd0.001_s0,l8,15,0.0005,0.4923716580325907,0.6343095302581787,0.8960651057425252,0.718513931888545,1.4560828358204991,0.2111960562549892,0.6306995153427124,0.3747369349002838
h64_wd0.001_s0,l8,16,0.0005,0.5162201550873843,0.641710638999939,0.900844078263433,0.7164086687306502,1.7268181387783363,0.23671889401623727,0.6489893794059753,0.3926191031932831
h64_wd0.001_s0,l8,17,0.0005,0.46066272258758545,0.6431038975715637,0.908276311502118,0.7192569659442725,1.1899023541792695,0.18443828150056402,0.6672483086585999,0.43094053864479065
h64_wd0.001_s0,l8,18,0.0005,0.45789801397106866,0.6395389437675476,0.9195875808779034,0.7128173374613003,1.578844499547634,0.21936449354345247,0.6859717965126038,0.4703778624534607
h64_wd0.001_s0,l8,19,0.0005,0.445886106653647,0.6524585485458374,0.9207745659358563,0.7221052631578947,1.4801947273810399,0.17784698639957394,0.7034992575645447,0.5026230216026306
h64_wd0.001_s0,l8,20,0.0005,0.44761890308423474,0.6590083837509155,0.9235209235209235,0.7169040247678019,1.8960433473949565,0.21413237675950178,0.7212902307510376,0.5269497036933899
h64_wd0.001_s0,l8,21,0.0005,0.4309606348926371,0.674384593963623,0.9267250073701687,0.7150464396284829,1.8972525212672613,0.2008067984724797,0.7374856472015381,0.5554961562156677
h64_wd0.001_s0,l8,22,0.0005,0.4080436554822055,0.777766227722168,0.9264922652019427,0.7191331269349845,1.4270958912406297,0.14351067130825904,0.7513773441314697,0.5888136625289917
h64_wd0.001_s0,l8,23,0.0005,0.4276771680875258,0.6417731642723083,0.9441729119148474,0.7219814241486069,1.9864587299800804,0.20208063789373396,0.7676051259040833,0.6058056354522705
h64_wd0.001_s0,l8,24,0.0005,0.39154050973328675,0.6711794137954712,0.9477105928718832,0.7152941176470589,1.9129063903064043,0.18418682311101994,0.7837503552436829,0.6407758593559265
h64_wd0.001_s0,l8,25,0.0005,0.3746753944592042,0.6922898888587952,0.9459883008270106,0.7234674922600619,2.1453007527390677,0.17965139563687718,0.7996799349784851,0.6789354681968689
h64_wd0.001_s0,l8,26,0.0005,0.37673133611679077,0.7070685029029846,0.9527300656332914,0.7239628482972136,1.9676262105218918,0.18188636769632963,0.8138188123703003,0.7036566734313965
h64_wd0.001_s0,l8,27,0.0005,0.35372740165753797,0.6862763166427612,0.9566168598426663,0.7247058823529412,2.016543361572657,0.1730586642843947,0.8279133439064026,0.7377010583877563
h64_wd0.001_s0,l8,28,0.0005,0.378255849534815,0.6703561544418335,0.9607131220034446,0.7261919504643963,2.602783012939156,0.1776981970476616,0.8425572514533997,0.7675800323486328
h64_wd0.001_s0,l8,29,0.0005,0.3517588336359371,0.6825109720230103,0.9626293658551723,0.7197523219814241,2.1806899873861383,0.14920162976471774,0.8537899851799011,0.7946200966835022
h64_wd0.001_s0,l8,30,0.0005,0.3402192470702258,0.7178860306739807,0.9659032723548854,0.7232198142414861,1.919364473945229,0.14852662214182918,0.8654338121414185,0.8221307396888733
h64_wd0.001_s0,l8,31,0.0005,0.321705434132706,0.7090556621551514,0.9739949417368772,0.7219814241486068,2.0321690987549665,0.13819834803757441,0.8782696723937988,0.8620353937149048
h64_wd0.001_s0,l8,32,0.0005,0.30938006937503815,0.7606441974639893,0.9737699576409253,0.7171517027863777,2.2222750234268056,0.13703784517798412,0.8909346461296082,0.9032262563705444
h64_wd0.001_s0,l8,33,0.0005,0.2948356196284294,0.7348175048828125,0.9762913311300409,0.7235913312693498,2.61772898391407,0.14316131263877305,0.9037153720855713,0.9377501606941223
h64_wd0.001_s0,l8,34,0.0005,0.3465199375694448,0.8204950094223022,0.9723502304147464,0.7164086687306502,3.2115273165126936,0.18704498719498722,0.9197410345077515,0.9468276500701904
h64_wd0.001_s0,l8,35,0.0005,0.3150544986128807,0.7765644788742065,0.9713416810191005,0.7249535603715169,2.8320030254849,0.15298413507841568,0.9316686391830444,0.972919225692749
h64_wd0.001_s0,l8,36,0.0005,0.40190631625327194,0.6399067640304565,0.9729282067991746,0.719876160990712,4.162565979813855,0.23673581814492,0.9428115487098694,0.968720555305481
h64_wd0.001_s0,l8,37,0.0005,0.3376534716649489,0.7859848141670227,0.9767490573942188,0.7181424148606811,2.381268013454347,0.159343859946344,0.9550049304962158,0.9918310046195984
h64_wd0.001_s0,l8,38,0.0005,0.2748715193434195,0.8378850221633911,0.9785411720895592,0.7214860681114552,2.315923749240874,0.12709848748241204,0.9662959575653076,1.0283085107803345
h64_wd0.001_s0,l8,39,0.0005,0.25962514023889194,0.7866294980049133,0.9850812270167109,0.718513931888545,2.3899498395798364,0.12568324584546328,0.9769682884216309,1.0687750577926636
h64_wd0.001_s0,l8,40,0.0005,0.23419578576629813,0.8602995276451111,0.9789368337755434,0.723343653250774,2.3595221469513663,0.11596609455468258,0.9874686598777771,1.1100212335586548
h64_wd0.001_s0,l8,41,0.0005,0.2621423297307708,0.8362135887145996,0.990868748933265,0.7082352941176471,2.8461071850503896,0.1324748231982752,0.9981350302696228,1.1500893831253052
h64_wd0.001_s0,l8,42,0.0005,0.3137989714741707,0.7609482407569885,0.9851510496671787,0.7120743034055728,2.9491947383352053,0.14372245385101215,1.0133966207504272,1.1730854511260986
h64_wd0.001_s0,l8,43,0.0005,0.25760805877772247,0.7905222773551941,0.9845381619575168,0.7162848297213622,2.6392470486367126,0.11089066991405368,1.0232961177825928,1.1999928951263428
h64_wd0.001_s0,l8,44,0.0005,0.27098075435920194,0.7867169976234436,0.9915204270042979,0.7123839009287927,3.090909831185674,0.14066319064651617,1.0327730178833008,1.229411005973816
h64_wd0.001_s0,l8,45,0.0005,0.2375022518363866,0.782785952091217,0.994026284348865,0.705201238390093,2.3513251378950746,0.09610697362555748,1.0408668518066406,1.261666178703308
h64_wd0.001_s0,l8,46,0.0005,0.20244900103319774,0.9005366563796997,0.9927151701345249,0.7129411764705883,2.3746906676830424,0.09921490416066407,1.04812490940094,1.2982240915298462
h64_wd0.001_s0,l8,47,0.0005,0.20329239253293385,1.0549525022506714,0.9864699219537929,0.7121981424148607,2.952337339053352,0.10224729693127009,1.0557117462158203,1.3345283269882202
h64_wd0.001_s0,l8,48,0.0005,0.23710026862946423,0.8659220933914185,0.9863613089419541,0.7043962848297214,2.86698542233818,0.11278807839765971,1.0637010335922241,1.359993577003479
h64_wd0.001_s0,l9,1,0.0005,0.6956970847171285,0.6795874238014221,0.7330131208997188,0.6644798500468603,0.6573245660291659,0.25198185928380595,0.21498437225818634,0.019491292536258698
h64_wd0.001_s0,l9,2,0.0005,0.6768687186033829,0.6707952618598938,0.7589693650421744,0.6848641049671977,0.5557746243978106,0.2453495070206145,0.25824758410453796,0.020128343254327774
h64_wd0.001_s0,l9,3,0.0005,0.6629612782727117,0.6682822704315186,0.7433443650421745,0.6744376757263355,0.5810426355470834,0.25758159334171926,0.29235148429870605,0.02311948500573635
h64_wd0.001_s0,l9,4,0.0005,0.6408694334652113,0.6465709209442139,0.7795732778819119,0.6952905342080599,0.5601641741038941,0.23868126428628358,0.33373937010765076,0.047778546810150146
h64_wd0.001_s0,l9,5,0.0005,0.6409665164740189,0.642691433429718,0.7899484536082473,0.702788191190253,0.782189299793712,0.2686596508275514,0.3744403123855591,0.06591232120990753
h64_wd0.001_s0,l9,6,0.0005,0.6140922826269398,0.655347466468811,0.8102009137769448,0.7025538894095594,0.831255748517492,0.2981161913967113,0.41421371698379517,0.09555214643478394
h64_wd0.001_s0,l9,7,0.0005,0.5968755898268326,0.6224373579025269,0.8228971415182755,0.7127460168697283,0.9154069388742763,0.293197679729139,0.45420724153518677,0.130355566740036
h64_wd0.001_s0,l9,8,0.0005,0.5853750031927357,0.6248220205307007,0.8366330834114339,0.7180178069353327,0.9449069216298258,0.28097087730752046,0.4872395396232605,0.1575811803340912
h64_wd0.001_s0,l9,9,0.0005,0.5684651939765267,0.6411589980125427,0.8458660379568885,0.7164948453608248,1.2549406434588009,0.3295633359641772,0.5235151052474976,0.18967631459236145
h64_wd0.001_s0,l9,10,0.0005,0.53134743804517,0.6318370699882507,0.8610883317713215,0.7193064667291471,1.049487801729361,0.253816358540546,0.5552988052368164,0.22851331532001495
h64_wd0.001_s0,l9,11,0.0005,0.5223854248938353,0.6181398630142212,0.8742897727272727,0.7264526710402998,1.1900252747272566,0.238396962428793,0.5830039381980896,0.2653619050979614
h64_wd0.001_s0,l9,12,0.0005,0.5083488433257394,0.6313671469688416,0.8818679709465792,0.7289128397375819,1.236420601188315,0.21119991455103196,0.6091821193695068,0.29956910014152527
h64_wd0.001_s0,l9,13,0.0005,0.49024231407953345,0.6200066804885864,0.8949522610121838,0.7338331771321461,1.2493194193608153,0.2121892772730563,0.6355887055397034,0.33862462639808655
h64_wd0.001_s0,l9,14,0.0005,0.48367220163345337,0.6203770637512207,0.9012271555763823,0.721883786316776,1.5191974195793947,0.2516963172698961,0.6610654592514038,0.37612318992614746
h64_wd0.001_s0,l9,15,0.0005,0.4637623960557191,0.6219986081123352,0.9129349226804123,0.7331302717900656,1.615172551163809,0.2210768502859727,0.6849244236946106,0.4130330979824066
h64_wd0.001_s0,l9,16,0.0005,0.4418081926262897,0.6319183111190796,0.9115950093720713,0.7321930646672913,1.4746339896195433,0.22747363408848492,0.7061051726341248,0.4481301009654999
h64_wd0.001_s0,l9,17,0.0005,0.4437347456164982,0.7039439678192139,0.9193050023430178,0.7231724461105904,1.6096939337628011,0.21035287241792688,0.7272377610206604,0.4797450304031372
h64_wd0.001_s0,l9,18,0.0005,0.44585093078405963,0.651208758354187,0.9352960988753514,0.7354732895970011,1.5884205918567498,0.1987227996301955,0.7463599443435669,0.5059853196144104
h64_wd0.001_s0,l9,19,0.0005,0.43727200834647467,0.6276646256446838,0.9307198922211808,0.7393392689784442,1.7571882269712422,0.18697490310500794,0.7678642272949219,0.5365782380104065
h64_wd0.001_s0,l9,20,0.0005,0.39685316059900366,0.6336430907249451,0.9405386012183693,0.7361761949390816,1.6226037151153756,0.18068706042514301,0.7868368625640869,0.5748323202133179
h64_wd0.001_s0,l9,21,0.0005,0.39236606203991437,0.6712295413017273,0.9530664245548266,0.7318416119962511,1.5876202841634548,0.17217511228966384,0.8050205707550049,0.615508496761322
h64_wd0.001_s0,l9,22,0.0005,0.3876500375892805,0.6594911217689514,0.9537107544517339,0.7340674789128397,2.2073221747938647,0.20912963486343256,0.8223822712898254,0.6492962837219238
h64_wd0.001_s0,l9,23,0.0005,0.3735509190870368,0.6409237384796143,0.9572472469540769,0.7327788191190253,1.808440118518591,0.16156456545115505,0.8385684490203857,0.6851798295974731
h64_wd0.001_s0,l9,24,0.0005,0.36714699346086255,0.6529237627983093,0.9611205482661669,0.7348875351452671,1.9521415549506032,0.17587436872185516,0.8545668721199036,0.7215017080307007
h64_wd0.001_s0,l9,25,0.0005,0.35677990058194037,0.6613046526908875,0.9646716846298031,0.7369962511715089,1.788866344864201,0.1485801807852404,0.8706544637680054,0.7566167712211609
h64_wd0.001_s0,l9,26,0.0005,0.36289999731208966,0.7200469374656677,0.9553362230552952,0.7343017806935331,2.404556127723402,0.1646511003729089,0.8872498273849487,0.7950059175491333
h64_wd0.001_s0,l9,27,0.0005,0.3394389929978744,0.6618725061416626,0.9652354732895969,0.7296157450796625,2.35174128907517,0.16684787494204822,0.902073323726654,0.8233096599578857
h64_wd0.001_s0,l9,28,0.0005,0.3428309799536415,0.6648228168487549,0.9677322516401125,0.7402764761012184,2.2245640905947477,0.1563584118670869,0.9173759818077087,0.85262531042099
h64_wd0.001_s0,l9,29,0.0005,0.30308068964792334,0.6819750070571899,0.9754276007497656,0.7355904404873477,2.008620103201689,0.13037321650633069,0.9308961629867554,0.8937913179397583
h64_wd0.001_s0,l9,30,0.0005,0.32404516442962317,0.6664957404136658,0.9761890815370197,0.7361761949390816,2.712751970985881,0.15751400645768013,0.9444680213928223,0.9243557453155518
h64_wd0.001_s0,l9,31,0.0005,0.30038160474404046,0.6819074153900146,0.9760938964386128,0.7360590440487348,2.1465623819496917,0.1278910351651855,0.9573324918746948,0.9626120328903198
h64_wd0.001_s0,l9,32,0.0005,0.3314998156350592,0.7063579559326172,0.9871792994376757,0.7012652296157451,2.621879488607576,0.12673693896850383,0.9699928164482117,0.990023672580719
h64_wd0.001_s0,l9,33,0.0005,0.3205370423586472,0.7104958295822144,0.9826397024367385,0.7181349578256795,2.047343369119436,0.11266208820095243,0.9814797639846802,1.0166348218917847
h64_wd0.001_s0,l9,34,0.0005,0.30569321176280145,0.7334714531898499,0.9867546274601686,0.7190721649484536,2.760423053314802,0.13372568429566328,0.9932446479797363,1.0487202405929565
h64_wd0.001_s0,l9,35,0.0005,0.2910414389942003,0.7929120659828186,0.9849753983130272,0.7022024367385192,2.751770412225086,0.12365974103128825,1.0050914287567139,1.0763064622879028
h64_wd0.001_s0,l9,36,0.0005,0.2837029721425927,0.8246200084686279,0.9854000702905342,0.7259840674789128,2.5519265906898148,0.12192510693023025,1.0163116455078125,1.104945182800293
h64_wd0.001_s0,l9,37,0.0005,0.2555854663900707,0.8189312815666199,0.9835622656982193,0.7271555763823805,2.654879502134817,0.12968079648575978,1.0273809432983398,1.1293771266937256
h64_wd0.001_s0,l9,38,0.0005,0.2872688090023787,0.7817202806472778,0.985539186972821,0.7297328959700093,3.5179007514272174,0.13017162774837346,1.0394057035446167,1.1572898626327515
h64_wd0.001_s0,l9,39,0.0005,0.2671641739814178,0.7527257800102234,0.990217900656045,0.7133317713214621,3.244672839503041,0.1244999603920181,1.0496925115585327,1.1802576780319214
h64_wd0.001_s0,l9,40,0.0005,0.24498325780681943,0.8139033317565918,0.9884899250234302,0.7164948453608248,2.8983671659834327,0.1275545323325909,1.0607059001922607,1.2115405797958374
h64_wd0.001_s0,l9,41,0.0005,0.26516776175602624,0.8115625977516174,0.9884752811621368,0.7189550140581069,3.3008600037672644,0.11994444075942334,1.0710309743881226,1.2363052368164062
h64_wd0.001_s0,l9,42,0.0005,0.24071286165195963,0.8378063440322876,0.9832913542642924,0.7180178069353327,2.8086513223749905,0.10799320572201188,1.0800597667694092,1.272756814956665
h64_wd0.001_s0,l9,43,0.0005,0.2500739654769068,0.8696690797805786,0.9894490979381443,0.7121602624179943,3.1845723949710534,0.11373459753122575,1.0893664360046387,1.3096632957458496
h64_wd0.001_s0,l9,44,0.0005,0.24506439333376678,0.9527849555015564,0.9927293228678538,0.714386129334583,3.0801764393919915,0.1170633000459144,1.098019003868103,1.344003438949585
h64_wd0.001_s0,l9,45,0.0005,0.25465503399786743,0.8467020988464355,0.9861176194939081,0.7221180880974696,3.1650878613390665,0.12279809057224873,1.1076322793960571,1.3803191184997559
h64_wd0.001_s0,l9,46,0.0005,0.255724742360737,0.9896396994590759,0.9939960168697283,0.7194236176194938,3.6906327648492443,0.14089675032625812,1.1172946691513062,1.4051827192306519
h64_wd0.001_s0,l9,47,0.0005,0.20102555790673132,0.9132497310638428,0.9918360473289598,0.7271555763823804,2.7036738028433605,0.07969027803258684,1.12490975856781,1.4324722290039062
h64_wd0.001_s0,l9,48,0.0005,0.1951627170910006,0.9722986221313477,0.9960315135895033,0.7136832239925023,2.57986515658807,0.0797008192800157,1.1319243907928467,1.4628422260284424
h64_wd0.001_s0,l10,1,0.0005,0.6986156442890996,0.6855383515357971,0.6646784098848968,0.6302668539325843,0.5338475935951351,0.22711685172848553,0.2096865475177765,0.023717600852251053
h64_wd0.001_s0,l10,2,0.0005,0.6859607592872952,0.6830359101295471,0.7409406832640753,0.6520365168539326,0.5031297153060261,0.27231451542719437,0.24985718727111816,0.02886669896543026
h64_wd0.001_s0,l10,3,0.0005,0.6679384630659352,0.6930207014083862,0.7015334828816239,0.568937265917603,0.42073184266710045,0.1944668017505969,0.2791542112827301,0.029356496408581734
h64_wd0.001_s0,l10,4,0.0005,0.65563282240992,0.6716315150260925,0.7505534512558381,0.6207865168539325,0.5457352832628629,0.22969053776258572,0.31346291303634644,0.04523046687245369
h64_wd0.001_s0,l10,5,0.0005,0.6411879114482714,0.6632969379425049,0.7638951200676644,0.6345973782771536,0.5861969266652665,0.2666574097649745,0.3496457636356354,0.07281111180782318
h64_wd0.001_s0,l10,6,0.0005,0.6287024176639059,0.6564890146255493,0.79140955392932,0.6650280898876405,0.9498253969764844,0.3867647852861719,0.3794417977333069,0.09554486721754074
h64_wd0.001_s0,l10,7,0.0005,0.614479414794756,0.6418424248695374,0.8040819328503659,0.6786048689138577,0.8093642959773497,0.27123559274160025,0.4080680310726166,0.11753549426794052
h64_wd0.001_s0,l10,8,0.0005,0.6032223377538763,0.6366089582443237,0.8181885043945133,0.6824672284644194,0.8687172496926266,0.25485372176158294,0.4399828612804413,0.14528721570968628
h64_wd0.001_s0,l10,9,0.0005,0.5774698166743569,0.6280797123908997,0.8366417828117529,0.6973314606741573,0.861484133996781,0.21951128743899093,0.47025495767593384,0.1794353872537613
h64_wd0.001_s0,l10,10,0.0005,0.5619647334451261,0.62149578332901,0.8540874489758394,0.7127808988764044,0.9774858495650701,0.24090916018799097,0.5007067322731018,0.22151128947734833
h64_wd0.001_s0,l10,11,0.0005,0.5623676310414853,0.628073513507843,0.8631044754164675,0.7116104868913857,1.2027445865596216,0.26984132669857175,0.5299800038337708,0.2505006492137909
h64_wd0.001_s0,l10,12,0.0005,0.5213816334371981,0.6303808093070984,0.8658110543154489,0.7056413857677903,1.1076360007294113,0.23676415774272955,0.5560380816459656,0.28378748893737793
h64_wd0.001_s0,l10,13,0.0005,0.5270173899505449,0.6160804033279419,0.8827565917699408,0.7247191011235955,1.2231082083492455,0.22310728137291816,0.5802487730979919,0.31116291880607605
h64_wd0.001_s0,l10,14,0.0005,0.527327326328858,0.6372461915016174,0.8894642003456772,0.7284644194756554,1.7541920364568806,0.2915469427677116,0.6036568284034729,0.34138941764831543
h64_wd0.001_s0,l10,15,0.0005,0.5346098879109258,0.633884847164154,0.8954878093627037,0.7180477528089888,1.5593653821236184,0.2502518535227864,0.6278114318847656,0.35747647285461426
h64_wd0.001_s0,l10,16,0.0005,0.5107506047124448,0.6091119647026062,0.8978192917294893,0.7327949438202247,1.467120207932082,0.24625718397485327,0.6493479013442993,0.3876663148403168
h64_wd0.001_s0,l10,17,0.0005,0.46831725732139917,0.6609596014022827,0.9013054830287206,0.7333801498127341,1.3441813080454263,0.18383530152463723,0.6672844290733337,0.4292915165424347
h64_wd0.001_s0,l10,18,0.0005,0.4515996380992558,0.6107215285301208,0.9206486963556798,0.7405196629213483,1.522749846766886,0.18448220937865423,0.6855446100234985,0.4623386263847351
h64_wd0.001_s0,l10,19,0.0005,0.4350517469903697,0.6843210458755493,0.9195528260949509,0.7267088014981273,1.9115637434622306,0.23111546844350403,0.702642023563385,0.5013274550437927
h64_wd0.001_s0,l10,20,0.0005,0.4586760920027028,0.6277856230735779,0.9293715294377229,0.7373595505617978,1.9364626511749619,0.19631912401575818,0.7183656096458435,0.5216794013977051
h64_wd0.001_s0,l10,21,0.0005,0.4343466953090999,0.6227521896362305,0.9261133379913948,0.742626404494382,1.8126920882818696,0.21795054842402523,0.7364063858985901,0.5492374300956726
h64_wd0.001_s0,l10,22,0.0005,0.42401281258334284,0.6779834032058716,0.928805207222447,0.7271769662921349,2.052087617573993,0.20754112799495736,0.7529674768447876,0.581417977809906
h64_wd0.001_s0,l10,23,0.0005,0.38590966618579364,0.6607497930526733,0.9370279115948956,0.7483614232209738,1.6289016532149154,0.15612871924970226,0.7669229507446289,0.6184383034706116
h64_wd0.001_s0,l10,24,0.0005,0.37758664981178613,0.6801115870475769,0.9497370646857647,0.7495318352059925,1.918137068799848,0.17189526344524278,0.7800312638282776,0.6527026295661926
h64_wd0.001_s0,l10,25,0.0005,0.37038993965024536,0.6909038424491882,0.9494428713271799,0.7489466292134832,1.6747423929710896,0.14576813203433028,0.7928923964500427,0.6894396543502808
h64_wd0.001_s0,l10,26,0.0005,0.3708223959674006,0.6748060584068298,0.956525576435112,0.7474250936329588,1.9187298067135026,0.14219702337369092,0.8068134188652039,0.7277220487594604
h64_wd0.001_s0,l10,27,0.0005,0.3440111078645872,0.6769952178001404,0.9590262199830839,0.7498829588014981,2.3160419193116484,0.17896906816609204,0.820476770401001,0.7728413939476013
h64_wd0.001_s0,l10,28,0.0005,0.35687666224396747,0.632587194442749,0.9672195050196741,0.7476591760299626,2.3535838906622137,0.175926589702976,0.8330528736114502,0.7992810606956482
h64_wd0.001_s0,l10,29,0.0005,0.3459252831728562,0.6690530776977539,0.9646967969698084,0.7411048689138576,2.347703680959625,0.15004691276938512,0.8465462923049927,0.8368976712226868
h64_wd0.001_s0,l10,30,0.0005,0.3389509598846021,0.6373682618141174,0.9653660868605891,0.7432116104868913,2.2837866853085633,0.1518240518397367,0.8586006760597229,0.8724266886711121
h64_wd0.001_s0,l10,31,0.0005,0.35795424295508343,0.6541622877120972,0.9714632442172618,0.7395833333333334,2.488788739668735,0.14767831259668576,0.8713999390602112,0.9103682637214661
h64_wd0.001_s0,l10,32,0.0005,0.3873369810373887,0.6662959456443787,0.9647924098113485,0.7429775280898877,2.4530524571061356,0.16191566223946502,0.8827913403511047,0.933197021484375
h64_wd0.001_s0,l10,33,0.0005,0.3477588244106459,0.6775592565536499,0.9764571764792409,0.7447331460674157,2.1941592514490345,0.12334941202060266,0.8933320641517639,0.9584989547729492
h64_wd0.001_s0,l10,34,0.0005,0.33259775133236597,0.6947117447853088,0.9728900820063988,0.7510533707865168,2.4938428848693555,0.13729759348932366,0.9033180475234985,0.9860348701477051
h64_wd0.001_s0,l10,35,0.0005,0.31193586924801703,0.7063472270965576,0.9785827234950171,0.7471910112359552,2.25046662372708,0.13202552023859043,0.9143809080123901,1.0221034288406372
h64_wd0.001_s0,l10,36,0.0005,0.31576469929321954,0.7289546728134155,0.9699702129224432,0.7483614232209739,2.2126116147564177,0.12218412710556503,0.9245191812515259,1.060563325881958
h64_wd0.001_s0,l10,37,0.0005,0.2923705085464146,0.7270795106887817,0.9757658220865665,0.7531601123595506,2.3282568467806373,0.12547368567231368,0.935011625289917,1.1023584604263306
h64_wd0.001_s0,l10,38,0.0005,0.320809134322664,0.7145698070526123,0.9790681425366823,0.7466058052434457,2.4673696271689223,0.13987168265560457,0.9442700147628784,1.1242592334747314
h64_wd0.001_s0,l10,39,0.0005,0.3190059350884479,0.7046054601669312,0.9837016879343949,0.7406367041198502,3.163090164275164,0.1523844273982327,0.9542977213859558,1.1574156284332275
h64_wd0.001_s0,l10,40,0.0005,0.32822787696900574,0.7697814702987671,0.9793770455631964,0.7471910112359551,2.6293848159638644,0.12657362988673485,0.9658510684967041,1.1898423433303833
h64_wd0.001_s0,l10,41,0.0005,0.3648354696190875,0.6942018866539001,0.9755231125657338,0.7407537453183521,3.2697182368768516,0.16826352012964385,0.976447582244873,1.2152525186538696
h64_wd0.001_s0,l10,42,0.0005,0.3372945066379464,0.6581308245658875,0.9771705953738095,0.7497659176029963,2.970700366852509,0.15407965677443225,0.9858376979827881,1.2344329357147217
h64_wd0.001_s0,l10,43,0.0005,0.3107626172511474,0.7239758372306824,0.974839113007024,0.7505852059925094,2.1883914738793706,0.09357015747799835,0.9942631721496582,1.2713708877563477
h64_wd0.001_s0,l10,44,0.0005,0.2740594174550927,0.7822111248970032,0.9780752399514581,0.7512874531835206,2.5181342114671517,0.10458467634195792,1.0022045373916626,1.3002065420150757
h64_wd0.001_s0,l10,45,0.0005,0.29986650529115094,0.6691002249717712,0.9808480123561211,0.7530430711610487,3.270751895543706,0.12125024096301605,1.0094585418701172,1.319068431854248
h64_wd0.001_s0,l10,46,0.0005,0.2846998760233755,0.8067794442176819,0.9834883977494209,0.7496488764044944,2.376388425679917,0.09942223895914626,1.0161532163619995,1.3428139686584473
h64_wd0.001_s0,l10,47,0.0005,0.26794908681641455,0.7162211537361145,0.9881660721509212,0.7426264044943821,3.0239775038433727,0.1216810649805143,1.0225263833999634,1.3649952411651611
h64_wd0.001_s0,l10,48,0.0005,0.2772471554901289,0.7624414563179016,0.9882175559886737,0.7467228464419476,2.7619290905386147,0.10499241533900187,1.0298200845718384,1.393648386001587
h64_wd0.001_s0,l10,49,0.0005,0.22583046199186987,0.8183780312538147,0.9891295554002868,0.7442649812734083,2.7145187984171044,0.0960636835419136,1.0364941358566284,1.4214715957641602
h64_wd0.001_s0,l10,50,0.0005,0.24588522574175958,0.8510738611221313,0.9925201338579781,0.7508192883895132,2.817569094206048,0.09530706474126861,1.0439176559448242,1.4478702545166016
h64_wd0.001_s0,l10,51,0.0005,0.20892196828904358,0.8317510485649109,0.991964843893649,0.7428604868913858,2.4906965220929758,0.08490232216731024,1.0503393411636353,1.4787317514419556
h64_wd0.001_s0,l10,52,0.0005,0.22448582882466522,0.7693545818328857,0.9924686500202258,0.7429775280898877,2.5048728635558444,0.07456843946522222,1.057150959968567,1.504974365234375
h64_wd0.001_s0,l10,53,0.0005,0.2168078785357268,0.9927133917808533,0.9881660721509213,0.7357209737827716,2.7695082128069175,0.08406834113408737,1.0633798837661743,1.534909725189209
h64_wd0.001_s0,l10,54,0.0005,0.23576452874619028,0.8800829648971558,0.9877615562828669,0.7428604868913858,3.3869878240892572,0.1108415514766615,1.0705965757369995,1.547821283340454
h64_wd0.001_s0,l10,55,0.0005,0.22228388779837152,0.9463624954223633,0.9934247784356267,0.7483614232209739,2.969428681864149,0.08567022440252382,1.0776221752166748,1.577823281288147
h64_wd0.001_s0,l10,56,0.0005,0.2116209226457969,0.7861261367797852,0.992104585738977,0.7387640449438202,3.26851233268421,0.09388954496925599,1.083287000656128,1.6043740510940552
h64_wd0.001_s0,l10,57,0.0005,0.24663219892460367,0.876000165939331,0.9882249108226382,0.736306179775281,3.232656689955888,0.08550932527226746,1.09067964553833,1.635279655456543
h64_wd0.001_s0,l11,1,0.0005,0.6998095972971483,0.6781620383262634,0.7459507582275355,0.673132183908046,0.7796754994883585,0.3803270156111493,0.21162676811218262,0.018575841560959816
h64_wd0.001_s0,l11,2,0.0005,0.6713639199733734,0.6713278889656067,0.7245917092476079,0.6386494252873562,0.6786069980275845,0.3232805051551367,0.26447340846061707,0.021031560376286507
h64_wd0.001_s0,l11,3,0.0005,0.6491287865421989,0.6736474633216858,0.768446961478899,0.6828304597701149,0.6831891059925257,0.30146348791195776,0.30418041348457336,0.017152879387140274
h64_wd0.001_s0,l11,4,0.0005,0.6383884630419991,0.6484667658805847,0.7884743429567507,0.694204980842912,0.7972161316149726,0.38690738549820386,0.34337592124938965,0.028492465615272522
h64_wd0.001_s0,l11,5,0.0005,0.6243809001012282,0.6450120806694031,0.7871052690641669,0.6840277777777778,0.7921896587616627,0.38175128466071356,0.3926457166671753,0.05752864480018616
h64_wd0.001_s0,l11,6,0.0005,0.6036538156596097,0.6459659934043884,0.7969431497677063,0.6926484674329503,0.9659439416038523,0.4167251828485721,0.43592026829719543,0.0753377303481102
h64_wd0.001_s0,l11,7,0.0005,0.5858568061481823,0.6244489550590515,0.8198433420365535,0.7046216475095786,1.015979660232323,0.412057305708926,0.4735722839832306,0.0826016291975975
h64_wd0.001_s0,l11,8,0.0005,0.5956395999951796,0.6133560538291931,0.8429978977608534,0.7223419540229885,1.51627728613888,0.6562672858845621,0.5077660083770752,0.09576381742954254
h64_wd0.001_s0,l11,9,0.0005,0.561767419630831,0.6455745697021484,0.8349854489140925,0.7130028735632185,1.053899883141346,0.401391689541453,0.5378819704055786,0.10849930346012115
h64_wd0.001_s0,l11,10,0.0005,0.5548224245960062,0.6054362654685974,0.8568457435268243,0.7314415708812261,1.2056902993244951,0.3904450961243706,0.5690426230430603,0.12645533680915833
h64_wd0.001_s0,l11,11,0.0005,0.52221394804391,0.5972868204116821,0.8712846102628173,0.7387452107279694,0.9772049896486773,0.3001022037076084,0.5971706509590149,0.14592666923999786
h64_wd0.001_s0,l11,12,0.0005,0.5240103047002446,0.5926207900047302,0.8829404415450337,0.7438936781609194,1.365256654688454,0.395081873954965,0.626003086566925,0.16729773581027985
h64_wd0.001_s0,l11,13,0.0005,0.5160536603494124,0.5962656736373901,0.8925912902960342,0.7461685823754789,1.3954091111511353,0.3584608042974565,0.6541406512260437,0.18525190651416779
h64_wd0.001_s0,l11,14,0.0005,0.4913677085529674,0.6007110476493835,0.8972222014408943,0.7480842911877394,1.2917354185046397,0.3166073574919846,0.6796519160270691,0.21013453602790833
h64_wd0.001_s0,l11,15,0.0005,0.469372188503092,0.6214426755905151,0.9079279104042135,0.7501197318007663,1.348351874809487,0.3143096594982598,0.7024452090263367,0.23213636875152588
h64_wd0.001_s0,l11,16,0.0005,0.43013630401004443,0.6026108264923096,0.9144366223525626,0.758022030651341,1.2377914945087063,0.2915613278357862,0.7274785041809082,0.2629905343055725
h64_wd0.001_s0,l11,17,0.0005,0.45134801214391534,0.6178335547447205,0.9194266348462972,0.7561063218390804,1.6741120052279763,0.36595872177293276,0.7505441904067993,0.2875675559043884
h64_wd0.001_s0,l11,18,0.0005,0.4206252477385781,0.5843607783317566,0.929788205016945,0.7676005747126436,1.4662457609035435,0.3252650852064337,0.7714904546737671,0.3087794780731201
h64_wd0.001_s0,l11,19,0.0005,0.4722838347608393,0.6207388639450073,0.9296086543425078,0.7653256704980843,2.0204180021399796,0.401074473814151,0.7959182262420654,0.32065343856811523
h64_wd0.001_s0,l11,20,0.0005,0.420314607295123,0.6014376878738403,0.9334615125648066,0.7643678160919539,1.5217967552708165,0.265156421430617,0.8191365599632263,0.3424012064933777
h64_wd0.001_s0,l11,21,0.0005,0.41327244314280426,0.5876020193099976,0.9433442809369552,0.7636494252873564,1.8320609204906466,0.27705022530949974,0.840229332447052,0.36482638120651245
h64_wd0.001_s0,l11,22,0.0005,0.4241260425610976,0.6472920775413513,0.941833062760442,0.7686781609195402,1.9543027040941297,0.28868924895906206,0.8598017692565918,0.3895862102508545
h64_wd0.001_s0,l11,23,0.0005,0.37969198348847305,0.6043258905410767,0.9507582275355921,0.7738266283524904,1.4228191299710942,0.20573075384714912,0.878121018409729,0.41563716530799866
h64_wd0.001_s0,l11,24,0.0005,0.3943269889463078,0.6999185681343079,0.9468155939760748,0.7659243295019157,2.1668950032067538,0.3530163023506154,0.8974050283432007,0.44025442004203796
h64_wd0.001_s0,l11,25,0.0005,0.3803700723431327,0.6018503904342651,0.9552320318403196,0.7717911877394635,1.8087631019590373,0.23615851242692365,0.9164525270462036,0.45523467659950256
h64_wd0.001_s0,l11,26,0.0005,0.37282567538998346,0.5897917747497559,0.9619726634098169,0.7653256704980843,1.7925170580402467,0.21924214407857326,0.9337521195411682,0.4804733395576477
h64_wd0.001_s0,l11,27,0.0005,0.33205888217145746,0.5992813110351562,0.9621222889718478,0.7741858237547893,1.4532611103700015,0.18886413261092458,0.95112144947052,0.5137125253677368
h64_wd0.001_s0,l11,28,0.0005,0.3769462968815457,0.5968049168586731,0.9672993334181212,0.7737068965517241,2.370253121886631,0.2613514026222345,0.9683218598365784,0.5346567034721375
h64_wd0.001_s0,l11,29,0.0005,0.30116975646127353,0.6237037181854248,0.9698579305288515,0.7705938697318009,1.6993295133563413,0.20002848197891063,0.9846643805503845,0.5629779100418091
h64_wd0.001_s0,l11,30,0.0005,0.33033155514435336,0.6769455671310425,0.9710773788594043,0.7719109195402298,2.068631755203284,0.2166196746584359,0.9983747601509094,0.5833668112754822
h64_wd0.001_s0,l11,31,0.0005,0.3275346356359395,0.6888855695724487,0.9736060508577284,0.7672413793103449,2.4099608875328253,0.23871083851221117,1.0141133069992065,0.6036197543144226
h64_wd0.001_s0,l11,32,0.0005,0.29889762062918057,0.668238639831543,0.9752968197086791,0.767361111111111,2.0675075028772216,0.2071321915826264,1.028962254524231,0.6275519728660583
h64_wd0.001_s0,l11,33,0.0005,0.3199764381755482,0.7450924515724182,0.9676659160450972,0.7589798850574713,2.7234024912081485,0.26434463172412836,1.04324471950531,0.6492717266082764
h64_wd0.001_s0,l11,34,0.0005,0.383148961446502,0.6502993702888489,0.9821047827810903,0.7756226053639845,3.354501431130876,0.32493052537584827,1.0614466667175293,0.6451501846313477
h64_wd0.001_s0,l11,35,0.0005,0.330877271565524,0.6166760325431824,0.9786035446295644,0.7704741379310344,2.570726037227773,0.2635485463871959,1.0777380466461182,0.6584078073501587
h64_wd0.001_s0,l11,36,0.0005,0.2996999140490185,0.6642913222312927,0.9785885820733613,0.7613745210727969,2.0463476474670044,0.1936545221161445,1.0911580324172974,0.6872998476028442
h64_wd0.001_s0,l11,37,0.0005,0.2611024880951101,0.6770912408828735,0.9839227333597672,0.7670019157088123,1.9291603786510152,0.2064107192034802,1.1037795543670654,0.7146859169006348
h64_wd0.001_s0,l11,38,0.0005,0.25243487039750273,0.7092040181159973,0.9811771042964981,0.7626915708812261,1.8628643560640632,0.175757537451971,1.1144142150878906,0.7430453896522522
h64_wd0.001_s0,l11,39,0.0005,0.24162885004823859,0.820641040802002,0.9810274787344669,0.766882183908046,2.071592878298126,0.14035537218568905,1.1249552965164185,0.7693554759025574
h64_wd0.001_s0,l11,40,0.0005,0.23752853680740704,0.7091405391693115,0.9863317049084666,0.7719109195402301,2.4946879788478107,0.208737819361827,1.136265754699707,0.7922101020812988
h64_wd0.001_s0,l11,41,0.0005,0.2264983913099224,0.7178586721420288,0.9871546454996372,0.7721503831417624,1.9001251119859257,0.14810638371467305,1.1478161811828613,0.8187565803527832
h64_wd0.001_s0,l11,42,0.0005,0.2642791616645726,0.6905573010444641,0.9922194707743871,0.759698275862069,3.045900206090053,0.17849464574146967,1.1594823598861694,0.8402965664863586
h64_wd0.001_s0,l11,43,0.0005,0.2735954089598222,0.6815820336341858,0.9900499001249373,0.759698275862069,2.6024475804699216,0.1981033863009052,1.1722990274429321,0.8580783605575562
h64_wd0.001_s0,l11,44,0.0005,0.22496627575971864,0.7809600234031677,0.9865935496420208,0.7594588122605364,2.226108273619684,0.1531153514445599,1.1839772462844849,0.887200653553009
h64_wd0.001_s0,l11,45,0.0005,0.22899444875392047,0.7236533164978027,0.9929750798626438,0.7642480842911878,2.5306470178930933,0.14968759784303937,1.1959748268127441,0.914063572883606
h64_wd0.001_s0,l11,46,0.0005,0.22640470415353775,0.7842826843261719,0.9948453993880315,0.752155172413793,2.561211166136837,0.1639648891781418,1.2070395946502686,0.9389237761497498
h64_wd0.001_s0,l11,47,0.0005,0.2543413137847727,0.7433981895446777,0.9907830653788894,0.7556273946360154,2.742819511735593,0.2103454389444449,1.2202377319335938,0.9510580897331238
h64_wd0.001_s0,l11,48,0.0005,0.21993471343408932,0.6893515586853027,0.9882843184929714,0.7611350574712643,2.6875154876374685,0.16487451607096465,1.2325626611709595,0.972254753112793
h64_wd0.001_s0,l11,49,0.0005,0.23855110799724405,0.7994740605354309,0.9962892860616308,0.7582614942528735,2.382941627126424,0.1468110696537613,1.2434425354003906,1.000656247138977
h64_wd0.001_s0,l11,50,0.0005,0.2523958398537202,0.707598090171814,0.9912693484554902,0.7713122605363985,3.105834295161605,0.16005954125192307,1.254784107208252,1.023208737373352
h64_wd0.001_s0,l11,51,0.0005,0.2642236040397124,0.6569802761077881,0.9913104954850487,0.7545498084291188,3.009246146912879,0.17212627405747796,1.266936182975769,1.0393404960632324
h64_wd0.001_s0,l11,52,0.0005,0.22872120887041092,0.7542969584465027,0.992406502726926,0.7709530651340997,2.3894508490486657,0.14618382235875454,1.2786247730255127,1.064993977546692
h64_wd0.001_s0,l11,53,0.0005,0.2194506021385843,0.7547549605369568,0.9958104842631315,0.7573036398467432,2.7850651919575764,0.13588487585991546,1.2889190912246704,1.0903526544570923
h64_wd0.001_s0,l11,54,0.0005,0.2782024619254199,0.6564581394195557,0.994635923601188,0.7697557471264368,3.5052631366979017,0.18832935836551828,1.3005588054656982,1.110337257385254
h64_wd0.001_s0,l12,1,0.0005,0.7044300707903776,0.6887301802635193,0.6436675261641134,0.6012099213551119,0.4371361810771535,0.22802903515462278,0.20842444896697998,0.02209359034895897
h64_wd0.001_s0,l12,2,0.0005,0.6884184046225115,0.6846977472305298,0.7315258607614136,0.6408953418027828,0.3589447718305768,0.24061139569967824,0.24837522208690643,0.025453435257077217
h64_wd0.001_s0,l12,3,0.0005,0.6804193718866869,0.6786662340164185,0.7442135598361899,0.6458560193587416,0.416232445096462,0.25389932483242184,0.2838934659957886,0.030367592349648476
h64_wd0.001_s0,l12,4,0.0005,0.6638073921203613,0.6763104200363159,0.7582587592901563,0.6526315789473683,0.4796139340355424,0.2792195284315355,0.31795835494995117,0.048814836889505386
h64_wd0.001_s0,l12,5,0.0005,0.6594978977333416,0.6649302244186401,0.747049901410587,0.6381125226860254,0.5577550299619631,0.31776200624280965,0.34962454438209534,0.07002279162406921
h64_wd0.001_s0,l12,6,0.0005,0.6337441476908597,0.6636191010475159,0.7738889731533445,0.6664246823956443,0.47464805863191245,0.20410810829306217,0.38559862971305847,0.09584144502878189
h64_wd0.001_s0,l12,7,0.0005,0.6274456896565177,0.6535212993621826,0.7787881086000304,0.6600120992135511,0.5567833713367656,0.21175886263983038,0.4183354377746582,0.11852572858333588
h64_wd0.001_s0,l12,8,0.0005,0.610759511590004,0.6437575817108154,0.7961019262854543,0.6716273442226255,0.6284711981981387,0.2520502560101598,0.44936880469322205,0.14528785645961761
h64_wd0.001_s0,l12,9,0.0005,0.594566824761304,0.6613576412200928,0.7970347338085848,0.6627949183303086,0.8740843025743974,0.2696733706777231,0.47757893800735474,0.16888676583766937
h64_wd0.001_s0,l12,10,0.0005,0.5838898284868761,0.6485260128974915,0.8245335962384347,0.687719298245614,0.8513447036646915,0.2684152639144113,0.5047113299369812,0.19469648599624634
h64_wd0.001_s0,l12,11,0.0005,0.5648274977098812,0.6354526877403259,0.8298953435461854,0.6859044162129462,0.8582154564605847,0.28183440643528157,0.5421721935272217,0.2208537757396698
h64_wd0.001_s0,l12,12,0.0005,0.5646778588945215,0.6280707716941833,0.8414833914758076,0.6917120387174833,0.8994443580204564,0.2576652987158932,0.569355309009552,0.24881228804588318
h64_wd0.001_s0,l12,13,0.0005,0.5452439947561785,0.6243573427200317,0.8511679053541635,0.7012704174228673,0.8606076414709313,0.18772533841235628,0.5900845527648926,0.282458633184433
h64_wd0.001_s0,l12,14,0.0005,0.5565364564006979,0.627098560333252,0.8593508266343092,0.7029643073200242,1.3192464819859673,0.302532244376026,0.6092584729194641,0.29627418518066406
h64_wd0.001_s0,l12,15,0.0005,0.5128251259977167,0.6276443004608154,0.869164265129683,0.7139745916515426,0.9490069503946674,0.19952514668057508,0.631553053855896,0.32131287455558777
h64_wd0.001_s0,l12,16,0.0005,0.5134700238704681,0.6469720005989075,0.8795692401031396,0.7153055051421658,1.0119329358132347,0.19836660200422837,0.6542530059814453,0.3539860248565674
h64_wd0.001_s0,l12,17,0.0005,0.499934430826794,0.650007963180542,0.8807902320643107,0.7075620084694494,1.3376603776586649,0.2277175701573956,0.6749411821365356,0.390642911195755
h64_wd0.001_s0,l12,18,0.0005,0.4960112842646512,0.6144795417785645,0.9017366904292432,0.7274047186932849,1.4420264512228493,0.2376385582674108,0.6920211911201477,0.4133255183696747
h64_wd0.001_s0,l12,19,0.0005,0.48332084579901263,0.6168888807296753,0.9062263006218716,0.7280096793708409,1.2732826125534606,0.19782340412968713,0.7120276689529419,0.4416922330856323
h64_wd0.001_s0,l12,20,0.0005,0.4680921895937486,0.6202767491340637,0.9121871682087062,0.7317604355716877,1.4733108086787468,0.17414636632516764,0.728252112865448,0.4701189696788788
h64_wd0.001_s0,l12,21,0.0005,0.44539212909611786,0.626930832862854,0.9069695131199758,0.7317604355716878,1.0498826332432616,0.16384282750548243,0.7496342062950134,0.5118390917778015
h64_wd0.001_s0,l12,22,0.0005,0.4658927050503818,0.6359483003616333,0.9133095707568633,0.7333333333333333,1.49095761358959,0.1743489352636745,0.7656251788139343,0.5491251945495605
h64_wd0.001_s0,l12,23,0.0005,0.5084176104177128,0.6182137727737427,0.9016456848172303,0.7214761040532366,1.7897295964148008,0.22125558907282972,0.7823505997657776,0.5667172074317932
h64_wd0.001_s0,l12,24,0.0005,0.49685297770933673,0.6230971813201904,0.9225238889731533,0.7274047186932848,1.4952363768720616,0.1804515005471645,0.8001450896263123,0.5985416173934937
h64_wd0.001_s0,l12,25,0.0005,0.43180136247114703,0.6186844706535339,0.9314121037463976,0.7315184513006654,1.3908759513944622,0.144561200386497,0.816185474395752,0.6367347240447998
h64_wd0.001_s0,l12,26,0.0005,0.4274034418843009,0.6251891255378723,0.9364174124070984,0.7242589231699939,1.7617197418502313,0.1665187327792469,0.8277506828308105,0.6649601459503174
h64_wd0.001_s0,l12,27,0.0005,0.43085170875896106,0.6211977005004883,0.9313741847413924,0.735632183908046,1.7875574465079198,0.1689886723893503,0.8407313823699951,0.6925632953643799
h64_wd0.001_s0,l12,28,0.0005,0.42184568399732764,0.650505006313324,0.9368610647656606,0.7297035692679976,1.4867367247915781,0.16156811857742992,0.8546636700630188,0.7280603051185608
h64_wd0.001_s0,l12,29,0.0005,0.4053280069069429,0.6382020115852356,0.9391968754739876,0.7292800967937083,1.7933819715509285,0.15423181920847717,0.8665852546691895,0.7487844824790955
h64_wd0.001_s0,l12,30,0.0005,0.4008918621323325,0.6152637004852295,0.9474215076596391,0.7309134906231095,1.8641631056228882,0.15584757300387828,0.8801133632659912,0.7721904516220093
h64_wd0.001_s0,l12,31,0.0005,0.40076700259338727,0.6425791382789612,0.9422190201729106,0.7313974591651542,1.9202139783381897,0.14151726871218767,0.8922476768493652,0.8002409338951111
h64_wd0.001_s0,l12,32,0.0005,0.36851750720630994,0.6653487086296082,0.9597679356893675,0.7399879007864489,1.9413581845885455,0.15020486931698088,0.907198965549469,0.8371996283531189
h64_wd0.001_s0,l12,33,0.0005,0.3684934973716736,0.6816580891609192,0.958236007887153,0.736237144585602,1.8206031351929226,0.12988272445733806,0.9186867475509644,0.8701260089874268
h64_wd0.001_s0,l12,34,0.0005,0.3307867781682448,0.6782363057136536,0.9629682997118155,0.7358741681790684,1.7898032111463342,0.12488435615656666,0.9300103783607483,0.9009321928024292
h64_wd0.001_s0,l12,35,0.0005,0.34643093970688904,0.6485389471054077,0.9567457909904444,0.7476104053236539,2.529169908262581,0.16063923718566092,0.9416012167930603,0.9280484318733215
h64_wd0.001_s0,l12,36,0.0005,0.35010776262391696,0.6889881491661072,0.966813286819354,0.7374470659407139,1.8686246126651007,0.12781178582407543,0.9537039399147034,0.9605988264083862
h64_wd0.001_s0,l12,37,0.0005,0.3014012710614638,0.6736671328544617,0.9760048536326408,0.736842105263158,2.1707487650924606,0.12564368309181806,0.9650909900665283,0.9875652194023132
h64_wd0.001_s0,l12,38,0.0005,0.31476839970458637,0.6612380146980286,0.9762323676626725,0.7441016333938293,1.983647203243501,0.11597830911611391,0.9756300449371338,1.024683952331543
h64_wd0.001_s0,l12,39,0.0005,0.2931871624155478,0.6876146793365479,0.9653875322311541,0.743254688445251,1.9132720639561072,0.1119343354437075,0.9868029356002808,1.060938835144043
h64_wd0.001_s0,l12,40,0.0005,0.3593323691324754,0.6346935033798218,0.973528742605794,0.7482153660012099,2.7958768782532624,0.1548527169938654,1.000531792640686,1.0811097621917725
h64_wd0.001_s0,l12,41,0.0005,0.3324603553522717,0.6754809617996216,0.9753753981495525,0.7454325468844525,2.0806229051922607,0.11983997932647915,1.0115830898284912,1.1174900531768799
h64_wd0.001_s0,l12,42,0.0005,0.32528412342071533,0.6694669723510742,0.9749734566964963,0.7425287356321838,2.646608009313338,0.13522299474521413,1.0231850147247314,1.1466007232666016
h64_wd0.001_s0,l12,43,0.0005,0.3229594718326222,0.6981719732284546,0.9798801759441833,0.7414398064125832,2.2399921577740014,0.11453006480132982,1.0339958667755127,1.1792930364608765
h64_wd0.001_s0,l12,44,0.0005,0.26412787017497147,0.8128277063369751,0.9836114060367056,0.7398669086509376,2.144100969223669,0.11539264282915326,1.0434067249298096,1.211084008216858
h64_wd0.001_s0,l12,45,0.0005,0.2955879047513008,0.7047098875045776,0.9840664340967693,0.7381730187537809,2.3581409647652767,0.11316259462382053,1.0532615184783936,1.240109920501709
h64_wd0.001_s0,l12,46,0.0005,0.26229799403385684,0.7501497268676758,0.9853367207644471,0.7386569872958259,2.6023188306089264,0.11201447796041339,1.0629525184631348,1.2746608257293701
h64_wd0.001_s0,l12,47,0.0005,0.25730183788321237,0.7029793858528137,0.9884650386773851,0.7340592861464005,2.667949215046861,0.10107712626739494,1.0745266675949097,1.3096809387207031
h64_wd0.001_s0,l12,48,0.0005,0.2473436329852451,0.7756797075271606,0.9910511148187471,0.7366001209921355,2.6551886868564067,0.11012083334191537,1.0832009315490723,1.3406411409378052
h64_wd0.001_s0,l12,49,0.0005,0.27948087047446857,0.6520022749900818,0.9878962536023055,0.736055656382335,3.240790426534946,0.13369752722367456,1.094393014907837,1.3563838005065918
h64_wd0.001_s0,l12,50,0.0005,0.3012539798563177,0.7522275447845459,0.9880365539208251,0.7376890502117361,3.153178239725344,0.10782258451370405,1.1026809215545654,1.378179669380188
h64_wd0.001_s0,l12,51,0.0005,0.24833372641693463,0.7312350273132324,0.9887304717124223,0.7411978221415608,2.926077958948522,0.11146613167226453,1.1101974248886108,1.4029544591903687
h64_wd0.001_s0,l12,52,0.0005,0.235693499784578,0.8118425011634827,0.9916198998938268,0.7408348457350272,2.5840767957821273,0.08733267448773041,1.1181751489639282,1.4339193105697632
h64_wd0.001_s0,l12,53,0.0005,0.22844375737688757,0.7713223099708557,0.9917412407098438,0.745674531155475,2.737773335971627,0.09132968422330691,1.1252667903900146,1.4626562595367432
h64_wd0.001_s0,l12,54,0.0005,0.28094044734131207,0.7489978075027466,0.9931063248900349,0.7467634603750756,3.052515254531681,0.10095908576609647,1.1327039003372192,1.4902790784835815
h64_wd0.001_s0,l12,55,0.0005,0.2333556731993502,0.8145110011100769,0.9929963597755195,0.7453115547489413,2.5964588245494093,0.08665565091916269,1.1399050951004028,1.5255346298217773
h64_wd0.001_s0,l12,56,0.0005,0.24392235346815802,0.748435914516449,0.9926816320339754,0.7450695704779189,3.133675816770839,0.08601985913357621,1.1475770473480225,1.557120442390442
h64_wd0.001_s0,l12,57,0.0005,0.2505349076607011,0.8620093464851379,0.9921735173669043,0.7265577737447065,2.7462730232052808,0.09407108709029818,1.1556897163391113,1.589316725730896
h64_wd0.001_s0,l12,58,0.0005,0.2259773730554364,0.8619452714920044,0.98907174275747,0.7276467029643071,3.668759904844251,0.10804127661080903,1.163533091545105,1.6100351810455322
h64_wd0.001_s0,l12,59,0.0005,0.22335683114149354,0.8806512951850891,0.9929660245715153,0.7334543254688446,3.491600969216346,0.0941387589862678,1.1699093580245972,1.6321594715118408
h64_wd0.001_s0,l12,60,0.0005,0.18193263865330003,0.9966518878936768,0.9931366600940391,0.7340592861464005,2.6612243929635757,0.07396597197417785,1.1754058599472046,1.6588096618652344
h64_wd0.001_s0,l13,1,0.0005,0.6985259056091309,0.6866386532783508,0.6889253408077463,0.5762411347517731,0.6769887557802096,0.2651972148752363,0.20735229551792145,0.019578808918595314
h64_wd0.001_s0,l13,2,0.0005,0.6843434409661726,0.6789564490318298,0.7341619951586189,0.6256332320162107,0.6471578344613063,0.27517717677802506,0.2538643479347229,0.027362259104847908
h64_wd0.001_s0,l13,3,0.0005,0.6904610612175681,0.680470883846283,0.7313829787234042,0.6244934143870314,0.6319053020041351,0.3483906614538463,0.28319647908210754,0.033321574330329895
h64_wd0.001_s0,l13,4,0.0005,0.6606764468279752,0.6772451400756836,0.752420690533826,0.6395643363728469,0.47322293663949605,0.2306544187958492,0.30956289172172546,0.035382114350795746
h64_wd0.001_s0,l13,5,0.0005,0.6420627371831373,0.7033081650733948,0.7564020894381449,0.6442502532928065,0.5660990219862633,0.23901770213429965,0.3477732837200165,0.04715157672762871
h64_wd0.001_s0,l13,6,0.0005,0.6386810486966913,0.6540053486824036,0.7717543636131993,0.6628672745694023,0.6205678831788217,0.23772893802464334,0.37861475348472595,0.05866504833102226
h64_wd0.001_s0,l13,7,0.0005,0.6114939234473489,0.6434114575386047,0.7858166645432538,0.6745187436676798,0.7102446946097107,0.2502860343452157,0.4124826192855835,0.08274926245212555
h64_wd0.001_s0,l13,8,0.0005,0.5982491997155276,0.6503410339355469,0.8029446426296344,0.6842705167173252,0.7255707889220105,0.24377449321811484,0.44915083050727844,0.11158229410648346
h64_wd0.001_s0,l13,9,0.0005,0.6208387559110468,0.6344556212425232,0.8105809657281183,0.6914893617021276,0.9599500014586696,0.31941488555565,0.482101708650589,0.1195768192410469
h64_wd0.001_s0,l13,10,0.0005,0.5841799798336896,0.6274906992912292,0.8215377755128042,0.6985815602836879,0.7885090645040502,0.24706570909881542,0.5080072283744812,0.13632364571094513
h64_wd0.001_s0,l13,11,0.0005,0.5806343907659705,0.6834302544593811,0.8289272518792203,0.6855369807497467,0.9061813452797974,0.23623757663828499,0.5346102714538574,0.1600566953420639
h64_wd0.001_s0,l13,12,0.0005,0.5662905208089135,0.6241905689239502,0.842591412918843,0.711626139817629,0.9155764488564654,0.22770732457318177,0.5605036616325378,0.18184302747249603
h64_wd0.001_s0,l13,13,0.0005,0.5351203151724555,0.6132676005363464,0.854408204866862,0.718338399189463,0.9471100945652864,0.24968822100913227,0.5881626009941101,0.216648668050766
h64_wd0.001_s0,l13,14,0.0005,0.5402469418265603,0.6304187178611755,0.8709150847241687,0.7165653495440729,0.973752331740778,0.21295047008853876,0.6116036176681519,0.24214790761470795
h64_wd0.001_s0,l13,15,0.0005,0.5200372717597268,0.6087139248847961,0.8785354822270354,0.7293566362715299,1.1917291574727167,0.25003984035367416,0.6346438527107239,0.27198147773742676
h64_wd0.001_s0,l13,16,0.0005,0.5334633791988547,0.6098137497901917,0.8855347815008281,0.7261904761904763,1.3061182258203516,0.2591916387133801,0.6583817601203918,0.29231828451156616
h64_wd0.001_s0,l13,17,0.0005,0.5082699439742349,0.6160094738006592,0.8966428844438782,0.7244174265450861,1.1657534446833473,0.22791218898756035,0.6798306703567505,0.3230604827404022
h64_wd0.001_s0,l13,18,0.0005,0.48975542323155835,0.6474048495292664,0.8968738055803288,0.7263171225937183,1.2988699676488544,0.23314387764883093,0.6993539929389954,0.3582460880279541
h64_wd0.001_s0,l13,19,0.0005,0.4726019637151198,0.6285927295684814,0.9031962670403872,0.7316362715298885,1.3529514094907609,0.2185436815021062,0.7162609100341797,0.3865029513835907
h64_wd0.001_s0,l13,20,0.0005,0.4815750054337762,0.623998761177063,0.9101557523251369,0.7264437689969604,1.4565963403037734,0.21891369571267558,0.7352734208106995,0.41427838802337646
h64_wd0.001_s0,l13,21,0.0005,0.45461069724776526,0.604377806186676,0.9229838195948529,0.7417679837892603,1.4556111350566079,0.20457373809372517,0.7518577575683594,0.44587528705596924
h64_wd0.001_s0,l13,22,0.0005,0.4332437908107584,0.6914768218994141,0.9126719964326666,0.7327760891590679,1.568811774604771,0.190349729979548,0.768386960029602,0.480556845664978
h64_wd0.001_s0,l13,23,0.0005,0.472366448153149,0.601352870464325,0.9204994266785578,0.7508865248226951,1.5251761959855465,0.1953312688641005,0.7865484952926636,0.508387565612793
h64_wd0.001_s0,l13,24,0.0005,0.42347807640379126,0.6230347156524658,0.9207701618040515,0.7543059777102331,1.2891803055850906,0.1497014669387644,0.8020538091659546,0.5530799031257629
h64_wd0.001_s0,l13,25,0.0005,0.4255578287623145,0.7000373601913452,0.9271642884443877,0.749113475177305,1.584015250441418,0.18079171739089606,0.8164731860160828,0.5834709405899048
h64_wd0.001_s0,l13,26,0.0005,0.4349716170267625,0.7137632369995117,0.923421773474328,0.7424012158054711,2.1271108171603132,0.21322945703767981,0.8317601084709167,0.6100220084190369
h64_wd0.001_s0,l13,27,0.0005,0.42121241851286456,0.701697587966919,0.9358676264492293,0.7351823708206687,2.0171954273724855,0.18162973689475173,0.8471297025680542,0.6391145586967468
h64_wd0.001_s0,l13,28,0.0005,0.40559007091955707,0.6137131452560425,0.9475490508345012,0.7439209726443768,2.149378789986337,0.18543192824106003,0.8613308072090149,0.6661685705184937
h64_wd0.001_s0,l13,29,0.0005,0.39629856835712085,0.6488345861434937,0.9375796279780864,0.7524062816616008,1.8350936557105972,0.1716970586052093,0.8769848942756653,0.6983289122581482
h64_wd0.001_s0,l13,30,0.0005,0.39317499981685117,0.6523241400718689,0.9547593642502229,0.7374620060790273,1.8223909956097628,0.13964501979519564,0.891836941242218,0.7227281928062439
h64_wd0.001_s0,l13,31,0.0005,0.3664218485355377,0.6551955342292786,0.956045356096318,0.7387284701114487,1.7370984089475543,0.13519035358276943,0.9034795761108398,0.7532607316970825
h64_wd0.001_s0,l13,32,0.0005,0.3735954531214454,0.6698769330978394,0.9609584023442477,0.7454407294832825,2.2319644909777945,0.16626641434218975,0.914633572101593,0.7844058275222778
h64_wd0.001_s0,l13,33,0.0005,0.3551269905133681,0.6660973429679871,0.963482609249586,0.7426545086119555,2.2313727065701454,0.16325752185461193,0.9278592467308044,0.8135507702827454
h64_wd0.001_s0,l13,34,0.0005,0.34696545790542255,0.7476176619529724,0.9592941776022423,0.7418946301925025,2.4037228930185197,0.14512115676481796,0.9429284930229187,0.8429189324378967
h64_wd0.001_s0,l13,35,0.0005,0.344064323739572,0.6939871311187744,0.9667553191489362,0.7440476190476191,2.3436674161659545,0.1396561743199964,0.9543522596359253,0.8769568800926208
h64_wd0.001_s0,l13,36,0.0005,0.3336306688460437,0.735873281955719,0.9631521531405274,0.7494934143870314,2.006829783319766,0.13129640129363843,0.9649615287780762,0.9160357117652893
h64_wd0.001_s0,l13,37,0.0005,0.3115682960911231,0.6901798248291016,0.9725840871448592,0.7463272543059777,1.9917871883277094,0.12388319093196336,0.976650059223175,0.9514536261558533
h64_wd0.001_s0,l13,38,0.0005,0.2976840802214362,0.7609065771102905,0.9703306153650146,0.7401215805471124,2.140409384498346,0.1242399389282522,0.9884341359138489,0.9945001602172852
h64_wd0.001_s0,l13,39,0.0005,0.30371992696415295,0.7035362720489502,0.9737068416358772,0.7444275582573454,2.1418067010287585,0.12798631510988612,1.000291347503662,1.0263535976409912
h64_wd0.001_s0,l13,40,0.0005,0.2922554219310934,0.8265441060066223,0.9668349471270226,0.749240121580547,1.9027662937017338,0.09902356525730412,1.0120021104812622,1.061811089515686
h64_wd0.001_s0,l13,41,0.0005,0.30199659073894675,0.7504366636276245,0.9722974264237483,0.746580547112462,2.1150626823076135,0.11270521425856397,1.0248554944992065,1.0892330408096313
h64_wd0.001_s0,l13,42,0.0005,0.3485555960373445,0.7087419629096985,0.9761354949675118,0.7345491388044578,2.972173248895574,0.15205264721011888,1.038137435913086,1.1132702827453613
h64_wd0.001_s0,l13,43,0.0005,0.29438499496741727,0.7147451639175415,0.9763903044973882,0.7435410334346504,2.333315361640805,0.10617741909429247,1.0501582622528076,1.1402724981307983
h64_wd0.001_s0,l13,44,0.0005,0.28587903353300964,0.7289546728134155,0.9859894572557013,0.7384751773049645,2.665450053765082,0.1229868076634617,1.0611999034881592,1.1663826704025269
h64_wd0.001_s0,l14,1,0.0005,0.6997876063637112,0.695341944694519,0.5839655971273022,0.5820912634716808,0.5049842283584216,0.22465985294112992,0.22500628232955933,0.03258296847343445
h64_wd0.001_s0,l14,2,0.0005,0.6805788745050845,0.6940779089927673,0.6892954361172245,0.5804861270350837,0.33646246587344675,0.1921585152053093,0.2616526782512665,0.047340624034404755
h64_wd0.001_s0,l14,3,0.0005,0.6830617163492285,0.6793715357780457,0.7445630140159853,0.645952763127723,0.4637249426286964,0.3002462697116136,0.28966420888900757,0.05309036001563072
h64_wd0.001_s0,l14,4,0.0005,0.6663338101428488,0.6740870475769043,0.7428182555311016,0.6167163494611327,0.44051192909145304,0.2577632863461243,0.31673943996429443,0.060114018619060516
h64_wd0.001_s0,l14,5,0.0005,0.6505904534588689,0.6749404072761536,0.7667670566431137,0.647443246961706,0.4857858531411923,0.21691786775365382,0.34644362330436707,0.08133493363857269
h64_wd0.001_s0,l14,6,0.0005,0.6346133532731429,0.6631340980529785,0.7600993281593884,0.628525567530383,0.7169339941842775,0.3173748300834733,0.37672412395477295,0.10907983034849167
h64_wd0.001_s0,l14,7,0.0005,0.6230041954828345,0.6553193926811218,0.7830200973010542,0.6508828250401284,0.7493058349450202,0.2972456671987812,0.4024357497692108,0.1294572651386261
h64_wd0.001_s0,l14,8,0.0005,0.6173583994741025,0.6564878225326538,0.7908896096374376,0.6550103187342352,0.8192920997217967,0.24390229440174585,0.42470505833625793,0.13829509913921356
h64_wd0.001_s0,l14,9,0.0005,0.6080255715743356,0.6529902219772339,0.8117832734854626,0.6667048842008715,0.6981847743978821,0.2259773244879283,0.44875141978263855,0.16431483626365662
h64_wd0.001_s0,l14,10,0.0005,0.5854872244855632,0.6413912177085876,0.8122900498088729,0.6692272414583811,0.7312528342598789,0.21279059637901546,0.47001978754997253,0.1951453685760498
h64_wd0.001_s0,l14,11,0.0005,0.5785865913266721,0.6352435350418091,0.8317140623190084,0.6779408392570512,0.8519071640285312,0.20557432650105686,0.48860394954681396,0.22298450767993927
h64_wd0.001_s0,l14,12,0.0005,0.5684773403665294,0.630656361579895,0.8500086875941156,0.6887181839027746,1.0975747047830895,0.27102565170139437,0.5117132663726807,0.24681855738162994
h64_wd0.001_s0,l14,13,0.0005,0.564436481050823,0.6285529136657715,0.8470766245800997,0.6930749828021096,1.034645951690137,0.22689195822165917,0.5360645651817322,0.2722581923007965
h64_wd0.001_s0,l14,14,0.0005,0.5420469887878584,0.6401983499526978,0.8454042627128461,0.6898647099289154,1.0141562697154816,0.21054405140198856,0.5558523535728455,0.3005635440349579
h64_wd0.001_s0,l14,15,0.0005,0.5466944044050963,0.6380625367164612,0.8661458936638479,0.7049988534739738,0.9993305047050036,0.1875390615246185,0.5717464685440063,0.32772237062454224
h64_wd0.001_s0,l14,16,0.0005,0.5331531607586405,0.6236605048179626,0.8741240009266766,0.7045402430635175,1.1181612605341822,0.18928307576144465,0.5895083546638489,0.36124488711357117
h64_wd0.001_s0,l14,17,0.0005,0.5021646839121113,0.6205630898475647,0.884136453144909,0.706718642513185,1.2449656361979198,0.2087235030295171,0.6076051592826843,0.39427655935287476
h64_wd0.001_s0,l14,18,0.0005,0.4929574831672337,0.6226884722709656,0.892853005907564,0.7131391882595736,1.2283656732281807,0.16673711052549547,0.6239595413208008,0.4339730441570282
h64_wd0.001_s0,l14,19,0.0005,0.4870221498219863,0.6236417293548584,0.901728831229005,0.710960788809906,1.448615630647685,0.20630490072417484,0.6400359869003296,0.4712262451648712
h64_wd0.001_s0,l14,20,0.0005,0.4734145869379458,0.6283716559410095,0.9025324336846984,0.7226553542765422,1.3853030048720998,0.16854670827550636,0.6556505560874939,0.5057469010353088
h64_wd0.001_s0,l14,21,0.0005,0.4487466397492782,0.6411222219467163,0.915169263292019,0.7180692501719789,1.627979037735349,0.17395853649274545,0.6691904067993164,0.5384068489074707
h64_wd0.001_s0,l14,22,0.0005,0.444952297469844,0.6218927502632141,0.9275816633846866,0.7265535427654207,1.624946119065736,0.17971899165471172,0.6828746199607849,0.5736125111579895
h64_wd0.001_s0,l14,23,0.0005,0.45880464367244556,0.6341592073440552,0.9155638248581025,0.7274707635863334,1.5773006025197989,0.1455584257782829,0.698013186454773,0.6067146062850952
h64_wd0.001_s0,l14,24,0.0005,0.4467612595661827,0.6439660787582397,0.9272775975906405,0.72540701673928,1.7404866271634412,0.15356984588210376,0.7112129926681519,0.6396902203559875
h64_wd0.001_s0,l14,25,0.0005,0.4504896195038505,0.708808183670044,0.9384194370439013,0.7293052052281587,2.326117008234058,0.19838255127082913,0.7246394753456116,0.6700549721717834
h64_wd0.001_s0,l14,26,0.0005,0.4483129135940386,0.6794491410255432,0.943646472836789,0.7315982572804403,2.4455062430979866,0.17858803224619954,0.7379798889160156,0.682805597782135
h64_wd0.001_s0,l14,27,0.0005,0.4179537322210229,0.6304932832717896,0.9379199003822541,0.7361843613850035,1.9976361433712393,0.16653399192069032,0.7513006925582886,0.7043668627738953
h64_wd0.001_s0,l14,28,0.0005,0.4296126560024593,0.6998651027679443,0.9217682149889956,0.7203623022242605,2.0766573900780574,0.16869693830073038,0.7637102603912354,0.7291457056999207
h64_wd0.001_s0,l14,29,0.0005,0.4176559668520223,0.6257749795913696,0.9367615545001737,0.7194450814033478,2.1121761397818655,0.14994031578720798,0.7767453789710999,0.7618503570556641
h64_wd0.001_s0,l14,30,0.0005,0.4059608811917512,0.6490602493286133,0.9448916946600255,0.7295345104333868,2.088919764679359,0.1625064208474864,0.7881479859352112,0.7956463694572449
h64_wd0.001_s0,l14,31,0.0005,0.37366159778574237,0.6641950011253357,0.9517983319819298,0.7383627608346709,1.9521639847344678,0.13730110266860834,0.798029899597168,0.8253988027572632
h64_wd0.001_s0,l14,32,0.0005,0.36625039059182873,0.678194522857666,0.9480988648210357,0.7332033937170372,1.7615945750728326,0.10592782649325341,0.8077362775802612,0.8628199100494385
h64_wd0.001_s0,l14,33,0.0005,0.3587512166603752,0.6864290833473206,0.9585203579288775,0.7279293739967897,2.158510706850947,0.11868002268410036,0.8168153762817383,0.8947746157646179
h64_wd0.001_s0,l14,34,0.0005,0.33460685027682263,0.6626644730567932,0.9633021545233407,0.7317129098830543,2.017899126794376,0.12422431725405246,0.8251768946647644,0.9255547523498535
h64_wd0.001_s0,l14,35,0.0005,0.34595379622086236,0.6474277973175049,0.961325726862041,0.7197890392111901,2.1729794826754314,0.12682076620623695,0.8358756303787231,0.972589373588562
h64_wd0.001_s0,l14,36,0.0005,0.3428672124510226,0.7644665837287903,0.9551032375767403,0.7295345104333867,2.1718961523120224,0.12910030659713287,0.8467442989349365,1.016558051109314
h64_wd0.001_s0,l14,37,0.0005,0.32864090152408765,0.7037467956542969,0.9687861983088151,0.7302224260490712,2.5442123478918797,0.11511181046399645,0.8560539484024048,1.0491318702697754
h64_wd0.001_s0,l14,38,0.0005,0.306258244358975,0.726407527923584,0.9574959457894128,0.7173240082549873,2.4552204783408205,0.11480968118923363,0.8649598956108093,1.0853638648986816
h64_wd0.001_s0,l14,39,0.0005,0.3357492976862451,0.7371360063552856,0.9668387292945673,0.7244324696170603,2.823208257078638,0.1317651991853334,0.8742306232452393,1.110689401626587
h64_wd0.001_s0,l14,40,0.0005,0.3290284373190092,0.6657963991165161,0.9694631066836558,0.7362990139876175,2.505301394115353,0.11520800353604786,0.8837637901306152,1.136338233947754
h64_wd0.001_s0,l14,41,0.0005,0.3502624468958896,0.7137541174888611,0.9732856480945211,0.7022471910112359,3.098317922466292,0.12991282842698626,0.8925943374633789,1.1696325540542603
h64_wd0.001_s0,l14,42,0.0005,0.3225049804086271,0.7339761257171631,0.9521313564230279,0.7029351066269204,2.572833068283476,0.11451718540446025,0.9014378786087036,1.1995569467544556
h64_wd0.001_s0,l14,43,0.0005,0.30541238577469537,0.7495435476303101,0.9786429977991429,0.7071772529236414,2.3244942407197233,0.09433688560808608,0.9091464281082153,1.2324892282485962
h64_wd0.001_s0,l14,44,0.0005,0.3182233112013858,0.7624553442001343,0.9736005733812115,0.7184132079798212,3.1694546978459313,0.13363804295740406,0.9170067310333252,1.2502580881118774
h64_wd0.001_s0,l14,45,0.0005,0.2599186890799066,0.9503147602081299,0.9645473763465771,0.7213941756477872,2.5112528844296036,0.09600077894734474,0.9244992733001709,1.2748503684997559
h64_wd0.001_s0,l14,46,0.0005,0.29286049695118616,0.7960147261619568,0.9677038688752462,0.7250630589314376,2.8901088792014873,0.1082892845581668,0.9323990345001221,1.3011606931686401
h64_wd0.001_s0,l14,47,0.0005,0.3298187657542851,0.7289661169052124,0.974483812116298,0.7223113964687,3.0149786626156505,0.1161897995044761,0.9404416680335999,1.3240777254104614
h64_wd0.001_s0,l14,48,0.0005,0.29375283873599506,0.9393280148506165,0.9763154465423375,0.7248337537262095,2.9380349792679583,0.09400239856635646,0.9478679895401001,1.347702145576477
h64_wd0.001_s0,l14,49,0.0005,0.25016642199910205,0.7615644335746765,0.9770213135642303,0.7117633570282046,2.844984510871645,0.08987210584030197,0.9543682336807251,1.3683655261993408
h64_wd0.001_s0,l14,50,0.0005,0.2565295443586681,0.7952849864959717,0.9841523804007877,0.7163494611327675,2.679226000008518,0.09807882987600715,0.9614105224609375,1.3956977128982544
h64_wd0.001_s0,l14,51,0.0005,0.24888974622539853,0.841158926486969,0.9830483319819298,0.7311396468699839,2.882974294904456,0.08585291722114989,0.9679654240608215,1.4272193908691406
h64_wd0.001_s0,l15,1,0.0005,0.7049104088828677,0.6870166659355164,0.6872516442861059,0.5986449864498645,0.6183570512626653,0.20096581892113993,0.19541849195957184,0.0288928784430027
h64_wd0.001_s0,l15,2,0.0005,0.6896429374104455,0.6811447739601135,0.7463346122225268,0.6848238482384824,0.5180966598231345,0.23184157221466162,0.23463253676891327,0.03375745564699173
h64_wd0.001_s0,l15,3,0.0005,0.6729156999360948,0.671596109867096,0.7480131542888464,0.6806233062330623,0.4599868412487413,0.18243202813802528,0.25814858078956604,0.03437013551592827
h64_wd0.001_s0,l15,4,0.0005,0.6650330452691942,0.6654006838798523,0.7570995478213208,0.685230352303523,0.5368447023081004,0.21874381251699382,0.28888773918151855,0.04504458233714104
h64_wd0.001_s0,l15,5,0.0005,0.6431334330922082,0.6481720209121704,0.7680528912030694,0.6970189701897019,0.6189014936191867,0.24658560996710555,0.3179917335510254,0.06374194473028183
h64_wd0.001_s0,l15,6,0.0005,0.6516526965867906,0.6763413548469543,0.7497859002466429,0.6792682926829268,0.9032425787636907,0.29045235037337197,0.3498835265636444,0.07998921722173691
h64_wd0.001_s0,l15,7,0.0005,0.6405553789365859,0.6452363729476929,0.7883666758015895,0.7121951219512196,0.7359389016899079,0.259369085975213,0.3820439577102661,0.08880019187927246
h64_wd0.001_s0,l15,8,0.0005,0.621859746319907,0.6379671096801758,0.7906532611674431,0.7073170731707318,0.7993049963712328,0.2548882137684654,0.41510576009750366,0.10777207463979721
h64_wd0.001_s0,l15,9,0.0005,0.6142620302381969,0.6378297805786133,0.7932909701288025,0.7052845528455284,0.9261669106599354,0.34633099204559337,0.4452112019062042,0.13013938069343567
h64_wd0.001_s0,l15,10,0.0005,0.5980296844527835,0.6269727945327759,0.8138616744313512,0.7231707317073172,0.8374210264603938,0.22447117069553824,0.47056254744529724,0.15271838009357452
h64_wd0.001_s0,l15,11,0.0005,0.576913221960976,0.6106252670288086,0.8364620443957249,0.7304878048780489,0.9889327328199232,0.2751909133613063,0.49512162804603577,0.18783673644065857
h64_wd0.001_s0,l15,12,0.0005,0.5625478795596531,0.6167972683906555,0.8506953959989039,0.7303523035230353,1.1433070100576952,0.2749150858602204,0.5219904780387878,0.2268660068511963
h64_wd0.001_s0,l15,13,0.0005,0.5941402968906221,0.610008955001831,0.8513890791997807,0.7369918699186994,1.1398331710124954,0.25908096468213176,0.5529173016548157,0.24020570516586304
h64_wd0.001_s0,l15,14,0.0005,0.5422730914184025,0.6067314147949219,0.8621454508084406,0.739430894308943,1.0462143533448465,0.24508163997322346,0.5753524303436279,0.273603230714798
h64_wd0.001_s0,l15,15,0.0005,0.5243612244015649,0.6302355527877808,0.8705638531104413,0.7361788617886178,1.284645857896015,0.23022436116527298,0.5972471833229065,0.31575807929039
h64_wd0.001_s0,l15,16,0.0005,0.50908919885045,0.7019890546798706,0.8872550698821595,0.746070460704607,1.4116474555350098,0.2449320464348101,0.6165768504142761,0.34390607476234436
h64_wd0.001_s0,l15,17,0.0005,0.5427979869501931,0.5994260907173157,0.884703000822143,0.7444444444444445,1.4809928919859605,0.2732413461144448,0.6389988660812378,0.35498854517936707
h64_wd0.001_s0,l15,18,0.0005,0.49240079805964515,0.5989322066307068,0.8948085091805973,0.749051490514905,1.4153429057608127,0.2562605571851118,0.6564938426017761,0.3865419626235962
h64_wd0.001_s0,l15,19,0.0005,0.4869910946914128,0.6170362234115601,0.9049654014798575,0.7394308943089432,1.3377799976059588,0.20363603790733292,0.6735307574272156,0.40709221363067627
h64_wd0.001_s0,l15,20,0.0005,0.4627937518414997,0.6088937520980835,0.9045628939435463,0.749728997289973,1.5799106041765132,0.2223967327404661,0.6914992928504944,0.43684837222099304
h64_wd0.001_s0,l15,21,0.0005,0.4440355414435977,0.5960978865623474,0.9173232392436284,0.7559620596205963,1.4626014604446955,0.19253197914663822,0.7071604132652283,0.4716527462005615
h64_wd0.001_s0,l15,22,0.0005,0.4351346223127274,0.5934427976608276,0.9323102219786243,0.7462059620596206,1.4465639869636813,0.17099576558756513,0.7231229543685913,0.5030335783958435
h64_wd0.001_s0,l15,23,0.0005,0.4230222673643203,0.5982825756072998,0.9337832282817209,0.756910569105691,1.7724368866560207,0.1850416983470944,0.7405514717102051,0.5428588390350342
h64_wd0.001_s0,l15,24,0.0005,0.4151994777577264,0.6759374737739563,0.9326013976431899,0.7494579945799458,1.9337142260282636,0.20244419797217564,0.7584943175315857,0.5816746354103088
h64_wd0.001_s0,l15,25,0.0005,0.3999818889867692,0.603303074836731,0.9402319128528364,0.7586720867208672,1.6482745698089984,0.1595427663430849,0.7751280665397644,0.6157467365264893
h64_wd0.001_s0,l15,26,0.0005,0.409832721664792,0.6466817259788513,0.9390757741847081,0.749728997289973,1.837021613610016,0.1822471597244312,0.7931628823280334,0.6524665951728821
h64_wd0.001_s0,l15,27,0.0005,0.3969446945758093,0.6274526715278625,0.9406172924088791,0.7525745257452574,1.6539518593412534,0.16281164935396347,0.8094523549079895,0.6871982216835022
h64_wd0.001_s0,l15,28,0.0005,0.3539965379805792,0.6257884502410889,0.9529066182515757,0.7494579945799458,1.6791954764626047,0.14311850863937317,0.8239379525184631,0.7293025255203247
h64_wd0.001_s0,l15,29,0.0005,0.3467741111914317,0.6639110445976257,0.9506628528363935,0.7523035230352304,1.890360991050414,0.14258724375275897,0.8381503820419312,0.7713290452957153
h64_wd0.001_s0,l15,30,0.0005,0.37423335086731685,0.6549064517021179,0.9602630857769252,0.7537940379403795,2.340790900085057,0.15986053762180455,0.8528786897659302,0.8047720789909363
h64_wd0.001_s0,l15,31,0.0005,0.33543905757722403,0.6176954507827759,0.956212318443409,0.7494579945799458,1.9028861623547813,0.13142123641644238,0.8693196773529053,0.8433815240859985
h64_wd0.001_s0,l15,32,0.0005,0.3600854277610779,0.7361130118370056,0.971139353247465,0.7407859078590785,2.42449524218174,0.1607456007355995,0.8875899314880371,0.8793794512748718
h64_wd0.001_s0,l15,33,0.0005,0.35147350529829663,0.6591519117355347,0.968296108522883,0.7570460704607046,2.1581083590269277,0.14415977771774616,0.9064099192619324,0.9152659773826599
h64_wd0.001_s0,l15,34,0.0005,0.356293648481369,0.7279577851295471,0.9701288024116195,0.7551490514905148,2.647593427286213,0.1735305170231905,0.9215418100357056,0.9489222764968872
h64_wd0.001_s0,l15,35,0.0005,0.36927041979063124,0.643703281879425,0.9688356399013429,0.7317073170731707,3.0231206097452947,0.17341320782206882,0.9340257048606873,0.9697821140289307
h64_wd0.001_s0,l15,36,0.0005,0.3571353909515199,0.6425815224647522,0.9762691833379007,0.7486449864498645,2.2726830548806034,0.13226575620617295,0.946189820766449,0.9946883320808411
h64_wd0.001_s0,l15,37,0.0005,0.3682167416527158,0.7069010734558105,0.969358043299534,0.718089430894309,2.770786142137825,0.16387853700166483,0.9561910033226013,1.0254594087600708
h64_wd0.001_s0,l15,38,0.0005,0.40192619817597525,0.6191341280937195,0.9636629898602356,0.7482384823848237,2.401016168055883,0.15184013140179195,0.9699493050575256,1.0336908102035522
h64_wd0.001_s0,l15,39,0.0005,0.3397438597111475,0.6711599826812744,0.9738969580707043,0.7304878048780488,2.0445893606253813,0.13226161706794046,0.9812986254692078,1.0674010515213013
h64_wd0.001_s0,l15,40,0.0005,0.3327567804427374,0.7463511228561401,0.9744279254590299,0.7249322493224932,2.923277685955126,0.1814950212152788,0.9932832717895508,1.0960536003112793
h64_wd0.001_s0,l15,41,0.0005,0.35286886067617507,0.6658132076263428,0.9728007673335161,0.7445799457994579,2.2169826750825656,0.1209155471317935,1.0069516897201538,1.1192734241485596
h64_wd0.001_s0,l15,42,0.0005,0.30922092213517144,0.664383053779602,0.9815702932310223,0.7459349593495934,2.217771563028732,0.11398743643104249,1.017725944519043,1.1537420749664307
h64_wd0.001_s0,l15,43,0.0005,0.30769294074603487,0.6950622200965881,0.9772069402576047,0.7318428184281843,2.50068094519572,0.11391113792306425,1.0287302732467651,1.183922290802002
h64_wd0.001_s0,l15,44,0.0005,0.300057814234779,0.7226715087890625,0.9803884625924912,0.7405149051490514,2.6785271554372843,0.1257954427580679,1.0387120246887207,1.2110934257507324
h64_wd0.001_s0,l15,45,0.0005,0.2693509200499171,0.7249021530151367,0.9839168265278158,0.7432249322493224,2.2259257019964713,0.11395968467441622,1.0482125282287598,1.243324637413025
h64_wd0.001_s0,l16,1,0.0005,0.7114745689475018,0.6947475075721741,0.5355586949607615,0.5190777153558052,0.56801891250093,0.2977821416744603,0.21827355027198792,0.036041129380464554
h64_wd0.001_s0,l16,2,0.0005,0.6928865365360094,0.6893810033798218,0.6754635759140231,0.6169241573033708,0.4509659563619495,0.29465432365367533,0.24786673486232758,0.04571042209863663
h64_wd0.001_s0,l16,3,0.0005,0.6873420425083326,0.6861499547958374,0.7144801366874016,0.6539091760299626,0.3426613267084507,0.2174401555483014,0.2610604465007782,0.04300582408905029
h64_wd0.001_s0,l16,4,0.0005,0.6828593819037728,0.6821057200431824,0.7403974881471017,0.6814138576779026,0.26589457418663776,0.16692996495977147,0.2761978805065155,0.04046760872006416
h64_wd0.001_s0,l16,5,0.0005,0.6789075576740763,0.6810817122459412,0.7421874422148093,0.6676029962546817,0.3331836091843832,0.18472685867142286,0.2944963574409485,0.04340977966785431
h64_wd0.001_s0,l16,6,0.0005,0.6717931006265723,0.6785098314285278,0.7334003949733356,0.6705875468164795,0.45724735929631033,0.2560287162248661,0.3151012659072876,0.048715993762016296
h64_wd0.001_s0,l16,7,0.0005,0.6654210375702899,0.6658592820167542,0.7491845353885754,0.6846910112359551,0.2824698253897949,0.1162874372347431,0.3411829173564911,0.06014890596270561
h64_wd0.001_s0,l16,8,0.0005,0.6550847266031348,0.6571553349494934,0.7570396230741352,0.6831694756554307,0.5031461036658644,0.17396317843553194,0.3640836179256439,0.07701951265335083
h64_wd0.001_s0,l16,9,0.0005,0.6410316202951514,0.6643702387809753,0.7477791995502925,0.6618679775280899,0.5304151898478012,0.16991808957560958,0.38905224204063416,0.10187312960624695
h64_wd0.001_s0,l16,10,0.0005,0.633510955001997,0.6513961553573608,0.7801832853793298,0.68562734082397,0.6516175389683003,0.18560377648653326,0.41060206294059753,0.11756438761949539
h64_wd0.001_s0,l16,11,0.0005,0.6234007011289182,0.642052412033081,0.7794066524160682,0.695809925093633,0.5093869984615879,0.1545059497682095,0.4284777343273163,0.13783036172389984
h64_wd0.001_s0,l16,12,0.0005,0.6192916761273923,0.6502923965454102,0.8054423479463605,0.7111423220973783,0.6847734252850095,0.19567081320863602,0.44407349824905396,0.15718501806259155
h64_wd0.001_s0,l16,13,0.0005,0.6058916890102884,0.637423574924469,0.8179202508894295,0.7162921348314606,0.6755711772152467,0.17403046555691856,0.46186885237693787,0.184698224067688
h64_wd0.001_s0,l16,14,0.0005,0.5858523975247922,0.6257172226905823,0.8254720818940967,0.7205056179775281,0.7907409819621548,0.1639229555786783,0.4781816303730011,0.21721264719963074
h64_wd0.001_s0,l16,15,0.0005,0.5690857923549154,0.6303696036338806,0.8448879059756359,0.7176966292134831,0.8850782909714351,0.17652326156828427,0.49530941247940063,0.2562474012374878
h64_wd0.001_s0,l16,16,0.0005,0.5634023339852042,0.6182730197906494,0.8486971057478236,0.7359550561797753,0.948900908623078,0.18230188094683747,0.5121293663978577,0.2980863153934479
h64_wd0.001_s0,l16,17,0.0005,0.5621840331865393,0.6076973080635071,0.8556054408686455,0.7347846441947565,0.9184553095743601,0.1540237985889934,0.5273354649543762,0.3324865996837616
h64_wd0.001_s0,l16,18,0.0005,0.5751516974490621,0.6190118193626404,0.8637415957218618,0.7296348314606742,1.382594496272376,0.23490150896056686,0.5421827435493469,0.35167327523231506
h64_wd0.001_s0,l16,19,0.0005,0.5594674478406492,0.6066190600395203,0.8695182656676455,0.7406367041198502,1.1593554005514313,0.17115944947110834,0.556362509727478,0.3867737650871277
h64_wd0.001_s0,l16,20,0.0005,0.5202222233233245,0.6078307032585144,0.8758570699487421,0.7401685393258427,1.1567137744098253,0.1548813062409216,0.5689250230789185,0.4293960630893707
h64_wd0.001_s0,l16,21,0.0005,0.519702312738999,0.6001397371292114,0.8845701521460957,0.7457865168539327,1.0802778981455208,0.1319689061014302,0.5797849297523499,0.4643290042877197
h64_wd0.001_s0,l16,22,0.0005,0.520277878512507,0.6241258382797241,0.8923586712919475,0.7455524344569288,1.3885121422894495,0.14557801567018325,0.5911024212837219,0.49701011180877686
h64_wd0.001_s0,l16,23,0.0005,0.5101429897805919,0.6076864004135132,0.8931131147419729,0.7504681647940076,1.603949377974893,0.1786452207780522,0.6025585532188416,0.5254026055335999
h64_wd0.001_s0,l16,24,0.0005,0.4905329255954079,0.6094722151756287,0.8951767394729251,0.753686797752809,1.3371171099112547,0.1483538626536886,0.6126942038536072,0.5525037050247192
h64_wd0.001_s0,l16,25,0.0005,0.4751413581163987,0.5990886092185974,0.9027433634864163,0.7524578651685394,1.6009154464121973,0.14461529546457452,0.6233967542648315,0.5932454466819763
h64_wd0.001_s0,l16,26,0.0005,0.47320540573285974,0.634326159954071,0.9092153048469294,0.752808988764045,1.6005833393984923,0.15220878875414143,0.6323591470718384,0.6266233325004578
h64_wd0.001_s0,l16,27,0.0005,0.47096701938173047,0.6157690286636353,0.9149919747927131,0.7504681647940074,1.7648977878643486,0.14913077787088164,0.6429135799407959,0.6608542799949646
h64_wd0.001_s0,l16,28,0.0005,0.47061260627663654,0.6273228526115417,0.9179024992788408,0.7545646067415731,1.8620278913796913,0.13992092198458803,0.6527185440063477,0.6985815763473511
h64_wd0.001_s0,l16,29,0.0005,0.45299097118170367,0.6304947137832642,0.9345113499360203,0.7456694756554306,2.0711032984180804,0.16187281423017993,0.661544919013977,0.7236524224281311
h64_wd0.001_s0,l16,30,0.0005,0.4543986631476361,0.594128429889679,0.9350586912625093,0.7587780898876404,1.5241081028827086,0.13394877144000492,0.6725271940231323,0.7605695724487305
h64_wd0.001_s0,l16,31,0.0005,0.42533742344897724,0.6374977827072144,0.9282539072034557,0.764630149812734,1.7615952835810833,0.11861397038688003,0.6813977360725403,0.805152952671051
h64_wd0.001_s0,l16,32,0.0005,0.4744463990563932,0.6416140794754028,0.9459204579915532,0.7528089887640449,2.3941939136136243,0.16216567828098616,0.6901905536651611,0.8290868401527405
h64_wd0.001_s0,l16,33,0.0005,0.42044586461523303,0.6187435388565063,0.9392081302376496,0.7599485018726592,1.776679847017645,0.12279131408803626,0.6986772418022156,0.8675698041915894
h64_wd0.001_s0,l16,34,0.0005,0.42149714801622473,0.6784508228302002,0.9349810279661832,0.7636938202247191,2.078877709528598,0.13118092961188058,0.705312967300415,0.8984869718551636
h64_wd0.001_s0,l16,35,0.0005,0.419293233881826,0.638157844543457,0.9441415986804635,0.7722378277153559,2.5748241761132538,0.1399737923687583,0.713387668132782,0.9281237721443176
h64_wd0.001_s0,l16,36,0.0005,0.39371452124222467,0.6728697419166565,0.9509981582704015,0.7686095505617977,1.884165068046756,0.11625080503806616,0.7209270000457764,0.9688765406608582
h64_wd0.001_s0,l16,37,0.0005,0.37371957302093506,0.6145603656768799,0.9586202560669828,0.7670880149812734,1.9322130722773376,0.11163576147589435,0.7283410429954529,1.0062247514724731
h64_wd0.001_s0,l16,38,0.0005,0.359969534303831,0.6574965715408325,0.9514123625174743,0.7677317415730337,2.2252281847261157,0.11558645883398948,0.7354896068572998,1.0461761951446533
h64_wd0.001_s0,l16,39,0.0005,0.377947515119677,0.7057594656944275,0.941833889303915,0.7689606741573033,2.453961424377302,0.11290217540496898,0.7431020736694336,1.0850608348846436
h64_wd0.001_s0,l16,40,0.0005,0.3949442039365354,0.5971364974975586,0.9589715900265534,0.7677902621722847,2.567134187469031,0.12216065225673306,0.7507686614990234,1.1130484342575073
h64_wd0.001_s0,l16,41,0.0005,0.3968680475069129,0.6516798138618469,0.9689790604960096,0.7646301498127341,2.378211619548275,0.11993337226539097,0.7581032514572144,1.1425955295562744
h64_wd0.001_s0,l16,42,0.0005,0.3607926316883253,0.6547945737838745,0.9654361348826546,0.7602996254681648,2.2654215189139215,0.10442444746619407,0.7660329341888428,1.1816571950912476
h64_wd0.001_s0,l16,43,0.0005,0.3477218015038449,0.6616115570068359,0.9692379381504301,0.7675561797752809,2.369833516709452,0.11303729735298217,0.7726600766181946,1.2181296348571777
h64_wd0.001_s0,l16,44,0.0005,0.3368396635936654,0.6781296133995056,0.9689531727305675,0.7577247191011236,2.7696937955636316,0.09089310344295058,0.7791429162025452,1.2558448314666748
h64_wd0.001_s0,l16,45,0.0005,0.32578117368013965,0.7211174368858337,0.9642970732032041,0.7673220973782772,2.4357258723327773,0.08829626165448654,0.785426914691925,1.2918810844421387
h64_wd0.001_s0,l16,46,0.0005,0.31708334256773407,0.6950191259384155,0.9762165400631662,0.7650983146067416,2.5673489439505732,0.09615431362945726,0.7917218208312988,1.329611897468567
h64_wd0.001_s0,l16,47,0.0005,0.28897674964821857,0.6752795577049255,0.9782764665419124,0.7640449438202247,2.7398507160336947,0.08962159142625105,0.7983136177062988,1.3716397285461426
h64_wd0.001_s0,l16,48,0.0005,0.31796546215596405,0.7240433692932129,0.977655160171303,0.7679073033707865,2.9211354437145842,0.1007146756572251,0.8046419620513916,1.4087015390396118
h64_wd0.001_s0,l16,49,0.0005,0.28066080938214844,0.7414413094520569,0.981615988283937,0.7643960674157303,2.516528663596457,0.08422323723814612,0.8103017807006836,1.4447987079620361
h64_wd0.001_s0,l16,50,0.0005,0.29899217706659564,0.7058342099189758,0.9614937980310505,0.7559691011235956,3.0600525658126374,0.0985355414631119,0.8167935609817505,1.4843822717666626
h64_wd0.001_s0,l16,51,0.0005,0.32514541758143384,0.6697076559066772,0.9586942211111029,0.7480102996254682,3.3528518957343105,0.09461502769890694,0.8225666284561157,1.5078173875808716
h64_wd0.001_s0,l16,52,0.0005,0.32684714249942615,0.759164035320282,0.981627083040555,0.7522237827715357,3.45603614065573,0.10091982653537708,0.8293285369873047,1.5434609651565552
h64_wd0.001_s0,l16,53,0.0005,0.3378271097722261,0.7224076390266418,0.9798667149904955,0.7605337078651685,3.074181425747457,0.10570154904108289,0.8355189561843872,1.5613800287246704
h64_wd0.001_s0,l16,54,0.0005,0.3056847142136615,0.7403433918952942,0.9844007721950606,0.7474250936329588,3.2498217598211814,0.08397905934686543,0.84086674451828,1.584162712097168
h64_wd0.001_s0,l16,55,0.0005,0.29822062603805377,0.761716365814209,0.9827809377288292,0.7484199438202247,3.1800727980655172,0.08616466080424524,0.8465598225593567,1.6151695251464844
h64_wd0.001_s0,l17,1,0.0005,0.6963950801979412,0.6894823908805847,0.7266683240971681,0.6202824133504493,0.5502391787640211,0.2601530721426991,0.2156515121459961,0.030398089438676834
h64_wd0.001_s0,l17,2,0.0005,0.6781889579512856,0.6802477836608887,0.7413606435107586,0.6197689345314505,0.5800542230532808,0.34652182873315374,0.26176077127456665,0.03060113452374935
h64_wd0.001_s0,l17,3,0.0005,0.6669893942096017,0.6745989322662354,0.7485464067174054,0.6319640564826701,0.6959230171703633,0.3933201061326668,0.2868850529193878,0.02569587342441082
h64_wd0.001_s0,l17,4,0.0005,0.6563187729228627,0.6691347360610962,0.7486025454924574,0.6317073170731706,0.565755069200443,0.28218711338061075,0.31193140149116516,0.03158677741885185
h64_wd0.001_s0,l17,5,0.0005,0.6503040113232352,0.7082719802856445,0.7501664113689039,0.6295250320924262,0.7760927734569926,0.3333120153637348,0.3465544879436493,0.04995707422494888
h64_wd0.001_s0,l17,6,0.0005,0.6455495411699469,0.6655889749526978,0.7782919376699201,0.6528883183568677,0.7620125469797423,0.3938464316169645,0.37421873211860657,0.05542508512735367
h64_wd0.001_s0,l17,7,0.0005,0.6225775724107568,0.6546136140823364,0.7768884682936218,0.6465982028241335,0.7076752885805531,0.2417152837811055,0.4029093384742737,0.07775669544935226
h64_wd0.001_s0,l17,8,0.0005,0.6036709221926603,0.6525635719299316,0.7894555340802465,0.6569961489088575,0.695337711410638,0.22985043466623634,0.43070781230926514,0.10033878684043884
h64_wd0.001_s0,l17,9,0.0005,0.6150603294372559,0.6527716517448425,0.8099060878491631,0.6672657252888319,0.92657090030713,0.29183204644034855,0.4602586328983307,0.114922896027565
h64_wd0.001_s0,l17,10,0.0005,0.5930122909220782,0.6431176662445068,0.812512530976574,0.6711168164313223,0.8465456986235528,0.24832603613043897,0.4855722188949585,0.1356482356786728
h64_wd0.001_s0,l17,11,0.0005,0.5767673064361919,0.6396667957305908,0.828824855041663,0.679589216944801,0.8968623248142847,0.26999610571729005,0.5128843188285828,0.16691821813583374
h64_wd0.001_s0,l17,12,0.0005,0.5550438341769305,0.6316196918487549,0.8435251942802607,0.6884467265725288,0.8706522858351018,0.2083587341361942,0.5373583436012268,0.1943366974592209
h64_wd0.001_s0,l17,13,0.0005,0.547546389428052,0.6429193019866943,0.8504703627366851,0.6907573812580231,1.0730187058792866,0.2555427864462679,0.5625935196876526,0.22904996573925018
h64_wd0.001_s0,l17,14,0.0005,0.5569715256040747,0.6301902532577515,0.8647296115998748,0.6964056482670089,1.2926360974708915,0.2717356974536961,0.5833826065063477,0.2517669200897217
h64_wd0.001_s0,l17,15,0.0005,0.5276792713186957,0.6682481169700623,0.8658924862259506,0.7012836970474967,0.9560205647247376,0.22605360362569107,0.6075154542922974,0.2841128706932068
h64_wd0.001_s0,l17,16,0.0005,0.538407789035277,0.6279200315475464,0.8835280814172634,0.706418485237484,1.4120916936650048,0.2837871234057459,0.6305205821990967,0.2993612289428711
h64_wd0.001_s0,l17,17,0.0005,0.5084036507389762,0.6564047932624817,0.8840413502177383,0.7026957637997432,1.0996631054441077,0.22553565677853102,0.6495240330696106,0.3278617858886719
h64_wd0.001_s0,l17,18,0.0005,0.49548408118161286,0.6322031617164612,0.9011235774835393,0.7148908857509627,1.3879608933148933,0.22388635607343257,0.6660458445549011,0.35967519879341125
h64_wd0.001_s0,l17,19,0.0005,0.4631521173498847,0.6372260451316833,0.8929994947510246,0.7138639281129653,1.0799203297020326,0.18174300548897862,0.6853330135345459,0.40133997797966003
h64_wd0.001_s0,l17,20,0.0005,0.48223496025258844,0.6811470985412598,0.8975306958802157,0.7046213093709884,1.3343865765890555,0.1894948622306721,0.7009871006011963,0.42856496572494507
h64_wd0.001_s0,l17,21,0.0005,0.45835314149206335,0.638569176197052,0.9081088450650007,0.7092426187419769,1.4993895275470377,0.21885700260301313,0.7168735861778259,0.4574551582336426
h64_wd0.001_s0,l17,22,0.0005,0.482882329008796,0.6520074605941772,0.9136826234451564,0.7121951219512195,1.5018270747560265,0.2324784683411466,0.7321698069572449,0.4782285988330841
h64_wd0.001_s0,l17,23,0.0005,0.46993733129718085,0.6438822746276855,0.9181737254493108,0.7178433889602054,1.7180028593468923,0.23048856097006987,0.746453046798706,0.5000807642936707
h64_wd0.001_s0,l17,24,0.0005,0.4430568976835771,0.6408172249794006,0.9205796729515362,0.7188703465982028,1.5844718710116183,0.20214793989329063,0.760909378528595,0.5343239903450012
h64_wd0.001_s0,l17,25,0.0005,0.4257670451294292,0.6804222464561462,0.929489698534778,0.7192554557124519,1.6041137723669718,0.18504331050988745,0.7748241424560547,0.5597567558288574
h64_wd0.001_s0,l17,26,0.0005,0.45539678633213043,0.6439394950866699,0.9381511095427898,0.726444159178434,2.332227624110516,0.22728396340884782,0.790535569190979,0.5745020508766174
h64_wd0.001_s0,l17,27,0.0005,0.4219418310306289,0.6701427102088928,0.9272601871827156,0.7159178433889603,1.903551765278229,0.20341864358195585,0.8057287931442261,0.6004235744476318
h64_wd0.001_s0,l17,28,0.0005,0.399601238695058,0.6349916458129883,0.9379586337426118,0.7246469833119383,1.5191743862951697,0.16047950516188492,0.8188394904136658,0.6305127739906311
h64_wd0.001_s0,l17,29,0.0005,0.3975914269685745,0.6740640997886658,0.9324089148374781,0.7278562259306803,1.4896749797481768,0.1401236455054885,0.8317842483520508,0.6674146056175232
h64_wd0.001_s0,l17,30,0.0005,0.41228060153397644,0.7072611451148987,0.9487613380276042,0.7327342747111681,1.906169687138018,0.16083163331067873,0.8436280488967896,0.6883529424667358
h64_wd0.001_s0,l17,31,0.0005,0.37849063764918933,0.6797798871994019,0.9486250010024782,0.7218228498074455,2.0632188780810194,0.17050470450944918,0.8597251772880554,0.7145697474479675
h64_wd0.001_s0,l17,32,0.0005,0.34846868907863443,0.6999186873435974,0.9501808470539173,0.7211810012836971,1.6804062164268672,0.14360404572065155,0.8717038035392761,0.7472610473632812
h64_wd0.001_s0,l17,33,0.0005,0.34189428185874765,0.7082540392875671,0.950998869204674,0.7309370988446726,1.6595579631477086,0.12723027700121106,0.881422221660614,0.782911479473114
h64_wd0.001_s0,l17,34,0.0005,0.3476086699149825,0.671203076839447,0.965875644593435,0.7233632862644416,1.971376134137281,0.144354332091537,0.8924481868743896,0.8124075531959534
h64_wd0.001_s0,l17,35,0.0005,0.34086087346076965,0.7098158597946167,0.9646245518922778,0.7284980744544287,2.081234480417227,0.14241140437428323,0.9052376747131348,0.8478685617446899
h64_wd0.001_s0,l17,36,0.0005,0.37787672877311707,0.761302649974823,0.9599008749629083,0.7317073170731707,2.509523211033074,0.1562663826503511,0.9189684987068176,0.8696072697639465
h64_wd0.001_s0,l17,37,0.0005,0.39142353426326404,0.6718372702598572,0.9532845193317881,0.7270860077021822,2.405787268508521,0.17577529817180476,0.9363012313842773,0.8888533711433411
h64_wd0.001_s0,l17,38,0.0005,0.3516743697903373,0.7146999835968018,0.9695006054967881,0.7270860077021822,2.0270752334047866,0.13751869751016174,0.9479653239250183,0.9201046824455261
h64_wd0.001_s0,l17,39,0.0005,0.30521872165528213,0.7514849901199341,0.9692319413590396,0.7358151476251604,2.1427963425766685,0.12260777837873443,0.9558326005935669,0.9498445987701416
h64_wd0.001_s0,l17,40,0.0005,0.30472219396721234,0.7353505492210388,0.9754112165272554,0.7272143774069318,2.3458221090011038,0.12854886893637196,0.9645717740058899,0.9765955805778503
h64_wd0.001_s0,l17,41,0.0005,0.29270103912461887,0.7651814818382263,0.9744087384013281,0.724775353016688,2.5402966386974097,0.13425951672885203,0.9739264845848083,1.0075440406799316
h64_wd0.001_s0,l17,42,0.0005,0.3084958669814197,0.7735898494720459,0.9745049763014171,0.7323491655969191,2.1654638209711163,0.12607759018561696,0.9830259680747986,1.0396816730499268
h64_wd0.001_s0,l17,43,0.0005,0.2978272011334246,0.820740282535553,0.969211891796521,0.736842105263158,2.5174482621008916,0.13824754601223416,0.992199182510376,1.0731977224349976
h64_wd0.001_s0,l17,44,0.0005,0.326318657533689,0.7745867967605591,0.9603660248133385,0.7318356867779204,2.826299890247054,0.16021774245512788,1.002243161201477,1.0990478992462158
h64_wd0.001_s0,l17,45,0.0005,0.3334233340891925,0.7179960012435913,0.971128629973294,0.73594351732991,2.4870448502385893,0.12268104493321647,1.0119643211364746,1.125377893447876
h64_wd0.001_s0,l17,46,0.0005,0.2856519696387378,0.8353587985038757,0.9720108107241099,0.7351732991014119,2.2150140272683845,0.12277755704074235,1.0202120542526245,1.1554721593856812
h64_wd0.001_s0,l17,47,0.0005,0.2662741277705539,0.8394908905029297,0.9725320993495922,0.7317073170731708,2.203163775496231,0.11038749250506413,1.031233549118042,1.1908652782440186
h64_wd0.001_s0,l17,48,0.0005,0.2958068143237721,0.7653812766075134,0.9801429132816322,0.7358151476251604,2.893730928215496,0.12977213788106012,1.0396661758422852,1.2186716794967651
h64_wd0.001_s0,l17,49,0.0005,0.2898730662736026,0.7799890637397766,0.9792366730557939,0.7344030808729141,2.813474863914437,0.10975556685347733,1.0473945140838623,1.2390966415405273
h64_wd0.001_s0,l17,50,0.0005,0.2681436389684677,0.8154747486114502,0.981442124932834,0.7344030808729138,2.719950689372737,0.11519467410549572,1.0552927255630493,1.263316035270691
h64_wd0.001_s0,l17,51,0.0005,0.28482991592450574,0.763314962387085,0.9868434770753303,0.7234916559691912,3.155878976184619,0.1272494432985426,1.0625817775726318,1.2769092321395874
h64_wd0.001_s0,l17,52,0.0005,0.25736999985846604,0.9093591570854187,0.9843292619355046,0.7329910141206675,2.3434626834114916,0.09358046107410636,1.070435881614685,1.2950241565704346
h64_wd0.001_s0,l17,53,0.0005,0.2562179941345345,1.0419739484786987,0.9866870904876855,0.734403080872914,3.1036481412215298,0.11655513817436912,1.0771642923355103,1.3174469470977783
h64_wd0.001_s0,l17,54,0.0005,0.24087933315472168,0.885751485824585,0.9843212421104972,0.7374839537869063,2.4597622512830246,0.10503364728014572,1.0841577053070068,1.3340981006622314
h64_wd0.001_s0,l17,55,0.0005,0.23500568961555307,0.880153477191925,0.9872404584131974,0.7323491655969191,2.957054299580422,0.10541120852417044,1.0910472869873047,1.3608789443969727
h64_wd0.001_s0,l17,56,0.0005,0.2116712284359065,0.877906858921051,0.9906569038663577,0.7270860077021823,2.531357463503186,0.09199938477852529,1.0978378057479858,1.3903179168701172
h64_wd0.001_s0,l17,57,0.0005,0.22167881375009363,0.8595922589302063,0.9912022519668622,0.727214377406932,2.826845337878071,0.09519636677753454,1.1046208143234253,1.421729564666748
h64_wd0.001_s0,l17,58,0.0005,0.24525063078511844,0.8167485594749451,0.9931991883937092,0.7261874197689345,2.8887302482473483,0.09648279449424758,1.1167612075805664,1.4528899192810059
h64_wd0.001_s0,l17,59,0.0005,0.2723840068687092,0.8611751794815063,0.9894779895902672,0.7256739409499358,2.8391127198369897,0.10031135849947265,1.1260539293289185,1.4835671186447144
h64_wd0.001_s0,l17,60,0.0005,0.23150812766768716,0.8377648591995239,0.9907130426414096,0.7330551989730424,2.1630883347293532,0.0856692565196619,1.1330711841583252,1.5155876874923706
h64_wd0.001_s0,l17,61,0.0005,0.22623162818225948,0.7968404293060303,0.9907852210664764,0.727599486521181,3.1845864775804134,0.10503510476788797,1.1394180059432983,1.5525338649749756
h64_wd0.001_s0,l17,62,0.0005,0.2523681181059642,0.9129623770713806,0.987825905638739,0.7290115532734275,2.8906531221304963,0.09056994080523986,1.145901083946228,1.5875836610794067
h64_wd0.001_s0,l17,63,0.0005,0.22768768803639847,0.8602216243743896,0.9914989854921366,0.728369704749679,3.2111207176707466,0.09012879018106658,1.1521247625350952,1.6180919408798218
h64_wd0.001_s0,l17,64,0.0005,0.21666728231039914,0.9733563661575317,0.991948095692552,0.7227214377406932,3.1859541665207405,0.09430948283165953,1.157515287399292,1.649701476097107
h64_wd0.001_s0,l17,65,0.0005,0.20480549335479736,1.135543704032898,0.9895100688902969,0.7305519897304237,3.3128462453051934,0.08500569834960246,1.1630866527557373,1.6785799264907837
h64_wd0.001_s0,l17,66,0.0005,0.20572668754241683,0.9340991973876953,0.9913826980295289,0.7164313222079589,3.3132026036217215,0.09068979532686165,1.1684011220932007,1.6969707012176514
h64_wd0.001_s0,l17,67,0.0005,0.20090128820050845,1.0187700986862183,0.9855723348116545,0.723620025673941,2.56221467067771,0.07993943187763405,1.1757558584213257,1.7256602048873901
h64_wd0.001_s0,l17,68,0.0005,0.22544252601536838,0.9183406233787537,0.9863542677498777,0.7146341463414635,3.0890192745433036,0.07310568399927468,1.1818876266479492,1.746962308883667
h64_wd0.001_s0,l17,69,0.0005,0.20075657997619023,1.019898533821106,0.9932392875187463,0.7251604621309372,3.4989075902892837,0.07685792259931148,1.187688946723938,1.7696717977523804
h64_wd0.001_s0,l17,70,0.0005,0.21602071483026852,0.8967331647872925,0.9952121644705713,0.7222079589216944,2.7694781488739557,0.07457184231178786,1.1936665773391724,1.79377019405365
h64_wd0.001_s0,l17,71,0.0005,0.19661329822106796,0.9496777057647705,0.9927260187182716,0.7218228498074454,2.7154744602045686,0.07329409935802,1.1996289491653442,1.8257869482040405
h64_wd0.001_s0,l17,72,0.0005,0.19647787850011478,0.8958406448364258,0.9960462262713428,0.7268292682926829,2.8684138801522283,0.0744696255403874,1.2048606872558594,1.8554649353027344
h64_wd0.001_s0,l17,73,0.0005,0.20126921514218504,1.010514736175537,0.9965795446343362,0.718356867779204,4.1094385719108315,0.08712174426615996,1.2104101181030273,1.880832552909851
h64_wd0.001_s0,l17,74,0.0005,0.19731632416898554,1.0450007915496826,0.9958216711711351,0.7277278562259306,3.4957746694473713,0.07842501056106323,1.2155957221984863,1.90461266040802
h64_wd0.001_s0,l18,1,0.0005,0.6999525671655481,0.6893794536590576,0.605084772053919,0.5541810984661059,0.46689123093136753,0.19458586030222313,0.20530928671360016,0.027026653289794922
h64_wd0.001_s0,l18,2,0.0005,0.6855906871232119,0.6845830082893372,0.6984736376750896,0.6077436912419595,0.2832174164860965,0.13290564481665698,0.23922495543956757,0.02903173863887787
h64_wd0.001_s0,l18,3,0.0005,0.6780640320344404,0.6790270805358887,0.7430002947244326,0.6368134586838199,0.4197490822095288,0.21877612149807985,0.2651599943637848,0.02699371427297592
h64_wd0.001_s0,l18,4,0.0005,0.6723380847410723,0.6742770075798035,0.754254114508198,0.6426274121721919,0.5149482289986371,0.2600958779144185,0.2949380874633789,0.04590904712677002
h64_wd0.001_s0,l18,5,0.0005,0.6577776589176871,0.6702348589897156,0.7603967921572278,0.6441118258287977,0.5782140441555904,0.2513751471466194,0.32683488726615906,0.061156466603279114
h64_wd0.001_s0,l18,6,0.0005,0.6618518666787581,0.6713812351226807,0.7336156483161927,0.632112815437902,0.7477679245455221,0.286661498985626,0.3566400110721588,0.07126166671514511
h64_wd0.001_s0,l18,7,0.0005,0.6268598247658123,0.6986000537872314,0.7818341166798517,0.6585848589807026,0.626547880394329,0.24884574174624333,0.38546842336654663,0.0948304682970047
h64_wd0.001_s0,l18,8,0.0005,0.6309010711583224,0.6674641966819763,0.7919012828268727,0.6647699158832261,0.7123830910046485,0.2501580897398265,0.4132583439350128,0.11961239576339722
h64_wd0.001_s0,l18,9,0.0005,0.6035523062402551,0.6429498195648193,0.7969271099942605,0.6687283523008413,0.7347593191855215,0.2304837225028294,0.43942493200302124,0.15080223977565765
h64_wd0.001_s0,l18,10,0.0005,0.604869856075807,0.6382758021354675,0.8196364031209766,0.6885205343889164,0.9732047864639967,0.2919436324016238,0.4665430188179016,0.1751498132944107
h64_wd0.001_s0,l18,11,0.0005,0.5856292694807053,0.6359994411468506,0.8311927032435199,0.6911182582879762,0.8084572098243007,0.22394676137955205,0.4938640892505646,0.20279021561145782
h64_wd0.001_s0,l18,12,0.0005,0.5729368599978361,0.6284250617027283,0.841290893015031,0.6928500742206827,0.9163899168812322,0.2296444061335861,0.5201438069343567,0.23838429152965546
h64_wd0.001_s0,l18,13,0.0005,0.5403474013913762,0.6357753276824951,0.8556858547784137,0.6959426026719446,1.0789455094678717,0.25939878938030736,0.5421240925788879,0.2702149748802185
h64_wd0.001_s0,l18,14,0.0005,0.5428413193334233,0.6284887790679932,0.8652799106519613,0.6953240969816923,1.034224691841089,0.20409371890425393,0.565009355545044,0.3063298463821411
h64_wd0.001_s0,l18,15,0.0005,0.5237893435088071,0.6242587566375732,0.8789225495214605,0.7034883720930233,1.0513313497841763,0.18323759575226042,0.5873452425003052,0.3431076109409332
h64_wd0.001_s0,l18,16,0.0005,0.5327193764123049,0.6285083293914795,0.880458218933718,0.7083127164769917,1.4404368904376257,0.31080917102075706,0.6104520559310913,0.3688085377216339
h64_wd0.001_s0,l18,17,0.0005,0.5041449909860437,0.6258573532104492,0.8898971566848155,0.7110341415141018,1.2585456348500246,0.2302805338162005,0.631409764289856,0.4000367522239685
h64_wd0.001_s0,l18,18,0.0005,0.4971691058440642,0.6274805665016174,0.9038500317992152,0.7084364176150422,1.4614375581732901,0.18865657534932803,0.650285542011261,0.4270366132259369
h64_wd0.001_s0,l18,19,0.0005,0.47161233154210175,0.6391052007675171,0.9077822762033289,0.7047253834735281,1.2974989387184768,0.18014336427433794,0.6677409410476685,0.46139466762542725
h64_wd0.001_s0,l18,20,0.0005,0.464130852710117,0.6497579216957092,0.9125366466564289,0.704725383473528,1.3579629156483863,0.1652499104270644,0.6846303939819336,0.5008620023727417
h64_wd0.001_s0,l18,21,0.0005,0.47563631561669434,0.6352171301841736,0.9187258597421936,0.7126422563087581,1.7454124188728521,0.1939722535351616,0.70192551612854,0.5357260704040527
h64_wd0.001_s0,l18,22,0.0005,0.4571145921945572,0.7053382992744446,0.9086664495012952,0.7096734289955468,1.7506087866623614,0.19417503554437915,0.717320442199707,0.5636641979217529
h64_wd0.001_s0,l18,23,0.0005,0.4454115019603209,0.6427919864654541,0.9270634588238944,0.714992577931717,1.5801670129344638,0.17010462927442538,0.7325225472450256,0.5937535762786865
h64_wd0.001_s0,l18,24,0.0005,0.43052092600952496,0.646172285079956,0.9346642468239564,0.7138792676892628,1.5867742661629938,0.16625642801111445,0.746745765209198,0.6305622458457947
h64_wd0.001_s0,l18,25,0.0005,0.4010585140098225,0.6818621158599854,0.9344083019219136,0.7123948540326571,1.7675952751475352,0.1589034417091572,0.7599979639053345,0.6686463952064514
h64_wd0.001_s0,l18,26,0.0005,0.4338303235444156,0.6566807627677917,0.935959483146416,0.703179119247897,1.96867476784125,0.16364208086286064,0.7737675905227661,0.6969709396362305
h64_wd0.001_s0,l18,27,0.0005,0.4179399927908724,0.6633234024047852,0.9511455473342951,0.7119000494804552,1.9250008442556414,0.15786870629149433,0.788101851940155,0.7241701483726501
h64_wd0.001_s0,l18,28,0.0005,0.4152353053743189,0.6994761824607849,0.9297780259667736,0.7184562097971301,2.301426269249318,0.16743319738692813,0.8023979067802429,0.7543144822120667
h64_wd0.001_s0,l18,29,0.0005,0.3909269097176465,0.7240185141563416,0.9448787751873051,0.7088075210291934,1.7217518657725435,0.13475925963681668,0.8132560849189758,0.7872350215911865
h64_wd0.001_s0,l18,30,0.0005,0.3834618614478545,0.7255285382270813,0.9569004296771992,0.7151162790697674,2.0898833776035506,0.15718150780748955,0.8237483501434326,0.8171892762184143
h64_wd0.001_s0,l18,31,0.0005,0.3677384690804915,0.6692677140235901,0.9562411776567856,0.7119000494804553,2.3598386864098204,0.14961461310253477,0.8351143598556519,0.8474498391151428
h64_wd0.001_s0,l18,32,0.0005,0.363559289412065,0.728650689125061,0.9637954302201126,0.714497773379515,2.2315267853876093,0.1425397027506983,0.8459203243255615,0.8821507096290588
h64_wd0.001_s0,l18,33,0.0005,0.32904564860192215,0.7102746963500977,0.9680960801650457,0.7105393369619001,2.077704386050189,0.13128026513411295,0.8562450408935547,0.9170966148376465
h64_wd0.001_s0,l18,34,0.0005,0.342925448986617,0.7190558314323425,0.9619611584221384,0.7088075210291935,2.290902536891813,0.1300329172065649,0.8661757111549377,0.9516457319259644
h64_wd0.001_s0,l18,35,0.0005,0.36735582148486917,0.7020551562309265,0.9545736578404455,0.7132607619990103,2.478271008340508,0.14755250844891837,0.8757737278938293,0.9828646183013916
h64_wd0.001_s0,l18,36,0.0005,0.3512557325038043,0.7057248950004578,0.9682279305691284,0.723156853043048,2.5599471755778644,0.12369492996126431,0.8856300115585327,1.0086405277252197
h64_wd0.001_s0,l18,37,0.0005,0.36148824949156155,0.7041427493095398,0.9705353126405758,0.7238990598713508,3.078584539197736,0.15663569816569736,0.8959399461746216,1.0315682888031006
h64_wd0.001_s0,l18,38,0.0005,0.27627087926322763,0.8608771562576294,0.9672623202568756,0.7204354280059376,1.9851980999084786,0.10685917522171402,0.9049041867256165,1.0725984573364258
h64_wd0.001_s0,l18,39,0.0005,0.28983515907417645,0.7789404392242432,0.9758248406161292,0.7182088075210291,2.749945257825219,0.12758571164457475,0.9141808748245239,1.1066877841949463
h64_wd0.001_s0,l18,40,0.0005,0.26904505355791614,0.829727828502655,0.9783726557773745,0.7135081642751114,2.299249716721652,0.1028705511965564,0.9231025576591492,1.145507574081421
h64_wd0.001_s0,l18,41,0.0005,0.27741791714321484,0.8391441106796265,0.9790668093753393,0.7243938644235527,2.5220093460951465,0.10231965459289834,0.9318215847015381,1.181434154510498
h64_wd0.001_s0,l18,42,0.0005,0.2857382802123373,0.8211988806724548,0.9720089348038531,0.7052201880257299,2.9118338839356634,0.12738943163502256,0.9409246444702148,1.2055644989013672
h64_wd0.001_s0,l18,43,0.0005,0.2794519520618699,0.8766947984695435,0.9781826360773729,0.714250371103414,2.7103772896989864,0.11171184170137029,0.9494552612304688,1.233874797821045
h64_wd0.001_s0,l18,44,0.0005,0.28460779853842477,0.8037115931510925,0.9799936401569795,0.7172191984166255,2.666946010568698,0.09926665588857526,0.9588271379470825,1.2676233053207397
h64_wd0.001_s0,l18,45,0.0005,0.27263347059488297,0.8108714818954468,0.9842399987590551,0.7247649678377042,2.527103784469386,0.1050133878322519,0.9681659936904907,1.3034238815307617
h64_wd0.001_s0,l18,46,0.0005,0.2905525057153268,0.845952033996582,0.9803387779794313,0.7234042553191489,3.20948827658633,0.12622887885308123,0.9763081073760986,1.3315467834472656
h64_wd0.001_s0,l18,47,0.0005,0.309510428797115,0.7980539798736572,0.986221632773357,0.7189510143493321,3.557893757081516,0.11557912575982422,0.9848352670669556,1.3435839414596558
h64_wd0.001_s0,l18,48,0.0005,0.26980747417970136,0.8829771280288696,0.9812617308080104,0.7140029688273132,2.698348827856491,0.10991228875518279,0.9927554726600647,1.3780457973480225
h64_wd0.001_s0,l18,49,0.0005,0.260109507902102,0.8860286474227905,0.9887927156529698,0.7188273132112816,3.2012915658108274,0.10985415495723684,0.9997482895851135,1.4119194746017456
h64_wd0.001_s0,l18,50,0.0005,0.22663406553593549,1.0413817167282104,0.9913288969550313,0.7219198416625433,2.715002613832364,0.08657389884303106,1.0063878297805786,1.450635552406311
h64_wd0.001_s0,l18,51,0.0005,0.25262931937521155,0.9292024970054626,0.9851513177284502,0.7211776348342405,3.3546612665473132,0.10676444310113435,1.014245629310608,1.4736613035202026
h64_wd0.001_s0,l18,52,0.0005,0.2636673853478648,0.9344332218170166,0.9889672235407263,0.722909450766947,3.056519821672694,0.10015943732775963,1.021099328994751,1.4989160299301147
h64_wd0.001_s0,l18,53,0.0005,0.2010213282297958,1.0604685544967651,0.9905455504366576,0.7242701632855023,2.531082859606131,0.07886507527645542,1.0273184776306152,1.5327204465866089
h64_wd0.001_s0,l18,54,0.0005,0.24470266767523505,0.8621015548706055,0.9882187785999038,0.7221672439386443,3.2458757991544944,0.0892372412402883,1.034807562828064,1.5588359832763672
h64_wd0.001_s0,l18,55,0.0005,0.23222035440531644,0.851604700088501,0.9872260226162223,0.724764967837704,2.3257849843143323,0.09487076833785428,1.0420705080032349,1.5954556465148926
h64_wd0.001_s0,l18,56,0.0005,0.22801295261491428,1.0402953624725342,0.9833829711325175,0.7162295893122217,2.993392863434337,0.08662137819050118,1.0488135814666748,1.6291756629943848
h64_wd0.001_s0,l18,57,0.0005,0.25495479797775095,0.8252924680709839,0.9916624009182993,0.7148688767936666,3.0048068669995187,0.07576970387566505,1.05635404586792,1.6575191020965576
h64_wd0.001_s0,l18,58,0.0005,0.2866019037636844,0.9700311422348022,0.9857330106876385,0.7209302325581395,3.7660365709008006,0.11608729377739756,1.063692331314087,1.682155966758728
h64_wd0.001_s0,l18,59,0.0005,0.36351664635268127,0.9034317135810852,0.9757046240712303,0.7164151410192974,3.5210134543208156,0.11147308582581304,1.072721242904663,1.6867163181304932
h64_wd0.001_s0,l18,60,0.0005,0.33363133804364636,0.7691619992256165,0.9868498611692804,0.7044161306284018,3.0171081823733004,0.09740343386354376,1.0799206495285034,1.7155683040618896
h64_wd0.001_s0,l18,61,0.0005,0.26920808106660843,0.9257415533065796,0.9849612980284487,0.7123330034636319,3.073199246236921,0.09032381445920588,1.085849404335022,1.753069281578064
h64_wd0.001_s0,l18,62,0.0005,0.23039999062364752,0.9041456580162048,0.9951835822979198,0.712889658584859,3.2693957748211604,0.07757884345906549,1.0915443897247314,1.781883716583252
h64_wd0.001_s0,l18,63,0.0005,0.22646282477812332,0.8366951942443848,0.9971613383591605,0.7151162790697674,2.964466369309976,0.0715483462509136,1.097348690032959,1.816508412361145
h64_wd0.001_s0,l18,64,0.0005,0.27893292091109534,1.0031273365020752,0.989599329889711,0.7274863928748144,4.180573325809393,0.11754446766528504,1.103676199913025,1.8425695896148682
h64_wd0.001_s0,l18,65,0.0005,0.25013089315457776,0.8773362040519714,0.9950207082693472,0.7229094507669471,3.343804320786211,0.077198446569889,1.1090856790542603,1.8545783758163452
h64_wd0.001_s0,l18,66,0.0005,0.22669998149980197,0.9041696190834045,0.988160609303985,0.7206828302820385,3.742353190883124,0.08508771661971927,1.1141977310180664,1.8810882568359375
h64_wd0.001_s0,l18,67,0.0005,0.29555673694068735,0.7171238660812378,0.9874431879876526,0.7232805541810984,3.6072881749491867,0.08996741240368798,1.119793176651001,1.9065767526626587
h64_wd0.001_s0,l18,68,0.0005,0.30061063170433044,0.7554770708084106,0.9816495261141359,0.7167243938644234,3.240509816654615,0.08720179217260852,1.1256287097930908,1.945003628730774
h64_wd0.001_s0,l18,69,0.0005,0.318725774911317,0.7534359693527222,0.9582809809670063,0.7032409698169223,4.264143897048641,0.09616672342612259,1.1320841312408447,1.9779413938522339
h64_wd0.001_s0,l18,70,0.0005,0.3771729360927235,0.8219317197799683,0.9916856686366667,0.712394854032657,3.8951493327028697,0.10078734080877369,1.1383180618286133,1.9942656755447388
h64_wd0.001_s0,l18,71,0.0005,0.2627853432839567,0.8384392857551575,0.9969441729877302,0.717342899554676,3.4477832545763927,0.08297101154061387,1.144411325454712,2.0168142318725586
h64_wd0.001_s0,l18,72,0.0005,0.2910446883602576,0.8812884092330933,0.9848023019529372,0.7062716476991588,4.105877805009266,0.08719708868350946,1.1491559743881226,2.036216974258423
h64_wd0.001_s0,l18,73,0.0005,0.27616830508817325,0.969476580619812,0.9957187398203733,0.7171573478476002,3.967906161747567,0.09031564733249975,1.1538835763931274,2.0615456104278564
h64_wd0.001_s0,l18,74,0.0005,0.23395781354470688,0.9813995361328125,0.9924379915305506,0.7142503711034142,3.733880377530349,0.06742518563097055,1.158136010169983,2.086036443710327
h64_wd0.001_s0,l18,75,0.0005,0.2838984704153104,0.8832255005836487,0.9953464563264925,0.7200643245917863,4.753903701849311,0.08290900188685658,1.1628358364105225,2.1038734912872314
h64_wd0.001_s0,l18,76,0.0005,0.23733084140853447,1.0781033039093018,0.9958583461305784,0.723156853043048,3.353545568707021,0.0758054922850034,1.1675654649734497,2.13096284866333
h64_wd0.001_s0,l18,77,0.0005,0.21045114438642154,1.3353298902511597,0.9932678734856593,0.7299604156358238,3.5938741807701984,0.07087906902220724,1.1715517044067383,2.150789499282837
h64_wd0.001_s0,l18,78,0.0005,0.22613353519277138,1.3930912017822266,0.9890874400856252,0.7133226125680356,4.492690207945272,0.08168554164744692,1.1750376224517822,2.1666154861450195
h64_wd0.001_s0,l18,79,0.0005,0.27164941281080246,0.9304752945899963,0.9912746056121736,0.714497773379515,4.830717826896587,0.09819591872749478,1.1791855096817017,2.177830934524536
h64_wd0.001_s0,l18,80,0.0005,0.2780817137523131,0.8171449303627014,0.991507282795849,0.7198169223156852,3.9561546937088266,0.07565816652469787,1.1830321550369263,2.196826934814453
h64_wd0.001_s0,l18,81,0.0005,0.2945116988637231,0.8805829286575317,0.9845347231917104,0.7007050964868876,4.741570135479433,0.08579267600676359,1.1870583295822144,2.218792676925659
h64_wd0.001_s0,l18,82,0.0005,0.24812270904129202,1.0460470914840698,0.9944700389346488,0.710786739238001,3.971339679076252,0.0595246231471366,1.191286563873291,2.238358497619629
h64_wd0.001_s0,l18,83,0.0005,0.22095842117613013,0.8946226239204407,0.9954007476693503,0.7204354280059376,4.638392138847938,0.07025503788034454,1.1948291063308716,2.249892234802246
h64_wd0.001_s0,l18,84,0.0005,0.265303374691443,0.9887399673461914,0.9924922828734081,0.7106630380999505,3.540149411882763,0.07369090362585136,1.1991512775421143,2.2758193016052246
h64_wd0.001_s0,l18,85,0.0005,0.24884480373425918,1.01712167263031,0.9955209642142492,0.7101682335477486,4.452371472224396,0.07102294545001094,1.2031711339950562,2.311563014984131
h64_wd0.001_s0,l18,86,0.0005,0.19227418608286165,1.0150576829910278,0.9978128344734516,0.7110341415141019,3.2144215497934017,0.05503290423887715,1.2069542407989502,2.3392491340637207
h64_wd0.001_s0,l18,87,0.0005,0.1958809278228066,1.0999886989593506,0.9969984643305878,0.7159821870361207,3.6396876945622547,0.06646374825756828,1.2103562355041504,2.358778238296509
h64_wd0.001_s0,l18,88,0.0005,0.1890068304809657,1.1175601482391357,0.9955713776040455,0.7269915883226126,3.9818995359579503,0.06326253268099144,1.2133572101593018,2.3728902339935303
h64_wd0.001_s0,l18,89,0.0005,0.2045410048555244,1.1427358388900757,0.9980920470938619,0.720559129143988,3.991448598609303,0.06194033838218346,1.2162775993347168,2.3887314796447754
h64_wd0.001_s0,l18,90,0.0005,0.16323849694295364,1.1287834644317627,0.9951292909550622,0.7174666006927264,3.435090885300636,0.057508424625157345,1.219461441040039,2.413551092147827
h64_wd0.001_s0,l18,91,0.0005,0.20514818162403323,1.091485619544983,0.9914064560162563,0.7219198416625433,3.733578453123403,0.07526783434906989,1.2226003408432007,2.429130792617798
h64_wd0.001_s0,l18,92,0.0005,0.21539410271427847,1.2181802988052368,0.9959514170040487,0.7163532904502722,3.997883555549654,0.060741501657398896,1.2253475189208984,2.4321250915527344
h64_wd0.001_s0,l18,93,0.0005,0.200169003483924,1.2956547737121582,0.9986116928040704,0.7177140029688274,4.122742918388416,0.06336664192618097,1.2283140420913696,2.4436235427856445
h64_wd0.001_s0,l18,94,0.0005,0.15221914852207358,1.36674165725708,0.9930662199264739,0.7050964868876793,3.8123986658827302,0.054268335270678175,1.2310367822647095,2.453183650970459
h64_wd0.001_s0,l18,95,0.0005,0.1983522010797804,0.9764818549156189,0.9916081095754417,0.7252597723899059,4.407354303439605,0.07004956288011056,1.2344104051589966,2.4673848152160645
h64_wd0.001_s0,l18,96,0.0005,0.21918329190124164,1.0751296281814575,0.9972970667163045,0.716848095002474,4.122549891863968,0.07154811935367912,1.2383151054382324,2.4798319339752197
h64_wd0.001_s0,l18,97,0.0005,0.1701659346846017,1.2138711214065552,0.9983635038081499,0.721857991093518,3.3183060839984195,0.05589985348895866,1.2413241863250732,2.4974658489227295
