unit,fold,epoch,lr,train_loss,val_loss,train_auc,val_auc,grad_net,grad_head,move_net,move_head
h512_wd0.0001_s1,o0,1,0.0005,0.7103058319342764,0.688154399394989,0.6552801387497441,0.6318493150684931,1.1914504644907087,0.36435818703991496,0.22827200591564178,0.03311261162161827
h512_wd0.0001_s1,o0,2,0.0005,0.6805530598289088,0.6710817217826843,0.7625741955638864,0.654109589041096,0.9446756026482499,0.27988687554685027,0.27282363176345825,0.04503284767270088
h512_wd0.0001_s1,o0,3,0.0005,0.6480529716140345,0.6650709509849548,0.7731204688190112,0.6518835616438355,0.8441511452829896,0.25478648222650185,0.3006933629512787,0.04062443599104881
h512_wd0.0001_s1,o0,4,0.0005,0.630584644643884,0.6436372399330139,0.794169925346605,0.6888698630136987,1.1315177341828835,0.3587793266632973,0.32740381360054016,0.036829374730587006
h512_wd0.0001_s1,o0,5,0.0005,0.6118145208609732,0.636505126953125,0.8152193818741988,0.6912671232876711,1.2168819631251397,0.36884993054224785,0.35760799050331116,0.03741440549492836
h512_wd0.0001_s1,o0,6,0.0005,0.5675873976004752,0.6138656735420227,0.8443697551411736,0.7205479452054794,1.2176122135345808,0.3591614975272992,0.385044664144516,0.04750330001115799
h512_wd0.0001_s1,o0,7,0.0005,0.5424798915260717,0.636339545249939,0.8634586174579064,0.7428082191780823,1.2539082491602263,0.376502173960248,0.41076895594596863,0.06357415020465851
h512_wd0.0001_s1,o0,8,0.0005,0.5261548898721996,0.6065970063209534,0.8829460621142101,0.738013698630137,1.6636123720442466,0.47889121041373717,0.43539395928382874,0.07736551761627197
h512_wd0.0001_s1,o0,9,0.0005,0.5111913037927527,0.5879696607589722,0.8986415882967607,0.746404109589041,1.8875383678029296,0.512877261537335,0.4583622217178345,0.09361539781093597
h512_wd0.0001_s1,o0,10,0.0005,0.5257566884944314,0.7751051783561707,0.8823966648353424,0.7155821917808219,2.0688461156405613,0.5526988748718062,0.47990134358406067,0.10052670538425446
h512_wd0.0001_s1,o0,11,0.0005,0.5621317123111925,0.581060528755188,0.9122364778248176,0.7575342465753424,2.579563721481491,0.671285912692765,0.5002564787864685,0.08495713770389557
h512_wd0.0001_s1,o0,12,0.0005,0.4577682269246955,0.5887559056282043,0.9178920380484547,0.761472602739726,1.304732758030755,0.31819571922077333,0.5161688923835754,0.09756197780370712
h512_wd0.0001_s1,o0,13,0.0005,0.44668978609536825,0.6235033273696899,0.9223626237490439,0.7695205479452056,1.520944854469054,0.3436977472072385,0.5306531190872192,0.1223442405462265
h512_wd0.0001_s1,o0,14,0.0005,0.4269175819660488,0.5918805003166199,0.9313576576285427,0.7678082191780821,1.3390753362391286,0.3000124069053804,0.5464186668395996,0.1493852138519287
h512_wd0.0001_s1,o0,15,0.0005,0.4005068273920762,0.6028268337249756,0.9393723944026112,0.771404109589041,1.3686812591258823,0.29376160469492835,0.5613067150115967,0.17579703032970428
h512_wd0.0001_s1,o0,16,0.0005,0.4012778432745683,0.6077448129653931,0.9438860700858569,0.7558219178082192,1.557735347940185,0.30318200469965406,0.5750507116317749,0.19658973813056946
h512_wd0.0001_s1,o0,17,0.0005,0.3794495228089784,0.6472514271736145,0.9502957050059787,0.7667808219178082,1.5489951383519773,0.28988177469716275,0.5895779132843018,0.22376970946788788
h512_wd0.0001_s1,o0,18,0.0005,0.3552800471845426,0.6741157174110413,0.9503926574669554,0.7470890410958904,1.6590746340725893,0.2954515386579651,0.6062629818916321,0.2481679618358612
h512_wd0.0001_s1,o0,19,0.0005,0.37763425472535583,0.5949745774269104,0.9581380818494221,0.7748287671232876,1.9465774082406668,0.35787737542305703,0.6206656694412231,0.2686437964439392
h512_wd0.0001_s1,o0,20,0.0005,0.3548246747569034,0.627535879611969,0.9672300681898975,0.7636986301369864,1.8441436894565644,0.3389488687127621,0.6356338262557983,0.2876221239566803
h512_wd0.0001_s1,o0,21,0.0005,0.3107066538773085,0.656041145324707,0.9693307048443913,0.7566780821917809,1.8471312570049256,0.30538448419379693,0.6488157510757446,0.3169595003128052
h512_wd0.0001_s1,o0,22,0.0005,0.32929766178131104,0.6925024390220642,0.972487046073964,0.7738013698630138,2.118173079677946,0.32058368042192364,0.661264181137085,0.3405351936817169
h512_wd0.0001_s1,o0,23,0.0005,0.309401882322211,0.6315839886665344,0.9792737183423285,0.7618150684931506,1.875568110788634,0.2668698573103589,0.6735638380050659,0.3614139258861542
h512_wd0.0001_s1,o0,24,0.0005,0.29175401518219396,0.6584296226501465,0.979973930560493,0.7570205479452053,1.7716134457055777,0.23669825314792256,0.685746431350708,0.38313233852386475
h512_wd0.0001_s1,o0,25,0.0005,0.2585213662762391,0.6414944529533386,0.982257699641276,0.7640410958904109,1.3477652520426455,0.19635590153681684,0.6967248320579529,0.41388240456581116
h512_wd0.0001_s1,o0,26,0.0005,0.2568480521440506,0.6675180196762085,0.9855971732971378,0.7674657534246575,1.4123881296469605,0.20598763911366655,0.70675128698349,0.4405226409435272
h512_wd0.0001_s1,o0,27,0.0005,0.3509230088246496,0.6200816631317139,0.9867713753245213,0.7732876712328766,2.942952540579435,0.38824619422112333,0.7187594771385193,0.4494338929653168
h512_wd0.0001_s1,o0,28,0.0005,0.255558685252541,0.6603348851203918,0.9887750595180386,0.7607876712328765,1.5344844065017786,0.2105050263436264,0.7301492094993591,0.4631890654563904
h512_wd0.0001_s1,o0,29,0.0005,0.2785251164122632,0.6519964933395386,0.9910480561031574,0.7625,2.2528337373697913,0.27078280671126403,0.7406517267227173,0.4855489730834961
h512_wd0.0001_s1,o0,30,0.0005,0.2940417637950496,0.6696751713752747,0.992200713139213,0.7582191780821916,2.5166869446865863,0.26307253563070626,0.7520095109939575,0.4988718330860138
h512_wd0.0001_s1,o0,31,0.0005,0.2520240137451573,0.7315167784690857,0.9934718676275733,0.7606164383561644,1.9416744166386195,0.24371333446511548,0.761742353439331,0.5237940549850464
h512_wd0.0001_s1,o0,32,0.0005,0.23922652319857948,0.7249148488044739,0.9930409678010104,0.7628424657534247,2.206545082396756,0.2455443000282653,0.7718169689178467,0.5470976829528809
h512_wd0.0001_s1,o0,33,0.0005,0.22754468180631338,0.8110784292221069,0.9925238880091352,0.7448630136986301,1.9917786265024637,0.23722913288136976,0.780624270439148,0.5719062089920044
h512_wd0.0001_s1,o0,34,0.0005,0.3055696267830698,0.6742132902145386,0.9964450764308568,0.7597602739726027,3.0097007097970354,0.3193895352505328,0.7917248606681824,0.567683219909668
h512_wd0.0001_s1,o0,35,0.0005,0.20769685781315753,0.7326775193214417,0.9960788115782784,0.7470890410958904,1.6028584013133635,0.1895318962019396,0.8009464144706726,0.5878472924232483
h512_wd0.0001_s1,o0,36,0.0005,0.18396703153848648,0.7398064732551575,0.9963373514742161,0.7477739726027397,1.5400920407693386,0.189107065375727,0.8091944456100464,0.6216264963150024
h512_wd0.0001_s1,o0,37,0.0005,0.1798452554564727,0.7746608853340149,0.9951954669338245,0.7493150684931507,1.542544141013937,0.15459874695188427,0.8159421682357788,0.6563432216644287
h512_wd0.0001_s1,o0,38,0.0005,0.17675449032532542,0.8085447549819946,0.9980286332934751,0.7657534246575343,1.9440758269991725,0.16528942892043016,0.8239657282829285,0.685117781162262
h512_wd0.0001_s1,o0,39,0.0005,0.1743873279345663,0.790449857711792,0.997242241109998,0.7467465753424657,1.9322460314502135,0.16005114951762336,0.831200361251831,0.7125074863433838
h512_wd0.0001_s1,o1,1,0.0005,0.7128648318742451,0.6845719814300537,0.6544722015749389,0.5895547945205479,1.064110041113145,0.2874825846908061,0.22712501883506775,0.03331471234560013
h512_wd0.0001_s1,o1,2,0.0005,0.6800273123540377,0.6720000505447388,0.7078714625817363,0.6363013698630137,0.7896640992043217,0.2133074017882493,0.2698401212692261,0.03868666663765907
h512_wd0.0001_s1,o1,3,0.0005,0.6594162175529882,0.661870539188385,0.7432267933512156,0.6635273972602739,0.8820633495585417,0.23895954840568479,0.2929668426513672,0.031735554337501526
h512_wd0.0001_s1,o1,4,0.0005,0.6657605077091017,0.6726191639900208,0.778722166564328,0.6967465753424658,1.1213971726760668,0.30841200806753066,0.31476879119873047,0.041311826556921005
h512_wd0.0001_s1,o1,5,0.0005,0.6328907703098497,0.642282247543335,0.7916383888655485,0.697945205479452,0.7842690806051456,0.19816907920714696,0.33496689796447754,0.035032447427511215
h512_wd0.0001_s1,o1,6,0.0005,0.6026452309206912,0.653288722038269,0.8018722597464155,0.6886986301369863,0.8304238147196368,0.22362641985986728,0.3562523126602173,0.03313218057155609
h512_wd0.0001_s1,o1,7,0.0005,0.5950976390587656,0.6627430319786072,0.8263581423908477,0.697945205479452,1.1506262085164594,0.28008622823178664,0.3818889260292053,0.047320377081632614
h512_wd0.0001_s1,o1,8,0.0005,0.560547063225194,0.6180494427680969,0.8583201370261448,0.7145547945205479,1.2813360696586227,0.33136490871680246,0.40556958317756653,0.06092848256230354
h512_wd0.0001_s1,o1,9,0.0005,0.5817557322351556,0.6193299889564514,0.8662379213392367,0.7090753424657534,1.6995070909438763,0.43376325851400227,0.427582323551178,0.06653937697410583
h512_wd0.0001_s1,o1,10,0.0005,0.5268984499730562,0.6924092769622803,0.8789171487358476,0.7125,1.3692771696372332,0.34355761889731146,0.44683530926704407,0.08561290800571442
h512_wd0.0001_s1,o1,11,0.0005,0.5641952706010718,0.6206364035606384,0.8848743388380786,0.7109589041095892,1.9774562500907102,0.44793005380776485,0.46728515625,0.09226664900779724
h512_wd0.0001_s1,o1,12,0.0005,0.5152882368941056,0.6218000650405884,0.9044371909640305,0.713527397260274,1.5498829128062503,0.3217507192977317,0.48450520634651184,0.10043290257453918
h512_wd0.0001_s1,o1,13,0.0005,0.4906781676568483,0.6433827877044678,0.9117840330069267,0.7159246575342466,1.4345620118513474,0.30775209237291995,0.5011287927627563,0.12156524509191513
h512_wd0.0001_s1,o1,14,0.0005,0.4534598432089153,0.6979882717132568,0.9136369022611468,0.711472602739726,1.4199254208234766,0.3071698372701351,0.5165902376174927,0.1614380031824112
h512_wd0.0001_s1,o1,15,0.0005,0.4245647192001343,0.639036238193512,0.9314115201068631,0.713527397260274,1.3216307880138092,0.2683393518990175,0.5318350791931152,0.19329525530338287
h512_wd0.0001_s1,o1,16,0.0005,0.41275057196617126,0.6367340087890625,0.9398032942291741,0.7097602739726027,1.2800900773321908,0.25909444765833783,0.548428475856781,0.22788596153259277
h512_wd0.0001_s1,o1,17,0.0005,0.4044076267041658,0.681089460849762,0.9502202975363303,0.7113013698630136,1.5279840106227733,0.2740735897774812,0.5647554397583008,0.2648816406726837
h512_wd0.0001_s1,o1,18,0.0005,0.37802254683093023,0.7016252875328064,0.9566622499434444,0.7178082191780822,1.5812992843830302,0.26191402399943003,0.5811007022857666,0.2950799763202667
h512_wd0.0001_s1,o1,19,0.0005,0.3599858087928672,0.668143630027771,0.9647954841698178,0.7111301369863013,1.6772818021989866,0.25328276858210147,0.5954497456550598,0.3277641534805298
h512_wd0.0001_s1,o1,20,0.0005,0.3523036602296327,0.6586889028549194,0.9752878949466223,0.710958904109589,1.6073574947505092,0.23660808478398723,0.6110145449638367,0.3664727210998535
h512_wd0.0001_s1,o1,21,0.0005,0.3214354342535922,0.709570586681366,0.9791983108726798,0.7135273972602739,1.7361809078482764,0.2568439302632527,0.62546306848526,0.4023512601852417
h512_wd0.0001_s1,o1,22,0.0005,0.31460433100399215,0.6945737600326538,0.9817729373363927,0.7155821917808219,2.095367739234414,0.24288677371125675,0.6387797594070435,0.43766283988952637
h512_wd0.0001_s1,o1,23,0.0005,0.28880405347598226,0.7160848379135132,0.9843798812870979,0.7183219178082192,1.8912823688009353,0.25310721616141657,0.6526756286621094,0.46091899275779724
h512_wd0.0001_s1,o1,24,0.0005,0.2777415835543683,0.7339977025985718,0.986545152915576,0.7171232876712328,1.6969264900953285,0.21351196782120085,0.6658283472061157,0.49006807804107666
h512_wd0.0001_s1,o1,25,0.0005,0.27207552837698085,0.7071718573570251,0.988688879552726,0.7148972602739725,1.844190159148662,0.21721970060951562,0.676931619644165,0.5181286334991455
h512_wd0.0001_s1,o1,26,0.0005,0.24954824228035777,0.9118835926055908,0.984563013713387,0.7066780821917809,1.7229828507371507,0.1868408337181761,0.6891229748725891,0.5498793125152588
h512_wd0.0001_s1,o1,27,0.0005,0.2810029834508896,0.711957573890686,0.9938381324801517,0.7143835616438357,2.48730770375638,0.23512082500702552,0.7019400000572205,0.5757370591163635
h512_wd0.0001_s1,o1,28,0.0005,0.2931194870095504,1.111566424369812,0.9788105010287734,0.7,2.816228108779884,0.27409764967600486,0.7147312164306641,0.5900432467460632
h512_wd0.0001_s1,o1,29,0.0005,0.2983859769607845,0.8101414442062378,0.9917805858083142,0.7181506849315068,2.772984160614834,0.3025237804849508,0.7266486883163452,0.5891063213348389
h512_wd0.0001_s1,o1,30,0.0005,0.25041652353186356,0.7719081044197083,0.9952601019078089,0.7205479452054795,2.358860378262923,0.20617343605222826,0.7373548746109009,0.6075357794761658
h512_wd0.0001_s1,o1,31,0.0005,0.24143048179777046,0.9056053161621094,0.9941182173674175,0.7191780821917808,2.244024620070132,0.20659731860101585,0.7477571964263916,0.6301880478858948
h512_wd0.0001_s1,o1,32,0.0005,0.22469756320903175,0.7512879967689514,0.9968544312660914,0.7157534246575343,2.1230023580148853,0.1891455287848524,0.7564805746078491,0.6521127820014954
h512_wd0.0001_s1,o1,33,0.0005,0.18464884161949158,0.7937156558036804,0.9974900085102716,0.7154109589041096,1.8404126550842532,0.17475610988371137,0.7638991475105286,0.6911773085594177
h512_wd0.0001_s1,o1,34,0.0005,0.2277398611369886,0.8161541223526001,0.9977808658932015,0.7200342465753424,2.481778932948518,0.19938599692835898,0.772465169429779,0.7076684236526489
h512_wd0.0001_s1,o1,35,0.0005,0.18821637528507332,0.8603433966636658,0.9979532258238266,0.722431506849315,1.9330195422632348,0.16573671678551208,0.7798611521720886,0.7285587191581726
h512_wd0.0001_s1,o1,36,0.0005,0.17083360490046048,0.818020761013031,0.9984272156330457,0.7188356164383561,1.760481786920622,0.15514113139432645,0.787154495716095,0.7569035291671753
h512_wd0.0001_s1,o1,37,0.0005,0.1610896003089453,0.8443218469619751,0.998621120554999,0.7289383561643835,2.0107115618260725,0.1504637196667516,0.7938856482505798,0.7872675061225891
h512_wd0.0001_s1,o1,38,0.0005,0.12768767244721713,0.8865448236465454,0.9988042529812882,0.7193493150684931,1.1922106764081601,0.10892892576532143,0.7993959784507751,0.8149738311767578
h512_wd0.0001_s1,o1,39,0.0005,0.17596179560611122,0.8346308469772339,0.9995260101907809,0.7220890410958904,2.234716507289385,0.15044793114031965,0.8062796592712402,0.836056113243103
h512_wd0.0001_s1,o1,40,0.0005,0.1212719225961911,0.9900927543640137,0.9992459253035151,0.7219178082191781,1.4464183293687198,0.12718664322021472,0.8129314184188843,0.8640128970146179
h512_wd0.0001_s1,o1,41,0.0005,0.15755358338356018,0.8545674085617065,0.998771935494296,0.7227739726027398,2.1072131257440443,0.15243931945854503,0.8192020058631897,0.8818671107292175
h512_wd0.0001_s1,o1,42,0.0005,0.1491766062222029,0.8775418400764465,0.9994829202081246,0.7195205479452055,2.123180376447432,0.12669000111303957,0.8265531063079834,0.9057881236076355
h512_wd0.0001_s1,o1,43,0.0005,0.12340697822602172,0.9512446522712708,0.9995260101907809,0.723458904109589,2.075448562510276,0.1280723927097825,0.833041787147522,0.9326010942459106
h512_wd0.0001_s1,o1,44,0.0005,0.13740007108763644,1.0612388849258423,0.9992028353208589,0.7131849315068493,2.1526927697107188,0.13019123486135192,0.8393232226371765,0.9590260982513428
h512_wd0.0001_s1,o1,45,0.0005,0.18919002656873904,0.8991513848304749,0.9994721477124605,0.7320205479452053,3.0982737434058634,0.17668755737488848,0.8478573560714722,0.9697226881980896
h512_wd0.0001_s1,o1,46,0.0005,0.11699026117199346,0.9323275685310364,0.9996445076430857,0.7291095890410958,1.6139040603426082,0.1041401120778845,0.8542196750640869,0.9912495017051697
h512_wd0.0001_s1,o1,47,0.0005,0.12079818242866742,0.9081485867500305,0.9997845500867186,0.7196917808219178,1.77500489266328,0.10398358958880732,0.8599240779876709,1.0139594078063965
h512_wd0.0001_s1,o1,48,0.0005,0.107795547301832,0.9782120585441589,0.9994721477124606,0.7236301369863014,1.6129330756267668,0.10097239737780371,0.8650352954864502,1.0422444343566895
h512_wd0.0001_s1,o1,49,0.0005,0.1206489484757185,1.0064992904663086,0.9996660526344139,0.7246575342465753,2.140664522244667,0.11379699651965891,0.8698695302009583,1.0647990703582764
h512_wd0.0001_s1,o1,50,0.0005,0.10557202210551814,0.9863395690917969,0.9999353650260155,0.7273972602739726,1.8165203457126422,0.11116885839909059,0.8747410774230957,1.089823603630066
h512_wd0.0001_s1,o1,51,0.0005,0.14994178359445773,0.8992124199867249,0.999849185060703,0.7301369863013698,2.9126966903970284,0.15757547208067393,0.8816717267036438,1.1034735441207886
h512_wd0.0001_s1,o1,52,0.0005,0.08976858579798748,1.0385100841522217,0.9996875976257419,0.7268835616438356,1.519209462346348,0.0974225505281064,0.8878651857376099,1.1292706727981567
h512_wd0.0001_s1,o1,53,0.0005,0.096958792327266,1.062635064125061,0.9999892275043359,0.7272260273972604,1.8150822285778825,0.09829004711124183,0.8927138447761536,1.1502765417099
h512_wd0.0001_s1,o1,54,0.0005,0.12242596400411505,1.1405361890792847,0.9999676825130077,0.7273972602739726,2.446443063767802,0.12943931625444535,0.8980323076248169,1.1622180938720703
h512_wd0.0001_s1,o1,55,0.0005,0.10353807595215346,1.0107346773147583,1.0,0.7260273972602739,1.7667389379941778,0.10345210859179436,0.9026516079902649,1.171845555305481
h512_wd0.0001_s1,o1,56,0.0005,0.07440881842845365,1.0872406959533691,0.9999892275043359,0.7169520547945205,1.8080308841912223,0.08736206453804102,0.9064015746116638,1.1920959949493408
h512_wd0.0001_s1,o1,57,0.0005,0.05781653974401323,1.0874844789505005,1.0,0.7154109589041096,1.1296889389428515,0.07478801066877201,0.9098333716392517,1.2169138193130493
h512_wd0.0001_s1,o1,58,0.0005,0.07069359812885523,1.1224132776260376,0.9999892275043359,0.722945205479452,1.4769537620190132,0.07085611343745027,0.9135347604751587,1.2424371242523193
h512_wd0.0001_s1,o1,59,0.0005,0.06430411348609548,1.2119603157043457,1.0,0.7335616438356164,1.4819407847874893,0.06852289414659869,0.917313814163208,1.2648675441741943
h512_wd0.0001_s1,o1,60,0.0005,0.0877472355373596,1.108450174331665,1.0,0.7222602739726027,2.155010752632791,0.08317301935022377,0.9210234880447388,1.2808613777160645
h512_wd0.0001_s1,o1,61,0.0005,0.09026562569564894,1.2181392908096313,1.0,0.7258561643835616,1.8883435857089628,0.08255396681315691,0.9252737164497375,1.292649745941162
h512_wd0.0001_s1,o1,62,0.0005,0.1390640798367952,0.9980278015136719,0.9999569100173437,0.7133561643835616,2.9915494851157596,0.13605547146356273,0.9317476749420166,1.2854503393173218
h512_wd0.0001_s1,o1,63,0.0005,0.08375891945079754,1.0905227661132812,1.0,0.7106164383561644,1.556017425221089,0.0852080467739563,0.9364612102508545,1.2997901439666748
h512_wd0.0001_s1,o1,64,0.0005,0.10380107732979875,1.2800898551940918,1.0,0.7154109589041096,2.326109785840597,0.10304825210607042,0.940833568572998,1.3149055242538452
h512_wd0.0001_s1,o1,65,0.0005,0.14738380908966064,1.1026767492294312,1.0,0.7125,3.1700572445349775,0.14938291759940664,0.946840763092041,1.3280632495880127
h512_wd0.0001_s1,o1,66,0.0005,0.13634758050504484,1.1159456968307495,1.0,0.7102739726027396,2.6746794899332302,0.1259527549411892,0.9534575343132019,1.3232821226119995
h512_wd0.0001_s1,o1,67,0.0005,0.10575523791148474,1.0827997922897339,0.9999892275043359,0.7061643835616438,2.1823993775390895,0.10253730269130223,0.9586125612258911,1.3388936519622803
h512_wd0.0001_s1,o1,68,0.0005,0.05768565632598965,1.178167462348938,1.0,0.7047945205479451,1.2189081484076199,0.06794503687077046,0.9620547890663147,1.3614407777786255
h512_wd0.0001_s1,o1,69,0.0005,0.06214888384075541,1.3991767168045044,1.0,0.7157534246575342,1.6539149864067277,0.07097507245453813,0.9654204249382019,1.382287621498108
h512_wd0.0001_s1,o1,70,0.0005,0.11745477134459897,1.1023465394973755,1.0,0.7203767123287672,2.8097154223711542,0.11279049208816859,0.9697198867797852,1.3948559761047363
h512_wd0.0001_s1,o1,71,0.0005,0.09451176843752987,1.0916180610656738,1.0,0.7171232876712329,2.002254933538006,0.08970012956628448,0.9736210703849792,1.3966445922851562
h512_wd0.0001_s1,o1,72,0.0005,0.06231529187215002,1.182887077331543,1.0,0.7157534246575342,1.4451848877225042,0.06957497849581333,0.9768730401992798,1.416896939277649
h512_wd0.0001_s1,o1,73,0.0005,0.04809620182373022,1.1747921705245972,1.0,0.7256849315068493,1.1446209263125944,0.0592643115769357,0.9795255661010742,1.4412305355072021
h512_wd0.0001_s1,o1,74,0.0005,0.06274339292002351,1.3081254959106445,1.0,0.7210616438356163,1.8887800718843233,0.06900332714475983,0.9822550415992737,1.4635980129241943
h512_wd0.0001_s1,o1,75,0.0005,0.06504337822920397,1.170211672782898,1.0,0.7219178082191781,1.8257168944035964,0.06340267815984879,0.9854953289031982,1.4794421195983887
h512_wd0.0001_s1,o1,76,0.0005,0.0632029258597054,1.1537498235702515,1.0,0.7202054794520547,1.6556102919296496,0.05969759956722266,0.988532304763794,1.49838125705719
h512_wd0.0001_s1,o1,77,0.0005,0.04651012026557797,1.2602802515029907,1.0,0.7236301369863014,1.3184327222848822,0.052950618440429094,0.9911792278289795,1.5180418491363525
h512_wd0.0001_s1,o1,78,0.0005,0.04115559964587814,1.3157105445861816,1.0,0.7215753424657534,1.2237615985207202,0.043204640248467284,0.9932031035423279,1.5344176292419434
h512_wd0.0001_s1,o1,79,0.0005,0.07539826087457568,1.5969929695129395,1.0,0.7071917808219178,2.2255043910887093,0.06512248404954743,0.9967800378799438,1.5462359189987183
h512_wd0.0001_s1,o2,1,0.0005,0.7090359549773367,0.6834860444068909,0.6802615561947236,0.6123287671232877,0.9688043397755289,0.25513661955201405,0.22933517396450043,0.03325800970196724
h512_wd0.0001_s1,o2,2,0.0005,0.6781449882607711,0.6797993183135986,0.7048659362914605,0.6325342465753424,0.7482932185499719,0.20788178019386175,0.27230104804039,0.03790397197008133
h512_wd0.0001_s1,o2,3,0.0005,0.6663536899968198,0.6568505167961121,0.7747147981772938,0.6881849315068492,0.9199118771078915,0.2588281716345631,0.2954693138599396,0.03730886057019234
h512_wd0.0001_s1,o2,4,0.0005,0.6548209880527697,0.659422755241394,0.7895054347240626,0.7017123287671232,0.9862591461272185,0.265940751488214,0.31639784574508667,0.04257166013121605
h512_wd0.0001_s1,o2,5,0.0005,0.6284567650995756,0.6454066634178162,0.8016998998157903,0.7083904109589041,0.8314327521567645,0.23637658958501498,0.33881527185440063,0.039278753101825714
h512_wd0.0001_s1,o2,6,0.0005,0.592099064274838,0.6338114142417908,0.8222322765515087,0.7094178082191781,0.979643320265023,0.2822208703809856,0.36139559745788574,0.049316272139549255
h512_wd0.0001_s1,o2,7,0.0005,0.5985608869477322,0.6224753260612488,0.8516196447230931,0.714041095890411,1.423385108746168,0.3754719777729408,0.3823200464248657,0.05949019268155098
h512_wd0.0001_s1,o2,8,0.0005,0.6088602982069317,0.6456660628318787,0.850994839974577,0.7159246575342465,1.6206023066124884,0.41499579936673286,0.40320611000061035,0.052793990820646286
h512_wd0.0001_s1,o2,9,0.0005,0.5479469660081362,0.6316556334495544,0.8651068092945092,0.7102739726027397,1.0676145623546482,0.29208332196516623,0.42154720425605774,0.06525716185569763
h512_wd0.0001_s1,o2,10,0.0005,0.515908663210116,0.6725537776947021,0.8810070128946773,0.7191780821917808,1.275133203640651,0.3423930490074378,0.43974030017852783,0.09170124679803848
h512_wd0.0001_s1,o2,11,0.0005,0.5312898755073547,0.6235778331756592,0.8943325900311325,0.7166095890410958,1.8403621269600936,0.488580461318087,0.45641160011291504,0.1053014025092125
h512_wd0.0001_s1,o2,12,0.0005,0.48465711662643834,0.6311271786689758,0.9056221654870783,0.7171232876712329,1.412459787800857,0.3176585425834387,0.47024551033973694,0.12487579882144928
h512_wd0.0001_s1,o2,13,0.0005,0.4786217196991569,0.6323466897010803,0.9156836764373202,0.7179794520547945,1.5770329120561406,0.34687300838590596,0.484767347574234,0.14868636429309845
h512_wd0.0001_s1,o2,14,0.0005,0.4457047801268728,0.6914762854576111,0.9158775813592734,0.7097602739726027,1.2304768375153605,0.2944502048208887,0.49873432517051697,0.17292942106723785
h512_wd0.0001_s1,o2,15,0.0005,0.43950258901244715,0.6340315341949463,0.9328765795171767,0.7154109589041094,1.4587715616017751,0.3329267831656157,0.5114222168922424,0.18981392681598663
h512_wd0.0001_s1,o2,16,0.0005,0.4007191877616079,0.6687878370285034,0.9368731754085469,0.7142123287671233,1.122921380898221,0.2436665813311584,0.5245670676231384,0.2213553637266159
h512_wd0.0001_s1,o2,17,0.0005,0.3963098761282469,0.6816900372505188,0.9418069784226911,0.7118150684931506,1.485216845994166,0.2792423923543011,0.5374839901924133,0.25678300857543945
h512_wd0.0001_s1,o2,18,0.0005,0.38594427391102437,0.9358291029930115,0.9353865710069053,0.7075342465753425,1.5483806644094305,0.2719138605239154,0.5496067404747009,0.28607115149497986
h512_wd0.0001_s1,o2,19,0.0005,0.43753033092147425,0.7754040360450745,0.9436598476769115,0.7054794520547945,2.408797179500556,0.3574071793473477,0.5628359913825989,0.28402185440063477
h512_wd0.0001_s1,o2,20,0.0005,0.4120441894782217,0.684839129447937,0.9574378696312575,0.7046232876712328,2.0168664096115485,0.3347670810073217,0.5758724808692932,0.28578290343284607
h512_wd0.0001_s1,o2,21,0.0005,0.33815991800082357,0.8039694428443909,0.9561559426472331,0.7056506849315068,1.288257695397674,0.24819961268452645,0.5868628025054932,0.31777864694595337
h512_wd0.0001_s1,o2,22,0.0005,0.3471038074869859,0.7265844345092773,0.9652263839963804,0.7034246575342465,1.5920892279654069,0.23428798479273172,0.5973601937294006,0.34145283699035645
h512_wd0.0001_s1,o2,23,0.0005,0.33346558479886307,0.7187229990959167,0.9695353822620086,0.70736301369863,1.5339290177936873,0.23454131829550795,0.6070702075958252,0.378044068813324
h512_wd0.0001_s1,o2,24,0.0005,0.3306383921911842,0.8861408829689026,0.9615852804619247,0.6958904109589041,1.9339815578002242,0.266032327762783,0.617511510848999,0.3964618146419525
h512_wd0.0001_s1,o2,25,0.0005,0.37530374448550374,0.7293900847434998,0.9762897370433807,0.7066780821917809,2.3444199247670627,0.3206842942200985,0.6279505491256714,0.40292221307754517
h512_wd0.0001_s1,o2,26,0.0005,0.3003667169495633,0.8009836077690125,0.9739628779799416,0.7111301369863013,1.447654521609026,0.20656023826225492,0.6377780437469482,0.41611146926879883
h512_wd0.0001_s1,o2,27,0.0005,0.2783329243722715,0.8046135902404785,0.9801893804737745,0.7008561643835616,1.6440593443347409,0.21419223381242677,0.6461017727851868,0.44377386569976807
h512_wd0.0001_s1,o2,28,0.0005,0.28018820050515625,0.7890809774398804,0.985769533227763,0.6979452054794519,1.5703209208603757,0.18412069422896096,0.6536535620689392,0.47475576400756836
h512_wd0.0001_s1,o2,29,0.0005,0.24993281654621424,0.8328776359558105,0.9872561376294047,0.6988013698630137,1.532572823433779,0.17166719177245907,0.6614935398101807,0.5119246244430542
h512_wd0.0001_s1,o2,30,0.0005,0.31139423894254786,0.8031408190727234,0.9872561376294047,0.7005136986301369,2.6422108949213605,0.2429286822635633,0.6706662774085999,0.5309798717498779
h512_wd0.0001_s1,o3,1,0.0005,0.7157590295139112,0.6782518029212952,0.7097135593402923,0.6861301369863013,1.0421297436175339,0.2971626928724937,0.22430415451526642,0.03355955705046654
h512_wd0.0001_s1,o3,2,0.0005,0.6799168963181345,0.6685194373130798,0.7174913012097511,0.6914383561643835,0.7281441349817479,0.19693184068287733,0.26570188999176025,0.040299542248249054
h512_wd0.0001_s1,o3,3,0.0005,0.6813895106315613,0.676201343536377,0.7171573538441651,0.6886986301369863,0.9826183461827491,0.25589181162991687,0.28662195801734924,0.042352091521024704
h512_wd0.0001_s1,o3,4,0.0005,0.6780781432201988,0.666187584400177,0.7793577438085082,0.7125,0.9805993922131265,0.2727453795732786,0.30688074231147766,0.05701903998851776
h512_wd0.0001_s1,o3,5,0.0005,0.6353351097357901,0.6399362087249756,0.7849702140494889,0.7203767123287671,0.7686934451130762,0.20963023757043847,0.3261697590351105,0.05146706476807594
h512_wd0.0001_s1,o3,6,0.0005,0.605158197252374,0.6640327572822571,0.788374322679335,0.71986301369863,0.9015475483194465,0.24868426400908547,0.34919965267181396,0.03862839192152023
h512_wd0.0001_s1,o3,7,0.0005,0.614394303999449,0.6223301887512207,0.8245160456322916,0.7320205479452055,1.2381056325404707,0.29469694655545137,0.36944273114204407,0.04044370725750923
h512_wd0.0001_s1,o3,8,0.0005,0.5677681941735117,0.620217502117157,0.8423014359736719,0.732876712328767,1.1103743096983194,0.2955481469693173,0.3921867609024048,0.042773835361003876
h512_wd0.0001_s1,o3,9,0.0005,0.5778688270794717,0.6193605065345764,0.8590634392269658,0.7378424657534247,1.3642110816012227,0.33732125268656504,0.4123370945453644,0.04885096102952957
h512_wd0.0001_s1,o3,10,0.0005,0.5172018251921001,0.6996495127677917,0.8702991522045913,0.7330479452054794,1.1679637213730798,0.29764257381464837,0.43311211466789246,0.06978663057088852
h512_wd0.0001_s1,o3,11,0.0005,0.5745290000187723,0.6067785024642944,0.8868457055446036,0.7431506849315068,1.9985747649137178,0.45541048498567854,0.4520365595817566,0.06848283857107162
h512_wd0.0001_s1,o3,12,0.0005,0.4915798714286403,0.6003801226615906,0.8959053743980868,0.747431506849315,1.0747354918976144,0.25752545966004586,0.4695957601070404,0.08293494582176208
h512_wd0.0001_s1,o3,13,0.0005,0.47208510574541596,0.6012012362480164,0.8972088463734393,0.7511986301369863,1.2768981631310838,0.2870245295135181,0.48696956038475037,0.11843623220920563
h512_wd0.0001_s1,o3,14,0.0005,0.4478484909785421,0.6047831177711487,0.9191093300584946,0.7551369863013699,1.2242133495876402,0.27815634329468947,0.5034131407737732,0.1495572179555893
h512_wd0.0001_s1,o3,15,0.0005,0.42057408314002187,0.6154026985168457,0.9285244912688921,0.7522260273972603,1.1126502367243707,0.20938992110975926,0.5193449854850769,0.18298989534378052
h512_wd0.0001_s1,o3,16,0.0005,0.39684177386133296,0.6224583983421326,0.9368624029128828,0.7546232876712329,1.1490696998850667,0.24651152568002707,0.534209668636322,0.22143009305000305
h512_wd0.0001_s1,o3,17,0.0005,0.39571880509978846,0.6149826645851135,0.9480981158905084,0.7491438356164383,1.327782160112327,0.22518889742705617,0.5501357316970825,0.25837934017181396
h512_wd0.0001_s1,o3,18,0.0005,0.37181420937964793,0.7419548034667969,0.9496493552661345,0.7488013698630138,1.171263156309475,0.2395165417943849,0.5658104419708252,0.2971154451370239
h512_wd0.0001_s1,o3,19,0.0005,0.37104766855114385,0.644778311252594,0.9618115028708701,0.7590753424657535,1.7136549864518877,0.25692301729232214,0.5808423161506653,0.32770106196403503
h512_wd0.0001_s1,o3,20,0.0005,0.3513769938757545,0.6247345805168152,0.9672516131812258,0.7554794520547945,1.6612415536375447,0.2529649557943729,0.5956883430480957,0.35853564739227295
h512_wd0.0001_s1,o3,21,0.0005,0.3521861112431476,0.7949894666671753,0.9637290070990746,0.7565068493150685,1.9937159012953092,0.29243483939479825,0.6114678382873535,0.3896913230419159
h512_wd0.0001_s1,o3,22,0.0005,0.35942800578318146,0.889254093170166,0.968662810113219,0.7553082191780822,2.2035324879004694,0.30387948724687136,0.625444769859314,0.4050145447254181
h512_wd0.0001_s1,o3,23,0.0005,0.37295809780296524,0.78167724609375,0.9682319102866561,0.7506849315068493,2.4840097641505174,0.35653730065307626,0.6397531032562256,0.40426209568977356
h512_wd0.0001_s1,o3,24,0.0005,0.3078195476218274,0.7213638424873352,0.9779702463669758,0.7607876712328766,1.6104032398209938,0.24348951789837656,0.6511267423629761,0.43014246225357056
h512_wd0.0001_s1,o3,25,0.0005,0.37817643818102387,0.6463590860366821,0.9814713074577988,0.7597602739726027,2.591860597183123,0.36510085424874,0.6630437970161438,0.4388779103755951
h512_wd0.0001_s1,o3,26,0.0005,0.35970363805168554,0.6264410614967346,0.9794783957599458,0.7556506849315068,1.9468632729081092,0.2750716777864176,0.6759017109870911,0.4349762201309204
h512_wd0.0001_s1,o3,27,0.0005,0.2866763488242501,0.6354502439498901,0.9829686843551045,0.7583904109589041,1.461414054384407,0.20079933433680577,0.6864598989486694,0.4727366268634796
h512_wd0.0001_s1,o3,28,0.0005,0.24848834464424535,0.6514883637428284,0.9847892361223325,0.7585616438356163,1.3890771683883099,0.19767754012384406,0.6957207322120667,0.5201377272605896
h512_wd0.0001_s1,o3,29,0.0005,0.2467722037905141,0.651795506477356,0.9869437352551467,0.7613013698630137,1.4726981958083791,0.18079011283894644,0.7041757106781006,0.5634917616844177
h512_wd0.0001_s1,o3,30,0.0005,0.22743107692191475,0.6531745791435242,0.9895075892231954,0.7626712328767122,1.6522553654684682,0.1965655917329535,0.7131166458129883,0.6016450524330139
h512_wd0.0001_s1,o3,31,0.0005,0.20965338615994705,0.6944519281387329,0.9912311885294466,0.7684931506849315,1.2897076070319151,0.15320873859108392,0.7216847538948059,0.6448636054992676
h512_wd0.0001_s1,o3,32,0.0005,0.23653550602887807,0.728378415107727,0.9935149576102296,0.7578767123287671,2.223089119253747,0.1991399680491764,0.7298475503921509,0.6801072955131531
h512_wd0.0001_s1,o3,33,0.0005,0.21097144406092794,0.7045297622680664,0.9939135399498003,0.7613013698630138,1.8502060093776616,0.14963607839052867,0.7381244897842407,0.7051787972450256
h512_wd0.0001_s1,o3,34,0.0005,0.2248139522577587,0.7228349447250366,0.9950123345075355,0.7506849315068493,2.204332470931841,0.16875210238046703,0.7464175224304199,0.7277554869651794
h512_wd0.0001_s1,o3,35,0.0005,0.19725488400772997,0.7344028949737549,0.9936226825668703,0.7566780821917809,1.664559159411417,0.13887703356636055,0.7539681792259216,0.7556474804878235
h512_wd0.0001_s1,o3,36,0.0005,0.1728666487493013,0.8345414996147156,0.9965312563961694,0.748458904109589,1.6624075208367048,0.1475996215387363,0.7612321972846985,0.7925583720207214
h512_wd0.0001_s1,o3,37,0.0005,0.191101352243047,0.7650954127311707,0.9966497538484741,0.7546232876712329,2.1571587185252508,0.160632194799351,0.7686851024627686,0.819416344165802
h512_wd0.0001_s1,o3,38,0.0005,0.27210011450867905,0.9434382915496826,0.9977808658932015,0.7342465753424657,3.261676663460107,0.23320037884226094,0.777433454990387,0.8280402421951294
h512_wd0.0001_s1,o3,39,0.0005,0.3336655662248009,0.6861488819122314,0.9956910017343719,0.7457191780821918,3.10854350198789,0.27435039478381723,0.7907083630561829,0.8036408424377441
h512_wd0.0001_s1,o3,40,0.0005,0.22246768443207993,1.017798662185669,0.998179448232772,0.7446917808219178,1.8123422548341193,0.14353628339797578,0.7993921637535095,0.8281122446060181
h512_wd0.0001_s1,o3,41,0.0005,0.21871401408785268,0.8449864387512207,0.9985888030680068,0.736986301369863,2.0513757056139474,0.1818609617666874,0.8064759969711304,0.8510647416114807
h512_wd0.0001_s1,o3,42,0.0005,0.17583566355077843,0.8636428713798523,0.9974576910232793,0.7405821917808219,1.530939855114947,0.13759827957564225,0.812364935874939,0.8890305757522583
h512_wd0.0001_s1,o3,43,0.0005,0.16953189906321073,0.9819176197052002,0.9965743463788256,0.7333904109589042,1.8121070432930788,0.13331828021715433,0.8181306719779968,0.9228503704071045
h512_wd0.0001_s1,o3,44,0.0005,0.16766699560378728,0.8078112602233887,0.9991382003468744,0.7458904109589041,1.8079770161644733,0.13103070159415392,0.8239413499832153,0.9565593600273132
h512_wd0.0001_s1,o3,45,0.0005,0.17568601824735341,0.8427684307098389,0.9990197028945695,0.747431506849315,2.060720655763756,0.1515005329541412,0.8295462131500244,0.9899189472198486
h512_wd0.0001_s1,o3,46,0.0005,0.14856992897234464,0.8371554017066956,0.9991489728425385,0.7364726027397261,1.715097525219708,0.11756512597683384,0.8354036808013916,1.0132933855056763
h512_wd0.0001_s1,o3,47,0.0005,0.12735703195396222,0.8919457197189331,0.999375195251484,0.7491438356164384,1.6042551469716353,0.1001904582550984,0.8405372500419617,1.0459167957305908
h512_wd0.0001_s1,o3,48,0.0005,0.12117120309879906,0.9251527190208435,0.9989442954249211,0.7402397260273972,1.7261087637736752,0.10759275629440895,0.8449718952178955,1.073767066001892
h512_wd0.0001_s1,o3,49,0.0005,0.14208101990975833,0.9745381474494934,0.9994506027211324,0.7337328767123287,1.693561997806096,0.10258461375600045,0.8490636944770813,1.0972167253494263
h512_wd0.0001_s1,o3,50,0.0005,0.11865683860684696,0.8945564031600952,0.999698370121406,0.7429794520547944,1.628862370366122,0.10552681527799627,0.8538579940795898,1.122004508972168
h512_wd0.0001_s1,o3,51,0.0005,0.1251113732394419,1.012413501739502,0.9997199151127342,0.7345890410958904,2.0541852223083965,0.11643621120320351,0.8586167693138123,1.1483041048049927
h512_wd0.0001_s1,o4,1,0.0005,0.7096482672189411,0.6871031522750854,0.7700171821305841,0.6434931506849315,0.7515258028227084,0.2236833441569008,0.22918400168418884,0.036268651485443115
h512_wd0.0001_s1,o4,2,0.0005,0.6815496275299474,0.6934565901756287,0.7465420962199313,0.6294520547945206,0.6289086868469822,0.1756188854030616,0.270912230014801,0.04212026670575142
h512_wd0.0001_s1,o4,3,0.0005,0.671947673747414,0.6722932457923889,0.7814647766323024,0.6797945205479452,0.6533484969577861,0.17898530092121545,0.28812044858932495,0.04046521708369255
h512_wd0.0001_s1,o4,4,0.0005,0.6518764025286624,0.6567714810371399,0.792321735395189,0.7063356164383561,0.6534010618349693,0.17309609832939493,0.3058246672153473,0.034951575100421906
h512_wd0.0001_s1,o4,5,0.0005,0.6393962126029166,0.6378169655799866,0.7931808419243986,0.7398972602739726,1.05283758511177,0.2704674824761872,0.3253798186779022,0.03560556098818779
h512_wd0.0001_s1,o4,6,0.0005,0.6205338647491053,0.6271339654922485,0.8206937285223367,0.7422945205479453,1.0473067179261397,0.25468445353401065,0.3454214632511139,0.050120167434215546
h512_wd0.0001_s1,o4,7,0.0005,0.5748626495662489,0.6202223300933838,0.8407753436426117,0.7203767123287671,1.0184334633711676,0.2619418889095608,0.3644525706768036,0.07800403237342834
h512_wd0.0001_s1,o4,8,0.0005,0.5476850318281274,0.6121448874473572,0.856421821305842,0.7385273972602739,1.005642512992156,0.24565127190145394,0.3833920657634735,0.1205788254737854
h512_wd0.0001_s1,o4,9,0.0005,0.5391316649160887,0.631714940071106,0.8713058419243986,0.7258561643835616,1.2261160442354675,0.27864021571037034,0.4007355868816376,0.15128280222415924
h512_wd0.0001_s1,o4,10,0.0005,0.547041140104595,0.6620124578475952,0.8749248281786941,0.7042808219178083,1.4823862456882073,0.31646372538358425,0.4164615273475647,0.15563538670539856
h512_wd0.0001_s1,o4,11,0.0005,0.5181854241772702,0.6172451376914978,0.8911297250859107,0.7301369863013698,1.4278742445234849,0.28656467300576366,0.4316827058792114,0.17177024483680725
h512_wd0.0001_s1,o4,12,0.0005,0.5333350975262491,0.6017139554023743,0.9010846219931272,0.7482876712328768,1.735301874830561,0.33010263203040485,0.4457102119922638,0.1784271001815796
h512_wd0.0001_s1,o4,13,0.0005,0.4751859260232825,0.6227561831474304,0.909278350515464,0.7513698630136986,1.1259027033822726,0.23849966874568782,0.4582290053367615,0.1959936022758484
h512_wd0.0001_s1,o4,14,0.0005,0.4543126476438422,0.6504713892936707,0.9056056701030928,0.733390410958904,0.9591971657794732,0.211744314142568,0.4693831205368042,0.2355823516845703
h512_wd0.0001_s1,o4,15,0.0005,0.4488224716562974,0.6181997060775757,0.9204037800687285,0.7455479452054794,1.3338350827026657,0.22519114638975937,0.4799785017967224,0.2705952525138855
h512_wd0.0001_s1,o4,16,0.0005,0.5080826972660265,0.6130359172821045,0.9322379725085911,0.739554794520548,2.2464285615472495,0.3450837327361257,0.4915882349014282,0.2786531150341034
h512_wd0.0001_s1,o4,17,0.0005,0.47600192772714717,0.6758421063423157,0.9209192439862544,0.7251712328767123,1.5290829102321417,0.2905027048380081,0.5040579438209534,0.2777089774608612
h512_wd0.0001_s1,o4,18,0.0005,0.47484933075151947,0.6301692128181458,0.9326782646048111,0.7419520547945205,1.8340530920596194,0.2894809466156608,0.5146966576576233,0.28702041506767273
h512_wd0.0001_s1,o4,19,0.0005,0.41149993476114777,0.6785207390785217,0.9389712199312715,0.7393835616438356,1.2956726210873593,0.19858565152136345,0.5242025256156921,0.31394022703170776
h512_wd0.0001_s1,o4,20,0.0005,0.38896443420334864,0.6709129214286804,0.9386812714776632,0.7263698630136987,1.2446295359337303,0.1925261715519681,0.5332660675048828,0.35296374559402466
h512_wd0.0001_s1,o4,21,0.0005,0.36484374968629135,0.6523746848106384,0.9514712199312715,0.7392123287671233,1.5850429168232132,0.20797007138957488,0.5423362851142883,0.3904617428779602
h512_wd0.0001_s1,o4,22,0.0005,0.3482681308922015,0.6786398887634277,0.9558634020618556,0.7419520547945206,1.2447522330703098,0.16463457576176718,0.5516800880432129,0.4331872761249542
h512_wd0.0001_s1,o4,23,0.0005,0.3209100185256255,0.7021403908729553,0.9642289518900342,0.7342465753424657,1.3018484031658304,0.1610549725546318,0.560888946056366,0.47483864426612854
h512_wd0.0001_s1,o4,24,0.0005,0.3282724752237922,0.6785677075386047,0.9671713917525774,0.7424657534246575,1.8115851490302854,0.19864499875656375,0.5705857276916504,0.5171138048171997
h512_wd0.0001_s1,o4,25,0.0005,0.34986639101254313,0.6884251832962036,0.9743664089347079,0.7356164383561643,1.8807712400880148,0.2218352320625543,0.5806119441986084,0.5351207256317139
h512_wd0.0001_s1,o4,26,0.0005,0.3171054226787467,0.7916499972343445,0.9721005154639175,0.7356164383561643,1.7657818198244477,0.17948200910439657,0.5899211764335632,0.5665422677993774
h512_wd0.0001_s1,o4,27,0.0005,0.33258573710918427,0.7081044316291809,0.9815292096219932,0.7292808219178081,1.9862327822633192,0.1951501160819893,0.5992271304130554,0.5947304368019104
h512_wd0.0001_s1,o4,28,0.0005,0.28457822062467275,0.750583291053772,0.9846005154639175,0.7390410958904109,1.7114850757745952,0.16645993668462325,0.6083492636680603,0.630193829536438
h512_wd0.0001_s1,o4,29,0.0005,0.30013047080290944,0.7305890321731567,0.9849548969072165,0.7421232876712328,2.002746371555401,0.19053340022525642,0.6176427602767944,0.6622753739356995
h512_wd0.0001_s1,o4,30,0.0005,0.2687028270018728,0.790439248085022,0.9850300687285224,0.7215753424657534,1.5893148033344928,0.15834395737469667,0.6256105303764343,0.7041131258010864
h512_wd0.0001_s1,o4,31,0.0005,0.24433077636517977,0.8278617858886719,0.9894437285223368,0.736472602739726,1.7058666017082242,0.14463435735214716,0.633454442024231,0.7510778307914734
h512_wd0.0001_s1,o4,32,0.0005,0.25887093026387065,0.8116511106491089,0.9884664948453609,0.7297945205479452,2.0070715829397927,0.14949507615883065,0.6417276859283447,0.7856675386428833
h512_wd0.0001_s1,o4,33,0.0005,0.2299993469526893,0.8336582779884338,0.9898947594501718,0.7303082191780822,1.935508687435724,0.14537865907837313,0.6488704085350037,0.8147854804992676
h512_wd0.0001_s1,l0,1,0.0005,0.7039521517960922,0.6804993748664856,0.6712113228535466,0.6489053631414341,0.8848730470427475,0.23693928442907738,0.2362758219242096,0.03258538246154785
h512_wd0.0001_s1,l0,2,0.0005,0.6673793015272721,0.6460936665534973,0.7766971107403179,0.720259469477586,0.8967853436586267,0.259524214724203,0.2807347774505615,0.0371859073638916
h512_wd0.0001_s1,l0,3,0.0005,0.6377149198366248,0.6228866577148438,0.7939170398993004,0.723039499594579,0.9886683463093054,0.26799244289455293,0.3160399794578552,0.03242705762386322
h512_wd0.0001_s1,l0,4,0.0005,0.613085819327313,0.627296507358551,0.8128787213489067,0.7282520560639407,1.3884920494656257,0.3428522272092556,0.3521024286746979,0.039889298379421234
h512_wd0.0001_s1,l0,5,0.0005,0.5830457469691401,0.6411255598068237,0.8398758818535756,0.740878026178617,1.4613133190435348,0.33980779046748505,0.3865088224411011,0.0566176176071167
h512_wd0.0001_s1,l0,6,0.0005,0.554064532984858,0.5936274528503418,0.8666827668979247,0.7470172593536429,1.6187735399205245,0.3776822281683071,0.4165174961090088,0.07373648136854172
h512_wd0.0001_s1,l0,7,0.0005,0.546991792709931,0.6695025563240051,0.8727276719065601,0.7474805977064751,1.7257074719701218,0.4077913187957514,0.44484880566596985,0.09356427192687988
h512_wd0.0001_s1,l0,8,0.0005,0.5272261267123015,0.5931716561317444,0.8919015836772929,0.7475964322946832,1.5712385919569,0.36818133294631294,0.4712631106376648,0.09888531267642975
h512_wd0.0001_s1,l0,9,0.0005,0.4981631805067477,0.6289830803871155,0.8951435847896725,0.7474805977064751,1.640090336223926,0.40140370247686724,0.4960096478462219,0.12731991708278656
h512_wd0.0001_s1,l0,10,0.0005,0.4733691967051962,0.6435919404029846,0.9033839758789263,0.7435422217074018,1.783633467617834,0.4209672931233925,0.5181800723075867,0.14489756524562836
h512_wd0.0001_s1,l0,11,0.0005,0.50659005538277,0.644728422164917,0.9196232545885659,0.7470172593536429,2.1058041936613843,0.4257239471512824,0.5398482084274292,0.14957483112812042
h512_wd0.0001_s1,l0,12,0.0005,0.45178501243176666,0.6236942410469055,0.9212259594274173,0.7478281014710992,1.7026033289845768,0.3564844270147527,0.5601941347122192,0.16597804427146912
h512_wd0.0001_s1,l0,13,0.0005,0.48537361233130744,0.7062604427337646,0.921035683967097,0.7396038457083285,2.01046270712161,0.3975367031651077,0.5795075297355652,0.16581110656261444
h512_wd0.0001_s1,l0,14,0.0005,0.4237696437732033,0.6702731251716614,0.9298761745850531,0.7384454998262481,1.7387465566245301,0.32902770233040646,0.5998465418815613,0.1855333298444748
h512_wd0.0001_s1,l0,15,0.0005,0.3933639707772628,0.6576957106590271,0.9410658353092709,0.7495656202942199,1.3442831085825386,0.27379044998573443,0.6178678870201111,0.21568341553211212
h512_wd0.0001_s1,l0,16,0.0005,0.43881424224894977,0.8324108123779297,0.9452884868709932,0.7378663268852079,2.021648869830749,0.4048268105187998,0.6358277797698975,0.236281618475914
h512_wd0.0001_s1,l0,17,0.0005,0.4537926095983256,0.6158896684646606,0.9508284300810866,0.7472489285300591,1.7979992737318404,0.3660616175271833,0.6579676270484924,0.21806970238685608
h512_wd0.0001_s1,l0,18,0.0005,0.37230848229449726,0.6662687063217163,0.9546705307221686,0.7466697555890189,1.2789980050021565,0.24071104838700275,0.6740170121192932,0.25934237241744995
h512_wd0.0001_s1,l0,19,0.0005,0.3794709061798842,0.7023262977600098,0.9517212610872047,0.7325379358276383,1.7028688993246388,0.2803044782174115,0.6892077922821045,0.29088613390922546
h512_wd0.0001_s1,l0,20,0.0005,0.3777662191701972,0.6627970337867737,0.9655089136734873,0.7349704621800071,1.934100470313648,0.27790512250137456,0.7060940861701965,0.3096194565296173
h512_wd0.0001_s1,l0,21,0.0005,0.38038219122782996,0.6722466349601746,0.9661968326454143,0.7400671840611606,2.0952058945330485,0.29847286953288527,0.7227761745452881,0.32096126675605774
h512_wd0.0001_s1,l0,22,0.0005,0.30451475990855176,0.703882098197937,0.9724686045490472,0.7355496351210471,1.086466916476607,0.19266050893328243,0.7361636161804199,0.3560413122177124
h512_wd0.0001_s1,l0,23,0.0005,0.3166691874680312,0.8614658713340759,0.9746128626211177,0.7287153944167729,1.6956225819547812,0.23382996632051717,0.7481136918067932,0.3885173499584198
h512_wd0.0001_s1,l0,24,0.0005,0.30551230648289557,0.7017464637756348,0.9772181727701179,0.7352021313564231,1.4349883069241975,0.21347615554772184,0.7606428265571594,0.4187594950199127
h512_wd0.0001_s1,l0,25,0.0005,0.283072618038758,0.7129203081130981,0.9825971136676327,0.7306845824163095,1.351562145894856,0.17106496561366874,0.7728817462921143,0.45377930998802185
h512_wd0.0001_s1,l0,26,0.0005,0.24972357762896497,0.7492318153381348,0.983270396065689,0.7358971388856712,1.17301438821474,0.17997495371008276,0.7845667600631714,0.4977284073829651
h512_wd0.0001_s1,l0,27,0.0005,0.2776261325115743,0.732915997505188,0.9870539504112879,0.7328854395922624,2.0710075138785564,0.23865394376148322,0.7969678640365601,0.5279331207275391
h512_wd0.0001_s1,l0,28,0.0005,0.2586875000725622,0.7914977669715881,0.9869441761072568,0.7255878605351558,1.8358159786727557,0.2038443420784791,0.8109586834907532,0.5548639893531799
h512_wd0.0001_s1,l0,29,0.0005,0.2482863813638687,0.9174829125404358,0.9901642223588303,0.7219969883007067,2.0736356168656123,0.19369474302471112,0.8234943151473999,0.5816717743873596
h512_wd0.0001_s1,l0,30,0.0005,0.22215573813604272,0.8898166418075562,0.9907935950352742,0.7241978454766594,1.4727396932978782,0.15605486322423875,0.8354764580726624,0.615041196346283
h512_wd0.0001_s1,l0,31,0.0005,0.2683525921209999,0.9024361371994019,0.9901861772196365,0.7263987026526121,2.3799494823599896,0.2080474736083104,0.8472062349319458,0.6348221302032471
h512_wd0.0001_s1,l0,32,0.0005,0.22985560738522073,0.7984189987182617,0.9930256725505693,0.7263987026526121,1.628667790093539,0.1481719217469652,0.8577404022216797,0.6490909457206726
h512_wd0.0001_s1,l0,33,0.0005,0.21073777455350626,0.8327909708023071,0.9936916366616902,0.7265145372408202,1.5818278313775405,0.14694794198995595,0.8676115274429321,0.6756591200828552
h512_wd0.0001_s1,l0,34,0.0005,0.17974153452593347,0.839299738407135,0.9945112847984544,0.7251245221823237,1.7944422335521417,0.16562426238677483,0.8776377439498901,0.7136314511299133
h512_wd0.0001_s1,l0,35,0.0005,0.20149485912659895,0.8790204524993896,0.995952987324727,0.7187536198308815,1.7487092275568514,0.15797882207221586,0.8871489763259888,0.740503191947937
h512_wd0.0001_s1,l1,1,0.0005,0.7282179075738658,0.6887503862380981,0.6863391510450335,0.6785141022701215,0.9384662995230161,0.3118154693783976,0.2615410387516022,0.044808074831962585
h512_wd0.0001_s1,l1,2,0.0005,0.6869737143101899,0.6845242977142334,0.7002298355239531,0.6226782847970649,0.544834179983671,0.15728217782868278,0.2937871217727661,0.05567147210240364
h512_wd0.0001_s1,l1,3,0.0005,0.6805852211039999,0.6771306395530701,0.7310421604539251,0.6598257280440266,0.5312586660177417,0.15430857801007283,0.30335524678230286,0.05475703254342079
h512_wd0.0001_s1,l1,4,0.0005,0.6668556462163511,0.6633378267288208,0.7421173597644185,0.6711763357028204,0.5371095196831969,0.15455152066173727,0.31609269976615906,0.041890762746334076
h512_wd0.0001_s1,l1,5,0.0005,0.6641062057536581,0.6528234481811523,0.7609710550887022,0.6904379729419858,0.8990635982208101,0.2509132389918753,0.33057984709739685,0.0369182713329792
h512_wd0.0001_s1,l1,6,0.0005,0.6258114394934281,0.6493191123008728,0.79057674351792,0.722540701673928,0.6943999465510048,0.21064224645630136,0.34594547748565674,0.041085127741098404
h512_wd0.0001_s1,l1,7,0.0005,0.6100465733072032,0.6262486577033997,0.8048049989226459,0.7144003668883284,0.9236885248135358,0.2341260339300797,0.36267030239105225,0.06671085208654404
h512_wd0.0001_s1,l1,8,0.0005,0.591040287328803,0.6156421303749084,0.8226316167492638,0.7304517312542995,1.0268292914609662,0.2479597633512265,0.37738198041915894,0.09864096343517303
h512_wd0.0001_s1,l1,9,0.0005,0.5757087818954302,0.6552729606628418,0.8143503555268261,0.6991515707406558,0.9742865999651543,0.22787167764636954,0.39058101177215576,0.13286776840686798
h512_wd0.0001_s1,l1,10,0.0005,0.5562973825827889,0.6130671501159668,0.8480930833872011,0.7362990139876175,0.9127826759547506,0.19488258687442866,0.40409210324287415,0.17381632328033447
h512_wd0.0001_s1,l1,11,0.0005,0.5466914228771044,0.6082426905632019,0.8657401422107305,0.7401972024764962,0.9179997315096086,0.18042359177091102,0.4169115126132965,0.21313399076461792
h512_wd0.0001_s1,l1,12,0.0005,0.5222700613996257,0.6057053208351135,0.8777418659771601,0.7381334556294428,1.1200838636920702,0.21980814063331752,0.4290376603603363,0.2503294050693512
h512_wd0.0001_s1,l1,13,0.0005,0.5021745601426,0.6106114387512207,0.8845291962939021,0.7356110983719331,1.219395614070921,0.21570060776036942,0.44155779480934143,0.2962398827075958
h512_wd0.0001_s1,l1,14,0.0005,0.49275930161061493,0.6141430139541626,0.8962939021762552,0.7436367805549184,0.9609044253114781,0.14486285626098175,0.45186948776245117,0.3394080400466919
h512_wd0.0001_s1,l1,15,0.0005,0.462554817614348,0.6101065874099731,0.9055806938159879,0.7392799816555835,1.0881351499892384,0.16882767111202537,0.4622035324573517,0.38323381543159485
h512_wd0.0001_s1,l1,16,0.0005,0.4369650586791661,0.6757382154464722,0.9091790562378798,0.7317129098830543,1.1710338958076725,0.1702245473223273,0.47303351759910583,0.4374704957008362
h512_wd0.0001_s1,l1,17,0.0005,0.4670604972735695,0.6730567812919617,0.9230697407167996,0.7247191011235956,1.6488917109229357,0.19576116293810358,0.48280948400497437,0.4629400074481964
h512_wd0.0001_s1,l1,18,0.0005,0.4447611052057017,0.6358723044395447,0.9235150470444587,0.7474203164411831,1.360568830680994,0.15610529174982343,0.4919162094593048,0.5039088726043701
h512_wd0.0001_s1,l1,19,0.0005,0.4270239252111186,0.6409043669700623,0.9312360841772607,0.739967897271268,1.4067037596368275,0.15454423135997236,0.4996306598186493,0.5319383144378662
h512_wd0.0001_s1,l1,20,0.0005,0.4172200469867043,0.9501882791519165,0.926086331968685,0.7236872277000689,1.7007749553303566,0.1881755091067604,0.5082699656486511,0.560149073600769
h512_wd0.0001_s1,l1,21,0.0005,0.4953204626622407,0.6300210952758789,0.9364863894275659,0.7418023389130932,1.770126502097437,0.25686367549290584,0.5197317600250244,0.5427488684654236
h512_wd0.0001_s1,l1,22,0.0005,0.4277371142221534,0.647937536239624,0.9400057458880989,0.7301077734464573,1.4547171187942693,0.15739878226409337,0.5277717709541321,0.5884538292884827
h512_wd0.0001_s1,l1,23,0.0005,0.3843609923901765,0.6424686312675476,0.9450262156144508,0.7493694106856225,1.3649233485970933,0.13994256143211486,0.5350109934806824,0.6465869545936584
h512_wd0.0001_s1,l1,24,0.0005,0.3599853191686713,0.6437279582023621,0.9520433814551461,0.7445540013758312,1.5509638745143348,0.1424183297210157,0.5412309765815735,0.6940755844116211
h512_wd0.0001_s1,l1,25,0.0005,0.3394646670507348,0.6845899224281311,0.9589959060547296,0.7387067186425132,1.4689000313142366,0.137938485863942,0.5468175411224365,0.7402229309082031
h512_wd0.0001_s1,l1,26,0.0005,0.3519276315751283,0.6763668060302734,0.9579185520361991,0.7452419169915157,2.2443244133226634,0.16616336358775313,0.5531395673751831,0.7776179909706116
h512_wd0.0001_s1,l1,27,0.0005,0.33028819250023883,0.6889218688011169,0.9639660992602169,0.7358404035771612,1.7321792935967641,0.1384800598405924,0.5587096810340881,0.8164883255958557
h512_wd0.0001_s1,l1,28,0.0005,0.32037569971188257,0.7403935790061951,0.9595058536235007,0.7502866315065352,1.757361211184289,0.12951017188543212,0.5641041994094849,0.8545939922332764
h512_wd0.0001_s1,l1,29,0.0005,0.3195656848990399,0.7343867421150208,0.9667313079077786,0.7374455400137583,1.9302635582897916,0.1402602965109266,0.5700427889823914,0.8887401819229126
h512_wd0.0001_s1,l1,30,0.0005,0.34224299503409344,0.6447773575782776,0.9748330101271278,0.7265535427654208,2.2247896731278076,0.15283340989604072,0.5756703615188599,0.9188507795333862
h512_wd0.0001_s1,l1,31,0.0005,0.3499625746322715,0.679358959197998,0.9649644473173886,0.7467324008254989,2.3482954276645343,0.15744347262727268,0.5820416212081909,0.9579856395721436
h512_wd0.0001_s1,l1,32,0.0005,0.357174404937288,0.6782646179199219,0.9684191625368095,0.7428342123366201,2.3873009784096655,0.1677318430038469,0.5878699421882629,0.9875702857971191
h512_wd0.0001_s1,l1,33,0.0005,0.3912525747133338,0.698634684085846,0.9771529124470301,0.73973859206604,2.857793853646244,0.17465185090524663,0.5938860774040222,0.9938066601753235
h512_wd0.0001_s1,l1,34,0.0005,0.3372131320445434,0.7200118899345398,0.9744379803203331,0.7443246961706032,2.6891401405017343,0.16039203555229548,0.5998508334159851,1.0164108276367188
h512_wd0.0001_s1,l1,35,0.0005,0.271047117917434,0.7393385767936707,0.9795733678086619,0.7366429717954598,1.6663695187752234,0.10706342829766916,0.6044622659683228,1.0415641069412231
h512_wd0.0001_s1,l1,36,0.0005,0.281472886386125,0.7437810301780701,0.9803131509013863,0.7418023389130932,2.4260741644820056,0.11816934561093786,0.6085367202758789,1.0831044912338257
h512_wd0.0001_s1,l1,37,0.0005,0.28348524220611737,0.8088409900665283,0.9850894203835381,0.7354964457693189,2.323528968308467,0.12345759096349755,0.6129206418991089,1.114721417427063
h512_wd0.0001_s1,l1,38,0.0005,0.2777405368245166,0.7998453378677368,0.9821374703727646,0.7440953909653748,2.5297513670997227,0.13682301386229614,0.618187665939331,1.1507625579833984
h512_wd0.0001_s1,l1,39,0.0005,0.29865705966949463,0.7361398935317993,0.9871866695396107,0.7311396468699839,2.8766984722390623,0.13392628138076,0.6242239475250244,1.1718178987503052
h512_wd0.0001_s1,l1,40,0.0005,0.26302499388870987,0.8013026714324951,0.9807656395891691,0.729878468241229,1.930758393673773,0.10159024327316127,0.6286293864250183,1.2102038860321045
h512_wd0.0001_s1,l1,41,0.0005,0.2672297397385473,0.9702020287513733,0.9853120735473677,0.7294198578307728,2.4837989218078924,0.11942041174388252,0.6325598955154419,1.2485841512680054
h512_wd0.0001_s1,l1,42,0.0005,0.23945949744919073,0.7944911122322083,0.9866623572505926,0.7474203164411832,1.9784792903140143,0.0960363253502233,0.6366307139396667,1.2839277982711792
h512_wd0.0001_s1,l1,43,0.0005,0.21700920618098715,0.832552969455719,0.9898369604251958,0.7357257509745472,2.057786925356206,0.08756523662327886,0.6402771472930908,1.3321208953857422
h512_wd0.0001_s1,l1,44,0.0005,0.21439445666644885,0.8307951092720032,0.990188896071249,0.7358404035771612,2.234027042962211,0.09870212128544543,0.6450488567352295,1.376441478729248
h512_wd0.0001_s1,l1,45,0.0005,0.23631718592799228,0.7910338044166565,0.9917043740573153,0.7404265076817244,2.5365498590199245,0.11705636403684098,0.6498593688011169,1.4182417392730713
h512_wd0.0001_s1,l1,46,0.0005,0.3070024277852929,0.7634590864181519,0.989384471737413,0.7315982572804403,3.575017881295459,0.14753960516320772,0.6552308201789856,1.4284459352493286
h512_wd0.0001_s1,l1,47,0.0005,0.25268697447103,0.8040372729301453,0.9917402858579328,0.7350378353588627,2.4896934719513566,0.09974154489850263,0.6596068143844604,1.4527864456176758
h512_wd0.0001_s1,l1,48,0.0005,0.26362084629742993,0.8024725914001465,0.9913883502118797,0.7357257509745472,3.118686476045882,0.11241095393056838,0.6640247106552124,1.4809497594833374
h512_wd0.0001_s1,l2,1,0.0005,0.7006877985867587,0.6784623265266418,0.7358333841370481,0.6665456745311554,1.1252195119728166,0.31242492233216473,0.2399277538061142,0.029294386506080627
h512_wd0.0001_s1,l2,2,0.0005,0.6751894896680658,0.6608993411064148,0.7546409193440224,0.7420447670901391,1.2707776268257716,0.34472339321931644,0.2864163815975189,0.03902469202876091
h512_wd0.0001_s1,l2,3,0.0005,0.6664933318441565,0.7055164575576782,0.7520956532341645,0.673805202661827,1.4588285402896133,0.4034362531562976,0.32031533122062683,0.05712970346212387
h512_wd0.0001_s1,l2,4,0.0005,0.6533550403334878,0.6271131634712219,0.7882018533195148,0.7542649727767695,1.1218468393469652,0.32783123865102304,0.3450755476951599,0.07460983842611313
h512_wd0.0001_s1,l2,5,0.0005,0.6192816509441896,0.6146584153175354,0.7992211790526123,0.7359951603145796,1.3198648147241243,0.38047040194247844,0.3698178827762604,0.06226033717393875
h512_wd0.0001_s1,l2,6,0.0005,0.602154016494751,0.5970389246940613,0.8222733646284216,0.7611615245009075,1.2167301724226116,0.3821893707983003,0.3930196762084961,0.055757682770490646
h512_wd0.0001_s1,l2,7,0.0005,0.5737848661162637,0.5787728428840637,0.8391986222032555,0.7726557773744707,1.155552655047146,0.3236372448074322,0.41807395219802856,0.04465090483427048
h512_wd0.0001_s1,l2,8,0.0005,0.5630847730419852,0.5811882615089417,0.8540739498872159,0.7778584392014519,1.430805617030292,0.38331419150115575,0.4426693916320801,0.04268456995487213
h512_wd0.0001_s1,l2,9,0.0005,0.5289215526797555,0.5738054513931274,0.864491251600317,0.7731397459165155,1.3573747252890713,0.3312646019747009,0.4660766124725342,0.051819976419210434
h512_wd0.0001_s1,l2,10,0.0005,0.5284789638085798,0.6318841576576233,0.8813555447174298,0.7803992740471869,1.4656192398270456,0.34263131548375053,0.48501643538475037,0.05780987814068794
h512_wd0.0001_s1,l2,11,0.0005,0.5145672017877753,0.637057363986969,0.8848686215936109,0.764670296430732,1.5061502263704272,0.34600349684958415,0.5073021054267883,0.07283810526132584
h512_wd0.0001_s1,l2,12,0.0005,0.4855330098759044,0.7572551369667053,0.866030604157776,0.7027223230490018,1.3691042224988619,0.3386611934956621,0.5272737741470337,0.08673553168773651
h512_wd0.0001_s1,l2,13,0.0005,0.5245474211194299,0.614017128944397,0.8918947753459732,0.7459165154264973,2.1523655335109773,0.5546545845118854,0.5478343963623047,0.09248701483011246
h512_wd0.0001_s1,l2,14,0.0005,0.543433207002553,0.5910150408744812,0.9080884594281532,0.7639443436176648,2.047872593339954,0.5387420784098205,0.5662896037101746,0.07405725866556168
h512_wd0.0001_s1,l2,15,0.0005,0.4555841223760085,0.6078944206237793,0.9171721636286045,0.7751966122202056,1.208749727179426,0.28530881851776985,0.5831258893013,0.09036097675561905
h512_wd0.0001_s1,l2,16,0.0005,0.4486010670661926,0.5685637593269348,0.9178656343351826,0.7829401088929221,1.433008654540865,0.3153293160997934,0.5984683036804199,0.1157836765050888
h512_wd0.0001_s1,l2,17,0.0005,0.4222131615335291,0.5794355869293213,0.9336097055416692,0.7739866908650938,1.3607208992984583,0.2998684503881247,0.6128490567207336,0.13898910582065582
h512_wd0.0001_s1,l2,18,0.0005,0.3986276835203171,0.6072438359260559,0.9402319697616288,0.7781004234724743,1.2353269242526213,0.24957973524342042,0.6264140009880066,0.16705945134162903
h512_wd0.0001_s1,l2,19,0.0005,0.42530229687690735,0.661652147769928,0.9443546912150216,0.7705989110707803,1.560752576573863,0.3094779010649688,0.6408615112304688,0.18589147925376892
h512_wd0.0001_s1,l2,20,0.0005,0.4186657518148422,0.6364703178405762,0.9385706882887277,0.760798548094374,1.886350171455993,0.362096001355303,0.6570740938186646,0.19659729301929474
h512_wd0.0001_s1,l2,21,0.0005,0.4223720119758086,0.5891940593719482,0.9531259525696518,0.7699939503932245,1.766776564931648,0.3182933516069374,0.669876217842102,0.20341289043426514
h512_wd0.0001_s1,l2,22,0.0005,0.3809938918460499,0.603466272354126,0.9546957873559714,0.7733817301875379,1.4757713991091583,0.2682748374482737,0.6852771043777466,0.22508925199508667
h512_wd0.0001_s1,l2,23,0.0005,0.35876900634982367,0.6196334958076477,0.9621639334268122,0.7719298245614035,1.6050431777795815,0.29005516705473505,0.6977567076683044,0.2523479163646698
h512_wd0.0001_s1,l2,24,0.0005,0.32313021272420883,0.6602969169616699,0.96364232152655,0.7577737447065941,1.2342331909962219,0.22795704297603797,0.7106568217277527,0.2903064787387848
h512_wd0.0001_s1,l2,25,0.0005,0.37987795201214875,0.6449495553970337,0.9692739133085411,0.7722928009679371,2.051605298441348,0.3348375830497836,0.723263680934906,0.30123552680015564
h512_wd0.0001_s1,l2,26,0.0005,0.3511770238930529,0.6670214533805847,0.9672925684326038,0.7696309739866908,1.9048075231273423,0.31322764995121516,0.7364147305488586,0.3091660439968109
h512_wd0.0001_s1,l2,27,0.0005,0.3883570392023433,0.6174609065055847,0.9759647625434371,0.7707199032062916,2.1335128591602994,0.3281741799037076,0.7515572309494019,0.3057112991809845
h512_wd0.0001_s1,l2,28,0.0005,0.32979901947758417,0.6471640467643738,0.9703026885325855,0.763944343617665,1.7559073373381333,0.26789230896043686,0.765248715877533,0.32629311084747314
h512_wd0.0001_s1,l2,29,0.0005,0.29994656958363275,0.7723556160926819,0.9732366030604158,0.7692679975801573,1.3646791768775415,0.21571769979149558,0.7767670154571533,0.3616029918193817
h512_wd0.0001_s1,l2,30,0.0005,0.2777892594987696,0.7728767991065979,0.979889349509236,0.7652752571082879,1.5232890723874553,0.2112353394900686,0.7881857752799988,0.3887266516685486
h512_wd0.0001_s1,l2,31,0.0005,0.2530053264715455,0.7709084153175354,0.980201792355057,0.7716878402903812,1.5323663703117183,0.2050794326573936,0.7989497780799866,0.4267534017562866
h512_wd0.0001_s1,l2,32,0.0005,0.29889787665822287,0.6642804145812988,0.9826327501066878,0.7714458560193588,1.869301810045141,0.24096893027891897,0.809151828289032,0.44537606835365295
h512_wd0.0001_s1,l2,33,0.0005,0.25310360166159546,0.7079294919967651,0.9861610680972992,0.7652752571082879,1.5954890658791627,0.20427411087572311,0.8182376027107239,0.4745759665966034
h512_wd0.0001_s1,l2,34,0.0005,0.29610090973702347,0.7052451372146606,0.9857190757788209,0.7743496672716274,2.2373917378688954,0.27083734455291625,0.8292660117149353,0.4935028851032257
h512_wd0.0001_s1,l2,35,0.0005,0.2718359523198821,0.8686060905456543,0.9785709931110163,0.7340592861464004,1.8930979626679727,0.2434856739711562,0.8422383069992065,0.49250686168670654
h512_wd0.0001_s1,l2,36,0.0005,0.3749044544317506,0.76551753282547,0.9890492592818387,0.7461584996975197,2.7732268478378375,0.35144354591090227,0.8537134528160095,0.4692981541156769
h512_wd0.0001_s1,l3,1,0.0005,0.7132869259170864,0.681999683380127,0.7347923500468603,0.639638596084791,0.9268567092003263,0.24345999310867383,0.23289093375205994,0.04145688936114311
h512_wd0.0001_s1,l3,2,0.0005,0.6741945847221043,0.6720862984657288,0.7370182169634488,0.639638596084791,0.7035716291137871,0.1978420069304302,0.2735311985015869,0.048782020807266235
h512_wd0.0001_s1,l3,3,0.0005,0.6546445074288741,0.6643209457397461,0.7558721883786317,0.642766129966408,0.9511727095761298,0.26837778361524,0.3021112084388733,0.04251330345869064
h512_wd0.0001_s1,l3,4,0.0005,0.6225598324900088,0.6454148888587952,0.801019212746017,0.6789065214873161,1.0992800591980356,0.3001654264289316,0.33411934971809387,0.04027697443962097
h512_wd0.0001_s1,l3,5,0.0005,0.5939311151919158,0.6546206474304199,0.8193093955014058,0.6798331981929805,1.3404060448220534,0.3682295163073793,0.3647531569004059,0.05116629973053932
h512_wd0.0001_s1,l3,6,0.0005,0.5859514539656432,0.6221106052398682,0.8570026944704779,0.7014942661878837,1.5400997126674287,0.41061408095090335,0.3953290283679962,0.054277755320072174
h512_wd0.0001_s1,l3,7,0.0005,0.5650608798731929,0.6243083477020264,0.8652837980318651,0.7017259353642997,1.5536802472603242,0.4124810109486548,0.4206550717353821,0.05732601135969162
h512_wd0.0001_s1,l3,8,0.0005,0.5123208165168762,0.6217682361602783,0.8781044985941893,0.7039267925402526,1.0762489699077797,0.2808549854154698,0.4443452060222626,0.08208514750003815
h512_wd0.0001_s1,l3,9,0.0005,0.5225612236105878,0.6277937293052673,0.8929753397375819,0.711340206185567,1.6800162088353228,0.379249249652744,0.4648644030094147,0.10113818198442459
h512_wd0.0001_s1,l3,10,0.0005,0.5249028827833093,0.700965940952301,0.8895779639175259,0.6953550330128576,1.8485064127181272,0.41370013736568684,0.4856320023536682,0.10704580694437027
h512_wd0.0001_s1,l3,11,0.0005,0.4594923892746801,0.631229043006897,0.9083074625117151,0.7156260859492646,1.031392462939281,0.2317910275969732,0.5052834749221802,0.13898330926895142
h512_wd0.0001_s1,l3,12,0.0005,0.4660497864951258,0.641118586063385,0.917218252108716,0.7166685972431368,1.656619500426613,0.33796648728795425,0.5217470526695251,0.16346818208694458
h512_wd0.0001_s1,l3,13,0.0005,0.43147921432619507,0.6566526293754578,0.9257775890346767,0.7185219506544654,1.3229717386530546,0.27873247620171626,0.5392754077911377,0.19457849860191345
h512_wd0.0001_s1,l3,14,0.0005,0.4318588544493136,0.6875548958778381,0.9316717432052484,0.7076334993629096,1.6553178063713145,0.2999313576100049,0.5570549368858337,0.22176121175289154
h512_wd0.0001_s1,l3,15,0.0005,0.40422115507333173,0.6495042443275452,0.9415636715089034,0.7206069732422102,1.4442922180280382,0.25546737283830706,0.5740518569946289,0.24716956913471222
h512_wd0.0001_s1,l3,16,0.0005,0.4323848550734313,0.862339973449707,0.9290285262417994,0.6981350631298505,2.173476783489239,0.36697110869894484,0.5911402702331543,0.2685226798057556
h512_wd0.0001_s1,l3,17,0.0005,0.48574643160985864,0.6730923056602478,0.9409266635426428,0.7206069732422101,2.2775251585089444,0.40536915717677124,0.6088072061538696,0.23084035515785217
h512_wd0.0001_s1,l3,18,0.0005,0.37955110034217004,0.7046240568161011,0.9444338683223993,0.711108537009151,1.4054794524302407,0.27245193967668946,0.6217293739318848,0.26213350892066956
h512_wd0.0001_s1,l3,19,0.0005,0.37794810922249505,0.6766607761383057,0.9548895852858482,0.7217653191242905,1.5238750797494036,0.28146162115085915,0.6361681818962097,0.2941710650920868
h512_wd0.0001_s1,l3,20,0.0005,0.35378877494646155,0.7048765420913696,0.955072633552015,0.7140044017143519,1.6034207976661754,0.26325535427671287,0.6488044857978821,0.32485535740852356
h512_wd0.0001_s1,l3,21,0.0005,0.3637087293293165,0.7168330550193787,0.9647595477975632,0.7251245221823236,1.917821471500505,0.26679000940443687,0.6615051031112671,0.35511285066604614
h512_wd0.0001_s1,l3,22,0.0005,0.3607836495275083,0.7580915093421936,0.9689110824742269,0.7171319355959689,1.8872014570352875,0.26248744336001806,0.674386739730835,0.36990323662757874
h512_wd0.0001_s1,l3,23,0.0005,0.35449429569037066,0.8704349398612976,0.9732090557638238,0.7257036951233639,1.975689181889558,0.2742704384214206,0.6885353922843933,0.3969031572341919
h512_wd0.0001_s1,l3,24,0.0005,0.34270276453184045,0.6884596347808838,0.9704560098406747,0.7298737402988532,1.9064728179047696,0.26253613041615725,0.701644778251648,0.40971988439559937
h512_wd0.0001_s1,l3,25,0.0005,0.2918298445318056,0.776231586933136,0.9759913894095595,0.7272095447700683,1.3842936313441319,0.1885181346787508,0.7139096856117249,0.44258809089660645
h512_wd0.0001_s1,l3,26,0.0005,0.26942314920218097,0.7224422693252563,0.9789128397375819,0.7317270937101819,1.4217061763041883,0.17174316880051277,0.7256593704223633,0.4775103032588959
h512_wd0.0001_s1,l3,27,0.0005,0.2978864979484807,0.7500632405281067,0.9789714151827554,0.7288312290049809,1.979011132348225,0.23928889942930914,0.7374035716056824,0.5010637044906616
h512_wd0.0001_s1,l3,28,0.0005,0.2777460858873699,0.7886382341384888,0.9841480201499531,0.7253561913587396,1.8986348852298605,0.18224592784972898,0.7474865317344666,0.5320199131965637
h512_wd0.0001_s1,l3,29,0.0005,0.28453222888967267,0.7738574743270874,0.9873257380506092,0.7206069732422101,1.9182164392769707,0.20736473428481475,0.7593866586685181,0.5625975728034973
h512_wd0.0001_s1,l3,30,0.0005,0.26851985182451166,0.875167191028595,0.9833352858481724,0.7064751534808293,1.9551178809433907,0.19388271609276161,0.7706771492958069,0.5908969640731812
h512_wd0.0001_s1,l3,31,0.0005,0.28353392624336743,0.805570125579834,0.9906938261480787,0.7200278003011699,2.1252453860184053,0.22085104963485272,0.780452311038971,0.6106760501861572
h512_wd0.0001_s1,l3,32,0.0005,0.2555159906978193,0.8676982522010803,0.989968955014058,0.7201436348893779,1.8845983449155113,0.18263630074121953,0.7901541590690613,0.6334245204925537
h512_wd0.0001_s1,l3,33,0.0005,0.25470703969831054,0.7887794971466064,0.9935567010309279,0.723271168770995,2.259308924120375,0.18712326874122237,0.800672709941864,0.6555932760238647
h512_wd0.0001_s1,l3,34,0.0005,0.21070730750975403,0.8459470272064209,0.9942010309278351,0.7214178153596663,1.674099004263131,0.15832016357056758,0.8107693195343018,0.688854455947876
h512_wd0.0001_s1,l3,35,0.0005,0.19046570425448212,0.889481246471405,0.9948087511715089,0.7273253793582763,1.6136877690840563,0.1466516588564583,0.8189934492111206,0.7270771861076355
h512_wd0.0001_s1,l3,36,0.0005,0.18694218215735062,0.8807974457740784,0.9933443650421744,0.732190432063014,1.6076471929664655,0.1405445199184261,0.8269071578979492,0.7616448402404785
h512_wd0.0001_s1,l3,37,0.0005,0.18176341996244763,0.9245128631591797,0.9974519681349578,0.7250086875941156,1.7770308118360678,0.1502483417928246,0.8341583013534546,0.7944195866584778
h512_wd0.0001_s1,l3,38,0.0005,0.1657998066233552,0.9498981833457947,0.9968881794751641,0.7237345071238271,1.8928417837173825,0.14659441883027743,0.8417634963989258,0.8296023011207581
h512_wd0.0001_s1,l3,39,0.0005,0.1779437419836936,0.9948270916938782,0.9971517689784443,0.7217653191242905,2.05323787215472,0.1359411264229956,0.8492544293403625,0.8550328612327576
h512_wd0.0001_s1,l3,40,0.0005,0.20536000702692114,0.9652754068374634,0.996595302249297,0.7169002664195527,2.4362737266916175,0.1585744058250383,0.8573023676872253,0.8705312013626099
h512_wd0.0001_s1,l3,41,0.0005,0.23705720480369485,0.8814438581466675,0.9901153936269915,0.722923665006371,2.7164237354923038,0.19306935303759137,0.867042601108551,0.8838326334953308
h512_wd0.0001_s1,l3,42,0.0005,0.2358307903227599,0.9068030118942261,0.9980670103092784,0.7131935595968956,2.5633072683809464,0.18986887552161277,0.8782998323440552,0.8938806056976318
h512_wd0.0001_s1,l3,43,0.0005,0.23906808638054391,1.1236215829849243,0.9982280927835051,0.7105293640681107,2.9015768948329845,0.1929120703302755,0.8876373767852783,0.9109576344490051
h512_wd0.0001_s1,l3,44,0.0005,0.2238858792444934,0.9823946356773376,0.9987845595126523,0.7170161010077609,2.688669846558969,0.17810523488347965,0.8967738747596741,0.9188553094863892
h512_wd0.0001_s1,l3,45,0.0005,0.15148402556129123,0.9316942691802979,0.9982793462980319,0.7223444920653308,1.7004026692913792,0.13071087403632245,0.9041298627853394,0.9512894749641418
h512_wd0.0001_s1,l3,46,0.0005,0.13184393812780795,1.070759892463684,0.9990627928772259,0.7146994092436002,1.5547904599984386,0.10942470487686165,0.9099019765853882,0.9927566051483154
h512_wd0.0001_s1,l3,47,0.0005,0.17182419724438502,1.0452958345413208,0.9987333059981256,0.7199119657129619,2.0993323745519565,0.12679359491132516,0.9159651398658752,1.0202690362930298
h512_wd0.0001_s1,l3,48,0.0005,0.15451581597976063,1.1018309593200684,0.9983086340206185,0.7236186725356192,2.1586048091974663,0.11999719348803521,0.9230915904045105,1.041764497756958
h512_wd0.0001_s1,l3,49,0.0005,0.12760018265765646,1.1056724786758423,0.9992678069353327,0.720491138654002,1.6604205402512835,0.09397717752017547,0.9289231896400452,1.0665229558944702
h512_wd0.0001_s1,l3,50,0.0005,0.11536977245755818,1.069049596786499,0.9996924789128397,0.726167033476196,1.8357715813197835,0.09544779426385702,0.9343138933181763,1.0947587490081787
h512_wd0.0001_s1,l3,51,0.0005,0.14483372284018475,1.161775827407837,0.9990042174320525,0.7108768678327348,2.386463003430537,0.10779762868654996,0.9416124224662781,1.1163804531097412
h512_wd0.0001_s1,l3,52,0.0005,0.13026371274305426,1.0834705829620361,0.9996119376757264,0.7181744468898413,2.093959110337558,0.1017334345634051,0.9473575353622437,1.1359920501708984
h512_wd0.0001_s1,l3,53,0.0005,0.13869891056547995,1.1784642934799194,0.9990701148078726,0.7241978454766594,2.064368665365483,0.11246196611796255,0.953125536441803,1.156686544418335
h512_wd0.0001_s1,l3,54,0.0005,0.18494246592340263,1.0423882007598877,0.9996339034676663,0.7214178153596664,2.9719010061123816,0.15107811321246667,0.9613708257675171,1.1630685329437256
h512_wd0.0001_s1,l3,55,0.0005,0.1615768243437228,1.1475266218185425,0.9995094306466729,0.7165527626549287,2.703781608778017,0.11854493413226576,0.9680412411689758,1.1701600551605225
h512_wd0.0001_s1,l3,56,0.0005,0.1388996591710526,1.1907483339309692,0.9992238753514527,0.7177111085370091,2.2693678954544216,0.12268478418160055,0.9733996987342834,1.1859455108642578
h512_wd0.0001_s1,l4,1,0.0005,0.6947017234304677,0.694603681564331,0.7088216145833333,0.6602624179943768,0.9899544625259994,0.24174178139112465,0.24510248005390167,0.02765306457877159
h512_wd0.0001_s1,l4,2,0.0005,0.6514006464377694,0.6843706965446472,0.7672378077651515,0.6758434864104967,1.3240317894983709,0.3281785960870167,0.29937583208084106,0.026978766545653343
h512_wd0.0001_s1,l4,3,0.0005,0.6623762690502665,0.650561511516571,0.7967640269886364,0.7037253983130272,1.648135686930478,0.4535573859269494,0.33095064759254456,0.047742586582899094
h512_wd0.0001_s1,l4,4,0.0005,0.6069216443144757,0.6284151077270508,0.8190252130681819,0.7141518275538894,1.1551909893622705,0.30739549910733766,0.3615051507949829,0.04088056460022926
h512_wd0.0001_s1,l4,5,0.0005,0.578363554633182,0.6180135607719421,0.8406723484848484,0.7243439550140581,1.3631516698682529,0.36672037264460633,0.392350971698761,0.03381986543536186
h512_wd0.0001_s1,l4,6,0.0005,0.5768897637077,0.6763229370117188,0.8556389086174243,0.7193064667291472,1.7042147520631514,0.4084500315856801,0.42124947905540466,0.03898819163441658
h512_wd0.0001_s1,l4,7,0.0005,0.5232519274172576,0.6179401874542236,0.8787360913825758,0.7305529522024367,1.210925848964489,0.299460928421183,0.45269933342933655,0.058761633932590485
h512_wd0.0001_s1,l4,8,0.0005,0.4975962133511253,0.6216215491294861,0.8966545336174242,0.7262183692596063,1.3067059236352,0.31241417126591875,0.48009395599365234,0.08322534710168839
h512_wd0.0001_s1,l4,9,0.0005,0.4788656092208365,0.6395832300186157,0.9087505918560606,0.7238753514526711,1.5035001688361864,0.3418192633412276,0.5093454122543335,0.11529870331287384
h512_wd0.0001_s1,l4,10,0.0005,0.5075818403907444,0.6765434741973877,0.9152462121212123,0.7167291471415183,2.0496872067368117,0.43378612856227294,0.5367558598518372,0.12944115698337555
h512_wd0.0001_s1,l4,11,0.0005,0.4853847629350165,0.6281278133392334,0.9237393465909091,0.7250468603561386,2.132444494564912,0.49383333755447645,0.5640759468078613,0.12806591391563416
h512_wd0.0001_s1,l4,12,0.0005,0.4409916841465494,0.6316919922828674,0.9319291548295454,0.721883786316776,1.5481282915377903,0.2879508638719947,0.584985613822937,0.14513403177261353
h512_wd0.0001_s1,l4,13,0.0005,0.4214386629021686,0.6789367198944092,0.9414950284090908,0.7321930646672915,1.6059642845788686,0.29429417495704413,0.6045140027999878,0.16788937151432037
h512_wd0.0001_s1,l4,14,0.0005,0.4465386608372564,0.8300960063934326,0.9444173177083333,0.7245782567947516,2.1911966125568356,0.4409935230768066,0.6246926784515381,0.182953342795372
h512_wd0.0001_s1,l4,15,0.0005,0.43456569702728937,0.6386170387268066,0.9444173177083334,0.7290299906279288,1.9555375329635514,0.3839186399464383,0.64586341381073,0.17772330343723297
h512_wd0.0001_s1,l4,16,0.0005,0.37498108200404956,0.7080932855606079,0.9554850260416667,0.7256326148078724,1.507439840075846,0.2539408600799771,0.6621609330177307,0.20301774144172668
h512_wd0.0001_s1,l4,17,0.0005,0.3715684608272884,0.7397323846817017,0.9586292613636364,0.721415182755389,1.707082174156492,0.2978916857287827,0.6783114075660706,0.2276504933834076
h512_wd0.0001_s1,l4,18,0.0005,0.35760839413041656,0.8221003413200378,0.966500946969697,0.7220009372071228,1.5611489507175322,0.2703068254888131,0.6938516497612,0.24497760832309723
h512_wd0.0001_s1,l4,19,0.0005,0.3385506563860437,0.6817942261695862,0.9705329663825757,0.7182521087160263,1.5997754386381124,0.24268766184553237,0.7091888785362244,0.26894450187683105
h512_wd0.0001_s1,l4,20,0.0005,0.3461176111646321,0.8899308443069458,0.97216796875,0.7217666354264294,1.8276999851605826,0.3028176078280067,0.7246109247207642,0.29673781991004944
h512_wd0.0001_s1,l4,21,0.0005,0.3311124534710594,0.7456411719322205,0.9772727272727272,0.7198922211808809,1.7233591170679987,0.2571696119341081,0.7392333149909973,0.31540054082870483
h512_wd0.0001_s1,l4,22,0.0005,0.3047572795463645,0.8408242464065552,0.978515625,0.7193064667291471,1.7684741643695534,0.26389674779793765,0.7523691058158875,0.3410588502883911
h512_wd0.0001_s1,l4,23,0.0005,0.31375500495019165,0.7133137583732605,0.9800544507575758,0.7245782567947516,1.9674353277098782,0.28341354521322554,0.766391932964325,0.36602917313575745
h512_wd0.0001_s1,l4,24,0.0005,0.26234866095625836,0.8240668773651123,0.9803873697916665,0.7205951265229616,1.488400902505716,0.23018499248433957,0.7792210578918457,0.4029424786567688
h512_wd0.0001_s1,l4,25,0.0005,0.2869740931884102,0.7727394104003906,0.983294862689394,0.7130974695407685,1.8360404920734197,0.2637123634759527,0.7922074198722839,0.4262451231479645
h512_wd0.0001_s1,l4,26,0.0005,0.3061105012893677,0.7619816064834595,0.9882442589962122,0.7227038425492034,2.5858233865911364,0.33151843159921635,0.805824339389801,0.4366593658924103
h512_wd0.0001_s1,l4,27,0.0005,0.2858465825733931,0.8169171214103699,0.9872381036931818,0.7064198687910027,2.1408983145087643,0.28613172050981256,0.8187133073806763,0.44052162766456604
h512_wd0.0001_s1,l4,28,0.0005,0.24476511776447296,0.780902624130249,0.9894057765151515,0.7085285848172446,1.566016125435889,0.21871294493041252,0.8297594785690308,0.4654158353805542
h512_wd0.0001_s1,l4,29,0.0005,0.24132194402425186,0.7630704045295715,0.9914032907196969,0.7179006560449859,1.748299036937216,0.23714545244383298,0.8407267332077026,0.4945736229419708
h512_wd0.0001_s1,l4,30,0.0005,0.2197521588076716,0.9693992733955383,0.9922096946022727,0.7135660731021555,1.7033845440352895,0.2331509940710558,0.8506010174751282,0.5311731696128845
h512_wd0.0001_s1,l4,31,0.0005,0.21935195443422897,0.9076057076454163,0.9912035392992424,0.7080599812558576,1.827826888699963,0.19092037698452466,0.8625704646110535,0.551936686038971
h512_wd0.0001_s1,l4,32,0.0005,0.2350768971702327,0.8579292297363281,0.9934303977272727,0.7012652296157451,2.049380654049917,0.2094234144249734,0.8723459243774414,0.569629430770874
h512_wd0.0001_s1,l4,33,0.0005,0.1995998880137568,0.8696842789649963,0.9921948982007576,0.6937675726335519,1.6570114534772828,0.16743912744691017,0.8833121061325073,0.5869259238243103
h512_wd0.0001_s1,l5,1,0.0005,0.7051460661671378,0.6722503304481506,0.7494418448175675,0.6995104039167687,1.1166214234799272,0.30716601874621563,0.24858522415161133,0.042458318173885345
h512_wd0.0001_s1,l5,2,0.0005,0.6678453954783353,0.6703853607177734,0.7676468789185552,0.6962056303549572,1.0602054014548505,0.32368998936087884,0.29379844665527344,0.05194753035902977
h512_wd0.0001_s1,l5,3,0.0005,0.6493851325728677,0.6476505398750305,0.7833593296021042,0.7104039167686658,1.276874010641815,0.38029187662603564,0.32218116521835327,0.05298099294304848
h512_wd0.0001_s1,l5,4,0.0005,0.6589282561432231,0.683946430683136,0.7769061381778145,0.7135862913096694,1.6259017676274419,0.44806106039158405,0.3460731506347656,0.06240472197532654
h512_wd0.0001_s1,l5,5,0.0005,0.6249710619449615,0.6379581689834595,0.8081704743554454,0.7135862913096696,1.1797742122862442,0.32469004159954695,0.3670105040073395,0.06409818679094315
h512_wd0.0001_s1,l5,6,0.0005,0.6024155833504417,0.6346948742866516,0.8197235220356608,0.7179926560587515,1.1818432027295904,0.3312195486752421,0.39023303985595703,0.05387287586927414
h512_wd0.0001_s1,l5,7,0.0005,0.5764257203448903,0.6319634318351746,0.8426308223996086,0.7182374541003672,1.2474364272960612,0.3443090189414422,0.4124656319618225,0.04610771685838699
h512_wd0.0001_s1,l5,8,0.0005,0.5673248754306273,0.6326523423194885,0.8525170504939291,0.7269277845777233,1.4703837893617568,0.3876001744149075,0.43680068850517273,0.0438450388610363
h512_wd0.0001_s1,l5,9,0.0005,0.5739199776541103,0.7057669758796692,0.8618527693672203,0.7263157894736841,1.5560852681417041,0.4474535903535941,0.4592565894126892,0.04669121280312538
h512_wd0.0001_s1,l5,10,0.0005,0.5366870070045645,0.6174511313438416,0.8790179527173747,0.7225214198286414,1.1242631551681195,0.31431175056776545,0.47883787751197815,0.046048473566770554
h512_wd0.0001_s1,l5,11,0.0005,0.49919926849278534,0.6176964640617371,0.8874973239135088,0.7182374541003672,1.0655125599804764,0.2664117278317227,0.4996551275253296,0.07084633409976959
h512_wd0.0001_s1,l5,12,0.0005,0.48370555991476233,0.6208122372627258,0.9010841973269719,0.7283965728274173,1.374706680311227,0.3132602701958765,0.5194395184516907,0.09733489155769348
h512_wd0.0001_s1,l5,13,0.0005,0.5265010514042594,0.6164166331291199,0.9050983270636449,0.7228886168910649,2.0116564493187714,0.4468207237141338,0.5408603549003601,0.10052479803562164
h512_wd0.0001_s1,l5,14,0.0005,0.45290158824487164,0.6353538632392883,0.9136159280667953,0.7365973072215423,1.126812411214007,0.28443523001140586,0.5591124892234802,0.12558221817016602
h512_wd0.0001_s1,l5,15,0.0005,0.44906019351699134,0.7199724912643433,0.9164984555157965,0.7298653610771114,1.4805132237485858,0.3021205649383343,0.574928343296051,0.1559773087501526
h512_wd0.0001_s1,l5,16,0.0005,0.4533789198506962,0.6265341639518738,0.9300470991222437,0.7297429620563035,1.6981493499313307,0.3535856736615065,0.5914626121520996,0.1694541722536087
h512_wd0.0001_s1,l5,17,0.0005,0.44705888764424756,0.6403350234031677,0.933785974248402,0.7243574051407589,1.7023788426715678,0.33407824321965,0.6090874075889587,0.17307057976722717
h512_wd0.0001_s1,l5,18,0.0005,0.39568700844591315,0.639116644859314,0.9443679848304125,0.7301101591187271,1.2217712788976653,0.2612955012911034,0.622516393661499,0.2054530680179596
h512_wd0.0001_s1,l5,19,0.0005,0.373183704235337,0.6571321487426758,0.9501636235740282,0.7238678090575276,1.2184637907358111,0.22576895488446008,0.6363732218742371,0.24557720124721527
h512_wd0.0001_s1,l5,20,0.0005,0.36604922806674783,0.6781207919120789,0.9567544423035753,0.7270501835985311,1.3742629659757322,0.2418461412120431,0.6505871415138245,0.2864222228527069
h512_wd0.0001_s1,l5,21,0.0005,0.3793624707243659,0.8316932916641235,0.9637887267945072,0.725703794369645,2.065136883299508,0.3405706784415336,0.6663629412651062,0.31253620982170105
h512_wd0.0001_s1,l5,22,0.0005,0.4265385114333846,0.6579721570014954,0.9684986390188701,0.7222766217870258,2.224499856195862,0.3903804754338809,0.683841347694397,0.3003399670124054
h512_wd0.0001_s1,l5,23,0.0005,0.3528206822547046,0.7333706021308899,0.9616249197174053,0.7112607099143206,1.686905342610544,0.2793717562220983,0.6974698901176453,0.336760938167572
h512_wd0.0001_s1,l5,24,0.0005,0.34000961956652725,0.6856458187103271,0.9741413585344222,0.7274173806609547,1.77629839193371,0.24516562155362118,0.7097200155258179,0.3560645580291748
h512_wd0.0001_s1,l5,25,0.0005,0.3103290525349704,0.7508606314659119,0.9740419610361807,0.7123623011015913,1.6186573149607242,0.22158312956005705,0.7217909693717957,0.3866288959980011
h512_wd0.0001_s1,l5,26,0.0005,0.30450179089199414,0.8151804804801941,0.9722833899134478,0.7090575275397797,1.6642074320530107,0.1969786100496517,0.7322254776954651,0.41564223170280457
h512_wd0.0001_s1,l5,27,0.0005,0.32398523593490774,0.82073974609375,0.983507661253326,0.7145654834761322,2.1587611784706637,0.2780418869190949,0.7445623874664307,0.4385646879673004
h512_wd0.0001_s1,l5,28,0.0005,0.2872231372378089,0.7619323134422302,0.9842340275866288,0.7110159118727051,1.7150574328617423,0.2150807439415168,0.7570263743400574,0.46308526396751404
h512_wd0.0001_s1,l5,29,0.0005,0.315527427602898,0.9819777607917786,0.9881258219408509,0.7025703794369644,2.12358846440284,0.2594364817376856,0.7669578194618225,0.4882509708404541
h512_wd0.0001_s1,l5,30,0.0005,0.26621369137005374,0.8185860514640808,0.9846316175795945,0.7090575275397797,1.6807182415301043,0.21007865723398786,0.7787894010543823,0.504349946975708
h512_wd0.0001_s1,l5,31,0.0005,0.2555499334226955,0.8147702813148499,0.9892956540355384,0.7056303549571603,1.7409391199156035,0.22196483264208142,0.7889633774757385,0.539778470993042
h512_wd0.0001_s1,l5,32,0.0005,0.26042322408069263,0.7796679139137268,0.9892421323057161,0.7206854345165239,1.968025481938268,0.22831739375140767,0.8016074299812317,0.5671557188034058
h512_wd0.0001_s1,l5,33,0.0005,0.2197085903449492,0.8391029238700867,0.992063492063492,0.7220318237454101,1.5242928274517669,0.16226810377803083,0.8111585378646851,0.6016724109649658
h512_wd0.0001_s1,l5,34,0.0005,0.2446675788272511,0.8809458017349243,0.9942120072177876,0.7117503059975521,2.1010132238502917,0.2015022855730426,0.8204895853996277,0.6316670775413513
h512_wd0.0001_s1,l6,1,0.0005,0.7107508998168143,0.7200796604156494,0.7072265624999999,0.6287337662337663,1.419179931736017,0.3546136354513597,0.2349802553653717,0.026513414457440376
h512_wd0.0001_s1,l6,2,0.0005,0.7429601079539249,0.6855947375297546,0.7613486842105263,0.6737012987012987,2.0451103007337523,0.591273596340972,0.27498337626457214,0.06856618821620941
h512_wd0.0001_s1,l6,3,0.0005,0.6703423983172366,0.6737343072891235,0.7825452302631579,0.676948051948052,0.6664561013860276,0.18501229257300836,0.29209834337234497,0.08093653619289398
h512_wd0.0001_s1,l6,4,0.0005,0.6636735106769361,0.6638922095298767,0.7691611842105264,0.673538961038961,1.012763955371467,0.28139019159971257,0.30789318680763245,0.07492446899414062
h512_wd0.0001_s1,l6,5,0.0005,0.6312923556879947,0.6508715748786926,0.7934621710526316,0.6909090909090909,0.764273471765218,0.23198076701224168,0.327485591173172,0.06192801520228386
h512_wd0.0001_s1,l6,6,0.0005,0.6141551544791773,0.64007169008255,0.8045744243421052,0.6936688311688312,0.9733474877215963,0.251437187558239,0.35096290707588196,0.0523945651948452
h512_wd0.0001_s1,l6,7,0.0005,0.5827297725175556,0.6768021583557129,0.8196340460526317,0.6935064935064936,1.2311957334009196,0.3324304448315776,0.37884408235549927,0.054115667939186096
h512_wd0.0001_s1,l6,8,0.0005,0.5708680654826918,0.7408244609832764,0.8332956414473683,0.6892857142857143,1.6115037526417342,0.4291668392138903,0.4039969742298126,0.06381432712078094
h512_wd0.0001_s1,l6,9,0.0005,0.5982371835332168,0.6927661299705505,0.8450452302631579,0.6875,1.922960734748606,0.48202960516261856,0.4278133809566498,0.06393469870090485
h512_wd0.0001_s1,l6,10,0.0005,0.5652311585451427,0.622496485710144,0.8693667763157895,0.7055194805194805,1.4070523464753102,0.3507384880986132,0.44959816336631775,0.06644822657108307
h512_wd0.0001_s1,l6,11,0.0005,0.5740234898893457,0.7356177568435669,0.8500719572368421,0.6922077922077922,1.706171540361948,0.41680215265122145,0.4697498083114624,0.0694475919008255
h512_wd0.0001_s1,l6,12,0.0005,0.592469218530153,0.6419674158096313,0.872532894736842,0.7017857142857142,1.7433964164178182,0.484306632424709,0.488546758890152,0.07008600234985352
h512_wd0.0001_s1,l6,13,0.0005,0.5275539049976751,0.6254487037658691,0.8842619243421053,0.7108766233766234,1.0120911123069143,0.28865155557376804,0.5048650503158569,0.07244472205638885
h512_wd0.0001_s1,l6,14,0.0005,0.5032039425875011,0.6594913005828857,0.8884868421052632,0.7079545454545454,1.0685079559067983,0.29161525592989157,0.5227466225624084,0.08329916000366211
h512_wd0.0001_s1,l6,15,0.0005,0.5141306692048123,0.6749086976051331,0.9025185032894737,0.7022727272727274,1.630952602920209,0.3689718591294248,0.5390934944152832,0.10077352821826935
h512_wd0.0001_s1,l6,16,0.0005,0.49792064804779856,0.6480287909507751,0.9134046052631579,0.7064935064935065,1.2883928223069845,0.3084139924438863,0.5545517206192017,0.11018498986959457
h512_wd0.0001_s1,l6,17,0.0005,0.45051189786509466,0.6610793471336365,0.9226768092105264,0.7035714285714286,1.0354508060603915,0.24558915146031285,0.5704798698425293,0.14408007264137268
h512_wd0.0001_s1,l6,18,0.0005,0.45146671251246806,0.6625344753265381,0.9270970394736843,0.7071428571428572,1.5739694560285578,0.32124560153166615,0.5838131904602051,0.1718032956123352
h512_wd0.0001_s1,l6,19,0.0005,0.42818509120690196,0.7065958976745605,0.935999177631579,0.6991883116883116,1.4930515213461888,0.28427215855247057,0.5983206033706665,0.19444622099399567
h512_wd0.0001_s1,l6,20,0.0005,0.41955423276675374,0.709274411201477,0.933079769736842,0.7082792207792208,1.5497813583094522,0.2900811316735618,0.612136960029602,0.2124740183353424
h512_wd0.0001_s1,l6,21,0.0005,0.40519324886171443,0.6438465118408203,0.9439967105263157,0.7146103896103896,1.6878032945930783,0.33573110913799586,0.6256367564201355,0.2364373654127121
h512_wd0.0001_s1,l6,22,0.0005,0.38961666900860636,0.6567926406860352,0.9498972039473684,0.7089285714285714,1.7790991682705417,0.31333724651055406,0.6381029486656189,0.25754156708717346
h512_wd0.0001_s1,l6,23,0.0005,0.4070132845326474,0.6585015654563904,0.952405427631579,0.7108766233766234,1.6013646775253791,0.26827808958206384,0.650318443775177,0.2676282525062561
h512_wd0.0001_s1,l6,24,0.0005,0.37828355557040166,0.6638469099998474,0.9623046875,0.711038961038961,1.9169649299370026,0.3025271137490502,0.6622622013092041,0.29555433988571167
h512_wd0.0001_s1,l6,25,0.0005,0.3699536339232796,0.6642078757286072,0.9626233552631578,0.7110389610389609,1.6512130855772766,0.2612059113721743,0.6742429137229919,0.3120744228363037
h512_wd0.0001_s1,l6,26,0.0005,0.3100682363698357,0.68951815366745,0.9673005756578947,0.7094155844155844,1.163501956946325,0.20701702091749838,0.683952808380127,0.3453008234500885
h512_wd0.0001_s1,l6,27,0.0005,0.29496876895427704,0.6956397891044617,0.971021792763158,0.7061688311688312,1.1390792259376448,0.18669822831892974,0.6928481459617615,0.38099727034568787
h512_wd0.0001_s1,l6,28,0.0005,0.3261854311353282,0.7424096465110779,0.9701069078947369,0.7090909090909091,2.041810718119773,0.2542898269604276,0.7031995058059692,0.4049057960510254
h512_wd0.0001_s1,l6,29,0.0005,0.28533478473362167,0.7162871360778809,0.9794819078947369,0.7116883116883116,1.456088374556295,0.22844528848654097,0.7124903798103333,0.43103352189064026
h512_wd0.0001_s1,l6,30,0.0005,0.2783815256859127,0.7815333604812622,0.9801192434210527,0.7069805194805194,1.3410817960212804,0.17715388866589518,0.7216393947601318,0.46791204810142517
h512_wd0.0001_s1,l6,31,0.0005,0.26441728206057297,0.8171871900558472,0.9834806743421053,0.7064935064935065,1.5928846706116477,0.2022479940514659,0.7305771112442017,0.5009651184082031
h512_wd0.0001_s1,l6,32,0.0005,0.2936779723355645,0.6919627785682678,0.9878597861842106,0.7082792207792208,1.9315847055598987,0.2125793667954463,0.7397945523262024,0.5229401588439941
h512_wd0.0001_s1,l6,33,0.0005,0.25375962610307495,0.8477287292480469,0.9899465460526315,0.699512987012987,1.5400015509410783,0.17103343057446574,0.749866247177124,0.5502507090568542
h512_wd0.0001_s1,l6,34,0.0005,0.2666250373187818,0.8216383457183838,0.9909333881578948,0.7006493506493507,1.942511797372635,0.20301454020438947,0.75893235206604,0.5813873410224915
h512_wd0.0001_s1,l6,35,0.0005,0.22497935749982534,0.8575550317764282,0.9903782894736843,0.6957792207792208,1.5392504160021823,0.17254151191926334,0.7673758864402771,0.6165116429328918
h512_wd0.0001_s1,l6,36,0.0005,0.27067298481338903,0.7494888305664062,0.993421052631579,0.7016233766233766,2.204475978072629,0.2078931508269962,0.776506245136261,0.6316773891448975
h512_wd0.0001_s1,l6,37,0.0005,0.255893360627325,0.8137373328208923,0.9921977796052632,0.6969155844155843,2.1935356058513977,0.2243654185074351,0.7860416173934937,0.648280918598175
h512_wd0.0001_s1,l6,38,0.0005,0.21210423464837827,0.8159142732620239,0.9920333059210527,0.6923701298701299,1.8308540935505124,0.1832498295763401,0.7940161228179932,0.6718263626098633
h512_wd0.0001_s1,l6,39,0.0005,0.253892573086839,0.9521918892860413,0.994664884868421,0.6944805194805195,2.4928851315795613,0.21652105438141087,0.8029638528823853,0.6897585391998291
h512_wd0.0001_s1,l6,40,0.0005,0.20501167111490903,0.8701173663139343,0.9939967105263158,0.688474025974026,1.7649233368799535,0.16950516727804418,0.810961127281189,0.7109137177467346
h512_wd0.0001_s1,l6,41,0.0005,0.21351404566513865,0.8125280141830444,0.9958881578947367,0.6993506493506494,2.0306975060701276,0.15853028754548457,0.8183980584144592,0.7288163900375366
h512_wd0.0001_s1,l7,1,0.0005,0.6991717841314233,0.6897303462028503,0.7326803047466737,0.6264058106841612,0.9700140424617901,0.24787813692780175,0.2400534749031067,0.03235651180148125
h512_wd0.0001_s1,l7,2,0.0005,0.6630357633466306,0.6544551253318787,0.7625996757068922,0.6935332708528584,0.8222627318424902,0.21200881791911066,0.28674131631851196,0.0318816713988781
h512_wd0.0001_s1,l7,3,0.0005,0.6425400998281396,0.7585519552230835,0.7657907791178931,0.6496016869728211,1.3407968245194948,0.3595444398750573,0.32248976826667786,0.026551440358161926
h512_wd0.0001_s1,l7,4,0.0005,0.6468611644661945,0.6403352618217468,0.7969169942915527,0.7070056232427366,1.4410809435388472,0.37748451927746524,0.3497178852558136,0.04656311124563217
h512_wd0.0001_s1,l7,5,0.0005,0.6286778061286263,0.6511175632476807,0.783849018606132,0.7134489222118088,1.449430902381942,0.3922142123204255,0.3746192157268524,0.05795761197805405
h512_wd0.0001_s1,l7,6,0.0005,0.612383352673572,0.6627835631370544,0.8143384938880375,0.6981021555763824,1.1398778758820556,0.3271617840200316,0.39737144112586975,0.06263606250286102
h512_wd0.0001_s1,l7,7,0.0005,0.5956974055456079,0.629486620426178,0.8288724521149391,0.7132146204311153,1.2293325626441922,0.32054558679100326,0.42140433192253113,0.05107036978006363
h512_wd0.0001_s1,l7,8,0.0005,0.5714992116326871,0.6157882213592529,0.8358988027809244,0.7326616682286785,1.3542198922737099,0.35173415011825465,0.4424251317977905,0.04301421344280243
h512_wd0.0001_s1,l7,9,0.0005,0.5487410309522048,0.6193246841430664,0.8564225583616534,0.7385192127460168,1.107730195351956,0.3009602924896226,0.4624568521976471,0.040120434015989304
h512_wd0.0001_s1,l7,10,0.0005,0.5629081674244093,0.5998513698577881,0.8686464834928885,0.7487113402061855,1.7123926717800821,0.45245225192206084,0.48319852352142334,0.043344613164663315
h512_wd0.0001_s1,l7,11,0.0005,0.5382986172385837,0.6017422080039978,0.8727260611714535,0.7510543580131209,1.196295040222089,0.32745454959692594,0.5033954381942749,0.04446495696902275
h512_wd0.0001_s1,l7,12,0.0005,0.49657233901645825,0.5975756049156189,0.8862234660861968,0.7518744142455482,1.2409888166877163,0.3319977775312859,0.5218674540519714,0.05441400036215782
h512_wd0.0001_s1,l7,13,0.0005,0.4955277689125227,0.6183179020881653,0.8952784996631202,0.7399250234301781,1.5084959852025956,0.3517617113300698,0.540141761302948,0.07667510211467743
h512_wd0.0001_s1,l7,14,0.0005,0.4903592661671016,0.6485679149627686,0.8999577974722905,0.7284442361761949,1.8342619101054618,0.4140843971879386,0.5591506958007812,0.0912654921412468
h512_wd0.0001_s1,l7,15,0.0005,0.4543330125186754,0.5919400453567505,0.9148323375017584,0.7604264292408622,1.3082354386659367,0.2962370493063552,0.5773810744285583,0.11536294966936111
h512_wd0.0001_s1,l7,16,0.0005,0.4424180336620497,0.7391003370285034,0.9131590442978462,0.769095595126523,1.5229564370471207,0.30885576589412894,0.5959802269935608,0.14538580179214478
h512_wd0.0001_s1,l7,17,0.0005,0.47821700961693475,0.7129600644111633,0.922502832011728,0.743439550140581,2.0152972311155315,0.3826378747814984,0.6163535714149475,0.14337831735610962
h512_wd0.0001_s1,l7,18,0.0005,0.4512525913508042,0.6043287515640259,0.934674929477355,0.7607778819119025,1.5944419634763964,0.2820341726440133,0.6326369047164917,0.1536252349615097
h512_wd0.0001_s1,l7,19,0.0005,0.39526796211367066,0.6008357405662537,0.9401020264617252,0.76159793814433,1.2367621973606007,0.24086409731508238,0.6484857201576233,0.18524858355522156
h512_wd0.0001_s1,l7,20,0.0005,0.385023075601329,0.6092233061790466,0.9467655834684555,0.7563261480787253,1.2745028027731715,0.2475298754169345,0.6628584861755371,0.2251211702823639
h512_wd0.0001_s1,l7,21,0.0005,0.38252973621306213,0.6011737585067749,0.95776785648179,0.7601921274601687,1.4838776116242751,0.2496116650129355,0.6785025596618652,0.2493058294057846
h512_wd0.0001_s1,l7,22,0.0005,0.3711356922336247,0.6091364026069641,0.9596632682525933,0.7559746954076851,1.7612388276867283,0.283191202898831,0.6938003301620483,0.27985769510269165
h512_wd0.0001_s1,l7,23,0.0005,0.4123870782230211,0.6247197985649109,0.9596336524436744,0.7673383317713215,2.2526139409357664,0.3460109712926613,0.7105227112770081,0.28163695335388184
h512_wd0.0001_s1,l7,24,0.0005,0.42590533520864404,0.856368362903595,0.955887252615446,0.7408622305529521,2.195918365638154,0.34530780494315616,0.7267934083938599,0.27397170662879944
h512_wd0.0001_s1,l7,25,0.0005,0.4107412048008131,0.694893479347229,0.9597002880137416,0.771555763823805,2.1182706192497953,0.3244990762094492,0.7428994178771973,0.27267712354660034
h512_wd0.0001_s1,l7,26,0.0005,0.3605419494535612,0.6439574956893921,0.9676003050428319,0.7638238050609184,1.832647298291081,0.3088969767460984,0.7569729089736938,0.2937323749065399
h512_wd0.0001_s1,l7,27,0.0005,0.344648078083992,0.676505446434021,0.9708876598328188,0.756560449859419,1.6708152857052374,0.2419945419620923,0.769658625125885,0.32305100560188293
h512_wd0.0001_s1,l7,28,0.0005,0.3615866173868594,0.6290052533149719,0.9719538289538956,0.7630037488284911,1.9030933546052875,0.3026564668373252,0.7833356857299805,0.3328092396259308
h512_wd0.0001_s1,l7,29,0.0005,0.2956095169419828,0.6842107176780701,0.9743527094763185,0.7509372071227742,1.3772481915367645,0.20268516910995607,0.7948678731918335,0.3763953149318695
h512_wd0.0001_s1,l7,30,0.0005,0.3112102345280025,0.811641275882721,0.9766701465242147,0.7416822867853795,1.8828979189335593,0.21609201726136934,0.8061274290084839,0.4066217541694641
h512_wd0.0001_s1,l7,31,0.0005,0.2811855796886527,0.7248102426528931,0.9809718427696703,0.7542174320524836,1.6891395071130892,0.2075251650921281,0.8177075982093811,0.4366539716720581
h512_wd0.0001_s1,l7,32,0.0005,0.28263627251853113,0.6478162407875061,0.9864729792763378,0.7674554826616681,1.8187956694018979,0.20552159562376143,0.828525960445404,0.46682798862457275
h512_wd0.0001_s1,l7,33,0.0005,0.256760582651781,0.6918696761131287,0.9857325840533675,0.7681583880037488,1.5696539774147191,0.1758850047050707,0.8387693166732788,0.49708959460258484
h512_wd0.0001_s1,l7,34,0.0005,0.22422944981118906,0.7216691374778748,0.9878871341522104,0.767572633552015,1.2879709434726798,0.16683135039141173,0.8486200571060181,0.5423786044120789
h512_wd0.0001_s1,l7,35,0.0005,0.23872239013081012,0.8448618054389954,0.9858584512412725,0.7467197750702905,2.0217712488223896,0.18587349864378525,0.8594034314155579,0.575552761554718
h512_wd0.0001_s1,l7,36,0.0005,0.2506009311131809,0.7826126217842102,0.9883239673337627,0.7502343017806935,2.129792090022935,0.20954750105350695,0.8709357976913452,0.5993818640708923
h512_wd0.0001_s1,l7,37,0.0005,0.2181581641020982,0.7414121031761169,0.9924405647734761,0.7596063730084349,1.5448105460855046,0.14754334534805594,0.8813344836235046,0.6275233626365662
h512_wd0.0001_s1,l7,38,0.0005,0.2397327160705691,0.7608230113983154,0.9909227545663875,0.7624179943767573,2.2950763953046636,0.20346783989432804,0.8914366364479065,0.6547151207923889
h512_wd0.0001_s1,l7,39,0.0005,0.22813263632681058,0.7544437050819397,0.9931661520919868,0.7627694470477976,1.7647481180152065,0.19052401028797306,0.90081787109375,0.674914538860321
h512_wd0.0001_s1,l7,40,0.0005,0.24872768637926682,0.8418315052986145,0.9907302518084153,0.7564432989690723,2.491725051448143,0.2199590266587718,0.9110043048858643,0.6912681460380554
h512_wd0.0001_s1,l7,41,0.0005,0.2190193527418634,0.8968022465705872,0.9933660588021886,0.7488284910965323,2.0595590434446263,0.18694809993758485,0.9207954406738281,0.7100561261177063
h512_wd0.0001_s1,l7,42,0.0005,0.20033100020626318,0.9245351552963257,0.9929958611907036,0.7507029053420805,1.8237566133408611,0.1715451409213796,0.9293174743652344,0.729230523109436
h512_wd0.0001_s1,l7,43,0.0005,0.24451127518778262,0.8229120373725891,0.994491459541103,0.7560918462980318,2.837063507187238,0.20163527858979505,0.9394578337669373,0.7362319231033325
h512_wd0.0001_s1,l7,44,0.0005,0.17534422161786453,0.8205150961875916,0.9956464760889363,0.7477741330834113,1.7509191924062437,0.14990704600821866,0.94789719581604,0.7651112079620361
h512_wd0.0001_s1,l7,45,0.0005,0.20657950542543246,0.8182329535484314,0.997801026187779,0.7426194939081536,2.3287565444719727,0.17753206902430527,0.9559915661811829,0.7913831472396851
h512_wd0.0001_s1,l8,1,0.0005,0.6982310062105005,0.6809830665588379,0.7521838973451878,0.6684829721362229,0.8749441986742624,0.2330118221479842,0.2392507642507553,0.03385063260793686
h512_wd0.0001_s1,l8,2,0.0005,0.6736916357820685,0.6826128363609314,0.754930254930255,0.660061919504644,0.9585940724326982,0.23957902667885822,0.28189605474472046,0.03400399535894394
h512_wd0.0001_s1,l8,3,0.0005,0.6501932035792958,0.6669052839279175,0.7802370866886996,0.6766563467492259,0.9876916875254664,0.2534962134619479,0.31085848808288574,0.028086679056286812
h512_wd0.0001_s1,l8,4,0.0005,0.6291134899312799,0.6536074280738831,0.8029294480907385,0.6843343653250773,1.2359145455939693,0.3299001162037321,0.3404633104801178,0.03552856296300888
h512_wd0.0001_s1,l8,5,0.0005,0.6007530580867421,0.6653779745101929,0.8250632282890346,0.6869349845201238,1.191426409994887,0.31992872131857125,0.36956214904785156,0.04339861869812012
h512_wd0.0001_s1,l8,6,0.0005,0.573434286496856,0.6648397445678711,0.8422008099427454,0.6949845201238389,1.1675599679897204,0.2991497635040902,0.3968111276626587,0.0647318959236145
h512_wd0.0001_s1,l8,7,0.0005,0.5787787166508761,0.6581698656082153,0.8588729072600041,0.6927554179566564,1.495697148706636,0.381474484391374,0.42080551385879517,0.07159240543842316
h512_wd0.0001_s1,l8,8,0.0005,0.5666249394416809,0.6581645011901855,0.871130661453242,0.7026625386996905,1.6464025200618309,0.36977344108070154,0.446708619594574,0.07409597188234329
h512_wd0.0001_s1,l8,9,0.0005,0.5354484820907767,0.6533158421516418,0.8801300252913157,0.7130650154798762,1.353478936905028,0.2945789181983835,0.46944350004196167,0.08067303895950317
h512_wd0.0001_s1,l8,10,0.0005,0.5135486884550615,0.8187243342399597,0.8736830672314544,0.7092260061919504,1.6140427045128318,0.31914131936170326,0.4876919984817505,0.10010023415088654
h512_wd0.0001_s1,l8,11,0.0005,0.5174160897731781,0.6608628630638123,0.897368461884591,0.7129411764705882,1.5352614543226017,0.3388381786530781,0.5033060908317566,0.1057206243276596
h512_wd0.0001_s1,l8,12,0.0005,0.5063839581879702,0.6293562054634094,0.9060652609039705,0.7136842105263158,1.6970164600530657,0.3539459169091883,0.5200818181037903,0.12035342305898666
h512_wd0.0001_s1,l8,13,0.0005,0.5146183195439252,0.6473056077957153,0.9052506633151793,0.7031578947368421,1.6072159371477526,0.3640814612991194,0.5376981496810913,0.11352236568927765
h512_wd0.0001_s1,l8,14,0.0005,0.44691467556086456,0.7401197552680969,0.9077099722261014,0.7019195046439628,1.2147078287254927,0.29434625379065243,0.5514828562736511,0.14603771269321442
h512_wd0.0001_s1,l8,15,0.0005,0.4404435171322389,0.6687830686569214,0.9245527471333923,0.7156656346749226,1.3019782276900576,0.2509260631307652,0.5662495493888855,0.17579860985279083
h512_wd0.0001_s1,l8,16,0.0005,0.4495644745501605,0.647021472454071,0.9304799143508822,0.7135603715170279,1.533937925214539,0.2780932176340581,0.5807754993438721,0.19326016306877136
h512_wd0.0001_s1,l8,17,0.0005,0.3893618109551343,0.6672011613845825,0.9377492280718087,0.7187616099071209,1.244368997528895,0.24485298916095918,0.5961349010467529,0.22546008229255676
h512_wd0.0001_s1,l8,18,0.0005,0.37735541977665643,0.7101138830184937,0.944506509022638,0.7135603715170279,1.4035105019721146,0.24490215984893213,0.6100042462348938,0.266010046005249
h512_wd0.0001_s1,l8,19,0.0005,0.36182336644692853,0.6818786859512329,0.9520240810563392,0.7274303405572756,1.327376184466259,0.22122651869257084,0.6236460208892822,0.3019963800907135
h512_wd0.0001_s1,l8,20,0.0005,0.3582102249969136,0.713142991065979,0.9516439355149033,0.7204953560371519,1.2676110803795522,0.1909577510404195,0.6357423067092896,0.3360418379306793
h512_wd0.0001_s1,l8,21,0.0005,0.37978013537146826,0.6893657445907593,0.9643671740445934,0.7295356037151703,1.761731342911221,0.24165406746745424,0.6485921740531921,0.3615931570529938
h512_wd0.0001_s1,l8,22,0.0005,0.33694198659875174,0.7489599585533142,0.9666170150041117,0.7250773993808051,1.567642385897922,0.21213085714580115,0.6619260907173157,0.4051157236099243
h512_wd0.0001_s1,l8,23,0.0005,0.30704154683785007,0.7168870568275452,0.9722804077642787,0.7256965944272445,1.2865686904248035,0.19154762079020193,0.673878014087677,0.4456107020378113
h512_wd0.0001_s1,l8,24,0.0005,0.3175520551475612,0.7358344197273254,0.9723967788483918,0.7114551083591332,1.6900149411157306,0.22519203398444135,0.6864144206047058,0.4767763912677765
h512_wd0.0001_s1,l8,25,0.0005,0.30193448947234586,0.7465553879737854,0.9771369610079288,0.7201238390092879,1.6915823214422014,0.2097718852364509,0.6996217966079712,0.5079138875007629
h512_wd0.0001_s1,l8,26,0.0005,0.2800149707631631,0.7685379981994629,0.9814039007587395,0.7135603715170279,1.8384177509616138,0.18564685901537878,0.7116607427597046,0.5371609926223755
h512_wd0.0001_s1,l8,27,0.0005,0.2833374162966555,0.9808859825134277,0.9814116588310137,0.7204953560371516,1.897139000011884,0.19417523315797205,0.7219594717025757,0.5710111260414124
h512_wd0.0001_s1,l8,28,0.0005,0.3364278531887315,0.8126837015151978,0.9832503219599995,0.7230959752321982,2.4319232610243926,0.25500208915468286,0.7346809506416321,0.5654227137565613
h512_wd0.0001_s1,l8,29,0.0005,0.26990696313706314,0.7850801944732666,0.9873077937594066,0.7204953560371518,1.8369336349907437,0.19390595896611512,0.7456583380699158,0.5882012844085693
h512_wd0.0001_s1,l8,30,0.0005,0.23320578343488954,0.8253635764122009,0.9881611817095688,0.7214860681114551,1.4694543957691761,0.16405774111762053,0.7557945251464844,0.6215057373046875
h512_wd0.0001_s1,l8,31,0.0005,0.21780003133145245,0.9212312698364258,0.9898912318267157,0.7306501547987617,1.7320677119123182,0.17254281528434473,0.7649012207984924,0.6566435694694519
h512_wd0.0001_s1,l8,32,0.0005,0.21773950349200855,0.84759521484375,0.9915359431488464,0.72,1.7343716017211583,0.17121426248506444,0.7739590406417847,0.6875914931297302
h512_wd0.0001_s1,l8,33,0.0005,0.22225424308668484,0.8393779993057251,0.9937857841083648,0.7093498452012384,1.8103658813651797,0.17368304574197604,0.782721221446991,0.7131955623626709
h512_wd0.0001_s1,l8,34,0.0005,0.193770823830908,0.8735227584838867,0.9955623826591569,0.7178947368421053,1.5198033465480139,0.14157903342674488,0.7905744910240173,0.7554682493209839
h512_wd0.0001_s1,l8,35,0.0005,0.1912377713756128,1.1249661445617676,0.9961907865133671,0.6954798761609907,1.9348036659905063,0.15580011115525944,0.7988401055335999,0.7924041152000427
h512_wd0.0001_s1,l8,36,0.0005,0.24170312048359352,0.8232964277267456,0.9951201725395274,0.7204953560371516,2.405583996357938,0.17448474046793014,0.8090490698814392,0.8016536831855774
h512_wd0.0001_s1,l8,37,0.0005,0.20244433561509306,0.8613129258155823,0.9965088674766094,0.7138080495356037,1.540908382383408,0.1414108400609835,0.8175498843193054,0.8342113494873047
h512_wd0.0001_s1,l8,38,0.0005,0.16592788256027483,0.9304843544960022,0.9966873031389161,0.7165325077399382,1.5405307015568803,0.1269697598100335,0.8248146772384644,0.8722674250602722
h512_wd0.0001_s1,l8,39,0.0005,0.20693245259198276,0.922215461730957,0.9971838197644649,0.7071207430340557,2.5114259382630646,0.15267379434420328,0.8332756757736206,0.8990839123725891
h512_wd0.0001_s1,l8,40,0.0005,0.20938847654245116,0.9629487991333008,0.9970674486803519,0.7029102167182663,2.464128010451281,0.1600259339585093,0.8418031930923462,0.9184532761573792
h512_wd0.0001_s1,l8,41,0.0005,0.17902306433428417,1.0068367719650269,0.9965942062716255,0.6975851393188854,2.117514144455749,0.14192412148967082,0.8498705625534058,0.9337891340255737
h512_wd0.0001_s1,l8,42,0.0005,0.17862746187231757,0.8971812129020691,0.9979984173532561,0.7125696594427244,1.632567201234791,0.11848181530721082,0.8566172122955322,0.9574006199836731
h512_wd0.0001_s1,l8,43,0.0005,0.15858625078743155,0.9702802896499634,0.998650095424289,0.7025386996904025,1.8999761502306582,0.12622259479457865,0.8632853627204895,0.991000235080719
h512_wd0.0001_s1,l8,44,0.0005,0.17157304981215435,0.9524316787719727,0.9990923055439185,0.7074922600619196,2.415042293018024,0.15575246340480056,0.8703948855400085,1.0178955793380737
h512_wd0.0001_s1,l8,45,0.0005,0.15490268644961444,0.9811030030250549,0.9987742245806762,0.7113312693498454,1.8373857583167321,0.12370687778179851,0.8773446083068848,1.0382866859436035
h512_wd0.0001_s1,l8,46,0.0005,0.1352689814838496,1.0483485460281372,0.9992629831339509,0.7115789473684211,1.7478105022146861,0.11054291365581617,0.8831190466880798,1.0715550184249878
h512_wd0.0001_s1,l8,47,0.0005,0.17858991585671902,1.5295474529266357,0.9982932240996758,0.70984520123839,2.816181592983771,0.14338726775995708,0.8909652233123779,1.0843563079833984
h512_wd0.0001_s1,l8,48,0.0005,0.24389980293133043,1.0818923711776733,0.9985569985569986,0.7129411764705882,3.2837280220280247,0.18509602165516056,0.9023075103759766,1.0718477964401245
h512_wd0.0001_s1,l8,49,0.0005,0.16780381480401213,1.0354024171829224,0.9991543701221121,0.7091021671826626,2.0001849037555313,0.1390233994072906,0.9089966416358948,1.0817524194717407
h512_wd0.0001_s1,l8,50,0.0005,0.1208695059811527,1.1196563243865967,0.999231950844854,0.7097213622291022,1.7148935066865199,0.10584883162604791,0.914008378982544,1.1142152547836304
h512_wd0.0001_s1,l8,51,0.0005,0.12339175670323047,1.1409039497375488,0.9996819190367577,0.7006811145510836,2.2795685742186533,0.1203962848878056,0.9191308617591858,1.1412129402160645
h512_wd0.0001_s1,l9,1,0.0005,0.7164289147957511,0.6804140210151672,0.7364544283036552,0.6818181818181819,1.0878390820206498,0.3255265915634408,0.24931830167770386,0.04508795589208603
h512_wd0.0001_s1,l9,2,0.0005,0.6848158551299054,0.6768511533737183,0.7532729029990628,0.6949390815370198,0.6842610292548736,0.20021321956975183,0.2857082188129425,0.06536669284105301
h512_wd0.0001_s1,l9,3,0.0005,0.6736160879549773,0.6784330010414124,0.717563847235239,0.6643626991565137,0.7945521005115022,0.2676296408861842,0.30215752124786377,0.05950265750288963
h512_wd0.0001_s1,l9,4,0.0005,0.6775499841441279,0.6619595289230347,0.7740818298969072,0.6975164011246486,0.8719023861134196,0.2992327067309951,0.31914815306663513,0.06931612640619278
h512_wd0.0001_s1,l9,5,0.0005,0.6413754302522411,0.6411953568458557,0.7863314198687911,0.7072399250234301,0.6537498557366663,0.20919506273128322,0.3370414078235626,0.05930766090750694
h512_wd0.0001_s1,l9,6,0.0005,0.6095942207004713,0.6518990397453308,0.7919107310215557,0.7048969072164948,0.8747532131004379,0.24433043597079399,0.36104658246040344,0.050971757620573044
h512_wd0.0001_s1,l9,7,0.0005,0.5901154979415562,0.6261333227157593,0.8256867970946579,0.7091143392689783,1.191054309777883,0.3194483961309837,0.3839215934276581,0.06499422341585159
h512_wd0.0001_s1,l9,8,0.0005,0.5874914954537931,0.6849304437637329,0.8252548031865042,0.7141518275538894,1.4667100493774414,0.4245254433031664,0.4039681553840637,0.07665746659040451
h512_wd0.0001_s1,l9,9,0.0005,0.559719055891037,0.6122844219207764,0.8569880506091846,0.721415182755389,1.1547632498921574,0.3218392112349962,0.42238175868988037,0.0916144996881485
h512_wd0.0001_s1,l9,10,0.0005,0.5415599346160889,0.6146235466003418,0.8717197750702906,0.7171977507029054,1.2143561649362677,0.31642439199758454,0.4394012987613678,0.12173309177160263
h512_wd0.0001_s1,l9,11,0.0005,0.5270151729169099,0.6133874654769897,0.8827758903467666,0.7231724461105903,1.200954308072624,0.3005222148205631,0.45583879947662354,0.13904698193073273
h512_wd0.0001_s1,l9,12,0.0005,0.501982577469038,0.6227030754089355,0.8911814667291471,0.7311387066541705,1.262249787119768,0.27765836467496674,0.4716591238975525,0.16638441383838654
h512_wd0.0001_s1,l9,13,0.0005,0.5068922509317813,0.6619793176651001,0.8935244845360825,0.7180178069353327,1.4965206053353428,0.300778993757344,0.4866948425769806,0.19024546444416046
h512_wd0.0001_s1,l9,14,0.0005,0.5126822603785474,0.6212894916534424,0.9064184044048734,0.7294985941893158,1.5274242910887346,0.28636796261698283,0.5007271766662598,0.1959460824728012
h512_wd0.0001_s1,l9,15,0.0005,0.47429672661034955,0.6271950602531433,0.9121807638238051,0.7300843486410495,1.2895386845640424,0.23513565285463875,0.5155362486839294,0.22160980105400085
h512_wd0.0001_s1,l9,16,0.0005,0.45425217695858167,0.6303051710128784,0.9198614690721649,0.7346532333645736,1.4170856417210786,0.2986361584947871,0.5283032655715942,0.24543683230876923
h512_wd0.0001_s1,l9,17,0.0005,0.4545441062554069,0.6446993947029114,0.9255066776007498,0.7275070290534207,1.6439607761369175,0.27896029525613264,0.5406350493431091,0.267958402633667
h512_wd0.0001_s1,l9,18,0.0005,0.4092592260111933,0.6553637385368347,0.9307894505623243,0.7314901593252109,1.246931824665196,0.22011035760467654,0.5531432628631592,0.297500342130661
h512_wd0.0001_s1,l9,19,0.0005,0.3864185499108356,0.6419317126274109,0.9408021907216495,0.7323102155576382,1.2916221816335558,0.24087066690702624,0.5647110939025879,0.3379981815814972
h512_wd0.0001_s1,l9,20,0.0005,0.3999695512263671,0.6428295373916626,0.9479337511715088,0.730904404873477,1.6251375070768763,0.25029835283716445,0.5765947103500366,0.367594450712204
h512_wd0.0001_s1,l9,21,0.0005,0.3970053506934125,0.6705515384674072,0.9552410379568884,0.7391049671977508,1.6190127971836528,0.21370711184179778,0.5891796946525574,0.3847128748893738
h512_wd0.0001_s1,l9,22,0.0005,0.3841765406339065,0.6510916352272034,0.9532348289597001,0.7347703842549204,1.8565604978323256,0.261210782826931,0.6017826199531555,0.4142248034477234
h512_wd0.0001_s1,l9,23,0.0005,0.36624815930490906,0.6767926812171936,0.964364163542643,0.7312558575445174,1.742194396973366,0.2129071823910377,0.6133971810340881,0.4346281588077545
h512_wd0.0001_s1,l9,24,0.0005,0.3839678213648174,0.7711555361747742,0.9647302600749765,0.7343017806935332,2.0443359666322745,0.25398202722778174,0.6255682706832886,0.4509030282497406
h512_wd0.0001_s1,l9,25,0.0005,0.316854213890822,0.747755229473114,0.9691014526710403,0.7291471415182755,1.2141423972157612,0.17474017234912353,0.6362931132316589,0.4863457679748535
h512_wd0.0001_s1,l9,26,0.0005,0.32440304367438605,0.7118805646896362,0.9742268041237114,0.7296157450796626,1.7129887944245652,0.20241106367489367,0.6464932560920715,0.5201829075813293
h512_wd0.0001_s1,l9,27,0.0005,0.3371604668057483,0.6724064946174622,0.9746661199625117,0.7330131208997188,2.011400009474276,0.1965444446594379,0.6569007039070129,0.5478087067604065
h512_wd0.0001_s1,l9,28,0.0005,0.3327820741611978,0.6903997659683228,0.9803699039362701,0.7230552952202437,2.113194535178632,0.23025049939962075,0.6687210202217102,0.5756917595863342
h512_wd0.0001_s1,l9,29,0.0005,0.361143445191176,0.8265880942344666,0.9825445173383318,0.7297328959700093,2.3569130409854786,0.23572183543631042,0.6791483163833618,0.5804306864738464
h512_wd0.0001_s1,l9,30,0.0005,0.2717240148264429,0.766625165939331,0.9794619845360824,0.7283270852858481,1.5518767413190455,0.1788147043944176,0.6890713572502136,0.6144615411758423
h512_wd0.0001_s1,l9,31,0.0005,0.2534679990747701,0.7553074359893799,0.9866374765698219,0.7294985941893158,1.5466365350907139,0.1573917054297143,0.696919322013855,0.6558002829551697
h512_wd0.0001_s1,l9,32,0.0005,0.3378917140805203,1.0124194622039795,0.9852536316776007,0.7321930646672914,2.797034647234003,0.25584767612820103,0.7080633640289307,0.6637256145477295
h512_wd0.0001_s1,l9,33,0.0005,0.3376906702051992,0.8214596509933472,0.9757351218369259,0.7348875351452672,2.39020582198128,0.21142270165524202,0.719627320766449,0.659095048904419
h512_wd0.0001_s1,l9,34,0.0005,0.26120241375073144,0.7719810605049133,0.9894637417994376,0.725398313027179,1.7555913188094137,0.17719088051928852,0.7279677391052246,0.6945667266845703
h512_wd0.0001_s1,l9,35,0.0005,0.27971341363761737,0.7745784521102905,0.9895955365510778,0.732427366447985,2.0580113628919268,0.19628633104093512,0.7384324669837952,0.7249465584754944
h512_wd0.0001_s1,l9,36,0.0005,0.25101442278727243,0.7826001048088074,0.9907450796626055,0.7325445173383317,1.8576716528786676,0.16746450827705128,0.7468361854553223,0.7612267732620239
h512_wd0.0001_s1,l9,37,0.0005,0.21711539055990137,0.8133825063705444,0.9910379568884724,0.7251640112464856,1.65967727068242,0.14382130528193063,0.7548317313194275,0.7975087761878967
h512_wd0.0001_s1,l9,38,0.0005,0.19925712858853134,0.8225409388542175,0.9935347352389878,0.7225866916588565,1.4839505805033113,0.12570266938554656,0.761155903339386,0.8377617001533508
h512_wd0.0001_s1,l9,39,0.0005,0.20074255764484406,0.8665831089019775,0.9943474695407686,0.7284442361761949,1.8119109776564024,0.13344470882255144,0.7671125531196594,0.877640426158905
h512_wd0.0001_s1,l9,40,0.0005,0.19324273972407632,0.8423339128494263,0.9951089503280225,0.7243439550140581,1.6827197916512717,0.12914087598622678,0.7741050124168396,0.9066706299781799
h512_wd0.0001_s1,l9,41,0.0005,0.21635788743910583,1.229321837425232,0.9890390698219307,0.7166119962511716,2.3225516393015067,0.1584625433406681,0.7820671796798706,0.9377681016921997
h512_wd0.0001_s1,l10,1,0.0005,0.713732571705528,0.6851060390472412,0.6964071636082815,0.5671816479400749,1.1071530704014045,0.29318723956602133,0.24128110706806183,0.03696055710315704
h512_wd0.0001_s1,l10,2,0.0005,0.6616024063981097,0.6709240674972534,0.7456771963372927,0.6189138576779026,0.8202611748715419,0.2153038646564463,0.2832357585430145,0.03799312561750412
h512_wd0.0001_s1,l10,3,0.0005,0.6392520277396493,0.6588600277900696,0.774074210274703,0.6484082397003745,1.0125195726274214,0.2786378675692686,0.3164660334587097,0.035987935960292816
h512_wd0.0001_s1,l10,4,0.0005,0.6585762137952058,0.701546311378479,0.7674989887103298,0.6343632958801497,1.6618691609674452,0.4758728230274812,0.3460092842578888,0.0426187738776207
h512_wd0.0001_s1,l10,5,0.0005,0.6174849271774292,0.6444193124771118,0.8053322546243518,0.6733380149812734,1.4241322814498416,0.3951822001989608,0.3716641962528229,0.047944098711013794
h512_wd0.0001_s1,l10,6,0.0005,0.5877998445345007,0.6307187676429749,0.8304269481116463,0.6941713483146066,1.1520065050612651,0.3175531930860528,0.3972495496273041,0.04766320809721947
h512_wd0.0001_s1,l10,7,0.0005,0.5596041212911191,0.6797449588775635,0.8360239767587246,0.6884363295880149,1.106655984176413,0.27758884106348874,0.42562851309776306,0.057696178555488586
h512_wd0.0001_s1,l10,8,0.0005,0.620762806871663,0.6409056782722473,0.8590960909057477,0.710440074906367,2.1572754123229307,0.5897359348212905,0.4515848159790039,0.05335341393947601
h512_wd0.0001_s1,l10,9,0.0005,0.6291993895302648,0.6383593082427979,0.8550877063950282,0.7007256554307115,1.5462698840533196,0.41211295104242396,0.4757913053035736,0.06542058289051056
h512_wd0.0001_s1,l10,10,0.0005,0.545211488785951,0.6136696338653564,0.8738204685029236,0.7191011235955057,0.8457867420246505,0.24342600641794676,0.49448591470718384,0.06106432154774666
h512_wd0.0001_s1,l10,11,0.0005,0.522254281717798,0.706049919128418,0.8683631817011731,0.7341994382022471,1.0711037512131012,0.2823646792394885,0.5148530602455139,0.06826739013195038
h512_wd0.0001_s1,l10,12,0.0005,0.584416213242904,0.6513729691505432,0.8868164601184129,0.7295177902621723,1.8881545300619489,0.4323576412702979,0.5364106893539429,0.06994454562664032
h512_wd0.0001_s1,l10,13,0.0005,0.5107707821804545,0.6050605177879333,0.8958261317250762,0.736189138576779,1.0612237324918425,0.26714051730226185,0.5552237033843994,0.07581327855587006
h512_wd0.0001_s1,l10,14,0.0005,0.45871502031450684,0.6154212355613708,0.9054315448828743,0.7401685393258428,1.0257329841341452,0.24253075932424709,0.5717646479606628,0.10606773942708969
h512_wd0.0001_s1,l10,15,0.0005,0.47110246964122937,0.6313003301620483,0.913087927040047,0.742743445692884,1.4630660089458158,0.33264327873537114,0.5902974009513855,0.1315239518880844
h512_wd0.0001_s1,l10,16,0.0005,0.4575933295747508,0.6590151190757751,0.9195822454308094,0.7480102996254682,1.5910515304166197,0.32415414678435583,0.6068301796913147,0.1499033123254776
h512_wd0.0001_s1,l10,17,0.0005,0.49956554951875104,0.6650751233100891,0.9264369506858383,0.7366573033707866,2.033129095857614,0.3815987965412279,0.6238194108009338,0.15252229571342468
h512_wd0.0001_s1,l10,18,0.0005,0.46591434012288635,0.621773362159729,0.9316368182988269,0.7365402621722847,1.7395345564509554,0.35323439396219636,0.6395068764686584,0.1704087108373642
h512_wd0.0001_s1,l10,19,0.0005,0.48640741861384845,0.6888093948364258,0.9286948847129776,0.7430945692883895,1.7271183562740113,0.35272882251159765,0.6558098196983337,0.16454549133777618
h512_wd0.0001_s1,l10,20,0.0005,0.4618116319179535,0.6250070333480835,0.9416835214945023,0.7387640449438202,1.8487555753194547,0.3138633535713717,0.6718102693557739,0.17474520206451416
h512_wd0.0001_s1,l10,21,0.0005,0.3928877892701522,0.6688195466995239,0.9422424888758136,0.7430945692883895,1.3124313641165564,0.25164346898542617,0.6848641037940979,0.20886188745498657
h512_wd0.0001_s1,l10,22,0.0005,0.381196515067764,0.665077805519104,0.950531386753944,0.7378277153558053,1.3219209037623008,0.21648148628016664,0.6961631178855896,0.23983338475227356
h512_wd0.0001_s1,l10,23,0.0005,0.3682808273512384,0.6607062816619873,0.9573125436693266,0.7386470037453182,1.5663803122757016,0.22475218976409628,0.7082305550575256,0.27188432216644287
h512_wd0.0001_s1,l10,24,0.0005,0.35280447550441907,0.7107994556427002,0.9620784760784025,0.7365402621722846,1.2565791859621347,0.20920783237639,0.720324695110321,0.2970929443836212
h512_wd0.0001_s1,l10,25,0.0005,0.3246628570815791,0.7057518362998962,0.9664178281175302,0.7389981273408239,1.343993322805258,0.18615535961875118,0.7320129871368408,0.3294290602207184
h512_wd0.0001_s1,l10,26,0.0005,0.3384549896354261,0.708807110786438,0.9669473761629832,0.7404026217228464,1.6204021507819073,0.2277392344794873,0.7446680068969727,0.35589590668678284
h512_wd0.0001_s1,l10,27,0.0005,0.32912303053814435,0.7790325880050659,0.9745302099805098,0.7329119850187266,1.8580361966336394,0.21550695916636928,0.7569022178649902,0.38072362542152405
h512_wd0.0001_s1,l10,28,0.0005,0.3070199897755747,0.8120712041854858,0.9758467252601772,0.7347846441947564,1.5745688871495973,0.20470890802490316,0.7686231136322021,0.4012221693992615
h512_wd0.0001_s1,l10,29,0.0005,0.31836137564285943,0.7778943777084351,0.9764424668113117,0.730805243445693,1.927399433180667,0.24790523441059154,0.7804900407791138,0.42187783122062683
h512_wd0.0001_s1,l10,30,0.0005,0.3242724816436353,0.7344235181808472,0.9796933034236752,0.7367743445692884,2.015965512710273,0.2164303674833372,0.7919777631759644,0.4420868456363678
h512_wd0.0001_s1,l10,31,0.0005,0.26808317588723224,0.753327488899231,0.9822822049792226,0.7351357677902622,1.4783612980443195,0.19233491854697238,0.8024751543998718,0.46848753094673157
h512_wd0.0001_s1,l10,32,0.0005,0.25345416172691015,0.7840345501899719,0.986099363806862,0.7315074906367042,1.4435264680456517,0.17264763310251194,0.8113311529159546,0.5070246458053589
h512_wd0.0001_s1,l10,33,0.0005,0.2631736825341764,1.1399189233779907,0.9876071047696099,0.7236657303370786,1.9135850961402872,0.18900984221492848,0.8209505677223206,0.5411887764930725
h512_wd0.0001_s1,l10,34,0.0005,0.28577581890251325,0.7938140630722046,0.98555510609348,0.7364232209737827,2.1289434155193097,0.22577298733344192,0.8317245841026306,0.5505430102348328
h512_wd0.0001_s1,l10,35,0.0005,0.231146565274052,0.8761898279190063,0.9900562644798294,0.7240168539325842,1.4060311831269598,0.1664853741502174,0.8408551216125488,0.5831267833709717
h512_wd0.0001_s1,l10,36,0.0005,0.2868230857926866,0.8026303648948669,0.9852462030669658,0.7209737827715356,2.391125455838875,0.26188115188408384,0.8500584363937378,0.6030993461608887
h512_wd0.0001_s1,l11,1,0.0005,0.6985313946550543,0.698589563369751,0.6770257430779474,0.5836925287356322,1.3741326507968776,0.35346033898479107,0.2386336475610733,0.02507411502301693
h512_wd0.0001_s1,l11,2,0.0005,0.6731330562721599,0.6592825651168823,0.7703696499509978,0.6696599616858236,1.696273732214366,0.3857026274747174,0.2808879613876343,0.032991960644721985
h512_wd0.0001_s1,l11,3,0.0005,0.639256165786223,0.6582127809524536,0.7904942880441695,0.6922892720306514,1.3152777200615338,0.33669134225560277,0.30773699283599854,0.03502108156681061
h512_wd0.0001_s1,l11,4,0.0005,0.6426377675750039,0.6394028663635254,0.8014618417410431,0.6964798850574713,1.6535288566355504,0.44860591323731813,0.33393147587776184,0.03571044281125069
h512_wd0.0001_s1,l11,5,0.0005,0.6019331108440052,0.7176260948181152,0.8063620788975588,0.700550766283525,1.3626748851220656,0.37992888591190677,0.3619191348552704,0.030805086717009544
h512_wd0.0001_s1,l11,6,0.0005,0.5967864475466989,0.626314103603363,0.8320527878982845,0.7146791187739464,1.575030720180347,0.4071233355598574,0.38836345076560974,0.034176092594861984
h512_wd0.0001_s1,l11,7,0.0005,0.5519763393835588,0.6064899563789368,0.8495440160997105,0.7253352490421456,1.0934964091895047,0.27537889169058816,0.41534438729286194,0.03811301663517952
h512_wd0.0001_s1,l11,8,0.0005,0.5273196317932822,0.6008949875831604,0.8675364899339404,0.7320402298850575,1.6142695158577922,0.3563465401912749,0.44283655285835266,0.05448443442583084
h512_wd0.0001_s1,l11,9,0.0005,0.54032432355664,0.7895084023475647,0.8517210680272618,0.7056992337164751,2.0248387809593082,0.47030756127939183,0.46844011545181274,0.06425643712282181
h512_wd0.0001_s1,l11,10,0.0005,0.5160558521747589,0.6178202629089355,0.8887533946299385,0.7388649425287356,1.4866829207862173,0.36447900118822807,0.49490272998809814,0.06883808225393295
h512_wd0.0001_s1,l11,11,0.0005,0.5110605006868189,0.7044514417648315,0.8939828080229226,0.7313218390804598,1.8364740085634674,0.412396333445068,0.5184061527252197,0.0811123475432396
h512_wd0.0001_s1,l11,12,0.0005,0.5470064539800991,0.7204868197441101,0.9000201994508741,0.7422174329501916,2.3391391995323954,0.5140197912052785,0.5418716669082642,0.07104047387838364
h512_wd0.0001_s1,l11,13,0.0005,0.4830238344994458,0.5911943316459656,0.9155737766239986,0.7501197318007663,1.4869748138268866,0.35110479422534574,0.5619584918022156,0.07411549985408783
h512_wd0.0001_s1,l11,14,0.0005,0.45689109238711273,0.5940032005310059,0.9176086842676203,0.7486829501915709,1.5608129800385946,0.34912537014191886,0.5819093585014343,0.09173665195703506
h512_wd0.0001_s1,l11,15,0.0005,0.43602212179790845,0.6705527305603027,0.9245812354582656,0.751676245210728,1.4763193448513225,0.29493396369476094,0.6013253331184387,0.11416000872850418
h512_wd0.0001_s1,l11,16,0.0005,0.5432977906682275,0.6457573175430298,0.9258380901793262,0.7471264367816092,2.8483168685674114,0.6298024174129412,0.6229037046432495,0.09979190677404404
h512_wd0.0001_s1,l11,17,0.0005,0.49908698146993463,0.5901797413825989,0.9329752294882058,0.757183908045977,1.9553860727713006,0.4147370511154316,0.6443849205970764,0.0815296322107315
h512_wd0.0001_s1,l11,18,0.0005,0.42027951641516254,0.588769793510437,0.9395886793299767,0.7537116858237549,1.0608973804830497,0.25348391145134247,0.6595266461372375,0.10119754076004028
h512_wd0.0001_s1,l11,19,0.0005,0.39286903224208136,0.5947607159614563,0.9446460233266252,0.7581417624521073,1.271880578346562,0.2843247617471955,0.6743983626365662,0.13135428726673126
h512_wd0.0001_s1,l11,20,0.0005,0.3831276568499478,0.7072131633758545,0.9520150822566527,0.7534722222222223,1.3130087405540718,0.27261811417116444,0.6890466213226318,0.16078728437423706
h512_wd0.0001_s1,l11,21,0.0005,0.3497193713079799,0.6416074633598328,0.9599676808786014,0.7555076628352491,1.1464490749540877,0.24201936320415698,0.7036860585212708,0.19139796495437622
h512_wd0.0001_s1,l11,22,0.0005,0.35164888812737033,0.6675958633422852,0.9608953593631936,0.7567049808429119,1.5172617694283452,0.2954839132683491,0.7178837060928345,0.22307567298412323
h512_wd0.0001_s1,l11,23,0.0005,0.3821447925134139,0.6244940757751465,0.9606260333515378,0.7569444444444444,1.9317309887887504,0.33181903567537724,0.7360408902168274,0.2343040108680725
h512_wd0.0001_s1,l11,24,0.0005,0.42263660579919815,0.7129497528076172,0.9642469719526885,0.7449712643678161,2.3620850518520538,0.38754949190764804,0.7525248527526855,0.22341448068618774
h512_wd0.0001_s1,l11,25,0.0005,0.3539783466945995,0.6209511756896973,0.9687955890384313,0.7574233716475096,1.5786953969916688,0.279802831816086,0.7665861248970032,0.23317691683769226
h512_wd0.0001_s1,l11,26,0.0005,0.29059352251616394,0.6429503560066223,0.9720798701250122,0.7552681992337166,1.1982741930567142,0.2537946273126041,0.7772468328475952,0.27028679847717285
h512_wd0.0001_s1,l11,27,0.0005,0.3080380369316448,0.6646254062652588,0.9748778681349921,0.7541906130268199,1.5124936989828532,0.2757545016071096,0.7894821166992188,0.29674506187438965
h512_wd0.0001_s1,l11,28,0.0005,0.28120017593557184,0.6799001097679138,0.9751322315904448,0.7552681992337166,1.4675047116426072,0.2348056684391221,0.7995840907096863,0.32741016149520874
h512_wd0.0001_s1,l11,29,0.0005,0.34616415202617645,0.6391459703445435,0.9800923189717731,0.7537116858237548,2.26417185886922,0.3191161193959045,0.8113994002342224,0.3351221978664398
h512_wd0.0001_s1,l11,30,0.0005,0.30812098763205786,0.6598303318023682,0.9774514278019257,0.7477250957854406,1.7226299366340159,0.23251895407644227,0.8247995376586914,0.34151366353034973
h512_wd0.0001_s1,l11,31,0.0005,0.2676759125156836,0.6849097013473511,0.9816708686512003,0.7538314176245211,1.3219180427126853,0.19456188743999128,0.8359532952308655,0.37275081872940063
h512_wd0.0001_s1,l11,32,0.0005,0.27190338617021387,0.8260199427604675,0.9870274637719108,0.7461685823754789,1.7608225682967877,0.21518223191380323,0.8459800481796265,0.3975259065628052
h512_wd0.0001_s1,l11,33,0.0005,0.24776456505060196,0.7136470675468445,0.9868928007660829,0.7501197318007663,1.4650394990852933,0.19307635077831223,0.8567333221435547,0.42073744535446167
h512_wd0.0001_s1,l11,34,0.0005,0.22526095875284888,0.7896170616149902,0.9870199824938093,0.7519157088122607,1.457679287133591,0.18173013628692722,0.8649030923843384,0.4534431993961334
h512_wd0.0001_s1,l11,35,0.0005,0.2534367489543828,0.7819738984107971,0.9931321867027763,0.7509578544061303,1.9101475902679075,0.2173535830064542,0.8749610185623169,0.4698946177959442
h512_wd0.0001_s1,l11,36,0.0005,0.2279153923419389,0.7979385852813721,0.9918678507036143,0.7580220306513409,1.529762804221584,0.19570450827500874,0.8848766088485718,0.49308115243911743
h512_wd0.0001_s1,l11,37,0.0005,0.2211632477966222,0.918198823928833,0.9903641138052025,0.7495210727969349,1.623729757062185,0.18127695202708188,0.8940423727035522,0.5230214595794678
h512_wd0.0001_s1,l11,38,0.0005,0.26392239129001444,0.7614812254905701,0.9938653519567283,0.7510775862068965,2.185791961267975,0.24348656903980948,0.9051558971405029,0.5264555215835571
h512_wd0.0001_s1,l11,39,0.0005,0.21068035235459154,1.065524697303772,0.9933266999334166,0.7443726053639846,1.6274603958226592,0.19308146846212262,0.9145789742469788,0.5525710582733154
h512_wd0.0001_s1,l12,1,0.0005,0.6955072175372731,0.6789547204971313,0.7341195207037767,0.6225045372050817,1.022694492252165,0.2710521755300425,0.24105821549892426,0.036486733704805374
h512_wd0.0001_s1,l12,2,0.0005,0.6747571419585835,0.6825225949287415,0.7695737903837403,0.649243799153055,1.2453097009500924,0.33571679408554417,0.2875159680843353,0.047158364206552505
h512_wd0.0001_s1,l12,3,0.0005,0.6485512175343253,0.6685535311698914,0.7824055816775368,0.6603750756200847,1.0946416049608543,0.3005350524496225,0.3146284222602844,0.05105498433113098
h512_wd0.0001_s1,l12,4,0.0005,0.6416971033269708,0.655335545539856,0.7849992416199001,0.6649727767695099,1.3347665311022714,0.38101520628715524,0.33923494815826416,0.05091366916894913
h512_wd0.0001_s1,l12,5,0.0005,0.592098902572285,0.6375475525856018,0.8080615804641286,0.673805202661827,0.8727770423174736,0.2289408268209587,0.365742027759552,0.04363058879971504
h512_wd0.0001_s1,l12,6,0.0005,0.5777783989906311,0.6299628019332886,0.8436447747611102,0.7076830006049606,1.1965419744168797,0.3092045804779225,0.3915208876132965,0.04797479510307312
h512_wd0.0001_s1,l12,7,0.0005,0.555006592111154,0.6875256896018982,0.8573411193690277,0.708529945553539,1.3563380142054748,0.33423623674160213,0.4197637140750885,0.06433791667222977
h512_wd0.0001_s1,l12,8,0.0005,0.5473529235883192,0.6174664497375488,0.8740861519793721,0.714216575922565,1.7654054887331083,0.4034668328156338,0.4445617198944092,0.07784311473369598
h512_wd0.0001_s1,l12,9,0.0005,0.5297222936695273,0.647275447845459,0.8800697709692098,0.7107078039927405,1.4980755368360947,0.3373157593251274,0.4654671847820282,0.08725330978631973
h512_wd0.0001_s1,l12,10,0.0005,0.4826013025912372,0.6203529834747314,0.8964659487335053,0.7196612220205687,1.2344174995717676,0.2847946850904778,0.48816338181495667,0.11561664938926697
h512_wd0.0001_s1,l12,11,0.0005,0.48231459205800836,0.634425699710846,0.9027680873653876,0.7154264972776769,1.5257748905525041,0.3090791737948945,0.5078504085540771,0.14276336133480072
h512_wd0.0001_s1,l12,12,0.0005,0.4963855188001286,0.6080775260925293,0.9174806613074473,0.7299455535390199,2.129408792144116,0.45896994590633117,0.5298524498939514,0.15591073036193848
h512_wd0.0001_s1,l12,13,0.0005,0.47172934087839996,0.6262027621269226,0.916820870620355,0.7247428917120387,1.8243352745810453,0.3859872377303086,0.5487537980079651,0.16338953375816345
h512_wd0.0001_s1,l12,14,0.0005,0.4590380395000631,0.6562127470970154,0.9228044896101927,0.7317604355716878,1.6158438586613644,0.30669502172456337,0.567229151725769,0.1812637448310852
h512_wd0.0001_s1,l12,15,0.0005,0.4180036417462609,0.6914456486701965,0.9290459578340664,0.7346642468239564,1.4202060525986886,0.25430711695200864,0.58409583568573,0.20496568083763123
h512_wd0.0001_s1,l12,16,0.0005,0.42734655331481586,0.6187398433685303,0.9371985439102078,0.7396249243799152,1.8156416247931093,0.30112703270839103,0.6033811569213867,0.22110998630523682
h512_wd0.0001_s1,l12,17,0.0005,0.38375209407372907,0.6207987666130066,0.9446610040952526,0.7410768300060496,1.2392096852063597,0.2138514348698757,0.6186969876289368,0.2550899386405945
h512_wd0.0001_s1,l12,18,0.0005,0.40680743618444964,0.6418752074241638,0.9530031851964205,0.7326073805202661,1.912033491697059,0.2856971382901397,0.6328155398368835,0.2721928656101227
h512_wd0.0001_s1,l12,19,0.0005,0.37910724634473975,0.7301177978515625,0.9503943576520553,0.7461584996975196,1.7258958440349934,0.259184919720239,0.6458186507225037,0.29416292905807495
h512_wd0.0001_s1,l12,20,0.0005,0.36495387147773395,0.6314608454704285,0.9576748066130745,0.7461584996975196,1.5291100411782106,0.221904458755146,0.6589831113815308,0.3164711892604828
h512_wd0.0001_s1,l12,21,0.0005,0.3385918160731142,0.6636426448822021,0.9603291369634459,0.7374470659407137,1.6542872884878415,0.24983607188106347,0.6695895195007324,0.3477819859981537
h512_wd0.0001_s1,l12,22,0.0005,0.3330350701104511,0.7530932426452637,0.969535871378735,0.7376890502117361,1.498981777554605,0.20645614274483712,0.6803540587425232,0.3705689311027527
h512_wd0.0001_s1,l12,23,0.0005,0.3364285582845861,0.688872218132019,0.9727817382071895,0.7397459165154264,1.9725029237346006,0.24493917256317188,0.6919511556625366,0.39139828085899353
h512_wd0.0001_s1,l12,24,0.0005,0.3284062241966074,0.6970650553703308,0.9776960412558775,0.7503932244404115,1.9046219837292417,0.2309087510538409,0.7031858563423157,0.4133879244327545
h512_wd0.0001_s1,l12,25,0.0005,0.30998351966792886,0.6550824642181396,0.9755953283785834,0.7516031457955233,1.7315096186346386,0.2174941768152814,0.7149235606193542,0.4382123053073883
h512_wd0.0001_s1,l12,26,0.0005,0.31543581492521544,0.6809054613113403,0.9790156226300621,0.7455535390199637,2.123528906431892,0.22109285075487792,0.7281805872917175,0.4591311812400818
h512_wd0.0001_s1,l12,27,0.0005,0.2963554622097449,0.9029675126075745,0.9769300773547702,0.7439806412583182,1.9443353334588982,0.25152537059728,0.7391641736030579,0.481611043214798
h512_wd0.0001_s1,l12,28,0.0005,0.267000287771225,0.7103093862533569,0.9845897163658426,0.7415607985480943,1.6229058935760734,0.22568878686939708,0.7501723766326904,0.5073742866516113
h512_wd0.0001_s1,l12,29,0.0005,0.31505281816829334,0.7475602626800537,0.9825117548915516,0.7393829401088929,2.476656603438697,0.22886481701390668,0.7633627653121948,0.5239179730415344
h512_wd0.0001_s1,l12,30,0.0005,0.27989320727911865,0.8022146821022034,0.9778249658728956,0.7479733817301876,2.273396466160924,0.23190347856725263,0.7745590209960938,0.5412675142288208
h512_wd0.0001_s1,l12,31,0.0005,0.2714357115328312,0.6982952952384949,0.9857652055210071,0.7546279491833031,2.01990499338274,0.22112450917616763,0.7857889533042908,0.5617512464523315
h512_wd0.0001_s1,l12,32,0.0005,0.24725886840711941,0.7064126133918762,0.9921811011679054,0.7434966727162734,1.6897882558205604,0.1988839126529064,0.7957851886749268,0.5919551849365234
h512_wd0.0001_s1,l12,33,0.0005,0.20531592348759825,0.7313938140869141,0.9897087820415591,0.7478523895946764,1.4520921740221875,0.1689933886991882,0.8038843870162964,0.6356055736541748
h512_wd0.0001_s1,l12,34,0.0005,0.2252904810011387,0.7174396514892578,0.9946685878962536,0.7474894131881428,1.8259960089215368,0.1797126309688741,0.8120949268341064,0.6659375429153442
h512_wd0.0001_s1,l12,35,0.0005,0.20472704754634338,0.7848290205001831,0.9947823449112696,0.7334543254688445,1.8560878317814749,0.17331473677347417,0.8204234838485718,0.7013858556747437
h512_wd0.0001_s1,l12,36,0.0005,0.16861055283383888,0.7595040202140808,0.9954042165933565,0.7525710828796128,1.2668654607327443,0.13233035749015576,0.8282593488693237,0.7427569627761841
h512_wd0.0001_s1,l12,37,0.0005,0.1742484796453606,0.7873469591140747,0.99692856059457,0.7448275862068965,1.6731913165700727,0.1342572012795689,0.8356393575668335,0.778352677822113
h512_wd0.0001_s1,l12,38,0.0005,0.21085878055204044,0.7738335728645325,0.9979751251327166,0.7465214761040532,2.039857891558801,0.14980825508991008,0.8435518145561218,0.7996612787246704
h512_wd0.0001_s1,l12,39,0.0005,0.23504437065937303,0.7882381081581116,0.9961170938874564,0.733091349062311,2.6406636807009267,0.20723735317589884,0.8543327450752258,0.8183610439300537
h512_wd0.0001_s1,l12,40,0.0005,0.19826846061782402,0.8010156750679016,0.9981040497497345,0.7376890502117363,2.175358538120256,0.189625272180988,0.8636986613273621,0.8463495969772339
h512_wd0.0001_s1,l12,41,0.0005,0.19336439804597336,0.8334032893180847,0.9978234491126954,0.7506352087114337,2.0580424189347144,0.14676101342835707,0.8716943264007568,0.8757817149162292
h512_wd0.0001_s1,l12,42,0.0005,0.19716134328733792,0.8363845348358154,0.9982633095707568,0.7402298850574712,2.3198462752951667,0.16148664901707172,0.8800207376480103,0.896616518497467
h512_wd0.0001_s1,l12,43,0.0005,0.18504724109714682,0.8292431831359863,0.9985818292128015,0.75329703569268,1.9748544092707017,0.1645794953808957,0.8882848024368286,0.9181481003761292
h512_wd0.0001_s1,l12,44,0.0005,0.18695037202401596,0.87028568983078,0.998650083421811,0.7552329098608591,2.398157711440886,0.16498966448839802,0.8957338929176331,0.945482611656189
h512_wd0.0001_s1,l12,45,0.0005,0.20123652131720024,0.8342307806015015,0.9984604883967845,0.745795523290986,2.404324073150798,0.15494447433666844,0.9045078754425049,0.962660551071167
h512_wd0.0001_s1,l12,46,0.0005,0.15939643200148235,0.8967406153678894,0.9968527225845594,0.7512401693889897,2.0905573848316163,0.12856843089019857,0.9120496511459351,0.9865937829017639
h512_wd0.0001_s1,l12,47,0.0005,0.179371831769293,1.1568372249603271,0.9976186864856667,0.7443436176648519,2.5495133250395803,0.15785950893028863,0.9200570583343506,1.0044267177581787
h512_wd0.0001_s1,l12,48,0.0005,0.19052122363990004,0.8378023505210876,0.9990747762778704,0.7511191772534785,2.86656575725979,0.16023527936566892,0.9278753995895386,1.0166680812835693
h512_wd0.0001_s1,l12,49,0.0005,0.18025409210134635,0.9127949476242065,0.9987031700288185,0.7519661222020568,2.831037130103346,0.1561424520895347,0.9343717694282532,1.034582257270813
h512_wd0.0001_s1,l12,50,0.0005,0.15264653719284318,0.848793089389801,0.9993022903079023,0.7445856019358741,2.0946021589370756,0.13320732231396215,0.9408703446388245,1.0519615411758423
h512_wd0.0001_s1,l12,51,0.0005,0.12892688844691624,0.8664975166320801,0.9996738965569544,0.7537810042347247,1.903411003876203,0.1183596265782517,0.9456595182418823,1.0862207412719727
h512_wd0.0001_s1,l12,52,0.0005,0.12192816101014614,0.9309957027435303,0.9985969968148036,0.7528130671506352,1.8895435389333806,0.12678857216190884,0.9519585967063904,1.11879301071167
h512_wd0.0001_s1,l12,53,0.0005,0.10083110799843614,0.999286413192749,0.9996435613529501,0.7373260738052025,1.554609426981138,0.09148709413224627,0.9567075371742249,1.1488231420516968
h512_wd0.0001_s1,l12,54,0.0005,0.13373724828389558,1.0194684267044067,0.9997724859699681,0.7536600120992135,2.253308056889245,0.1276225167216745,0.9616881608963013,1.176348328590393
h512_wd0.0001_s1,l12,55,0.0005,0.12337868101894855,0.9644144773483276,0.9998179887759745,0.7439806412583182,2.126761626915618,0.10525272865455136,0.9670522212982178,1.1980626583099365
h512_wd0.0001_s1,l12,56,0.0005,0.0978061326525428,0.9940558075904846,0.9998331563779767,0.7453115547489413,1.610535966323424,0.09307588027412504,0.9717821478843689,1.229089617729187
h512_wd0.0001_s1,l12,57,0.0005,0.10689331574196165,0.9902210235595703,0.9999544971939935,0.7482153660012099,1.8656466985933307,0.09473429494767295,0.9761483073234558,1.2600899934768677
h512_wd0.0001_s1,l12,58,0.0005,0.10202522050927985,1.0875999927520752,0.9998938267859852,0.7416817906836055,1.8066987675751762,0.08670487015656488,0.9811971187591553,1.2813280820846558
h512_wd0.0001_s1,l12,59,0.0005,0.109328407286243,0.9554548859596252,0.9999620809949946,0.7369630973986692,2.0601603832037836,0.08850523603485982,0.9863255620002747,1.3024680614471436
h512_wd0.0001_s1,l12,60,0.0005,0.11059400760992007,1.2212333679199219,0.9994236311239193,0.736963097398669,2.1833624864824923,0.10414642032015978,0.9920316934585571,1.331289529800415
h512_wd0.0001_s1,l12,61,0.0005,0.19225533645261417,0.9822580814361572,0.9998179887759745,0.7385359951603145,3.234115524150877,0.13793310432287886,0.9999581575393677,1.3331784009933472
h512_wd0.0001_s1,l12,62,0.0005,0.12586864033205944,1.2084132432937622,0.9989382678598514,0.7416817906836055,2.2178619948319254,0.09867307335144727,1.0063210725784302,1.349286437034607
h512_wd0.0001_s1,l12,63,0.0005,0.16613571853800255,1.1843717098236084,0.9997876535719702,0.7379310344827587,3.3283462392358416,0.13584056797240254,1.0137966871261597,1.3554551601409912
h512_wd0.0001_s1,l12,64,0.0005,0.213728340850635,0.9350699782371521,0.9998862429849841,0.738173018753781,3.727347275140316,0.1561739849374182,1.0203574895858765,1.345005750656128
h512_wd0.0001_s1,l13,1,0.0005,0.7220900410955603,0.7014777064323425,0.5626035163715123,0.5492654508611956,0.8721846660993179,0.26945853646921647,0.2422160655260086,0.04674231633543968
h512_wd0.0001_s1,l13,2,0.0005,0.6929212781515989,0.6839033365249634,0.7166677283730412,0.628419452887538,0.6661977354878689,0.2132777758925357,0.2780754566192627,0.07016502320766449
h512_wd0.0001_s1,l13,3,0.0005,0.6755080981688066,0.6825097799301147,0.7451586189323481,0.631712259371834,0.5395557200377668,0.15974716327395042,0.29073652625083923,0.0714503675699234
h512_wd0.0001_s1,l13,4,0.0005,0.6626891466704282,0.6739435195922852,0.7234042553191489,0.638677811550152,0.6341226000157149,0.1885991145476695,0.3062151074409485,0.06399024277925491
h512_wd0.0001_s1,l13,5,0.0005,0.6534672650423917,0.684353232383728,0.7647948783284495,0.6551418439716312,0.7166891787304003,0.22398834776361787,0.3225177824497223,0.06071840971708298
h512_wd0.0001_s1,l13,6,0.0005,0.6360165124589746,0.6715905070304871,0.780027710536374,0.6628672745694023,0.8653682900757325,0.2638783245507425,0.34073084592819214,0.05877220630645752
h512_wd0.0001_s1,l13,7,0.0005,0.6278825022957542,0.6512179374694824,0.7784749649636895,0.6742654508611955,1.030339213432422,0.31138873002798756,0.3564729690551758,0.059854693710803986
h512_wd0.0001_s1,l13,8,0.0005,0.620030706579035,0.6472057700157166,0.8051264492292012,0.6841438703140831,1.0084363747542613,0.2776865368895431,0.37337726354599,0.06140422448515892
h512_wd0.0001_s1,l13,9,0.0005,0.5994196263226595,0.6363834142684937,0.8047442349343865,0.689209726443769,0.9576259670047065,0.25550041326150197,0.3894249498844147,0.07140366733074188
h512_wd0.0001_s1,l13,10,0.0005,0.5675974081863057,0.6347489953041077,0.8290148426551154,0.6961752786220872,0.7732682711788766,0.19805902997685518,0.40286344289779663,0.08432287722826004
h512_wd0.0001_s1,l13,11,0.0005,0.5504940111528743,0.6190146803855896,0.8451793222066506,0.7104863221884499,1.0429165997606256,0.2696056395326891,0.4181758761405945,0.11560189723968506
h512_wd0.0001_s1,l13,12,0.0005,0.538204164667563,0.6454529762268066,0.8546709771945471,0.7108662613981762,1.0942750264925925,0.2395343200221101,0.432626873254776,0.1463824361562729
h512_wd0.0001_s1,l13,13,0.0005,0.5231092179363425,0.6108466386795044,0.8708991591285513,0.7273302938196555,0.8884596719991503,0.19169076730708917,0.4475734829902649,0.1830465942621231
h512_wd0.0001_s1,l13,14,0.0005,0.5059998441826213,0.6413052678108215,0.8822222576124348,0.7258105369807497,1.1374653402139054,0.23564143201177323,0.4606103003025055,0.21694645285606384
h512_wd0.0001_s1,l13,15,0.0005,0.4762279282916676,0.6080574989318848,0.892796853102306,0.7448074974670719,1.2413054642044068,0.24025884102338138,0.47563374042510986,0.2607317268848419
h512_wd0.0001_s1,l13,16,0.0005,0.4687710174105384,0.6177523732185364,0.9067795260542745,0.7481003039513678,1.319777736763282,0.22322258656727076,0.48860815167427063,0.29301178455352783
h512_wd0.0001_s1,l13,17,0.0005,0.45441065999594604,0.6010532379150391,0.9149652822015544,0.7470871327254306,1.0958233788322682,0.17610969252361863,0.5004686117172241,0.32714328169822693
h512_wd0.0001_s1,l13,18,0.0005,0.4289612058888782,0.6950067281723022,0.9231510383488343,0.733662613981763,1.3508857711004523,0.17898502532112942,0.5127919316291809,0.3764026165008545
h512_wd0.0001_s1,l13,19,0.0005,0.4247852726416154,0.6417195200920105,0.9300786724423493,0.7515197568389057,1.4128844822100621,0.19148937116288084,0.5238111019134521,0.4070059061050415
h512_wd0.0001_s1,l13,20,0.0005,0.41890671442855487,0.6113364696502686,0.9365285386673462,0.7484802431610942,1.4097557608713527,0.1819346955323503,0.5361102819442749,0.4414813220500946
h512_wd0.0001_s1,l13,21,0.0005,0.4341399764472788,0.6359795331954956,0.9401675372658937,0.7378419452887537,1.7117387927112637,0.20799436019522066,0.5474174618721008,0.4673856496810913
h512_wd0.0001_s1,l13,22,0.0005,0.4099725315516645,0.6325996518135071,0.9506863931711046,0.7415146909827761,1.8478897909083842,0.2182910644695503,0.5587647557258606,0.49279671907424927
h512_wd0.0001_s1,l13,23,0.0005,0.42073538222096185,0.7916251420974731,0.9431615492419416,0.7496200607902735,1.9629330217848326,0.25181598863117116,0.5708838105201721,0.5048834681510925
h512_wd0.0001_s1,l13,24,0.0005,0.4840953770008954,0.7100699543952942,0.9534892979997451,0.7470871327254306,2.4976686083093926,0.3294921008957679,0.5839659571647644,0.4778045117855072
h512_wd0.0001_s1,l13,25,0.0005,0.43055717782540753,0.6386855244636536,0.951426933367308,0.7363221884498481,1.7352941223795475,0.2186280672697965,0.5946511626243591,0.47138622403144836
h512_wd0.0001_s1,l13,26,0.0005,0.39921476353298535,0.6925846934318542,0.9461396356223724,0.7392350557244173,1.677922332581418,0.21356363579659937,0.6026055812835693,0.5106000304222107
h512_wd0.0001_s1,l13,27,0.0005,0.3586836552078074,0.6715153455734253,0.9532106000764429,0.738095238095238,1.518660287270101,0.1819015755874835,0.6102355122566223,0.5472640991210938
h512_wd0.0001_s1,l13,28,0.0005,0.3367729058319872,0.6613063216209412,0.9623041151739075,0.7463272543059777,1.35580045295499,0.15465706140251384,0.6168087124824524,0.5962406396865845
h512_wd0.0001_s1,l13,29,0.0005,0.31872910870747134,0.7064691781997681,0.966627914383998,0.7437943262411347,1.2293564324922641,0.14840354483411447,0.6228670477867126,0.6486279368400574
h512_wd0.0001_s1,l13,30,0.0005,0.3091891983693296,0.7103760242462158,0.9693830424257867,0.7431610942249239,1.4322005280244403,0.14214279496690818,0.6287832260131836,0.6940093636512756
h512_wd0.0001_s1,l13,31,0.0005,0.3062022104859352,0.7523707747459412,0.9736829532424511,0.7469604863221885,1.4566174133387109,0.13598458621856468,0.634514331817627,0.735175371170044
h512_wd0.0001_s1,l13,32,0.0005,0.3083828091621399,0.7197313904762268,0.9683717671040898,0.7454407294832828,1.579719117802447,0.1366899921995137,0.6404827833175659,0.7696217894554138
h512_wd0.0001_s1,l13,33,0.0005,0.29760138961401855,0.7562279105186462,0.9738262836030067,0.7462006079027356,1.853320819399334,0.14112693356926906,0.6473305821418762,0.80335533618927
h512_wd0.0001_s1,l13,34,0.0005,0.27883822132240643,0.7791975140571594,0.9782535991846094,0.7483535967578521,1.6519333970656798,0.13474205246447377,0.6534360647201538,0.8429332375526428
h512_wd0.0001_s1,l13,35,0.0005,0.27574208040129056,0.8023039698600769,0.9813511275321698,0.7353090172239108,2.0771248338040085,0.13430362468040682,0.6594558358192444,0.8803706765174866
h512_wd0.0001_s1,l13,36,0.0005,0.28541019491174,0.7682271599769592,0.9859934386546056,0.7458206686930092,1.8783380292855343,0.12651897137490484,0.6656957268714905,0.9036106467247009
h512_wd0.0001_s1,l13,37,0.0005,0.25165676190094516,0.7606531977653503,0.9843690279016436,0.7389817629179332,1.7851471595525537,0.12107939571110649,0.6711439490318298,0.9435049891471863
h512_wd0.0001_s1,l13,38,0.0005,0.25118388777429407,0.8757178783416748,0.9831905338259651,0.7477203647416413,1.9538180334766677,0.1329509076099827,0.6764971017837524,0.9837992191314697
h512_wd0.0001_s1,l13,39,0.0005,0.24478970942172137,0.7824761271476746,0.9904605682252516,0.7406281661600811,2.05920652813065,0.11342861182319706,0.6822704076766968,1.0172053575515747
h512_wd0.0001_s1,l14,1,0.0005,0.715435126553411,0.6991360187530518,0.6711600834009035,0.5858747993579454,0.9080524558126714,0.2633545764295097,0.24478888511657715,0.045297540724277496
h512_wd0.0001_s1,l14,2,0.0005,0.6822400948275691,0.683851420879364,0.7344709255183598,0.5947030497592296,0.6300230259232675,0.18168501292939293,0.28167790174484253,0.0560041218996048
h512_wd0.0001_s1,l14,3,0.0005,0.6607468646505604,0.6762992143630981,0.7493194717942778,0.6090346250859894,0.7859139882911204,0.23642762756440255,0.3050510883331299,0.04790564998984337
h512_wd0.0001_s1,l14,4,0.0005,0.645295368588489,0.6664838194847107,0.7728411328622726,0.64446227929374,1.0345423553385682,0.27784243116669555,0.3293493390083313,0.04328468441963196
h512_wd0.0001_s1,l14,5,0.0005,0.6270526673482812,0.662100076675415,0.7829694196687131,0.6381563861499656,1.078981340167651,0.2807825963018965,0.3556361198425293,0.05069667845964432
h512_wd0.0001_s1,l14,6,0.0005,0.6120101679926333,0.6423093676567078,0.8117905131472258,0.6629213483146067,1.0934495854012303,0.2959654165597383,0.37674960494041443,0.05424686521291733
h512_wd0.0001_s1,l14,7,0.0005,0.569191433813261,0.6383415460586548,0.8301937333487779,0.6740426507681724,1.0124970989175026,0.23983224859394575,0.4010751247406006,0.07432413101196289
h512_wd0.0001_s1,l14,8,0.0005,0.5668159762154454,0.6257405281066895,0.8439128923896677,0.6872277000687915,1.4590658033558963,0.32842344331801476,0.4241175949573517,0.10194019228219986
h512_wd0.0001_s1,l14,9,0.0005,0.5315766204958376,0.6234076023101807,0.8643359782230974,0.6988076129328136,1.0806011815634473,0.2701870966956289,0.4429868161678314,0.12522467970848083
h512_wd0.0001_s1,l14,10,0.0005,0.5178201302238132,0.6241989731788635,0.8800098459399978,0.7094703049759229,1.2164568959289153,0.2673440033453492,0.46621882915496826,0.16588208079338074
h512_wd0.0001_s1,l14,11,0.0005,0.5029774204544399,0.6346232295036316,0.8829853469245917,0.7119926622334327,1.3701232755332484,0.27693424653059834,0.4863567054271698,0.189521923661232
h512_wd0.0001_s1,l14,12,0.0005,0.48663501765417017,0.6122652888298035,0.895596837715742,0.7220820912634717,1.4894971134859831,0.28993987279987404,0.5078831315040588,0.2032385617494583
h512_wd0.0001_s1,l14,13,0.0005,0.4934275642685268,0.6744849681854248,0.9038138538167496,0.725292364136666,1.6044821564982998,0.2895255994221502,0.5234193801879883,0.21672821044921875
h512_wd0.0001_s1,l14,14,0.0005,0.4607984916023586,0.674574077129364,0.8962701262597011,0.703852327447833,1.4108086571426717,0.254996435689432,0.5391812324523926,0.23165619373321533
h512_wd0.0001_s1,l14,15,0.0005,0.4881363135317098,0.6300286054611206,0.9167873276960501,0.7149736299013988,1.3878064541409783,0.2362894031032364,0.5544199347496033,0.2426520586013794
h512_wd0.0001_s1,l14,16,0.0005,0.4302210561607195,0.6373944878578186,0.9253301285763929,0.7224260490713139,1.194918762999928,0.23972524714066357,0.5683926343917847,0.28285834193229675
h512_wd0.0001_s1,l14,17,0.0005,0.4109871763250102,0.6708588004112244,0.9350891926329202,0.7298784682412292,1.2152279244087811,0.19739859035638166,0.5816907286643982,0.31885969638824463
h512_wd0.0001_s1,l14,18,0.0005,0.4043884562409442,0.710661768913269,0.9368991080736708,0.7209355652373309,1.4324298299485352,0.19717314271399536,0.5970511436462402,0.3516075611114502
h512_wd0.0001_s1,l14,19,0.0005,0.43154230065967725,0.6296363472938538,0.9467378084095911,0.7243751433157533,1.8127856257285453,0.2630110710164119,0.6114807724952698,0.36882951855659485
h512_wd0.0001_s1,l14,20,0.0005,0.40951547285784845,0.6367350220680237,0.9502780030116993,0.7321715202935106,1.8911894819711883,0.26063137061371916,0.6237249970436096,0.38928988575935364
h512_wd0.0001_s1,l14,21,0.0005,0.37127977739209717,0.684535801410675,0.943494439939766,0.7202476496216463,1.6492537177012487,0.23915312030294808,0.6355319619178772,0.4010583460330963
h512_wd0.0001_s1,l14,22,0.0005,0.40756575957588526,0.6936006546020508,0.9454781072628288,0.7333180463196515,1.8701149179858014,0.24902280624733922,0.6475548148155212,0.4062257707118988
h512_wd0.0001_s1,l14,23,0.0005,0.41428422474342846,0.6550742387771606,0.955258890304645,0.7227700068791562,2.1678070335656234,0.2810505945210191,0.6588157415390015,0.40780961513519287
h512_wd0.0001_s1,l14,24,0.0005,0.33944542252499127,0.6617972254753113,0.9622234449206533,0.7317129098830544,1.2350870366675135,0.17614515155992602,0.6695656180381775,0.4424494206905365
h512_wd0.0001_s1,l14,25,0.0005,0.31516498456830566,0.6896315813064575,0.9630922043322135,0.7352671405640907,1.2501201227733263,0.18136660302777202,0.6795602440834045,0.49383920431137085
h512_wd0.0001_s1,l14,26,0.0005,0.31872962609581323,0.7068963050842285,0.9691083632572686,0.7312542994725979,1.5544961767420813,0.16877867540446675,0.6888973116874695,0.5267703533172607
h512_wd0.0001_s1,l14,27,0.0005,0.29338651312434155,0.7992665767669678,0.9761380748291439,0.7305663838569135,1.4646196139334777,0.16366425791825157,0.6978405714035034,0.5615984797477722
h512_wd0.0001_s1,l14,28,0.0005,0.31317767112151434,0.7127371430397034,0.973387003359203,0.738477413437285,2.011942439287067,0.20306858162464686,0.709873378276825,0.5876159071922302
h512_wd0.0001_s1,l14,29,0.0005,0.2799561023712158,0.7011191844940186,0.9811044827985637,0.7407704654895666,1.9222392495666907,0.1832837498428068,0.7195281386375427,0.6214594841003418
h512_wd0.0001_s1,l14,30,0.0005,0.3084296091743138,0.7485730051994324,0.9795262365342292,0.7412290759000228,2.2202686106571634,0.2039797972769158,0.7293510437011719,0.646834671497345
h512_wd0.0001_s1,l14,31,0.0005,0.29263046513433044,0.8367836475372314,0.9842102976948918,0.7379041504242146,1.6967928301789332,0.1769978841903454,0.7404024600982666,0.6740961074829102
h512_wd0.0001_s1,l14,32,0.0005,0.26479558841041895,0.7753443717956543,0.9842899339742848,0.7299931208438432,1.9149654703209062,0.14353710386260712,0.7496569156646729,0.7043041586875916
h512_wd0.0001_s1,l14,33,0.0005,0.2985840413881385,0.7683563828468323,0.9854193212093132,0.7291905526255446,2.4055516988351893,0.19585915717009705,0.7597893476486206,0.7181611061096191
h512_wd0.0001_s1,l14,34,0.0005,0.24735460397989853,0.805595338344574,0.984724313680065,0.7301077734464573,1.7307642901172797,0.14896911469444182,0.7688720226287842,0.7455017566680908
h512_wd0.0001_s1,l14,35,0.0005,0.27352481270613876,0.7649971842765808,0.9884454998262482,0.7336620041274937,2.2531901011768234,0.18924654560201315,0.7786393761634827,0.7581985592842102
h512_wd0.0001_s1,l14,36,0.0005,0.2863089338592861,0.963254451751709,0.984753272327117,0.719445081403348,2.5145551474520227,0.19950023465194042,0.7883577346801758,0.7823473215103149
h512_wd0.0001_s1,l14,37,0.0005,0.3077069572780443,0.8075075149536133,0.9866138654002086,0.731254299472598,2.452709072499947,0.21107443892403885,0.7982660531997681,0.7882851958274841
h512_wd0.0001_s1,l14,38,0.0005,0.2583739663595739,0.7948093414306641,0.9883948221939071,0.7166934189406099,2.074150521101023,0.17306072446221435,0.807159960269928,0.8108205199241638
h512_wd0.0001_s1,l14,39,0.0005,0.27110583237979724,1.2152019739151,0.9819008455924939,0.7054574638844301,2.5921910669123616,0.1807397281984049,0.8146713376045227,0.8343637585639954
h512_wd0.0001_s1,l14,40,0.0005,0.343342675463013,0.7677577137947083,0.991218290281478,0.719674386608576,2.9149381152826597,0.24510015867161314,0.8272161483764648,0.8101317882537842
h512_wd0.0001_s1,l14,41,0.0005,0.21007221678028937,0.834318995475769,0.9923693965017955,0.7180692501719789,1.4829383751927285,0.13354794041771234,0.8337588906288147,0.8472393155097961
h512_wd0.0001_s1,l14,42,0.0005,0.19172404204373775,0.9498430490493774,0.9917323062666512,0.7179545975693649,1.462779423771613,0.131334762444804,0.8388440012931824,0.8937405943870544
h512_wd0.0001_s1,l14,43,0.0005,0.20921573625958484,0.8776209950447083,0.994005560060234,0.7227700068791562,2.018948379624203,0.1532615161666561,0.8444601893424988,0.9142281413078308
h512_wd0.0001_s1,l14,44,0.0005,0.18602044491664224,1.0274566411972046,0.9955186493687015,0.7226553542765423,1.6572330489910434,0.11571101183455541,0.8508221507072449,0.9477077722549438
h512_wd0.0001_s1,l14,45,0.0005,0.21146004906167154,0.9651955366134644,0.9949467160894243,0.7187571657876634,2.225010416806473,0.15528700144552085,0.8569285273551941,0.971735954284668
h512_wd0.0001_s1,l14,46,0.0005,0.17722560756880304,0.9710589647293091,0.9945919726630372,0.7259802797523504,1.8211706601507234,0.11309160708495637,0.8641318082809448,1.0056499242782593
h512_wd0.0001_s1,l14,47,0.0005,0.21700255475614383,1.1151652336120605,0.9918698598401483,0.7189864709928916,2.7762800615150205,0.14836520954068932,0.8703135848045349,1.0272196531295776
h512_wd0.0001_s1,l14,48,0.0005,0.19887628130938695,0.952710747718811,0.9954607320745974,0.7187571657876634,2.0330147238570397,0.1324641173984064,0.8771380186080933,1.0243960618972778
h512_wd0.0001_s1,l14,49,0.0005,0.18641361529412476,1.2106125354766846,0.9936797752808989,0.724031185507911,2.2958437280236343,0.12253943466904509,0.8826605081558228,1.0482333898544312
h512_wd0.0001_s1,l14,50,0.0005,0.209380104004041,0.894318699836731,0.9951566662805513,0.7204769548268746,2.0325075243652604,0.12006093575681696,0.8890237212181091,1.0488160848617554
h512_wd0.0001_s1,l15,1,0.0005,0.7083833473069328,0.679384708404541,0.7039086050972869,0.641869918699187,1.1772792145683237,0.3226919388448214,0.22621069848537445,0.029264632612466812
h512_wd0.0001_s1,l15,2,0.0005,0.6716799679256621,0.6614106297492981,0.761450054809537,0.6817073170731708,0.954465622727413,0.2493211670408545,0.26863688230514526,0.03492762893438339
h512_wd0.0001_s1,l15,3,0.0005,0.6500294974872044,0.6492198705673218,0.7751010550835845,0.6926829268292682,1.090186325814979,0.25671650866134044,0.29725033044815063,0.027716346085071564
h512_wd0.0001_s1,l15,4,0.0005,0.6129234944071088,0.6311344504356384,0.8029682789805426,0.708130081300813,1.3227208577915772,0.3231817176568506,0.3289026618003845,0.024562763050198555
h512_wd0.0001_s1,l15,5,0.0005,0.6198970987683251,0.6277420520782471,0.8217062893943547,0.7111111111111111,1.5485826272295782,0.39754427857846697,0.3550008535385132,0.029622338712215424
h512_wd0.0001_s1,l15,6,0.0005,0.6034576211656842,0.6156469583511353,0.8393309810907098,0.7185636856368565,1.587664971442033,0.4155770359380812,0.3817735016345978,0.03272578865289688
h512_wd0.0001_s1,l15,7,0.0005,0.5645857410771506,0.6056174635887146,0.8566131131816936,0.724390243902439,1.242524178590026,0.29877414691871873,0.4080442488193512,0.05132586136460304
h512_wd0.0001_s1,l15,8,0.0005,0.5553690734363738,0.595880925655365,0.8732443820224719,0.7422764227642276,1.486614143976823,0.35842935784466956,0.4304769039154053,0.06243439018726349
h512_wd0.0001_s1,l15,9,0.0005,0.5337072823728833,0.5914394855499268,0.8836410660454919,0.7439024390243902,1.551111604088886,0.3389077616728088,0.45234647393226624,0.0797395408153534
h512_wd0.0001_s1,l15,10,0.0005,0.47983337583996,0.6240866184234619,0.8931642230748151,0.7355013550135501,1.1581525611609782,0.2831282328354859,0.47394880652427673,0.11442599445581436
h512_wd0.0001_s1,l15,11,0.0005,0.48355542052359807,0.6475847363471985,0.9035523431077007,0.7524390243902439,1.5442935308064678,0.30571542433756493,0.49558237195014954,0.14608921110630035
h512_wd0.0001_s1,l15,12,0.0005,0.4923472801844279,0.6040642857551575,0.9209115511098932,0.7617886178861789,1.8202980408981995,0.36985019072635766,0.5163604617118835,0.1572617143392563
h512_wd0.0001_s1,l15,13,0.0005,0.46456206980205716,0.6444538831710815,0.92238455741299,0.762330623306233,1.6984787140537614,0.3324012952972884,0.5371696352958679,0.16115835309028625
h512_wd0.0001_s1,l15,14,0.0005,0.43426818932805744,0.6413519978523254,0.9273773636612771,0.7505420054200542,1.4437675378068817,0.2838651856675696,0.5567261576652527,0.19051329791545868
h512_wd0.0001_s1,l15,15,0.0005,0.4048773688929422,0.6074934601783752,0.9399407371882708,0.7497289972899728,1.3087441001501463,0.24637859194059614,0.572935938835144,0.22541502118110657
h512_wd0.0001_s1,l15,16,0.0005,0.41543153921763104,0.6686041951179504,0.9382022471910112,0.7600271002710027,1.9099824474075358,0.3028634318548586,0.590576171875,0.2502295672893524
h512_wd0.0001_s1,l15,17,0.0005,0.42493700697308495,0.6122325658798218,0.946843313236503,0.751219512195122,2.1201251411232453,0.3474266274762558,0.6068021059036255,0.2588917315006256
h512_wd0.0001_s1,l15,18,0.0005,0.4223206916025707,0.5983560681343079,0.9544909564264181,0.7550135501355013,1.9702038007361484,0.3328605038289929,0.6215717196464539,0.2733907997608185
h512_wd0.0001_s1,l15,19,0.0005,0.37472287104243324,0.6620175838470459,0.9537715812551384,0.7460704607046071,1.6394966465438348,0.29149965297045327,0.6357369422912598,0.29349851608276367
h512_wd0.0001_s1,l15,20,0.0005,0.538544951450257,0.753454327583313,0.9398722252671966,0.717479674796748,3.201848138115634,0.557390665406294,0.654140293598175,0.2587123215198517
h512_wd0.0001_s1,l15,21,0.0005,0.3806650766304561,0.6140855550765991,0.9579422444505343,0.744308943089431,1.5021593578368035,0.30543186273525996,0.66862952709198,0.26467034220695496
h512_wd0.0001_s1,l15,22,0.0005,0.34782415344601586,0.6231437921524048,0.9650332282817209,0.7498644986449865,1.353779616874433,0.23771135365657972,0.6809006333351135,0.30869922041893005
h512_wd0.0001_s1,l15,23,0.0005,0.313668028939338,0.6487363576889038,0.9722697999451905,0.7428184281842818,0.9829470184469903,0.197391779215625,0.692593514919281,0.3532543182373047
h512_wd0.0001_s1,l15,24,0.0005,0.2940184417225066,0.6504647135734558,0.9766888188544807,0.7513550135501356,1.255065605281752,0.21610298068144038,0.7044031023979187,0.3990846574306488
h512_wd0.0001_s1,l15,25,0.0005,0.30720704864887965,0.673098623752594,0.9800630309673883,0.7585365853658536,1.8838352094612099,0.24036814897213296,0.7153396010398865,0.42899778485298157
h512_wd0.0001_s1,l15,26,0.0005,0.3004842648903529,0.9653200507164001,0.96875,0.7222222222222222,1.8049828863346218,0.21859374916538293,0.7279981970787048,0.45676836371421814
h512_wd0.0001_s1,l15,27,0.0005,0.323581677817163,0.7592868208885193,0.9747876130446699,0.7336043360433604,2.12760213832483,0.2775742294216928,0.7405675649642944,0.46767085790634155
h512_wd0.0001_s1,l15,28,0.0005,0.2925775760696048,0.6793638467788696,0.9869227870649493,0.7489159891598915,1.9593176965712422,0.2249802019249788,0.7511032223701477,0.4864284098148346
h512_wd0.0001_s1,l15,29,0.0005,0.2529544546490624,0.7041274905204773,0.9853555768703754,0.7533875338753387,1.5616809710001232,0.18529459149387956,0.7615818977355957,0.5214133262634277
h512_wd0.0001_s1,l15,30,0.0005,0.25228973087810336,0.9131564497947693,0.9878305700191833,0.7426829268292683,1.8843366094825922,0.17674974599811777,0.7722893953323364,0.5526469945907593
h512_wd0.0001_s1,l15,31,0.0005,0.3371446927388509,0.7412939667701721,0.9839425184982187,0.7272357723577236,3.044693307075116,0.30714880771866393,0.7857339382171631,0.5538115501403809
h512_wd0.0001_s1,l15,32,0.0005,0.2615798293125062,0.8703542947769165,0.9887554809536859,0.747018970189702,1.697026484473604,0.1927280519527613,0.796223521232605,0.5714452266693115
h512_wd0.0001_s1,l15,33,0.0005,0.25585708518822986,0.7374820709228516,0.9922838448890108,0.7368563685636856,2.203657337738426,0.20134915557659083,0.8055718541145325,0.5934122800827026
h512_wd0.0001_s1,l16,1,0.0005,0.7064573324244955,0.6745318174362183,0.7240290238833127,0.6512172284644195,1.2394762534157377,0.3801887118067643,0.2402634620666504,0.029488014057278633
h512_wd0.0001_s1,l16,2,0.0005,0.6751542376435321,0.6630072593688965,0.7581343057271134,0.6836376404494382,1.2070114934338083,0.35711670998174055,0.28041112422943115,0.041461627930402756
h512_wd0.0001_s1,l16,3,0.0005,0.6719960026119066,0.6773679852485657,0.7193766226081553,0.6518024344569289,1.3501924468821696,0.40982247074193856,0.30916622281074524,0.04960976541042328
h512_wd0.0001_s1,l16,4,0.0005,0.6442285594732865,0.6526286005973816,0.7641032847876095,0.6866807116104869,0.9293543342088497,0.2574293826846319,0.3369889557361603,0.05510391667485237
h512_wd0.0001_s1,l16,5,0.0005,0.6153024460958398,0.636304497718811,0.7920250889429655,0.7042368913857677,1.0350818834473914,0.2891402454228317,0.3671228885650635,0.04796253517270088
h512_wd0.0001_s1,l16,6,0.0005,0.6017375251521235,0.6149552464485168,0.8221066723866302,0.7246020599250936,1.4258228445122583,0.3761748709081471,0.39831337332725525,0.04783961921930313
h512_wd0.0001_s1,l16,7,0.0005,0.5773658389630525,0.6180652379989624,0.8452429381874126,0.7323267790262172,1.4996157132149197,0.38305569320599353,0.42525142431259155,0.050346534699201584
h512_wd0.0001_s1,l16,8,0.0005,0.580762241197669,0.6087862849235535,0.8631350823600766,0.7358380149812734,1.9451318276947465,0.4553119379073326,0.4512188732624054,0.05627826228737831
h512_wd0.0001_s1,l16,9,0.0005,0.5996121660522793,0.6509252190589905,0.8499914940199261,0.7317415730337079,2.010179103617884,0.5123527956270076,0.47568994760513306,0.060052864253520966
h512_wd0.0001_s1,l16,10,0.0005,0.552662976410078,0.6187179088592529,0.866285993239595,0.7443820224719101,1.2649512704545132,0.3234858566607667,0.496726930141449,0.061154767870903015
h512_wd0.0001_s1,l16,11,0.0005,0.5492045270360034,0.6211819052696228,0.8767076679561239,0.7457865168539326,1.4987411975820768,0.3323516501547816,0.5176130533218384,0.06295967102050781
h512_wd0.0001_s1,l16,12,0.0005,0.5117390065089517,0.6128389239311218,0.8865154328064555,0.7468398876404495,1.19744107107288,0.32138781583643206,0.5374375581741333,0.0652802437543869
h512_wd0.0001_s1,l16,13,0.0005,0.482534761014192,0.6114087700843811,0.8991930413686492,0.7555009363295879,1.2748164956549892,0.32710318412013534,0.5559749603271484,0.09006846696138382
h512_wd0.0001_s1,l16,14,0.0005,0.5084654507429703,0.5896994471549988,0.9096590951116502,0.7580758426966292,1.869612359875805,0.4075955150193193,0.5752550959587097,0.09788262099027634
h512_wd0.0001_s1,l16,15,0.0005,0.4425660358822864,0.5946400165557861,0.9153765930221378,0.7590121722846442,1.0743416006137683,0.2834903417928945,0.5937966108322144,0.1265626698732376
h512_wd0.0001_s1,l16,16,0.0005,0.4408623809399812,0.616007924079895,0.9233056457518176,0.7672050561797753,1.5142706020972232,0.2937533520086405,0.6117069125175476,0.16301898658275604
h512_wd0.0001_s1,l16,17,0.0005,0.4210956485375114,0.5924887657165527,0.9337643029904067,0.7642790262172285,1.528443907844136,0.3135206405178299,0.62904292345047,0.1810147762298584
h512_wd0.0001_s1,l16,18,0.0005,0.43670853324558423,0.6716333627700806,0.9387865294861648,0.7666198501872659,1.7184219044344282,0.3343089120365717,0.6467720866203308,0.19593198597431183
h512_wd0.0001_s1,l16,19,0.0005,0.4145809787770976,0.5970836877822876,0.9449995931922572,0.7648642322097378,1.676329574678485,0.27601237344092716,0.6636567115783691,0.21688541769981384
h512_wd0.0001_s1,l16,20,0.0005,0.38705890917259717,0.6483570337295532,0.9501919392894917,0.7667368913857677,1.3434793247622532,0.25357464581852723,0.6774569153785706,0.2362326830625534
h512_wd0.0001_s1,l16,21,0.0005,0.3528553862934527,0.6171171069145203,0.9542304306984519,0.7721207865168539,1.4337927244178414,0.24142654127756752,0.6926409602165222,0.27134084701538086
h512_wd0.0001_s1,l16,22,0.0005,0.40610295145407965,0.8377516269683838,0.9608576986516173,0.7660346441947565,2.1756239056598043,0.33885378125306087,0.7087389230728149,0.28005510568618774
h512_wd0.0001_s1,l16,23,0.0005,0.3770549245502638,0.6601555943489075,0.9596372754236349,0.7633426966292135,1.8476871976548725,0.2908407638906344,0.7236558794975281,0.2921297550201416
h512_wd0.0001_s1,l16,24,0.0005,0.35052531374537427,0.7028398513793945,0.9643118662120282,0.7635767790262172,1.8769277082630496,0.2818754192488523,0.7367851734161377,0.3172505795955658
h512_wd0.0001_s1,l16,25,0.0005,0.36603496709595557,0.6485855579376221,0.9724776070828927,0.771184456928839,1.7876775478294358,0.2715011992128032,0.7525268197059631,0.32700222730636597
h512_wd0.0001_s1,l16,26,0.0005,0.34398912411669025,0.8536533713340759,0.9695116088136747,0.7653323970037453,2.0278331309178026,0.3130211122728365,0.7668622136116028,0.3580913841724396
h512_wd0.0001_s1,l16,27,0.0005,0.3329309847043908,0.67365962266922,0.9752586927418102,0.7634597378277153,1.9130834505234133,0.29249240340070704,0.7817061543464661,0.36706721782684326
h512_wd0.0001_s1,l16,28,0.0005,0.29791031972221704,0.6708089709281921,0.9778696587992515,0.760182584269663,1.8369983002540449,0.23370638122111229,0.7941809296607971,0.40110066533088684
h512_wd0.0001_s1,l16,29,0.0005,0.27695966285207996,0.72898930311203,0.9804658318478686,0.7587780898876405,1.4732220102044435,0.2023026752151058,0.805324137210846,0.4378244876861572
h512_wd0.0001_s1,l16,30,0.0005,0.2554495509551919,0.7302449941635132,0.9832617105156103,0.7608848314606742,1.1620622752259508,0.16318913975080115,0.8167874813079834,0.4762341380119324
h512_wd0.0001_s1,l16,31,0.0005,0.2774090656767721,0.7476236820220947,0.9778844518080756,0.7474250936329588,1.9704169724014606,0.22645469689630557,0.828169047832489,0.5099748969078064
h512_wd0.0001_s1,l16,32,0.0005,0.30141696269097534,0.8558498620986938,0.9889718119216859,0.7606507490636704,2.132992317771561,0.2698923027647181,0.8401209115982056,0.520135223865509
h512_wd0.0001_s1,l16,33,0.0005,0.23930832776038544,0.7650737166404724,0.9891789140452222,0.7606507490636704,1.9694188997262672,0.21397580900272414,0.8521550893783569,0.5376809239387512
h512_wd0.0001_s1,l16,34,0.0005,0.2722444184448408,0.7621827125549316,0.990059098070252,0.7535112359550562,2.398731098183862,0.22807597001742075,0.8627426624298096,0.5560579895973206
h512_wd0.0001_s1,l16,35,0.0005,0.2722227515085884,0.7320109009742737,0.9906138359011532,0.7612359550561798,2.2566602713097588,0.22710308943753343,0.8743101358413696,0.5642663240432739
h512_wd0.0001_s1,l16,36,0.0005,0.2509799295145532,0.8616242408752441,0.992573909570337,0.7439138576779026,2.0760215677854794,0.18988710766387928,0.8859599828720093,0.5845744609832764
h512_wd0.0001_s1,l16,37,0.0005,0.23332266541926758,0.7558572292327881,0.9944896042130489,0.75,1.709724176406852,0.17293608408212013,0.8966245651245117,0.608924388885498
h512_wd0.0001_s1,l16,38,0.0005,0.22116699944371762,0.8032081127166748,0.9926552711188692,0.752691947565543,1.7382388977423553,0.18652681469426496,0.9050261378288269,0.6501744985580444
h512_wd0.0001_s1,l16,39,0.0005,0.19433679204920065,0.8400550484657288,0.9948076539027655,0.7492977528089888,1.4994923953175854,0.14379811184049804,0.9128652215003967,0.6833502054214478
h512_wd0.0001_s1,l16,40,0.0005,0.2141835294339968,0.9066783785820007,0.9947188958498213,0.7474250936329588,2.1121008567570976,0.16429867771828713,0.9209353923797607,0.7130103707313538
h512_wd0.0001_s1,l16,41,0.0005,0.22202929821999176,0.8721851110458374,0.9948594294336496,0.7488295880149812,2.239722269890084,0.19453841234659433,0.9308704733848572,0.7239987850189209
h512_wd0.0001_s1,l17,1,0.0005,0.7142722606658936,0.6891868114471436,0.7198274133658403,0.6025673940949936,1.1271977811006577,0.317388479435559,0.23532657325267792,0.04065198451280594
h512_wd0.0001_s1,l17,2,0.0005,0.6820317588069222,0.6842288374900818,0.7477364043916561,0.6274711168164313,0.850989807463921,0.23245616141744974,0.27622097730636597,0.05775170400738716
h512_wd0.0001_s1,l17,3,0.0005,0.6594672338529066,0.6683431267738342,0.7625009022303133,0.634403080872914,0.8825681018248175,0.23551220754913765,0.3004365861415863,0.051692117005586624
h512_wd0.0001_s1,l17,4,0.0005,0.6384625082666223,0.6644909381866455,0.7826066035239111,0.6516046213093709,0.9828070301596946,0.25211662265330054,0.32664185762405396,0.040766168385744095
h512_wd0.0001_s1,l17,5,0.0005,0.617663792588494,0.6621261239051819,0.7999454651899496,0.6558408215661105,1.2106448114025332,0.32135158530707625,0.3578469157218933,0.03489100560545921
h512_wd0.0001_s1,l17,6,0.0005,0.5854791863398119,0.6612154245376587,0.8315195162441555,0.6777920410783056,1.253781692307369,0.34969393872493604,0.3842881917953491,0.0407729372382164
h512_wd0.0001_s1,l17,7,0.0005,0.5758796076882969,0.6340652108192444,0.8539589866149121,0.6892169448010269,1.4832506990969327,0.4104764583235211,0.41010141372680664,0.053575579077005386
h512_wd0.0001_s1,l17,8,0.0005,0.59212987260385,0.6771928071975708,0.8581212757937622,0.6885750962772785,1.6304076970413668,0.3920131281556652,0.4326818585395813,0.052576079964637756
h512_wd0.0001_s1,l17,9,0.0005,0.5398817793889479,0.6323460340499878,0.8713379474059876,0.6937098844672658,1.2034718738718055,0.3029565009600414,0.45683392882347107,0.06461150199174881
h512_wd0.0001_s1,l17,10,0.0005,0.5226979743350636,0.6283668279647827,0.8875620533959949,0.7047496790757382,1.5439440541979417,0.32771898647753334,0.47905632853507996,0.09004992991685867
h512_wd0.0001_s1,l17,11,0.0005,0.5384455445137891,0.6235098838806152,0.8954214819032649,0.7192554557124519,1.5279106900985688,0.3057778666773524,0.5009499788284302,0.09081050753593445
h512_wd0.0001_s1,l17,12,0.0005,0.4873556684363972,0.6316038370132446,0.8996078305571371,0.7132220795892169,1.2252073207893017,0.2802739649175953,0.5225585103034973,0.11831685900688171
h512_wd0.0001_s1,l17,13,0.0005,0.49742032858458435,0.6272763013839722,0.9123673721439398,0.7148908857509627,1.6890132213946674,0.32229649360121077,0.5419819355010986,0.13996708393096924
h512_wd0.0001_s1,l17,14,0.0005,0.44133424487980927,0.6832762360572815,0.920900465951833,0.7200256739409499,1.3720621527597143,0.2748654175193107,0.561674177646637,0.17464418709278107
h512_wd0.0001_s1,l17,15,0.0005,0.46832239627838135,0.6630929708480835,0.9256963213062691,0.72002567394095,1.8521180028419728,0.3400795475590766,0.5795096158981323,0.18854668736457825
h512_wd0.0001_s1,l17,16,0.0005,0.43705728921023285,0.6733357310295105,0.9278536542332647,0.7163029525032092,1.4478121700043063,0.28220907378077503,0.5966343283653259,0.21430906653404236
h512_wd0.0001_s1,l17,17,0.0005,0.4274896600029685,0.6790473461151123,0.9379987328676489,0.7198973042362001,1.5928842334003883,0.2856771236486235,0.6126657724380493,0.23287126421928406
h512_wd0.0001_s1,l17,18,0.0005,0.38046892800114374,0.6739644408226013,0.9414392377958314,0.7277278562259307,1.2465794680013866,0.24468340680491618,0.6270423531532288,0.26874202489852905
h512_wd0.0001_s1,l17,19,0.0005,0.4268929931250485,0.7325864434242249,0.947149353201113,0.7193838254172014,2.073740761717474,0.3223098290775734,0.6414035558700562,0.2874387800693512
h512_wd0.0001_s1,l17,20,0.0005,0.40904937007210473,0.6643038988113403,0.9542709578077007,0.7320924261874198,1.9688304966697479,0.2810658078173669,0.6560189723968506,0.2954172194004059
h512_wd0.0001_s1,l17,21,0.0005,0.3516591570594094,0.6826298236846924,0.9562197752845034,0.7263157894736842,1.321933740960301,0.23357554249925627,0.6687398552894592,0.32871419191360474
h512_wd0.0001_s1,l17,22,0.0005,0.3802909715609117,0.6772615313529968,0.9642877192419661,0.732734274711168,1.8908332170470523,0.3032676711258367,0.6815996170043945,0.34713783860206604
h512_wd0.0001_s1,l17,23,0.0005,0.352328322827816,0.7116571068763733,0.9623228621151486,0.7201540436456997,1.4495502064374373,0.21352414787741755,0.6941422820091248,0.37540557980537415
h512_wd0.0001_s1,l17,24,0.0005,0.33769680288704956,0.7135192155838013,0.9678405017202525,0.7331193838254172,1.6464442233767729,0.23513863314240108,0.7068141102790833,0.4134650230407715
h512_wd0.0001_s1,l17,25,0.0005,0.3383335376327688,0.6891774535179138,0.9689873366963133,0.7328626444159179,1.916554229287666,0.23481962453694602,0.7178454399108887,0.4334550201892853
h512_wd0.0001_s1,l17,26,0.0005,0.3070874647660689,0.7130507826805115,0.9720509098491471,0.7299101412066752,1.5112039985099601,0.20290622174126732,0.729447603225708,0.46783381700515747
h512_wd0.0001_s1,l17,27,0.0005,0.29317630150101404,0.7662198543548584,0.9738874497758461,0.7282413350449294,1.6663282055557302,0.21673159363889968,0.7400569319725037,0.5080348253250122
h512_wd0.0001_s1,l17,28,0.0005,0.29319641400467267,0.7594492435455322,0.9752027010770624,0.7264441591784339,1.560287871493277,0.1876259562843915,0.7503052949905396,0.5286252498626709
h512_wd0.0001_s1,l17,29,0.0005,0.26672377505085687,0.752038836479187,0.9847863919609274,0.7309370988446727,1.497083190369593,0.1784231523672361,0.7608674764633179,0.5622673034667969
h512_wd0.0001_s1,l17,30,0.0005,0.2849581079049544,0.8334197998046875,0.9826771779839765,0.727599486521181,2.056888015798778,0.1995809933257923,0.7721043825149536,0.5916052460670471
h512_wd0.0001_s1,l17,31,0.0005,0.2784868431362239,0.8155208826065063,0.9875291721134645,0.7189987163029525,2.066443406518467,0.21373804229909582,0.7820618748664856,0.6164370179176331
h512_wd0.0001_s1,l17,32,0.0005,0.23830490491606973,0.8360783457756042,0.9878740245887834,0.7297817715019256,1.7060797522707773,0.16967580166532722,0.7910665273666382,0.6480363607406616
h512_wd0.0001_s1,l17,33,0.0005,0.2714243639599193,0.8163396716117859,0.9901195755908606,0.7295250320924261,2.2388412633621027,0.1991304652417124,0.8003230094909668,0.664175271987915
h512_wd0.0001_s1,l17,34,0.0005,0.24268234995278445,0.8158053755760193,0.989149176764963,0.7354300385109114,2.0046545995124307,0.17870949178938242,0.8096562623977661,0.690207839012146
h512_wd0.0001_s1,l17,35,0.0005,0.3051131076433442,0.8434205055236816,0.9896303662654081,0.7240051347881898,3.0065235304416422,0.24575138411425324,0.820723831653595,0.6954883337020874
h512_wd0.0001_s1,l17,36,0.0005,0.2514017176899043,0.8342679142951965,0.9920683930676633,0.7359435173299101,2.133780455255332,0.18825311765734068,0.8296107649803162,0.7032617330551147
h512_wd0.0001_s1,l17,37,0.0005,0.20223200456662613,0.9496116638183594,0.9942738449447034,0.7474967907573812,1.4564654277884763,0.14586085913038213,0.8367746472358704,0.7404264807701111
h512_wd0.0001_s1,l17,38,0.0005,0.21972532434896988,0.8374421000480652,0.9963269201466024,0.7430038510911425,1.945693888703869,0.16108941040863994,0.8447285890579224,0.7690665125846863
h512_wd0.0001_s1,l17,39,0.0005,0.1778934228826653,0.9272957444190979,0.9940974087945402,0.740821566110398,1.4360786495056976,0.1358120908534646,0.8513680100440979,0.8116445541381836
h512_wd0.0001_s1,l17,40,0.0005,0.27259630642154,0.8029267191886902,0.9940412700194883,0.7403080872913993,2.844966882948921,0.2350252441366825,0.8607898950576782,0.807368278503418
h512_wd0.0001_s1,l17,41,0.0005,0.22518794882026585,0.8975526690483093,0.9934558227939467,0.7241335044929397,2.2850583166253453,0.1768015574118541,0.8694694638252258,0.8326541781425476
h512_wd0.0001_s1,l17,42,0.0005,0.22963121634992686,1.1304419040679932,0.9955570169458903,0.7231065468549421,2.28809173553691,0.1636306715720172,0.8774728178977966,0.8528901934623718
h512_wd0.0001_s1,l17,43,0.0005,0.25306694683703507,0.9573912620544434,0.9957655323960832,0.7263157894736842,2.7251786356007233,0.19800845524552632,0.8857662081718445,0.8511635065078735
h512_wd0.0001_s1,l17,44,0.0005,0.19441124898466197,0.9685887098312378,0.9966156338468695,0.72002567394095,2.2082309934976876,0.16478488589374443,0.8928594589233398,0.8667176365852356
h512_wd0.0001_s1,l17,45,0.0005,0.189901777966456,1.1668784618377686,0.9953966204457418,0.7265725288831837,1.8183170447400654,0.1280685148196227,0.898140013217926,0.8859211206436157
h512_wd0.0001_s1,l17,46,0.0005,0.1948724053800106,0.9594781994819641,0.9980030635731528,0.7250320924261874,2.4492639155918288,0.1461837242677274,0.9037518501281738,0.906440258026123
h512_wd0.0001_s1,l17,47,0.0005,0.16535450738262047,1.0622237920761108,0.9990055416990802,0.728369704749679,1.8986621664636503,0.13682475955198345,0.9103434085845947,0.9297682642936707
h512_wd0.0001_s1,l17,48,0.0005,0.15858338942581957,1.0063008069992065,0.9981955393733308,0.725160462130937,1.9834202686519378,0.12807095562329962,0.9162672758102417,0.9628762006759644
h512_wd0.0001_s1,l17,49,0.0005,0.19322499226440082,0.9804666638374329,0.9976983102228709,0.7209242618741976,2.4018043455048406,0.14431035681866056,0.9228624701499939,0.9772670865058899
h512_wd0.0001_s1,l17,50,0.0005,0.13384102962233804,1.0831975936889648,0.9975940524977746,0.7320924261874198,1.555860875058311,0.10680864401413,0.9277707934379578,1.0032116174697876
h512_wd0.0001_s1,l17,51,0.0005,0.1917391512542963,1.085001826286316,0.9994386122494807,0.7255455712451861,2.691747668733529,0.15310557313405923,0.9328228831291199,1.0183727741241455
h512_wd0.0001_s1,l17,52,0.0005,0.22037273154340006,1.0680088996887207,0.9983479160484718,0.717971758664955,2.622223819613473,0.1705860662709131,0.9409394860267639,1.0126229524612427
h512_wd0.0001_s1,l17,53,0.0005,0.1923150582747026,1.0522879362106323,0.9986606892237612,0.7166880616174581,2.2902613374005742,0.14282145948840674,0.9469810724258423,1.0236135721206665
h512_wd0.0001_s1,l17,54,0.0005,0.17494873228398236,1.1863075494766235,0.9993985131244436,0.7283697047496791,2.3491468881331707,0.12924029458632502,0.9527943134307861,1.0496236085891724
h512_wd0.0001_s1,l17,55,0.0005,0.13420313969254494,1.0639827251434326,0.9994546518994956,0.7278562259306803,1.6726712823167995,0.09931889228300506,0.9574770331382751,1.0769975185394287
h512_wd0.0001_s1,l17,56,0.0005,0.10361631968143312,1.0935677289962769,0.9995107906745474,0.7261874197689345,1.3102715723944598,0.09084023982611843,0.9612820148468018,1.1119887828826904
h512_wd0.0001_s1,l17,57,0.0005,0.09860084493729201,1.124498963356018,0.9993824734744288,0.7278562259306804,1.380962126669299,0.08768860412239775,0.9645379781723022,1.148321509361267
h512_wd0.0001_s1,l18,1,0.0005,0.6967943960970099,0.6766393184661865,0.7291637582018708,0.6476991588322613,1.1583195662651582,0.30898661175181125,0.24950765073299408,0.024221058934926987
h512_wd0.0001_s1,l18,2,0.0005,0.6678287495266307,0.6839821934700012,0.7491119487489724,0.6505442850074221,1.3925704853377499,0.37474525682210674,0.2923547327518463,0.034909650683403015
h512_wd0.0001_s1,l18,3,0.0005,0.6339552429589358,0.6680203080177307,0.7726278561124296,0.6600692726373083,1.1489510289334712,0.30641927524476,0.320469468832016,0.03409234434366226
h512_wd0.0001_s1,l18,4,0.0005,0.6512034616687081,0.7316343784332275,0.7750632106348984,0.6522761009401287,1.7168266605567268,0.42769956974552303,0.34600040316581726,0.03967209532856941
h512_wd0.0001_s1,l18,5,0.0005,0.657699395309795,0.6532896757125854,0.8118417174678518,0.6808510638297873,1.6861465616156515,0.44140104592973217,0.36860036849975586,0.05807477980852127
h512_wd0.0001_s1,l18,6,0.0005,0.6112457080320879,0.6419336795806885,0.8031706144228831,0.677387431964374,1.0519407352943295,0.30907107293858366,0.391967236995697,0.06238196790218353
h512_wd0.0001_s1,l18,7,0.0005,0.5976107689467344,0.6371626257896423,0.8212186079699691,0.6871598218703612,1.2118815174424855,0.3650788679204643,0.41183459758758545,0.057331398129463196
h512_wd0.0001_s1,l18,8,0.0005,0.5818166326392781,0.6361348628997803,0.8440985310313804,0.6879020286986639,1.3827786230610757,0.36934250187595397,0.43152469396591187,0.053036823868751526
h512_wd0.0001_s1,l18,9,0.0005,0.5680992549115961,0.6297210454940796,0.8521491615865482,0.691860465116279,1.3279343999142585,0.3452563588494207,0.45494720339775085,0.05125937610864639
h512_wd0.0001_s1,l18,10,0.0005,0.5518273535099897,0.6576766967773438,0.8667923123458513,0.6954477981197427,1.6087949456569992,0.39514664865119226,0.4765736162662506,0.05603743717074394
h512_wd0.0001_s1,l18,11,0.0005,0.5918032242493196,0.6339749693870544,0.8667225091907487,0.6945818901533894,1.9214160664043363,0.47706608067642525,0.4980289936065674,0.055290915071964264
h512_wd0.0001_s1,l18,12,0.0005,0.5991595089435577,0.7426357865333557,0.8509237284191912,0.683943592281049,1.695245952438735,0.47191582191166487,0.5190067291259766,0.0653793215751648
h512_wd0.0001_s1,l18,13,0.0005,0.5396772243759849,0.624426543712616,0.8761071555989887,0.6976744186046512,0.9591609304610287,0.2835724366689666,0.5365225672721863,0.06727689504623413
h512_wd0.0001_s1,l18,14,0.0005,0.5374653176827864,0.7691389322280884,0.8556470752478013,0.6861702127659575,1.4890741300686476,0.3995583890791632,0.5524958968162537,0.06610021740198135
h512_wd0.0001_s1,l18,15,0.0005,0.5036440559408881,0.6237307190895081,0.8942016845828098,0.7050964868876793,1.0854085762268149,0.32429363646091686,0.5682188868522644,0.06775427609682083
h512_wd0.0001_s1,l18,16,0.0005,0.5096249282360077,0.6359771490097046,0.9004762126359223,0.7075705096486887,1.3994187020100801,0.2966606701955527,0.5831305384635925,0.0764215812087059
h512_wd0.0001_s1,l18,17,0.0005,0.4611750570210544,0.6481689810752869,0.9050134177175919,0.7109104403760514,1.1594725697929342,0.2932493197461849,0.5987372994422913,0.09284123033285141
h512_wd0.0001_s1,l18,18,0.0005,0.4456929618662054,0.6545982360839844,0.9150495602401227,0.7143740722414647,1.2037313677891084,0.2922801068607565,0.6127414107322693,0.11274947226047516
h512_wd0.0001_s1,l18,19,0.0005,0.4254547520117326,0.6457048654556274,0.9231932616687607,0.7172191984166255,1.064239143816277,0.2579419650099959,0.6260493397712708,0.1344701200723648
h512_wd0.0001_s1,l18,20,0.0005,0.4102069396864284,0.6561912298202515,0.9321668450525076,0.7173428995546759,1.155600505075312,0.2187018135754352,0.6402613520622253,0.16849306225776672
h512_wd0.0001_s1,l18,21,0.0005,0.39982532642104407,0.6590361595153809,0.936006018583151,0.7178377041068776,1.2092277463675847,0.23232284818925641,0.6544403433799744,0.19825048744678497
h512_wd0.0001_s1,l18,22,0.0005,0.38302109796892514,0.6689713597297668,0.9428699955015746,0.7221672439386443,1.2830064639805627,0.2363552682009387,0.6681616902351379,0.23479364812374115
h512_wd0.0001_s1,l18,23,0.0005,0.4305324080315503,0.7451796531677246,0.9453131059301658,0.7241464621474518,1.9992751389044463,0.31737933852790695,0.684170663356781,0.24513080716133118
h512_wd0.0001_s1,l18,24,0.0005,0.3635787130756812,0.6792673468589783,0.9509361378689872,0.7238990598713507,1.486535012907953,0.2720042238404051,0.6982097029685974,0.2710312008857727
h512_wd0.0001_s1,l18,25,0.0005,0.3874847827987237,0.6847597360610962,0.9567375556486264,0.7288471053933696,1.8264566325328533,0.29356720108345313,0.7108975052833557,0.2866208553314209
h512_wd0.0001_s1,l18,26,0.0005,0.40466482124545355,0.6425343155860901,0.9517505080118509,0.7221672439386442,1.851568697898965,0.2838302732651835,0.7241255044937134,0.29372382164001465
h512_wd0.0001_s1,l18,27,0.0005,0.3422292159362273,0.6879066228866577,0.9621434222160175,0.7299604156358238,1.2329477353634544,0.2311640949835432,0.7375773787498474,0.32356709241867065
h512_wd0.0001_s1,l18,28,0.0005,0.33027389306913724,0.6893664002418518,0.9687049187956629,0.7323107372587828,1.4782418667824613,0.209028695294158,0.7492799162864685,0.35885706543922424
h512_wd0.0001_s1,l18,29,0.0005,0.3358778723261573,0.8409881591796875,0.9683559030201498,0.7289708065314201,1.793914212922312,0.2797354270330493,0.7597078084945679,0.38247358798980713
h512_wd0.0001_s1,l18,30,0.0005,0.331236713311889,0.7383781671524048,0.9717995253385452,0.7297130133597229,2.185534215692767,0.3112564862668643,0.7736536264419556,0.38942602276802063
h512_wd0.0001_s1,l18,31,0.0005,0.32945701615376904,0.7158846259117126,0.9756929902120464,0.7295893122216724,1.8334692902327054,0.24292514353718772,0.7843232750892639,0.40459367632865906
h512_wd0.0001_s1,l18,32,0.0005,0.2745630449869416,0.815423846244812,0.9813935812120931,0.7282285997031173,1.2832319182103573,0.18172212288755588,0.7945632934570312,0.44168582558631897
h512_wd0.0001_s1,l18,33,0.0005,0.27090523121031845,0.758667528629303,0.9857989358896799,0.7262493814943098,1.485664302025784,0.1932434410831427,0.8043156862258911,0.47660526633262634
h512_wd0.0001_s1,l18,34,0.0005,0.28650589151815936,0.7395337224006653,0.9865357469713186,0.724764967837704,1.855746770635856,0.20934501082073617,0.8152849078178406,0.4976538121700287
h512_wd0.0001_s1,l18,35,0.0005,0.28259635039351205,0.9085322618484497,0.9852405106488591,0.7293419099455715,2.074089332543691,0.2537600765431541,0.8270074129104614,0.5227593779563904
h512_wd0.0001_s1,l18,36,0.0005,0.2806782790205695,0.7933298945426941,0.978593699101866,0.7278574962889659,2.090668755632168,0.20590586313425635,0.8375506401062012,0.5340359210968018
h512_wd0.0001_s1,l18,37,0.0005,0.2644533531909639,0.7893234491348267,0.9877379124203081,0.725012370113805,1.7972227533579188,0.1828046136025814,0.8475305438041687,0.5552684664726257
h512_wd0.0001_s1,l18,38,0.0005,0.31625059653412213,0.7800189256668091,0.9910496843346208,0.7278574962889658,2.76730392006044,0.2775892591834819,0.857404351234436,0.5515851378440857
h512_wd0.0001_s1,l18,39,0.0005,0.28853203423998575,0.793487012386322,0.9908325189631904,0.7320633349826817,2.4841197006195626,0.25695680098449863,0.8673443794250488,0.5611546039581299
h512_wd0.0001_s1,l18,40,0.0005,0.22022488340735435,0.8689420819282532,0.9897234243876712,0.7284760019792184,1.6151325844860955,0.17407565045696358,0.8761926889419556,0.5831684470176697
h512_wd0.0001_s1,l18,41,0.0005,0.2582209970463406,0.8345293402671814,0.9924224797183054,0.7237753587333003,2.1390792119646656,0.17424449283708354,0.8842889666557312,0.6033292412757874
h512_wd0.0001_s1,l18,42,0.0005,0.2966459894722158,0.8129748106002808,0.9938961018815828,0.7262493814943097,2.5951409229905535,0.23504063755464857,0.8933425545692444,0.6058843731880188
h512_wd0.0001_s1,l18,43,0.0005,0.2162575809793039,0.9351292252540588,0.9887849597468473,0.7216724393864423,1.6958685937690303,0.16554066351037314,0.9026092886924744,0.6163744330406189
h512_wd0.0001_s1,l18,44,0.0005,0.22590564394539053,0.9017276167869568,0.9946329129632215,0.7282285997031173,2.136193339215316,0.1835826226729341,0.9100514054298401,0.6369144320487976
h512_wd0.0001_s1,l18,45,0.0005,0.1725064099512317,0.9091961979866028,0.9957420075387408,0.7304552201880257,1.4490430314830356,0.14465226906962975,0.9167360663414001,0.6725990772247314
h512_wd0.0001_s1,l18,46,0.0005,0.2208205752752044,1.0339053869247437,0.9967270076162998,0.725012370113805,2.426474760519074,0.19548658638544933,0.9248558878898621,0.6935498714447021
h512_wd0.0001_s1,l18,47,0.0005,0.1786235679279674,0.9439927935600281,0.9957652752571083,0.7236516575952499,1.6932293186218694,0.16469214425661624,0.9323170781135559,0.7181662321090698
h512_wd0.0001_s1,l18,48,0.0005,0.17376054687933487,0.96678227186203,0.9950827555183273,0.725012370113805,1.7702569915956523,0.14748193976126514,0.9385046362876892,0.7511672377586365
