unit,fold,epoch,lr,train_loss,val_loss,train_auc,val_auc,grad_net,grad_head,move_net,move_head
h64_wd0.0001_s1,o0,1,0.0005,0.7014710307121277,0.6826052665710449,0.7366555709961327,0.6726027397260272,0.7469634414512233,0.3282227105059487,0.20160770416259766,0.01638088934123516
h64_wd0.0001_s1,o0,2,0.0005,0.6791390870746813,0.6774778962135315,0.7379805879628133,0.6797945205479451,0.5251306778055396,0.2660954451322659,0.24483470618724823,0.022516705095767975
h64_wd0.0001_s1,o0,3,0.0005,0.6694879814198142,0.671863853931427,0.7471479817729373,0.6806506849315068,0.6077692869705134,0.2859329494844496,0.2807703912258148,0.029055122286081314
h64_wd0.0001_s1,o0,4,0.0005,0.6606799866023817,0.6652748584747314,0.7749302480905751,0.6652397260273972,0.7666987670040569,0.3534090311513153,0.3146263659000397,0.04378580302000046
h64_wd0.0001_s1,o0,5,0.0005,0.6291990029184442,0.6554399132728577,0.7887405875319136,0.6741438356164382,0.614016052523333,0.2684438211910895,0.35067492723464966,0.06176222115755081
h64_wd0.0001_s1,o0,6,0.0005,0.6033988845975775,0.6588926911354065,0.7925540509969944,0.7056506849315067,0.7232650040142916,0.3023675911647288,0.38676026463508606,0.08927283436059952
h64_wd0.0001_s1,o0,7,0.0005,0.6209510972625331,0.6615728735923767,0.8065906128472784,0.6854452054794521,1.1778650752703126,0.48700580641717556,0.4225254952907562,0.10509859025478363
h64_wd0.0001_s1,o0,8,0.0005,0.5842411455355192,0.6315060257911682,0.8325738723890163,0.7207191780821918,0.87604602878564,0.32951486310156564,0.4493764638900757,0.11562898010015488
h64_wd0.0001_s1,o0,9,0.0005,0.5676808843487188,0.6273501515388489,0.8423122084693362,0.7148972602739726,1.0395634192301733,0.364989010075166,0.4792453944683075,0.13687673211097717
h64_wd0.0001_s1,o0,10,0.0005,0.5563631559673109,0.6284115314483643,0.8498098654515293,0.7166095890410958,1.218614291229152,0.3435180863281298,0.5085511207580566,0.16410942375659943
h64_wd0.0001_s1,o0,11,0.0005,0.5473149810966692,0.6256669759750366,0.8653438041991188,0.7469178082191782,1.2035547620568765,0.3515209100277891,0.5354070067405701,0.1872803121805191
h64_wd0.0001_s1,o0,12,0.0005,0.5405642594161787,0.5878476500511169,0.8822997123743658,0.747945205479452,1.4131912698673268,0.3447354156676126,0.5620986819267273,0.20801138877868652
h64_wd0.0001_s1,o0,13,0.0005,0.5052729892103296,0.5991993546485901,0.8900774542438246,0.7606164383561644,1.223884593932691,0.3023974284692206,0.5852383971214294,0.2278999239206314
h64_wd0.0001_s1,o0,14,0.0005,0.4850961330689882,0.6059778928756714,0.8927598056641781,0.75,1.2319007605680448,0.305025555190737,0.6102794408798218,0.2612857222557068
h64_wd0.0001_s1,o0,15,0.0005,0.5000662599739275,0.5922702550888062,0.898544635835784,0.7458904109589041,1.4852687302770733,0.28011492889613676,0.6346905827522278,0.281272292137146
h64_wd0.0001_s1,o0,16,0.0005,0.46508393162175227,0.5800908207893372,0.9079274795591894,0.7611301369863013,1.087053526777718,0.25821620079219326,0.6568105220794678,0.3128304183483124
h64_wd0.0001_s1,o0,17,0.0005,0.4615578149494372,0.5912365317344666,0.9154359090370465,0.7648972602739726,1.4479307259558145,0.2672690539822627,0.6777886748313904,0.3449022173881531
h64_wd0.0001_s1,o0,18,0.0005,0.43927860416864095,0.5909836292266846,0.9202619870945502,0.763013698630137,1.5589352712186981,0.21289735624668557,0.6969998478889465,0.37084531784057617
h64_wd0.0001_s1,o0,19,0.0005,0.4628773425754748,0.5724610686302185,0.9301511381141668,0.7696917808219178,1.8746162836121343,0.31394719617599137,0.7172614336013794,0.38718822598457336
h64_wd0.0001_s1,o0,20,0.0005,0.4155046390859704,0.6016316413879395,0.931874737420418,0.7678082191780822,1.4524022504424452,0.22414287203678218,0.7350032925605774,0.407796710729599
h64_wd0.0001_s1,o0,21,0.0005,0.403224694101434,0.5941705703735352,0.9385967747147982,0.771404109589041,1.6089887003511094,0.21575447994413494,0.7523903846740723,0.4347735345363617
h64_wd0.0001_s1,o0,22,0.0005,0.39084250205441523,0.6212284564971924,0.9479796184382036,0.7796232876712329,1.586443884856451,0.20101666566872842,0.7702656984329224,0.4663776457309723
h64_wd0.0001_s1,o0,23,0.0005,0.41753087702550384,0.5694769620895386,0.9494231328571889,0.7780821917808219,2.4005346774541763,0.29834259160123167,0.7880240678787231,0.4890595078468323
h64_wd0.0001_s1,o0,24,0.0005,0.43281940566866023,0.6075942516326904,0.949261545422228,0.7669520547945206,2.530315358823869,0.2945082184151209,0.8071308135986328,0.49374493956565857
h64_wd0.0001_s1,o0,25,0.0005,0.34860638411421524,0.6017599701881409,0.9580303568927813,0.7780821917808219,1.4105266153353155,0.1867334118675638,0.8223366737365723,0.5175980925559998
h64_wd0.0001_s1,o0,26,0.0005,0.39381103923446253,0.7007225751876831,0.9525794740867617,0.7708904109589042,2.073925736869777,0.2352289416956867,0.8380798101425171,0.5430278182029724
h64_wd0.0001_s1,o0,27,0.0005,0.3761585041096336,0.5738579034805298,0.960551120878174,0.7746575342465754,2.3905601230500966,0.2520150095891608,0.8542128205299377,0.5590826272964478
h64_wd0.0001_s1,o0,28,0.0005,0.33843453385327993,0.5714157819747925,0.9658188712579043,0.7756849315068494,1.7433789681059313,0.16938273245025934,0.8678672313690186,0.5867893695831299
h64_wd0.0001_s1,o0,29,0.0005,0.32894570811798696,0.6120120882987976,0.9687489900785315,0.7768835616438355,1.8435339659044327,0.18229216524441696,0.8816267251968384,0.6197519898414612
h64_wd0.0001_s1,o0,30,0.0005,0.3293170521133824,0.5794792175292969,0.9745661377371295,0.7726027397260273,2.2563500441656257,0.1973000915211581,0.8951685428619385,0.6475583910942078
h64_wd0.0001_s1,o0,31,0.0005,0.29261682457045507,0.6310362219810486,0.9728533109265424,0.7722602739726028,1.9822549109602827,0.1631636056880965,0.9086217284202576,0.6779553294181824
h64_wd0.0001_s1,o0,32,0.0005,0.2991181886509845,0.5883080959320068,0.977550119036077,0.7736301369863013,2.0034783446014237,0.1851725205199754,0.9205127358436584,0.7015068531036377
h64_wd0.0001_s1,o0,33,0.0005,0.29129564134698166,0.7087581753730774,0.9697508321752901,0.7527397260273974,1.9944362289370683,0.17091161949075082,0.9344223141670227,0.7327092885971069
h64_wd0.0001_s1,o0,34,0.0005,0.32955093054394974,0.5925465226173401,0.9775501190360771,0.7768835616438355,2.65349813009082,0.2314618353833879,0.9491803050041199,0.7470924258232117
h64_wd0.0001_s1,o0,35,0.0005,0.3077743453414817,0.6148362755775452,0.9819776147540101,0.7698630136986301,1.971779922185705,0.172094800215667,0.9622350931167603,0.7743585705757141
h64_wd0.0001_s1,o0,36,0.0005,0.28890119414580495,0.6397163271903992,0.9794999407512739,0.7582191780821917,2.253287832813166,0.16598775961029935,0.9755411148071289,0.8010675311088562
h64_wd0.0001_s1,o0,37,0.0005,0.2888024135639793,0.6432052850723267,0.9802432429520948,0.7544520547945204,2.657918867873339,0.1708755209833377,0.9879791140556335,0.8289562463760376
h64_wd0.0001_s1,o0,38,0.0005,0.2644232495834953,0.6303697228431702,0.986081935602021,0.7794520547945204,2.311756324700943,0.16578840807129439,0.9999237656593323,0.8533294796943665
h64_wd0.0001_s1,o0,39,0.0005,0.25168991637857335,0.6338907480239868,0.9892705943185858,0.7731164383561644,2.467532488300348,0.15365388720591738,1.0115044116973877,0.8787755966186523
h64_wd0.0001_s1,o0,40,0.0005,0.24699394091179497,0.6510323882102966,0.9906602462592509,0.7690068493150685,2.2909857469230395,0.14499716899829754,1.0227112770080566,0.9039021730422974
h64_wd0.0001_s1,o0,41,0.0005,0.2457998124392409,0.8387623429298401,0.9907141087375713,0.7683219178082192,2.7872735890239078,0.15743545542797777,1.0334223508834839,0.9294458627700806
h64_wd0.0001_s1,o0,42,0.0005,0.2623122530548196,0.6771736145019531,0.992039125704252,0.764554794520548,2.406296256313929,0.16336071559324547,1.0447968244552612,0.9415287375450134
h64_wd0.0001_s1,o1,1,0.0005,0.6978314895378915,0.6818200349807739,0.6816404356397247,0.6082191780821918,0.713027037344842,0.2827278442705541,0.19664226472377777,0.014820849522948265
h64_wd0.0001_s1,o1,2,0.0005,0.6773700494515268,0.6759961843490601,0.6946212929149296,0.6268835616438356,0.6609243665570693,0.3232209142194221,0.24451296031475067,0.01998148299753666
h64_wd0.0001_s1,o1,3,0.0005,0.6643791386955663,0.6995235085487366,0.7036378717857565,0.6214041095890411,0.7768392013520303,0.36412331481687604,0.2863265573978424,0.027009466663002968
h64_wd0.0001_s1,o1,4,0.0005,0.6616835405952052,0.6554310321807861,0.7576942550280624,0.6775684931506849,0.8698358819618797,0.4157735003796997,0.3188665807247162,0.03017178177833557
h64_wd0.0001_s1,o1,5,0.0005,0.6446418197531449,0.6536149382591248,0.7871031681909748,0.6941780821917808,0.7071101704691448,0.34111688547267516,0.35121583938598633,0.0327199250459671
h64_wd0.0001_s1,o1,6,0.0005,0.6160696744918823,0.6430044174194336,0.7877710629221472,0.6873287671232877,0.6782765011300539,0.32025161591584606,0.3874371349811554,0.04760842025279999
h64_wd0.0001_s1,o1,7,0.0005,0.6091160962456151,0.6423985958099365,0.8208210796195156,0.7034246575342465,0.93953067876271,0.38559036961232035,0.42841213941574097,0.06783842295408249
h64_wd0.0001_s1,o1,8,0.0005,0.590101066388582,0.6268898248672485,0.8308287280914369,0.711472602739726,0.9290000723697365,0.3432610441573967,0.4619317948818207,0.08466970175504684
h64_wd0.0001_s1,o1,9,0.0005,0.564351527314437,0.6212338805198669,0.8480862661452777,0.7123287671232876,1.0049410785403632,0.31554083709270325,0.49685370922088623,0.11110538989305496
h64_wd0.0001_s1,o1,10,0.0005,0.5569726809075004,0.7820265293121338,0.8388219198741773,0.6957191780821917,1.300967170198796,0.39247984147995935,0.5310923457145691,0.13166192173957825
h64_wd0.0001_s1,o1,11,0.0005,0.5866432989898481,0.6505383253097534,0.8567258076678624,0.7013698630136986,1.4585442478633528,0.4083017009164734,0.5648346543312073,0.13849744200706482
h64_wd0.0001_s1,o1,12,0.0005,0.5602265659131502,0.6243836283683777,0.8784539314222924,0.7272260273972603,1.4406855893031196,0.39683512349438355,0.5955040454864502,0.15364402532577515
h64_wd0.0001_s1,o1,13,0.0005,0.5501999792299772,0.616882860660553,0.8852190586993289,0.7174657534246575,1.4771354280070437,0.4256384094871228,0.6239888668060303,0.16717225313186646
h64_wd0.0001_s1,o1,14,0.0005,0.5047588960120553,0.6122263073921204,0.8922104083853105,0.7190068493150685,1.2667603215569578,0.3510130838990169,0.6495342254638672,0.19264928996562958
h64_wd0.0001_s1,o1,15,0.0005,0.5092012599894875,0.6394543051719666,0.8952267071712504,0.723972602739726,1.3383799048693361,0.3111383883358078,0.6744281053543091,0.20620836317539215
h64_wd0.0001_s1,o1,16,0.0005,0.4809605055733731,0.6200646162033081,0.9080028870288379,0.7243150684931506,1.2025506175481173,0.3055230107362263,0.6991182565689087,0.23354901373386383
h64_wd0.0001_s1,o1,17,0.0005,0.46416636674027695,0.6287397146224976,0.9189585151191977,0.724486301369863,1.3262285219069607,0.27796769932217424,0.724176287651062,0.2685033082962036
h64_wd0.0001_s1,o1,18,0.0005,0.44009748414943095,0.6338834166526794,0.9256697799179137,0.724486301369863,1.374772460474275,0.3113450663259521,0.7480301260948181,0.295996755361557
h64_wd0.0001_s1,o1,19,0.0005,0.47636282287145915,0.6669227480888367,0.9305281754624094,0.7193493150684932,1.8667077304631738,0.3890083920682492,0.7692219018936157,0.3053171634674072
h64_wd0.0001_s1,o1,20,0.0005,0.40517884649728475,0.63875412940979,0.9394047118896035,0.7186643835616439,1.5678405359889236,0.30332988498398983,0.7922731637954712,0.3284476399421692
h64_wd0.0001_s1,o1,21,0.0005,0.40197761905820745,0.6992999911308289,0.9443923773820682,0.7256849315068493,1.5733042035804679,0.2910937691815399,0.8126667141914368,0.3518787920475006
h64_wd0.0001_s1,o1,22,0.0005,0.3858480924054196,0.7211713790893555,0.9425718256148401,0.7090753424657533,1.5461266579867758,0.27291452789022896,0.8337731957435608,0.37915173172950745
h64_wd0.0001_s1,o1,23,0.0005,0.4038927641354109,0.6696361303329468,0.9545508407932866,0.721404109589041,1.9515562857790583,0.3003023125135901,0.8559544086456299,0.3982672095298767
h64_wd0.0001_s1,o1,24,0.0005,0.38766259582419144,0.7138737440109253,0.95567118034235,0.7184931506849316,1.9169937278528708,0.25970767747234214,0.8775437474250793,0.42419761419296265
h64_wd0.0001_s1,o1,25,0.0005,0.37782036944439534,0.7080863118171692,0.9661097286408342,0.7157534246575342,1.8240125845981907,0.24116094722725712,0.8966274857521057,0.4499952793121338
h64_wd0.0001_s1,o1,26,0.0005,0.3368207749567534,0.7480904459953308,0.9661097286408342,0.7195205479452055,1.6916444308193916,0.22443027040972077,0.9159305691719055,0.4816708564758301
h64_wd0.0001_s1,o1,27,0.0005,0.3407519710691352,0.6709296703338623,0.9766452294002952,0.7118150684931507,2.0421493180519823,0.22981223342484858,0.9336895942687988,0.5087705850601196
h64_wd0.0001_s1,o1,28,0.0005,0.3067027604893634,0.7065773010253906,0.9762681920520526,0.7217465753424657,1.6864903282110024,0.20773462255438746,0.9517663717269897,0.542584240436554
h64_wd0.0001_s1,o1,29,0.0005,0.31316597759723663,0.7685829401016235,0.9773238966271316,0.7248287671232877,2.1998005938042,0.2630036530963132,0.9690719246864319,0.5688679814338684
h64_wd0.0001_s1,o1,30,0.0005,0.3634753752695887,0.6816411018371582,0.9783796012022105,0.7297945205479452,3.023213029567156,0.3107137895382492,0.9886152148246765,0.5762693881988525
h64_wd0.0001_s1,o1,31,0.0005,0.30190485480584595,0.7266519069671631,0.9771623091921705,0.7261986301369863,1.8922789203180153,0.21465897747846904,1.006672978401184,0.5974166393280029
h64_wd0.0001_s1,o1,32,0.0005,0.2908535670293005,0.7145538926124573,0.986868327785498,0.7203767123287671,1.9502610136242102,0.21579478885546474,1.0228089094161987,0.6223354935646057
h64_wd0.0001_s1,o1,33,0.0005,0.27893506853204025,0.7018676400184631,0.9877193549429595,0.7219178082191781,2.0949530024357075,0.20616333240205922,1.0379363298416138,0.6530935168266296
h64_wd0.0001_s1,o1,34,0.0005,0.273148385317702,0.7412731647491455,0.9877301274386238,0.723458904109589,2.2300060929235066,0.23224316212359922,1.054041862487793,0.6742209792137146
h64_wd0.0001_s1,o1,35,0.0005,0.2711885265613857,0.6796854138374329,0.9913389134860873,0.7277397260273972,2.6232316480311693,0.22406719468813543,1.069185733795166,0.7003172039985657
h64_wd0.0001_s1,o1,36,0.0005,0.2330021877822123,0.736183226108551,0.9916728608516735,0.7234589041095889,1.9220087168991962,0.17484191427030674,1.0842562913894653,0.7327482104301453
h64_wd0.0001_s1,o1,37,0.0005,0.2581732641709478,0.7161489129066467,0.9939027674541361,0.726027397260274,3.056433511049868,0.2152316107357776,1.0982038974761963,0.759390652179718
h64_wd0.0001_s1,o1,38,0.0005,0.26134595353352397,0.7860734462738037,0.9941182173674176,0.71986301369863,2.1681810978475133,0.19170894455228527,1.1135278940200806,0.7771579027175903
h64_wd0.0001_s1,o1,39,0.0005,0.20414328026144127,0.7727946639060974,0.9911880985467904,0.7320205479452054,1.8552451706842337,0.1699196251473789,1.125653862953186,0.8078654408454895
h64_wd0.0001_s1,o1,40,0.0005,0.22309708046285728,0.846710205078125,0.9956910017343718,0.7222602739726027,2.4913049681527526,0.15860616122252855,1.1386451721191406,0.8364267349243164
h64_wd0.0001_s1,o1,41,0.0005,0.25560321070645986,0.7899166345596313,0.9945383446983163,0.7248287671232876,3.1522544564678103,0.19451886648179487,1.1541786193847656,0.8541603684425354
h64_wd0.0001_s1,o1,42,0.0005,0.1950426172269018,0.7751977443695068,0.9968759762574195,0.7315068493150685,1.7741731189786378,0.14248295052612855,1.1672300100326538,0.8818715810775757
h64_wd0.0001_s1,o1,43,0.0005,0.21301278864082537,0.8421672582626343,0.9950661969858557,0.7287671232876711,2.6691536710975026,0.1791765061806797,1.1793456077575684,0.9074276685714722
h64_wd0.0001_s1,o1,44,0.0005,0.198790201231053,0.844492495059967,0.9976192784582404,0.723972602739726,2.4391978168046062,0.16960923563239966,1.1914640665054321,0.9331919550895691
h64_wd0.0001_s1,o1,45,0.0005,0.22134928405284882,0.7965589761734009,0.9967036163267944,0.7214041095890411,2.936186327362877,0.1865702970931285,1.2025108337402344,0.9513291120529175
h64_wd0.0001_s1,o1,46,0.0005,0.18184212556010798,0.8524851202964783,0.9982333107110924,0.7179794520547944,2.626704254038038,0.1385978989024425,1.2139892578125,0.9761713147163391
h64_wd0.0001_s1,o1,47,0.0005,0.17978872594080472,0.8606964349746704,0.9983087181807409,0.725,2.291647923070364,0.12391311197905554,1.2246160507202148,1.0035079717636108
h64_wd0.0001_s1,o1,48,0.0005,0.1555521386234384,0.9225260615348816,0.9979855433108188,0.725,2.440158709956277,0.127266997926632,1.233683466911316,1.031304121017456
h64_wd0.0001_s1,o1,49,0.0005,0.17521890605750837,0.8574962615966797,0.9984164431373816,0.7250000000000001,2.519970523077451,0.15169476382017544,1.2433751821517944,1.0511554479599
h64_wd0.0001_s1,o1,50,0.0005,0.1750930371253114,0.8263751268386841,0.99878270798996,0.7318493150684932,2.6924552287337264,0.1299126226327434,1.2530137300491333,1.074349045753479
h64_wd0.0001_s1,o1,51,0.0005,0.16858409305936412,0.8749128580093384,0.9981363582501158,0.7220890410958904,2.5488568284119624,0.12843973670771033,1.26217782497406,1.098251461982727
h64_wd0.0001_s1,o1,52,0.0005,0.14630894755062304,0.9105128049850464,0.9991058828598822,0.7292808219178082,2.564901777190221,0.12409072877184169,1.2714072465896606,1.1231117248535156
h64_wd0.0001_s1,o1,53,0.0005,0.19300376702296107,0.8554432988166809,0.9994721477124606,0.7160958904109589,3.290462473390857,0.16978043465122516,1.2815059423446655,1.139482855796814
h64_wd0.0001_s1,o1,54,0.0005,0.20726640914615832,0.7799858450889587,0.9986965280246475,0.735445205479452,3.5844032172826665,0.1541553261408659,1.292858600616455,1.1526333093643188
h64_wd0.0001_s1,o1,55,0.0005,0.17142211724268763,0.7806981205940247,0.9982117657197643,0.7386986301369863,2.1522389912150652,0.11813995893786769,1.3038755655288696,1.1702455282211304
h64_wd0.0001_s1,o1,56,0.0005,0.16218067940912748,0.8039382696151733,0.9996337351474216,0.7308219178082193,2.4594139288534445,0.11523395895597022,1.3124265670776367,1.1962995529174805
h64_wd0.0001_s1,o1,57,0.0005,0.1597631310946063,0.7879529595375061,0.9997737775910545,0.7315068493150685,2.477279414269514,0.12190891250892077,1.320723533630371,1.2244330644607544
h64_wd0.0001_s1,o1,58,0.0005,0.1279720797350532,0.9033847451210022,0.9997199151127342,0.7345890410958904,1.9790100230489116,0.09404640759753198,1.3278731107711792,1.2547245025634766
h64_wd0.0001_s1,o1,59,0.0005,0.15162096329425512,1.052820086479187,0.9993859677471479,0.7207191780821918,3.192537852609358,0.12033649968337136,1.3354235887527466,1.2795109748840332
h64_wd0.0001_s1,o1,60,0.0005,0.16527508316855682,0.9532968401908875,0.9992890152861713,0.7347602739726027,3.1163135549810987,0.1196756996891107,1.3448036909103394,1.2946226596832275
h64_wd0.0001_s1,o1,61,0.0005,0.14433052861376813,0.8664710521697998,0.99970914261707,0.7282534246575343,2.536175724126836,0.10518915314817362,1.3525675535202026,1.3127076625823975
h64_wd0.0001_s1,o1,62,0.0005,0.15889481298233332,0.9415828585624695,0.9996552801387497,0.7299657534246574,3.2819046670059633,0.10562243733979633,1.360965609550476,1.3296525478363037
h64_wd0.0001_s1,o1,63,0.0005,0.09849101285401143,0.9811712503433228,0.9995691001734371,0.7253424657534245,2.0038508505771286,0.07685054174347332,1.368867039680481,1.3494906425476074
h64_wd0.0001_s1,o1,64,0.0005,0.09248980605288555,1.0445181131362915,0.9997630050953904,0.7239726027397261,2.149787101938376,0.08543325059654999,1.3747098445892334,1.3718042373657227
h64_wd0.0001_s1,o1,65,0.0005,0.0887190560369115,0.9992715716362,0.999698370121406,0.7280821917808219,1.9909031496790572,0.0820227671665553,1.3803279399871826,1.396994709968567
h64_wd0.0001_s1,o1,66,0.0005,0.10593856420171888,1.0830811262130737,0.999849185060703,0.7268835616438356,2.484894731849504,0.08922587535789728,1.386157751083374,1.419187307357788
h64_wd0.0001_s1,o1,67,0.0005,0.1058821733060636,1.0646939277648926,0.999838412565039,0.7272260273972602,2.40366924423746,0.0819919738734254,1.392449975013733,1.4380407333374023
h64_wd0.0001_s1,o1,68,0.0005,0.0985094883332127,0.987936794757843,0.9998815025476951,0.735445205479452,2.3739392469748477,0.07214531553746949,1.3982598781585693,1.4567317962646484
h64_wd0.0001_s1,o1,69,0.0005,0.10685736784025242,1.1801587343215942,0.9993428777644917,0.7246575342465753,3.132401242565138,0.08276996838041273,1.4041987657546997,1.4729465246200562
h64_wd0.0001_s1,o1,70,0.0005,0.21226060841428607,0.9773932695388794,0.9988257979726164,0.7284246575342466,5.394170314447192,0.15931000551212943,1.412901520729065,1.4726380109786987
h64_wd0.0001_s1,o1,71,0.0005,0.13126701567518084,0.9237855672836304,0.9998815025476951,0.7263698630136985,2.7823129790697583,0.08739560555156331,1.422256350517273,1.4833869934082031
h64_wd0.0001_s1,o1,72,0.0005,0.1129710286071426,0.8682237267494202,1.0,0.7299657534246576,2.426635028615049,0.08862948645605911,1.4289624691009521,1.5056143999099731
h64_wd0.0001_s1,o1,73,0.0005,0.08244719022982999,0.9443360567092896,0.9999892275043359,0.7255136986301369,1.6463253828406927,0.06695080770287937,1.4344431161880493,1.5314587354660034
h64_wd0.0001_s1,o1,74,0.0005,0.09605331169931512,0.9068719148635864,0.9999461375216796,0.7279109589041095,2.248334189778121,0.07585359753035392,1.4400137662887573,1.5578972101211548
h64_wd0.0001_s1,o1,75,0.0005,0.08976635729011737,1.1832576990127563,0.999849185060703,0.7267123287671232,2.3769414678849716,0.07178619334067228,1.4452061653137207,1.5824023485183716
h64_wd0.0001_s1,o2,1,0.0005,0.6963786827890497,0.6826169490814209,0.6712234323325684,0.603082191780822,0.7350896872058393,0.3391927314523264,0.20462995767593384,0.014899383299052715
h64_wd0.0001_s1,o2,2,0.0005,0.6756587624549866,0.6785448789596558,0.7095196544183391,0.6388698630136986,0.6422798914411515,0.3359921163898095,0.2516781687736511,0.019253572449088097
h64_wd0.0001_s1,o2,3,0.0005,0.6701158034174066,0.6892932057380676,0.7144103674498272,0.6380136986301369,0.7661111234786591,0.3450866277904433,0.2884628176689148,0.0252107921987772
h64_wd0.0001_s1,o2,4,0.0005,0.6560488751060084,0.6563891172409058,0.768175893309203,0.6748287671232877,0.695195151292098,0.28468158139858096,0.32609105110168457,0.026246214285492897
h64_wd0.0001_s1,o2,5,0.0005,0.6319023621709723,0.6530661582946777,0.7957211647222312,0.7049657534246575,0.6620711590961033,0.2849226069040551,0.3656802773475647,0.04038787633180618
h64_wd0.0001_s1,o2,6,0.0005,0.6148260345584468,0.636215090751648,0.8043607062448156,0.6957191780821917,0.7902716559140592,0.2984433617350192,0.404473215341568,0.061941828578710556
h64_wd0.0001_s1,o2,7,0.0005,0.6111021198724446,0.6593995690345764,0.8249900354415107,0.7082191780821918,1.0661399907192748,0.4708537166623245,0.4373972713947296,0.07577391713857651
h64_wd0.0001_s1,o2,8,0.0005,0.5813137308547371,0.6309322118759155,0.8385202899955834,0.707876712328767,0.8759857976343847,0.3562979408341141,0.46789059042930603,0.09476833790540695
h64_wd0.0001_s1,o2,9,0.0005,0.5682412699649209,0.6230766773223877,0.8547544409613375,0.7119863013698631,1.1193686279345745,0.3379820480610974,0.5004013180732727,0.12116808444261551
h64_wd0.0001_s1,o2,10,0.0005,0.5451085410620037,0.6762768030166626,0.8647297719462668,0.7212328767123287,1.0873516483485297,0.2933062360814302,0.5324459075927734,0.14899249374866486
h64_wd0.0001_s1,o2,11,0.0005,0.56227119815977,0.6888146996498108,0.8656131165907207,0.7042808219178083,1.4806546281665471,0.4037429745483812,0.5622314810752869,0.16665248572826385
h64_wd0.0001_s1,o2,12,0.0005,0.5525015953340029,0.6142672896385193,0.8886016223378469,0.7222602739726027,1.4245733146779667,0.39446824469314007,0.5882235765457153,0.17602306604385376
h64_wd0.0001_s1,o2,13,0.0005,0.5032159686088562,0.6454154849052429,0.8940848226308589,0.7162671232876713,1.2780192750152428,0.3194956772290377,0.6136689186096191,0.20419688522815704
h64_wd0.0001_s1,o2,14,0.0005,0.5048550806547466,0.6335811018943787,0.9011838972734814,0.7220890410958903,1.6445234995958184,0.32654662816911023,0.6386092305183411,0.22834670543670654
h64_wd0.0001_s1,o2,15,0.0005,0.5231121998084219,0.6166999936103821,0.9083476068900882,0.7236301369863014,1.5389295744132925,0.3048913669786793,0.6624608635902405,0.23705212771892548
h64_wd0.0001_s1,o2,16,0.0005,0.45952175165477555,0.6240254640579224,0.9149511467321634,0.718835616438356,1.217069201780738,0.24891082512983237,0.6853241920471191,0.2685667872428894
h64_wd0.0001_s1,o2,17,0.0005,0.4320492540535174,0.633690357208252,0.9195617748763856,0.7243150684931506,1.0591998193570091,0.21579330833645627,0.7058055400848389,0.3075536787509918
h64_wd0.0001_s1,o2,18,0.0005,0.43335211120153727,0.6599733233451843,0.926650077023344,0.7198630136986301,1.4232773549091657,0.24347015271902084,0.7249974608421326,0.3387579619884491
h64_wd0.0001_s1,o2,19,0.0005,0.46680974176055506,0.632743239402771,0.9346540413017483,0.7160958904109588,1.962668871389369,0.32404467836393575,0.7454656958580017,0.3527182936668396
h64_wd0.0001_s1,o2,20,0.0005,0.4193974011822751,0.6521738767623901,0.9373148477307738,0.7155821917808219,1.4770044845653227,0.2626582954676906,0.7700245976448059,0.3824951946735382
h64_wd0.0001_s1,o2,21,0.0005,0.4241237781549755,0.6390807628631592,0.9438752975901927,0.71986301369863,1.9933959526942622,0.2921932140817162,0.7907875776290894,0.4043211340904236
h64_wd0.0001_s1,o2,22,0.0005,0.42375531635786357,0.7593750357627869,0.9465791940018743,0.706849315068493,1.9931086612142392,0.24707107951508037,0.8114242553710938,0.4199983775615692
h64_wd0.0001_s1,o2,23,0.0005,0.4071980777539705,0.6714708209037781,0.9495416303094938,0.7107876712328767,1.9268214762914937,0.23111601311613858,0.8297231793403625,0.4404350221157074
h64_wd0.0001_s1,o2,24,0.0005,0.39185095303937006,0.656559407711029,0.9530534638959808,0.7164383561643834,1.7644966557014399,0.23537266084238376,0.8467907905578613,0.46688541769981384
h64_wd0.0001_s1,o2,25,0.0005,0.33088579773902893,0.6976661086082458,0.9579764944144609,0.7138698630136987,1.3131215760812254,0.19272060625915477,0.8633952140808105,0.5082091093063354
h64_wd0.0001_s1,o2,26,0.0005,0.363393582011524,0.7118045687675476,0.9617360954012216,0.710445205479452,1.7917587600635914,0.20452697781794832,0.8786712288856506,0.537939190864563
h64_wd0.0001_s1,o2,27,0.0005,0.33683015719840403,0.7104448080062866,0.9700632345495481,0.7077054794520546,1.9884531217345778,0.18498767315586653,0.8928383588790894,0.5623430609703064
h64_wd0.0001_s1,o2,28,0.0005,0.3085765422959077,0.7661888599395752,0.9697400596796261,0.7094178082191781,1.8800429486380528,0.1969552313659852,0.9069675803184509,0.598013699054718
h64_wd0.0001_s1,o2,29,0.0005,0.3095838709881431,0.7537744045257568,0.9736289306143555,0.7075342465753425,2.4652691688009782,0.20791305487218004,0.9225172400474548,0.6277334690093994
h64_wd0.0001_s1,o2,30,0.0005,0.31528049472131225,0.7470890879631042,0.975406392398927,0.7044520547945204,2.230986887915374,0.19564942666990062,0.9371721744537354,0.649597704410553
h64_wd0.0001_s1,o2,31,0.0005,0.3054264901499999,0.7813575863838196,0.9800601105258056,0.7046232876712328,2.3261432680889875,0.19085176194684586,0.9504137635231018,0.6728483438491821
h64_wd0.0001_s1,o2,32,0.0005,0.2741461937364779,0.8525089621543884,0.9777547964536945,0.6986301369863014,2.1249844592527536,0.17852641617584072,0.9640089869499207,0.696683943271637
h64_wd0.0001_s1,o2,33,0.0005,0.27533722472818273,0.8453800678253174,0.9782072412715854,0.7053082191780822,2.2110773586725805,0.15770672237439642,0.9768147468566895,0.7202394604682922
h64_wd0.0001_s1,o2,34,0.0005,0.24114562963184558,0.825515627861023,0.9842829288261211,0.7044520547945204,1.9367046211615015,0.1572445447811452,0.9905050992965698,0.7520310878753662
h64_wd0.0001_s1,o2,35,0.0005,0.30063307677444656,0.7669742703437805,0.9855217658274893,0.6926369863013698,3.193733458980182,0.24129745807075895,1.0036756992340088,0.7703604698181152
h64_wd0.0001_s1,o2,36,0.0005,0.2587360026020753,0.76884526014328,0.9857372157407708,0.7018835616438357,2.0804350188890703,0.17867066659104683,1.0179177522659302,0.7984963655471802
h64_wd0.0001_s1,o2,37,0.0005,0.2867869538696189,0.7932553887367249,0.9867498303331934,0.7059931506849314,2.6282127904146466,0.19600300851910163,1.0323883295059204,0.8263904452323914
h64_wd0.0001_s1,o3,1,0.0005,0.6987545302039698,0.675416886806488,0.6960001723599306,0.6998287671232877,0.6518284070369195,0.2973827175156922,0.20459957420825958,0.01379024051129818
h64_wd0.0001_s1,o3,2,0.0005,0.6740792676022178,0.6642700433731079,0.7217895269797154,0.7018835616438356,0.5757136773738768,0.2770258677096477,0.24909958243370056,0.019635813310742378
h64_wd0.0001_s1,o3,3,0.0005,0.6728389325894808,0.6760234236717224,0.7059539583535318,0.6928082191780821,0.7841246449569012,0.3966627850029917,0.28237810730934143,0.025713175535202026
h64_wd0.0001_s1,o3,4,0.0005,0.6554687430984095,0.646428644657135,0.7732066487843239,0.722945205479452,0.7286193407159455,0.3311138545004742,0.31435030698776245,0.03412962704896927
h64_wd0.0001_s1,o3,5,0.0005,0.6351785440193979,0.6395982503890991,0.7836451970828082,0.7303082191780822,0.6141136863048423,0.2768707417671675,0.34535515308380127,0.051120735704898834
h64_wd0.0001_s1,o3,6,0.0005,0.6216756293648168,0.6331799030303955,0.7889883549321871,0.7263698630136987,0.7325852492936072,0.29488760639456035,0.3787294924259186,0.07285373657941818
h64_wd0.0001_s1,o3,7,0.0005,0.6081171537700453,0.6196479797363281,0.815111656917558,0.7381849315068493,0.8135053761091517,0.35498568593658003,0.40966761112213135,0.09077582508325577
h64_wd0.0001_s1,o3,8,0.0005,0.5741909585501018,0.6115598082542419,0.8240312833274085,0.739554794520548,0.7022868988190013,0.2617476686066131,0.4418666362762451,0.11780457943677902
h64_wd0.0001_s1,o3,9,0.0005,0.5720213730084268,0.6266164779663086,0.8451776923159788,0.7445205479452054,1.0943969782938812,0.35953970769676824,0.4748888909816742,0.14184468984603882
h64_wd0.0001_s1,o3,10,0.0005,0.5475818844218003,0.6394410729408264,0.858190867078176,0.7445205479452055,1.0071602459050866,0.2935157411719809,0.5051649212837219,0.16782242059707642
h64_wd0.0001_s1,o3,11,0.0005,0.5420941255594555,0.5984452962875366,0.8663564187915415,0.7467465753424657,1.1648827712614829,0.3005643872111947,0.5355377197265625,0.19648262858390808
h64_wd0.0001_s1,o3,12,0.0005,0.5237268491795188,0.6002300381660461,0.8823104848700299,0.7511986301369862,1.1128435921127227,0.3088517821449421,0.563374400138855,0.2235966920852661
h64_wd0.0001_s1,o3,13,0.0005,0.5038024689021864,0.5910791158676147,0.8939124627002337,0.7530821917808219,1.2888155608868659,0.2608732494899134,0.5909602046012878,0.25213178992271423
h64_wd0.0001_s1,o3,14,0.0005,0.4727451471905959,0.5901475548744202,0.9008822673948873,0.760445205479452,1.1492901378425115,0.2732008810733534,0.6179167032241821,0.28680676221847534
h64_wd0.0001_s1,o3,15,0.0005,0.4584640750759526,0.6399931311607361,0.9112992707020435,0.7546232876712329,1.3379524919657142,0.2419357762636976,0.6441197395324707,0.31621265411376953
h64_wd0.0001_s1,o3,16,0.0005,0.4444447442104942,0.6054627895355225,0.9199603572159563,0.7657534246575342,1.5911895580826692,0.2730743676599796,0.6686568856239319,0.34704428911209106
h64_wd0.0001_s1,o3,17,0.0005,0.46192122290008947,0.6268607974052429,0.923138243436857,0.7462328767123287,1.6003464202776119,0.2457379776854786,0.6945803761482239,0.37416040897369385
h64_wd0.0001_s1,o3,18,0.0005,0.4284255332068393,0.7328166961669922,0.9214146441306057,0.7453767123287671,1.632934668725083,0.23741893700787245,0.7188220024108887,0.40620771050453186
h64_wd0.0001_s1,o3,19,0.0005,0.435554386753785,0.5885573625564575,0.9414407135701128,0.7604452054794519,1.6030806182664916,0.2354575080672258,0.7404276728630066,0.4284070134162903
h64_wd0.0001_s1,o3,20,0.0005,0.40007806137988444,0.5949525833129883,0.9424317831712072,0.7585616438356164,1.4299121910132178,0.20888196007355964,0.7589658498764038,0.46803632378578186
h64_wd0.0001_s1,o3,21,0.0005,0.4325532395588724,0.5997862815856934,0.9454803994441392,0.7621575342465754,2.57539539498818,0.25141158879420916,0.7774717807769775,0.49038779735565186
h64_wd0.0001_s1,o3,22,0.0005,0.42429952715572555,0.7927662134170532,0.9457389393400768,0.7583904109589041,2.085807163255732,0.2478847076456068,0.7971973419189453,0.49914634227752686
h64_wd0.0001_s1,o3,23,0.0005,0.42014190711473165,0.6505522131919861,0.9476241260812893,0.747431506849315,2.6447068746319644,0.3152532340883766,0.8177136182785034,0.5015743970870972
h64_wd0.0001_s1,o3,24,0.0005,0.3930523489650927,0.5946123600006104,0.9593338288681339,0.7657534246575342,1.9251371741334096,0.2336160625371344,0.8352718949317932,0.5217850804328918
h64_wd0.0001_s1,o3,25,0.0005,0.3450824234046434,0.6439543962478638,0.9660989561451702,0.7630136986301369,1.7208283433871576,0.20966717715116076,0.8502745032310486,0.5569162368774414
h64_wd0.0001_s1,o3,26,0.0005,0.331158152536342,0.6145071983337402,0.966831485850327,0.7616438356164383,1.4316559414668975,0.16466707340291542,0.8648112416267395,0.5878328680992126
h64_wd0.0001_s1,o3,27,0.0005,0.3123242604105096,0.609495997428894,0.9735427506490428,0.7613013698630137,1.7343806010941811,0.19111636619100955,0.8778833150863647,0.6207351684570312
h64_wd0.0001_s1,o3,28,0.0005,0.29988458046787664,0.6433905959129333,0.9725947710306047,0.7602739726027397,1.9331563828673801,0.18917544638600042,0.8916006088256836,0.6596218347549438
h64_wd0.0001_s1,o3,29,0.0005,0.29048743765605123,0.7054981589317322,0.9717976063514635,0.7565068493150685,1.7976123600125062,0.17222127413643662,0.9057599306106567,0.6980911493301392
h64_wd0.0001_s1,o3,30,0.0005,0.3181857584338439,0.6653651595115662,0.9725409085522844,0.7544520547945205,2.8163426628907504,0.23649612332104325,0.9204638004302979,0.7190101742744446
h64_wd0.0001_s1,o3,31,0.0005,0.28704430555042465,0.6545463800430298,0.9808249577179546,0.7601027397260275,1.7636124672653133,0.16551494632632774,0.9354552030563354,0.7442222237586975
h64_wd0.0001_s1,o3,32,0.0005,0.24321660046514712,0.6599157452583313,0.982290017128268,0.7648972602739725,2.0182427699514265,0.16453620087490214,0.9487807154655457,0.7817167043685913
h64_wd0.0001_s1,o3,33,0.0005,0.26981946120136663,0.6621766686439514,0.9832164517553782,0.7669520547945206,2.442227837614213,0.17030189168136137,0.9633777737617493,0.8093217015266418
h64_wd0.0001_s1,o3,34,0.0005,0.26005420245622335,0.7013706564903259,0.987783989916944,0.7570205479452055,2.2967811855348157,0.17838188496136018,0.9775470495223999,0.8386875987052917
h64_wd0.0001_s1,o3,35,0.0005,0.2805449531266564,0.669461727142334,0.9888720119790152,0.7510273972602739,2.527722957473556,0.1721498962809843,0.9899782538414001,0.8640223145484924
h64_wd0.0001_s1,o3,36,0.0005,0.28575117258649124,0.6972108483314514,0.9868360102985059,0.7465753424657533,2.0414934718358753,0.15426665075682158,1.0024257898330688,0.9005041718482971
h64_wd0.0001_s1,o3,37,0.0005,0.25391397664421483,0.7039486765861511,0.98777321742128,0.7535958904109589,2.445007391283775,0.15156303894683848,1.0143877267837524,0.936886191368103
h64_wd0.0001_s1,o3,38,0.0005,0.26739328393810674,0.6716355681419373,0.9903155263980006,0.7544520547945205,3.2798994719279024,0.18202853476817954,1.0261093378067017,0.9574723243713379
h64_wd0.0001_s1,o3,39,0.0005,0.27142462526497085,0.7387861013412476,0.988376477178468,0.7582191780821917,2.8219171393593783,0.1593931231891553,1.037447452545166,0.9807112216949463
h64_wd0.0001_s1,o3,40,0.0005,0.22771723411585154,0.7562932968139648,0.9936873175408547,0.7633561643835616,2.26908408933009,0.13125841684239295,1.047924518585205,1.0065406560897827
h64_wd0.0001_s1,o3,41,0.0005,0.2529536109221609,0.8505827188491821,0.9931486927576512,0.7541095890410959,2.7903616039595946,0.14329289219162916,1.0579161643981934,1.0287396907806396
h64_wd0.0001_s1,o3,42,0.0005,0.25146602172600596,0.8092692494392395,0.9944844822199959,0.7551369863013697,2.933154259265565,0.15159606912881374,1.0683382749557495,1.0393123626708984
h64_wd0.0001_s1,o3,43,0.0005,0.24999321761884188,0.7135650515556335,0.9951739219424964,0.7566780821917807,2.4506031808887534,0.13621496779934966,1.0786490440368652,1.0626589059829712
h64_wd0.0001_s1,o3,44,0.0005,0.18969540886188807,0.7638236284255981,0.9949153820465588,0.7523972602739726,2.3601435426939887,0.11514099598180039,1.087103009223938,1.0927356481552124
h64_wd0.0001_s1,o3,45,0.0005,0.19670668793352028,0.7529084086418152,0.9974792360146074,0.7486301369863013,2.4382670431288793,0.12952477902811702,1.0953140258789062,1.1214241981506348
h64_wd0.0001_s1,o3,46,0.0005,0.1966001379646753,0.8685439229011536,0.9972530136056621,0.7511986301369863,2.590176183240836,0.1312454275486862,1.1039952039718628,1.1541833877563477
h64_wd0.0001_s1,o3,47,0.0005,0.1773154104226514,0.7958978414535522,0.9972961035883183,0.7547945205479452,2.2006897321604653,0.11998448050858873,1.1133579015731812,1.1851638555526733
h64_wd0.0001_s1,o3,48,0.0005,0.17234488341369128,0.7962173819541931,0.9977700933975374,0.7501712328767123,2.6065745644638403,0.12069636959157082,1.1216301918029785,1.2136534452438354
h64_wd0.0001_s1,o3,49,0.0005,0.16796588858491496,0.8216271996498108,0.997554643484256,0.7508561643835616,2.332217488611862,0.10865748655185122,1.1293518543243408,1.2429041862487793
h64_wd0.0001_s1,o3,50,0.0005,0.16461393668463356,0.8325595259666443,0.9982764006937488,0.7542808219178081,2.4110363269150326,0.10174879832988346,1.1368826627731323,1.2721278667449951
h64_wd0.0001_s1,o3,51,0.0005,0.13590631771244502,0.9921720623970032,0.9960034041086299,0.747945205479452,2.1522594194072027,0.08503068874654264,1.1438829898834229,1.3011969327926636
h64_wd0.0001_s1,o3,52,0.0005,0.1400074664699404,0.880387544631958,0.9982871731894127,0.7534246575342466,2.882910589427478,0.10357078039174622,1.150519847869873,1.3261992931365967
h64_wd0.0001_s1,o3,53,0.0005,0.13569319601121702,0.9383943676948547,0.9986642105376553,0.7481164383561644,2.3953839427342385,0.09324633302549158,1.1582032442092896,1.3496246337890625
h64_wd0.0001_s1,o4,1,0.0005,0.6996125045575594,0.6936982870101929,0.6118878865979382,0.47654109589041094,0.3491006258881245,0.13700238057744032,0.2019871175289154,0.031692083925008774
h64_wd0.0001_s1,o4,2,0.0005,0.6913002258852908,0.6910685300827026,0.7205219072164949,0.6383561643835616,0.14421586674202444,0.06693077503771065,0.23717495799064636,0.042605023831129074
h64_wd0.0001_s1,o4,3,0.0005,0.6881130965132463,0.6908588409423828,0.7340957903780069,0.5938356164383561,0.233922176788389,0.08269985033343047,0.24480515718460083,0.046711064875125885
h64_wd0.0001_s1,o4,4,0.0005,0.690157667586678,0.6906599402427673,0.6597240120274913,0.6026541095890412,0.22237664592242928,0.07684366162224503,0.24822686612606049,0.05574901029467583
h64_wd0.0001_s1,o4,5,0.0005,0.6862249593985709,0.6854634284973145,0.7673217353951891,0.6820205479452055,0.2822732118540489,0.11518069956526189,0.2513556182384491,0.07045496255159378
h64_wd0.0001_s1,o4,6,0.0005,0.6831755669493424,0.6827049255371094,0.7546284364261168,0.7066780821917809,0.29733956798950983,0.08631332463914981,0.2549419701099396,0.09458845108747482
h64_wd0.0001_s1,o4,7,0.0005,0.6764922267512271,0.6788051128387451,0.7736898625429554,0.7113013698630137,0.3016307053751821,0.07985275643939531,0.25930255651474,0.13033227622509003
h64_wd0.0001_s1,o4,8,0.0005,0.6747088432312012,0.6751711964607239,0.7809600515463917,0.7174657534246575,0.3612822787572072,0.09519368307764067,0.2645987570285797,0.1733994036912918
h64_wd0.0001_s1,o4,9,0.0005,0.6636392317320171,0.6707904934883118,0.7911243556701031,0.7204623287671234,0.501701029739284,0.10821462375357263,0.27069091796875,0.222037672996521
h64_wd0.0001_s1,o4,10,0.0005,0.6598105744311684,0.6649265289306641,0.7870811855670103,0.728082191780822,0.6361854759194427,0.12545294824216863,0.2779223322868347,0.27343836426734924
h64_wd0.0001_s1,o4,11,0.0005,0.6592887326290733,0.6717280745506287,0.7689540378006874,0.7,0.545802656377593,0.10276879145399001,0.28438708186149597,0.3223396837711334
h64_wd0.0001_s1,o4,12,0.0005,0.6443342691973636,0.6601000428199768,0.8177835051546392,0.7148116438356165,0.6574206459369302,0.11693340056049539,0.2902199327945709,0.367101788520813
h64_wd0.0001_s1,o4,13,0.0005,0.6558158523158023,0.6700317859649658,0.8116838487972508,0.6826198630136986,0.8859627601368479,0.13845393065323336,0.2976056635379791,0.4100734293460846
h64_wd0.0001_s1,o4,14,0.0005,0.6518379136135704,0.6669170260429382,0.8172573024054982,0.6988869863013698,0.7128929560320961,0.08366552390948721,0.3035878837108612,0.4265870153903961
h64_wd0.0001_s1,o4,15,0.0005,0.6652297722665887,0.6580373048782349,0.7923109965635738,0.7258561643835617,0.902157803180228,0.10889169132213279,0.3090061545372009,0.4317299425601959
h64_wd0.0001_s1,o4,16,0.0005,0.629865072275463,0.6610419750213623,0.78615764604811,0.7092465753424656,0.9040749799333857,0.13298152964916002,0.31412842869758606,0.4696049094200134
h64_wd0.0001_s1,o4,17,0.0005,0.6303337686940244,0.660600483417511,0.7901041666666667,0.7082191780821917,1.0358003371690785,0.13674531743396257,0.319405198097229,0.5105342864990234
h64_wd0.0001_s1,o4,18,0.0005,0.6307620563005146,0.6788448691368103,0.7314218213058419,0.6148972602739726,1.1129786074839472,0.12584120498276788,0.3245009481906891,0.540697455406189
h64_wd0.0001_s1,o4,19,0.0005,0.6328634494229367,0.6462066173553467,0.8106099656357388,0.7278253424657534,0.9698813594751673,0.12463505083143252,0.3297220468521118,0.5678594708442688
h64_wd0.0001_s1,o4,20,0.0005,0.6118554096472891,0.6387689113616943,0.8209944158075602,0.7370719178082192,1.026821644917403,0.1178538662538932,0.33498454093933105,0.6213599443435669
h64_wd0.0001_s1,o4,21,0.0005,0.6620293071395472,0.6771645545959473,0.74553264604811,0.6157534246575344,1.384652490681929,0.17638796603453796,0.3390013873577118,0.6304153800010681
h64_wd0.0001_s1,o4,22,0.0005,0.6168019457867271,0.660207986831665,0.8017396907216494,0.698458904109589,1.2514323851952596,0.11810351765670155,0.34322017431259155,0.6484922766685486
h64_wd0.0001_s1,o4,23,0.0005,0.6149696394016868,0.6355381608009338,0.8270403780068728,0.7335616438356164,0.8934109240638349,0.08158595393308131,0.3475576937198639,0.6836738586425781
h64_wd0.0001_s1,o4,24,0.0005,0.5976052911658036,0.6340522766113281,0.8617160652920962,0.7426369863013699,1.3700976758030314,0.12165616162391327,0.35189759731292725,0.7227189540863037
h64_wd0.0001_s1,o4,25,0.0005,0.5960295388573095,0.6272072196006775,0.8549881872852234,0.7394691780821918,1.264105608818434,0.10999296271562034,0.35621410608291626,0.7666691541671753
h64_wd0.0001_s1,o4,26,0.0005,0.5984959163163838,0.6220350861549377,0.869823883161512,0.7453767123287671,1.103389691240363,0.10208114273807667,0.3611116111278534,0.8133081793785095
h64_wd0.0001_s1,o4,27,0.0005,0.5824299737026817,0.6376157999038696,0.855444587628866,0.7180650684931507,1.388795180451818,0.0885819271052565,0.3657948672771454,0.8607178330421448
h64_wd0.0001_s1,o4,28,0.0005,0.5805136937844125,0.6240235567092896,0.8723689862542956,0.7400684931506849,1.6878208566949306,0.12292919237740228,0.37089014053344727,0.9034960269927979
h64_wd0.0001_s1,o4,29,0.0005,0.5684583281215868,0.6143806576728821,0.889991408934708,0.7443493150684931,1.4414145363000748,0.12485174645080399,0.37571096420288086,0.954384446144104
h64_wd0.0001_s1,o4,30,0.0005,0.5872691477599897,0.6697937250137329,0.8066580756013746,0.6727739726027397,1.441530014529938,0.09689754624254361,0.3800068795681,0.9962087273597717
h64_wd0.0001_s1,o4,31,0.0005,0.5623349453273573,0.6135584115982056,0.8856475515463917,0.7373287671232877,2.031523900699115,0.10759705848159214,0.3846750557422638,1.030556559562683
h64_wd0.0001_s1,o4,32,0.0005,0.5870661782590967,0.605511486530304,0.8978200171821306,0.7451198630136986,2.534289946985373,0.1371277379116226,0.38874122500419617,1.0623773336410522
h64_wd0.0001_s1,o4,33,0.0005,0.5555331205066881,0.6171587705612183,0.8873926116838489,0.7342465753424657,1.4672158347404167,0.10917847958526124,0.3921908140182495,1.0928595066070557
h64_wd0.0001_s1,o4,34,0.0005,0.5616888937197233,0.6096634864807129,0.9066258591065292,0.7429794520547945,1.794917083589056,0.09001343315867187,0.39580437541007996,1.1328381299972534
h64_wd0.0001_s1,o4,35,0.0005,0.5248165287469563,0.6341828107833862,0.8806808419243987,0.7164383561643836,1.8165747751545436,0.09758050171321202,0.39977896213531494,1.1798555850982666
h64_wd0.0001_s1,o4,36,0.0005,0.5370606387916365,0.6043268442153931,0.9099119415807561,0.740582191780822,1.9242754735128624,0.09686424748114514,0.40372809767723083,1.220519781112671
h64_wd0.0001_s1,o4,37,0.0005,0.5320789563028436,0.6061865091323853,0.914733676975945,0.7348458904109588,1.9441483931975538,0.09106349865950791,0.4077155292034149,1.265357494354248
h64_wd0.0001_s1,o4,38,0.0005,0.5473622820879284,0.6025792360305786,0.9220790378006873,0.7407534246575342,1.9930514397009376,0.0816597719475078,0.4110340476036072,1.2970041036605835
h64_wd0.0001_s1,o4,39,0.0005,0.5157160947197362,0.6030712127685547,0.9198936855670103,0.7344178082191781,2.0143264789018738,0.10788757989469426,0.41462376713752747,1.3324834108352661
h64_wd0.0001_s1,o4,40,0.0005,0.5388255260492626,0.6048412322998047,0.9268417096219931,0.7471746575342465,1.8661456424296294,0.08051625762299189,0.41822779178619385,1.3733187913894653
h64_wd0.0001_s1,o4,41,0.0005,0.5234252324229792,0.6070398092269897,0.9311855670103093,0.7398116438356164,2.854049096465972,0.08856469242615049,0.421243816614151,1.3965325355529785
h64_wd0.0001_s1,o4,42,0.0005,0.5130235521416915,0.6072207093238831,0.9313090635738832,0.7373287671232877,2.414623697849972,0.11011246227576507,0.4249362647533417,1.4344160556793213
h64_wd0.0001_s1,o4,43,0.0005,0.5304670506402066,0.607021152973175,0.9353361254295534,0.7338184931506848,3.41350715443935,0.1324757928441024,0.42782825231552124,1.4582966566085815
h64_wd0.0001_s1,o4,44,0.0005,0.4976717265028703,0.6173845529556274,0.9352126288659794,0.7374999999999999,2.5052973185732426,0.09348082079303117,0.43135571479797363,1.4882824420928955
h64_wd0.0001_s1,o4,45,0.0005,0.5273299750528837,0.6097903251647949,0.9405068728522337,0.7303082191780821,3.443722062846664,0.09841912676772868,0.43462228775024414,1.5171558856964111
h64_wd0.0001_s1,o4,46,0.0005,0.5259824473606912,0.6864561438560486,0.8148732817869416,0.6438356164383562,2.93183671889704,0.10395598385339488,0.43703022599220276,1.5297644138336182
h64_wd0.0001_s1,o4,47,0.0005,0.5166155884140416,0.6141008734703064,0.9372422680412371,0.7394691780821918,3.139726137332571,0.1120786255085586,0.44034451246261597,1.5513732433319092
h64_wd0.0001_s1,o4,48,0.0005,0.5002321632284867,0.6125062704086304,0.9358140034364262,0.7217465753424657,2.615492382444348,0.09766605038393142,0.44345277547836304,1.5805128812789917
h64_wd0.0001_s1,o4,49,0.0005,0.49503350414727865,0.6063646078109741,0.9426009450171822,0.7236301369863013,3.2026739094506502,0.10024589784191541,0.4467207193374634,1.613843321800232
h64_wd0.0001_s1,o4,50,0.0005,0.4874094207035868,0.6095232963562012,0.9454306271477664,0.7132705479452055,2.769554893791221,0.10557781496980376,0.449664831161499,1.6427336931228638
h64_wd0.0001_s1,o4,51,0.0005,0.5182270344934965,0.6174967288970947,0.9369093642611683,0.7202054794520548,2.601314597531953,0.08739210021119856,0.45271310210227966,1.6748342514038086
h64_wd0.0001_s1,o4,52,0.0005,0.5452347758569216,0.6150149703025818,0.945274914089347,0.7154109589041096,3.8514487843621636,0.1253756295975776,0.4546806514263153,1.6740708351135254
h64_wd0.0001_s1,o4,53,0.0005,0.5024208238250331,0.6352748274803162,0.914513530927835,0.7078767123287671,3.134982361002835,0.10629034767222677,0.45726895332336426,1.6926416158676147
h64_wd0.0001_s1,o4,54,0.0005,0.5001402732573057,0.6192631125450134,0.9420425257731958,0.7070205479452055,4.018514560305891,0.07864458254337013,0.4599659740924835,1.7088449001312256
h64_wd0.0001_s1,o4,55,0.0005,0.4830792295305352,0.6145361661911011,0.9496563573883162,0.7113013698630136,2.7441261989410615,0.09507956056298117,0.4623723030090332,1.733072280883789
h64_wd0.0001_s1,o4,56,0.0005,0.49223811689176056,0.6140892505645752,0.9490066580756014,0.7202054794520547,2.909507675438935,0.09097376746524043,0.4647350609302521,1.7580469846725464
h64_wd0.0001_s1,o4,57,0.0005,0.45721735766059474,0.6278129816055298,0.9485180412371135,0.7125856164383562,2.292889159093173,0.08693268371998562,0.46738988161087036,1.7917267084121704
h64_wd0.0001_s1,o4,58,0.0005,0.4574973645963167,0.625602662563324,0.9506335910652921,0.7179794520547945,2.3930098742003794,0.08150810049063162,0.47053396701812744,1.8329218626022339
h64_wd0.0001_s1,o4,59,0.0005,0.4458395525028831,0.6164708137512207,0.9551546391752578,0.7189212328767124,2.820725802733687,0.09299474566008274,0.4733380377292633,1.868560791015625
h64_wd0.0001_s1,o4,60,0.0005,0.44657440875705917,0.6569627523422241,0.8994201030927834,0.6765410958904109,3.299914494427184,0.0757405200169855,0.4762926399707794,1.900781512260437
h64_wd0.0001_s1,l0,1,0.0005,0.6951429714327273,0.6825425624847412,0.7473361435555166,0.7162052588903047,0.41885130196407866,0.1534279881413762,0.20495294034481049,0.01859738677740097
h64_wd0.0001_s1,l0,2,0.0005,0.6749855046686919,0.6643085479736328,0.7529053599133514,0.7153944167728483,0.4162543434087021,0.21786648071917497,0.25823038816452026,0.024452947080135345
h64_wd0.0001_s1,l0,3,0.0005,0.6643912844035936,0.6595823168754578,0.7341778636456778,0.6880574539557511,0.5570176459735962,0.2742794567771814,0.30259159207344055,0.043053995817899704
h64_wd0.0001_s1,l0,4,0.0005,0.6501453337462052,0.6354503631591797,0.7892406545475835,0.7281362214757326,0.6979501945253396,0.29637788191283343,0.3523055613040924,0.06841064989566803
h64_wd0.0001_s1,l0,5,0.0005,0.6286871251852616,0.619696319103241,0.7953367875647668,0.7259353642997799,0.7338266257136938,0.2432899047436244,0.3970937430858612,0.09945462644100189
h64_wd0.0001_s1,l0,6,0.0005,0.613403601490933,0.6210931539535522,0.8212727964638037,0.7374029885323757,0.952078857944716,0.35428997684091806,0.4374932050704956,0.12497735023498535
h64_wd0.0001_s1,l0,7,0.0005,0.5929665073104526,0.6151641607284546,0.8274933403588889,0.7339279508861346,0.9871867690994856,0.34539248311455995,0.4774034023284912,0.153014674782753
h64_wd0.0001_s1,l0,8,0.0005,0.5730530671451403,0.6081495881080627,0.8472966248060654,0.7419205374724893,0.925566452303602,0.2461624303615679,0.5110559463500977,0.1798466295003891
h64_wd0.0001_s1,l0,9,0.0005,0.5672300276548966,0.5993909239768982,0.8547246860454905,0.7430788833545696,1.0071220532585823,0.2748778744717488,0.545695960521698,0.20770858228206635
h64_wd0.0001_s1,l0,10,0.0005,0.5480171558649644,0.622737467288971,0.8647726940077868,0.7451639059423144,1.1615525021641055,0.3156891330222656,0.5740935206413269,0.2371699959039688
h64_wd0.0001_s1,l0,11,0.0005,0.5217771050722703,0.5912957787513733,0.8773528292497291,0.7495656202942198,0.9838757492890634,0.22321413011982247,0.6012853980064392,0.2680424153804779
h64_wd0.0001_s1,l0,12,0.0005,0.5029373194860376,0.591782808303833,0.8840490617956147,0.7521139812347967,1.2329869490411784,0.2773635080706341,0.628863513469696,0.30150094628334045
h64_wd0.0001_s1,l0,13,0.0005,0.5237248824990314,0.6228902339935303,0.8910526623927872,0.7537356654697093,1.4584620378866358,0.2668509892848461,0.6551691293716431,0.32026270031929016
h64_wd0.0001_s1,l0,14,0.0005,0.48809478075607965,0.5908243060112,0.9052208658997103,0.7488706127649717,1.383252303610649,0.24823298253944842,0.6802546381950378,0.3528837561607361
h64_wd0.0001_s1,l0,15,0.0005,0.44794125919756683,0.6140458583831787,0.9075773542929072,0.7517664774701727,1.121944319981559,0.20534445011211835,0.7025439739227295,0.3928571045398712
h64_wd0.0001_s1,l0,16,0.0005,0.4527452613996423,0.605217456817627,0.9170764907350488,0.7465539210008109,1.7816638786908594,0.3169181217104535,0.7232964038848877,0.42758604884147644
h64_wd0.0001_s1,l0,17,0.0005,0.4310192452824634,0.6303419470787048,0.9208527267937121,0.7478281014710992,1.6274591965879504,0.24230875023157097,0.7416979074478149,0.4552980959415436
h64_wd0.0001_s1,l0,18,0.0005,0.40648857666098553,0.6154501438140869,0.9331913585667866,0.7452797405305224,1.365132328903347,0.17557511652535823,0.7607683539390564,0.4909878969192505
h64_wd0.0001_s1,l0,19,0.0005,0.39519830177659576,0.6574825644493103,0.9324961213079243,0.75014479323526,1.556476075429085,0.18969463994443095,0.7789065837860107,0.5311530828475952
h64_wd0.0001_s1,l0,20,0.0005,0.3981865819381631,0.6374503970146179,0.9443956558648751,0.7465539210008109,2.00943946140271,0.21079891585013566,0.797125518321991,0.5592626929283142
h64_wd0.0001_s1,l0,21,0.0005,0.4233867487181788,0.655434250831604,0.9401364128684758,0.7415730337078652,2.4228151011247756,0.2674202635579602,0.815438449382782,0.5805028676986694
h64_wd0.0001_s1,l0,22,0.0005,0.3865998393815497,0.7109656929969788,0.9530605075963818,0.7421522066489054,1.7786902132657307,0.1850350367254495,0.8326294422149658,0.6112965941429138
h64_wd0.0001_s1,l0,23,0.0005,0.3594783460316451,0.6548953056335449,0.960730072304675,0.7386771690026642,2.141669071274913,0.19697563546988486,0.8492658138275146,0.6427331566810608
h64_wd0.0001_s1,l0,24,0.0005,0.32187468655731366,0.6755608916282654,0.9579418049822898,0.744005560060234,1.5673800584234778,0.1550950625783337,0.8647773861885071,0.6865754723548889
h64_wd0.0001_s1,l0,25,0.0005,0.33318943757077923,0.6804269552230835,0.9610593952167676,0.7485231090003476,1.7551782230421638,0.14920488931948955,0.8794659376144409,0.7208201885223389
h64_wd0.0001_s1,l0,26,0.0005,0.3199850489263949,0.6771588325500488,0.9644843535025321,0.7478281014710992,1.844688060576362,0.15133717601680427,0.895622730255127,0.7602757215499878
h64_wd0.0001_s1,l0,27,0.0005,0.3089093967624333,0.6784245371818542,0.969680337226662,0.7428472141781536,2.014512167079826,0.14661813624175019,0.910207211971283,0.7933316826820374
h64_wd0.0001_s1,l0,28,0.0005,0.30901047069093457,0.7315107583999634,0.9673311671204005,0.7435422217074018,2.142697117794488,0.15986317179090825,0.92512446641922,0.830787718296051
h64_wd0.0001_s1,l0,29,0.0005,0.2979538557322129,0.7459681630134583,0.9774304030912444,0.7383296652380401,2.200171606421553,0.13191682101425617,0.9401082992553711,0.8664077520370483
h64_wd0.0001_s1,l0,30,0.0005,0.2751151932322461,0.7046713829040527,0.982531249085214,0.729062898181397,2.0866035337511257,0.1329167864323285,0.9543812274932861,0.9030063152313232
h64_wd0.0001_s1,l0,31,0.0005,0.2593650506890338,0.7393962144851685,0.9805553116126577,0.7389088381790803,2.186119138488519,0.14083519430469335,0.9674509763717651,0.9454793930053711
h64_wd0.0001_s1,l0,32,0.0005,0.2685757136863211,0.7616595029830933,0.9821506981645737,0.7386771690026641,2.6343102693892417,0.13742636723535365,0.9823847413063049,0.9760506749153137
h64_wd0.0001_s1,l0,33,0.0005,0.2594256485285966,0.777405858039856,0.9849828752085711,0.7389088381790803,2.1281143353120036,0.1323359377354481,0.9970768690109253,1.006205677986145
h64_wd0.0001_s1,l1,1,0.0005,0.7009564767713132,0.6902487874031067,0.6011491776197658,0.5468929144691586,0.4215559343071953,0.17067739768444246,0.230462446808815,0.02843998745083809
h64_wd0.0001_s1,l1,2,0.0005,0.691542809424193,0.687981128692627,0.6871220282984989,0.6341435450584729,0.2260207455311068,0.10034094852757561,0.2571653127670288,0.037179600447416306
h64_wd0.0001_s1,l1,3,0.0005,0.683903113655422,0.6843608617782593,0.6735258205846442,0.6090346250859894,0.23908657237871472,0.1088722947468687,0.26691144704818726,0.030582893639802933
h64_wd0.0001_s1,l1,4,0.0005,0.6766857660335043,0.6778486371040344,0.7366444013502836,0.6789727126805778,0.3161208738537493,0.13029904939100004,0.27732113003730774,0.044929176568984985
h64_wd0.0001_s1,l1,5,0.0005,0.6750633949818818,0.6738060116767883,0.7600660777131365,0.7085530841550103,0.4228338543143383,0.1602689217164576,0.2907176911830902,0.07147855311632156
h64_wd0.0001_s1,l1,6,0.0005,0.6607182466465494,0.6687169075012207,0.7743948861595921,0.7207062600321026,0.42471916689990846,0.14581915328035863,0.30543914437294006,0.1141357570886612
h64_wd0.0001_s1,l1,7,0.0005,0.6504151121429775,0.6579081416130066,0.7873303167420814,0.7212795230451732,0.518846396612625,0.14496052993675254,0.3218986392021179,0.16134870052337646
h64_wd0.0001_s1,l1,8,0.0005,0.6438367859176968,0.6635170578956604,0.7666953961071608,0.67931667048842,0.6537778386708912,0.171026659244926,0.3398677706718445,0.21682997047901154
h64_wd0.0001_s1,l1,9,0.0005,0.6165726832721544,0.6383308172225952,0.7873590461825756,0.7033937170373766,0.6804513702297024,0.15861311186421512,0.35807526111602783,0.2749851942062378
h64_wd0.0001_s1,l1,10,0.0005,0.6143133821694747,0.6478813886642456,0.812461394814336,0.7392799816555836,0.7815640788228722,0.15271865476057875,0.3749902546405792,0.33855172991752625
h64_wd0.0001_s1,l1,11,0.0005,0.6083310052104618,0.6163670420646667,0.8249084249084249,0.7409997706947947,0.8996538771137557,0.14910718017855085,0.3885255753993988,0.3703387975692749
h64_wd0.0001_s1,l1,12,0.0005,0.5885722222535507,0.6344509720802307,0.8296990591108239,0.7287319422150883,0.912266582034472,0.15493424099101077,0.4025052487850189,0.42240962386131287
h64_wd0.0001_s1,l1,13,0.0005,0.5821223751358364,0.6334206461906433,0.8529339941104648,0.7307956890621418,1.123461183036566,0.15525204603167075,0.4167099595069885,0.475313276052475
h64_wd0.0001_s1,l1,14,0.0005,0.5524963036827419,0.6104758381843567,0.8627881921999568,0.7354964457693188,1.065670290754254,0.12363016966093267,0.430995911359787,0.5389149188995361
h64_wd0.0001_s1,l1,15,0.0005,0.5483005357825238,0.6180166006088257,0.8708180708180708,0.7252923641366659,1.2676042850333815,0.14038613296673796,0.44519785046577454,0.5996276140213013
h64_wd0.0001_s1,l1,16,0.0005,0.5585261764733688,0.6105909943580627,0.8748114630467573,0.7295345104333867,1.4577235342327595,0.13224148915417946,0.4572690427303314,0.638699471950531
h64_wd0.0001_s1,l1,17,0.0005,0.5462505143621693,0.6070619821548462,0.8850678733031674,0.7344072460444852,1.3283111552189364,0.1371478876073458,0.4684078097343445,0.6833727955818176
h64_wd0.0001_s1,l1,18,0.0005,0.5447169581185216,0.6099355220794678,0.8937728937728937,0.7314836046778262,1.370643718634668,0.12922826388900568,0.47817227244377136,0.7177681922912598
h64_wd0.0001_s1,l1,19,0.0005,0.5367260419804117,0.6345193982124329,0.8956546721252603,0.7293625315294657,1.7227517268902879,0.12464464351399446,0.48665371537208557,0.7384742498397827
h64_wd0.0001_s1,l1,20,0.0005,0.5382523147956185,0.6092514991760254,0.8998850822380234,0.7368722770006879,1.8823096345606813,0.15163792154208253,0.49706488847732544,0.7751399278640747
h64_wd0.0001_s1,l1,21,0.0005,0.5123856456383414,0.6031610369682312,0.9046828988005459,0.744324696170603,1.4976658145206927,0.11788345505964264,0.5066595077514648,0.8226751089096069
h64_wd0.0001_s1,l1,22,0.0005,0.48865013407624286,0.6172891855239868,0.9033900739783093,0.7432928227470764,1.8362224441909942,0.12382524730777714,0.5155131816864014,0.8742308020591736
h64_wd0.0001_s1,l1,23,0.0005,0.46655604243278503,0.6061956882476807,0.918598721539898,0.7407704654895666,1.378060593239418,0.10251740132526532,0.5240197777748108,0.9292904138565063
h64_wd0.0001_s1,l1,24,0.0005,0.45940055017885956,0.6113854646682739,0.9232995762407527,0.7452419169915157,1.5860070119145022,0.1087679079128068,0.5324507355690002,0.9853018522262573
h64_wd0.0001_s1,l1,25,0.0005,0.4530036566050156,0.6676061749458313,0.9216045392515981,0.7406558128869525,1.913564182233772,0.10877012894479693,0.5409720540046692,1.040815830230713
h64_wd0.0001_s1,l1,26,0.0005,0.47373702085536457,0.6099845767021179,0.9339151045033398,0.7422609493235497,2.7734379695489824,0.1510899148132377,0.5494205355644226,1.0790921449661255
h64_wd0.0001_s1,l1,27,0.0005,0.4882683352283809,0.610056459903717,0.9317244846656612,0.741343728502637,2.0546056061190567,0.1297137706099726,0.5581066608428955,1.1209932565689087
h64_wd0.0001_s1,l1,28,0.0005,0.4548833085143048,0.6363489627838135,0.9405516052574876,0.7420316441183215,2.1280974646355766,0.10919944923682089,0.5651091933250427,1.1575216054916382
h64_wd0.0001_s1,l1,29,0.0005,0.48037379591361334,0.6330974102020264,0.9297852474323063,0.7303370786516854,2.567282342297779,0.12676241654131315,0.5731121897697449,1.1940606832504272
h64_wd0.0001_s1,l1,30,0.0005,0.46460743313250336,0.6611764430999756,0.9380736910148675,0.7436367805549187,2.7260217722749824,0.11971517728862852,0.5819584131240845,1.233268141746521
h64_wd0.0001_s1,l1,31,0.0005,0.4297591460787732,0.6427452564239502,0.9466566113624937,0.7383627608346709,2.514594107790525,0.10627294711766058,0.5885454416275024,1.2670010328292847
h64_wd0.0001_s1,l1,32,0.0005,0.4172291250332542,0.6649587154388428,0.9492135315664727,0.7319995413895896,2.321338589489409,0.11948632286571945,0.5951274037361145,1.314605474472046
h64_wd0.0001_s1,l1,33,0.0005,0.44128998207009357,0.627194344997406,0.9502118796236443,0.7352671405640908,3.1137217318257324,0.1293179073614457,0.6023009419441223,1.3463913202285767
h64_wd0.0001_s1,l1,34,0.0005,0.4235966309257176,0.6610550284385681,0.9529088558500324,0.7475922953451044,2.7458711593726473,0.09956356983409441,0.6094275116920471,1.385779857635498
h64_wd0.0001_s1,l1,35,0.0005,0.405400390210359,0.6655181050300598,0.9583925878043525,0.7465030956202706,2.6771295994447613,0.10458242188571518,0.6149280071258545,1.4165211915969849
h64_wd0.0001_s1,l1,36,0.0005,0.3803887444993724,0.6606276035308838,0.9605185664009193,0.7306810364595275,2.5722355146254854,0.09285789330557188,0.6205859184265137,1.4540884494781494
h64_wd0.0001_s1,l1,37,0.0005,0.40053365800691687,0.6429182887077332,0.9552754435107377,0.7420316441183215,2.9767860040332894,0.10342551343675162,0.6265434622764587,1.4923619031906128
h64_wd0.0001_s1,l1,38,0.0005,0.396826666334401,0.6286762356758118,0.9600553041729513,0.7468470534281129,2.819036184805242,0.10397069549645792,0.6329839825630188,1.5311949253082275
h64_wd0.0001_s1,l1,39,0.0005,0.39684353250524274,0.6896378397941589,0.9609064138475903,0.7379614767255217,2.609979053945472,0.08291253133996797,0.6385769844055176,1.5736558437347412
h64_wd0.0001_s1,l1,40,0.0005,0.3640454683614814,0.6850990056991577,0.9699418228829993,0.7391080027516624,2.6164906422489924,0.08757422465820607,0.6439775824546814,1.6132766008377075
h64_wd0.0001_s1,l1,41,0.0005,0.35381846583407855,0.8843074440956116,0.9577102635926166,0.7342352671405641,2.921544431218927,0.1026147666770328,0.6495636701583862,1.6579159498214722
h64_wd0.0001_s1,l1,42,0.0005,0.3383240926524867,0.6937107443809509,0.974955110249228,0.7430061912405411,2.8502896442054095,0.0798140201494374,0.6546201705932617,1.6913554668426514
h64_wd0.0001_s1,l1,43,0.0005,0.3225101154783498,0.7401198744773865,0.9721432162608633,0.7481082320568677,2.4987195096850097,0.08380948272695811,0.6594353914260864,1.739322304725647
h64_wd0.0001_s1,l1,44,0.0005,0.32705795570560126,0.7033818960189819,0.9752495870142929,0.7420316441183215,3.73132177363061,0.09158047429262854,0.6649213433265686,1.7816879749298096
h64_wd0.0001_s1,l1,45,0.0005,0.3712071737517481,0.641080915927887,0.9701716584069526,0.7423182756248566,3.3234675367662607,0.08875672752393425,0.6709680557250977,1.814583420753479
h64_wd0.0001_s1,l1,46,0.0005,0.37829045757003454,0.7000911831855774,0.967823026646556,0.7306810364595276,2.621917107608597,0.0796951749868824,0.6760162115097046,1.8462741374969482
h64_wd0.0001_s1,l1,47,0.0005,0.3360591867695684,0.706835150718689,0.9804998922645981,0.7348085301536345,2.930374246420296,0.07506434374358585,0.6809903383255005,1.8817710876464844
h64_wd0.0001_s1,l1,48,0.0005,0.3035295139188352,0.7760701179504395,0.9772606478488831,0.7508598945196056,3.021435466958028,0.07797080875732258,0.6854132413864136,1.9174460172653198
h64_wd0.0001_s1,l1,49,0.0005,0.3420190176238184,0.8242101669311523,0.9729081376140201,0.7569364824581517,3.941936973644931,0.1013627796333869,0.6901120543479919,1.9507125616073608
h64_wd0.0001_s1,l1,50,0.0005,0.3260858097802038,0.7352572083473206,0.9774402068519716,0.7436941068562256,3.8738590673171465,0.07920126313695089,0.6951290369033813,1.9809638261795044
h64_wd0.0001_s1,l1,51,0.0005,0.31325131784314697,0.7517024278640747,0.9833010127127775,0.7375028663150653,3.1272239539091804,0.07066508011152331,0.7003097534179688,2.024624824523926
h64_wd0.0001_s1,l1,52,0.0005,0.29142701625823975,0.8619322776794434,0.9810816634346046,0.7445540013758313,3.34958796764823,0.07445537618357553,0.7052671909332275,2.06900954246521
h64_wd0.0001_s1,l1,53,0.0005,0.3235333542460981,0.7488649487495422,0.974876104287869,0.7279867002980966,3.396945281212765,0.07762532480856173,0.7098429799079895,2.099996328353882
h64_wd0.0001_s1,l1,54,0.0005,0.3094617011754409,0.7885273694992065,0.9861093155210803,0.7395092868608117,3.6938369081923477,0.08100643070946091,0.7142705917358398,2.1328749656677246
h64_wd0.0001_s1,l1,55,0.0005,0.3102751257626907,0.7405576705932617,0.9819866408101703,0.7279293739967897,3.7308917968903184,0.07332562500550288,0.718354344367981,2.166005849838257
h64_wd0.0001_s1,l1,56,0.0005,0.30016846825247223,0.8107128739356995,0.9837930043812396,0.7368722770006878,4.205881240979964,0.09376780854399197,0.7226434946060181,2.194979190826416
h64_wd0.0001_s1,l1,57,0.0005,0.31802123461080634,0.7572974562644958,0.9861955038425627,0.7315982572804403,4.644477033004532,0.08785026447889363,0.7264226078987122,2.2083444595336914
h64_wd0.0001_s1,l1,58,0.0005,0.2739341294635897,1.0044984817504883,0.9817208934855994,0.7447833065810593,3.60909038168583,0.07198889942610866,0.7305859327316284,2.23875093460083
h64_wd0.0001_s1,l1,59,0.0005,0.2876324070536572,0.8232039213180542,0.9852294764059469,0.7401972024764962,3.9619906589154095,0.07062584446780956,0.7341716289520264,2.2626616954803467
h64_wd0.0001_s1,l1,60,0.0005,0.32085429358741513,0.7807090282440186,0.9642102995044172,0.724145838110525,3.9969485717000794,0.08912595523639257,0.738227128982544,2.2886180877685547
h64_wd0.0001_s1,l1,61,0.0005,0.3070100617149602,0.7761467695236206,0.9803131509013863,0.7288465948177023,3.7195414815505723,0.07230427842461361,0.7420689463615417,2.3157122135162354
h64_wd0.0001_s1,l1,62,0.0005,0.2862977832555771,1.2084238529205322,0.9787114845938376,0.7381334556294428,3.9054083275279843,0.07355595395440542,0.7463076710700989,2.351984739303589
h64_wd0.0001_s1,l1,63,0.0005,0.3863743420528329,0.7981412410736084,0.97002442002442,0.7270121531758771,5.343297410328714,0.11947009939985877,0.7496930956840515,2.3454742431640625
h64_wd0.0001_s1,l1,64,0.0005,0.2924203632966332,0.8721280097961426,0.9878977231918409,0.7367576243980739,3.673039145968919,0.06203708742675477,0.7533725500106812,2.360713005065918
h64_wd0.0001_s1,l1,65,0.0005,0.27759047889191174,0.8180904388427734,0.989492207139266,0.7379041504242146,3.8577743529295843,0.06350642379752608,0.7568555474281311,2.3835806846618652
h64_wd0.0001_s1,l1,66,0.0005,0.2824866350578225,0.8013582825660706,0.9759714142067084,0.7240311855079111,3.8265737065171384,0.06393351022374648,0.7605647444725037,2.4118926525115967
h64_wd0.0001_s1,l1,67,0.0005,0.2647229225739189,0.8755425214767456,0.9890684478919773,0.7437514331575327,3.8373425374511654,0.05975296954912697,0.7643117904663086,2.443150758743286
h64_wd0.0001_s1,l1,68,0.0005,0.2761830998503644,0.8452169895172119,0.9872010342598577,0.7391653290529694,3.9554269127296937,0.07688888829917742,0.767304003238678,2.463231325149536
h64_wd0.0001_s1,l1,69,0.0005,0.2565831464269887,1.0825607776641846,0.9757523522229405,0.7339486356340289,3.6651165623964315,0.06385317052359106,0.7709389328956604,2.4963715076446533
h64_wd0.0001_s1,l2,1,0.0005,0.686617908152667,0.6707422137260437,0.7529643967566909,0.7263157894736841,0.7183085447214586,0.3208884591712748,0.21187178790569305,0.01710398681461811
h64_wd0.0001_s1,l2,2,0.0005,0.6739126633514058,0.6653407216072083,0.7577577272450162,0.6909860859044162,0.7605814307040881,0.4176623270948305,0.2675915062427521,0.021252810955047607
h64_wd0.0001_s1,l2,3,0.0005,0.6633233590559526,0.66194087266922,0.7684036456745716,0.7114337568058076,0.9010904673808618,0.5029298680632701,0.3202363848686218,0.029727023094892502
h64_wd0.0001_s1,l2,4,0.0005,0.6674041883511976,0.6669459939002991,0.7730369444613789,0.722444041137326,0.8715537926415924,0.4632952420741795,0.35612475872039795,0.031853314489126205
h64_wd0.0001_s1,l2,5,0.0005,0.6408133615146984,0.6234440803527832,0.7845668475278913,0.7465214761040532,0.9551921252325424,0.46331310087797567,0.391434907913208,0.0404624342918396
h64_wd0.0001_s1,l2,6,0.0005,0.616417177698829,0.6169003844261169,0.797133146375663,0.7405928614640048,0.6448378750835463,0.2978982552975365,0.4261259436607361,0.056147363036870956
h64_wd0.0001_s1,l2,7,0.0005,0.5966673994606192,0.6220866441726685,0.8066588428945924,0.7679370840895342,0.8950877730276058,0.3920707844187547,0.46343767642974854,0.07937053591012955
h64_wd0.0001_s1,l2,8,0.0005,0.5852819017388604,0.6059607267379761,0.8240413339023349,0.774107683000605,0.9339102895505377,0.3895394362139884,0.4992047846317291,0.09601828455924988
h64_wd0.0001_s1,l2,9,0.0005,0.5734525200995532,0.6006959080696106,0.8336203743217705,0.7507562008469449,1.0057335901471716,0.36999524498032427,0.5344460606575012,0.1143823117017746
h64_wd0.0001_s1,l2,10,0.0005,0.5553506165742874,0.6223543882369995,0.832484911296714,0.7891107078039927,1.0897416897950503,0.3286327946914809,0.5663625597953796,0.13123513758182526
h64_wd0.0001_s1,l2,11,0.0005,0.5481861260804263,0.5859273076057434,0.8549655550813875,0.7594676346037508,1.1259780298956419,0.35226049715069835,0.5989762544631958,0.15430866181850433
h64_wd0.0001_s1,l2,12,0.0005,0.5327488048510118,0.6568325757980347,0.8562686703651771,0.7471264367816092,1.2604574183715949,0.33406436462482353,0.6286985278129578,0.17681992053985596
h64_wd0.0001_s1,l2,13,0.0005,0.5562522072683681,0.5861350297927856,0.8716012314820459,0.7592256503327284,1.5518869115428366,0.41254668486777446,0.657702624797821,0.19426631927490234
h64_wd0.0001_s1,l2,14,0.0005,0.5522244084965099,0.5750328302383423,0.8835578857526063,0.7922565033272837,1.3964567457779307,0.35521656221764014,0.6871026754379272,0.1994788944721222
h64_wd0.0001_s1,l2,15,0.0005,0.5048720105127855,0.580049455165863,0.8878711211363775,0.777979431336963,1.427740387859622,0.3852376432611199,0.7106953859329224,0.21561236679553986
h64_wd0.0001_s1,l2,16,0.0005,0.4881133789365942,0.6296443939208984,0.8924510760226788,0.7897156684815487,1.3200125178212652,0.3065710850370633,0.7331187129020691,0.2373369187116623
h64_wd0.0001_s1,l2,17,0.0005,0.49881933764977887,0.6132497787475586,0.9027540693775529,0.7871748336358136,1.3657792863830918,0.29196515591526206,0.7539993524551392,0.25346866250038147
h64_wd0.0001_s1,l2,18,0.0005,0.4844880225983533,0.5896750092506409,0.9092620252392855,0.7726557773744707,1.4950378227411323,0.29868061450538036,0.777285099029541,0.2742231488227844
h64_wd0.0001_s1,l2,19,0.0005,0.45849657465111127,0.5867573618888855,0.9137962567822959,0.7749546279491834,1.0850737290987356,0.25450875599942296,0.7978873252868652,0.2994842231273651
h64_wd0.0001_s1,l2,20,0.0005,0.43400838293812494,0.564989447593689,0.9191306468328965,0.7848759830611011,1.4622368346286776,0.270342055695779,0.8195422291755676,0.3299427032470703
h64_wd0.0001_s1,l2,21,0.0005,0.4564985768361525,0.6134861707687378,0.9283286593915747,0.7764065335753175,1.87364291053947,0.35636256029239416,0.8382347226142883,0.3494870066642761
h64_wd0.0001_s1,l2,22,0.0005,0.4226938472552733,0.5728068351745605,0.9313159178199111,0.7811252268602541,1.4745375108740426,0.22975452198532642,0.8574241995811462,0.36985328793525696
h64_wd0.0001_s1,l2,23,0.0005,0.42996246977285907,0.6254880428314209,0.9296546363470096,0.7679370840895342,1.9086350969695147,0.31721624049519814,0.8746457695960999,0.38756993412971497
h64_wd0.0001_s1,l2,24,0.0005,0.42183494567871094,0.5736714601516724,0.9393479851246723,0.7825771324863883,1.6412228625723864,0.2643276827543985,0.8932685852050781,0.41016921401023865
h64_wd0.0001_s1,l2,25,0.0005,0.3948105370456522,0.5945112705230713,0.9422056940803512,0.776043557168784,1.5449793929771538,0.24611683590211103,0.9114887714385986,0.44052255153656006
h64_wd0.0001_s1,l2,26,0.0005,0.3938637646761807,0.5610201358795166,0.952859233067122,0.7909255898366605,1.972160256393341,0.27657606264203954,0.9294259548187256,0.4602125883102417
h64_wd0.0001_s1,l2,27,0.0005,0.40181429955092346,0.6369922161102295,0.9535984271169907,0.7751966122202056,2.16745727192449,0.27510581314199584,0.9461187124252319,0.4811517596244812
h64_wd0.0001_s1,l2,28,0.0005,0.3833141855218194,0.6749434471130371,0.950740718161312,0.7704779189352692,2.126813981058396,0.26271354646956496,0.9637368321418762,0.4951620101928711
h64_wd0.0001_s1,l2,29,0.0005,0.3860920423811132,0.6006886959075928,0.9557550448088765,0.7781004234724743,1.8988249785033935,0.2626089584318482,0.9799857139587402,0.5170515775680542
h64_wd0.0001_s1,l2,30,0.0005,0.37829670580950653,0.7034091949462891,0.9579878680729135,0.775438596491228,2.163669011923436,0.2036558643714937,0.9979427456855774,0.5356455445289612
h64_wd0.0001_s1,l2,31,0.0005,0.3352709866382859,0.6074365973472595,0.961729561665549,0.7755595886267392,1.63960709014297,0.19304086282433824,1.0135163068771362,0.5666583180427551
h64_wd0.0001_s1,l2,32,0.0005,0.32964368706399744,0.618402361869812,0.9657379747607144,0.7762855414398064,1.961302672267955,0.20994869854943501,1.0280768871307373,0.5971328020095825
h64_wd0.0001_s1,l2,33,0.0005,0.3417289473793723,0.6481946110725403,0.9677345607510821,0.770961887477314,2.210627819400404,0.2382421948524164,1.0418860912322998,0.6240971684455872
h64_wd0.0001_s1,l2,34,0.0005,0.34271540289575403,0.7130966782569885,0.9668734377857708,0.7849969751966123,2.6696066698323766,0.2522500666630573,1.0562622547149658,0.6436246633529663
h64_wd0.0001_s1,l3,1,0.0005,0.6956499193025671,0.6830019950866699,0.7352170220243675,0.6504112127881385,0.5062592496055468,0.19058939754802307,0.20581749081611633,0.021108701825141907
h64_wd0.0001_s1,l3,2,0.0005,0.6729174023089202,0.6710391640663147,0.7442596063730083,0.6496003706706823,0.5104046297956504,0.23037806327606597,0.25673356652259827,0.01745547726750374
h64_wd0.0001_s1,l3,3,0.0005,0.6589292598807294,0.6668399572372437,0.7456361293345829,0.6413761149079115,0.6820256173645308,0.2840420408458998,0.3034036159515381,0.029918018728494644
h64_wd0.0001_s1,l3,4,0.0005,0.6357977105223614,0.6445531249046326,0.7967432052483601,0.6838874087802618,0.8269970311113447,0.3432407704098412,0.3539111912250519,0.06320369988679886
h64_wd0.0001_s1,l3,5,0.0005,0.6120694331500841,0.6366012096405029,0.8176692830365511,0.6947758600718175,0.8841005695768704,0.327251639302919,0.40192481875419617,0.09713493287563324
h64_wd0.0001_s1,l3,6,0.0005,0.5955690275067869,0.6442262530326843,0.8259430646672915,0.6884049577203754,1.0116609387090367,0.3186253853686956,0.44323644042015076,0.12651427090168
h64_wd0.0001_s1,l3,7,0.0005,0.5855124320672906,0.6812839508056641,0.8230362582005625,0.66685972431368,1.240028699651334,0.3017328893526992,0.4811958968639374,0.1485099047422409
h64_wd0.0001_s1,l3,8,0.0005,0.5858878441478895,0.6247198581695557,0.8570978795688848,0.7026526120699641,1.0753165127025621,0.27970639717163365,0.5198559165000916,0.16901645064353943
h64_wd0.0001_s1,l3,9,0.0005,0.5519560031268907,0.6245993375778198,0.8670044517338331,0.7027684466581722,1.155053602461379,0.29226704479195165,0.5611352920532227,0.1990503966808319
h64_wd0.0001_s1,l3,10,0.0005,0.5292627409748409,0.6429681181907654,0.8680368439550141,0.696513378894938,1.1804714612993532,0.27542915388536526,0.5949184894561768,0.23898586630821228
h64_wd0.0001_s1,l3,11,0.0005,0.5010904125545336,0.6209271550178528,0.8855728678537957,0.714236070890768,1.1612024270020298,0.2368568129942025,0.6232966780662537,0.28242218494415283
h64_wd0.0001_s1,l3,12,0.0005,0.4743853677874026,0.6262710094451904,0.8952231724461106,0.714583574655392,1.3078937663794294,0.24828310229217526,0.6484955549240112,0.3268483877182007
h64_wd0.0001_s1,l3,13,0.0005,0.4933524896269259,0.6239597797393799,0.9039509137769447,0.7186377852426735,1.617113536615271,0.2658634223152806,0.6737744808197021,0.3570170998573303
h64_wd0.0001_s1,l3,14,0.0005,0.476483430551446,0.6794140934944153,0.9057960402999063,0.7049693038341249,1.6579778138595918,0.25192038292335367,0.6973307728767395,0.38958126306533813
h64_wd0.0001_s1,l3,15,0.0005,0.4614584692146467,0.6340175867080688,0.9162224695407684,0.7208386424186262,1.7209547439084947,0.2283514442031701,0.7208612561225891,0.41965705156326294
h64_wd0.0001_s1,l3,16,0.0005,0.464869833510855,0.6459360718727112,0.9194514409559512,0.7145835746553921,2.2204617719968303,0.31000725839583365,0.7426234483718872,0.4354999363422394
h64_wd0.0001_s1,l3,17,0.0005,0.4142232718675033,0.6433165073394775,0.92966553420806,0.7194486273601297,1.5044645577489486,0.20820916528955744,0.7641522884368896,0.46274518966674805
h64_wd0.0001_s1,l3,18,0.0005,0.3978991042012754,0.6762775182723999,0.9338024250234301,0.720259469477586,1.6770857492576432,0.22061058641047546,0.7882744669914246,0.5024630427360535
h64_wd0.0001_s1,l3,19,0.0005,0.39087918595127435,0.6612316370010376,0.9414904522024368,0.7228078304181628,1.7654164709789537,0.21506630927840645,0.8121012449264526,0.5343481302261353
h64_wd0.0001_s1,l3,20,0.0005,0.3989068127196768,0.6866433620452881,0.9488123828491096,0.7146994092436002,1.9421404529325288,0.20399816017158767,0.8334729075431824,0.5662487149238586
h64_wd0.0001_s1,l3,21,0.0005,0.4025317871052286,0.7119992971420288,0.9464327553889409,0.7263987026526121,2.3015881908689653,0.25703766568981357,0.8532507419586182,0.5970502495765686
h64_wd0.0001_s1,l3,22,0.0005,0.41840916872024536,0.6470273733139038,0.9522902999062793,0.7184061160662574,2.0520786300182494,0.20161263566526663,0.8773655295372009,0.6060022711753845
h64_wd0.0001_s1,l3,23,0.0005,0.38187745472659235,0.72205650806427,0.9599636832239926,0.714351905478976,2.140659382315606,0.2333949644716987,0.8964871168136597,0.6463745832443237
h64_wd0.0001_s1,l3,24,0.0005,0.36962929368019104,0.6988047957420349,0.9561782450796626,0.7296420711224372,2.185405077487352,0.18529171823518367,0.9145509600639343,0.684845507144928
h64_wd0.0001_s1,l3,25,0.0005,0.3809128993231317,0.6633085012435913,0.9648108013120901,0.7250086875941155,2.4404103689615133,0.21150529790925934,0.9360426068305969,0.712154746055603
h64_wd0.0001_s1,l3,26,0.0005,0.3433380943277608,0.7085455060005188,0.9640566424554826,0.7272095447700684,2.3842574234021114,0.20136432044780025,0.9532519578933716,0.747066855430603
h64_wd0.0001_s1,l3,27,0.0005,0.3382432195155517,0.7404422760009766,0.9692918228678539,0.7240820108884513,2.3784305708671836,0.18800917450002388,0.9666268229484558,0.7749909162521362
h64_wd0.0001_s1,l3,28,0.0005,0.3608461935882983,0.7118024826049805,0.9738094540768509,0.7155102513610564,3.0550464256833783,0.21277578872655295,0.9805037975311279,0.7928045988082886
h64_wd0.0001_s1,l3,29,0.0005,0.33732361249301746,0.7424612641334534,0.9709099695407685,0.723387003359203,2.1821444982334515,0.17644345936928102,0.9933109879493713,0.8148365020751953
h64_wd0.0001_s1,l3,30,0.0005,0.2895507080399472,0.7830816507339478,0.9781074273664481,0.7146994092436001,2.008385093394591,0.14273165197372095,1.004895567893982,0.8528661727905273
h64_wd0.0001_s1,l3,31,0.0005,0.2914689409991969,0.7413650155067444,0.9817024953139645,0.7143519054789761,2.747683854553807,0.19718095352487416,1.0189186334609985,0.8869415521621704
h64_wd0.0001_s1,l3,32,0.0005,0.26982225477695465,0.7661787271499634,0.9828227507029054,0.7156260859492645,2.410866643306138,0.15333034001506118,1.0332801342010498,0.9179257154464722
h64_wd0.0001_s1,l3,33,0.0005,0.27057684115741565,0.771033763885498,0.9880432872539832,0.7135410633615197,2.3442446835620734,0.12495786735920451,1.0459568500518799,0.9505485892295837
h64_wd0.0001_s1,l3,34,0.0005,0.2619816058355829,0.8610323667526245,0.9886143978444236,0.7092551835978222,2.5740185973923038,0.13546358040305131,1.0574002265930176,0.9877038598060608
h64_wd0.0001_s1,l3,35,0.0005,0.2401571192819139,0.8065137267112732,0.9824639761012184,0.7308004170045176,2.414391783975166,0.12854465215944522,1.0681943893432617,1.0212476253509521
h64_wd0.0001_s1,l3,36,0.0005,0.23675211000701654,0.7538849115371704,0.9904302366447986,0.7130777250086875,2.4735168241107806,0.13720168549080472,1.0798075199127197,1.0576214790344238
h64_wd0.0001_s1,l3,37,0.0005,0.25540553422077844,0.8870252370834351,0.9928684395501405,0.7104135294799027,2.973061698083193,0.1557467474196281,1.090758204460144,1.0881999731063843
h64_wd0.0001_s1,l3,38,0.0005,0.26498369710600894,0.7550752758979797,0.9918214034676662,0.7191011235955056,3.3015937219505815,0.1462092424393234,1.102858543395996,1.111838698387146
h64_wd0.0001_s1,l3,39,0.0005,0.22920665177314178,0.8029741644859314,0.9913674437675727,0.7160894243020965,2.5613663223036394,0.1292934375863501,1.1138473749160767,1.150380253791809
h64_wd0.0001_s1,l3,40,0.0005,0.230232920659625,0.9002066254615784,0.9906645384254921,0.7236186725356191,2.4125696483196175,0.11107440773819732,1.1248397827148438,1.1939268112182617
h64_wd0.0001_s1,l3,41,0.0005,0.3406771700019422,0.8502857089042664,0.9911038542642924,0.6776323410170276,4.421877867406144,0.21103779458611466,1.1361947059631348,1.197238802909851
h64_wd0.0001_s1,l3,42,0.0005,0.309265840312709,0.8428747653961182,0.9875600398313027,0.7064751534808293,2.9877727170779393,0.15563935880922702,1.1494606733322144,1.2034555673599243
h64_wd0.0001_s1,l3,43,0.0005,0.40605616569519043,0.7851762771606445,0.9731651241799437,0.7077493339511178,4.930978265986943,0.22272295014230586,1.1666761636734009,1.2010297775268555
h64_wd0.0001_s1,l3,44,0.0005,0.40464098686757294,0.7184212803840637,0.9900714620431115,0.7047376346577088,3.5105026345197956,0.19031092324120372,1.180145263671875,1.2023621797561646
h64_wd0.0001_s1,l3,45,0.0005,0.2842905501956525,0.7482370138168335,0.9891269329896907,0.7115718753619831,2.6626251251305733,0.13131636432307475,1.189313530921936,1.2357642650604248
h64_wd0.0001_s1,l3,46,0.0005,0.25411405058010766,0.8635230660438538,0.9898664479850047,0.7021892737171318,2.0306328276993066,0.11222807776845735,1.198254942893982,1.2777349948883057
h64_wd0.0001_s1,l3,47,0.0005,0.26395169289215753,0.9344086050987244,0.9904229147141518,0.708328506892158,3.203925954537514,0.13437060003430942,1.2077327966690063,1.3165937662124634
h64_wd0.0001_s1,l3,48,0.0005,0.20481338546327923,0.8317410945892334,0.9928537956888472,0.7063593188926213,2.593641908649741,0.10736784726150553,1.215475082397461,1.3497394323349
h64_wd0.0001_s1,l3,49,0.0005,0.20555172180352005,0.8087707757949829,0.9956947047797564,0.7090235144214062,2.436036437316907,0.10007702098182433,1.2232773303985596,1.3871331214904785
h64_wd0.0001_s1,l3,50,0.0005,0.22313473859558935,0.9099887609481812,0.994896614339269,0.7136568979497279,2.9948018040205655,0.11562623587821724,1.2318296432495117,1.4250601530075073
h64_wd0.0001_s1,l3,51,0.0005,0.25887541926425434,0.7513931393623352,0.9945305178069354,0.7102976948916946,3.310309313199118,0.12040596762084381,1.240792989730835,1.4463781118392944
h64_wd0.0001_s1,l3,52,0.0005,0.2234195529118828,0.7770217657089233,0.9950430529522025,0.7251245221823235,2.6805179733545823,0.09989736797206286,1.249472975730896,1.4872665405273438
h64_wd0.0001_s1,l3,53,0.0005,0.2173395665443462,0.8827638626098633,0.9943328256794751,0.7192169581837137,2.6110866167046605,0.09593266820498696,1.2582749128341675,1.5315099954605103
h64_wd0.0001_s1,l3,54,0.0005,0.22716234138478403,0.9473204016685486,0.9974007146204311,0.7118035445383991,3.3890981256750177,0.10584213250721994,1.2666863203048706,1.5658870935440063
h64_wd0.0001_s1,l3,55,0.0005,0.1980316224305526,1.0038751363754272,0.9961413425492034,0.722923665006371,3.3362555994862553,0.09746658318002642,1.2742226123809814,1.5953303575515747
h64_wd0.0001_s1,l4,1,0.0005,0.6960502785185109,0.6915289163589478,0.7000917376893939,0.5946579194001875,0.5867072713883301,0.2546387115425566,0.20963698625564575,0.0191893819719553
h64_wd0.0001_s1,l4,2,0.0005,0.6782999142356541,0.6743763089179993,0.7387547348484849,0.683223992502343,0.5330348244976786,0.2586992365263921,0.25646692514419556,0.02286348305642605
h64_wd0.0001_s1,l4,3,0.0005,0.6591799621996672,0.6598988175392151,0.7707889441287878,0.6927132146204312,0.5955161447716261,0.26759673697465614,0.29800543189048767,0.03367222100496292
h64_wd0.0001_s1,l4,4,0.0005,0.6379606853360715,0.645957887172699,0.7836026278409093,0.6998594189315839,0.6868740259042895,0.30670458081111873,0.3488190174102783,0.06338939815759659
h64_wd0.0001_s1,l4,5,0.0005,0.6161923615828805,0.6344669461250305,0.80078125,0.7099343955014058,0.7138362663943475,0.30554533852116544,0.4007048010826111,0.09730081260204315
h64_wd0.0001_s1,l4,6,0.0005,0.6093650874884232,0.6281817555427551,0.8202977035984849,0.7125117150890347,1.0539439126844996,0.41678309617879167,0.4441830813884735,0.12158555537462234
h64_wd0.0001_s1,l4,7,0.0005,0.5738690650981405,0.6251052618026733,0.8386156486742425,0.7209465791940018,0.8311395736640668,0.24955698055307848,0.4853699505329132,0.15508387982845306
h64_wd0.0001_s1,l4,8,0.0005,0.5640958573507227,0.6141027212142944,0.8633848248106061,0.7237582005623242,0.9553386541051604,0.2750228566243965,0.5243709087371826,0.18658041954040527
h64_wd0.0001_s1,l4,9,0.0005,0.5193887936032336,0.6151999831199646,0.8767237807765152,0.7255154639175256,1.0479581873107038,0.32777974522355136,0.5644126534461975,0.22836215794086456
h64_wd0.0001_s1,l4,10,0.0005,0.50998494806497,0.6104456186294556,0.8887902462121213,0.7278584817244611,1.3490751653716127,0.33625933921148066,0.5990800261497498,0.26371699571609497
h64_wd0.0001_s1,l4,11,0.0005,0.4929305366847826,0.6253830194473267,0.9009676846590909,0.7255154639175259,1.2630548536360513,0.23417517860206213,0.6338256001472473,0.29719072580337524
h64_wd0.0001_s1,l4,12,0.0005,0.4898034671078558,0.6614826321601868,0.9001020951704546,0.7253983130271789,1.6932333053048512,0.32107984492636116,0.6669982671737671,0.3274381756782532
h64_wd0.0001_s1,l4,13,0.0005,0.48575923624246015,0.6210338473320007,0.9093276515151514,0.7323102155576382,1.5603452116132217,0.28827004482782675,0.6927621960639954,0.3456204831600189
h64_wd0.0001_s1,l4,14,0.0005,0.4731635269911393,0.6404225826263428,0.9181832978219697,0.7298500468603561,1.7650226802759637,0.35589177920105575,0.7179788947105408,0.37299883365631104
h64_wd0.0001_s1,l4,15,0.0005,0.4257105562997901,0.62865149974823,0.9279119318181818,0.7276241799437676,1.2514301692782375,0.20933979776782308,0.7406559586524963,0.40684714913368225
h64_wd0.0001_s1,l4,16,0.0005,0.425960185735122,0.7165582776069641,0.9345703125000001,0.7319587628865979,1.5299771614619373,0.20661558651214137,0.7595006227493286,0.4388189911842346
h64_wd0.0001_s1,l4,17,0.0005,0.42595933960831683,0.6524769067764282,0.934481534090909,0.7286785379568885,1.904530627900316,0.2658236358263783,0.7802974581718445,0.4653356075286865
h64_wd0.0001_s1,l4,18,0.0005,0.4620817251827406,0.6384308934211731,0.9460079308712122,0.7099343955014058,2.2246302035491565,0.2648186330204199,0.8022147417068481,0.47639036178588867
h64_wd0.0001_s1,l4,19,0.0005,0.433707762023677,0.7078266143798828,0.9423088304924242,0.7305529522024368,2.00382903346419,0.24342473936052117,0.8234882354736328,0.49920153617858887
h64_wd0.0001_s1,l4,20,0.0005,0.43264939733173535,0.7390137314796448,0.9425011837121212,0.7335988753514526,2.0510013071856723,0.26535404065564516,0.8433285355567932,0.5122242569923401
h64_wd0.0001_s1,l4,21,0.0005,0.4060563833817192,0.648678183555603,0.9499141808712122,0.7319587628865979,1.7784992499402446,0.22558260594434146,0.8602041602134705,0.5387282371520996
h64_wd0.0001_s1,l4,22,0.0005,0.38728358434594196,0.6803197264671326,0.9536946614583334,0.7258669165885661,1.9665720832632692,0.22985963695562864,0.8753304481506348,0.5662067532539368
h64_wd0.0001_s1,l4,23,0.0005,0.3903524888598401,0.7279877662658691,0.9550929214015151,0.7245782567947515,2.235498568490304,0.2443293025840083,0.8916909694671631,0.5833413600921631
h64_wd0.0001_s1,l4,24,0.0005,0.3937050842720529,0.6833359599113464,0.9581779711174243,0.7205951265229614,2.358173380391732,0.22715273290109436,0.9086846113204956,0.6026472449302673
h64_wd0.0001_s1,l4,25,0.0005,0.3569598955952603,0.6920859813690186,0.9574085582386364,0.716377694470478,1.5652445347356838,0.1755052281409686,0.9253015518188477,0.6332895755767822
h64_wd0.0001_s1,l4,26,0.0005,0.3568912005942801,0.6820749640464783,0.9639115767045455,0.7156747891283973,1.8645910874427434,0.1771265380340075,0.939950168132782,0.6599155068397522
h64_wd0.0001_s1,l4,27,0.0005,0.3522753255522769,0.6714179515838623,0.9620620265151516,0.7230552952202437,2.235628216413957,0.21457288386371776,0.9558584094047546,0.6879401803016663
h64_wd0.0001_s1,l4,28,0.0005,0.3482231588467308,0.6864420175552368,0.9654430042613636,0.7193064667291472,1.752623618156012,0.17510663789347478,0.9725745320320129,0.7193464636802673
h64_wd0.0001_s1,l4,29,0.0005,0.3298567481662916,0.7449451088905334,0.9636082504734849,0.7242268041237114,1.7579969485994054,0.16415109085961227,0.9877285361289978,0.749704897403717
h64_wd0.0001_s1,l4,30,0.0005,0.3355066316283267,0.7337139844894409,0.9696303858901515,0.7182521087160262,1.8139218986658208,0.15970701508547747,1.0026464462280273,0.7791248559951782
h64_wd0.0001_s1,l4,31,0.0005,0.3193218293397323,0.724931538105011,0.9708584872159091,0.7127460168697282,1.9607389598902198,0.14969076573651172,1.0177652835845947,0.8143771290779114
h64_wd0.0001_s1,l4,32,0.0005,0.32761404371779895,0.6684823632240295,0.9754231770833334,0.7248125585754451,2.4570465712381058,0.1907707086390205,1.032912015914917,0.8413979411125183
h64_wd0.0001_s1,l4,33,0.0005,0.31467211635216424,0.7198950052261353,0.9776870265151516,0.7127460168697283,2.4535014149449745,0.17217666019979244,1.049147129058838,0.8617162704467773
h64_wd0.0001_s1,l4,34,0.0005,0.2811700824810111,0.7291655540466309,0.9824588660037878,0.7041940018744143,2.1576549697477008,0.1379137430839977,1.0630419254302979,0.8877391219139099
h64_wd0.0001_s1,l4,35,0.0005,0.27067294652047363,0.8062649369239807,0.978360262784091,0.7143861293345829,2.009891420318477,0.12779262768164798,1.0758620500564575,0.9225148558616638
h64_wd0.0001_s1,l4,36,0.0005,0.25980421706386236,0.8018625378608704,0.9813269412878788,0.7261012183692596,1.9931406082972354,0.1371833227787549,1.0885590314865112,0.9500440955162048
h64_wd0.0001_s1,l4,37,0.0005,0.24320162508798682,0.8800871968269348,0.9770951704545454,0.7152061855670103,2.254636292674916,0.14046840978138841,1.101688265800476,0.9828947186470032
h64_wd0.0001_s1,l4,38,0.0005,0.2956415252841037,0.7804051637649536,0.9858472419507576,0.7036082474226806,2.9959526380536468,0.20070874077341913,1.1158655881881714,0.9944844245910645
h64_wd0.0001_s1,l4,39,0.0005,0.25971635852171027,0.770942211151123,0.9852405894886365,0.7017338331771322,2.3177405251435204,0.13719308015404313,1.128772258758545,1.0183993577957153
h64_wd0.0001_s1,l4,40,0.0005,0.22575227397939432,0.7985755801200867,0.988088896780303,0.7159090909090909,2.222010367345394,0.13486679987396036,1.1407957077026367,1.044376015663147
h64_wd0.0001_s1,l5,1,0.0005,0.7055621797388251,0.6819276809692383,0.736741902926874,0.6651162790697674,0.7086681926662473,0.31369912806046873,0.20869286358356476,0.026994090527296066
h64_wd0.0001_s1,l5,2,0.0005,0.6750989068638195,0.6909525394439697,0.7327889408814265,0.6592411260709914,0.5972325888923509,0.2940542623165782,0.258113831281662,0.03264090418815613
h64_wd0.0001_s1,l5,3,0.0005,0.6668399491093375,0.6572531461715698,0.7674404379606692,0.7001223990208079,0.7389463949657537,0.35006424984713336,0.29858487844467163,0.030010804533958435
h64_wd0.0001_s1,l5,4,0.0005,0.652591507543217,0.6836602687835693,0.7518350307367649,0.7028151774785801,0.9829924350152264,0.49186545898548156,0.3398023545742035,0.034300796687603
h64_wd0.0001_s1,l5,5,0.0005,0.6336281949823553,0.636690616607666,0.7836957519038444,0.7159118727050183,0.7458524834212148,0.3565604129025362,0.373462975025177,0.03569059818983078
h64_wd0.0001_s1,l5,6,0.0005,0.6125426725907759,0.6318477988243103,0.8041028228889501,0.7093023255813954,0.763883727508523,0.33035321895622594,0.4159378409385681,0.05651771277189255
h64_wd0.0001_s1,l5,7,0.0005,0.5954817750237205,0.6191526651382446,0.8187295470532464,0.7177478580171359,0.9120015361908457,0.4001069360486873,0.4512695074081421,0.0777273178100586
h64_wd0.0001_s1,l5,8,0.0005,0.5757961625402624,0.6181443333625793,0.8346560846560848,0.7181150550795593,0.9777707734094432,0.33694486548299923,0.4913750886917114,0.10751748830080032
h64_wd0.0001_s1,l5,9,0.0005,0.5548993877389214,0.6503469347953796,0.8482811878765636,0.7233782129742962,1.0471184318981483,0.3725070208034241,0.527795135974884,0.12917563319206238
h64_wd0.0001_s1,l5,10,0.0005,0.5510511615059592,0.6429697275161743,0.8624491543566688,0.7194614443084455,1.0693956320465086,0.35743131721116017,0.5634012818336487,0.15059007704257965
h64_wd0.0001_s1,l5,11,0.0005,0.5276386521079324,0.6144002676010132,0.8692158301984894,0.7303549571603428,1.140325784672968,0.30698914033926544,0.5992568135261536,0.17212165892124176
h64_wd0.0001_s1,l5,12,0.0005,0.5153354189612649,0.6143988966941833,0.8863351377802245,0.7192166462668299,1.1635091054286806,0.3059529642289458,0.6287000775337219,0.19250954687595367
h64_wd0.0001_s1,l5,13,0.0005,0.5010723999955438,0.6253533363342285,0.8898293421414807,0.7193390452876377,1.389583564555973,0.3434151030321055,0.660200297832489,0.2210911363363266
h64_wd0.0001_s1,l5,14,0.0005,0.47648417949676514,0.6088652014732361,0.9016882282778236,0.7275397796817624,1.149497007353351,0.25491118384185135,0.6893383860588074,0.24852964282035828
h64_wd0.0001_s1,l5,15,0.0005,0.46597887033765967,0.720760703086853,0.901619414625195,0.7244798041615667,1.5024584571278274,0.3135890986700023,0.7179847955703735,0.2803119122982025
h64_wd0.0001_s1,l5,16,0.0005,0.5229865326122805,0.7144659161567688,0.9005719179129585,0.7149326805385557,2.0666889729086875,0.4181196525191348,0.7467498779296875,0.2874831259250641
h64_wd0.0001_s1,l5,17,0.0005,0.5095386654138565,0.6072359681129456,0.912262592898431,0.7307221542227662,1.7390293792391314,0.34298191484022844,0.7743333578109741,0.28424307703971863
h64_wd0.0001_s1,l5,18,0.0005,0.48808054761453107,0.6100117564201355,0.9149386793895464,0.7330477356181151,1.3846936444175262,0.29065282028691847,0.7962905168533325,0.3021755516529083
h64_wd0.0001_s1,l5,19,0.0005,0.4347897307439284,0.6396713256835938,0.9167966480105207,0.7296205630354957,1.1513537630997868,0.24687047528904416,0.815812349319458,0.33917683362960815
h64_wd0.0001_s1,l5,20,0.0005,0.41605852950703015,0.6951047778129578,0.9272104474416614,0.7384332925336597,1.4056301829643738,0.22738864175335924,0.8333919048309326,0.3634781837463379
h64_wd0.0001_s1,l5,21,0.0005,0.4246569844809445,0.6620326042175293,0.9341988561641741,0.7416156670746635,1.7843025777300487,0.30063375885603955,0.852788507938385,0.3805901110172272
h64_wd0.0001_s1,l5,22,0.0005,0.4085795852270993,0.6439164876937866,0.9403347401902314,0.7380660954712362,1.7928177243544445,0.2593424003795932,0.8722517490386963,0.405999094247818
h64_wd0.0001_s1,l5,23,0.0005,0.38249941034750506,0.6758166551589966,0.9405526500902222,0.7298653610771113,1.832309643632294,0.2205049196927148,0.8893555998802185,0.4318937361240387
h64_wd0.0001_s1,l5,24,0.0005,0.3620390133424239,0.6972052454948425,0.9469293819004801,0.7385556915544675,1.5539212939173432,0.2220333263492912,0.9065729379653931,0.46058952808380127
h64_wd0.0001_s1,l5,25,0.0005,0.3725203052163124,0.6509582996368408,0.9556534238615164,0.7323133414932681,1.8711384546595697,0.22103074641140025,0.9232821464538574,0.48480933904647827
h64_wd0.0001_s1,l5,26,0.0005,0.345784609968012,0.6673786044120789,0.9578401688228279,0.7357405140758874,1.8633136423269334,0.2109073775849667,0.9380604028701782,0.5106549263000488
h64_wd0.0001_s1,l5,27,0.0005,0.3353992504152385,0.7397409677505493,0.9627641679664801,0.7384332925336599,2.1622791122869516,0.2535921837746983,0.9532921314239502,0.5398964285850525
h64_wd0.0001_s1,l5,28,0.0005,0.3412485427477143,0.6679433584213257,0.966724775973331,0.7363525091799266,1.9582696475834316,0.22333038573455796,0.9693548083305359,0.5616195201873779
h64_wd0.0001_s1,l5,29,0.0005,0.36699281565167685,0.7032751441001892,0.9743477994923082,0.7217870257037944,2.711202319669698,0.25773803729609407,0.9847544431686401,0.5757575035095215
h64_wd0.0001_s1,l5,30,0.0005,0.3763115108013153,0.6873481869697571,0.9715035018503227,0.7283965728274173,2.593577768502246,0.2622694891551202,1.003346562385559,0.5842346549034119
h64_wd0.0001_s1,l5,31,0.0005,0.3328457095406272,0.6906192302703857,0.9732697189344588,0.7328029375764994,1.6593825417135064,0.1953192553672255,1.0191806554794312,0.6126660704612732
h64_wd0.0001_s1,l5,32,0.0005,0.3053647144274278,0.7140282988548279,0.9788206869131724,0.7281517747858017,2.1301602738101675,0.2179938034776112,1.0329490900039673,0.6465835571289062
h64_wd0.0001_s1,l5,33,0.0005,0.2869060764258558,0.7259772419929504,0.9801740220815365,0.7298653610771114,2.1302182121980717,0.17319553386736525,1.046641230583191,0.6813726425170898
h64_wd0.0001_s1,l5,34,0.0005,0.30294931544498965,0.8416320085525513,0.9809615561060647,0.7293757649938801,2.4519622150763616,0.21184949919517831,1.0592806339263916,0.7062338590621948
h64_wd0.0001_s1,l5,35,0.0005,0.2889264347878369,0.7556673288345337,0.9838823133620822,0.7165238678090575,2.367667624793609,0.1903394462787416,1.0734530687332153,0.7265183329582214
h64_wd0.0001_s1,l5,36,0.0005,0.274686415087093,0.7732896208763123,0.9870783252286144,0.7303549571603426,2.2385703228791636,0.17729918868547176,1.0867043733596802,0.7536056041717529
h64_wd0.0001_s1,l5,37,0.0005,0.23649279265241188,0.796977162361145,0.9866730892742452,0.7270501835985311,2.256575846287633,0.180509807923233,1.0991880893707275,0.7875247001647949
h64_wd0.0001_s1,l5,38,0.0005,0.24787788093090057,0.7841289639472961,0.9885387038566229,0.7200734394124847,2.28169574390027,0.15797327019810167,1.1113836765289307,0.8159077763557434
h64_wd0.0001_s1,l5,39,0.0005,0.23246053944934497,0.8649457097053528,0.990381380554791,0.7238678090575276,2.383362749373149,0.15337813332357866,1.123360276222229,0.8488091826438904
h64_wd0.0001_s1,l5,40,0.0005,0.2900244993242351,0.777435302734375,0.9873841636847418,0.7326805385556916,3.483845271289188,0.24391637946363104,1.1366033554077148,0.868853747844696
h64_wd0.0001_s1,l5,41,0.0005,0.2654092237353325,0.7971333861351013,0.9906872190109184,0.7182374541003672,2.4055149560836124,0.16503265487223065,1.1491024494171143,0.8901978731155396
h64_wd0.0001_s1,l6,1,0.0005,0.7043896976270174,0.7047245502471924,0.5820929276315789,0.5407467532467533,0.6619771951773595,0.33468323652417825,0.20941655337810516,0.02173050120472908
h64_wd0.0001_s1,l6,2,0.0005,0.6918013095855713,0.6857553720474243,0.6612870065789473,0.5909090909090909,0.5949266983447566,0.3369227036046572,0.24431820213794708,0.032401978969573975
h64_wd0.0001_s1,l6,3,0.0005,0.6768451584012884,0.6811997294425964,0.7661698190789474,0.6701298701298701,0.40423062515379693,0.2101808977783675,0.264019250869751,0.029985075816512108
h64_wd0.0001_s1,l6,4,0.0005,0.6665580837350142,0.6727656722068787,0.7361122532894737,0.6431818181818182,0.5770835049152105,0.31391300219885254,0.2882210910320282,0.02571512758731842
h64_wd0.0001_s1,l6,5,0.0005,0.662248178532249,0.6704919338226318,0.7794716282894738,0.6857142857142857,0.5387185955439541,0.2581298103986499,0.31521371006965637,0.02974650077521801
h64_wd0.0001_s1,l6,6,0.0005,0.6557764473714327,0.6773550510406494,0.7852487664473684,0.677435064935065,0.5930062257252106,0.27149276351134505,0.3494969606399536,0.04222569614648819
h64_wd0.0001_s1,l6,7,0.0005,0.6317798746259589,0.6492817997932434,0.7934313322368421,0.6857142857142858,0.6281142182478548,0.2571081373795613,0.38636514544487,0.06393688172101974
h64_wd0.0001_s1,l6,8,0.0005,0.6184505632049159,0.6484352350234985,0.8055098684210525,0.6949675324675325,0.8710803129773675,0.4141328722473299,0.4250732958316803,0.08498715609312057
h64_wd0.0001_s1,l6,9,0.0005,0.6132234115349618,0.6440431475639343,0.8210731907894737,0.700487012987013,0.932871930349925,0.3833470271529474,0.4616614580154419,0.10655149072408676
h64_wd0.0001_s1,l6,10,0.0005,0.58934044524243,0.6360848546028137,0.8307668585526315,0.7032467532467532,0.8694663243163624,0.3061672694025118,0.4901612102985382,0.12483975291252136
h64_wd0.0001_s1,l6,11,0.0005,0.5936356563317148,0.6398798227310181,0.8498869243421053,0.69237012987013,1.1976313362298256,0.40534979166808077,0.5197454690933228,0.14534737169742584
h64_wd0.0001_s1,l6,12,0.0005,0.6232661448026958,0.6499054431915283,0.8470703125,0.6987012987012986,1.0905173398976369,0.3853539560598651,0.5460761785507202,0.14347301423549652
h64_wd0.0001_s1,l6,13,0.0005,0.572745901973624,0.6433078646659851,0.8470805921052632,0.6925324675324676,0.8129075171791823,0.2524678658980352,0.56638103723526,0.15567828714847565
h64_wd0.0001_s1,l6,14,0.0005,0.5566925171174502,0.6232849955558777,0.8650801809210527,0.7032467532467533,0.8986085185085733,0.24430783889114074,0.5869885683059692,0.18344248831272125
h64_wd0.0001_s1,l6,15,0.0005,0.5301442773718583,0.6248368620872498,0.8746504934210526,0.7051948051948052,1.074166737257705,0.269575913506416,0.6085342764854431,0.21137374639511108
h64_wd0.0001_s1,l6,16,0.0005,0.5173079010687376,0.6339951753616333,0.8818050986842105,0.7032467532467532,1.020592943997226,0.23895941801986853,0.6277806162834167,0.23765890300273895
h64_wd0.0001_s1,l6,17,0.0005,0.503765416772742,0.6224489212036133,0.8949218749999999,0.7073051948051948,1.1631635528245632,0.2288670503545052,0.6484543085098267,0.26804396510124207
h64_wd0.0001_s1,l6,18,0.0005,0.475515930276168,0.6450207233428955,0.895836759868421,0.7087662337662338,1.1646425580638902,0.23947903807572138,0.6681594252586365,0.3020208775997162
h64_wd0.0001_s1,l6,19,0.0005,0.4945862999087886,0.7310722470283508,0.9027549342105262,0.6849025974025974,1.4531714848312534,0.3333380828037522,0.685846209526062,0.3247743546962738
h64_wd0.0001_s1,l6,20,0.0005,0.48813145254787643,0.6329951882362366,0.917115542763158,0.7037337662337662,1.810003061049408,0.25469135470933785,0.7051812410354614,0.34156230092048645
h64_wd0.0001_s1,l6,21,0.0005,0.4615409138955568,0.6411461234092712,0.9161287006578948,0.702922077922078,1.3787473325382644,0.22969447705490384,0.7230271697044373,0.36784592270851135
h64_wd0.0001_s1,l6,22,0.0005,0.44885462836215373,0.7165650725364685,0.9222553453947369,0.7097402597402598,1.6868858027934512,0.2479579940990959,0.7394423484802246,0.3913974463939667
h64_wd0.0001_s1,l6,23,0.0005,0.4655794344450298,0.6374505758285522,0.9293071546052631,0.711038961038961,1.4665216848151406,0.2580310978905883,0.7561830878257751,0.4143073558807373
h64_wd0.0001_s1,l6,24,0.0005,0.46378242342095627,0.7641934156417847,0.9352076480263158,0.6964285714285714,2.31589494804645,0.3297849090400103,0.7737026810646057,0.43122541904449463
h64_wd0.0001_s1,l6,25,0.0005,0.4809918293827458,0.6342142224311829,0.9337479440789473,0.7060064935064935,1.9298691020883758,0.2888499355369547,0.7908573150634766,0.43693259358406067
h64_wd0.0001_s1,l6,26,0.0005,0.43387242994810404,0.7057109475135803,0.9327713815789472,0.7060064935064935,1.4988842847750041,0.2539591839239302,0.8051557540893555,0.45761486887931824
h64_wd0.0001_s1,l6,27,0.0005,0.42212531127427755,0.6389360427856445,0.9441611842105264,0.7082792207792208,1.6385734693856127,0.20418221122151795,0.8194729685783386,0.48211848735809326
h64_wd0.0001_s1,l6,28,0.0005,0.39999140093201085,0.6383301019668579,0.9457442434210527,0.7136363636363636,1.6655968607374778,0.2294177252291858,0.8325797319412231,0.5146700143814087
h64_wd0.0001_s1,l6,29,0.0005,0.37148475490118327,0.6666549444198608,0.9502672697368422,0.709577922077922,1.3953907802983534,0.17945213305060725,0.8443576693534851,0.5474293828010559
h64_wd0.0001_s1,l6,30,0.0005,0.35113739261501714,0.6575661897659302,0.9542146381578948,0.7045454545454545,1.4537938141280489,0.1618974414277444,0.8570622205734253,0.5813859105110168
h64_wd0.0001_s1,l6,31,0.0005,0.33847504932629435,0.6861127614974976,0.9564144736842106,0.7136363636363637,1.8621011275407884,0.19168516315935846,0.8698723912239075,0.6139296889305115
h64_wd0.0001_s1,l6,32,0.0005,0.3396740367538051,0.7155430316925049,0.9582956414473685,0.7077922077922079,1.7548583082188445,0.16442992427472933,0.883431613445282,0.644094705581665
h64_wd0.0001_s1,l6,33,0.0005,0.3628374989095487,0.6493510007858276,0.9657380756578947,0.709577922077922,2.000129856854334,0.17288940248138807,0.896277904510498,0.6694747805595398
h64_wd0.0001_s1,l6,34,0.0005,0.3249206362586272,0.6885467767715454,0.9703947368421052,0.7076298701298701,1.8583862858278501,0.1521534701380281,0.909077525138855,0.6980702877044678
h64_wd0.0001_s1,l6,35,0.0005,0.33477116964365305,0.687892735004425,0.9723478618421053,0.7068181818181818,1.9388505863835301,0.14536050945439147,0.921165406703949,0.7246015667915344
h64_wd0.0001_s1,l6,36,0.0005,0.30385539249369975,0.7356311082839966,0.9716899671052632,0.7022727272727274,1.674117829677678,0.1409196622641323,0.9330062866210938,0.7529138326644897
h64_wd0.0001_s1,l6,37,0.0005,0.3000853900846682,0.7693512439727783,0.9758223684210525,0.7139610389610389,2.2135959886565737,0.14497849420525855,0.9445075392723083,0.7794067859649658
h64_wd0.0001_s1,l6,38,0.0005,0.3415653148764058,0.659898042678833,0.9740234375000001,0.7097402597402597,2.951079525283944,0.20691156950763978,0.9572867155075073,0.7959893941879272
h64_wd0.0001_s1,l6,39,0.0005,0.3115960430157812,0.729834794998169,0.9743935032894736,0.7128246753246753,2.3339791186486054,0.17773337476619608,0.9699482321739197,0.8261356949806213
h64_wd0.0001_s1,l6,40,0.0005,0.27865123748779297,0.7412804961204529,0.9771073190789473,0.7120129870129871,1.8368132763406748,0.1390617912236506,0.9810003042221069,0.8582461476325989
h64_wd0.0001_s1,l6,41,0.0005,0.2901676007007298,0.7480793595314026,0.9817228618421053,0.7032467532467532,2.4707342077325127,0.1573977091993196,0.991759181022644,0.8830584287643433
h64_wd0.0001_s1,l6,42,0.0005,0.27091588001502187,0.8215513825416565,0.9824732730263158,0.7094155844155844,1.9503828173606639,0.13716431749994643,1.0022172927856445,0.9142275452613831
h64_wd0.0001_s1,l6,43,0.0005,0.2503129047782798,0.7222442626953125,0.984508634868421,0.7089285714285715,2.19816632691222,0.12964646291665569,1.0131373405456543,0.9461444020271301
h64_wd0.0001_s1,l6,44,0.0005,0.23336388719709297,0.7463845014572144,0.9844675164473684,0.7097402597402598,1.891217425625009,0.129710658499219,1.022970199584961,0.9766492247581482
h64_wd0.0001_s1,l6,45,0.0005,0.28073595934792567,0.7257629036903381,0.9842516447368421,0.7144480519480519,2.7065971307471854,0.1414762651704875,1.0332878828048706,1.0014160871505737
h64_wd0.0001_s1,l6,46,0.0005,0.2915805554703662,0.7628770470619202,0.9818359375,0.7017857142857142,3.0234988418052025,0.1707213341960869,1.0446444749832153,1.0166703462600708
h64_wd0.0001_s1,l6,47,0.0005,0.3000249525434093,0.7050272822380066,0.9820312499999999,0.7055194805194805,2.5825225774020493,0.1595760047946361,1.0572733879089355,1.0363835096359253
h64_wd0.0001_s1,l6,48,0.0005,0.26489183385121196,0.7524244785308838,0.9859477796052631,0.7027597402597403,2.400498512790967,0.12186297469799623,1.0674277544021606,1.0670452117919922
h64_wd0.0001_s1,l6,49,0.0005,0.26145231488503906,0.6960135698318481,0.9924342105263158,0.7269480519480519,2.7969986815383048,0.1379077112426735,1.0765001773834229,1.0906338691711426
h64_wd0.0001_s1,l6,50,0.0005,0.22426437233623706,0.7786968946456909,0.9910875822368421,0.7061688311688312,2.1756353698030786,0.10909330972216456,1.0856201648712158,1.1166486740112305
h64_wd0.0001_s1,l6,51,0.0005,0.20986222985543704,0.8731029629707336,0.9894017269736842,0.7017857142857142,2.3736211092942145,0.10529196413395436,1.0941314697265625,1.1419445276260376
h64_wd0.0001_s1,l6,52,0.0005,0.2185806647727364,0.7619301676750183,0.9949218750000001,0.7099025974025974,2.86872790979929,0.12023906517750647,1.1013883352279663,1.164435625076294
h64_wd0.0001_s1,l6,53,0.0005,0.2371971285656879,0.9152306914329529,0.9926398026315788,0.7017857142857142,3.1820276379204615,0.1527630774807835,1.109428882598877,1.1786125898361206
h64_wd0.0001_s1,l6,54,0.0005,0.24404070722429375,0.7348058819770813,0.9927734375,0.7003246753246752,2.94485642357411,0.11561306423762495,1.1196637153625488,1.1863329410552979
h64_wd0.0001_s1,l6,55,0.0005,0.2761642548598741,0.7343843579292297,0.9944181743421052,0.708116883116883,2.8863184267078026,0.13150444024681504,1.128736972808838,1.2088209390640259
h64_wd0.0001_s1,l6,56,0.0005,0.2330909700770127,0.7842893004417419,0.9974198190789475,0.7030032467532468,3.1825845199378677,0.13985899682050185,1.137401819229126,1.22981858253479
h64_wd0.0001_s1,l6,57,0.0005,0.2190820535546855,0.8368351459503174,0.9947471217105263,0.709090909090909,2.22385334841472,0.12024487760805555,1.1467509269714355,1.2504950761795044
h64_wd0.0001_s1,l6,58,0.0005,0.19641774853593424,0.8385310769081116,0.9941509046052632,0.7056818181818182,2.26160504495171,0.0884527563930711,1.1542062759399414,1.2763478755950928
h64_wd0.0001_s1,l6,59,0.0005,0.20101533320389295,0.7641716003417969,0.9950555098684211,0.7077922077922079,3.083172885649308,0.10889221618601778,1.1611199378967285,1.2989587783813477
h64_wd0.0001_s1,l6,60,0.0005,0.19886408432533867,0.887649655342102,0.9950657894736843,0.7212662337662339,2.733026561910294,0.11098311644704516,1.1682411432266235,1.3227506875991821
h64_wd0.0001_s1,l6,61,0.0005,0.20783399045467377,0.8352634906768799,0.9939041940789473,0.7248376623376621,3.298554826107498,0.11962912980607325,1.1753772497177124,1.3404062986373901
h64_wd0.0001_s1,l6,62,0.0005,0.19088822760080038,0.9031561613082886,0.9962582236842105,0.7077922077922079,2.685544458186552,0.10260941433208433,1.1828088760375977,1.3640406131744385
h64_wd0.0001_s1,l6,63,0.0005,0.17514109101734662,0.9389617443084717,0.9954050164473685,0.7118506493506493,2.5033055203828662,0.08526377143841957,1.1892468929290771,1.3866050243377686
h64_wd0.0001_s1,l6,64,0.0005,0.17014788836240768,1.0288206338882446,0.9942331414473684,0.7000000000000001,2.3132772817900924,0.09286742973308625,1.1959617137908936,1.4059510231018066
h64_wd0.0001_s1,l6,65,0.0005,0.17527872010281212,1.070031762123108,0.9951891447368421,0.7021103896103896,2.9816200855305626,0.11414929856290079,1.2028955221176147,1.4260483980178833
h64_wd0.0001_s1,l6,66,0.0005,0.1663095982451188,0.9731712341308594,0.9972347861842106,0.701461038961039,2.9863347232833424,0.10156613212568374,1.2102147340774536,1.4457820653915405
h64_wd0.0001_s1,l6,67,0.0005,0.14320238169870877,0.9942401647567749,0.9972964638157895,0.7107142857142856,2.2291387960845195,0.07589210353862272,1.2155263423919678,1.4707585573196411
h64_wd0.0001_s1,l6,68,0.0005,0.133138733082696,0.9866018891334534,0.9987767269736842,0.6954545454545454,2.3168512119779514,0.07257869943803419,1.2207579612731934,1.4941966533660889
h64_wd0.0001_s1,l6,69,0.0005,0.15591588067381004,0.9630829691886902,0.9970086348684211,0.6977272727272728,2.507835191221801,0.07665519832978678,1.226211667060852,1.5154355764389038
h64_wd0.0001_s1,l7,1,0.0005,0.693586616412453,0.684882402420044,0.7236474830264394,0.6690487347703843,0.5680307831027326,0.27415809080676445,0.2123016119003296,0.02546062134206295
h64_wd0.0001_s1,l7,2,0.0005,0.6781574565431346,0.6810426712036133,0.7601563714710913,0.6715089034676662,0.4374086556887583,0.2592226061951664,0.25546079874038696,0.02205508202314377
h64_wd0.0001_s1,l7,3,0.0005,0.6686653365259585,0.6680154204368591,0.761940723958449,0.6824039362699156,0.5444408485944435,0.27181850951525366,0.3006947636604309,0.025861429050564766
h64_wd0.0001_s1,l7,4,0.0005,0.664694052675496,0.6806910037994385,0.7606968599838594,0.6537019681349578,0.6281038093208685,0.3067963458824314,0.34624743461608887,0.03336222469806671
h64_wd0.0001_s1,l7,5,0.0005,0.6439194135043932,0.6596918702125549,0.781798123838505,0.6834582942830365,0.7019430875121483,0.34400971057691837,0.3881157636642456,0.04680490493774414
h64_wd0.0001_s1,l7,6,0.0005,0.6288551662279211,0.6397606730461121,0.7876546500521979,0.7058341143392689,0.6878708433717282,0.30691801838386723,0.42410075664520264,0.06581594794988632
h64_wd0.0001_s1,l7,7,0.0005,0.6019479139991428,0.6332424879074097,0.7953325485143972,0.7146204311152764,0.6785687472924655,0.26642507310897195,0.46049177646636963,0.09422938525676727
h64_wd0.0001_s1,l7,8,0.0005,0.6075292411057845,0.6273395419120789,0.8122061556458837,0.719892221180881,0.7984482120207018,0.29316881899158825,0.4937279522418976,0.10777115076780319
h64_wd0.0001_s1,l7,9,0.0005,0.5849415374838788,0.6402220129966736,0.8265920348281912,0.7155576382380506,0.7217633350277607,0.2125295053536372,0.5273178815841675,0.13436387479305267
h64_wd0.0001_s1,l7,10,0.0005,0.5640541224376016,0.6362764239311218,0.8315230670131717,0.7340674789128397,1.058769594164619,0.36555195120782735,0.5590992569923401,0.16563326120376587
h64_wd0.0001_s1,l7,11,0.0005,0.5772270780542622,0.6153198480606079,0.8528612573391676,0.7300843486410497,1.124838106884151,0.37750595647152346,0.5874366760253906,0.16650007665157318
h64_wd0.0001_s1,l7,12,0.0005,0.5456388644550157,0.6121799349784851,0.8584956649859694,0.7378163074039362,0.9130568170681904,0.24809017145692994,0.6136854290962219,0.19069281220436096
h64_wd0.0001_s1,l7,13,0.0005,0.5365909039974213,0.6044988036155701,0.868335517499241,0.7466026241799437,1.0324561625172017,0.2531507626204872,0.6384028792381287,0.21961045265197754
h64_wd0.0001_s1,l7,14,0.0005,0.5165890520033629,0.6016117334365845,0.8763836135729254,0.7497656982193065,1.2763643584578745,0.2875970624423639,0.6637308597564697,0.2513125538825989
h64_wd0.0001_s1,l7,15,0.0005,0.4936336680598881,0.6007399559020996,0.8890221600290233,0.7477741330834113,1.0278572020952352,0.21097733498491938,0.6874122619628906,0.2866496741771698
h64_wd0.0001_s1,l7,16,0.0005,0.49000857964805933,0.5973141193389893,0.8954265787077141,0.7583177132146204,1.2517304873757646,0.23178379161713322,0.7113727927207947,0.3258967399597168
h64_wd0.0001_s1,l7,17,0.0005,0.4945912996064062,0.5980579257011414,0.8978994987524341,0.7584348641049672,1.4286222815110075,0.2634492037382943,0.7405692934989929,0.3491919934749603
h64_wd0.0001_s1,l7,18,0.0005,0.47281483722769696,0.6140235066413879,0.9048740217528117,0.757029053420806,1.117455843996045,0.2043200817387376,0.7642740607261658,0.38063549995422363
h64_wd0.0001_s1,l7,19,0.0005,0.4572183269521464,0.5857385396957397,0.922006767212338,0.7621836925960638,1.3459693477020265,0.20760095429883782,0.7841408848762512,0.41103437542915344
h64_wd0.0001_s1,l7,20,0.0005,0.44502704169439233,0.5932533144950867,0.9220141711645676,0.7656982193064668,1.3219238085489255,0.21483330420081173,0.8056784272193909,0.45714232325553894
h64_wd0.0001_s1,l7,21,0.0005,0.42373015958329907,0.6931273341178894,0.919904044779103,0.7400421743205248,1.7062095051178883,0.23973093235817988,0.8248979449272156,0.4911324679851532
h64_wd0.0001_s1,l7,22,0.0005,0.46110732918200287,0.6223257780075073,0.9376291064170054,0.7648781630740393,2.177212071542807,0.236510299163845,0.8446818590164185,0.5161930322647095
h64_wd0.0001_s1,l7,23,0.0005,0.43307328742483386,0.5774133801460266,0.9364740898691722,0.7672211808809747,1.9683532034550673,0.21861460179762432,0.862655758857727,0.5374799966812134
h64_wd0.0001_s1,l7,24,0.0005,0.4384589363699374,0.6500370502471924,0.9338753026365474,0.7592549203373945,2.13062203169903,0.2216638236415833,0.8794721961021423,0.5663514733314514
h64_wd0.0001_s1,l7,25,0.0005,0.39337069184883783,0.585177481174469,0.9429599520223896,0.7694470477975632,1.5155402285684996,0.1788113798067268,0.8940293192863464,0.5938080549240112
h64_wd0.0001_s1,l7,26,0.0005,0.38985415256541706,0.6307764649391174,0.9444851661817077,0.7526944704779756,1.8022262241460247,0.19097191470508226,0.9070287346839905,0.6292510032653809
h64_wd0.0001_s1,l7,27,0.0005,0.35811392768569617,0.635383665561676,0.9524518187808653,0.7604264292408622,1.510629879309999,0.14855949515418382,0.9198116660118103,0.6689699292182922
h64_wd0.0001_s1,l7,28,0.0005,0.3751051983107691,0.6205818057060242,0.9476984814493977,0.7683926897844424,2.1663744965463234,0.18239688416658578,0.934928834438324,0.7058272957801819
h64_wd0.0001_s1,l7,29,0.0005,0.3673023581504822,0.6232454776763916,0.9576345853416554,0.7642924086223056,1.6744345591701146,0.17115837147879956,0.9478737115859985,0.7376675009727478
h64_wd0.0001_s1,l7,30,0.0005,0.3448907460855401,0.6379383206367493,0.9636095747910234,0.766049671977507,1.7676717541864857,0.16329102021262812,0.961243748664856,0.7793649435043335
h64_wd0.0001_s1,l7,31,0.0005,0.31543979243091913,0.7100514769554138,0.9664304805905393,0.7538659793814434,2.0700531187905065,0.16001181541411344,0.9727001190185547,0.8149530291557312
h64_wd0.0001_s1,l7,32,0.0005,0.3392192902772323,0.6525220274925232,0.9739603000081443,0.7624179943767573,2.70514513101663,0.17190334942543925,0.9851674437522888,0.837204098701477
h64_wd0.0001_s1,l7,33,0.0005,0.3056898304949636,0.6869409680366516,0.9708358321672108,0.7631208997188379,2.3241053168986703,0.14931348706788186,0.9969894886016846,0.8671274781227112
h64_wd0.0001_s1,l7,34,0.0005,0.3160262010667635,0.725908100605011,0.9707988124060624,0.7599578256794753,2.269120824475084,0.14706628927391718,1.0102070569992065,0.9012837409973145
h64_wd0.0001_s1,l7,35,0.0005,0.3269057960613914,0.607370138168335,0.9766997623331335,0.771087160262418,2.515157537390565,0.15939845444514283,1.0230928659439087,0.9317376613616943
h64_wd0.0001_s1,l7,36,0.0005,0.32442877214887866,0.6296942830085754,0.9814012719989931,0.7619493908153702,2.5698379405984295,0.15466699432360806,1.0354257822036743,0.9599713683128357
h64_wd0.0001_s1,l7,37,0.0005,0.3036328631898631,0.6365975141525269,0.9758853275878665,0.7688612933458294,2.3145637821088454,0.13910077401662913,1.0470988750457764,0.9894596934318542
h64_wd0.0001_s1,l7,38,0.0005,0.2966259750335113,0.6244191527366638,0.9827487913047985,0.7656982193064668,2.5304908077185764,0.15066353971565458,1.0586624145507812,1.022672414779663
h64_wd0.0001_s1,l7,39,0.0005,0.28214611825735675,0.6416674256324768,0.9850958441616134,0.7586691658856608,2.4663541131396385,0.16028033398705704,1.0699257850646973,1.0617338418960571
h64_wd0.0001_s1,l7,40,0.0005,0.27463831655357196,0.684543788433075,0.9849181493081006,0.7526944704779757,2.877384982046937,0.15268258111764696,1.0809640884399414,1.0934995412826538
h64_wd0.0001_s1,l7,41,0.0005,0.2474221123949341,0.7324399948120117,0.9869801500040722,0.7546860356138707,2.441564467565473,0.14050964574032773,1.0912995338439941,1.1278563737869263
h64_wd0.0001_s1,l7,42,0.0005,0.26483921253162884,0.7333210110664368,0.9869912559324167,0.7426194939081537,2.7031689823404985,0.12595646178838696,1.1018108129501343,1.1627848148345947
h64_wd0.0001_s1,l7,43,0.0005,0.2631102197844049,0.6726464033126831,0.9890717665089624,0.7470712277413308,2.7618224649160537,0.12117378594153619,1.1127468347549438,1.1981878280639648
h64_wd0.0001_s1,l7,44,0.0005,0.2613459582562032,0.650014340877533,0.9903082265313223,0.7497656982193065,2.5660490664340183,0.12647677188444692,1.124139428138733,1.2335245609283447
h64_wd0.0001_s1,l7,45,0.0005,0.2595486440088438,0.7040665745735168,0.9917075735027358,0.7548031865042174,2.8582194324384824,0.12951014834835203,1.1346068382263184,1.2711341381072998
h64_wd0.0001_s1,l7,46,0.0005,0.2302233434241751,0.7891876101493835,0.9914928588880745,0.755506091846298,2.5102104700257444,0.11580899860204345,1.1441360712051392,1.3074918985366821
h64_wd0.0001_s1,l7,47,0.0005,0.253015944491262,0.7331385612487793,0.9924109489645572,0.7553889409559513,3.412575255111277,0.13853862574068013,1.1543673276901245,1.3405569791793823
h64_wd0.0001_s1,l7,48,0.0005,0.24695477343123892,0.7735942006111145,0.9884276226649786,0.7422680412371134,2.9977572240909702,0.12246449809284579,1.1647893190383911,1.3741886615753174
h64_wd0.0001_s1,l7,49,0.0005,0.2969644659239313,0.6876476407051086,0.9905007292892947,0.7439081537019682,4.189303398118539,0.16108999351507816,1.1755605936050415,1.4000155925750732
h64_wd0.0001_s1,l7,50,0.0005,0.2624905854463577,0.7673559784889221,0.9922258501588148,0.7419165885660731,2.9553292409560186,0.1272685048776071,1.1865546703338623,1.4345626831054688
h64_wd0.0001_s1,l7,51,0.0005,0.2232433184981346,0.7559895515441895,0.9929736493340146,0.7522258669165885,2.860062761393943,0.1084047239110048,1.1953959465026855,1.4680793285369873
h64_wd0.0001_s1,l7,52,0.0005,0.2076824365750603,0.7471396923065186,0.9962091764583935,0.7549203373945642,2.656037511727334,0.09882334107400734,1.203542947769165,1.5089954137802124
h64_wd0.0001_s1,l7,53,0.0005,0.23477787524461746,0.7756943106651306,0.9925590280091513,0.7491799437675727,3.1174435549446984,0.10495440845396031,1.2114993333816528,1.5445133447647095
h64_wd0.0001_s1,l7,54,0.0005,0.2469056446267211,0.7565668821334839,0.9938176998882002,0.7546860356138706,3.3264605389646205,0.12202066388807321,1.2188162803649902,1.5650370121002197
h64_wd0.0001_s1,l7,55,0.0005,0.22662967378678528,0.7471222877502441,0.996964379585823,0.7492970946579195,3.112187564880241,0.10351165145240877,1.2259148359298706,1.5982398986816406
h64_wd0.0001_s1,l8,1,0.0005,0.7010141285982999,0.689417839050293,0.7017176372015081,0.630092879256966,0.47456054022766936,0.2384313399867345,0.20753318071365356,0.029691215604543686
h64_wd0.0001_s1,l8,2,0.0005,0.6864615245298906,0.6868366003036499,0.7350075253301059,0.6511455108359133,0.2858476704191637,0.15939936395240462,0.24691042304039001,0.03538241609930992
h64_wd0.0001_s1,l8,3,0.0005,0.6775553199377927,0.6785950660705566,0.7532002048131081,0.661795665634675,0.34849271372170726,0.1993727322869118,0.27626556158065796,0.040451303124427795
h64_wd0.0001_s1,l8,4,0.0005,0.6661904400045221,0.6804368495941162,0.7551164486648358,0.6639009287925697,0.5440781292390838,0.2813952991085882,0.31016138195991516,0.05719370394945145
h64_wd0.0001_s1,l8,5,0.0005,0.6497075937011025,0.6596577763557434,0.7690732206861239,0.6688544891640866,0.5886883692347931,0.27564641719196203,0.34873145818710327,0.08352357149124146
h64_wd0.0001_s1,l8,6,0.0005,0.6361946653236042,0.6548271179199219,0.7772812611522288,0.6694736842105264,0.6881100744280702,0.282433338846775,0.3915133476257324,0.1182837039232254
h64_wd0.0001_s1,l8,7,0.0005,0.626501814885573,0.649516224861145,0.7913311300408075,0.6775232198142415,0.7306651774772841,0.27334345331518467,0.42356595396995544,0.14489629864692688
h64_wd0.0001_s1,l8,8,0.0005,0.6062255068258806,0.673576295375824,0.7992753960495895,0.6733126934984521,0.8263394111659362,0.3007398665129071,0.45160263776779175,0.1753949224948883
h64_wd0.0001_s1,l8,9,0.0005,0.6002164672721516,0.638411819934845,0.8242331145556951,0.6895356037151703,0.8260836557055907,0.2509348960428407,0.4806893765926361,0.20280422270298004
h64_wd0.0001_s1,l8,10,0.0005,0.5770142349329862,0.6454047560691833,0.8379881766978541,0.6907739938080495,1.1028624603053983,0.335395942516546,0.5056384205818176,0.2367410957813263
h64_wd0.0001_s1,l8,11,0.0005,0.5830061815001748,0.6333627700805664,0.8487641390867197,0.6974613003095975,1.1179841230305572,0.28911879052718975,0.5281732678413391,0.24912168085575104
h64_wd0.0001_s1,l8,12,0.0005,0.5628357732837851,0.6712679266929626,0.8492528976399945,0.6894117647058824,1.2411414363275937,0.292941965723748,0.5515796542167664,0.2780300974845886
h64_wd0.0001_s1,l8,13,0.0005,0.5337984589013186,0.640681266784668,0.8603391829198281,0.6969659442724458,0.9569474945499096,0.22705967670597615,0.5737484693527222,0.3131037950515747
h64_wd0.0001_s1,l8,14,0.0005,0.5318996879187498,0.6453922986984253,0.876095827708731,0.7020433436532507,1.2372096585821752,0.2330841272007781,0.5910844206809998,0.346119225025177
h64_wd0.0001_s1,l8,15,0.0005,0.5147600092671134,0.6790676712989807,0.8795714440875732,0.7057585139318886,1.1718157726227387,0.2056341557372428,0.6105393171310425,0.37831199169158936
h64_wd0.0001_s1,l8,16,0.0005,0.533204353668473,0.6773616075515747,0.8834039317910286,0.7020433436532508,1.383566843364877,0.21668356159913815,0.6303560733795166,0.4024748206138611
h64_wd0.0001_s1,l8,17,0.0005,0.5661743527108972,0.6530798077583313,0.8909680522583749,0.7027863777089783,1.61804205501235,0.2836395005442618,0.6493517756462097,0.39976632595062256
h64_wd0.0001_s1,l8,18,0.0005,0.5288282267071984,0.6264492273330688,0.8979968657388013,0.7126934984520125,1.1562351735963716,0.18364255280617936,0.6694560647010803,0.42793676257133484
h64_wd0.0001_s1,l8,19,0.0005,0.4756326661868529,0.6489081978797913,0.9016354016354017,0.7136842105263158,1.0786072643705074,0.17792632766655228,0.6863870024681091,0.47273552417755127
h64_wd0.0001_s1,l8,20,0.0005,0.44049501012672077,0.6643273830413818,0.9114881534236373,0.7098452012383901,1.3182015201694737,0.18780243574409752,0.701591968536377,0.5136184096336365
h64_wd0.0001_s1,l8,21,0.0005,0.4557981477542357,0.6687251329421997,0.9151111731756892,0.7086068111455108,1.650129410813807,0.21763824054509842,0.7175382375717163,0.5455762147903442
h64_wd0.0001_s1,l8,22,0.0005,0.43845986371690576,0.6750320196151733,0.9211469534050181,0.7143034055727555,1.7388499875517534,0.1816567058332932,0.7320693135261536,0.5795495510101318
h64_wd0.0001_s1,l8,23,0.0005,0.4308433519168334,0.6688111424446106,0.9278887182112988,0.7125696594427245,1.4606466801846791,0.17522283845432843,0.7467681169509888,0.6155176758766174
h64_wd0.0001_s1,l8,24,0.0005,0.421179016882723,0.6785716414451599,0.935375257955903,0.7155417956656347,1.8841544667600154,0.18932049435233134,0.7620075345039368,0.6412233710289001
h64_wd0.0001_s1,l8,25,0.0005,0.3998648768121546,0.6865319609642029,0.9390370680693262,0.7203715170278637,1.5914929148299182,0.1668483742416158,0.7774779796600342,0.6760825514793396
h64_wd0.0001_s1,l8,26,0.0005,0.38279651376334106,0.6862708330154419,0.9453211066114292,0.7187616099071208,1.7896541346445167,0.1680045372683726,0.7910354137420654,0.7145207524299622
h64_wd0.0001_s1,l8,27,0.0005,0.3738992756063288,0.7014728784561157,0.9515585967198871,0.72,1.8002924026170375,0.15124423844328563,0.8046865463256836,0.7530224919319153
h64_wd0.0001_s1,l8,28,0.0005,0.35159789432178845,0.6913012266159058,0.9625285109156078,0.7129411764705883,1.6689430455886076,0.14241400080484043,0.8178057074546814,0.7910849452018738
h64_wd0.0001_s1,l8,29,0.0005,0.37089564583518286,0.6834343671798706,0.9558643268320687,0.7244582043343654,2.231617250319355,0.1603228819175511,0.833362340927124,0.8321285247802734
h64_wd0.0001_s1,l8,30,0.0005,0.36776708472858777,0.6874697208404541,0.9657015624757561,0.7157894736842106,2.476127737793711,0.17672073295289506,0.8479655981063843,0.8624131679534912
h64_wd0.0001_s1,l8,31,0.0005,0.33389242535287683,0.721000611782074,0.963273285853931,0.7192569659442726,1.734890294171675,0.13120063040769028,0.8630974292755127,0.9013794660568237
h64_wd0.0001_s1,l8,32,0.0005,0.3364905904639851,0.7562128901481628,0.9686185976508557,0.7139318885448916,2.11206400850031,0.13490401532107033,0.8767468929290771,0.9402564167976379
h64_wd0.0001_s1,l8,33,0.0005,0.31954470547762787,0.8123955726623535,0.9664928858477245,0.712074303405573,2.2197833453404296,0.13001554537821083,0.8892038464546204,0.9806722402572632
h64_wd0.0001_s1,l8,34,0.0005,0.3011041960932992,0.8320409059524536,0.9731493118589893,0.7118266253869968,2.378377519838954,0.13408020611614577,0.9016095995903015,1.0201995372772217
h64_wd0.0001_s1,l8,35,0.0005,0.3109460669485005,0.8085583448410034,0.9777498487175906,0.7078637770897833,2.731057910682301,0.15230521172903258,0.9130001068115234,1.0521504878997803
h64_wd0.0001_s1,l8,36,0.0005,0.31617109883915295,0.7762283086776733,0.9774783161879936,0.7131888544891641,2.96673550975962,0.1568356612912918,0.9260198473930359,1.070460319519043
h64_wd0.0001_s1,l8,37,0.0005,0.29660434885458514,0.8914995789527893,0.9722416174029077,0.716532507739938,2.4192192271187216,0.13516980176305315,0.9366636276245117,1.1058616638183594
h64_wd0.0001_s1,l8,38,0.0005,0.27214914289387787,0.814170777797699,0.983122313767475,0.7045201238390092,2.538066770783201,0.1282912446984769,0.9469990730285645,1.1279524564743042
h64_wd0.0001_s1,l8,39,0.0005,0.28652916239066556,0.9042574763298035,0.9773309128147838,0.7105882352941176,3.1875210562692446,0.1461970805556085,0.957726240158081,1.1568609476089478
h64_wd0.0001_s1,l8,40,0.0005,0.2844385260885412,0.8435215353965759,0.9846467749693555,0.6958513931888545,3.0857079981054154,0.14023444992179102,0.9685764312744141,1.1768863201141357
h64_wd0.0001_s1,l8,41,0.0005,0.31161797927184537,0.7590562701225281,0.9786032366677528,0.6958513931888546,3.441542884518853,0.14348358733854283,0.9812264442443848,1.198767900466919
h64_wd0.0001_s1,l8,42,0.0005,0.3220550966533748,0.7119094729423523,0.9848795171375816,0.716780185758514,3.2900197318123863,0.14258799337638717,0.9932908415794373,1.2197834253311157
h64_wd0.0001_s1,l8,43,0.0005,0.27743342315608804,0.8346484899520874,0.9851743238840014,0.7013003095975232,2.746657726056804,0.1208112814782524,1.0035113096237183,1.24942946434021
h64_wd0.0001_s1,l8,44,0.0005,0.2501618540422483,0.8320128321647644,0.98897577929836,0.6979566563467492,2.9251835948696834,0.1263057946726559,1.0121575593948364,1.280151128768921
h64_wd0.0001_s1,l8,45,0.0005,0.23486766490069302,0.9046173691749573,0.9864078573755992,0.7069969040247679,2.576785068535237,0.1037489176606534,1.019783854484558,1.316847324371338
h64_wd0.0001_s1,l8,46,0.0005,0.2264666845175353,0.9413504600524902,0.9869198901456965,0.7087306501547987,2.816530010907241,0.11738411818595514,1.0276833772659302,1.349939227104187
h64_wd0.0001_s1,l8,47,0.0005,0.24183908579024402,0.8911176919937134,0.9898446833930705,0.7140557275541795,2.522280452811487,0.0986904570486622,1.0351351499557495,1.3788141012191772
h64_wd0.0001_s1,l8,48,0.0005,0.21697812595150687,0.8937094211578369,0.9860199537618892,0.70984520123839,2.7519354076338343,0.09732267371925989,1.0441185235977173,1.4137341976165771
h64_wd0.0001_s1,l8,49,0.0005,0.247258953072808,0.9658681154251099,0.9868112771338579,0.7067492260061919,3.2272091293871075,0.10733568554478015,1.0528239011764526,1.4441571235656738
h64_wd0.0001_s1,l9,1,0.0005,0.7085189326949741,0.7014261484146118,0.609016225398313,0.5363167760074976,0.5896232267024366,0.31405657809399906,0.21049965918064117,0.032700154930353165
h64_wd0.0001_s1,l9,2,0.0005,0.6860431951025258,0.6820777058601379,0.7030737464854733,0.6538191190253045,0.450975564391223,0.3195837729225849,0.25142672657966614,0.04204554110765457
h64_wd0.0001_s1,l9,3,0.0005,0.6814188490743223,0.6859493255615234,0.6559424789128397,0.6238284910965324,0.4843890556617255,0.3318931012936299,0.2742731273174286,0.03766397386789322
h64_wd0.0001_s1,l9,4,0.0005,0.6747602302095165,0.6683141589164734,0.7509884606373007,0.6860356138706654,0.48214165450236907,0.33089111044569863,0.3040120005607605,0.034917209297418594
h64_wd0.0001_s1,l9,5,0.0005,0.6584848528322966,0.6571011543273926,0.7577392806935334,0.6913074039362699,0.5195182790137087,0.3101751714913061,0.33968088030815125,0.03977707028388977
h64_wd0.0001_s1,l9,6,0.0005,0.6371827954831331,0.6607768535614014,0.755820934864105,0.6829896907216495,0.5249039724545848,0.2546388485194589,0.37939074635505676,0.06271437555551529
h64_wd0.0001_s1,l9,7,0.0005,0.6191126185914745,0.6358922123908997,0.7958133200562324,0.7006794751640113,0.6265064899369205,0.2762485336569128,0.4186720550060272,0.09227649867534637
h64_wd0.0001_s1,l9,8,0.0005,0.608595407527426,0.6356663107872009,0.8045703491096532,0.7078256794751641,0.7489371517370388,0.27265948728659994,0.4549117088317871,0.12776480615139008
h64_wd0.0001_s1,l9,9,0.0005,0.5938650265983914,0.6218740344047546,0.823936855670103,0.7064198687910028,0.8022593587723407,0.283042909644562,0.4883604049682617,0.15956823527812958
h64_wd0.0001_s1,l9,10,0.0005,0.5779271320156429,0.6266449689865112,0.8327304943767573,0.7093486410496719,0.8951379917112421,0.27309403387566056,0.5175186991691589,0.19361887872219086
h64_wd0.0001_s1,l9,11,0.0005,0.5565231429493945,0.6163501143455505,0.8497905927835052,0.7179006560449859,0.9527749681651301,0.260589493769109,0.5440197587013245,0.2308553159236908
h64_wd0.0001_s1,l9,12,0.0005,0.5337896839432095,0.6175188422203064,0.8604659676663542,0.7211808809746955,0.9889667797960998,0.24153804737190085,0.5692956447601318,0.26921382546424866
h64_wd0.0001_s1,l9,13,0.0005,0.5307331655336462,0.6211775541305542,0.8710461574507967,0.7201265229615745,1.2348911358283021,0.2373048975485089,0.5931207537651062,0.3036454916000366
h64_wd0.0001_s1,l9,14,0.0005,0.5234152039755946,0.6604762077331543,0.8763984887535144,0.7170805998125587,1.4268524076127247,0.25602807312902054,0.6157469153404236,0.3260447680950165
h64_wd0.0001_s1,l9,15,0.0005,0.4947107589763144,0.6123121976852417,0.8924920923149016,0.7283270852858481,1.228424120585143,0.22224415366127073,0.6359342932701111,0.36020222306251526
h64_wd0.0001_s1,l9,16,0.0005,0.49868267126705335,0.6092811226844788,0.8984301780693533,0.7365276476101218,1.5537787011814788,0.2953184924265339,0.6561789512634277,0.3868231475353241
h64_wd0.0001_s1,l9,17,0.0005,0.48706834860469983,0.6309854984283447,0.911690194470478,0.7350046860356138,1.5073954343781295,0.2351030058496082,0.6752190589904785,0.41275787353515625
h64_wd0.0001_s1,l9,18,0.0005,0.4600959497949351,0.6161729097366333,0.9106651241799437,0.7352389878163075,1.698146484167269,0.23477383832741341,0.6930055022239685,0.45089033246040344
h64_wd0.0001_s1,l9,19,0.0005,0.44519547535025555,0.6112480163574219,0.9199639761012184,0.7291471415182756,1.4419805090681763,0.2012299083598532,0.7088241577148438,0.4845556914806366
h64_wd0.0001_s1,l9,20,0.0005,0.4355464823867964,0.6608019471168518,0.9247891283973758,0.7407450796626054,1.69652003061606,0.20708411037007304,0.7239204049110413,0.5186947584152222
h64_wd0.0001_s1,l9,21,0.0005,0.4352417147677878,0.6331890225410461,0.9345419400187442,0.7399250234301782,1.5738989881521905,0.19128430500052832,0.7396396398544312,0.5487118363380432
h64_wd0.0001_s1,l9,22,0.0005,0.43633241238801374,0.6924194097518921,0.932865217900656,0.7407450796626054,1.8357692183708416,0.2257049511317191,0.7558855414390564,0.5863192677497864
h64_wd0.0001_s1,l9,23,0.0005,0.42182312063548877,0.7097417712211609,0.9414391986879102,0.7365276476101219,2.0168944806027045,0.19430044362102816,0.7702829241752625,0.6026837825775146
h64_wd0.0001_s1,l9,24,0.0005,0.4147062327550805,0.7377572655677795,0.9380637886597938,0.7407450796626054,1.8100605780491905,0.18958442417807297,0.785068154335022,0.6367145776748657
h64_wd0.0001_s1,l9,25,0.0005,0.36557916972948157,0.7229102253913879,0.9485048617619495,0.7435567010309277,1.608331427428893,0.1460922729540707,0.7976909875869751,0.6718255281448364
h64_wd0.0001_s1,l9,26,0.0005,0.37293279818866565,0.6520252823829651,0.9515581068416119,0.739456419868791,2.0960541064281024,0.18719799706832047,0.8116358518600464,0.7099084854125977
h64_wd0.0001_s1,l9,27,0.0005,0.3775224892989449,0.6387758255004883,0.9549481607310215,0.7476569821930646,2.197238111785409,0.17292317272816246,0.825285017490387,0.7434526681900024
h64_wd0.0001_s1,l9,28,0.0005,0.3543017545472021,0.6415135860443115,0.9596268744142455,0.7393392689784443,1.9169563104796652,0.1383989474590137,0.8373511433601379,0.7824358940124512
h64_wd0.0001_s1,l9,29,0.0005,0.3803119652945062,0.6469448208808899,0.9686548149015933,0.7323102155576383,2.710239971773194,0.18739327225940203,0.8496536016464233,0.8045133352279663
h64_wd0.0001_s1,l9,30,0.0005,0.3295388869617296,0.7230669260025024,0.9681203139643861,0.7330131208997188,2.0682923431044182,0.1484514628581923,0.862867534160614,0.8370318412780762
h64_wd0.0001_s1,l9,31,0.0005,0.31504562561926636,0.7680937051773071,0.9702436738519212,0.7367619493908154,2.2151227402725207,0.13967641735616673,0.8730999827384949,0.8682844042778015
h64_wd0.0001_s1,l9,32,0.0005,0.36174521627633466,0.7201184034347534,0.9720009372071228,0.7351218369259607,2.957304453989477,0.20857971055506289,0.8857552409172058,0.8799929618835449
h64_wd0.0001_s1,l9,33,0.0005,0.3153774550427561,0.6741176843643188,0.972198629334583,0.7448453608247423,1.9871437910885592,0.12570497999413077,0.897156298160553,0.9193939566612244
h64_wd0.0001_s1,l9,34,0.0005,0.29906366830286774,0.7298468351364136,0.9782099343955013,0.7353561387066543,2.116427764392505,0.12728256626912895,0.9067977070808411,0.9589642286300659
h64_wd0.0001_s1,l9,35,0.0005,0.316721828735393,0.7469871640205383,0.9790592783505154,0.7374648547328959,2.742043316892527,0.1554171936289073,0.9175574779510498,0.9909356832504272
h64_wd0.0001_s1,l9,36,0.0005,0.2786514033441958,0.770348846912384,0.9768480552952202,0.7345360824742269,2.504468009732131,0.13562876711651922,0.927452027797699,1.0237561464309692
h64_wd0.0001_s1,l9,37,0.0005,0.27307940468839975,0.7092543244361877,0.9831449156513589,0.7361761949390815,2.699922789152105,0.1337958720510959,0.937380313873291,1.0507210493087769
h64_wd0.0001_s1,l9,38,0.0005,0.2805028130178866,0.7321100234985352,0.9855025773195876,0.7309044048734771,2.5751772060412814,0.1233523893024841,0.9478124380111694,1.088270902633667
h64_wd0.0001_s1,l9,39,0.0005,0.2742792037518128,0.7933794856071472,0.9878822047797564,0.7358247422680413,2.985368111188911,0.1424362155344737,0.9577080011367798,1.1216224431991577
h64_wd0.0001_s1,l9,40,0.0005,0.2660668738510298,0.705208957195282,0.9876479029990628,0.7326616682286785,2.4295475649240985,0.13068619324073663,0.968015730381012,1.157853364944458
h64_wd0.0001_s1,l9,41,0.0005,0.290795236825943,0.6927382946014404,0.9877357661668229,0.7132146204311153,3.108424338310573,0.13716102557108004,0.977936863899231,1.1961039304733276
h64_wd0.0001_s1,l9,42,0.0005,0.25061049020808673,0.7748365998268127,0.9860590440487349,0.7263355201499532,2.426183767982012,0.12004245030848022,0.9872710108757019,1.2311147451400757
h64_wd0.0001_s1,l9,43,0.0005,0.22860504103743512,0.8888206481933594,0.9896321462043112,0.7361761949390816,2.422824444308404,0.10230734310204674,0.9962356686592102,1.270599126815796
h64_wd0.0001_s1,l9,44,0.0005,0.21722038608530295,0.8273724317550659,0.9880286433926897,0.7331302717900656,2.568603999844864,0.09978866436605775,1.0045692920684814,1.3056433200836182
h64_wd0.0001_s1,l9,45,0.0005,0.21172022754731384,0.7923938632011414,0.9939008317713214,0.7257497656982193,2.55703426075615,0.10031964529661126,1.013014554977417,1.3404955863952637
h64_wd0.0001_s1,l9,46,0.0005,0.236458376697872,0.7577823996543884,0.9928757614807873,0.7091729147141519,2.517029809660295,0.09304140347117783,1.0208605527877808,1.3714500665664673
h64_wd0.0001_s1,l9,47,0.0005,0.2787528439708378,0.7311782240867615,0.9882629451733833,0.734711808809747,4.384782732378431,0.14685509025827723,1.0297272205352783,1.3876783847808838
h64_wd0.0001_s1,l10,1,0.0005,0.6931980666906937,0.6956518292427063,0.6373331372044276,0.5222378277153559,0.5647735938865582,0.25935177259313025,0.2183772623538971,0.019794253632426262
h64_wd0.0001_s1,l10,2,0.0005,0.6814218241235485,0.6889613270759583,0.6873312984959365,0.5566479400749064,0.5077735170914687,0.2643602086642005,0.2566578984260559,0.021654775366187096
h64_wd0.0001_s1,l10,3,0.0005,0.6677147720171057,0.6996316313743591,0.7565035119332182,0.6674859550561797,0.6346500281234898,0.3379602601218692,0.29563698172569275,0.031138436868786812
h64_wd0.0001_s1,l10,4,0.0005,0.6546036212340646,0.6722778081893921,0.7451844224616629,0.622308052434457,0.7158237465763576,0.36143258636183323,0.33041009306907654,0.04319994896650314
h64_wd0.0001_s1,l10,5,0.0005,0.6302650700444761,0.6584770679473877,0.7721325341080426,0.6474719101123596,0.7644586599421402,0.3557134890650584,0.3695342242717743,0.07288897782564163
h64_wd0.0001_s1,l10,6,0.0005,0.6119005757829418,0.6483901739120483,0.7979627109917994,0.6786048689138576,0.6708174176132728,0.2876711987845236,0.4058515131473541,0.10685046017169952
h64_wd0.0001_s1,l10,7,0.0005,0.6069338878859645,0.6454841494560242,0.8100761225315339,0.6739232209737828,0.6975194368222716,0.23277552381206015,0.4395291209220886,0.13083460927009583
h64_wd0.0001_s1,l10,8,0.0005,0.5918628858483356,0.6610167026519775,0.8105247674033759,0.6720505617977528,0.997345179501439,0.3082906537668274,0.47401857376098633,0.16048064827919006
h64_wd0.0001_s1,l10,9,0.0005,0.5860670299633689,0.6262192726135254,0.8453204868900085,0.7043539325842697,1.1951173335504999,0.3697413486612216,0.5046930909156799,0.18191596865653992
h64_wd0.0001_s1,l10,10,0.0005,0.5588600259760151,0.6332077980041504,0.8551391902327805,0.7166432584269663,0.8764082207589913,0.25287400539852833,0.5329902172088623,0.20909039676189423
h64_wd0.0001_s1,l10,11,0.0005,0.5622274746065554,0.639204204082489,0.8634354429448756,0.7249531835205992,1.31811547062885,0.32971521770752504,0.5638319849967957,0.2371976524591446
h64_wd0.0001_s1,l10,12,0.0005,0.532970526944036,0.6329813003540039,0.8711065347699776,0.7276451310861424,1.1502284297320522,0.27983642536284986,0.5909014344215393,0.26847389340400696
h64_wd0.0001_s1,l10,13,0.0005,0.5186159766238668,0.605478048324585,0.882852204611481,0.7358380149812734,1.1225506089519104,0.23876332848460696,0.6126781702041626,0.2917851209640503
h64_wd0.0001_s1,l10,14,0.0005,0.4967818972857102,0.6092798709869385,0.8949067774794984,0.7386470037453183,1.3529114177637611,0.2636025848357608,0.6364307403564453,0.3282771110534668
h64_wd0.0001_s1,l10,15,0.0005,0.5212682550368102,0.6395930051803589,0.8942227779207885,0.7398174157303371,1.63862390377445,0.3063750744603298,0.6594754457473755,0.35197311639785767
h64_wd0.0001_s1,l10,16,0.0005,0.4785192608833313,0.6390107274055481,0.9052770933696173,0.738998127340824,1.3001987632457277,0.22255659719793505,0.6791558265686035,0.3765554428100586
h64_wd0.0001_s1,l10,17,0.0005,0.47190073002939636,0.636323869228363,0.9167212150185708,0.7391151685393258,1.5194989326818185,0.2258635188528594,0.6997542381286621,0.4088954031467438
h64_wd0.0001_s1,l10,18,0.0005,0.46248266100883484,0.6196495294570923,0.9237083072849631,0.743562734082397,1.8802260519218776,0.25661359473845474,0.7206481099128723,0.44146212935447693
h64_wd0.0001_s1,l10,19,0.0005,0.4723147179769433,0.6771391034126282,0.9166182473430662,0.7478932584269663,1.689597070931576,0.25447229980313124,0.7418253421783447,0.4635898172855377
h64_wd0.0001_s1,l10,20,0.0005,0.4732376544371895,0.631339967250824,0.9215459860993638,0.7464887640449438,2.0789385059640706,0.30673870839565553,0.7605215311050415,0.4826074540615082
h64_wd0.0001_s1,l10,21,0.0005,0.4454541815363843,0.6361438632011414,0.9241495973228404,0.7455524344569289,1.727106968872921,0.22571003359626304,0.7763352990150452,0.5166144371032715
h64_wd0.0001_s1,l10,22,0.0005,0.4405475323614867,0.6356726288795471,0.9291067554149965,0.7391151685393259,1.5814898953453589,0.19761254690427393,0.792104959487915,0.5411575436592102
h64_wd0.0001_s1,l10,23,0.0005,0.41507827587749646,0.6398264169692993,0.938682749236936,0.74812734082397,1.422069362507282,0.17768125198804888,0.8067190647125244,0.5832580924034119
h64_wd0.0001_s1,l10,24,0.0005,0.3800419141416964,0.6241580247879028,0.9478836465266797,0.7482443820224719,1.540761799876124,0.15560209844186018,0.8221030831336975,0.6241369247436523
h64_wd0.0001_s1,l10,25,0.0005,0.3727636946284253,0.6287375688552856,0.949398742323392,0.7476591760299625,1.7494372871584274,0.16827738790172753,0.8363717794418335,0.667211651802063
h64_wd0.0001_s1,l10,26,0.0005,0.3976354242666908,0.7593696117401123,0.9390063619313794,0.7482443820224719,2.317235519204857,0.20725569923249673,0.8519124388694763,0.700029730796814
h64_wd0.0001_s1,l10,27,0.0005,0.4159610498210658,0.6542262434959412,0.9493546133196044,0.7507022471910113,2.2550890540100634,0.21394634790224745,0.866119384765625,0.722467839717865
h64_wd0.0001_s1,l10,28,0.0005,0.36119276414746826,0.6548094749450684,0.9563196410841025,0.7478932584269663,1.7138517588032396,0.14447414600499045,0.8786161541938782,0.7525895833969116
h64_wd0.0001_s1,l10,29,0.0005,0.3611020368078481,0.6764585375785828,0.9531349979774206,0.7488295880149813,2.3061994698038144,0.17694632970731136,0.8915925025939941,0.7851336002349854
h64_wd0.0001_s1,l10,30,0.0005,0.3795952123144399,0.6377969980239868,0.9624829919464568,0.7505852059925094,2.5098858907680657,0.20519815649322945,0.9056872725486755,0.7992883324623108
h64_wd0.0001_s1,l10,31,0.0005,0.32029342780942505,0.7375997304916382,0.9577317692053102,0.7482443820224719,2.0505132689174403,0.15259521643443757,0.9178197383880615,0.8344781994819641
h64_wd0.0001_s1,l10,32,0.0005,0.32066888912864355,0.679664134979248,0.9680506012576766,0.7507022471910112,1.918111000950118,0.13752364497006433,0.9284036755561829,0.8647677302360535
h64_wd0.0001_s1,l10,33,0.0005,0.31649295078671497,0.7400243282318115,0.9748979516787408,0.7397003745318352,2.273275266984096,0.1411806869850418,0.940597414970398,0.900488018989563
h64_wd0.0001_s1,l10,34,0.0005,0.34296757954618207,0.7485153675079346,0.9641451844224617,0.752808988764045,3.0462822443325814,0.1727663116319257,0.9534994959831238,0.9222581386566162
h64_wd0.0001_s1,l10,35,0.0005,0.3536315191051234,0.6724684834480286,0.9739271135954106,0.7482443820224719,2.7121782314116993,0.16538457725078246,0.9656693935394287,0.9351064562797546
h64_wd0.0001_s1,l10,36,0.0005,0.42130659650201385,0.6364609003067017,0.9697054388997168,0.7377106741573034,3.9977023202851933,0.28915183787478876,0.979223906993866,0.9272529482841492
h64_wd0.0001_s1,l10,37,0.0005,0.39646701320357947,0.659347653388977,0.9733865332990108,0.7309222846441947,2.2869736753321224,0.15692766473676462,0.9944013953208923,0.9421734809875488
h64_wd0.0001_s1,l10,38,0.0005,0.3641710786715798,0.6526716947555542,0.9721913727797595,0.7334971910112359,1.902746402885599,0.15125839893555956,1.0063648223876953,0.9848345518112183
h64_wd0.0001_s1,l10,39,0.0005,0.347570547591085,0.6189570426940918,0.9688743426617145,0.7492977528089888,2.347710256098104,0.17050332213413896,1.0190781354904175,1.0300519466400146
h64_wd0.0001_s1,l10,40,0.0005,0.3323594079069469,0.7122018933296204,0.9731107270253374,0.7432116104868914,2.134366101058711,0.14272395747877703,1.0300707817077637,1.076151728630066
h64_wd0.0001_s1,l10,41,0.0005,0.3232262374266334,0.7342901229858398,0.978898981355496,0.7373595505617978,2.2942493705651255,0.124798637684192,1.0399941205978394,1.114060640335083
h64_wd0.0001_s1,l10,42,0.0005,0.2964173322138579,0.7234522104263306,0.9793549810613026,0.7365402621722846,2.3337964649263854,0.13917092948730111,1.0496232509613037,1.1510635614395142
h64_wd0.0001_s1,l10,43,0.0005,0.2731865054887274,0.7533549666404724,0.9846909131026368,0.742743445692884,2.1825057221786444,0.11641819268167933,1.0587763786315918,1.1878498792648315
h64_wd0.0001_s1,l10,44,0.0005,0.27825529419857525,0.7700805068016052,0.9831353657191189,0.7366573033707865,2.5371488396371538,0.12384449285050063,1.0671230554580688,1.218822956085205
h64_wd0.0001_s1,l10,45,0.0005,0.2992374424053275,0.7859863042831421,0.9859007832898172,0.7295177902621723,2.97945455731129,0.14147637137483035,1.076751470565796,1.241404414176941
h64_wd0.0001_s1,l10,46,0.0005,0.3031823686931444,0.7877209782600403,0.9886441363586217,0.7311563670411986,2.476444283653544,0.12187897614418639,1.0885010957717896,1.2707535028457642
h64_wd0.0001_s1,l10,47,0.0005,0.24994360493577045,0.745552659034729,0.9900268451439709,0.7320926966292134,2.463150721531592,0.15059306240967976,1.0979784727096558,1.3018803596496582
h64_wd0.0001_s1,l10,48,0.0005,0.2514208328464757,0.8074140548706055,0.9884565880925238,0.7352528089887641,2.51207882537847,0.11744481688211733,1.1062155961990356,1.339995265007019
h64_wd0.0001_s1,l10,49,0.0005,0.23008667126945828,0.8264959454536438,0.9896664582797043,0.7382958801498127,2.652402019947404,0.10679936225527668,1.1137856245040894,1.3723347187042236
h64_wd0.0001_s1,l10,50,0.0005,0.230878040842388,0.7607419490814209,0.9903210385025558,0.7354868913857678,2.9284814114589244,0.10157546588613522,1.121046543121338,1.4004242420196533
h64_wd0.0001_s1,l10,51,0.0005,0.23983370966237524,0.7828196883201599,0.9917772956275512,0.7292837078651686,3.2012828918264864,0.1227481674860907,1.129191517829895,1.4292230606079102
h64_wd0.0001_s1,l10,52,0.0005,0.28728110699549964,0.7070635557174683,0.9915198764387894,0.7351357677902622,3.229596289973845,0.12293057571522804,1.1375409364700317,1.4520565271377563
h64_wd0.0001_s1,l10,53,0.0005,0.2583405543928561,0.7819695472717285,0.9879674916338763,0.7377106741573035,2.731926776739653,0.09732093959460295,1.146323323249817,1.486100196838379
h64_wd0.0001_s1,l10,54,0.0005,0.2692693530217461,0.7896146774291992,0.9889309748832421,0.7405196629213482,2.664392395905203,0.09641248752272218,1.1542792320251465,1.5189555883407593
h64_wd0.0001_s1,l11,1,0.0005,0.6997785405679182,0.6796018481254578,0.7338759753716324,0.6406848659003831,0.7458425555703015,0.38542234733602937,0.20918238162994385,0.019091296941041946
h64_wd0.0001_s1,l11,2,0.0005,0.6769750307906758,0.67081618309021,0.7360679898553869,0.644037356321839,0.7636790488558056,0.3898404509557429,0.25336915254592896,0.02124136872589588
h64_wd0.0001_s1,l11,3,0.0005,0.6569258028810675,0.7230542898178101,0.742195156620557,0.6703783524904214,0.728353772103802,0.3379868794695327,0.2976779341697693,0.019754763692617416
h64_wd0.0001_s1,l11,4,0.0005,0.6576890891248529,0.6551415920257568,0.7720604188019482,0.677322796934866,0.8584763952041438,0.4041776610883188,0.3368612229824066,0.03281807154417038
h64_wd0.0001_s1,l11,5,0.0005,0.6279232637448744,0.6428155303001404,0.7921102441141044,0.6945641762452107,0.7726657850233069,0.3504408984116414,0.37911805510520935,0.042777709662914276
h64_wd0.0001_s1,l11,6,0.0005,0.6099627641114321,0.6420916318893433,0.8064368916785744,0.7056992337164751,0.8151514899011884,0.33583038259768694,0.419681191444397,0.05708977207541466
h64_wd0.0001_s1,l11,7,0.0005,0.5922426798126914,0.6266475915908813,0.821766030508652,0.7163553639846744,0.8289719853502852,0.3400735810871833,0.4603672921657562,0.08198177814483643
h64_wd0.0001_s1,l11,8,0.0005,0.5770055583932183,0.6143302917480469,0.83579342694906,0.7221024904214559,0.9893697237225162,0.35544081032559494,0.49743255972862244,0.09835856407880783
h64_wd0.0001_s1,l11,9,0.0005,0.5771647393703461,0.6203525066375732,0.8493120964785623,0.7268917624521073,1.1882255139362177,0.4013706509166903,0.5334747433662415,0.1130940318107605
h64_wd0.0001_s1,l11,10,0.0005,0.5459196987477216,0.6059079766273499,0.8569205563078397,0.7306034482758622,0.8707702140682891,0.2666989266265735,0.5674006938934326,0.13514594733715057
h64_wd0.0001_s1,l11,11,0.0005,0.5277135304429315,0.5947303771972656,0.8744791160121796,0.7392241379310345,1.1414563682407912,0.3528329040449596,0.5975118279457092,0.15967750549316406
h64_wd0.0001_s1,l11,12,0.0005,0.49854856864972547,0.600469172000885,0.883449168455939,0.7412595785440613,1.017671920674574,0.28162075012460186,0.6317796111106873,0.18958315253257751
h64_wd0.0001_s1,l11,13,0.0005,0.48096961053934967,0.6093103289604187,0.8898980301794759,0.7429358237547892,1.1236617373107258,0.30452526106100214,0.6640225052833557,0.22156545519828796
h64_wd0.0001_s1,l11,14,0.0005,0.4811176305467432,0.5876844525337219,0.9034017371527752,0.750838122605364,1.5416983726594269,0.3880222022263274,0.6964375972747803,0.24906706809997559
h64_wd0.0001_s1,l11,15,0.0005,0.46490809185938403,0.6441134214401245,0.9064765424525126,0.7477250957854407,1.5669589189067474,0.36811743823319926,0.7335538268089294,0.27362656593322754
h64_wd0.0001_s1,l11,16,0.0005,0.5160428272052244,0.6433284878730774,0.9111448599878803,0.7573036398467432,2.0275860591636516,0.38943802571559855,0.7666998505592346,0.27708011865615845
h64_wd0.0001_s1,l11,17,0.0005,0.4870615289969878,0.5793628096580505,0.9192844905623677,0.7598180076628352,1.6346639573308563,0.3150946603984574,0.7924181818962097,0.29295551776885986
h64_wd0.0001_s1,l11,18,0.0005,0.44212051955136383,0.5910911560058594,0.923825626370009,0.758860153256705,1.2577847813779914,0.23288550601450234,0.8143575191497803,0.3225542902946472
h64_wd0.0001_s1,l11,19,0.0005,0.4343144256960262,0.5940805077552795,0.9290026708162823,0.7556273946360154,1.420482953883884,0.25265801159549217,0.8358193039894104,0.35042405128479004
h64_wd0.0001_s1,l11,20,0.0005,0.4342252937230197,0.5878145098686218,0.9393268345964224,0.7606561302681991,1.806219397184377,0.24631830060227022,0.8579393029212952,0.3737226128578186
h64_wd0.0001_s1,l11,21,0.0005,0.3917232697660273,0.5925865769386292,0.9412944107371304,0.7629310344827586,1.644287636095723,0.23635258288242894,0.8797691464424133,0.40550172328948975
h64_wd0.0001_s1,l11,22,0.0005,0.40039086409590463,0.601985514163971,0.9401572564656946,0.7561063218390804,1.6188874442426207,0.2415954504203081,0.8998767137527466,0.4314725399017334
h64_wd0.0001_s1,l11,23,0.0005,0.37550781667232513,0.6045824885368347,0.9431871740968227,0.7654454022988506,1.7142930560842808,0.20706578131417722,0.9208918213844299,0.46000251173973083
h64_wd0.0001_s1,l11,24,0.0005,0.4509718418121338,0.6133347749710083,0.9497183298794766,0.7741858237547893,2.436005173378552,0.2827675175363553,0.942722499370575,0.47146379947662354
h64_wd0.0001_s1,l11,25,0.0005,0.37622473456642846,0.6008210778236389,0.9510874037720605,0.7655651340996168,1.4967211589672684,0.19712765531990126,0.9619678854942322,0.4980557858943939
h64_wd0.0001_s1,l11,26,0.0005,0.35175819965926086,0.610565185546875,0.9543043533557273,0.7605363984674329,1.693237797101161,0.2079349416062164,0.9776206016540527,0.5301851630210876
h64_wd0.0001_s1,l11,27,0.0005,0.36029904132539575,0.6225396990776062,0.9594439914114928,0.7628113026819924,2.0418748282299655,0.24230339842745519,0.9955745935440063,0.5532917976379395
h64_wd0.0001_s1,l11,28,0.0005,0.3620866069739515,0.603873610496521,0.9615462305580286,0.7628113026819924,2.1860765915519615,0.2332163395412329,1.0121724605560303,0.57334965467453
h64_wd0.0001_s1,l11,29,0.0005,0.4004882736639543,0.8178750276565552,0.9556135770234986,0.7581417624521072,2.6491311582854533,0.3059941253917183,1.0278738737106323,0.5848605632781982
h64_wd0.0001_s1,l11,30,0.0005,0.3797696679830551,0.5902890563011169,0.9647856239760001,0.7707136015325671,2.32298603509387,0.30252019643684297,1.0448760986328125,0.5855514407157898
h64_wd0.0001_s1,l11,31,0.0005,0.32889169454574585,0.6585813164710999,0.9684888566362678,0.7616139846743295,2.043061645698192,0.20205964027339762,1.0592339038848877,0.6064308881759644
h64_wd0.0001_s1,l11,32,0.0005,0.30442017215219414,0.6414891481399536,0.9697157862449222,0.7650862068965518,2.1027883714618323,0.1887141130018347,1.0723603963851929,0.6332447528839111
h64_wd0.0001_s1,l11,33,0.0005,0.28879916058345273,0.6749594211578369,0.9790299774813529,0.7673611111111112,1.8781373074931884,0.17259897976075722,1.0842996835708618,0.6583355665206909
h64_wd0.0001_s1,l11,34,0.0005,0.3083150048147548,0.6148121953010559,0.9774888341924335,0.7692768199233716,2.4277855613034305,0.18050725739241297,1.0965230464935303,0.6835601925849915
h64_wd0.0001_s1,l11,35,0.0005,0.3493348217823289,0.6022529006004333,0.9700000748127809,0.7683189655172415,2.6677597298322016,0.22708972859060117,1.1116771697998047,0.6934575438499451
h64_wd0.0001_s1,l11,36,0.0005,0.30786370079625736,0.626807689666748,0.9777731227602924,0.7696360153256705,1.9991287986279547,0.18528100506416842,1.1261253356933594,0.717780590057373
h64_wd0.0001_s1,l11,37,0.0005,0.29299911043860694,0.6256370544433594,0.975079862643734,0.7717911877394635,2.435355804000329,0.1939578048439186,1.1394654512405396,0.7493017911911011
h64_wd0.0001_s1,l11,38,0.0005,0.31066968562928116,0.6745685338973999,0.9756035521108426,0.7705938697318008,2.248928452357583,0.18230115790539517,1.1516687870025635,0.7756779789924622
h64_wd0.0001_s1,l11,39,0.0005,0.28932104259729385,0.6602939963340759,0.986256892127451,0.7686781609195403,2.242717800276829,0.1612303270821599,1.1631779670715332,0.8021384477615356
h64_wd0.0001_s1,l11,40,0.0005,0.2901724001223391,0.6393608450889587,0.9840349525312905,0.7592193486590039,2.4340232352033135,0.1865141439790029,1.1765514612197876,0.8255762457847595
h64_wd0.0001_s1,l11,41,0.0005,0.32851507514715195,0.6400043964385986,0.9795237418360552,0.7594588122605364,2.945361326231566,0.19954431480308135,1.1891165971755981,0.8400604128837585
h64_wd0.0001_s1,l11,42,0.0005,0.26724564555016433,0.698323130607605,0.9809227408410452,0.7667624521072797,1.9220162185275385,0.145473499363713,1.2012144327163696,0.856714129447937
h64_wd0.0001_s1,l11,43,0.0005,0.26997238533063367,0.7124638557434082,0.9841022840342044,0.7625718390804598,2.549145288474371,0.15321729625478706,1.2127411365509033,0.8815475106239319
h64_wd0.0001_s1,l11,44,0.0005,0.26327385617928073,0.7073318362236023,0.9836459260700099,0.7614942528735632,2.577854379873997,0.1582505385420864,1.2243684530258179,0.9063416719436646
h64_wd0.0001_s1,l12,1,0.0005,0.7111276306889274,0.6933593153953552,0.5848323979978766,0.5565638233514821,0.5376512056239882,0.22972624330928457,0.2116624265909195,0.03632291033864021
h64_wd0.0001_s1,l12,2,0.0005,0.6931427852673964,0.6926169991493225,0.5873350523282268,0.4995160314579552,0.08968432384270238,0.09865057472733273,0.2457691878080368,0.047023843973875046
h64_wd0.0001_s1,l12,3,0.0005,0.6927383921363137,0.6924620270729065,0.6172114363719097,0.5373260738052027,0.03685080768456712,0.07088906793655736,0.2523239552974701,0.04886090010404587
h64_wd0.0001_s1,l12,4,0.0005,0.6918735693801533,0.6918851137161255,0.6186106476566055,0.5841500302480338,0.0638056866375497,0.08752088850556348,0.2579368054866791,0.048469800502061844
h64_wd0.0001_s1,l12,5,0.0005,0.6891264156861738,0.6898409128189087,0.7132109813438495,0.6159709618874772,0.12068319621826226,0.08921959947526316,0.27118194103240967,0.050943512469530106
h64_wd0.0001_s1,l12,6,0.0005,0.6827687539837577,0.6848977208137512,0.7274230244198393,0.6267392619479734,0.2343459951295919,0.1253573291228904,0.2945268452167511,0.06966699659824371
h64_wd0.0001_s1,l12,7,0.0005,0.6740934361111034,0.6782390475273132,0.7456582739268922,0.6343617664851784,0.2786126683324067,0.1332180797063998,0.3183220326900482,0.10491212457418442
h64_wd0.0001_s1,l12,8,0.0005,0.6542260186238722,0.6743417978286743,0.7619520703776732,0.6361766485178464,0.4131914788366498,0.16149414652517982,0.34282031655311584,0.15084746479988098
h64_wd0.0001_s1,l12,9,0.0005,0.649975288997997,0.669502317905426,0.7801835279842257,0.6578947368421052,0.44654372041127455,0.13643712997203902,0.3630530834197998,0.19681966304779053
h64_wd0.0001_s1,l12,10,0.0005,0.6356389468366449,0.664707362651825,0.7786023054755042,0.6395644283121598,0.6226155328804581,0.17736395564774424,0.38220417499542236,0.24429050087928772
h64_wd0.0001_s1,l12,11,0.0005,0.614633785052733,0.661737859249115,0.7980661307447292,0.6598911070780399,0.6120599254515026,0.14860561180673756,0.4007553160190582,0.3029076159000397
h64_wd0.0001_s1,l12,12,0.0005,0.6205975765531714,0.6548106670379639,0.7944334900652207,0.6433756805807621,0.7642369512132409,0.16228233088992314,0.417224645614624,0.35232847929000854
h64_wd0.0001_s1,l12,13,0.0005,0.6143486987460743,0.6524497270584106,0.8228537843166995,0.6919540229885057,0.8223164120312895,0.15523593826659668,0.4324668049812317,0.39860227704048157
h64_wd0.0001_s1,l12,14,0.0005,0.5988937453790144,0.6486432552337646,0.8160586986197482,0.654930429522081,0.8426958909978737,0.15732565354164854,0.44726502895355225,0.44523465633392334
h64_wd0.0001_s1,l12,15,0.0005,0.5742643231695349,0.6550825834274292,0.8291748824510845,0.6827586206896552,0.764377070364343,0.14776115231165418,0.4595678448677063,0.5001378059387207
h64_wd0.0001_s1,l12,16,0.0005,0.5741832324049689,0.6424007415771484,0.8376459881692705,0.6874773139745916,1.0636230525746277,0.1581311843805072,0.4721911549568176,0.5620042681694031
h64_wd0.0001_s1,l12,17,0.0005,0.565714259039272,0.6608396768569946,0.8516987714242378,0.7014519056261342,1.0919529995507113,0.1320465892147956,0.48602309823036194,0.6175363063812256
h64_wd0.0001_s1,l12,18,0.0005,0.5503799779848619,0.6398947834968567,0.8630213863188231,0.7053236539624924,1.2790061046797807,0.15937319616204848,0.49771884083747864,0.6718387603759766
h64_wd0.0001_s1,l12,19,0.0005,0.5265564972704108,0.6475825905799866,0.866221750341271,0.709739866908651,1.1100127761370642,0.13375663539992175,0.5097188353538513,0.7396591901779175
h64_wd0.0001_s1,l12,20,0.0005,0.5288944420489398,0.6362366080284119,0.8620809949946914,0.6944948578342408,1.5158955477166869,0.14645048209436834,0.5206471085548401,0.7977899312973022
h64_wd0.0001_s1,l12,21,0.0005,0.5192262354222211,0.6450431942939758,0.8674882451084485,0.6926194797338172,1.4105585493139097,0.1287140870107194,0.5327146649360657,0.8467907905578613
h64_wd0.0001_s1,l12,22,0.0005,0.5347917662425474,0.6946277618408203,0.8750265433035038,0.7238959467634604,1.6592922945371216,0.12220154511739713,0.5423621535301208,0.8892964720726013
h64_wd0.0001_s1,l12,23,0.0005,0.5325960882685401,0.6412367820739746,0.8616070074321249,0.6857834240774349,1.5337132205464998,0.14017457958956225,0.5512933135032654,0.9133267402648926
h64_wd0.0001_s1,l12,24,0.0005,0.4999064274809577,0.6387115120887756,0.8739231002578493,0.7029643073200242,1.580330790675623,0.12455429821446637,0.5615943670272827,0.9672307968139648
h64_wd0.0001_s1,l12,25,0.0005,0.47305272248658264,0.6648007035255432,0.8858107083270135,0.7084089534180278,1.5674759499443065,0.1287813135763893,0.5702735185623169,1.0235191583633423
h64_wd0.0001_s1,l12,26,0.0005,0.4836824129928242,0.7342202067375183,0.8958819960564235,0.7294615849969751,2.1923530165883345,0.15480144793400588,0.5783459544181824,1.079701542854309
h64_wd0.0001_s1,l12,27,0.0005,0.48732485554435034,0.6806179285049438,0.8675868345214621,0.6739261947973381,2.3830879447275004,0.12689374010748203,0.5856602787971497,1.104371428489685
h64_wd0.0001_s1,l12,28,0.0005,0.5677507045594129,0.6452277302742004,0.8834331867131807,0.708529945553539,1.6686651266661736,0.11917831581915786,0.5936105847358704,1.1062729358673096
h64_wd0.0001_s1,l12,29,0.0005,0.4673549614169381,0.6978329420089722,0.8890907022599727,0.7004234724742892,1.6047948886554309,0.09158268866894344,0.6018627285957336,1.13865065574646
h64_wd0.0001_s1,l12,30,0.0005,0.4663159644061869,0.6759582757949829,0.8760958592446535,0.6584392014519056,2.396116125237715,0.1339264626455243,0.6078780293464661,1.1765995025634766
h64_wd0.0001_s1,l12,31,0.0005,0.4725104109807448,0.765966534614563,0.903014560897922,0.7250453720508168,2.8507226891258246,0.14572213858464297,0.6151250004768372,1.2025372982025146
h64_wd0.0001_s1,l12,32,0.0005,0.4285978227853775,0.6867961883544922,0.8952828757773397,0.6702964307320024,2.0373462292116673,0.11957844676616237,0.6210780739784241,1.236913800239563
h64_wd0.0001_s1,l12,33,0.0005,0.4303135153922168,0.6966838836669922,0.911193690277567,0.714821536600121,2.1992330556558937,0.11336548322023376,0.627287745475769,1.2815574407577515
h64_wd0.0001_s1,l12,34,0.0005,0.41053569655526767,0.6994978785514832,0.9050735628697104,0.7160314579552329,2.1504142114347555,0.09237258638348486,0.6330020427703857,1.3297513723373413
h64_wd0.0001_s1,l12,35,0.0005,0.4040275649590926,0.75141841173172,0.9090588502957683,0.7310949788263763,2.1856899509555534,0.11284450854036182,0.6392666101455688,1.382035493850708
h64_wd0.0001_s1,l12,36,0.0005,0.41311769593845715,0.7142860293388367,0.9109661762475354,0.7235329703569269,2.1717539307371556,0.07793870915358259,0.6449891924858093,1.4158101081848145
h64_wd0.0001_s1,l12,37,0.0005,0.4005757814103907,0.6936623454093933,0.9234187774912787,0.7295220810647308,2.734463817990119,0.10505988445902967,0.6507245898246765,1.4570767879486084
h64_wd0.0001_s1,l12,38,0.0005,0.4023944288492203,0.7297861576080322,0.9204535112998635,0.7110102843315185,2.573579751338204,0.10290887632289673,0.655730664730072,1.4933415651321411
h64_wd0.0001_s1,l12,39,0.0005,0.42677954787557776,0.7020894289016724,0.8966972546640375,0.6842105263157894,3.883207167424108,0.14534800818783336,0.6613263487815857,1.5036433935165405
h64_wd0.0001_s1,l12,40,0.0005,0.3926912559704347,0.6863517165184021,0.9282117397239497,0.7338173018753781,2.4497727217351417,0.08042740483083938,0.6662479043006897,1.5296423435211182
h64_wd0.0001_s1,l12,41,0.0005,0.3839331411502578,0.6810752749443054,0.9122895495222205,0.7139745916515426,2.942374452051116,0.0988773915381623,0.6713098883628845,1.564176321029663
h64_wd0.0001_s1,l12,42,0.0005,0.37611311267722736,0.7861544489860535,0.9271120885787957,0.7336963097398669,2.8879252113839757,0.09409298630435191,0.6765232086181641,1.5940263271331787
h64_wd0.0001_s1,l12,43,0.0005,0.3704237037084319,0.7167696952819824,0.9371682087062035,0.6988505747126436,2.7861895132861525,0.08192585838131348,0.6806539297103882,1.624643087387085
h64_wd0.0001_s1,l12,44,0.0005,0.3761050382798368,0.8326036334037781,0.9317382071894431,0.7405323653962492,3.591778072462422,0.09789200525004786,0.6857349872589111,1.6542634963989258
h64_wd0.0001_s1,l12,45,0.0005,0.335236632688479,0.6952153444290161,0.9219664795995752,0.7223230490018149,2.8441521231506814,0.0891991831355726,0.6909955143928528,1.6973378658294678
h64_wd0.0001_s1,l12,46,0.0005,0.34970071844079276,0.7573233842849731,0.9390338237524647,0.7075620084694495,2.6316885622020028,0.08615296483768452,0.6955257654190063,1.7318636178970337
h64_wd0.0001_s1,l12,47,0.0005,0.32942355356433173,0.8845897316932678,0.9360533899590475,0.7478523895946764,2.7182744832603136,0.0783094798866535,0.7001164555549622,1.7690988779067993
h64_wd0.0001_s1,l12,48,0.0005,0.36157445067709143,0.7682759761810303,0.9396822387380556,0.72994555353902,3.9549102710367348,0.10059375576656947,0.7042667865753174,1.795650601387024
h64_wd0.0001_s1,l12,49,0.0005,0.32919395850463345,0.7850989103317261,0.9403913241316548,0.736358136721113,2.442612737373583,0.07588158438031044,0.7089888453483582,1.8313400745391846
h64_wd0.0001_s1,l12,50,0.0005,0.345168873667717,0.7719476819038391,0.9353632640679508,0.7507562008469449,3.0502880644260064,0.07701984824017238,0.7128580808639526,1.856793999671936
h64_wd0.0001_s1,l12,51,0.0005,0.3336536654017188,0.7416472434997559,0.940850144092219,0.7178463399879008,3.0576454496090153,0.08151409075878546,0.7170284986495972,1.8883497714996338
h64_wd0.0001_s1,l12,52,0.0005,0.35104951668869366,0.8387477397918701,0.9504626118610648,0.7235934664246824,4.543280999052752,0.1073644007775758,0.7220957279205322,1.9068065881729126
h64_wd0.0001_s1,l12,53,0.0005,0.33666858957572415,0.7494263648986816,0.9325345062945548,0.7386569872958256,3.5280481693893133,0.09197837956315999,0.7267877459526062,1.9325326681137085
h64_wd0.0001_s1,l12,54,0.0005,0.39357532967220654,1.039981484413147,0.9402623995146369,0.7471264367816092,3.645418467736715,0.09364204206664244,0.7308202385902405,1.9370296001434326
h64_wd0.0001_s1,l12,55,0.0005,0.3871873569759456,0.7452940344810486,0.9262247838616714,0.7223835450695705,3.4727397280874936,0.10791715060832165,0.7349193096160889,1.9426074028015137
h64_wd0.0001_s1,l12,56,0.0005,0.3957116102630442,0.7211988568305969,0.934400121340816,0.7121597096188748,3.0562761861974255,0.09034577581518609,0.7375106811523438,1.9393947124481201
h64_wd0.0001_s1,l12,57,0.0005,0.36356988142837177,0.744956910610199,0.9224404671621417,0.6768300060496067,3.1095047347813662,0.08780541707401936,0.7407792806625366,1.9476155042648315
h64_wd0.0001_s1,l12,58,0.0005,0.37317004799842834,0.7603254318237305,0.9423820718944335,0.6944948578342407,3.916838184057562,0.06997468664290743,0.7452611923217773,1.9707225561141968
h64_wd0.0001_s1,l12,59,0.0005,0.3801695568995042,0.8069218993186951,0.9403761565296527,0.7138535995160314,3.891159739477192,0.10876255555653551,0.749081552028656,1.9847955703735352
h64_wd0.0001_s1,l12,60,0.0005,0.3402045077898286,0.8152779340744019,0.9385105414833914,0.7361161524500908,3.564855876188385,0.06739852551415687,0.7522403597831726,2.002598285675049
h64_wd0.0001_s1,l12,61,0.0005,0.31981622630899603,0.8289636373519897,0.9514522978917033,0.6875983061101028,4.001881241562102,0.0876265831582239,0.7557237148284912,2.035132884979248
h64_wd0.0001_s1,l12,62,0.0005,0.3161811523816802,0.8713061809539795,0.9531093584104353,0.7385359951603145,3.6840279140729604,0.08362122909046929,0.7589893937110901,2.0593764781951904
h64_wd0.0001_s1,l12,63,0.0005,0.2889020287177779,0.9478608965873718,0.9458819960564234,0.7448275862068964,3.881642868039562,0.08670443480485612,0.7625159621238708,2.0934996604919434
h64_wd0.0001_s1,l12,64,0.0005,0.28796338831836527,0.801780641078949,0.952472319126346,0.7379310344827587,3.7705706194394932,0.07328079059500826,0.766187846660614,2.132814645767212
h64_wd0.0001_s1,l12,65,0.0005,0.27270046689293603,0.9920822978019714,0.9565561959654179,0.7331518451300665,3.0923061598903008,0.08258566959371987,0.770491361618042,2.1692404747009277
h64_wd0.0001_s1,l12,66,0.0005,0.2880793010646647,0.9503928422927856,0.9555475504322767,0.730550514216576,3.798595916279307,0.08357426404305776,0.7745485305786133,2.210588216781616
h64_wd0.0001_s1,l12,67,0.0005,0.31519917940551584,0.9131473302841187,0.953321704838465,0.7023593466424682,4.867721375421119,0.08237257586456624,0.7778891324996948,2.2321343421936035
h64_wd0.0001_s1,l12,68,0.0005,0.269227417355234,0.9846981763839722,0.9611595631730623,0.7197822141560799,3.3994022483262567,0.06559787055962706,0.7812319397926331,2.252441167831421
h64_wd0.0001_s1,l12,69,0.0005,0.2789494327523492,0.8642314076423645,0.9609548005460338,0.721113127646703,3.7791052135160865,0.0577676543576745,0.7847100496292114,2.2823846340179443
h64_wd0.0001_s1,l12,70,0.0005,0.27245824106714944,1.0262584686279297,0.961178522675565,0.732486388384755,3.7674827231489614,0.066874091624055,0.787895143032074,2.3060660362243652
h64_wd0.0001_s1,l13,1,0.0005,0.7024248946796764,0.6908419728279114,0.7099550898203594,0.584726443768997,0.47927244939489433,0.2628485357032346,0.20840062201023102,0.029961705207824707
h64_wd0.0001_s1,l13,2,0.0005,0.6871365444226698,0.6869789958000183,0.7293524652822015,0.6225937183383993,0.36851545770089444,0.2406307309439021,0.24420151114463806,0.03761555999517441
h64_wd0.0001_s1,l13,3,0.0005,0.6860668496652083,0.6892475485801697,0.7236511020512166,0.6054964539007092,0.4123630279362406,0.25932069150782894,0.2627588212490082,0.03571826219558716
h64_wd0.0001_s1,l13,4,0.0005,0.6744673225012693,0.6835699677467346,0.6794655370110841,0.6168946301925026,0.33022188491259713,0.20306942222694052,0.2877678871154785,0.046835727989673615
h64_wd0.0001_s1,l13,5,0.0005,0.6672233126380227,0.6689932942390442,0.740564084596764,0.6415906788247213,0.49122774175718614,0.2836932043349339,0.32034537196159363,0.071070097386837
h64_wd0.0001_s1,l13,6,0.0005,0.660504774613814,0.6693062782287598,0.7546980507070964,0.6522289766970617,0.5509058329252211,0.28607734181297945,0.3506985902786255,0.09733063727617264
h64_wd0.0001_s1,l13,7,0.0005,0.642049870707772,0.6594403386116028,0.7467034017072238,0.6509625126646402,0.5151907593665471,0.2111791658259361,0.3780781626701355,0.12319865077733994
h64_wd0.0001_s1,l13,8,0.0005,0.6345481791279532,0.6541489958763123,0.7757277997197094,0.6638804457953394,0.7006959838995015,0.3026133862119985,0.4066648781299591,0.14910827577114105
h64_wd0.0001_s1,l13,9,0.0005,0.6217447898604653,0.6458995342254639,0.7820184099885336,0.6713525835866262,0.6487442565135931,0.2128417335029635,0.4314236044883728,0.18196362257003784
h64_wd0.0001_s1,l13,10,0.0005,0.6133019517768513,0.6418251991271973,0.7874968148808765,0.6771783181357649,0.5948024512747071,0.17382537525908626,0.45049870014190674,0.20884758234024048
h64_wd0.0001_s1,l13,11,0.0005,0.588889556852254,0.6324760913848877,0.8086539686584278,0.6913627152988855,0.7429019613233546,0.2251502200453813,0.469586580991745,0.23799589276313782
h64_wd0.0001_s1,l13,12,0.0005,0.5833919454704631,0.6769601702690125,0.8179704420945343,0.6819908814589665,0.8456185660354703,0.20834036650642673,0.48820045590400696,0.2667390704154968
h64_wd0.0001_s1,l13,13,0.0005,0.5805029408498243,0.6231243014335632,0.8334978978213785,0.7051671732522797,0.8604675669168222,0.19897834735110267,0.5084955096244812,0.29746681451797485
h64_wd0.0001_s1,l13,14,0.0005,0.5652761296792463,0.6182155609130859,0.8468515097464645,0.7142857142857143,0.85599205151625,0.19167823842322101,0.5264319181442261,0.3295065462589264
h64_wd0.0001_s1,l13,15,0.0005,0.5587688562544909,0.617662787437439,0.8598706841635878,0.713272543059777,1.1489125906560633,0.21408183848368478,0.5427898168563843,0.3612871766090393
h64_wd0.0001_s1,l13,16,0.0005,0.5424607369032773,0.6267743110656738,0.8690438272391388,0.7169452887537995,1.0591283895031025,0.21823281143987944,0.5596751570701599,0.395879328250885
h64_wd0.0001_s1,l13,17,0.0005,0.5106116194616664,0.6220738887786865,0.8701028793476876,0.7235309017223911,0.9770076017571007,0.1866749744432659,0.5760142207145691,0.43249624967575073
h64_wd0.0001_s1,l13,18,0.0005,0.5191706595095721,0.6064984798431396,0.8836157472289464,0.7307497467071935,1.2334922826745194,0.17965341138543414,0.5922555327415466,0.4729323089122772
h64_wd0.0001_s1,l13,19,0.0005,0.504517977887934,0.6115821003913879,0.8853595999490381,0.73290273556231,1.215270979907855,0.18025765412085998,0.6083858609199524,0.5126872062683105
h64_wd0.0001_s1,l13,20,0.0005,0.47626582058993255,0.6247466206550598,0.8966349216460696,0.7272036474164134,1.228731436985376,0.1613625585238461,0.6237210631370544,0.5494637489318848
h64_wd0.0001_s1,l13,21,0.0005,0.47391686927188525,0.6125878095626831,0.9040721747993375,0.7329027355623101,1.1781933936673818,0.14835184832354564,0.6371539831161499,0.58702152967453
h64_wd0.0001_s1,l13,22,0.0005,0.4695680385286158,0.6039565801620483,0.9136036437762772,0.7330293819655522,1.3485914691145442,0.1570913365109462,0.6500818133354187,0.622241735458374
h64_wd0.0001_s1,l13,23,0.0005,0.48446105962449854,0.613735556602478,0.9128153267932221,0.7321428571428572,1.8362114038876702,0.20151018964511289,0.6640233993530273,0.6492909789085388
h64_wd0.0001_s1,l13,24,0.0005,0.47175958346236835,0.6299500465393066,0.9132214294814626,0.7426545086119554,1.728153409619275,0.19424519933276232,0.6779642105102539,0.6859989166259766
h64_wd0.0001_s1,l13,25,0.0005,0.4737492664293809,0.5983869433403015,0.9128073639954134,0.7418946301925025,1.672877708820011,0.16488110797108743,0.6905342936515808,0.703800618648529
h64_wd0.0001_s1,l13,26,0.0005,0.49553160098466004,0.6236156225204468,0.906261944196713,0.7420212765957448,1.961044735629101,0.1847371472110563,0.7035927772521973,0.7280623316764832
h64_wd0.0001_s1,l13,27,0.0005,0.4649496918374842,0.6211390495300293,0.92639189705695,0.7323961499493414,1.5376449843499687,0.14827597837084638,0.7147274613380432,0.761902391910553
h64_wd0.0001_s1,l13,28,0.0005,0.44106312502514233,0.6260290145874023,0.9321609440693082,0.7211246200607904,1.5452826417090586,0.1426991583192094,0.7254169583320618,0.8013689517974854
h64_wd0.0001_s1,l13,29,0.0005,0.4097501188516617,0.6773254871368408,0.9321410370747867,0.736322188449848,1.5965235650648095,0.12901259985572563,0.7356151342391968,0.8421663641929626
h64_wd0.0001_s1,l13,30,0.0005,0.40067398141730914,0.6749265193939209,0.9340441457510511,0.7448074974670719,1.7260438962621223,0.12901452483595924,0.744952917098999,0.8773994445800781
h64_wd0.0001_s1,l13,31,0.0005,0.38196428932926874,0.6542227268218994,0.9438463498534844,0.74822695035461,1.9553575230952027,0.12490995065830889,0.7534557580947876,0.912572979927063
h64_wd0.0001_s1,l13,32,0.0005,0.3916721547191793,0.6607381105422974,0.9346174671932731,0.7426545086119554,2.0078930708403955,0.13606467642837664,0.7624785304069519,0.9379438757896423
h64_wd0.0001_s1,l13,33,0.0005,0.38316437669775705,0.70891273021698,0.9437348706841635,0.7467071935157042,1.8591217759271788,0.1149688739573369,0.7720901370048523,0.9726377725601196
h64_wd0.0001_s1,l13,34,0.0005,0.366425211456689,0.6682164072990417,0.9563638680086635,0.7449341438703141,1.893643037780027,0.1369762395507731,0.7797351479530334,1.0034408569335938
h64_wd0.0001_s1,l13,35,0.0005,0.3376223702322353,0.7818411588668823,0.9477640463753344,0.7467071935157042,2.261484792197642,0.12553860219306975,0.7877331972122192,1.0399681329727173
h64_wd0.0001_s1,l13,36,0.0005,0.34818290309472516,0.6877330541610718,0.9663492164606956,0.7327760891590679,2.299641006280141,0.11501535443581594,0.7954930663108826,1.067624568939209
h64_wd0.0001_s1,l13,37,0.0005,0.33622112667018716,0.6794044375419617,0.9673366033889668,0.7380319148936171,2.0645214060220827,0.11601755988659669,0.8037686944007874,1.1036399602890015
h64_wd0.0001_s1,l13,38,0.0005,0.32675946165214886,0.6884024739265442,0.9709318065995669,0.737082066869301,1.871696638688701,0.10711593139621613,0.812118649482727,1.142821192741394
h64_wd0.0001_s1,l13,39,0.0005,0.32142703980207443,0.6845621466636658,0.9655688622754491,0.7524062816616008,2.095927337230134,0.10904504048805518,0.8196324706077576,1.1771743297576904
h64_wd0.0001_s1,l13,40,0.0005,0.3607457706874067,0.767356812953949,0.955933876926997,0.7384751773049646,2.8661463753647145,0.13930381868816807,0.8279436826705933,1.2033793926239014
h64_wd0.0001_s1,l13,41,0.0005,0.37528355148705567,0.6707729697227478,0.9598475920499427,0.7348024316109423,3.293823179719091,0.14883615755006419,0.8371275663375854,1.2167949676513672
h64_wd0.0001_s1,l13,42,0.0005,0.3861677348613739,0.6132937073707581,0.9695223913874378,0.7369554204660587,2.467633143682292,0.11818508192141565,0.8472301363945007,1.2377811670303345
h64_wd0.0001_s1,l13,43,0.0005,0.36983207951892505,0.6548104882240295,0.9740492419416487,0.7464539007092199,2.0716843891026775,0.10154785328231752,0.854862630367279,1.275675654411316
h64_wd0.0001_s1,l13,44,0.0005,0.32666613297028974,0.6958832740783691,0.9775926869664926,0.7401215805471124,2.2975020918382962,0.11447644067549634,0.862631618976593,1.3186613321304321
h64_wd0.0001_s1,l13,45,0.0005,0.3115254572846673,0.7289814352989197,0.9780943432284368,0.7350557244174265,2.26158705405127,0.10750245655192105,0.8696024417877197,1.359540581703186
h64_wd0.0001_s1,l13,46,0.0005,0.35200119560415094,0.7335660457611084,0.9710273601732704,0.7420212765957447,3.1494761853019066,0.11976339982642448,0.8773825168609619,1.3884168863296509
h64_wd0.0001_s1,l13,47,0.0005,0.33116749132221396,0.7461344599723816,0.9793763536756275,0.7363221884498479,2.7548205775179335,0.09875146391678094,0.8844866156578064,1.4170199632644653
h64_wd0.0001_s1,l13,48,0.0005,0.2935826995156028,0.7921870946884155,0.9825853611925086,0.7382218844984803,2.502975620928303,0.10333683247206271,0.8911006450653076,1.4539382457733154
h64_wd0.0001_s1,l13,49,0.0005,0.2992376461625099,0.8396010398864746,0.9789383997961524,0.7512664640324216,2.6418843652011,0.09543215197044407,0.8975154161453247,1.4912506341934204
h64_wd0.0001_s1,l13,50,0.0005,0.30770531770857895,0.69017493724823,0.9832701618040516,0.7345491388044579,2.820846024713175,0.11503742993156547,0.9048359394073486,1.5249439477920532
h64_wd0.0001_s1,l13,51,0.0005,0.32423016090284695,0.7411707043647766,0.9845123582621991,0.7425278622087134,2.7025660678723424,0.09179748264580763,0.9113203287124634,1.5570251941680908
h64_wd0.0001_s1,l13,52,0.0005,0.29201330515471374,0.7627244591712952,0.9829954452796534,0.7515197568389058,2.7272520545432455,0.09422408111455986,0.9177510738372803,1.5964515209197998
h64_wd0.0001_s1,l13,53,0.0005,0.2730205465446819,0.7511395215988159,0.9868454580201299,0.7395516717325228,2.34836445820753,0.07819026307210351,0.9236157536506653,1.6337454319000244
h64_wd0.0001_s1,l13,54,0.0005,0.27144393731247296,0.8428927063941956,0.9856032615619825,0.7479736575481256,2.5314001832461055,0.09154240953615789,0.9295907616615295,1.6754392385482788
h64_wd0.0001_s1,l13,55,0.0005,0.2843881127509204,0.7077852487564087,0.9759603134157218,0.7306231003039514,3.595848922374655,0.10579231762951963,0.9354169964790344,1.7055350542068481
h64_wd0.0001_s1,l13,56,0.0005,0.297073631124063,0.7467751502990723,0.9882628360300676,0.7348024316109423,2.9178095231940797,0.08572445538460997,0.9415979981422424,1.7331428527832031
h64_wd0.0001_s1,l13,57,0.0005,0.26917767456986685,0.8492676615715027,0.986646388074914,0.7392983789260386,2.9057996684035188,0.08921584994913967,0.9471743106842041,1.7642523050308228
h64_wd0.0001_s1,l13,58,0.0005,0.25735159150578757,0.9167607426643372,0.9868932348069818,0.7500633232016212,2.679808873129844,0.09040198481470671,0.9527860879898071,1.7960902452468872
h64_wd0.0001_s1,l13,59,0.0005,0.2269090082157742,0.8708120584487915,0.9904167728373041,0.7430344478216819,3.3108810237773953,0.09234544364702928,0.9581789374351501,1.8268494606018066
h64_wd0.0001_s1,l14,1,0.0005,0.6959787866343623,0.6904827952384949,0.7128605351557975,0.565008025682183,0.4010278821486261,0.22194241073861756,0.2139645218849182,0.019623499363660812
h64_wd0.0001_s1,l14,2,0.0005,0.6845293226449386,0.6856281757354736,0.7146197729642072,0.5818619582664527,0.34653967308583755,0.2108855771740931,0.2528810501098633,0.02404165267944336
h64_wd0.0001_s1,l14,3,0.0005,0.6698767491008925,0.6783011555671692,0.7340075871655276,0.5991745012611785,0.41947050348882653,0.2591575656008104,0.28741753101348877,0.04969611391425133
h64_wd0.0001_s1,l14,4,0.0005,0.6612526593000992,0.6801638007164001,0.7667670566431136,0.6402201329970191,0.5501377784891693,0.29738774630703974,0.3265131115913391,0.07178185880184174
h64_wd0.0001_s1,l14,5,0.0005,0.6487678678139396,0.6742682456970215,0.7472996061624001,0.615569823434992,0.5840893669601656,0.257411029299571,0.365976482629776,0.10413111746311188
h64_wd0.0001_s1,l14,6,0.0005,0.6173904408579287,0.6546123027801514,0.7801531912429052,0.6444622792937399,0.6868813261295708,0.3069672586039537,0.4001811742782593,0.13751251995563507
h64_wd0.0001_s1,l14,7,0.0005,0.6134388991024183,0.6779687404632568,0.8055354453839917,0.6583352442100435,0.9175215782005764,0.3870991656773916,0.4343505799770355,0.16627319157123566
h64_wd0.0001_s1,l14,8,0.0005,0.5963822875333868,0.6572092771530151,0.8038124058843972,0.6609722540701674,0.9006195850361607,0.3658399168739756,0.46554362773895264,0.18557792901992798
h64_wd0.0001_s1,l14,9,0.0005,0.5862828117349873,0.6451160907745361,0.8321629213483146,0.682068332951158,0.9233260088664256,0.28725801704910636,0.49260836839675903,0.2023845762014389
h64_wd0.0001_s1,l14,10,0.0005,0.5639931378157242,0.6235796809196472,0.8423925634194371,0.6915844989681266,1.0184463148096972,0.3151467098188025,0.5199721455574036,0.23521959781646729
h64_wd0.0001_s1,l14,11,0.0005,0.5510223896607108,0.6238895058631897,0.8522457430788833,0.6929603301994955,0.9453859705566778,0.259994541016319,0.5431796312332153,0.26374551653862
h64_wd0.0001_s1,l14,12,0.0005,0.574134877194529,0.66063392162323,0.8665657940461022,0.6895207521210732,1.4219833201202832,0.345082630074236,0.5725940465927124,0.28051328659057617
h64_wd0.0001_s1,l14,13,0.0005,0.5551982340605363,0.6346349716186523,0.8646038457083286,0.7027058014216923,1.1953653314413533,0.2945787792288331,0.5991520881652832,0.29809102416038513
h64_wd0.0001_s1,l14,14,0.0005,0.5314431967942611,0.6171783804893494,0.8725891926329201,0.7139417564778721,1.0921028798240997,0.30738734749217245,0.6226869225502014,0.313309907913208
h64_wd0.0001_s1,l14,15,0.0005,0.5144858852676724,0.6208016276359558,0.8815229352484651,0.712451272643889,1.0825381816772575,0.2431368558273322,0.6410302519798279,0.34371933341026306
h64_wd0.0001_s1,l14,16,0.0005,0.48939521805099817,0.6203621625900269,0.895328970230511,0.7137124512726439,1.2394408206396395,0.269427004177508,0.6610621809959412,0.38404932618141174
h64_wd0.0001_s1,l14,17,0.0005,0.47141772638196533,0.6087033152580261,0.9004618904204795,0.7229993120843843,1.0551755891283214,0.19154904894635266,0.680415153503418,0.4201886057853699
h64_wd0.0001_s1,l14,18,0.0005,0.4755090293676957,0.6222370862960815,0.9066300822425576,0.7137124512726438,1.3556697350847662,0.21250382539659865,0.6998435854911804,0.45369893312454224
h64_wd0.0001_s1,l14,19,0.0005,0.45831197370653565,0.6322716474533081,0.9093666743889726,0.7239165329052969,1.5712267989350948,0.2584808004502044,0.7185338735580444,0.4843316972255707
h64_wd0.0001_s1,l14,20,0.0005,0.4652159278807433,0.661098837852478,0.9222098343565388,0.7291905526255446,1.6974012730025272,0.24970836580780367,0.7386438846588135,0.5070844292640686
h64_wd0.0001_s1,l14,21,0.0005,0.4864469960979793,0.6841113567352295,0.9129647862851848,0.7208209126347168,2.13770893098436,0.29349969374254886,0.758205235004425,0.5236144661903381
h64_wd0.0001_s1,l14,22,0.0005,0.4874028239561164,0.6072619557380676,0.9190678211513958,0.7332033937170374,1.8066353938940518,0.2190480343118389,0.7791693806648254,0.5395585894584656
h64_wd0.0001_s1,l14,23,0.0005,0.45046968498955603,0.6111814975738525,0.9287182902814781,0.7309103416647558,1.6651386694575587,0.20329121650194412,0.7961090803146362,0.5711795091629028
h64_wd0.0001_s1,l14,24,0.0005,0.40673664730528125,0.6222468614578247,0.9296739256341944,0.7235725750974548,1.425393215116242,0.17824369607470542,0.8115054965019226,0.6144511699676514
h64_wd0.0001_s1,l14,25,0.0005,0.4025848002537437,0.6280949711799622,0.9356900845592494,0.7336620041274936,1.5161222281757214,0.17011679623454495,0.8247204422950745,0.6542847752571106
h64_wd0.0001_s1,l14,26,0.0005,0.38915230787318683,0.6305592656135559,0.9441025715278583,0.7302224260490713,1.7090952916166733,0.16882536698070363,0.8386041522026062,0.6893125772476196
h64_wd0.0001_s1,l14,27,0.0005,0.38923186452492425,0.6470193862915039,0.9455939418510366,0.7344645723457923,1.6690165383058986,0.17347920407389086,0.8531952500343323,0.7235085964202881
h64_wd0.0001_s1,l14,28,0.0005,0.3670474938724352,0.6822493672370911,0.946694370439013,0.7354964457693189,1.820723244264302,0.1758820586098847,0.8650614619255066,0.7530974745750427
h64_wd0.0001_s1,l14,29,0.0005,0.36652709867643274,0.696561872959137,0.9485477238503418,0.7294198578307728,2.2745473584501186,0.21193097682165754,0.8769005537033081,0.7841076254844666
h64_wd0.0001_s1,l14,30,0.0005,0.3922948746577553,0.6285818815231323,0.9515449438202247,0.7344645723457922,2.4318992086062163,0.19067096501186812,0.8951205015182495,0.8040810227394104
h64_wd0.0001_s1,l14,31,0.0005,0.3489966949690943,0.6660835146903992,0.9589076798331981,0.728387984407246,2.007842475238132,0.152284408149683,0.9082769751548767,0.836196780204773
h64_wd0.0001_s1,l14,32,0.0005,0.3442223590353261,0.6739238500595093,0.9625709486852774,0.7251777115340517,2.018291276960206,0.1629199278914258,0.918998658657074,0.8736057877540588
h64_wd0.0001_s1,l14,33,0.0005,0.38876108630843786,0.6706485748291016,0.9573801112012047,0.7158908507223113,2.7926369869018184,0.21053039874335203,0.9314789175987244,0.8865928649902344
h64_wd0.0001_s1,l14,34,0.0005,0.32560779737389606,0.685845136642456,0.9637872118614619,0.7203623022242607,2.139621038069698,0.16390684996803537,0.9437881112098694,0.9174390435218811
h64_wd0.0001_s1,l14,35,0.0005,0.33399450195872266,0.6967397332191467,0.9667192748754778,0.7274707635863333,2.3618304681500253,0.13924827853324834,0.9553537964820862,0.9437840580940247
h64_wd0.0001_s1,l14,36,0.0005,0.316426910136057,0.716524064540863,0.9688549750955635,0.7280440265994038,2.4415626944858344,0.1412804037766115,0.9663368463516235,0.9739443063735962
h64_wd0.0001_s1,l14,37,0.0005,0.3089471258546995,0.7289515137672424,0.9737417467855902,0.7278147213941758,2.224443296881405,0.13651687936603246,0.9776187539100647,1.0097730159759521
h64_wd0.0001_s1,l14,38,0.0005,0.29936191828354547,0.7545011043548584,0.9779769489169465,0.7146296720935565,2.417522171939383,0.14268762739816826,0.9876532554626465,1.037246823310852
h64_wd0.0001_s1,l14,39,0.0005,0.29386271406774933,0.7557452321052551,0.9729453839916599,0.7163494611327678,2.621858916469171,0.14186556934638575,0.9971596598625183,1.0679597854614258
h64_wd0.0001_s1,l14,40,0.0005,0.310291953060938,0.7253990769386292,0.9764131819761379,0.7274707635863333,2.7370293914201396,0.1393662903791765,1.0100593566894531,1.0894438028335571
h64_wd0.0001_s1,l14,41,0.0005,0.31108323193114734,0.7275094985961914,0.9755009845939997,0.7314836046778261,2.767510110511832,0.1418309779788429,1.020909309387207,1.1216310262680054
h64_wd0.0001_s1,l14,42,0.0005,0.2784676668436631,0.7299237847328186,0.9741182091972663,0.7205916074294886,2.647894643071345,0.12382468977257223,1.0308091640472412,1.1596601009368896
h64_wd0.0001_s1,l14,43,0.0005,0.28231346024119336,0.7227272987365723,0.9817198540484189,0.7279293739967897,2.254391662950515,0.11967213918836582,1.0403954982757568,1.196173071861267
h64_wd0.0001_s1,l14,44,0.0005,0.26549240946769714,0.7215875387191772,0.9772710818950539,0.7306810364595276,2.3651535897520044,0.0992203364455374,1.0493906736373901,1.233879804611206
h64_wd0.0001_s1,l14,45,0.0005,0.33761683171210083,0.7190460562705994,0.9789434437623075,0.7354964457693188,3.5764864674104366,0.14538949626054656,1.0588634014129639,1.2625341415405273
h64_wd0.0001_s1,l14,46,0.0005,0.29262420988601184,0.7353628873825073,0.982161473415962,0.7286172896124743,2.817900700485176,0.12409245688047807,1.0684276819229126,1.2901690006256104
h64_wd0.0001_s1,l14,47,0.0005,0.2881520416425622,0.820619523525238,0.9765181570717015,0.7191011235955056,3.1621309251085274,0.12101194309836813,1.0777674913406372,1.311992883682251
h64_wd0.0001_s1,l14,48,0.0005,0.2957699062383693,0.8319095969200134,0.9813506312985057,0.7257509745471222,3.070420947856911,0.13937628716751208,1.0872693061828613,1.3371355533599854
h64_wd0.0001_s1,l15,1,0.0005,0.7002190209570385,0.694921612739563,0.5893823650315154,0.5936314363143631,0.7113378681791677,0.30414866011175984,0.19898183643817902,0.021059731021523476
h64_wd0.0001_s1,l15,2,0.0005,0.6853423090208144,0.6771607995033264,0.6974256645656345,0.6490514905149052,0.6207684286636121,0.3396884265198281,0.24125170707702637,0.026957878842949867
h64_wd0.0001_s1,l15,3,0.0005,0.6736042442775908,0.6685987710952759,0.7442193066593588,0.6804878048780488,0.6147638844450536,0.3330100350090151,0.2719475030899048,0.025978785008192062
h64_wd0.0001_s1,l15,4,0.0005,0.6566507986613682,0.6593647599220276,0.7723091942998082,0.6920054200542005,0.5578698430543229,0.26336696842567064,0.30683043599128723,0.029907945543527603
h64_wd0.0001_s1,l15,5,0.0005,0.6405341369765145,0.6453513503074646,0.7788349547821322,0.6974254742547426,0.6212706459206456,0.2722341164032452,0.34593304991722107,0.045129790902137756
h64_wd0.0001_s1,l15,6,0.0005,0.6238181988398234,0.632735013961792,0.7939332693888737,0.7062330623306232,0.8456197072845152,0.360373933649309,0.38986095786094666,0.07058326154947281
h64_wd0.0001_s1,l15,7,0.0005,0.5973749671663556,0.6230264902114868,0.8119433406412715,0.7127371273712738,0.8212757261317106,0.30939910925801195,0.4299505650997162,0.10057681053876877
h64_wd0.0001_s1,l15,8,0.0005,0.5981226648603167,0.6208463907241821,0.8351945738558509,0.7239837398373984,0.8308084188724714,0.28203998139214026,0.4636557698249817,0.11651771515607834
h64_wd0.0001_s1,l15,9,0.0005,0.5774709951309931,0.6225901246070862,0.839639284735544,0.7220867208672086,1.0124933237293086,0.3414663784131416,0.5024515986442566,0.1457705795764923
h64_wd0.0001_s1,l15,10,0.0005,0.5684204924674261,0.6702538728713989,0.8469443683200877,0.7146341463414635,1.126593434516509,0.34597113236835986,0.5367943048477173,0.1648739129304886
h64_wd0.0001_s1,l15,11,0.0005,0.5429443489937555,0.6576786637306213,0.8624109345026034,0.7384823848238482,1.1505101030963683,0.28880177986515254,0.5665298700332642,0.1920386254787445
h64_wd0.0001_s1,l15,12,0.0005,0.5202070446241469,0.5958034992218018,0.8750599479309399,0.7355013550135502,1.0597675152880426,0.2622641899386635,0.5958150029182434,0.22041474282741547
h64_wd0.0001_s1,l15,13,0.0005,0.5196016870793843,0.5926393270492554,0.886629898602357,0.7413279132791328,1.1888410622259011,0.23090599413343835,0.6233246326446533,0.24712039530277252
h64_wd0.0001_s1,l15,14,0.0005,0.4918401567708878,0.5963659286499023,0.893618114551932,0.7432249322493226,1.1506771704981487,0.261607585849491,0.6523929834365845,0.2850745618343353
h64_wd0.0001_s1,l15,15,0.0005,0.4601889664218539,0.5956865549087524,0.9069265552206085,0.7498644986449865,1.3533145117692604,0.27451005960060804,0.6769813895225525,0.31834328174591064
h64_wd0.0001_s1,l15,16,0.0005,0.44434782720747446,0.5933113098144531,0.912630172650041,0.7547425474254743,1.1897036854227219,0.21423595869499942,0.7019402980804443,0.35738545656204224
h64_wd0.0001_s1,l15,17,0.0005,0.4721402242070153,0.6069539785385132,0.9142658947656892,0.7493224932249323,1.9878046899767527,0.30710707544068105,0.726659893989563,0.3803333342075348
h64_wd0.0001_s1,l15,18,0.0005,0.4739214905670711,0.6060710549354553,0.9276085913949027,0.7471544715447154,1.6620794921168924,0.2711032219512579,0.750099778175354,0.39780193567276
h64_wd0.0001_s1,l15,19,0.0005,0.44438035999025616,0.5992211103439331,0.9376198958618799,0.7617886178861789,1.7448270781365676,0.2456070340363247,0.7700029015541077,0.42744332551956177
h64_wd0.0001_s1,l15,20,0.0005,0.4282836488315037,0.6332228779792786,0.9321817621266101,0.7497289972899729,1.9166321081355706,0.23960780179396046,0.7901011109352112,0.4574395716190338
h64_wd0.0001_s1,l15,21,0.0005,0.3919426429839361,0.5978366732597351,0.9436061249657439,0.7577235772357724,1.698804058119892,0.2366676312013877,0.8081648349761963,0.48972418904304504
h64_wd0.0001_s1,l15,22,0.0005,0.3736255353405362,0.6129106879234314,0.942783981912853,0.7608401084010841,1.6211333860387382,0.24030905400167887,0.8264226913452148,0.5284088253974915
h64_wd0.0001_s1,l15,23,0.0005,0.37085606512569247,0.6424888968467712,0.9490356947108797,0.7434959349593495,1.6186941859470823,0.17878132139247901,0.8432649970054626,0.5605981349945068
h64_wd0.0001_s1,l15,24,0.0005,0.35183699287119363,0.6207201480865479,0.9564949301178405,0.7620596205962059,1.7090100712142573,0.1770320297897457,0.8600322008132935,0.5954342484474182
h64_wd0.0001_s1,l15,25,0.0005,0.32281333917663213,0.6630023121833801,0.9571457933680461,0.7567750677506775,1.7755863463703734,0.1974803491819427,0.877108097076416,0.6347287893295288
h64_wd0.0001_s1,l15,26,0.0005,0.37173131108283997,0.6387584805488586,0.9583704439572486,0.7537940379403795,2.283464349292129,0.281329105138674,0.8948701620101929,0.653292179107666
h64_wd0.0001_s1,l15,27,0.0005,0.3593458100443795,0.6368301510810852,0.9679963688681831,0.7483739837398374,2.0065551284155916,0.19285370078141834,0.9122836589813232,0.6799733638763428
h64_wd0.0001_s1,l15,28,0.0005,0.3312107203971772,0.6687545776367188,0.972072828172102,0.7471544715447155,2.2478619914361504,0.18932732855555884,0.9274590015411377,0.7086472511291504
h64_wd0.0001_s1,l15,29,0.0005,0.3104775995016098,0.6758638620376587,0.9697006029049055,0.7540650406504066,1.985845517294011,0.1877995169151683,0.9428625106811523,0.740882158279419
h64_wd0.0001_s1,l15,30,0.0005,0.3005663064264116,0.7322566509246826,0.9699746505892025,0.7573170731707317,2.31931301900162,0.2016302428360523,0.9589298963546753,0.7727022171020508
h64_wd0.0001_s1,l15,31,0.0005,0.3384550369921185,0.6573887467384338,0.9783159769799945,0.7452574525745258,2.8780068798205733,0.240300521863618,0.9750392436981201,0.7837062478065491
h64_wd0.0001_s1,l15,32,0.0005,0.29651732246081036,0.6696609854698181,0.9755669361468895,0.7486449864498645,2.2275877480702055,0.16149054304560756,0.9893577098846436,0.8157704472541809
h64_wd0.0001_s1,l15,33,0.0005,0.2874882902417864,0.6887174248695374,0.9799345711153741,0.7462059620596206,1.991040280519719,0.1522151208695895,1.0030425786972046,0.8515642285346985
h64_wd0.0001_s1,l15,34,0.0005,0.2719415348200571,0.6894010305404663,0.9792323239243628,0.7489159891598917,2.121226655386085,0.16929498392521183,1.0158581733703613,0.8920004367828369
h64_wd0.0001_s1,l15,35,0.0005,0.2830970258939834,0.7534173727035522,0.9783502329405317,0.7528455284552845,2.0207780662995987,0.13896944566183395,1.0287573337554932,0.9239081144332886
h64_wd0.0001_s1,l15,36,0.0005,0.3188759010462534,0.8251039385795593,0.9777164976705947,0.7448509485094851,2.6222685252216036,0.17327311170674473,1.042752742767334,0.9459882378578186
h64_wd0.0001_s1,l15,37,0.0005,0.2937471114453815,0.7520952224731445,0.9803713346122225,0.749728997289973,2.7722006298560475,0.17992731948936025,1.0551700592041016,0.9638657569885254
h64_wd0.0001_s1,l15,38,0.0005,0.25122689455747604,0.7048342227935791,0.9856553165250753,0.759349593495935,2.2881947927145054,0.14348624754374037,1.0670983791351318,0.9839786291122437
h64_wd0.0001_s1,l15,39,0.0005,0.25554471356528147,0.760287880897522,0.986554535489175,0.7452574525745257,2.7714855987191562,0.1597537957252431,1.0787538290023804,1.0127145051956177
h64_wd0.0001_s1,l15,40,0.0005,0.2460716785419555,0.8222286105155945,0.9884899972595231,0.7475609756097561,2.1239464125188388,0.13837780511791956,1.0896462202072144,1.0378735065460205
h64_wd0.0001_s1,l15,41,0.0005,0.22073666325637273,0.7720729112625122,0.985706700465881,0.744308943089431,2.085910126074984,0.12511891864303124,1.099657654762268,1.0702581405639648
h64_wd0.0001_s1,l15,42,0.0005,0.262352059284846,0.7380949258804321,0.9889952726774458,0.7479674796747968,2.9445513368885123,0.1431632868352015,1.1111775636672974,1.0999947786331177
h64_wd0.0001_s1,l15,43,0.0005,0.2346641839969726,0.764556884765625,0.9867172513017265,0.7468834688346884,2.4598330274304656,0.13252211547378098,1.121492624282837,1.1298853158950806
h64_wd0.0001_s1,l15,44,0.0005,0.23549239479360126,0.8076521158218384,0.9931744998629761,0.7383468834688347,2.988800640150507,0.12339506929795221,1.1314996480941772,1.1525331735610962
h64_wd0.0001_s1,l16,1,0.0005,0.6975690204164257,0.6808018088340759,0.7562555936064617,0.6958099250936329,0.6880911033840936,0.25867394635370766,0.20429091155529022,0.018863573670387268
h64_wd0.0001_s1,l16,2,0.0005,0.6790090695671414,0.6746470928192139,0.7077493176724681,0.6530898876404495,0.6723634166876894,0.2918737502032528,0.2533130645751953,0.02724238857626915
h64_wd0.0001_s1,l16,3,0.0005,0.6701973909917085,0.6691310405731201,0.765915428368553,0.6980337078651686,0.659251149792141,0.30460488420291254,0.3000296652317047,0.033295199275016785
h64_wd0.0001_s1,l16,4,0.0005,0.6326411185057267,0.6596618890762329,0.7508339558724546,0.6822331460674157,0.5587436200870602,0.27687625584694403,0.34462428092956543,0.052640754729509354
h64_wd0.0001_s1,l16,5,0.0005,0.6228143935618193,0.6318605542182922,0.7885339388604947,0.7037687265917604,0.8545296524435734,0.38961939812938384,0.395222932100296,0.07299638539552689
h64_wd0.0001_s1,l16,6,0.0005,0.5959631787694019,0.6220195293426514,0.8072544915273042,0.7154728464419476,0.8693133869041229,0.38002710943571727,0.4443891942501068,0.10009568929672241
h64_wd0.0001_s1,l16,7,0.0005,0.5865856072177058,0.6184915900230408,0.8316111805560692,0.7295177902621723,1.0120938416021628,0.35563227943057973,0.48543471097946167,0.1212950050830841
h64_wd0.0001_s1,l16,8,0.0005,0.5843219031458315,0.6132975220680237,0.8488672253492999,0.7272940074906368,1.1677497088407671,0.37460559854761877,0.5234484672546387,0.14265263080596924
h64_wd0.0001_s1,l16,9,0.0005,0.5750235928141553,0.6229650378227234,0.8562933157789628,0.7334971910112359,1.2487112754326923,0.34253715821021713,0.5644505620002747,0.15899412333965302
h64_wd0.0001_s1,l16,10,0.0005,0.5502926227839097,0.5968942642211914,0.8648288818704278,0.7476591760299626,1.1563141037797826,0.36606207497498805,0.6014901399612427,0.17721466720104218
h64_wd0.0001_s1,l16,11,0.0005,0.5410253664721614,0.5956569910049438,0.8698806943838342,0.7463717228464419,1.3480357264437608,0.3507554106927322,0.6353145241737366,0.19484947621822357
h64_wd0.0001_s1,l16,12,0.0005,0.5153591231159542,0.6162313222885132,0.881182553125393,0.7449672284644195,1.3336017443786572,0.30172970757651635,0.6663187742233276,0.21497569978237152
h64_wd0.0001_s1,l16,13,0.0005,0.495266784792361,0.5989961624145508,0.8948143107567363,0.7487125468164794,1.3413730394163645,0.32735400269009185,0.6947495341300964,0.24541635811328888
h64_wd0.0001_s1,l16,14,0.0005,0.509242585171824,0.5898735523223877,0.8998291407480824,0.7543305243445693,1.6820805839402488,0.4134656701648584,0.7222455143928528,0.2641749083995819
h64_wd0.0001_s1,l16,15,0.0005,0.46645780231641687,0.589262068271637,0.9074475402924578,0.7594803370786517,1.1265810244455827,0.2617524991198668,0.7508827447891235,0.28809788823127747
h64_wd0.0001_s1,l16,16,0.0005,0.44617181627646735,0.58934485912323,0.9138011375823785,0.7636938202247192,1.384877001808593,0.2652345194178,0.7789099812507629,0.32834911346435547
h64_wd0.0001_s1,l16,17,0.0005,0.44753500948781555,0.5939539074897766,0.919037862706085,0.7613529962546818,1.4888535233111488,0.2753328127585792,0.8027254939079285,0.359921395778656
h64_wd0.0001_s1,l16,18,0.0005,0.4533495592034381,0.7821917533874512,0.9230541646018092,0.7611189138576779,1.6656355799872316,0.2702747487901354,0.8272159695625305,0.3867064416408539
h64_wd0.0001_s1,l16,19,0.0005,0.4799965464550516,0.6412439942359924,0.9284018372916959,0.7682584269662921,1.955019278805679,0.3244041096887454,0.8543663024902344,0.3996073603630066
h64_wd0.0001_s1,l16,20,0.0005,0.4744433838388194,0.6111910343170166,0.9104579175881478,0.761001872659176,1.7932529654072413,0.28075806924196883,0.8848869800567627,0.41356080770492554
h64_wd0.0001_s1,l16,21,0.0005,0.4347550324771715,0.676899790763855,0.9236976604856546,0.7594803370786517,1.5166849315406223,0.23589755456356706,0.9079165458679199,0.4446929097175598
h64_wd0.0001_s1,l16,22,0.0005,0.4404242932796478,0.630519449710846,0.9313826285697379,0.7602996254681648,2.178160453327712,0.3089855348660977,0.9286261200904846,0.45786941051483154
h64_wd0.0001_s1,l16,23,0.0005,0.42994144299755926,0.6029590368270874,0.940820568199469,0.7531601123595505,2.003612570048444,0.30659166677091126,0.9471626877784729,0.46932852268218994
h64_wd0.0001_s1,l16,24,0.0005,0.40460299668104754,0.6026780009269714,0.9476697312849947,0.7601825842696629,1.687447180641086,0.2139104171027711,0.9640662670135498,0.4972530007362366
h64_wd0.0001_s1,l16,25,0.0005,0.37289970659691357,0.6204226613044739,0.948808792964445,0.7652153558052435,1.493108060027451,0.1633482957441042,0.9783508777618408,0.529405951499939
h64_wd0.0001_s1,l16,26,0.0005,0.3628331850404325,0.6156901717185974,0.9575366681706226,0.7606507490636705,2.0307238044030664,0.19739551623941382,0.9945411086082458,0.5628647208213806
h64_wd0.0001_s1,l16,27,0.0005,0.34520859303681745,0.6531442403793335,0.9555174224661425,0.7587780898876405,1.753450439638088,0.1649613543949877,1.0100153684616089,0.5977140069007874
h64_wd0.0001_s1,l16,28,0.0005,0.3365236961323282,0.6630343198776245,0.9628325653296252,0.7593632958801498,1.876690657978313,0.17019344092088162,1.0241578817367554,0.6331964731216431
h64_wd0.0001_s1,l16,29,0.0005,0.3147889680188635,0.6760860681533813,0.9629435128958055,0.7659176029962547,1.7268945487095722,0.16131709305931394,1.0371674299240112,0.6633846163749695
h64_wd0.0001_s1,l16,30,0.0005,0.32460784717746405,0.6443507671356201,0.9707764110681292,0.764630149812734,1.8962881199785278,0.16408122858487834,1.0524921417236328,0.6933563351631165
h64_wd0.0001_s1,l16,31,0.0005,0.31380936892136285,0.7072309255599976,0.9694006612474945,0.7553838951310862,1.8885957460204872,0.1532822806207632,1.0678670406341553,0.725872278213501
h64_wd0.0001_s1,l16,32,0.0005,0.34482755414817645,0.7453413009643555,0.9762424278286082,0.7607677902621723,2.762252514104742,0.23134660719340783,1.0836656093597412,0.7458329796791077
h64_wd0.0001_s1,l16,33,0.0005,0.2958453174518502,0.6849815845489502,0.9784539826478007,0.7536282771535581,2.1463518426690893,0.16281044828260857,1.0998345613479614,0.7699577212333679
h64_wd0.0001_s1,l16,34,0.0005,0.29691311522670416,0.7197749018669128,0.9759465676521277,0.761938202247191,2.0637817987836877,0.1486698244747343,1.1147148609161377,0.8039933443069458
h64_wd0.0001_s1,l16,35,0.0005,0.31800858482070593,0.7031310796737671,0.9755545529182907,0.761938202247191,2.929089089173565,0.2071452900170158,1.1301541328430176,0.8223547339439392
h64_wd0.0001_s1,l16,36,0.0005,0.30740595770918805,0.7117153406143188,0.9843416001597645,0.7633426966292135,2.3201485845571823,0.18197981586972894,1.146649718284607,0.8407581448554993
h64_wd0.0001_s1,l16,37,0.0005,0.27686812372311304,0.654228687286377,0.9857839185201074,0.7574906367041199,2.1588098038082815,0.15391802083990838,1.164019227027893,0.8670371770858765
h64_wd0.0001_s1,l16,38,0.0005,0.2975157291992851,0.6986672282218933,0.9804214528213966,0.7571395131086144,2.490888891761503,0.17691439382628338,1.1826471090316772,0.8950121402740479
h64_wd0.0001_s1,l16,39,0.0005,0.2512590107710465,0.7561752796173096,0.988542814665789,0.7553838951310862,2.092194153472821,0.14068438905223674,1.195628046989441,0.9275912046432495
h64_wd0.0001_s1,l17,1,0.0005,0.697942162101919,0.6843165159225464,0.697428042120121,0.5933247753530166,0.6337840136192066,0.26627283375391975,0.21105098724365234,0.02048257365822792
h64_wd0.0001_s1,l17,2,0.0005,0.6729464747688987,0.6771974563598633,0.7472712545412259,0.6320924261874197,0.5094197156811645,0.2609885088491812,0.2564225196838379,0.02613687887787819
h64_wd0.0001_s1,l17,3,0.0005,0.666778028011322,0.6703988909721375,0.7548499891732363,0.638767650834403,0.7447807993659699,0.43708152815596396,0.29369795322418213,0.03652606159448624
h64_wd0.0001_s1,l17,4,0.0005,0.6525715860453519,0.6650774478912354,0.7699112205371678,0.6521181001283696,0.7447671500785301,0.3812802584371933,0.33368992805480957,0.04819866642355919
h64_wd0.0001_s1,l17,5,0.0005,0.6306429694999348,0.6532946825027466,0.7863278023273532,0.665596919127086,0.7836590565345083,0.34926359520605466,0.38154301047325134,0.07127806544303894
h64_wd0.0001_s1,l17,6,0.0005,0.6105474938045848,0.6454758048057556,0.8006111106655652,0.6712451861360719,0.8246759587094995,0.36552239142261417,0.41994792222976685,0.08961213380098343
h64_wd0.0001_s1,l17,7,0.0005,0.6004704873670231,0.6484070420265198,0.8134428306774346,0.6802310654685494,0.8742447984531494,0.34552318491288914,0.4571898281574249,0.11106062680482864
h64_wd0.0001_s1,l17,8,0.0005,0.5712861892851916,0.6454905867576599,0.8298353529925977,0.6827984595635429,0.851565326129883,0.31673541791375187,0.49497777223587036,0.13795532286167145
h64_wd0.0001_s1,l17,9,0.0005,0.5551153705878691,0.643208384513855,0.8423382601791629,0.6930680359435173,0.9480282388230182,0.31663749807752434,0.5302621126174927,0.16195297241210938
h64_wd0.0001_s1,l17,10,0.0005,0.5464091897010803,0.6288943290710449,0.8537905702897564,0.6966623876765085,1.2242499183979998,0.4061572937071529,0.56418776512146,0.18960732221603394
h64_wd0.0001_s1,l17,11,0.0005,0.5318934795531359,0.6387134790420532,0.8676327882525604,0.7011553273427472,1.0263471649586475,0.3270093153661839,0.5932364463806152,0.2060663104057312
h64_wd0.0001_s1,l17,12,0.0005,0.5168819359757684,0.645993173122406,0.8809296581148599,0.7033376123234918,1.2026088347901633,0.29813721494558365,0.6228854656219482,0.23311880230903625
h64_wd0.0001_s1,l17,13,0.0005,0.509743639013984,0.6257933974266052,0.8846187776182726,0.711168164313222,1.1593112846986668,0.2645712076515498,0.6498246788978577,0.2575889527797699
h64_wd0.0001_s1,l17,14,0.0005,0.4989727735519409,0.6207308173179626,0.8950044510028792,0.713607188703466,1.2923827052231205,0.2540196678473584,0.6780591011047363,0.28635308146476746
h64_wd0.0001_s1,l17,15,0.0005,0.5035178349776701,0.6379241347312927,0.9113328147179829,0.7151476251604622,1.34584873467735,0.2605302679304785,0.7031718492507935,0.3122771680355072
h64_wd0.0001_s1,l17,16,0.0005,0.4681365476413207,0.6337024569511414,0.9105228123922336,0.7112965340179719,1.510739181571124,0.2791139083186472,0.7295082211494446,0.3365578055381775
h64_wd0.0001_s1,l17,17,0.0005,0.48390517316081305,0.6356109976768494,0.918598776174704,0.7129653401797175,1.7526593991112618,0.3279883112879814,0.7529747486114502,0.34335634112358093
h64_wd0.0001_s1,l17,18,0.0005,0.4825080944733186,0.6257120966911316,0.912599947069155,0.7156611039794608,1.450551952525537,0.26115187590134337,0.7767851948738098,0.3553721308708191
h64_wd0.0001_s1,l17,19,0.0005,0.45473447848450055,0.6207318305969238,0.9262256297567587,0.7160462130937099,1.3038070414300724,0.20631970272100378,0.7965110540390015,0.3859025239944458
h64_wd0.0001_s1,l17,20,0.0005,0.4405501146208156,0.6402251124382019,0.9287358349840806,0.7178433889602054,1.3161151239643412,0.21738298826010619,0.8160684704780579,0.4208187758922577
h64_wd0.0001_s1,l17,21,0.0005,0.4131680659272454,0.6599545478820801,0.9289523702592809,0.7196405648267009,1.3763045991746148,0.21238727231820054,0.8339307308197021,0.4491576552391052
h64_wd0.0001_s1,l17,22,0.0005,0.4822717837312005,0.6772914528846741,0.9332910955882943,0.7195121951219513,2.3865124409292338,0.3216104569382466,0.8545354008674622,0.4513055384159088
h64_wd0.0001_s1,l17,23,0.0005,0.427390225908973,0.6518049240112305,0.9335477299885317,0.7267008985879333,1.4172875151628441,0.20345416858087415,0.8728911876678467,0.4736579358577728
h64_wd0.0001_s1,l17,24,0.0005,0.39429378374056384,0.6530998945236206,0.9450962779992141,0.7258023106546854,1.5328014398393561,0.22562990490647447,0.888502836227417,0.5031955242156982
h64_wd0.0001_s1,l17,25,0.0005,0.3978999893773686,0.6643503904342651,0.9448396435989767,0.7288831835686777,1.955894070391163,0.2318247310492022,0.9033582806587219,0.5261349678039551
h64_wd0.0001_s1,l17,26,0.0005,0.3816842761906711,0.6892236471176147,0.950461540929177,0.7224646983311939,1.8050397722306315,0.20142854859411977,0.9193367958068848,0.5485948920249939
h64_wd0.0001_s1,l17,27,0.0005,0.4046099307862195,0.7327286005020142,0.9567009647849484,0.728754813863928,2.1502795907554635,0.23598828055377272,0.9364508390426636,0.5711657404899597
h64_wd0.0001_s1,l17,28,0.0005,0.3948498855937611,0.6572352647781372,0.9496755980784499,0.727214377406932,1.8437619930201103,0.22328212837282566,0.9571527242660522,0.5986174941062927
h64_wd0.0001_s1,l17,29,0.0005,0.3672558082775636,0.6590014696121216,0.9556503677089765,0.7311938382541721,1.5647327983549646,0.17360429150904744,0.9732173085212708,0.6302073001861572
h64_wd0.0001_s1,l17,30,0.0005,0.3530523953112689,0.6843835711479187,0.9577515618609201,0.7351732991014122,1.8343113251655032,0.15422220845463214,0.9870248436927795,0.6607987880706787
h64_wd0.0001_s1,l17,31,0.0005,0.3359425501389937,0.7027994394302368,0.9589625554370403,0.7227214377406931,2.1316054339708965,0.2005749123268884,1.0011104345321655,0.6873566508293152
h64_wd0.0001_s1,l17,32,0.0005,0.3644996664740823,0.7396742105484009,0.958513445236625,0.7383825417201539,2.4828540100165415,0.21151347080192454,1.0158579349517822,0.7040835618972778
h64_wd0.0001_s1,l17,33,0.0005,0.367482761090452,0.6778318285942078,0.9692359512715433,0.736842105263158,2.2039486490174167,0.19837576919375283,1.0304423570632935,0.7197704911231995
h64_wd0.0001_s1,l17,34,0.0005,0.38958376104181464,0.8102202415466309,0.9663407944438652,0.7424903722721438,2.6692342858949303,0.20528634631156512,1.0447317361831665,0.737751841545105
h64_wd0.0001_s1,l17,35,0.0005,0.42833837934515695,0.706648588180542,0.956981658660208,0.7430038510911425,2.931278263230679,0.25461229821215414,1.0614800453186035,0.7359460592269897
h64_wd0.0001_s1,l17,36,0.0005,0.3762495233253999,0.6424313187599182,0.9682815920956604,0.7333761232349165,2.4802927310412044,0.20049491464656571,1.0734823942184448,0.7524720430374146
h64_wd0.0001_s1,l17,37,0.0005,0.3240169672803445,0.757686197757721,0.9695407046218252,0.740821566110398,1.699156353654171,0.1552734591881442,1.0837774276733398,0.7920185327529907
h64_wd0.0001_s1,l17,38,0.0005,0.36412128738381644,0.7805238962173462,0.9749861658018621,0.7388960205391528,2.6549155103599045,0.2098252438737519,1.095301628112793,0.8213130235671997
h64_wd0.0001_s1,l17,39,0.0005,0.3590095327659087,0.7263452410697937,0.9710724911982421,0.7363286264441591,2.599831780297519,0.18545560858712634,1.1071549654006958,0.8279037475585938
h64_wd0.0001_s1,l17,40,0.0005,0.3038433864712715,0.7799831628799438,0.9716017996487317,0.7288831835686778,2.0915326841049975,0.15559105287714745,1.1178761720657349,0.8529418110847473
h64_wd0.0001_s1,l17,41,0.0005,0.3433051976290616,0.7207859754562378,0.975691910402515,0.7311938382541721,2.441023118617433,0.1654556245568579,1.1274266242980957,0.8812963962554932
h64_wd0.0001_s1,l17,42,0.0005,0.2934784327041019,0.7453799247741699,0.9760367628778339,0.7362002567394095,2.34115150240083,0.14056828786252237,1.1364208459854126,0.9106431603431702
h64_wd0.0001_s1,l17,43,0.0005,0.26611426743594085,0.8106728196144104,0.9792206334057791,0.7401797175866496,1.9887588059137498,0.13405730333908844,1.1449793577194214,0.9417457580566406
h64_wd0.0001_s1,l17,44,0.0005,0.3398451114242727,0.6634857058525085,0.9827734158840654,0.7326059050064184,3.3307026726425777,0.1927660573760808,1.1560965776443481,0.9512019157409668
h64_wd0.0001_s1,l17,45,0.0005,0.2862657484683124,0.785240650177002,0.9753791372272257,0.72400513478819,2.2291236013418105,0.14746692796261693,1.1678755283355713,0.9738014936447144
h64_wd0.0001_s1,l17,46,0.0005,0.3020103926008398,0.7413612008094788,0.9844014403605713,0.7356867779204108,2.457458880404168,0.14392377220623742,1.178014874458313,1.0029810667037964
h64_wd0.0001_s1,l17,47,0.0005,0.24737924540584738,0.8002989292144775,0.9865908525875966,0.7359435173299103,2.0999529282472946,0.11893208473518507,1.1866436004638672,1.033676266670227
h64_wd0.0001_s1,l17,48,0.0005,0.22115489332513374,0.7789490222930908,0.9886198683144735,0.7335044929396662,1.797231232145638,0.10809080257896157,1.194451928138733,1.067151427268982
h64_wd0.0001_s1,l17,49,0.0005,0.2212557684291493,0.7704879641532898,0.986847486987834,0.7372272143774069,2.2996990519037053,0.1140194991528567,1.2021304368972778,1.1016639471054077
h64_wd0.0001_s1,l17,50,0.0005,0.24891070073301141,0.8202321529388428,0.9888123441146515,0.7342747111681642,2.772091201517211,0.12423013285032601,1.2110624313354492,1.1280947923660278
h64_wd0.0001_s1,l17,51,0.0005,0.21321614797819743,0.8403120040893555,0.9920443335926411,0.7428754813863928,2.684191632888289,0.11192991026555615,1.2191424369812012,1.153161644935608
h64_wd0.0001_s1,l17,52,0.0005,0.2146006351844831,0.8339195251464844,0.9901035359408459,0.7356867779204107,2.706625064976616,0.12136667754493566,1.2266546487808228,1.177747368812561
h64_wd0.0001_s1,l17,53,0.0005,0.19429186121983963,0.8773041367530823,0.9944903802199037,0.733632862644416,2.2194071814248257,0.1009564319843319,1.2338383197784424,1.2025541067123413
h64_wd0.0001_s1,l17,54,0.0005,0.17924676225944,0.9476783275604248,0.9948272128702151,0.743260590500642,2.3616442990210227,0.09902027856948177,1.2404289245605469,1.2330806255340576
h64_wd0.0001_s1,l17,55,0.0005,0.19872029701417143,0.9757433533668518,0.9919721551675742,0.742362002567394,2.9340891123616473,0.11076114663009777,1.2483025789260864,1.2574834823608398
h64_wd0.0001_s1,l17,56,0.0005,0.24075943807309325,0.9995408654212952,0.9853878788364837,0.7385109114249038,3.326245023162906,0.12906474878218405,1.2564665079116821,1.2776693105697632
h64_wd0.0001_s1,l17,57,0.0005,0.2196561951528896,1.0375295877456665,0.9948592921702449,0.7403080872913992,3.048117714235337,0.12258823618962632,1.2643831968307495,1.2895255088806152
h64_wd0.0001_s1,l17,58,0.0005,0.23021295124834235,1.0789047479629517,0.9897667032905342,0.7335044929396662,3.6277729545037545,0.1497039106167018,1.2729896306991577,1.2984395027160645
h64_wd0.0001_s1,l17,59,0.0005,0.2410885342820124,0.9088655710220337,0.994458300919874,0.7388960205391527,3.804700822255005,0.15258349017680017,1.2824345827102661,1.3050364255905151
h64_wd0.0001_s1,l17,60,0.0005,0.20753465660593726,0.8456533551216125,0.9945705784699779,0.7337612323491656,3.037969012896025,0.11931171385924232,1.2921870946884155,1.3193012475967407
h64_wd0.0001_s1,l17,61,0.0005,0.20364091274413196,0.8051218390464783,0.9960863253963799,0.7377406931964057,2.6490500656075056,0.10376466414228451,1.3001151084899902,1.346022367477417
h64_wd0.0001_s1,l17,62,0.0005,0.18992897935888983,0.8186960220336914,0.9958617702961722,0.7370988446726573,2.317654160666654,0.09309635362660354,1.307145595550537,1.3736627101898193
h64_wd0.0001_s1,l17,63,0.0005,0.18992817435752263,1.1074506044387817,0.9948913714702745,0.7356867779204109,2.805556100154164,0.10026072060407461,1.3142441511154175,1.3954896926879883
h64_wd0.0001_s1,l17,64,0.0005,0.18439503318884157,0.8944165110588074,0.9965033562967656,0.7383825417201542,3.267300902161148,0.1086215066831966,1.3207006454467773,1.410598874092102
h64_wd0.0001_s1,l17,65,0.0005,0.16555263643915002,1.0550469160079956,0.9945224595199333,0.741206675224647,2.4513237339203187,0.09665465492390735,1.3266972303390503,1.4355494976043701
h64_wd0.0001_s1,l17,66,0.0005,0.22186606106433002,0.8408434987068176,0.9973133586225149,0.7324775353016689,3.700956992859951,0.12211873834865195,1.3344515562057495,1.4531030654907227
h64_wd0.0001_s1,l17,67,0.0005,0.1764914539049972,0.8853984475135803,0.9951800851705417,0.7458279845956354,2.7031141767640032,0.09323820033338986,1.3417845964431763,1.4721934795379639
h64_wd0.0001_s1,l17,68,0.0005,0.17950135164640166,1.0297449827194214,0.9953084023706603,0.7431322207958921,2.8605777575118774,0.0804943219324734,1.3490955829620361,1.4912950992584229
h64_wd0.0001_s1,l17,69,0.0005,0.2104166749526154,0.8957411050796509,0.9922769085178562,0.7345314505776636,3.522893082169395,0.11488108930362077,1.3558746576309204,1.5071532726287842
h64_wd0.0001_s1,l17,70,0.0005,0.2000055123459209,0.8553657531738281,0.9977063300478783,0.7395378690629011,2.9111346338122996,0.09054525067660325,1.3631232976913452,1.5238447189331055
h64_wd0.0001_s1,l17,71,0.0005,0.16527058522809634,1.0493459701538086,0.9956853341460089,0.7471116816431321,2.571690954141428,0.09184521511281293,1.3694555759429932,1.5552319288253784
h64_wd0.0001_s1,l17,72,0.0005,0.1993026960302483,0.8670169711112976,0.9972411801974481,0.738382541720154,3.1028219756405546,0.09949017836454753,1.3773767948150635,1.5827373266220093
h64_wd0.0001_s1,l17,73,0.0005,0.2076832110231573,0.9497106671333313,0.9976662309228412,0.7385109114249038,3.0876043268384974,0.10107322166901396,1.3850653171539307,1.6091686487197876
h64_wd0.0001_s1,l17,74,0.0005,0.16057879410006784,0.9979186058044434,0.9982356384983679,0.7387676508344031,2.522964905952524,0.07631829702105004,1.3929829597473145,1.6385362148284912
h64_wd0.0001_s1,l17,75,0.0005,0.15579639713872562,1.0223091840744019,0.9986286099237314,0.7400513478819,2.896410295362333,0.09059929170310885,1.3992952108383179,1.6615601778030396
h64_wd0.0001_s1,l17,76,0.0005,0.1650535301728682,0.887607216835022,0.9966597428844103,0.716752246469833,2.9309070166534386,0.08831087606027241,1.4071192741394043,1.6849753856658936
h64_wd0.0001_s1,l17,77,0.0005,0.16946962611241775,0.9225419163703918,0.9982677177983976,0.7413350449293967,3.153000263426586,0.09509367533240387,1.4139690399169922,1.7098641395568848
h64_wd0.0001_s1,l17,78,0.0005,0.14906168932264502,1.0162179470062256,0.998484253073598,0.7414634146341464,3.0471164788109633,0.0816115397375287,1.4197137355804443,1.7382030487060547
h64_wd0.0001_s1,l17,79,0.0005,0.15590330789035017,0.9970473051071167,0.9974978145976855,0.7471116816431321,2.9983994162440566,0.07285577259678468,1.4246330261230469,1.7577853202819824
h64_wd0.0001_s1,l17,80,0.0005,0.178023236380382,1.21085786819458,0.9973614775725594,0.7432605905006419,3.509550177577894,0.08450244556241907,1.4308011531829834,1.7699387073516846
h64_wd0.0001_s1,l17,81,0.0005,0.13376694155687635,1.1264913082122803,0.9981714798983087,0.7329910141206675,2.578761708818651,0.06402019885933552,1.435872197151184,1.7916903495788574
h64_wd0.0001_s1,l17,82,0.0005,0.15279092301021924,1.0082052946090698,0.9974737551226631,0.7430038510911425,2.9389978513148916,0.0768221195085753,1.4409602880477905,1.815611720085144
h64_wd0.0001_s1,l17,83,0.0005,0.15732421353459358,0.9675607681274414,0.9994867311995252,0.734788189987163,2.8555785465775014,0.06700032110597277,1.4464471340179443,1.844208836555481
h64_wd0.0001_s1,l17,84,0.0005,0.1369674424217506,1.1924350261688232,0.997104843172322,0.7377406931964057,2.709128066898503,0.06469287430611427,1.4517779350280762,1.8680644035339355
h64_wd0.0001_s1,l17,85,0.0005,0.13212144950574095,0.9831905961036682,0.9991338588991988,0.7227214377406932,2.8147664370387933,0.06200416002617349,1.4567724466323853,1.894845962524414
h64_wd0.0001_s1,l17,86,0.0005,0.14529983021996237,1.1172761917114258,0.998869204673954,0.7329910141206676,3.0509993546824608,0.07582593203887655,1.461071252822876,1.9216740131378174
h64_wd0.0001_s1,l17,87,0.0005,0.14084684645587747,0.943451464176178,0.9991097994241765,0.7278562259306803,3.301872444186026,0.07430350859735389,1.4657925367355347,1.9422696828842163
h64_wd0.0001_s1,l17,88,0.0005,0.15872248736294833,1.0730644464492798,0.9987408874738353,0.7284980744544286,3.144648994369432,0.07095440466487166,1.4707834720611572,1.9662089347839355
h64_wd0.0001_s1,l17,89,0.0005,0.1379773628643968,1.309120535850525,0.9981073212982493,0.7386392811296534,3.6235941237818774,0.07038345893246846,1.475711464881897,1.9888296127319336
h64_wd0.0001_s1,l17,90,0.0005,0.1697223631834442,0.9954242706298828,0.9972852892349889,0.7165596919127085,3.4577478662529866,0.07258477225343829,1.4803824424743652,2.007040500640869
h64_wd0.0001_s1,l17,91,0.0005,0.16595055162906647,1.2608550786972046,0.9957815720460981,0.7374839537869063,4.126568725208748,0.07615538610749896,1.4858753681182861,2.0272560119628906
h64_wd0.0001_s1,l18,1,0.0005,0.7009469948031686,0.6872628331184387,0.6891820621403199,0.5950024740227611,0.5106189784182443,0.264561235444146,0.2125789374113083,0.026219302788376808
h64_wd0.0001_s1,l18,2,0.0005,0.6798423745415427,0.6818207502365112,0.742201436393814,0.6386689757545769,0.46117166715877295,0.2989963766184822,0.26070457696914673,0.030522482469677925
h64_wd0.0001_s1,l18,3,0.0005,0.6741237613287839,0.6758447885513306,0.7451021452836335,0.6370608609599209,0.6011102669348142,0.37833411681263834,0.2977999746799469,0.0352155975997448
h64_wd0.0001_s1,l18,4,0.0005,0.6614228568293832,0.6732945442199707,0.7588068314021127,0.6546264225630876,0.7198541534978022,0.4105550991646296,0.3340097963809967,0.04216732084751129
h64_wd0.0001_s1,l18,5,0.0005,0.6476831463250247,0.6612873673439026,0.7573719887694479,0.646585848589807,0.7963082754446116,0.46076736106559646,0.3712255358695984,0.057765088975429535
h64_wd0.0001_s1,l18,6,0.0005,0.6309524503621188,0.6596964001655579,0.7837886050227248,0.667615042058387,0.7383848564815917,0.40541265866781284,0.4108602702617645,0.07588765025138855
h64_wd0.0001_s1,l18,7,0.0005,0.6132758855819702,0.6454375982284546,0.7989358896799914,0.6760267194458189,0.9764903489234252,0.545164652785025,0.4448437988758087,0.09133091568946838
h64_wd0.0001_s1,l18,8,0.0005,0.6134774576533925,0.6512762904167175,0.8022786852187941,0.6750371103414151,0.9418249308706222,0.4395797751690896,0.4734753370285034,0.10424691438674927
h64_wd0.0001_s1,l18,9,0.0005,0.5841057964346625,0.6381930708885193,0.8182868754556595,0.6829539831766454,0.7892167188092664,0.31469166621330347,0.5045136213302612,0.12816764414310455
h64_wd0.0001_s1,l18,10,0.0005,0.5725329491225156,0.630638062953949,0.8402438456884919,0.6903760514596734,1.0223466803203682,0.4227611990771258,0.5353274345397949,0.15280881524085999
h64_wd0.0001_s1,l18,11,0.0005,0.5753046287731691,0.6447048187255859,0.8323638450680192,0.6855517070757051,1.0942534180287882,0.4102029115754893,0.5649101138114929,0.17374631762504578
h64_wd0.0001_s1,l18,12,0.0005,0.5746508294885809,0.6607469916343689,0.8621930600152016,0.694210786739238,1.359759035682136,0.42509968492623557,0.5938330888748169,0.1870317906141281
h64_wd0.0001_s1,l18,13,0.0005,0.5324807018041611,0.6276753544807434,0.8656289264274745,0.6963137060860959,0.8557267123589554,0.28036951162497964,0.6204123497009277,0.21130862832069397
h64_wd0.0001_s1,l18,14,0.0005,0.5424928787079725,0.6587375402450562,0.8642793987621573,0.6904997525977239,1.4430809002248712,0.37603473590476716,0.6440762877464294,0.23351585865020752
h64_wd0.0001_s1,l18,15,0.0005,0.5143601758913561,0.634535551071167,0.8795275101990165,0.6999010390895597,1.0129825955319622,0.27283831227134986,0.6678527593612671,0.25359582901000977
h64_wd0.0001_s1,l18,16,0.0005,0.5308140584013679,0.6353557109832764,0.884561093272527,0.7064571994062346,1.4292675838206252,0.3683049791943528,0.6903752684593201,0.2751806080341339
h64_wd0.0001_s1,l18,17,0.0005,0.536583736538887,0.6279828548431396,0.8938914483379093,0.7099208312716477,1.6096180970709142,0.4198069108164619,0.7137661576271057,0.29015201330184937
h64_wd0.0001_s1,l18,18,0.0005,0.4854832657358863,0.6321566104888916,0.8911613693827849,0.7127659574468085,1.1010301340860702,0.2764572121945424,0.7336177229881287,0.3096369504928589
h64_wd0.0001_s1,l18,19,0.0005,0.4639956693757664,0.641247034072876,0.9023996773543053,0.710786739238001,1.0017209385948482,0.2231768731931786,0.7509429454803467,0.3394363820552826
h64_wd0.0001_s1,l18,20,0.0005,0.451741561293602,0.6421117782592773,0.9142507019095041,0.7127659574468086,1.1905446081462927,0.22451381961378034,0.7677645087242126,0.36874863505363464
h64_wd0.0001_s1,l18,21,0.0005,0.43388316306200897,0.6451365947723389,0.9209362929871097,0.7119000494804553,1.1821084183234367,0.2092061127722217,0.7849923968315125,0.4004738926887512
h64_wd0.0001_s1,l18,22,0.0005,0.4162511717189442,0.6523464918136597,0.924255820807545,0.7133844631370608,1.4175074774133227,0.22702896083505164,0.802358090877533,0.4324422776699066
h64_wd0.0001_s1,l18,23,0.0005,0.41824727708643133,0.714216947555542,0.9247211751748957,0.7148688767936665,1.4775440374500055,0.22787232520069656,0.8216525316238403,0.45986974239349365
h64_wd0.0001_s1,l18,24,0.0005,0.4088208025152033,0.6752654314041138,0.9350365303178371,0.7154873824839189,1.5508756773657453,0.20687093836160733,0.8387508988380432,0.4845726490020752
h64_wd0.0001_s1,l18,25,0.0005,0.4043759297240864,0.6562618613243103,0.9424589324770813,0.7193221177634834,1.6653715527713564,0.21852613581923094,0.8555142879486084,0.5121625661849976
h64_wd0.0001_s1,l18,26,0.0005,0.39642305265773425,0.6916242837905884,0.9428079482525944,0.7173428995546759,1.9235908591399897,0.24268854075408505,0.8724253177642822,0.536820650100708
h64_wd0.0001_s1,l18,27,0.0005,0.3727174441922795,0.6843224167823792,0.9495788542975475,0.7250123701138049,1.5875665746498975,0.2064430392845971,0.8894819021224976,0.5607895255088806
h64_wd0.0001_s1,l18,28,0.0005,0.3615396788174456,0.7007364630699158,0.9540229885057471,0.7222909450766948,1.7779111837542714,0.18060540466171224,0.9060370326042175,0.5917388200759888
h64_wd0.0001_s1,l18,29,0.0005,0.38034861941229214,0.6998280882835388,0.9535421223261513,0.7229094507669471,2.293586136523167,0.2494970728628572,0.9228086471557617,0.612194836139679
h64_wd0.0001_s1,l18,30,0.0005,0.3712787628173828,0.6946335434913635,0.9641677137139932,0.7195695200395844,2.1060952229034773,0.21447307853197503,0.9382663369178772,0.6323644518852234
h64_wd0.0001_s1,l18,31,0.0005,0.34165720167485153,0.7033630013465881,0.9593435401057905,0.7261256803562592,1.895669882155145,0.183774407336506,0.9535725116729736,0.6591533422470093
h64_wd0.0001_s1,l18,32,0.0005,0.3270984644239599,0.7255923748016357,0.9685575565793352,0.7216724393864423,1.6541828970235886,0.1547620514046416,0.9670447111129761,0.687729001045227
h64_wd0.0001_s1,l18,33,0.0005,0.29812178963964636,0.7198241949081421,0.971946887554873,0.7242701632855023,1.5996572049505615,0.13329137680350375,0.9786339402198792,0.7189671397209167
h64_wd0.0001_s1,l18,34,0.0005,0.3133899745616046,0.7250968217849731,0.9731645648161076,0.7274863928748144,2.203061241282237,0.173831514444912,0.9916186332702637,0.7461174726486206
h64_wd0.0001_s1,l18,35,0.0005,0.3421624817631461,0.759821891784668,0.9685885802038252,0.7276100940128648,2.3676119003935074,0.185348842519649,1.006455898284912,0.7688912749290466
h64_wd0.0001_s1,l18,36,0.0005,0.30892531980167737,0.714759886264801,0.9695270448446492,0.7242701632855023,2.0381556684362025,0.15862158900742557,1.0214321613311768,0.7949692606925964
h64_wd0.0001_s1,l18,37,0.0005,0.29222031411799515,0.7543993592262268,0.9758170847100067,0.7288471053933696,1.7140683684781741,0.1459143099534099,1.0345591306686401,0.8330564498901367
h64_wd0.0001_s1,l18,38,0.0005,0.27325953814116394,0.7336845397949219,0.9822699986039369,0.72897080653142,2.1680360051991667,0.1486508596120336,1.04690682888031,0.8654454350471497
h64_wd0.0001_s1,l18,39,0.0005,0.27675059505484323,0.8151708841323853,0.9771355887508337,0.7225383473527957,2.089901205115512,0.13523312495616985,1.058517336845398,0.8996307849884033
h64_wd0.0001_s1,l18,40,0.0005,0.28576453165574506,0.7268604040145874,0.9856438177672298,0.7287234042553191,2.5175145115468607,0.16558054295594948,1.0707508325576782,0.9234390258789062
h64_wd0.0001_s1,l18,41,0.0005,0.3544722748073665,0.7680668234825134,0.9769416910977711,0.7232805541810985,3.0717959917001783,0.18250624077201677,1.0854586362838745,0.9392262697219849
h64_wd0.0001_s1,l18,42,0.0005,0.34733193638649856,0.7110971808433533,0.982285510416182,0.7298367144977734,3.049517950458822,0.20546434397375843,1.099915623664856,0.9562181234359741
h64_wd0.0001_s1,l18,43,0.0005,0.28686653077602386,0.8213418126106262,0.9786945258814588,0.7172191984166254,2.098918579921053,0.13063670662668964,1.112747311592102,0.9849467873573303
h64_wd0.0001_s1,l18,44,0.0005,0.25267769023776054,0.7284170389175415,0.9880636604774535,0.7172191984166254,2.192864364064939,0.12864431087209882,1.1233582496643066,1.0177221298217773
h64_wd0.0001_s1,l18,45,0.0005,0.27141726084730844,0.7664684653282166,0.9888314951835823,0.7252597723899059,2.7607750247235967,0.14339271337392942,1.1336575746536255,1.0514219999313354
h64_wd0.0001_s1,l18,46,0.0005,0.25184265591881494,0.8528779745101929,0.9858764949509051,0.7235279564571994,2.398088723906952,0.13575193728173288,1.1443042755126953,1.083454966545105
h64_wd0.0001_s1,l18,47,0.0005,0.2741078720851378,0.7850528359413147,0.987039880869282,0.7203117268678872,2.595356485932202,0.11535092814423022,1.1545178890228271,1.1109122037887573
h64_wd0.0001_s1,l18,48,0.0005,0.27687765725634317,0.8823193907737732,0.9852017311182466,0.7237753587333003,3.050693800725132,0.15554911484883147,1.164009928703308,1.1313624382019043
h64_wd0.0001_s1,l18,49,0.0005,0.2708117738366127,0.903324544429779,0.9870553926815271,0.7204354280059375,2.7778119788005484,0.1373696200862047,1.1733009815216064,1.1505910158157349
h64_wd0.0001_s1,l18,50,0.0005,0.2505351264368404,0.8077390193939209,0.9929537592876976,0.7109104403760513,3.116855561125095,0.13577803277952127,1.1829413175582886,1.1732388734817505
h64_wd0.0001_s1,l18,51,0.0005,0.21643016521226277,0.8874825239181519,0.9914607473591139,0.7164769915883226,2.86380033405236,0.11798235114077277,1.1917017698287964,1.1947637796401978
h64_wd0.0001_s1,l18,52,0.0005,0.24761034108021043,0.8133474588394165,0.9901577551305318,0.7136318654131618,2.6297274358217777,0.12029965894853416,1.1987956762313843,1.2046482563018799
h64_wd0.0001_s1,l18,53,0.0005,0.2374044213105332,0.8623788356781006,0.9912513378938062,0.7088075210291934,3.1305876940562487,0.13405415850466224,1.2072691917419434,1.2220045328140259
h64_wd0.0001_s1,l18,54,0.0005,0.2430163709954782,0.8614303469657898,0.991794251322382,0.7166006927263732,3.1934426421543676,0.13177240125235246,1.216042399406433,1.2304531335830688
h64_wd0.0001_s1,l18,55,0.0005,0.19802211834625763,0.9132694005966187,0.9947647633673042,0.7189510143493321,2.1578619627516265,0.09455038410857602,1.2245361804962158,1.2590619325637817
h64_wd0.0001_s1,l18,56,0.0005,0.21865926174954933,0.8152531981468201,0.9931515348938216,0.7174666006927264,3.1104118421425166,0.12205764598848715,1.2317479848861694,1.2811189889907837
h64_wd0.0001_s1,l18,57,0.0005,0.20548354664986784,0.9294965267181396,0.9940744877224006,0.7189510143493321,3.0556672086727286,0.11069255963188686,1.2393639087677002,1.3092445135116577
h64_wd0.0001_s1,l18,58,0.0005,0.19631935893134636,1.0223146677017212,0.991414211922379,0.7235279564571994,2.632880542905417,0.09697849589594423,1.246327519416809,1.3363934755325317
h64_wd0.0001_s1,l18,59,0.0005,0.2106122923168269,0.9730541706085205,0.9945010625591388,0.7258782780801584,2.873906000431548,0.09879079952855213,1.2529202699661255,1.3586007356643677
h64_wd0.0001_s1,l18,60,0.0005,0.2097305909476497,1.0254262685775757,0.994322676718321,0.7290945076694706,3.3743860295019816,0.11173462656704695,1.2601041793823242,1.3786675930023193
h64_wd0.0001_s1,l18,61,0.0005,0.20711012455550107,0.9329974055290222,0.9942761412815859,0.7196932211776348,3.468090866487361,0.12103810783180964,1.2673678398132324,1.3968143463134766
h64_wd0.0001_s1,l18,62,0.0005,0.19875812801447781,0.9690383076667786,0.9971303147346705,0.7157347847600198,3.0181191064846957,0.10202830341316473,1.2745543718338013,1.4182674884796143
