unit,fold,epoch,lr,train_loss,val_loss,train_auc,val_auc,grad_net,grad_head,move_net,move_head
h512_wd0.01_s0,o0,1,0.0005,0.7385736797985277,0.6935813426971436,0.5995863361664996,0.49845890410958904,1.0516771144289616,0.3364824704620683,0.24461916089057922,0.03918587043881416
h512_wd0.01_s0,o0,2,0.0005,0.6901366271470722,0.6993268728256226,0.6351786618405886,0.5219178082191782,0.5680015396653783,0.1625263358791358,0.2868153750896454,0.04977450147271156
h512_wd0.01_s0,o0,3,0.0005,0.681095678555338,0.6856456995010376,0.7161016492690864,0.5900684931506849,0.532702402339569,0.15677649632200705,0.29813238978385925,0.052389755845069885
h512_wd0.01_s0,o0,4,0.0005,0.662365198135376,0.6801891326904297,0.740835299313792,0.6164383561643836,0.4801969985735092,0.14104707586507803,0.30834925174713135,0.04048232361674309
h512_wd0.01_s0,o0,5,0.0005,0.6582860193754497,0.6869038343429565,0.7548287711814196,0.6371575342465753,0.6956885793636061,0.19154219580903215,0.3216392993927002,0.02989548072218895
h512_wd0.01_s0,o0,6,0.0005,0.6556852993212248,0.6607138514518738,0.788665180062265,0.6863013698630137,0.9203070625891804,0.26440830884214866,0.3347485363483429,0.03128346800804138
h512_wd0.01_s0,o0,7,0.0005,0.6165784471913388,0.6532977223396301,0.8000947979618438,0.6861301369863013,0.6277292261090475,0.18192454440999004,0.3493654429912567,0.0332375206053257
h512_wd0.01_s0,o0,8,0.0005,0.6098133325576782,0.6633750200271606,0.793555893093753,0.7083904109589041,0.8427373258435156,0.21646646273750386,0.3641720414161682,0.052525077015161514
h512_wd0.01_s0,o0,9,0.0005,0.5738385570676703,0.6418144106864929,0.8263150524081915,0.7003424657534246,0.8716813885949577,0.21253021896566268,0.37943193316459656,0.07950810343027115
h512_wd0.01_s0,o0,10,0.0005,0.6199634263389989,0.6315983533859253,0.8386818774305445,0.7032534246575342,1.3612441839881975,0.34754334532018216,0.39145320653915405,0.0776979923248291
h512_wd0.01_s0,o0,11,0.0005,0.557502164652473,0.619585394859314,0.8481509011192624,0.7179794520547944,0.8807107197261869,0.22203215908804227,0.40341100096702576,0.09371549636125565
h512_wd0.01_s0,o0,12,0.0005,0.549320388781397,0.622528076171875,0.856973575068136,0.7179794520547944,1.1025565333907195,0.2644219674589921,0.4135892391204834,0.11356890201568604
h512_wd0.01_s0,o0,13,0.0005,0.5655930936336517,0.606213390827179,0.8699221148563487,0.7342465753424656,1.0768201958412056,0.24408154120485773,0.4228641092777252,0.12591944634914398
h512_wd0.01_s0,o0,14,0.0005,0.5139756422293814,0.6051979660987854,0.8796065884583482,0.739041095890411,0.9387155155086874,0.21123371113820064,0.43298760056495667,0.1627397984266281
h512_wd0.01_s0,o0,15,0.0005,0.5083174846674267,0.6196523904800415,0.888138405024292,0.7464041095890411,1.2170012808836155,0.216507407662743,0.44159120321273804,0.19195961952209473
h512_wd0.01_s0,o0,16,0.0005,0.492742226312035,0.5946338772773743,0.8993741180019175,0.7467465753424658,0.9471178194192005,0.17796118583947967,0.45066556334495544,0.2208227515220642
h512_wd0.01_s0,o0,17,0.0005,0.4647467638316907,0.599419116973877,0.9023796442921931,0.7467465753424658,1.120396957640914,0.2002808447676432,0.46015360951423645,0.2686930000782013
h512_wd0.01_s0,o0,18,0.0005,0.4555679904787164,0.5835637450218201,0.912742785121029,0.760958904109589,1.2453268905660888,0.2047494028782998,0.46940988302230835,0.30140772461891174
h512_wd0.01_s0,o0,19,0.0005,0.4546978395236166,0.6903349161148071,0.9122903403031379,0.7457191780821918,1.4392971712089986,0.21690845021591396,0.47906622290611267,0.32524028420448303
h512_wd0.01_s0,o0,20,0.0005,0.45699052434218557,0.5688338875770569,0.9250342026737335,0.7671232876712328,1.4571126111869743,0.2053431911991769,0.48754367232322693,0.34109386801719666
h512_wd0.01_s0,o0,21,0.0005,0.4091979986742923,0.602951169013977,0.9309267578019799,0.7669520547945206,1.0625520921629346,0.17340490344883225,0.4966190457344055,0.3797028958797455
h512_wd0.01_s0,o0,22,0.0005,0.3909039528746354,0.5839619636535645,0.9379504249749541,0.7667808219178083,1.223986974248146,0.17000402923697253,0.5046560168266296,0.4190548360347748
h512_wd0.01_s0,o0,23,0.0005,0.37358400068785014,0.5773029923439026,0.9480011634295318,0.7702054794520548,1.2590822667699437,0.15754635579256981,0.5123185515403748,0.4636456072330475
h512_wd0.01_s0,o0,24,0.0005,0.370484007032294,0.62859046459198,0.947581036098633,0.7669520547945204,1.4577851373352224,0.17543584987566138,0.5193591713905334,0.5039674043655396
h512_wd0.01_s0,o0,25,0.0005,0.3757277593800896,0.5725873708724976,0.9586336166499693,0.7753424657534247,1.6290513768858437,0.1796477022430089,0.5273945927619934,0.5292550921440125
h512_wd0.01_s0,o0,26,0.0005,0.3696199373195046,0.5941020250320435,0.955703497829342,0.7727739726027397,1.3574987717588025,0.16653223873627424,0.5355082154273987,0.5610454082489014
h512_wd0.01_s0,o0,27,0.0005,0.36113754620677546,0.5859270095825195,0.9664975384847407,0.7705479452054795,1.4603153686940848,0.1445500846309615,0.5428054928779602,0.5954896211624146
h512_wd0.01_s0,o0,28,0.0005,0.34900053394468206,0.6010504364967346,0.9583427592670394,0.7652397260273972,2.136790920798454,0.17016292759429358,0.5503631234169006,0.6233824491500854
h512_wd0.01_s0,o0,29,0.0005,0.31925647039162486,0.5840367078781128,0.9706988117937283,0.7749999999999999,1.3948523003013786,0.13532772445812608,0.5577031373977661,0.6634536981582642
h512_wd0.01_s0,o0,30,0.0005,0.3071399817341252,0.610201358795166,0.9751370800073254,0.7657534246575342,1.6861103280317067,0.14587871452043105,0.5645958781242371,0.7081397771835327
h512_wd0.01_s0,o0,31,0.0005,0.3428637738290586,0.6452198028564453,0.973413480701074,0.7664383561643835,2.1770937359894513,0.16888181032224625,0.5721396207809448,0.7396031022071838
h512_wd0.01_s0,o0,32,0.0005,0.31773416148988826,0.6970274448394775,0.9729287183961909,0.7559931506849314,1.8887195555848417,0.1320442923315147,0.579649806022644,0.7659630179405212
h512_wd0.01_s0,o0,33,0.0005,0.29755791472761256,0.646866500377655,0.9826993719635028,0.7672945205479451,2.1189677207202364,0.1513700616859091,0.5863419771194458,0.792430579662323
h512_wd0.01_s0,o0,34,0.0005,0.297381612815355,0.6480690240859985,0.9812989475271736,0.7636986301369864,1.918348052630624,0.14801905895506073,0.5929155349731445,0.8143340349197388
h512_wd0.01_s0,o0,35,0.0005,0.26255288014286443,0.7140867710113525,0.9835934891036207,0.7714041095890412,1.436950732687994,0.11463280842105932,0.5985044240951538,0.8491826057434082
h512_wd0.01_s0,o0,36,0.0005,0.2479195975159344,0.6770192980766296,0.986695967854873,0.7700342465753424,1.6953761276816566,0.12695691133793438,0.6036521792411804,0.886902391910553
h512_wd0.01_s0,o0,37,0.0005,0.25582728848645564,0.6851806640625,0.987169957664092,0.7666095890410958,1.96790321070095,0.11999052951036288,0.6086341142654419,0.9135146141052246
h512_wd0.01_s0,o0,38,0.0005,0.23766790565691495,0.6865336894989014,0.9870299152204591,0.7547945205479452,1.9025339414114566,0.1282889470549769,0.6138393878936768,0.947246253490448
h512_wd0.01_s0,o0,39,0.0005,0.2453979143970891,0.7224262356758118,0.989615314179836,0.7691780821917807,2.0371046427916943,0.11785458122376499,0.6196033358573914,0.982498824596405
h512_wd0.01_s0,o0,40,0.0005,0.2328933787189032,0.6918182373046875,0.9911773260511263,0.7736301369863013,2.1151319191852616,0.11279831550841485,0.6254790425300598,1.0161209106445312
h512_wd0.01_s0,o0,41,0.0005,0.20859547900526146,0.7132245302200317,0.9916944058430017,0.7626712328767123,1.9723103258644075,0.11380610338977827,0.6304993629455566,1.052755355834961
h512_wd0.01_s0,o0,42,0.0005,0.26932821305174576,0.8300963640213013,0.9895291342145234,0.7563356164383561,3.0839475857855696,0.14622750271723178,0.6354074478149414,1.073024034500122
h512_wd0.01_s0,o0,43,0.0005,0.29221160474576446,0.704150915145874,0.9927501104180805,0.7618150684931506,2.2378865412926943,0.13883306441399831,0.6405259370803833,1.0962553024291992
h512_wd0.01_s0,o0,44,0.0005,0.22154977133399562,0.7239732146263123,0.992976332827026,0.7613013698630137,2.122547725084832,0.10774507264913616,0.6451883912086487,1.1268292665481567
h512_wd0.01_s0,o0,45,0.0005,0.23244622977156387,0.8211155533790588,0.992965560331362,0.7510273972602739,2.5096702646262274,0.11265675342840992,0.6490563750267029,1.1569526195526123
h512_wd0.01_s0,o1,1,0.0005,0.7311010141121713,0.6903901696205139,0.6868435510454707,0.6227739726027397,0.8486724429494656,0.28263036964567534,0.24613282084465027,0.03847666084766388
h512_wd0.01_s0,o1,2,0.0005,0.6953961880583512,0.6852508783340454,0.676954400025854,0.635958904109589,0.557234392994225,0.15707097105911996,0.288109689950943,0.04866957664489746
h512_wd0.01_s0,o1,3,0.0005,0.6817576289176941,0.6815266013145447,0.7327990175483954,0.6674657534246575,0.44798061774825193,0.1278281836438859,0.29982927441596985,0.04985387623310089
h512_wd0.01_s0,o1,4,0.0005,0.6661785872359025,0.67444908618927,0.7637268525999418,0.6866438356164383,0.4666211571550357,0.13062513835145503,0.3101048171520233,0.044556956738233566
h512_wd0.01_s0,o1,5,0.0005,0.667920332205923,0.6831398606300354,0.7616693059281043,0.6801369863013698,0.7244709413573129,0.18937401357147965,0.3220539689064026,0.03919318690896034
h512_wd0.01_s0,o1,6,0.0005,0.6737969705933019,0.6710600852966309,0.774908703099247,0.6929794520547945,0.8847163509885783,0.2548258590243797,0.33407992124557495,0.04720284789800644
h512_wd0.01_s0,o1,7,0.0005,0.6511103981419614,0.6928996443748474,0.7756520053000677,0.6895547945205479,0.5910257008726624,0.161549111374689,0.345538467168808,0.04848568141460419
h512_wd0.01_s0,o1,8,0.0005,0.6390722456731295,0.6455628275871277,0.7684667506921329,0.6806506849315068,0.6826560017193534,0.18915643440063246,0.3563994765281677,0.04847940430045128
h512_wd0.01_s0,o1,9,0.0005,0.6072044654896385,0.645433783531189,0.7766215299098342,0.6796232876712328,0.6746138906771847,0.19339423648030354,0.36819329857826233,0.05960484966635704
h512_wd0.01_s0,o1,10,0.0005,0.6206635017144052,0.6532753705978394,0.8038759439399327,0.6976027397260274,1.1000820023874294,0.26925916826645946,0.3788306713104248,0.0698263868689537
h512_wd0.01_s0,o1,11,0.0005,0.5945661632638228,0.6334254145622253,0.8178370983205678,0.7039383561643836,0.9158197116524777,0.23125239971755873,0.3895034193992615,0.08256589621305466
h512_wd0.01_s0,o1,12,0.0005,0.5914943908390246,0.6368266940116882,0.8233202986135797,0.7010273972602739,1.015463475515951,0.21357184377407853,0.3994094431400299,0.10036525130271912
h512_wd0.01_s0,o1,13,0.0005,0.5751860675058866,0.6379749178886414,0.8403300692671472,0.7118150684931507,0.8854764431121452,0.21120113698555068,0.40942156314849854,0.12015406787395477
h512_wd0.01_s0,o1,14,0.0005,0.5524166445983084,0.6155204772949219,0.8542804511521184,0.7196917808219179,0.9394628953883077,0.19587290661680354,0.41995587944984436,0.15122413635253906
h512_wd0.01_s0,o1,15,0.0005,0.5417566691574297,0.6360933780670166,0.8608409010115373,0.708390410958904,1.0442197676955405,0.22447913724591137,0.430337518453598,0.1834193915128708
h512_wd0.01_s0,o1,16,0.0005,0.5182185329888996,0.638016402721405,0.8762455698111582,0.7243150684931506,0.8725097628404853,0.18771841836639316,0.4395769238471985,0.21736150979995728
h512_wd0.01_s0,o1,17,0.0005,0.496796578168869,0.610478937625885,0.8994926154542222,0.7282534246575342,1.0263770921197288,0.1967480115988943,0.4492855370044708,0.2699202597141266
h512_wd0.01_s0,o1,18,0.0005,0.48538410193041753,0.6175942420959473,0.9022934643268807,0.7232876712328766,1.0740667379847404,0.19846791000738886,0.4589325487613678,0.3199343681335449
h512_wd0.01_s0,o1,19,0.0005,0.4669797153849351,0.6307801604270935,0.9146818343405617,0.7169520547945205,1.1260123139081224,0.17471541352117828,0.4678032696247101,0.36353105306625366
h512_wd0.01_s0,o1,20,0.0005,0.4600573574241839,0.6713026165962219,0.9224595762100206,0.7155821917808219,1.2768340394578146,0.17671853371139434,0.47638270258903503,0.4022080898284912
h512_wd0.01_s0,o1,21,0.0005,0.45702113760145086,0.7017383575439453,0.924646392829827,0.7243150684931507,1.3057520371503244,0.20903826638422443,0.48497429490089417,0.43317726254463196
h512_wd0.01_s0,o1,22,0.0005,0.4204143740628895,0.6576077342033386,0.9384890497581575,0.7205479452054795,1.37790395646608,0.15924871367572926,0.4919654130935669,0.4651719927787781
h512_wd0.01_s0,o1,23,0.0005,0.38637461317212957,0.6582417488098145,0.9497893977097674,0.7188356164383563,1.2224363721503932,0.15977809293582385,0.49911636114120483,0.5177943110466003
h512_wd0.01_s0,o1,24,0.0005,0.4380283724320562,0.6397795081138611,0.946816188906484,0.7136986301369862,2.2658426345498186,0.22489964522456043,0.5071924924850464,0.5409365892410278
h512_wd0.01_s0,o1,25,0.0005,0.40497401042988423,0.6607099771499634,0.9503603399799632,0.7196917808219178,1.5711723588827506,0.18220210364136774,0.5160347819328308,0.5735270380973816
h512_wd0.01_s0,o1,26,0.0005,0.377840518951416,0.6672123670578003,0.9608096607741117,0.71763698630137,1.649407101978936,0.16423972753316643,0.5241503119468689,0.6145261526107788
h512_wd0.01_s0,o1,27,0.0005,0.3716197468732533,0.6790784001350403,0.9596139137553996,0.7154109589041096,1.6674665070763939,0.14640659110405074,0.5308126211166382,0.6555103063583374
h512_wd0.01_s0,o1,28,0.0005,0.32914752944519643,0.7351105809211731,0.9657003738055996,0.7208904109589042,1.7578122112880707,0.16374860092298493,0.536681056022644,0.6970462799072266
h512_wd0.01_s0,o1,29,0.0005,0.3212563450399198,0.7240815758705139,0.9675101530771635,0.7212328767123287,1.8838868495716496,0.14366937457345277,0.5423807501792908,0.7352432012557983
h512_wd0.01_s0,o1,30,0.0005,0.30867693220314224,0.7224050164222717,0.975395619903263,0.7160958904109589,1.6151625386320643,0.14863348020158282,0.5480793714523315,0.7829549312591553
h512_wd0.01_s0,o1,31,0.0005,0.29912213118452774,0.7315064668655396,0.9763759170086934,0.7123287671232876,1.9622770095465807,0.14268393260276668,0.5535278916358948,0.8259684443473816
h512_wd0.01_s0,o1,32,0.0005,0.3282888312088816,0.7413015365600586,0.9759234721908023,0.725,2.4241958290088874,0.14993878655470594,0.5599448084831238,0.8524874448776245
h512_wd0.01_s0,o1,33,0.0005,0.3074199910226621,0.7644949555397034,0.9862112055499898,0.7207191780821918,2.018727022490247,0.15347689171305773,0.5659900903701782,0.8888259530067444
h512_wd0.01_s0,o1,34,0.0005,0.27423795038147974,0.7703499794006348,0.9849292785659655,0.7227739726027397,1.9720043830580782,0.13317997070261792,0.5711016654968262,0.9278225302696228
h512_wd0.01_s0,o1,35,0.0005,0.26062786814413574,0.7388505935668945,0.9863727929849508,0.7243150684931505,2.0975885918263897,0.12442413064611027,0.5760071873664856,0.9616270661354065
h512_wd0.01_s0,o1,36,0.0005,0.24328548578839554,0.7550470232963562,0.9885057471264367,0.7142123287671232,1.9331045661681832,0.12844507719621018,0.5807343125343323,1.002780795097351
h512_wd0.01_s0,o1,37,0.0005,0.24674771098714127,0.9337841272354126,0.9828286419114716,0.731849315068493,1.9604128059243586,0.11569855240952501,0.5855667591094971,1.0469266176223755
h512_wd0.01_s0,o1,38,0.0005,0.25302804535941076,0.7565762400627136,0.9899384890497581,0.7320205479452054,2.17288015087447,0.11445877002418177,0.5900325775146484,1.0709877014160156
h512_wd0.01_s0,o1,39,0.0005,0.2251233607530594,0.8388345837593079,0.9929547878356979,0.7220890410958903,1.9085875621516233,0.09863688174007745,0.5944821834564209,1.1086835861206055
h512_wd0.01_s0,o1,40,0.0005,0.20195749402046204,0.832518994808197,0.9944629372286677,0.7176369863013699,1.8187028580968885,0.1080049570691574,0.5986213684082031,1.148966670036316
h512_wd0.01_s0,o1,41,0.0005,0.18748009204864502,0.8500283360481262,0.9948507470725743,0.7227739726027398,1.681863079811523,0.10072884302573507,0.6025941967964172,1.1972079277038574
h512_wd0.01_s0,o1,42,0.0005,0.1783218152428928,0.8153477907180786,0.9973284210753105,0.716609589041096,2.1528579096093337,0.090099921170987,0.6070345640182495,1.2391773462295532
h512_wd0.01_s0,o1,43,0.0005,0.15844779814544477,0.8479436635971069,0.9975761884755842,0.7154109589041097,1.8855211962534097,0.09927190836553494,0.6109110713005066,1.2829512357711792
h512_wd0.01_s0,o1,44,0.0005,0.1712335167746795,0.8854946494102478,0.9976515959452327,0.7207191780821918,2.1829060374107683,0.10408824104996468,0.6151083707809448,1.324466347694397
h512_wd0.01_s0,o1,45,0.0005,0.16780569051441394,0.8666704893112183,0.9971345161533571,0.7214041095890411,2.076332359653543,0.082201914303865,0.6190465092658997,1.363328456878662
h512_wd0.01_s0,o1,46,0.0005,0.1763954456699522,0.8835320472717285,0.9986642105376553,0.7219178082191781,2.0828390483128665,0.10002065324186049,0.6226873993873596,1.4017972946166992
h512_wd0.01_s0,o1,47,0.0005,0.22683757778845334,0.9379770159721375,0.9978778183541781,0.710445205479452,3.320364404645923,0.12759392557452578,0.6273465752601624,1.415473222732544
h512_wd0.01_s0,o1,48,0.0005,0.21798834283100932,0.8571912050247192,0.9968867487530837,0.7263698630136985,2.442577194933284,0.1042277771245842,0.6331655979156494,1.4400262832641602
h512_wd0.01_s0,o1,49,0.0005,0.19112870450082578,0.8614597916603088,0.9951954669338245,0.713013698630137,2.25061397722378,0.10471836211826484,0.6375981569290161,1.4829579591751099
h512_wd0.01_s0,o1,50,0.0005,0.1735764800717956,0.8135014176368713,0.99878270798996,0.7249999999999999,2.006658032717463,0.0887251682423067,0.6415892839431763,1.5242044925689697
h512_wd0.01_s0,o1,51,0.0005,0.1544531721033548,0.878130316734314,0.995723319221364,0.7243150684931506,1.77581286204381,0.07948536854495691,0.6449554562568665,1.5674676895141602
h512_wd0.01_s0,o1,52,0.0005,0.18025377863331846,0.8258659243583679,0.9991812903295306,0.727568493150685,2.69649775957827,0.08665495431700068,0.6488954424858093,1.6012308597564697
h512_wd0.01_s0,o1,53,0.0005,0.17976255244330355,0.9335986375808716,0.9972853310926543,0.7226027397260274,2.6484567289738354,0.08375262254616408,0.6532021164894104,1.6308711767196655
h512_wd0.01_s0,o1,54,0.0005,0.14278970443104444,0.9568090438842773,0.9980178607978111,0.734417808219178,2.623061426009852,0.08963864819959923,0.6567155718803406,1.663341999053955
h512_wd0.01_s0,o1,55,0.0005,0.16670696182470573,0.9472041130065918,0.9995691001734373,0.7212328767123288,2.9488955521266895,0.08180006671021757,0.6602052450180054,1.694838047027588
h512_wd0.01_s0,o1,56,0.0005,0.11179609086952712,1.0003221035003662,0.9994829202081247,0.7200342465753423,2.0872724337749475,0.07030894046616956,0.6628740429878235,1.7276149988174438
h512_wd0.01_s0,o1,57,0.0005,0.17253353172226957,0.8872349262237549,0.997716230919217,0.7066780821917807,2.6704124445678055,0.08097303815565755,0.66582852602005,1.7539427280426025
h512_wd0.01_s0,o1,58,0.0005,0.17945992515275352,0.991308867931366,0.9986318930506631,0.720890410958904,2.7329545235916015,0.0705387801554644,0.6693945527076721,1.7793329954147339
h512_wd0.01_s0,o1,59,0.0005,0.1550539977064258,1.0833133459091187,0.9902293464326881,0.7328767123287673,2.8577117618184515,0.08156735724354613,0.6726155877113342,1.8056609630584717
h512_wd0.01_s0,o1,60,0.0005,0.20177733819735677,0.7268857955932617,0.9992890152861713,0.7398972602739726,2.938150979438588,0.08573454827169613,0.6756148338317871,1.829832911491394
h512_wd0.01_s0,o1,61,0.0005,0.17205027333999934,0.8612352013587952,0.9977808658932015,0.7400684931506849,2.2885707498546903,0.08710538104967791,0.6780676245689392,1.8695740699768066
h512_wd0.01_s0,o1,62,0.0005,0.1655279817549806,1.0127642154693604,0.9995691001734371,0.7311643835616438,2.483255570194712,0.07640536506516017,0.6805398464202881,1.9075959920883179
h512_wd0.01_s0,o1,63,0.0005,0.12698350670306305,0.8574353456497192,0.999859957556367,0.7378424657534246,2.162974179951189,0.06616157156037587,0.6828907132148743,1.9410676956176758
h512_wd0.01_s0,o1,64,0.0005,0.12046197841041967,1.0889382362365723,0.9997414601040623,0.7265410958904108,2.2470376471180376,0.05870526260569033,0.684904932975769,1.973556399345398
h512_wd0.01_s0,o1,65,0.0005,0.09385160356760025,1.169183373451233,0.9995798726691012,0.7320205479452054,1.915106350288454,0.05323540732844764,0.687325656414032,2.0046515464782715
h512_wd0.01_s0,o1,66,0.0005,0.0870864518771046,1.2257802486419678,0.9996337351474216,0.7304794520547945,1.8872064232794519,0.04682021123628447,0.6890081167221069,2.0303537845611572
h512_wd0.01_s0,o1,67,0.0005,0.0846750458800479,1.086180567741394,0.9999461375216796,0.7178082191780822,2.1530725462949545,0.05477103686922556,0.6906267404556274,2.057652235031128
h512_wd0.01_s0,o1,68,0.0005,0.11644509552340758,1.1010104417800903,0.9998276400693749,0.7268835616438356,2.264260293899915,0.06086479919957091,0.6925106644630432,2.0860867500305176
h512_wd0.01_s0,o1,69,0.0005,0.08303592452093174,1.1710237264633179,0.9997522325997263,0.7304794520547945,2.074853247415519,0.04491555211767048,0.694304347038269,2.1157405376434326
h512_wd0.01_s0,o1,70,0.0005,0.09405714018564475,1.2204011678695679,0.9996660526344138,0.713013698630137,2.3842762100301025,0.052724107116564264,0.6962606906890869,2.1395883560180664
h512_wd0.01_s0,o1,71,0.0005,0.12609758943711458,1.1596534252166748,0.9996337351474216,0.7273972602739727,3.161161095872467,0.07369593255816878,0.6986453533172607,2.156513214111328
h512_wd0.01_s0,o1,72,0.0005,0.14395833270330177,1.003535270690918,0.9998276400693749,0.7376712328767123,3.41025456489992,0.05815562045316354,0.7013145685195923,2.1635901927948
h512_wd0.01_s0,o1,73,0.0005,0.10246167665249423,1.2158979177474976,0.999698370121406,0.7297945205479451,2.1671421870943046,0.05347238409972648,0.7036712765693665,2.1869869232177734
h512_wd0.01_s0,o1,74,0.0005,0.13410758913347595,1.0754014253616333,0.9998707300520312,0.7289383561643835,3.6403437376952446,0.06579181677251637,0.7066507935523987,2.2060978412628174
h512_wd0.01_s0,o1,75,0.0005,0.1367768323735187,1.1733146905899048,0.999849185060703,0.7289383561643836,3.1471129927424415,0.06500817611477926,0.7096507549285889,2.225253105163574
h512_wd0.01_s0,o1,76,0.0005,0.12596861194623143,1.20333993434906,0.9999245925303515,0.724486301369863,2.756386885099061,0.05928482188725616,0.7119056582450867,2.25189471244812
h512_wd0.01_s0,o1,77,0.0005,0.11203947212350995,0.9745911359786987,0.9998922750433593,0.7306506849315066,2.4588637081010556,0.04507439972715211,0.7140639424324036,2.276519298553467
h512_wd0.01_s0,o1,78,0.0005,0.13076326172602803,1.007491111755371,0.9998276400693749,0.731849315068493,3.246536909513749,0.06771499349637451,0.7167019844055176,2.3014755249023438
h512_wd0.01_s0,o1,79,0.0005,0.11223632528593666,1.0620663166046143,0.9999569100173437,0.7357876712328767,2.7298002488224546,0.06149484237244427,0.7189687490463257,2.333339214324951
h512_wd0.01_s0,o1,80,0.0005,0.13134563694659032,0.9544456601142883,0.9999784550086719,0.7325342465753424,3.192598655979893,0.07483920867960302,0.7208263278007507,2.353377342224121
h512_wd0.01_s0,o1,81,0.0005,0.10191177361105618,0.9489165544509888,1.0,0.7284246575342466,2.6511653857047577,0.05858723391135152,0.7226285934448242,2.3859663009643555
h512_wd0.01_s0,o2,1,0.0005,0.7387699108374747,0.6889339089393616,0.6043370067543548,0.564554794520548,0.8973881321370267,0.29139610332143595,0.23936931788921356,0.03668830916285515
h512_wd0.01_s0,o2,2,0.0005,0.694036044572529,0.688186526298523,0.6518221676415775,0.6008561643835616,0.6023622666234132,0.1729929561899569,0.2811955511569977,0.04660801589488983
h512_wd0.01_s0,o2,3,0.0005,0.6783508438813058,0.6817730665206909,0.7403182195219167,0.6707191780821918,0.4874821026213064,0.13947982660525227,0.2941471040248871,0.04827475547790527
h512_wd0.01_s0,o2,4,0.0005,0.6587040643942984,0.6824992895126343,0.7634683127040042,0.688527397260274,0.5691896248516813,0.1541519766431629,0.30647897720336914,0.0411054752767086
h512_wd0.01_s0,o2,5,0.0005,0.6572699170363577,0.6609435081481934,0.7825033125424167,0.6988013698630137,0.9122942094944761,0.24185449403975873,0.31830257177352905,0.036927126348018646
h512_wd0.01_s0,o2,6,0.0005,0.6390946978016904,0.6453788876533508,0.7922093311357441,0.6948630136986301,0.8774565553894283,0.24663501895268425,0.3305986821651459,0.039995111525058746
h512_wd0.01_s0,o2,7,0.0005,0.6073381241999174,0.6351928114891052,0.8058473106464574,0.7070205479452054,0.7449053201839765,0.19955599346507533,0.34391582012176514,0.04470591992139816
h512_wd0.01_s0,o2,8,0.0005,0.6028730994776675,0.6537798047065735,0.8098331340421635,0.6888698630136987,0.9094385602914702,0.2264449948622637,0.35623010993003845,0.06352250277996063
h512_wd0.01_s0,o2,9,0.0005,0.5808809368233931,0.6416642069816589,0.8383910200476145,0.7202054794520547,0.8670758611382192,0.22126329443269302,0.3693962097167969,0.08849629759788513
h512_wd0.01_s0,o2,10,0.0005,0.6076769326862536,0.6264150142669678,0.8449837873940256,0.7065068493150685,1.3706629128498442,0.29458178333766627,0.3819170892238617,0.09066099673509598
h512_wd0.01_s0,o2,11,0.0005,0.5735775106831601,0.6441546082496643,0.855443880683838,0.7226027397260274,1.136364607431394,0.2624926166306917,0.39268290996551514,0.09901032596826553
h512_wd0.01_s0,o2,12,0.0005,0.5541669945967825,0.6602113246917725,0.8541727261954777,0.7029109589041096,1.049369686512981,0.24688538646282351,0.4020901918411255,0.1259116679430008
h512_wd0.01_s0,o2,13,0.0005,0.5410470821355519,0.6340040564537048,0.8741557056523285,0.7224315068493151,0.9726066110502103,0.21179455794558338,0.4112579822540283,0.15004879236221313
h512_wd0.01_s0,o2,14,0.0005,0.5157027181826139,0.6168674230575562,0.8840879466546016,0.7217465753424657,1.1171059006134203,0.23231586467200685,0.4204320013523102,0.1832628697156906
h512_wd0.01_s0,o2,15,0.0005,0.5410708377235814,0.633090078830719,0.8908530739316378,0.7152397260273972,1.3781780137241229,0.23230178307764027,0.4290129840373993,0.19516143202781677
h512_wd0.01_s0,o2,16,0.0005,0.48014827307901886,0.6175981760025024,0.900656044985942,0.7261986301369863,0.8456937178650709,0.17584666505516505,0.43789809942245483,0.2329716980457306
h512_wd0.01_s0,o2,17,0.0005,0.45123183727264404,0.6278027892112732,0.9094787189348156,0.7226027397260275,0.958271892459955,0.18992320811928676,0.44598135352134705,0.28062543272972107
h512_wd0.01_s0,o2,18,0.0005,0.43701645731925964,0.641603410243988,0.9176873606308373,0.7232876712328767,1.1384783117122128,0.16817879093497448,0.4539477229118347,0.32708117365837097
h512_wd0.01_s0,o2,19,0.0005,0.455692868483694,0.6825808882713318,0.9250018851867412,0.7210616438356164,1.44442224356407,0.18483610963872402,0.4618707299232483,0.3529868423938751
h512_wd0.01_s0,o2,20,0.0005,0.4214506008123097,0.6653393507003784,0.9345355438494436,0.7107876712328768,1.2804381616975917,0.1900834894003738,0.4705345034599304,0.38739868998527527
h512_wd0.01_s0,o2,21,0.0005,0.39029149789559214,0.6691368818283081,0.9394047118896035,0.7124999999999999,1.0962612332033508,0.15056217751661305,0.47792261838912964,0.43525099754333496
h512_wd0.01_s0,o2,22,0.0005,0.3851550425353803,0.6845677495002747,0.943896842581521,0.7083904109589041,1.4829380451002176,0.17125074566717727,0.4849355220794678,0.4746958911418915
h512_wd0.01_s0,o2,23,0.0005,0.3770929041661714,0.7186447978019714,0.9516853569466438,0.7041095890410959,1.2633771452901514,0.17554735752526407,0.4923218786716461,0.5164539217948914
h512_wd0.01_s0,o2,24,0.0005,0.37644777094063003,0.7119783163070679,0.9593122838768058,0.7066780821917809,2.0287024746114874,0.1819773141482645,0.49997684359550476,0.5604678988456726
h512_wd0.01_s0,o2,25,0.0005,0.32507170736789703,0.7696130275726318,0.960411078434541,0.7025684931506848,1.538472876812309,0.1575024298887101,0.5062175393104553,0.6004056930541992
h512_wd0.01_s0,o2,26,0.0005,0.3449780164580596,0.7721209526062012,0.9652479289877085,0.7044520547945206,1.9387004298223873,0.1636356761443979,0.5128502249717712,0.6356431841850281
h512_wd0.01_s0,o2,27,0.0005,0.340433396791157,0.7249921560287476,0.9716252464208383,0.7034246575342465,1.7965176368401856,0.17015472910927934,0.5196307301521301,0.6652909517288208
h512_wd0.01_s0,o2,28,0.0005,0.3175466570414995,0.7962728142738342,0.9692337523834147,0.7001712328767122,1.8288506731352039,0.15766013779446109,0.5261441469192505,0.7074953317642212
h512_wd0.01_s0,o2,29,0.0005,0.2714966214016864,0.8501375317573547,0.9732303482747848,0.6991438356164383,1.4577799058282175,0.11784473950721885,0.5319077968597412,0.7437700033187866
h512_wd0.01_s0,o2,30,0.0005,0.27286380372549357,0.8568909168243408,0.9809434551702594,0.6993150684931506,1.6301377956112328,0.12126745495311837,0.5370859503746033,0.780218780040741
h512_wd0.01_s0,o2,31,0.0005,0.27259749213331624,0.9374068379402161,0.980889592691939,0.6965753424657535,2.2488266700325035,0.13671394015391333,0.5425298810005188,0.8076168298721313
h512_wd0.01_s0,o2,32,0.0005,0.3031416213826129,0.9482921361923218,0.9805556453263529,0.6934931506849314,3.0226017761824537,0.18106179234218253,0.548323929309845,0.8279997110366821
h512_wd0.01_s0,o2,33,0.0005,0.2535300944980822,0.8920584321022034,0.9869545077508106,0.688527397260274,2.2230378461228213,0.1443704568243836,0.5544581413269043,0.8520123958587646
h512_wd0.01_s0,o2,34,0.0005,0.2565549831641348,0.8340293765068054,0.989895399067102,0.689041095890411,2.090388852128704,0.1306864853700713,0.5597807168960571,0.8872619867324829
h512_wd0.01_s0,o2,35,0.0005,0.21248170968733335,0.9879629015922546,0.9874069525687015,0.6928082191780822,1.7303875328660614,0.12068254215148844,0.5645682215690613,0.934323787689209
h512_wd0.01_s0,o2,36,0.0005,0.20061723574211723,0.9491433501243591,0.9931594652533152,0.6825342465753426,1.8417149530245858,0.11118683128129501,0.568905770778656,0.9689453840255737
h512_wd0.01_s0,o3,1,0.0005,0.7439378468613875,0.693861722946167,0.5742494263646059,0.5065068493150684,1.0053081098001293,0.3382400000740304,0.24244293570518494,0.036468636244535446
h512_wd0.01_s0,o3,2,0.0005,0.6888713554332131,0.6852021217346191,0.7217464369970591,0.6601027397260274,0.4793772710435853,0.15364297701892182,0.2839643061161041,0.0458039753139019
h512_wd0.01_s0,o3,3,0.0005,0.6761909660540129,0.6802896857261658,0.746329272102468,0.6840753424657533,0.4998189802725033,0.15364856926369044,0.2969139814376831,0.04407116025686264
h512_wd0.01_s0,o3,4,0.0005,0.6574004261117232,0.6690045595169067,0.7759213176916697,0.7095890410958904,0.6083499216997581,0.17021002683017813,0.3083798587322235,0.04148463159799576
h512_wd0.01_s0,o3,5,0.0005,0.657095846376921,0.6532331705093384,0.779939458574368,0.7166095890410958,0.8210072377074041,0.22139619593432794,0.3205242156982422,0.038588088005781174
h512_wd0.01_s0,o3,6,0.0005,0.6436489349917361,0.6374683976173401,0.7962166995227784,0.7292808219178082,0.8497528814371287,0.24696354678294585,0.3329637348651886,0.04048314690589905
h512_wd0.01_s0,o3,7,0.0005,0.601309387307418,0.6234101057052612,0.8027986943735256,0.7287671232876712,0.6753036700076801,0.19328775529316386,0.3481789529323578,0.048067010939121246
h512_wd0.01_s0,o3,8,0.0005,0.598628254313218,0.6632549166679382,0.7985543310818818,0.7315068493150685,1.0546428112519155,0.2445533363157912,0.3621958792209625,0.06556043028831482
h512_wd0.01_s0,o3,9,0.0005,0.585208081885388,0.6353750824928284,0.8340173868080019,0.7393835616438356,0.9484765760476224,0.23528786812343302,0.37583473324775696,0.07747815549373627
h512_wd0.01_s0,o3,10,0.0005,0.5963064934078016,0.6141216158866882,0.8415042712945309,0.7434931506849316,1.1289417118513254,0.26379341815463675,0.3886120915412903,0.08177726715803146
h512_wd0.01_s0,o3,11,0.0005,0.5433978485433679,0.6003447771072388,0.8477092287970354,0.7481164383561644,0.8543308511355795,0.2226230032979903,0.399714857339859,0.10459217429161072
h512_wd0.01_s0,o3,12,0.0005,0.5293907946661899,0.601778507232666,0.8645897295026339,0.7450342465753425,0.9894123156996756,0.2263187805718441,0.410880982875824,0.13695597648620605
h512_wd0.01_s0,o3,13,0.0005,0.5035730223906668,0.6084829568862915,0.8674013508709563,0.7542808219178082,1.051295432319783,0.24314615902582606,0.42082104086875916,0.16823706030845642
h512_wd0.01_s0,o3,14,0.0005,0.4993550636266407,0.6035705208778381,0.8880091350763232,0.7535958904109589,1.207963626897128,0.2468543266680765,0.4315771162509918,0.20433010160923004
h512_wd0.01_s0,o3,15,0.0005,0.4895333977122056,0.6214355826377869,0.8916825560977711,0.7529109589041095,1.2936820585578557,0.23853562179845314,0.4415432810783386,0.23278477787971497
h512_wd0.01_s0,o3,16,0.0005,0.47491728318364995,0.6137174963951111,0.9062792877225866,0.7578767123287672,1.07406691185609,0.19319950488801926,0.4516817033290863,0.26272282004356384
h512_wd0.01_s0,o3,17,0.0005,0.4457512309676723,0.613858699798584,0.9173103232825948,0.7547945205479452,1.1608354317424812,0.19690436560761423,0.4615435302257538,0.3060399889945984
h512_wd0.01_s0,o3,18,0.0005,0.4309906881106527,0.6051313877105713,0.9270702043542428,0.7570205479452056,1.1300666020472556,0.1581867809114831,0.4707486629486084,0.34690701961517334
h512_wd0.01_s0,o3,19,0.0005,0.44157768080109044,0.6438670754432678,0.9287291686865096,0.7458904109589041,1.6681280129593334,0.2229011610804959,0.4805319607257843,0.38136041164398193
h512_wd0.01_s0,o3,20,0.0005,0.40923866786454854,0.6571170091629028,0.9360760107294057,0.753595890410959,1.43822367647205,0.18166371455704916,0.4892364740371704,0.41206756234169006
h512_wd0.01_s0,o3,21,0.0005,0.37429335556532206,0.5963518023490906,0.9426580055801528,0.7601027397260274,1.3242975161666315,0.1787774171661616,0.4970095753669739,0.45304787158966064
h512_wd0.01_s0,o3,22,0.0005,0.3950478795327638,0.6025350689888,0.9500910275883614,0.7594178082191781,1.7308440421991502,0.1811956265414517,0.5049435496330261,0.4878411293029785
h512_wd0.01_s0,o3,23,0.0005,0.3593444761477019,0.6212799549102783,0.951696129442308,0.7566780821917808,1.294683944104948,0.15182774096038482,0.5123627185821533,0.5344969034194946
h512_wd0.01_s0,o3,24,0.0005,0.3807021920618258,0.5960195064544678,0.9612082431136821,0.7585616438356164,2.2135114582705664,0.22313432104161243,0.519399106502533,0.5679025650024414
h512_wd0.01_s0,o3,25,0.0005,0.3398939810301128,0.6101701259613037,0.9655280138749744,0.7636986301369862,1.4881264947933612,0.1393144397322498,0.5267430543899536,0.5997775793075562
h512_wd0.01_s0,o3,26,0.0005,0.3194816512496848,0.632718026638031,0.9667668508763425,0.7599315068493151,1.5430663869562293,0.15194211155811585,0.5329127907752991,0.6437960267066956
h512_wd0.01_s0,o3,27,0.0005,0.33461635677438034,0.6784406900405884,0.9707526742720487,0.7571917808219177,1.9396328374021332,0.17340030681708427,0.5394135117530823,0.6815608739852905
h512_wd0.01_s0,o3,28,0.0005,0.30340447708180074,0.6456890106201172,0.9722931411520108,0.7621575342465754,2.0981714070570177,0.17574586691721036,0.5458366870880127,0.7131494879722595
h512_wd0.01_s0,o3,29,0.0005,0.30104322339359085,0.6566075086593628,0.9750185825550205,0.7592465753424658,1.9618247749307576,0.1415394299914045,0.5514677166938782,0.7371428608894348
h512_wd0.01_s0,o3,30,0.0005,0.3168993380508925,0.6788226366043091,0.9764190069913496,0.7513698630136987,2.1028405368436673,0.1594964327561361,0.5579802989959717,0.7649381160736084
h512_wd0.01_s0,o3,31,0.0005,0.3393375308890092,0.6551432013511658,0.981665212379752,0.7491438356164384,2.7456029529699824,0.17984562852466277,0.5646287202835083,0.7784395813941956
h512_wd0.01_s0,o3,32,0.0005,0.2656026623750988,0.6736119389533997,0.9795968932122504,0.7554794520547944,1.6338558273184196,0.14259821929292338,0.5707991719245911,0.8158779740333557
h512_wd0.01_s0,o3,33,0.0005,0.3062899998928371,0.6689910888671875,0.9846276486873715,0.7488013698630137,2.754208508431515,0.1673661788019286,0.5762044191360474,0.8451099395751953
h512_wd0.01_s0,o3,34,0.0005,0.2563507549072567,0.8366967439651489,0.9872022751510843,0.7505136986301371,2.1842138125757224,0.13475228830921024,0.581264078617096,0.8776452541351318
h512_wd0.01_s0,o3,35,0.0005,0.29434741249209956,0.6704719662666321,0.9872776826207327,0.7638698630136985,2.6590390677184232,0.14600518656003786,0.5863386392593384,0.889970600605011
h512_wd0.01_s0,o3,36,0.0005,0.2116672898593702,0.6838461756706238,0.989895399067102,0.7568493150684931,1.4874633016022503,0.11952547063718237,0.5904437303543091,0.9299488067626953
h512_wd0.01_s0,o3,37,0.0005,0.23224639539655886,0.6924575567245483,0.9887858320137026,0.7595890410958903,2.1855006564381534,0.11634650894499121,0.5944604277610779,0.9692521691322327
h512_wd0.01_s0,o3,38,0.0005,0.2194984163108625,0.7483220100402832,0.9883441596914757,0.7565068493150685,1.8453188965060712,0.11707134035438509,0.5988399982452393,0.9994956254959106
h512_wd0.01_s0,o3,39,0.0005,0.21566289271178998,0.7247142195701599,0.9937411800191751,0.7534246575342465,2.0876002939299014,0.10339726017265626,0.602663516998291,1.0327781438827515
h512_wd0.01_s0,o3,40,0.0005,0.21716904875479245,0.782604455947876,0.9940858998804253,0.7602739726027398,2.1468626361326693,0.1185548652785289,0.6070116758346558,1.0629397630691528
h512_wd0.01_s0,o3,41,0.0005,0.17577792508037468,0.8014357089996338,0.9918775382692908,0.7587328767123287,1.8918778647178036,0.1072445124266748,0.6108877062797546,1.1045762300491333
h512_wd0.01_s0,o3,42,0.0005,0.20347573216024198,0.765672504901886,0.995109286968512,0.7544520547945204,2.4394945148017055,0.12291719713889666,0.6155478358268738,1.1413137912750244
h512_wd0.01_s0,o3,43,0.0005,0.16725623921344154,1.0065115690231323,0.9923730730698381,0.7501712328767123,2.012254941695839,0.10042161724521519,0.6194573640823364,1.1791667938232422
h512_wd0.01_s0,o3,44,0.0005,0.23975192794674322,0.8251150250434875,0.9961326740565988,0.7547945205479452,3.4568258322352707,0.15906979248466194,0.6238804459571838,1.197596549987793
h512_wd0.01_s0,o3,45,0.0005,0.22714484679071525,0.799073338508606,0.9939350849411283,0.7556506849315069,2.822620071671804,0.12523727860065592,0.6279711127281189,1.2211333513259888
h512_wd0.01_s0,o3,46,0.0005,0.17355822222797493,0.8943160176277161,0.9935257301058935,0.7532534246575343,2.2289796877710644,0.10220940934750845,0.6313263773918152,1.2527601718902588
h512_wd0.01_s0,o3,47,0.0005,0.1632665089870754,0.8304006457328796,0.9961973090305831,0.751027397260274,2.057436067600919,0.09768377549256661,0.6348680853843689,1.2905949354171753
h512_wd0.01_s0,o3,48,0.0005,0.17389163080798953,0.8532304763793945,0.9977485484062092,0.7498287671232876,2.5006336694224784,0.09678843117430098,0.6380242109298706,1.3224083185195923
h512_wd0.01_s0,o3,49,0.0005,0.21033579346380735,0.9029615521430969,0.9974900085102716,0.7404109589041096,3.5590805772075735,0.1351464200436605,0.6418851017951965,1.3395545482635498
h512_wd0.01_s0,o3,50,0.0005,0.19316771881360756,0.8171518445014954,0.9966928438311303,0.7373287671232878,2.7339134419229496,0.09574563772351614,0.6457158923149109,1.3511810302734375
h512_wd0.01_s0,o3,51,0.0005,0.19957394584229118,0.7945199608802795,0.9986103480593349,0.7429794520547944,2.3993630366168603,0.1082551268906229,0.6491837501525879,1.3865940570831299
h512_wd0.01_s0,o3,52,0.0005,0.20107904076576233,0.8155181407928467,0.9977593209018734,0.7441780821917808,2.7663537827822537,0.10682788639429763,0.6526079177856445,1.4185656309127808
h512_wd0.01_s0,o3,53,0.0005,0.22249864041805267,0.8821378946304321,0.995120059464176,0.7393835616438356,3.0045687730345874,0.10928268062282506,0.656104326248169,1.44057297706604
h512_wd0.01_s0,o3,54,0.0005,0.17331556799380402,0.8858601450920105,0.9978778183541781,0.7494863013698629,2.5605173281934124,0.08045227767628314,0.6594387292861938,1.454116702079773
h512_wd0.01_s0,o3,55,0.0005,0.1378353426330968,0.9255139827728271,0.9980501782848032,0.7506849315068493,2.0971082033299187,0.0819639607775518,0.662370502948761,1.478632926940918
h512_wd0.01_s0,o4,1,0.0005,0.7355247641864576,0.6662434339523315,0.7464991408934709,0.6863013698630137,2.01155892622918,0.49772850510529487,0.23162764310836792,0.030927283689379692
h512_wd0.01_s0,o4,2,0.0005,0.6930946111679077,0.6663347482681274,0.7691151202749141,0.7428082191780823,1.6001570711772093,0.3991376550039895,0.27259165048599243,0.06260570138692856
h512_wd0.01_s0,o4,3,0.0005,0.6641989789511028,0.6545454263687134,0.7799506013745704,0.7207191780821918,1.0611543729626196,0.2864299599505342,0.2921353280544281,0.0691731795668602
h512_wd0.01_s0,o4,4,0.0005,0.6352859045329847,0.6363264322280884,0.7840313573883162,0.7441780821917808,0.8845454440028099,0.2314101450575835,0.3108324408531189,0.060577575117349625
h512_wd0.01_s0,o4,5,0.0005,0.6390951777759352,0.6339439749717712,0.8098904639175257,0.7078767123287671,1.4330637183774204,0.3481985770899093,0.3329428732395172,0.054366178810596466
h512_wd0.01_s0,o4,6,0.0005,0.6320070310642845,0.6344318985939026,0.8256335910652922,0.7453767123287671,1.5019831628941513,0.3970699930773309,0.3541043698787689,0.05953620374202728
h512_wd0.01_s0,o4,7,0.0005,0.5848296692496852,0.6140168309211731,0.836522766323024,0.7441780821917808,1.0453562011465045,0.26835922806489315,0.37818241119384766,0.04968327283859253
h512_wd0.01_s0,o4,8,0.0005,0.558659785672238,0.6102904081344604,0.8574312714776633,0.7470890410958904,1.3394393243919733,0.33887190952011104,0.40229445695877075,0.03880239278078079
h512_wd0.01_s0,o4,9,0.0005,0.5500493677038896,0.604867160320282,0.873169029209622,0.7414383561643836,1.6354912870765947,0.40065818742880976,0.4262603521347046,0.039519548416137695
h512_wd0.01_s0,o4,10,0.0005,0.5346621572971344,0.6316806077957153,0.887951030927835,0.7498287671232876,1.737457815654329,0.42189363137763397,0.44675683975219727,0.04415470361709595
h512_wd0.01_s0,o4,11,0.0005,0.5021156558864995,0.6199381351470947,0.9012027491408935,0.7510273972602739,1.4111313687151792,0.3214100034235953,0.4681212306022644,0.05494672432541847
h512_wd0.01_s0,o4,12,0.0005,0.4812492179243188,0.6686061024665833,0.9033719931271477,0.7385273972602739,1.4643426564026443,0.33117852901096123,0.48950839042663574,0.07634395360946655
h512_wd0.01_s0,o4,13,0.0005,0.47244567306418167,0.6850667595863342,0.9089024914089348,0.7474315068493151,1.5972500273781398,0.33459564063285296,0.5090725421905518,0.09298545122146606
h512_wd0.01_s0,o4,14,0.0005,0.44713832986982244,0.6167186498641968,0.9285223367697594,0.75736301369863,1.7665392540864673,0.3488464026350471,0.5289454460144043,0.1103367879986763
h512_wd0.01_s0,o4,15,0.0005,0.443501834806643,0.6158066391944885,0.9340420962199312,0.7498287671232877,1.9018989829841169,0.34547913968835664,0.5481504797935486,0.12383676320314407
h512_wd0.01_s0,o4,16,0.0005,0.43347949103305217,0.6312777996063232,0.9384557560137456,0.7585616438356164,2.02602865945329,0.3307899001871468,0.5658066272735596,0.13919712603092194
h512_wd0.01_s0,o4,17,0.0005,0.48000652539102656,0.6219732761383057,0.9469286941580756,0.7506849315068493,2.7152282823714446,0.45077816092769984,0.5838421583175659,0.1369580775499344
h512_wd0.01_s0,o4,18,0.0005,0.4222753926327354,0.724437415599823,0.9550472508591066,0.7525684931506849,1.9845772462283788,0.41891960872436784,0.59981769323349,0.14797604084014893
h512_wd0.01_s0,o4,19,0.0005,0.3762114189173046,0.6303354501724243,0.9605992268041237,0.7537671232876713,1.5330819333749663,0.2719105799597893,0.6145975589752197,0.16195644438266754
h512_wd0.01_s0,o4,20,0.0005,0.34329661962233093,0.6258457899093628,0.9618986254295534,0.7518835616438355,1.5184877471766354,0.27512649140400425,0.6281239986419678,0.19387511909008026
h512_wd0.01_s0,o4,21,0.0005,0.3686844643793608,1.0916039943695068,0.958838058419244,0.7544520547945206,2.2543653601465494,0.35989352078890624,0.6413763761520386,0.21878716349601746
h512_wd0.01_s0,o4,22,0.0005,0.38007475749442454,0.675763726234436,0.9693084192439863,0.7448630136986302,2.206448479919457,0.3654254780748099,0.6561278104782104,0.21976909041404724
h512_wd0.01_s0,o4,23,0.0005,0.45881447588142593,0.7400393486022949,0.9623926116838488,0.7272260273972602,3.1760950772227554,0.5264362701168394,0.6710567474365234,0.202596053481102
h512_wd0.01_s0,o4,24,0.0005,0.3596805247821306,0.7530732750892639,0.9708977663230239,0.7410958904109588,2.2223404315752866,0.3638526036408407,0.6856526732444763,0.20224325358867645
h512_wd0.01_s0,o4,25,0.0005,0.3414904757549888,0.6654046773910522,0.9732495704467354,0.7450342465753425,2.013513750062701,0.2982027203471296,0.696717381477356,0.21544715762138367
h512_wd0.01_s0,o4,26,0.0005,0.3433431559487393,0.7555325627326965,0.9729166666666668,0.7363013698630136,1.9081406732427433,0.3075967009112263,0.7066439390182495,0.22937600314617157
h512_wd0.01_s0,o4,27,0.0005,0.29716299709520844,0.661347508430481,0.9813573883161512,0.752054794520548,1.8359410477655036,0.288489715631647,0.716916024684906,0.24690350890159607
h512_wd0.01_s0,o4,28,0.0005,0.27939813074312714,0.707365870475769,0.9818943298969072,0.7393835616438356,1.5656411273890842,0.2555301713668358,0.7268925905227661,0.2746449112892151
h512_wd0.01_s0,o4,29,0.0005,0.30663441435286876,0.7990910410881042,0.9867375429553265,0.7534246575342465,2.234959187245321,0.3108616313045297,0.7367281317710876,0.29916444420814514
h512_wd0.01_s0,o4,30,0.0005,0.2929399146845466,0.6898970007896423,0.9870274914089348,0.7477739726027397,1.9457901434663498,0.27657509722589585,0.7477779388427734,0.30742716789245605
h512_wd0.01_s0,o4,31,0.0005,0.2529345366515611,0.7669351696968079,0.9884342783505156,0.7511986301369863,1.3565124285819299,0.21283069608883884,0.7564546465873718,0.33455565571784973
h512_wd0.01_s0,o4,32,0.0005,0.24121706266152232,0.8188585042953491,0.9884235395189003,0.7482876712328766,1.641636753276659,0.2373141364420088,0.7655105590820312,0.36213219165802
h512_wd0.01_s0,o4,33,0.0005,0.2732806872380407,0.7733870148658752,0.9919243986254296,0.7488013698630136,2.4266061313710545,0.2808297044498851,0.7759193778038025,0.38115811347961426
h512_wd0.01_s0,o4,34,0.0005,0.23109861894657738,0.8044885993003845,0.9915378006872851,0.7366438356164383,1.9190714166870317,0.2253783142436711,0.7863917946815491,0.40526512265205383
h512_wd0.01_s0,o4,35,0.0005,0.2316188467176337,0.8945512771606445,0.9927190721649485,0.7383561643835617,1.8501116529338355,0.22544316167520603,0.7949416041374207,0.42335787415504456
h512_wd0.01_s0,o4,36,0.0005,0.2116624340415001,0.9418942332267761,0.990539089347079,0.735445205479452,1.871980439834834,0.2172011016040623,0.804650604724884,0.44637760519981384
h512_wd0.01_s0,l0,1,0.0005,0.71832674741745,0.6948146224021912,0.6562234712098592,0.6483261902003938,1.2270346715045295,0.3137892788909517,0.23869262635707855,0.0394621416926384
h512_wd0.01_s0,l0,2,0.0005,0.6659759101660355,0.6472995281219482,0.7722475922835983,0.7178269431252172,0.889723287230444,0.22667101615100863,0.27745580673217773,0.04711749032139778
h512_wd0.01_s0,l0,3,0.0005,0.6616139800652213,0.6760393381118774,0.7673589766107549,0.705200973010541,1.1632154300974995,0.3101388615158977,0.30366382002830505,0.04761747643351555
h512_wd0.01_s0,l0,4,0.0005,0.6319503887839939,0.6186749935150146,0.8016085594683997,0.7312637553573497,1.0597158508183242,0.28122997386685894,0.33232545852661133,0.04799789935350418
h512_wd0.01_s0,l0,5,0.0005,0.6100679713746776,0.6556912660598755,0.8031234448640262,0.7252403567705317,1.365231604294938,0.32037529938648,0.36304083466529846,0.04387557879090309
h512_wd0.01_s0,l0,6,0.0005,0.5733026343843212,0.6056459546089172,0.8436960276338514,0.7409938607668249,1.0924809532304516,0.2612374281154094,0.3913425803184509,0.044390976428985596
h512_wd0.01_s0,l0,7,0.0005,0.5586014467736949,0.7049307227134705,0.8452401861772196,0.7365921464149194,1.4529654015144882,0.3466972266712522,0.4217718541622162,0.054115112870931625
h512_wd0.01_s0,l0,8,0.0005,0.5667336129623911,0.6121073365211487,0.8737229589297737,0.7472489285300591,1.5822016250353033,0.38990694656920694,0.4498555064201355,0.05444088578224182
h512_wd0.01_s0,l0,9,0.0005,0.5283523888691611,0.8447584509849548,0.8563420274582125,0.7201436348893779,1.6286581863252148,0.40446136390211895,0.4755467474460602,0.06419815123081207
h512_wd0.01_s0,l0,10,0.0005,0.5275091865788335,0.606342613697052,0.8934969702292086,0.755936522645662,1.7525265296914474,0.44528478229846113,0.502125084400177,0.06494498997926712
h512_wd0.01_s0,l0,11,0.0005,0.48365040706551593,0.5980682969093323,0.9052062293258394,0.7539673346461253,1.3489462127403242,0.30226578890263545,0.5237286686897278,0.0865563452243805
h512_wd0.01_s0,l0,12,0.0005,0.461977226578671,0.6117433905601501,0.9147931852112058,0.7559365226456619,1.4369479862499939,0.31849037182484274,0.5427051186561584,0.11034505069255829
h512_wd0.01_s0,l0,13,0.0005,0.4397561640843101,0.6190279126167297,0.9233263077778755,0.755704853469246,1.631195187628779,0.287602281518838,0.5610635876655579,0.13255150616168976
h512_wd0.01_s0,l0,14,0.0005,0.4591601866742839,0.6042596101760864,0.9334914083311379,0.7458589134715626,1.8529905664988107,0.3424077868157232,0.5806711912155151,0.14245633780956268
h512_wd0.01_s0,l0,15,0.0005,0.5320064619831417,0.5942989587783813,0.9375823307280231,0.7466697555890188,2.377258404102747,0.47732291905215224,0.6013303995132446,0.12712468206882477
h512_wd0.01_s0,l0,16,0.0005,0.4460923749467601,0.7110695242881775,0.9251339246509176,0.7372871539441677,1.6645101988128317,0.3112191056311931,0.6207050681114197,0.13777433335781097
h512_wd0.01_s0,l0,17,0.0005,0.43239736557006836,0.617871880531311,0.9402827786071837,0.7488706127649717,1.436326570990886,0.28046697527815295,0.6372047662734985,0.15543492138385773
h512_wd0.01_s0,l0,18,0.0005,0.3879742065201635,0.6461251974105835,0.948903720617078,0.7427313795899455,1.193064190621591,0.22723825297709824,0.6511687636375427,0.1891954094171524
h512_wd0.01_s0,l0,19,0.0005,0.36921527074730914,0.6688693165779114,0.9553950411287726,0.7429630487663615,1.6047882811695022,0.27054079655787217,0.6661620736122131,0.22104127705097198
h512_wd0.01_s0,l0,20,0.0005,0.4150394291981407,0.6612629890441895,0.9587029068235706,0.7406463570022008,2.2750215708099377,0.38021774814340753,0.6832209825515747,0.23624326288700104
h512_wd0.01_s0,l0,21,0.0005,0.3723282114319179,0.6558231115341187,0.9630865606978718,0.7452797405305225,1.8050417325305335,0.2652818743779216,0.6995366811752319,0.25059548020362854
h512_wd0.01_s0,l0,22,0.0005,0.42710076661213586,0.744117796421051,0.9668993881912122,0.7365921464149194,2.3196232495639304,0.36385198340778446,0.7151073813438416,0.23858898878097534
h512_wd0.01_s0,l0,23,0.0005,0.35758133426956507,0.6826245188713074,0.965150317613653,0.7420363720606973,1.530119842967945,0.25411007326053836,0.7302805185317993,0.2510194182395935
h512_wd0.01_s0,l0,24,0.0005,0.33444645417773206,0.7811737060546875,0.9703170281900413,0.7367079810031275,1.5277697098729839,0.21153365350262546,0.7418534159660339,0.27663394808769226
h512_wd0.01_s0,l0,25,0.0005,0.33851003193336987,0.7479276657104492,0.9708658997101959,0.7385613344144561,1.8168065705052847,0.26860594638850693,0.7558826804161072,0.29873237013816833
h512_wd0.01_s0,l0,26,0.0005,0.3162911003050597,0.755224883556366,0.9762448406077106,0.7360129734738793,1.9115460661173205,0.27107817290129593,0.7677231431007385,0.32267463207244873
h512_wd0.01_s0,l0,27,0.0005,0.28604273368483,0.7255668044090271,0.9798820292146014,0.7399513494729526,1.6155438940790356,0.21858459321346374,0.7789303064346313,0.34785139560699463
h512_wd0.01_s0,l0,28,0.0005,0.3095753821341888,0.8647695779800415,0.9818872398348995,0.7283678906521488,2.0536808294996827,0.24109870623281102,0.7901442050933838,0.36364856362342834
h512_wd0.01_s0,l0,29,0.0005,0.3002042699119319,0.7173663973808289,0.9820336055736073,0.7338121162979265,1.9809657346806397,0.24534462989637734,0.8017012476921082,0.38254204392433167
h512_wd0.01_s0,l0,30,0.0005,0.2733774800663409,0.7314781546592712,0.9844486402622874,0.7354338005328391,1.6691147927982635,0.1985442249125788,0.8127269744873047,0.41257035732269287
h512_wd0.01_s0,l1,1,0.0005,0.7073100546131963,0.7174711227416992,0.6196078431372549,0.6241687686310479,0.8846170261555912,0.22716821028950313,0.236881822347641,0.031078003346920013
h512_wd0.01_s0,l1,2,0.0005,0.68391622149426,0.6855894923210144,0.6951088127558716,0.6137353817931667,1.062072661410508,0.29901767506043947,0.2733451724052429,0.04130318760871887
h512_wd0.01_s0,l1,3,0.0005,0.6567242223283519,0.6673651933670044,0.7767147884794943,0.705113506076588,0.9029225030467792,0.24162406267004305,0.2965223789215088,0.03817489743232727
h512_wd0.01_s0,l1,4,0.0005,0.638129270595053,0.6824234127998352,0.761998132586368,0.6660169685851869,1.0863283112234625,0.27746272988506054,0.32111701369285583,0.03997313603758812
h512_wd0.01_s0,l1,5,0.0005,0.6043707728385925,0.6295865774154663,0.8108381814264167,0.7224260490713139,1.14231608279109,0.2882398934593753,0.35189545154571533,0.039517592638731
h512_wd0.01_s0,l1,6,0.0005,0.5788211006185283,0.6776300668716431,0.8203045320692379,0.6944508140334786,1.252230139242752,0.3102169244258031,0.37740272283554077,0.04845285043120384
h512_wd0.01_s0,l1,7,0.0005,0.6056993811026864,0.653545618057251,0.8395963513610573,0.7013299701903232,1.739103687270984,0.4227749007047882,0.40135514736175537,0.046070460230112076
h512_wd0.01_s0,l1,8,0.0005,0.5859256866185562,0.6570706367492676,0.853364935717877,0.7105021783994496,1.5301243931466944,0.367933235115287,0.4232589304447174,0.05001154914498329
h512_wd0.01_s0,l1,9,0.0005,0.5291264692078466,0.6207631230354309,0.8688716512245924,0.7428342123366202,1.0601591961457664,0.25664307789111107,0.44469884037971497,0.06833244115114212
h512_wd0.01_s0,l1,10,0.0005,0.528083851803904,0.6336690187454224,0.87820871938519,0.7170373767484521,1.43948824208963,0.32555841933301244,0.4638453423976898,0.0888722836971283
h512_wd0.01_s0,l1,11,0.0005,0.4909645552220552,0.6130067110061646,0.8968182144652733,0.726897500573263,1.1945973878294773,0.2702061569610155,0.48097994923591614,0.10308537632226944
h512_wd0.01_s0,l1,12,0.0005,0.49327665178672125,0.6164723038673401,0.9055160525748761,0.7354964457693189,1.5085810087811609,0.3133649463979042,0.49877387285232544,0.12018679827451706
h512_wd0.01_s0,l1,13,0.0005,0.44632601478825445,0.6153761148452759,0.9146017381311499,0.7332033937170374,1.4181255784067668,0.25611080281982435,0.5161465406417847,0.15045922994613647
h512_wd0.01_s0,l1,14,0.0005,0.47607353977535083,0.6519477367401123,0.9224520577461753,0.7376748452189865,1.9220867384601805,0.29434705338973943,0.5336355566978455,0.17019321024417877
h512_wd0.01_s0,l1,15,0.0005,0.4393677633741628,0.6170538663864136,0.9282984988867342,0.7390506764503555,1.515195263572886,0.2939966671292258,0.5513988137245178,0.19289471209049225
h512_wd0.01_s0,l1,16,0.0005,0.43516416005466296,0.6348031759262085,0.9351863822452058,0.7333180463196514,1.4126491187527435,0.2700338384607486,0.5676698684692383,0.22430524230003357
h512_wd0.01_s0,l1,17,0.0005,0.4157609550849251,0.7670506238937378,0.9294261294261295,0.7446686539784454,1.5654516216574124,0.28039825841187793,0.582526445388794,0.2501530349254608
h512_wd0.01_s0,l1,18,0.0005,0.42927062252293463,0.6514533758163452,0.9448538389714861,0.7297638156386149,1.8731254432781783,0.2816650324963867,0.5989701747894287,0.2664147913455963
h512_wd0.01_s0,l1,19,0.0005,0.3743644505739212,0.6922755837440491,0.9490770667241256,0.7199036918138042,1.312285713245716,0.21690271307450754,0.6128986477851868,0.3041611313819885
h512_wd0.01_s0,l1,20,0.0005,0.365037321396496,0.6783749461174011,0.9549594196653021,0.7236872277000688,1.7607734614833477,0.24668799801418217,0.6247020959854126,0.33455777168273926
h512_wd0.01_s0,l1,21,0.0005,0.35810851338117017,0.6659823060035706,0.9580837463190405,0.731139646869984,1.5801957548304721,0.2110268252672121,0.637197732925415,0.3683391511440277
h512_wd0.01_s0,l1,22,0.0005,0.48860461167667224,0.6462782621383667,0.9612942612942613,0.7389360238477413,2.9724521545892455,0.42363156376315275,0.6545654535293579,0.3484747111797333
h512_wd0.01_s0,l1,23,0.0005,0.41139085914777673,0.6699224710464478,0.9597859656683186,0.7212795230451731,1.6517443733794612,0.24716943314274556,0.6704928874969482,0.3394099473953247
h512_wd0.01_s0,l1,24,0.0005,0.3427966859029687,0.6830762028694153,0.9650290885585003,0.7303370786516854,1.5471631669508028,0.24530023132634798,0.6823922991752625,0.3818801939487457
h512_wd0.01_s0,l1,25,0.0005,0.337602603694667,0.7857397794723511,0.9708539826186885,0.7171520293510663,1.8716805825990706,0.2592736095892976,0.6941617131233215,0.41580501198768616
h512_wd0.01_s0,l1,26,0.0005,0.329904071662737,0.7387836575508118,0.9697766286001581,0.7232286172896124,1.7325391109228978,0.22792899299647387,0.7044997811317444,0.4459439814090729
h512_wd0.01_s0,l1,27,0.0005,0.3138594931882361,0.7419544458389282,0.9729440494146376,0.71669341894061,1.6486368895999697,0.22326701911602936,0.7161940932273865,0.4762343168258667
h512_wd0.01_s0,l1,28,0.0005,0.2956446972878083,0.7367363572120667,0.9774904833728363,0.7272414583811053,1.5814540057564745,0.1971322000581495,0.727006196975708,0.5110499858856201
h512_wd0.01_s0,l1,29,0.0005,0.319426043525986,0.7499498128890991,0.9775335775335776,0.7317129098830543,2.018128082455841,0.19301815879385378,0.7387230396270752,0.5280185341835022
h512_wd0.01_s0,l1,30,0.0005,0.27099793112796283,0.7444608211517334,0.9780938016232135,0.7335473515248796,1.5087130992852047,0.16694318895068036,0.7482877373695374,0.5581784844398499
h512_wd0.01_s0,l1,31,0.0005,0.25848427609257074,0.7680726647377014,0.980255692020398,0.728387984407246,1.3910738080638065,0.14884778046071004,0.7563128471374512,0.5893216133117676
h512_wd0.01_s0,l1,32,0.0005,0.2768813012086827,0.872474193572998,0.9840479781656253,0.7162348085301535,1.8456071266668859,0.17012201289193757,0.7649522423744202,0.6119656562805176
h512_wd0.01_s0,l1,33,0.0005,0.2953895783942679,0.8879215717315674,0.9830065359477124,0.7162348085301536,2.4111302569153397,0.21593561220826413,0.7740328907966614,0.6269572377204895
h512_wd0.01_s0,l1,34,0.0005,0.26858639587526734,0.8501895070075989,0.9849314084608203,0.7113047466177482,1.7674751715732722,0.16098435010185855,0.782365083694458,0.6524628400802612
h512_wd0.01_s0,l1,35,0.0005,0.2585497841886852,0.9259741306304932,0.9813258636788048,0.7418023389130933,1.9418829309029864,0.15574996880707564,0.7906725406646729,0.6848533749580383
h512_wd0.01_s0,l1,36,0.0005,0.32431686507618945,0.7777959108352661,0.9889607124901243,0.724145838110525,2.624597207571316,0.23338076680982595,0.8013299107551575,0.6796325445175171
h512_wd0.01_s0,l1,37,0.0005,0.2218605539073115,0.8791803121566772,0.9907347554406378,0.7218527860582435,1.678747139964517,0.15594204454220023,0.808664083480835,0.7138963937759399
h512_wd0.01_s0,l2,1,0.0005,0.7359938784079119,0.7203095555305481,0.5309623239651283,0.6029038112522686,1.11572070227841,0.3325786585796667,0.24005497992038727,0.04698093608021736
h512_wd0.01_s0,l2,2,0.0005,0.6989770450375297,0.6874533295631409,0.7264753398768518,0.6475499092558984,0.7132991019781019,0.19281465037651116,0.2727605104446411,0.07341418415307999
h512_wd0.01_s0,l2,3,0.0005,0.6839107843962583,0.6900997161865234,0.6732838505151496,0.5728977616454929,0.41717807092974724,0.12218941612581286,0.28273046016693115,0.07937990874052048
h512_wd0.01_s0,l2,4,0.0005,0.6849355643445795,0.6794764995574951,0.7321602755593489,0.6503327283726558,0.46565200393812006,0.1598768662519281,0.2913803458213806,0.08007101714611053
h512_wd0.01_s0,l2,5,0.0005,0.6719009198925712,0.6725935339927673,0.7458010729744559,0.6701754385964912,0.635143159384207,0.20191111651527818,0.3027665913105011,0.076355941593647
h512_wd0.01_s0,l2,6,0.0005,0.6546489677645944,0.6502373814582825,0.7594037676034872,0.7345432546884453,0.6214635590744417,0.1759428368671201,0.3173052966594696,0.066559799015522
h512_wd0.01_s0,l2,7,0.0005,0.6515631702813235,0.6424570679664612,0.7835152106322014,0.7260738052026617,0.7786759626778204,0.22881226485281214,0.33462899923324585,0.06732051819562912
h512_wd0.01_s0,l2,8,0.0005,0.6117994798855348,0.6241119503974915,0.7956395171614947,0.7359951603145796,0.7811996573171052,0.21142962477431657,0.3505946099758148,0.06326508522033691
h512_wd0.01_s0,l2,9,0.0005,0.6085438592867418,0.6203160285949707,0.8037935133816985,0.7611615245009075,0.9686795428251428,0.22843695189974297,0.366733580827713,0.07725899666547775
h512_wd0.01_s0,l2,10,0.0005,0.5855238722129301,0.5971261262893677,0.8247348046089129,0.7506352087114337,0.8553717894567303,0.212053134879886,0.3820789158344269,0.0920834019780159
h512_wd0.01_s0,l2,11,0.0005,0.5809610309925947,0.5882588028907776,0.8391605194171798,0.7645493042952208,1.1448099809624683,0.25287838504205823,0.39478158950805664,0.101826012134552
h512_wd0.01_s0,l2,12,0.0005,0.5499125759709965,0.6152586340904236,0.8466743888313113,0.7488203266787659,0.8321091316005986,0.1786641511033706,0.40797123312950134,0.13186147809028625
h512_wd0.01_s0,l2,13,0.0005,0.5640396543524482,0.5960181355476379,0.8627613851124794,0.7634603750756201,1.1748136872857275,0.2533183807042316,0.421602338552475,0.14312990009784698
h512_wd0.01_s0,l2,14,0.0005,0.5265762927857313,0.5890741348266602,0.8652990306651221,0.7572897761645493,0.9369881586224748,0.17605802360259834,0.43516212701797485,0.1785304695367813
h512_wd0.01_s0,l2,15,0.0005,0.5122675475749102,0.5788734555244446,0.8792827531549107,0.7730187537810043,0.9888869981309956,0.2035331745579006,0.44709065556526184,0.223857119679451
h512_wd0.01_s0,l2,16,0.0005,0.4832223640246825,0.5636669397354126,0.8901877705297812,0.7782214156079855,1.0611477550646369,0.17823872214740813,0.45741569995880127,0.26314136385917664
h512_wd0.01_s0,l2,17,0.0005,0.4685180133039301,0.5740801095962524,0.9001707004816193,0.7730187537810043,1.0906186864248202,0.16158367317338976,0.46791669726371765,0.3058011829853058
h512_wd0.01_s0,l2,18,0.0005,0.48664379119873047,0.6777583360671997,0.9116548802048405,0.7609195402298851,1.4574497827545772,0.21390836386985132,0.4794555902481079,0.33174461126327515
h512_wd0.01_s0,l2,19,0.0005,0.4797823591665788,0.582693338394165,0.9159452539169664,0.776043557168784,1.3079322855934428,0.19814874554059655,0.48994821310043335,0.3541090190410614
h512_wd0.01_s0,l2,20,0.0005,0.4499399174343456,0.5707213878631592,0.9276885325855027,0.7880217785843919,1.1915472046078572,0.1525712423595329,0.49887821078300476,0.3863527178764343
h512_wd0.01_s0,l2,21,0.0005,0.4435330961238254,0.590618371963501,0.923725842833628,0.7767695099818512,1.4883872196496355,0.20702950313465793,0.508437991142273,0.4310745298862457
h512_wd0.01_s0,l2,22,0.0005,0.4203226336024024,0.625882625579834,0.9322608669145889,0.7781004234724743,1.4257263678910033,0.1795169383824417,0.516936719417572,0.4687861204147339
h512_wd0.01_s0,l2,23,0.0005,0.415110861713236,0.5616046190261841,0.9354386392733037,0.7947973381730187,1.4623185007003805,0.17357243170379807,0.5254815220832825,0.502756655216217
h512_wd0.01_s0,l2,24,0.0005,0.4065709534016522,0.6162659525871277,0.9412302627568128,0.7824561403508772,1.2985984158714377,0.15269209898538139,0.5323202610015869,0.5406215190887451
h512_wd0.01_s0,l2,25,0.0005,0.3944549831477078,0.5784730315208435,0.9463055538620984,0.786690865093769,1.8283854774191064,0.16968760758625967,0.5391956567764282,0.5646699070930481
h512_wd0.01_s0,l2,26,0.0005,0.4009016406807033,0.6096169352531433,0.9503977930866304,0.7762855414398064,1.7208987603336903,0.14730157818024422,0.5462052226066589,0.5907769203186035
h512_wd0.01_s0,l2,27,0.0005,0.35271423919634387,0.625282883644104,0.9535222215448393,0.7726557773744707,1.4545790751185594,0.1566689575870037,0.5525515675544739,0.6306389570236206
h512_wd0.01_s0,l2,28,0.0005,0.3488840799440037,0.6290594339370728,0.95435286228129,0.7751966122202056,1.42914799503834,0.13755853361682274,0.5586237907409668,0.6728106141090393
h512_wd0.01_s0,l2,29,0.0005,0.35265026783401315,0.5984288454055786,0.9637794915564226,0.77156684815487,1.6383140104117357,0.14996585716854213,0.5652036666870117,0.7083732485771179
h512_wd0.01_s0,l2,30,0.0005,0.34522044319998135,0.6171768307685852,0.9671858806315917,0.7739866908650939,1.7627064448660617,0.15217014122034458,0.5716318488121033,0.7538298964500427
h512_wd0.01_s0,l2,31,0.0005,0.35353567789901386,0.6397387385368347,0.9633070170090837,0.7714458560193588,2.036169030988402,0.14976872779555314,0.5777020454406738,0.786418616771698
h512_wd0.01_s0,l2,32,0.0005,0.33459888059984555,0.6133299469947815,0.9750274340059746,0.7733817301875379,1.9070318297987183,0.13542654483545705,0.5843141078948975,0.8258028626441956
h512_wd0.01_s0,l2,33,0.0005,0.33298740874637256,0.6819255352020264,0.9659742120343839,0.7839080459770115,1.9681641515225103,0.1572261419516399,0.590239942073822,0.8626356720924377
h512_wd0.01_s0,l2,34,0.0005,0.3230046751824292,0.5924010276794434,0.9727412668414315,0.7876588021778584,1.908951004133776,0.13718788637362547,0.5965259075164795,0.8967466354370117
h512_wd0.01_s0,l2,35,0.0005,0.31022688814184884,0.6753454804420471,0.9775574590014022,0.7686630369026013,1.7836423985757677,0.12161063566713572,0.6019073128700256,0.9381636381149292
h512_wd0.01_s0,l2,36,0.0005,0.2986150322989984,0.6355149149894714,0.9781899652502591,0.7666061705989109,1.7173778893441989,0.130261554175115,0.6080108284950256,0.9853792190551758
h512_wd0.01_s0,l2,37,0.0005,0.27800083702260797,0.7874535322189331,0.9746464061452174,0.7483363581367211,1.9960251615611178,0.12080162881187918,0.6140590906143188,1.0285183191299438
h512_wd0.01_s0,l2,38,0.0005,0.33103078739209607,0.8031624555587769,0.9785786136682315,0.7565638233514821,2.8552405536275685,0.15741948188089283,0.6202868223190308,1.0387917757034302
h512_wd0.01_s0,l2,39,0.0005,0.31593597070737317,0.7795286774635315,0.9730765713588977,0.7609195402298852,2.4027994440400247,0.1231819276838416,0.6260989308357239,1.0468326807022095
h512_wd0.01_s0,l2,40,0.0005,0.3223433033986525,0.6315308213233948,0.9830976040968116,0.7778584392014518,2.1407113398076656,0.1447645507703324,0.6331942677497864,1.0685577392578125
h512_wd0.01_s0,l2,41,0.0005,0.2982197180390358,0.7170684933662415,0.9810095714198622,0.7472474289171205,2.057518491517447,0.11427318891573052,0.6392658352851868,1.099846363067627
h512_wd0.01_s0,l2,42,0.0005,0.2562690492380749,0.7303566336631775,0.9841492409925013,0.7647912885662431,1.762030522326701,0.09313456339404205,0.6444278955459595,1.1404342651367188
h512_wd0.01_s0,l2,43,0.0005,0.24038161134177988,0.7083726525306702,0.9883024446747546,0.7683000604960677,1.8275202471620602,0.10606558618783977,0.6486266851425171,1.1843808889389038
h512_wd0.01_s0,l3,1,0.0005,0.707345047722692,0.6953049302101135,0.6934234418931584,0.6008340090350979,1.1235316754587001,0.263365468915656,0.23988664150238037,0.03859618306159973
h512_wd0.01_s0,l3,2,0.0005,0.6640555236650549,0.6626687049865723,0.7513692010309277,0.6485578593768099,1.1603825311255234,0.2804748906269125,0.28793492913246155,0.042604029178619385
h512_wd0.01_s0,l3,3,0.0005,0.6598214040631833,0.668854832649231,0.7992692713214621,0.690258311131704,1.4192686874453087,0.34408134131703066,0.31688207387924194,0.04910522326827049
h512_wd0.01_s0,l3,4,0.0005,0.6379890364149342,0.6448754668235779,0.8129832474226804,0.687709950191127,1.353955715058855,0.333699975656319,0.3442739248275757,0.05497431755065918
h512_wd0.01_s0,l3,5,0.0005,0.6008644285409347,0.6332345008850098,0.821835461574508,0.6901424765434959,1.125168368300659,0.27442114589469574,0.3697906732559204,0.042973048985004425
h512_wd0.01_s0,l3,6,0.0005,0.5667055884133214,0.6359742879867554,0.8374458177132147,0.690374145719912,1.2670310785544392,0.32661467440296876,0.39846816658973694,0.03707781434059143
h512_wd0.01_s0,l3,7,0.0005,0.5749919971694117,0.7579426169395447,0.8339532567947515,0.6714931078420016,1.6485716992897164,0.4228645762452319,0.4263474643230438,0.04347742721438408
h512_wd0.01_s0,l3,8,0.0005,0.5585958465285923,0.6435733437538147,0.8729352155576383,0.7131935595968956,1.731480934498823,0.40351737886552014,0.45643916726112366,0.0483115129172802
h512_wd0.01_s0,l3,9,0.0005,0.5369481340698574,0.7387292385101318,0.8727448453608248,0.7178269431252172,1.7397122299821297,0.3872122087937065,0.48038071393966675,0.05498458817601204
h512_wd0.01_s0,l3,10,0.0005,0.5402984632098157,0.6217215061187744,0.8941322047797563,0.708444341480366,1.9685203940344578,0.4246170146538268,0.5042558312416077,0.05246351659297943
h512_wd0.01_s0,l3,11,0.0005,0.4886386718439019,0.6179977059364319,0.9035921391752576,0.7155102513610565,1.524864732200189,0.3290844885920935,0.5268055200576782,0.06631605327129364
h512_wd0.01_s0,l3,12,0.0005,0.48716918800188147,0.6273679733276367,0.9101525890346768,0.711456040773775,1.6770049683604584,0.3355975166618295,0.5481889843940735,0.0742766335606575
h512_wd0.01_s0,l3,13,0.0005,0.4454978056575941,0.6493978500366211,0.9183897610121837,0.7185219506544654,1.4468862206338768,0.3004609827616268,0.5679958462715149,0.1051471084356308
h512_wd0.01_s0,l3,14,0.0005,0.5018541527831036,0.6251345276832581,0.9273810918462981,0.7141202363025599,2.302347729835961,0.45980532270976093,0.5895359516143799,0.10232898592948914
h512_wd0.01_s0,l3,15,0.0005,0.5400440265303073,0.6250243186950684,0.9312031396438614,0.716784431831345,2.2880323734604664,0.48079122945057884,0.6105919480323792,0.08265922963619232
h512_wd0.01_s0,l3,16,0.0005,0.4426735626614612,0.6429691314697266,0.9302586105904406,0.720259469477586,1.515093384001,0.3220842547383232,0.6269949674606323,0.09766209870576859
h512_wd0.01_s0,l3,17,0.0005,0.45553296286126843,0.6703755855560303,0.933202026710403,0.7277887177111086,1.8717939867427966,0.39247696262516163,0.6451776027679443,0.10290465503931046
h512_wd0.01_s0,l3,18,0.0005,0.43170241039732227,0.6446889042854309,0.9393451265229615,0.7215336499478745,1.8186072298793783,0.3736047721050304,0.6596068143844604,0.11699938774108887
h512_wd0.01_s0,l3,19,0.0005,0.4090053141117096,0.6889784336090088,0.9450745372539832,0.7267462064172362,1.5522198986636646,0.27297328311262087,0.6730003356933594,0.1337767392396927
h512_wd0.01_s0,l3,20,0.0005,0.3828231225843015,0.692331850528717,0.9448658622305529,0.7201436348893779,1.490754335221153,0.2632576057928519,0.6868062019348145,0.15275372564792633
h512_wd0.01_s0,l3,21,0.0005,0.35289128513439844,0.7192548513412476,0.9496031513589502,0.7284837252403568,1.2143638951994995,0.208731911208341,0.698232889175415,0.18339957296848297
h512_wd0.01_s0,l3,22,0.0005,0.37336195875769074,0.7176970839500427,0.956617560918463,0.714004401714352,1.7871674305224388,0.276829182624917,0.7113825082778931,0.20704537630081177
h512_wd0.01_s0,l3,23,0.0005,0.35148244837056036,0.70204097032547,0.9594804358013121,0.7336962817097185,1.6305352960887576,0.26722338275884855,0.7239760756492615,0.2214175909757614
h512_wd0.01_s0,l3,24,0.0005,0.3180707926335542,0.718116819858551,0.969174671977507,0.7191011235955057,1.3975839865129702,0.2153233305893576,0.7356263995170593,0.2521775960922241
h512_wd0.01_s0,l3,25,0.0005,0.3005511611700058,0.7236196994781494,0.9737948102155576,0.7206069732422101,1.5954431823250685,0.24904832671280988,0.7470268607139587,0.28652679920196533
h512_wd0.01_s0,l3,26,0.0005,0.30135735610257025,0.7324105501174927,0.9763135543580131,0.7269778755936522,1.7332987037638827,0.24285675718906144,0.7587719559669495,0.31871652603149414
h512_wd0.01_s0,l3,27,0.0005,0.30967063035653986,0.7360039949417114,0.9792423266166823,0.7223444920653307,1.7294668076121325,0.21732468944662356,0.7711734771728516,0.3329333961009979
h512_wd0.01_s0,l3,28,0.0005,0.3020031154155731,0.7451815605163574,0.983122949859419,0.7280203868875246,1.835719713233377,0.22443181801634352,0.7812983989715576,0.356317400932312
h512_wd0.01_s0,l3,29,0.0005,0.4517223536968231,0.6751102209091187,0.9826909559512652,0.7182902814780493,2.8814023249287426,0.4634882389730941,0.7964145541191101,0.3162716031074524
h512_wd0.01_s0,l3,30,0.0005,0.314918916510499,0.818436324596405,0.9780781396438614,0.7211861461832504,1.6870970902908395,0.2737004072649044,0.8110953569412231,0.34580299258232117
h512_wd0.01_s0,l3,31,0.0005,0.31566007500109466,0.7312518954277039,0.9858467080599813,0.7253561913587397,1.9499623591889519,0.25716388144262237,0.8248435258865356,0.3628460466861725
h512_wd0.01_s0,l3,32,0.0005,0.2547666948774587,0.7576165795326233,0.9860956537019681,0.7238503417120353,1.386627440409579,0.19963783145708594,0.8350347876548767,0.40144437551498413
h512_wd0.01_s0,l3,33,0.0005,0.2675532666237458,0.933003842830658,0.9865862230552952,0.708444341480366,1.8784683388417027,0.20910885006439617,0.8449268341064453,0.4321736991405487
h512_wd0.01_s0,l3,34,0.0005,0.2571212908496027,0.7807341814041138,0.9866228327085286,0.7276728831229006,1.8834697062858552,0.20066003210663053,0.8548384308815002,0.45586147904396057
h512_wd0.01_s0,l3,35,0.0005,0.23898303249607916,0.8738136887550354,0.9887461925960637,0.7192169581837137,1.8376568276008876,0.18873551600539076,0.864119291305542,0.4849458336830139
h512_wd0.01_s0,l3,36,0.0005,0.22030698993931647,0.839653491973877,0.9939520852858481,0.7157419205374725,1.5714132336404005,0.16909156414160068,0.8720895051956177,0.5126894116401672
h512_wd0.01_s0,l3,37,0.0005,0.20665608638006708,0.8875151872634888,0.9932125702905342,0.7272095447700683,1.702856896256642,0.19506951854412904,0.879248857498169,0.5465575456619263
h512_wd0.01_s0,l3,38,0.0005,0.22179385242254837,0.8402240872383118,0.995811855670103,0.720491138654002,1.7216941351390758,0.1630908413989133,0.887743353843689,0.565909743309021
h512_wd0.01_s0,l3,39,0.0005,0.19950382249510806,0.9573407173156738,0.9960681232427366,0.7138885671261439,1.5260403925140937,0.147334125990713,0.8959466814994812,0.5939307808876038
h512_wd0.01_s0,l3,40,0.0005,0.1958050122079642,0.9002453088760376,0.9973201733833177,0.7263987026526121,1.6501892440568005,0.1639308395995857,0.9040997624397278,0.6259444952011108
h512_wd0.01_s0,l3,41,0.0005,0.17722046731606775,0.9502171277999878,0.9968076382380506,0.7136568979497278,1.7791395845513873,0.14994906163951258,0.9117857813835144,0.6593883037567139
h512_wd0.01_s0,l3,42,0.0005,0.18930195109999698,1.0253820419311523,0.9951748477038426,0.723155334182787,2.0899416859019433,0.14882609794954202,0.9195652604103088,0.6840317249298096
h512_wd0.01_s0,l3,43,0.0005,0.18946507508340088,0.9544464349746704,0.9978619962511716,0.7175952739488011,1.997365421664267,0.15460474201566737,0.9280065298080444,0.6983824372291565
h512_wd0.01_s0,l4,1,0.0005,0.7431527453920116,0.6945082545280457,0.5814024029356061,0.5022258669165885,0.9730801830134403,0.31380937230191724,0.2561182379722595,0.04137402027845383
h512_wd0.01_s0,l4,2,0.0005,0.6863053026406661,0.6869537234306335,0.7040423768939393,0.6055529522024368,0.4412905527536394,0.13299897890394727,0.28610798716545105,0.048938579857349396
h512_wd0.01_s0,l4,3,0.0005,0.680431718411653,0.6789002418518066,0.7393687855113635,0.6783036551077788,0.5282657426880374,0.16400714427719712,0.29673323035240173,0.0474274717271328
h512_wd0.01_s0,l4,4,0.0005,0.6629461568334828,0.6722825765609741,0.733694365530303,0.6760777881911902,0.6388181955003709,0.17550771718938166,0.3102351129055023,0.04716998338699341
h512_wd0.01_s0,l4,5,0.0005,0.652945681758549,0.6520078778266907,0.7748801491477273,0.6971649484536082,0.7466959514416334,0.1878638893200365,0.3247586786746979,0.049486905336380005
h512_wd0.01_s0,l4,6,0.0005,0.6426373538763627,0.6743912696838379,0.766357421875,0.689315838800375,0.9261418569937646,0.24094719830328168,0.3391721844673157,0.05441991612315178
h512_wd0.01_s0,l4,7,0.0005,0.6113200783729553,0.6347746849060059,0.8084013967803031,0.7114573570759137,0.7080114588168975,0.1713945434511257,0.3534160256385803,0.0675916001200676
h512_wd0.01_s0,l4,8,0.0005,0.5972442043864209,0.6225237846374512,0.8247218276515151,0.7220009372071228,0.829056076272389,0.19464187904120933,0.3686944544315338,0.08928205072879791
h512_wd0.01_s0,l4,9,0.0005,0.5610277639782947,0.6191509366035461,0.8449041193181818,0.7202436738519212,0.9068553515154124,0.23197548327294154,0.3840108811855316,0.12864498794078827
h512_wd0.01_s0,l4,10,0.0005,0.5498085967872454,0.6152009963989258,0.8620531486742424,0.7225866916588566,0.9934787069200053,0.19196762577812315,0.3985579013824463,0.16228850185871124
h512_wd0.01_s0,l4,11,0.0005,0.5213432597077411,0.6114528179168701,0.8787434895833333,0.7218837863167759,1.091847301728065,0.22174382185587427,0.4118383824825287,0.19912955164909363
h512_wd0.01_s0,l4,12,0.0005,0.5198171890300253,0.6164398193359375,0.885046756628788,0.7245782567947515,1.0859488809780946,0.1973180579623658,0.42557787895202637,0.23886185884475708
h512_wd0.01_s0,l4,13,0.0005,0.505297143822131,0.6293814778327942,0.8938580137310606,0.7209465791940018,1.2421103832974751,0.20863514714580578,0.4387434124946594,0.27576231956481934
h512_wd0.01_s0,l4,14,0.0005,0.47808242103327875,0.6166762113571167,0.9077740293560607,0.7245782567947516,1.24336512422119,0.1825231458046521,0.44970008730888367,0.31238052248954773
h512_wd0.01_s0,l4,15,0.0005,0.45043968506481336,0.6286553740501404,0.9127234256628788,0.7264526710403,1.124809287605726,0.17379796576693018,0.4599587321281433,0.36129051446914673
h512_wd0.01_s0,l4,16,0.0005,0.4639940222968226,0.6383986473083496,0.9282004616477272,0.7224695407685098,1.4103594890781102,0.21053835805949234,0.47107356786727905,0.39804407954216003
h512_wd0.01_s0,l4,17,0.0005,0.44058234795280127,0.7867135405540466,0.9364864464962122,0.7190721649484536,1.529286631048652,0.189411965032224,0.48112761974334717,0.4359007477760315
h512_wd0.01_s0,l4,18,0.0005,0.4505286877569945,0.6643933057785034,0.9399562026515151,0.7190721649484535,1.7089825762704738,0.2009856222313196,0.4910496175289154,0.4426436126232147
h512_wd0.01_s0,l4,19,0.0005,0.42036955123362335,0.6756126284599304,0.9392459753787878,0.7230552952202437,1.5254411375908168,0.18720758321703762,0.5001938343048096,0.47834503650665283
h512_wd0.01_s0,l4,20,0.0005,0.40198947813199915,0.6479352712631226,0.9443951231060606,0.7244611059044049,1.4665436787421162,0.15263339428110848,0.5084920525550842,0.5220203399658203
h512_wd0.01_s0,l4,21,0.0005,0.37791793113169464,0.647498607635498,0.9471028645833334,0.7284442361761949,1.3422287333519343,0.14063554813971282,0.5161215662956238,0.5700317025184631
h512_wd0.01_s0,l4,22,0.0005,0.37177142889603326,0.6680598258972168,0.9525553385416666,0.7266869728209934,1.4424557077416171,0.14388569932413514,0.5232923626899719,0.6121982336044312
h512_wd0.01_s0,l4,23,0.0005,0.42727882836176,0.7048324346542358,0.9555220170454546,0.7149718837863167,2.294908249737334,0.22603687976359857,0.5312015414237976,0.623207151889801
h512_wd0.01_s0,l4,24,0.0005,0.36220126242741296,0.6595637202262878,0.9619362571022727,0.7255154639175257,1.5481489569511515,0.14855656864656958,0.538657546043396,0.6596498489379883
h512_wd0.01_s0,l4,25,0.0005,0.34094463288784027,0.7254619598388672,0.9612334280303031,0.7222352389878163,1.6996254006496199,0.14150106286486902,0.5439856648445129,0.7030200362205505
h512_wd0.01_s0,l4,26,0.0005,0.3228688006815703,0.722727358341217,0.9642370975378788,0.7262183692596063,1.8978072013591245,0.13917411783973918,0.5500151515007019,0.7380884289741516
h512_wd0.01_s0,l4,27,0.0005,0.34327883500119916,0.7130700945854187,0.9646735913825758,0.7160262417994377,1.877862429207157,0.13816255331730531,0.556398332118988,0.7662492394447327
h512_wd0.01_s0,l4,28,0.0005,0.34377592931623047,0.6995627880096436,0.9702962239583333,0.7162605435801311,2.1545830435305717,0.16713493654356365,0.5627926588058472,0.787207305431366
h512_wd0.01_s0,l4,29,0.0005,0.3916883734257325,0.7442715764045715,0.9690755208333333,0.7108716026241799,2.5947353362637324,0.1848588735792269,0.5695838928222656,0.8057235479354858
h512_wd0.01_s0,l4,30,0.0005,0.3320068101520124,0.7143924236297607,0.965228456439394,0.7229381443298969,1.7378704644377896,0.15242855046789974,0.5756641030311584,0.8320703506469727
h512_wd0.01_s0,l4,31,0.0005,0.3079760728970818,0.7720716595649719,0.9688683712121213,0.7152061855670103,1.4178581941803174,0.1068812878556267,0.5803084969520569,0.8747506141662598
h512_wd0.01_s0,l4,32,0.0005,0.3104118892680044,0.7391908168792725,0.9778793797348485,0.7074742268041236,2.0642780753827985,0.14136290222782663,0.5856744050979614,0.9060871601104736
h512_wd0.01_s0,l4,33,0.0005,0.25926124725652777,0.7753317356109619,0.981149384469697,0.7182521087160262,1.5437144311384765,0.10193499123694581,0.5909123420715332,0.9464386105537415
h512_wd0.01_s0,l4,34,0.0005,0.24273165282995804,0.7621194124221802,0.9811937736742424,0.72282099343955,1.6122754166407285,0.1012420837183087,0.5958104133605957,0.9857588410377502
h512_wd0.01_s0,l4,35,0.0005,0.2757436665503875,0.7963834404945374,0.9834946141098485,0.7136832239925023,2.0054527008889607,0.10867532460560846,0.6008527874946594,1.0220611095428467
h512_wd0.01_s0,l4,36,0.0005,0.26630000446153723,0.841617226600647,0.9862171519886365,0.7073570759137768,2.3329982288336595,0.10797862189775279,0.6058173179626465,1.04304039478302
h512_wd0.01_s0,l4,37,0.0005,0.24071727693080902,0.8549927473068237,0.9848114938446969,0.709348641049672,1.6746172733977889,0.10289579972268446,0.6102338433265686,1.0756012201309204
h512_wd0.01_s0,l4,38,0.0005,0.24922630903513535,0.8190814852714539,0.9868312026515151,0.7126288659793815,1.8763616854340952,0.10371598919324028,0.6149840950965881,1.1093412637710571
h512_wd0.01_s0,l4,39,0.0005,0.25995297276455426,0.7966845631599426,0.9871271306818181,0.7160262417994376,2.1728324892460127,0.10923372239879756,0.6196469664573669,1.1382746696472168
h512_wd0.01_s0,l4,40,0.0005,0.26264200327189074,0.8201769590377808,0.9873860677083334,0.7188378631677601,2.3858388299524775,0.11563047323069578,0.6243590712547302,1.1446000337600708
h512_wd0.01_s0,l4,41,0.0005,0.2414910728516786,0.799656867980957,0.987060546875,0.7071227741330834,1.926735376232133,0.10639124349250008,0.6284673810005188,1.1752362251281738
h512_wd0.01_s0,l5,1,0.0005,0.7113258378072218,0.6826576590538025,0.7207159678257945,0.7113831089351286,0.9049883547440264,0.25459485104368534,0.2405514270067215,0.03654360771179199
h512_wd0.01_s0,l5,2,0.0005,0.6963366920297797,0.6773075461387634,0.7357020521760407,0.6778457772337821,0.9723584490459781,0.2763186523270399,0.27537858486175537,0.04902076721191406
h512_wd0.01_s0,l5,3,0.0005,0.6657545647837899,0.6574355959892273,0.7499464782701777,0.7113831089351285,0.6378050391205039,0.19655331914977114,0.2920224368572235,0.04759780317544937
h512_wd0.01_s0,l5,4,0.0005,0.6485400768843564,0.6407184600830078,0.7782747652689849,0.7104039167686659,0.8597074054941288,0.23109124803763698,0.31178727746009827,0.0394403338432312
h512_wd0.01_s0,l5,5,0.0005,0.6513668732209639,0.650335431098938,0.7864482980089916,0.717625458996328,1.3909016785316226,0.38932519386027825,0.3327602744102478,0.03720329329371452
h512_wd0.01_s0,l5,6,0.0005,0.6261457475748929,0.6324564814567566,0.8017019910083494,0.7082007343941249,1.1306880383720896,0.3170537587647176,0.35412323474884033,0.0381583608686924
h512_wd0.01_s0,l5,7,0.0005,0.5978980741717599,0.6230904459953308,0.8225066519864208,0.7085679314565484,1.0641510468364153,0.29175492576584705,0.3712467849254608,0.04539922624826431
h512_wd0.01_s0,l5,8,0.0005,0.5987174646420912,0.7129331827163696,0.8006239104505,0.7106487148102815,1.4138176288343054,0.35280590150202146,0.38859713077545166,0.05027748644351959
h512_wd0.01_s0,l5,9,0.0005,0.6094584424387325,0.6152396202087402,0.8453374927363367,0.7193390452876377,1.5403118403408356,0.4376597158032533,0.4061656892299652,0.05232023820281029
h512_wd0.01_s0,l5,10,0.0005,0.5400356230410662,0.6334447264671326,0.8529452243325076,0.7188494492044063,0.9518418774432125,0.25921293948321567,0.4229073226451874,0.06979584693908691
h512_wd0.01_s0,l5,11,0.0005,0.5451902598142624,0.6080425977706909,0.8646588372021897,0.7247246022031822,1.3070565404096162,0.322504676367504,0.4376480281352997,0.08160360902547836
h512_wd0.01_s0,l5,12,0.0005,0.5095383497801694,0.607723593711853,0.8788420956051013,0.7258261933904528,0.883304293046884,0.22048110496619966,0.45253294706344604,0.10938505828380585
h512_wd0.01_s0,l5,13,0.0005,0.5111919871785424,0.6057722568511963,0.8895158577239503,0.7249694002447981,1.3940305763117642,0.2794650737646865,0.4697039723396301,0.14059683680534363
h512_wd0.01_s0,l5,14,0.0005,0.5112062773921273,0.606400191783905,0.8948527387833747,0.7329253365973072,1.3000908977529035,0.27421599187239853,0.485687255859375,0.14738057553768158
h512_wd0.01_s0,l5,15,0.0005,0.4738121371377598,0.6252920031547546,0.9001131602287672,0.7243574051407589,1.2335486602594117,0.278684294605293,0.5011771321296692,0.18027988076210022
h512_wd0.01_s0,l5,16,0.0005,0.4640195505185561,0.6241570711135864,0.9034315074777503,0.7227662178702571,1.38418725243172,0.2572838507686948,0.5159811973571777,0.19923396408557892
h512_wd0.01_s0,l5,17,0.0005,0.4537419460036538,0.6446542739868164,0.9142046670948405,0.7347613219094249,1.3917157551071933,0.27898791611657975,0.5285161137580872,0.22144702076911926
h512_wd0.01_s0,l5,18,0.0005,0.4590196352113377,0.6603203415870667,0.9227146221365874,0.7225214198286414,1.5305556836167602,0.26201651664893527,0.5401046276092529,0.24752642214298248
h512_wd0.01_s0,l5,19,0.0005,0.4202833812345158,0.6364631652832031,0.9301388506590818,0.7318237454100367,1.2644872537039806,0.22602749732584568,0.5521520376205444,0.27953648567199707
h512_wd0.01_s0,l5,20,0.0005,0.4028611860492013,0.6533046364784241,0.93476465730801,0.7336597307221543,1.3985198461669173,0.2008424739173769,0.5621227025985718,0.31279027462005615
h512_wd0.01_s0,l5,21,0.0005,0.39753932709043677,0.656197726726532,0.944062146374285,0.7236230110159119,1.5473065023186232,0.23055396020375643,0.5711341500282288,0.3384813070297241
h512_wd0.01_s0,l5,22,0.0005,0.39653249897740106,0.650969922542572,0.9511270147108297,0.7313341493268054,1.5035057013965056,0.20796541660616896,0.5807839035987854,0.3683643639087677
h512_wd0.01_s0,l5,23,0.0005,0.4008844630284743,0.8717618584632874,0.9435957427286907,0.7275397796817625,1.9352896528974255,0.26366467290071927,0.5922501683235168,0.38960620760917664
h512_wd0.01_s0,l5,24,0.0005,0.44736188514666125,0.6482548713684082,0.9535049087072208,0.7304773561811505,2.0419613213223493,0.33070359816712375,0.6039984226226807,0.37476980686187744
h512_wd0.01_s0,l5,25,0.0005,0.3776757202365182,0.6915302872657776,0.9608373856928771,0.7232558139534884,1.5755394936879086,0.21104639116369828,0.613339364528656,0.4022924304008484
h512_wd0.01_s0,l5,26,0.0005,0.45965819738127967,0.8262790441513062,0.9591476282227728,0.7268053855569155,2.4436713481416104,0.3239949083206081,0.6250413060188293,0.3929871618747711
h512_wd0.01_s0,l5,27,0.0005,0.355823277072473,0.715855062007904,0.9628712114261246,0.7323133414932681,1.4389665195867607,0.210802333336753,0.634430468082428,0.4096466302871704
h512_wd0.01_s0,l5,28,0.0005,0.3831370242617347,0.6726114749908447,0.9665947946294767,0.7342717258261934,1.9740750689932673,0.22550184433521234,0.6421069502830505,0.43205976486206055
h512_wd0.01_s0,l5,29,0.0005,0.3469335382634943,0.6835682392120361,0.9655167140716274,0.7201958384332926,1.6287527442364658,0.20059111891174367,0.6496698260307312,0.45908108353614807
h512_wd0.01_s0,l5,30,0.0005,0.31346737525679846,0.7135524153709412,0.9699972474538949,0.7336597307221542,1.1660784151442103,0.162616146918687,0.6565800905227661,0.4958982765674591
h512_wd0.01_s0,l5,31,0.0005,0.3221237408843907,0.7623631358146667,0.9719775514573201,0.7310893512851897,1.977373007261373,0.1830859741185841,0.6635617017745972,0.5228999257087708
h512_wd0.01_s0,l5,32,0.0005,0.2778188701380383,0.7391268610954285,0.9798605376640059,0.7309669522643818,1.428945894574411,0.15659661067872793,0.670197606086731,0.5536361336708069
h512_wd0.01_s0,l5,33,0.0005,0.2595180225643245,0.8654537200927734,0.9792259228675414,0.7293757649938801,1.5010294535440816,0.15727295406315522,0.6762614846229553,0.5949088335037231
h512_wd0.01_s0,l5,34,0.0005,0.30381443012844433,0.797211766242981,0.9859161390953299,0.7314565483476132,2.2292641377021942,0.21531306684698465,0.6839174032211304,0.6099655628204346
h512_wd0.01_s0,l5,35,0.0005,0.2889451242306016,0.7453786134719849,0.9848380585374805,0.7271725826193391,1.962134088115703,0.17462159077420314,0.6918935775756836,0.6376248002052307
h512_wd0.01_s0,l5,36,0.0005,0.2614642456173897,0.8437943458557129,0.9861531638988286,0.7307221542227662,1.8738394688183762,0.16205796275722484,0.6994877457618713,0.6734000444412231
h512_wd0.01_s0,l5,37,0.0005,0.2128906480290673,0.8666345477104187,0.9874682692601767,0.7167686658506732,1.4688368381381538,0.13244287670948093,0.7058243751525879,0.714553713798523
h512_wd0.01_s0,l6,1,0.0005,0.7511699921206424,0.7195941209793091,0.6257606907894737,0.575487012987013,1.8195698865216194,0.46828173405964063,0.22984689474105835,0.036561500281095505
h512_wd0.01_s0,l6,2,0.0005,0.7080814775667692,0.6881043910980225,0.6919613486842106,0.609577922077922,1.3674869498752893,0.36009928191146684,0.2729494571685791,0.06194361671805382
h512_wd0.01_s0,l6,3,0.0005,0.6679851914706983,0.6727083921432495,0.7680612664473684,0.6634740259740259,0.7606677962841136,0.20135830993617618,0.28976061940193176,0.06823524832725525
h512_wd0.01_s0,l6,4,0.0005,0.6553008430882504,0.6660022735595703,0.7572368421052632,0.6459415584415584,0.8400638450639525,0.21575517278652728,0.30465373396873474,0.06241938844323158
h512_wd0.01_s0,l6,5,0.0005,0.6436502494310078,0.6758259534835815,0.7881784539473684,0.675974025974026,1.0765286646955636,0.25513865805011654,0.3224588632583618,0.05441875010728836
h512_wd0.01_s0,l6,6,0.0005,0.6164838671684265,0.640057384967804,0.8098067434210527,0.6878246753246753,1.0749210414767918,0.24865283818460857,0.34388744831085205,0.0454072467982769
h512_wd0.01_s0,l6,7,0.0005,0.5973324587470606,0.6324085593223572,0.8308079769736844,0.6948051948051949,1.2399369860146197,0.27475401852645986,0.3686006963253021,0.03845571354031563
h512_wd0.01_s0,l6,8,0.0005,0.5831119292660764,0.6634551882743835,0.8430098684210527,0.6879870129870129,1.4493003427174707,0.29308039878363895,0.392960786819458,0.038672491908073425
h512_wd0.01_s0,l6,9,0.0005,0.5596094915741369,0.6253007054328918,0.8680715460526316,0.6967532467532468,1.2808556158801128,0.2949399085199447,0.4162578880786896,0.04365967586636543
h512_wd0.01_s0,l6,10,0.0005,0.5274900354837117,0.6246052980422974,0.8801603618421054,0.7030844155844156,1.0660507517049502,0.23537081482830471,0.4410497844219208,0.06238164007663727
h512_wd0.01_s0,l6,11,0.0005,0.5075693020695135,0.6599828004837036,0.8923005756578947,0.7009740259740259,1.783864398788706,0.3100502035540776,0.4651738405227661,0.08496182411909103
h512_wd0.01_s0,l6,12,0.0005,0.4973047312937285,0.6730859279632568,0.8931640625,0.6886363636363636,1.4838897348268691,0.2489279527575052,0.4855498671531677,0.10255507379770279
h512_wd0.01_s0,l6,13,0.0005,0.49847424814575597,0.6371117234230042,0.9144531250000001,0.7042207792207792,1.734606986857898,0.3052700261351739,0.5041330456733704,0.11343779414892197
h512_wd0.01_s0,l6,14,0.0005,0.4864004850387573,0.7873426675796509,0.9128083881578948,0.6896103896103895,1.727779143186978,0.2948193687104242,0.523105263710022,0.12788622081279755
h512_wd0.01_s0,l6,15,0.0005,0.5069108260305304,0.6830920577049255,0.9256167763157894,0.702922077922078,2.1062018686769726,0.34030191257272546,0.5419275164604187,0.12427452951669693
h512_wd0.01_s0,l6,16,0.0005,0.46240990883425664,0.6834944486618042,0.9234786184210527,0.7025974025974027,1.736590568837213,0.27095435235994464,0.5582478046417236,0.132956862449646
h512_wd0.01_s0,l6,17,0.0005,0.44678739811244766,0.6502016186714172,0.9331003289473684,0.7069805194805194,1.9621073012632664,0.3313680530788551,0.5744403600692749,0.14665977656841278
h512_wd0.01_s0,l6,18,0.0005,0.523384502059535,0.6953743100166321,0.9349814967105262,0.6977272727272726,2.6091999356843205,0.43319827818110407,0.5895692110061646,0.1363179236650467
h512_wd0.01_s0,l6,19,0.0005,0.4561837613582611,0.6699554324150085,0.9392680921052632,0.6983766233766234,1.7541147067689682,0.3196649434628231,0.6056310534477234,0.13470999896526337
h512_wd0.01_s0,l6,20,0.0005,0.3989787337027098,0.656200647354126,0.9448396381578947,0.7055194805194805,1.428059491602972,0.2415753863284999,0.6179929971694946,0.16456711292266846
h512_wd0.01_s0,l6,21,0.0005,0.37117553384680496,0.6889833807945251,0.9563219572368421,0.6969155844155844,1.3194383519415063,0.2277805633528986,0.6289317011833191,0.19882026314735413
h512_wd0.01_s0,l6,22,0.0005,0.35833388959106643,0.6906581521034241,0.9546258223684211,0.6987012987012987,1.1494619575340885,0.21231405681886673,0.6388342976570129,0.23487548530101776
h512_wd0.01_s0,l6,23,0.0005,0.340060860702866,0.7271463871002197,0.9623972039473684,0.6912337662337662,1.4537493240929338,0.20452837679397354,0.6486499309539795,0.2695849537849426
h512_wd0.01_s0,l6,24,0.0005,0.3378281789390664,0.7058414220809937,0.9660464638157895,0.6962662337662338,1.3857068004697106,0.20143696829752591,0.658699095249176,0.29980728030204773
h512_wd0.01_s0,l6,25,0.0005,0.33493538200855255,0.7175776958465576,0.9734477796052632,0.6920454545454546,1.7738856529612734,0.2430596490878797,0.6682250499725342,0.31910833716392517
h512_wd0.01_s0,l6,26,0.0005,0.2966221751351106,0.7284984588623047,0.974280427631579,0.6926948051948051,1.4890532026397139,0.19622751214293244,0.6777114272117615,0.35028403997421265
h512_wd0.01_s0,l6,27,0.0005,0.2987841940239856,0.8375892639160156,0.9756681743421052,0.6952922077922078,1.6543206027088508,0.20693026926200805,0.6869772672653198,0.3816928565502167
h512_wd0.01_s0,l6,28,0.0005,0.31401601590608297,0.8717610836029053,0.9765727796052631,0.6834415584415584,1.7710761466626523,0.23240825605445084,0.6974785923957825,0.39449942111968994
h512_wd0.01_s0,l6,29,0.0005,0.29208095528577505,0.7984331846237183,0.9824115953947368,0.6918831168831169,2.106774582618349,0.25184814540430456,0.7084991931915283,0.41838937997817993
h512_wd0.01_s0,l6,30,0.0005,0.3421803587361386,0.7512459754943848,0.9845291940789473,0.688474025974026,2.3911529452291034,0.293807174491199,0.7180129885673523,0.428928405046463
h512_wd0.01_s0,l6,31,0.0005,0.28883681956090423,0.8271906971931458,0.9851870888157894,0.6837662337662337,1.7661605065795265,0.2100589025884666,0.7274945974349976,0.4387500584125519
h512_wd0.01_s0,l6,32,0.0005,0.25331850663611766,0.7810676097869873,0.9890008223684211,0.6829545454545455,1.6580720940117164,0.18210727069828017,0.736136257648468,0.46577954292297363
h512_wd0.01_s0,l6,33,0.0005,0.24460548240887492,0.9292687177658081,0.9852693256578947,0.6819805194805195,1.7125223231336106,0.18374605431749344,0.7440080642700195,0.490745484828949
h512_wd0.01_s0,l6,34,0.0005,0.28406397959119395,1.0219645500183105,0.9913754111842106,0.6829545454545455,2.562497424737779,0.2639704240464284,0.7531452775001526,0.5036160349845886
h512_wd0.01_s0,l6,35,0.0005,0.2761995996299543,0.8646740913391113,0.9887027138157896,0.6857142857142857,2.0845041626036376,0.221296148084756,0.7620725035667419,0.5096451640129089
h512_wd0.01_s0,l6,36,0.0005,0.24394408025239644,0.8474834561347961,0.9894222861842106,0.6844155844155844,1.9531248347798873,0.20728107557614067,0.7701722383499146,0.5299601554870605
h512_wd0.01_s0,l6,37,0.0005,0.2782906376217541,1.0552252531051636,0.9943050986842105,0.6800324675324676,2.3854840955286,0.21102258382129682,0.7778773307800293,0.5391935110092163
h512_wd0.01_s0,l7,1,0.0005,0.6953545109085415,0.7053354382514954,0.727238399857844,0.6150421743205249,1.1584480722676285,0.29676190671430575,0.24203431606292725,0.022501729428768158
h512_wd0.01_s0,l7,2,0.0005,0.6741783307946246,0.6550911068916321,0.7668199284778214,0.6843955014058106,1.4078254595360185,0.35887776848625874,0.2861250936985016,0.03840959444642067
h512_wd0.01_s0,l7,3,0.0005,0.6648011829542078,0.7412863373756409,0.7504868098591029,0.6292174320524837,1.5272335513078616,0.4047537752565333,0.3138934373855591,0.047212112694978714
h512_wd0.01_s0,l7,4,0.0005,0.6180629522904105,0.638630211353302,0.7933556932690671,0.7059512652296157,1.0260556470829052,0.2592671442982095,0.33909595012664795,0.05075623840093613
h512_wd0.01_s0,l7,5,0.0005,0.5989208169605421,0.6259447932243347,0.8150048495887104,0.7162605435801311,1.198889464920546,0.27650041366264394,0.36822718381881714,0.04235447570681572
h512_wd0.01_s0,l7,6,0.0005,0.5655731895695562,0.6250244975090027,0.8357507237363305,0.7305529522024368,1.3579488041199979,0.3230988230653356,0.39967435598373413,0.04488830268383026
h512_wd0.01_s0,l7,7,0.0005,0.5611103254815807,0.6070112586021423,0.856163420033614,0.7430880974695407,1.4966077231726531,0.3522944256732244,0.4294660687446594,0.05145581439137459
h512_wd0.01_s0,l7,8,0.0005,0.5515269352042157,0.605268120765686,0.8731554904007759,0.7463683223992501,1.6315230682154127,0.3656529931846338,0.45485347509384155,0.05761987343430519
h512_wd0.01_s0,l7,9,0.0005,0.5071258246898651,0.5985287427902222,0.8856681696689694,0.7503514526710403,1.1650345201390329,0.2749087154607345,0.48147621750831604,0.07542824000120163
h512_wd0.01_s0,l7,10,0.0005,0.5152010839918385,0.5972964763641357,0.897210931195072,0.7517572633552015,1.8934975100113502,0.45473181071784174,0.5084714889526367,0.0860108882188797
h512_wd0.01_s0,l7,11,0.0005,0.48946805622266687,0.594181478023529,0.9075024247943553,0.7515229615745079,1.789452270685807,0.4062407077709814,0.5332531332969666,0.10273446887731552
h512_wd0.01_s0,l7,12,0.0005,0.48130285480748053,0.5941005349159241,0.9104862175429245,0.7683926897844423,1.7027543122688356,0.3480834738560252,0.5555853843688965,0.11393805593252182
h512_wd0.01_s0,l7,13,0.0005,0.4956656202026036,0.5899285078048706,0.9221770581136212,0.7531630740393627,1.9343177293033695,0.37325124127660064,0.5767733454704285,0.11130811274051666
h512_wd0.01_s0,l7,14,0.0005,0.43805866137794824,0.6620038151741028,0.9272635732954252,0.744962511715089,1.603986303632784,0.32461783016617535,0.5959047675132751,0.13600103557109833
h512_wd0.01_s0,l7,15,0.0005,0.4473927811436031,0.5946311950683594,0.9309581454580456,0.7599578256794751,1.8970223690341494,0.38462875968014565,0.6151865720748901,0.14604820311069489
h512_wd0.01_s0,l7,16,0.0005,0.39412207707114844,0.6036338806152344,0.9401020264617254,0.7628865979381442,1.1575049128670882,0.2334181270200136,0.6345970630645752,0.1739174872636795
h512_wd0.01_s0,l7,17,0.0005,0.4705248617607614,0.6265467405319214,0.9504749635355353,0.7655810684161198,2.396220923567093,0.42489220209650747,0.653994619846344,0.18115906417369843
h512_wd0.01_s0,l7,18,0.0005,0.40532169005145197,0.6103571653366089,0.9487202268570962,0.7587863167760075,1.6963188304313235,0.30610178581812325,0.6733474731445312,0.19546054303646088
h512_wd0.01_s0,l7,19,0.0005,0.37089928595916083,0.6037977933883667,0.958115842236586,0.7644095595126523,1.4573076844981347,0.2665153022331617,0.6885499954223633,0.22460174560546875
h512_wd0.01_s0,l7,20,0.0005,0.34572940611320996,0.6211073398590088,0.9638613091668332,0.7593720712277413,1.3046568121388848,0.2179259945874725,0.7023684978485107,0.25973665714263916
h512_wd0.01_s0,l7,21,0.0005,0.3442242955384047,0.6156100630760193,0.9688145532085027,0.7558575445173383,1.883279462232688,0.2555191807543267,0.717582643032074,0.2932516038417816
h512_wd0.01_s0,l7,22,0.0005,0.3297792770292448,0.780523419380188,0.966956161198848,0.7716729147141518,1.9646748717963138,0.27738939206771734,0.7330686450004578,0.31863006949424744
h512_wd0.01_s0,l7,23,0.0005,0.36761219605155615,0.6656193137168884,0.9718131538615313,0.7468369259606373,2.2542804539659342,0.31988631013504,0.7516373991966248,0.3325844407081604
h512_wd0.01_s0,l7,24,0.0005,0.32814596787742945,0.6708639860153198,0.9752930114094904,0.7646438612933458,1.8253295208891227,0.24692633842753114,0.7701416015625,0.3481457829475403
h512_wd0.01_s0,l7,25,0.0005,0.2846763904975808,0.6452361941337585,0.9805276056358885,0.7578491096532334,1.518701353091341,0.20644027944681456,0.7842853665351868,0.3773333430290222
h512_wd0.01_s0,l7,26,0.0005,0.27480129638443823,0.6557486653327942,0.9843036212730356,0.7563261480787253,1.5260403696416402,0.19647713125977626,0.7956700325012207,0.4141717553138733
h512_wd0.01_s0,l7,27,0.0005,0.26323385277520056,0.6815215945243835,0.9859917223814072,0.7638238050609185,1.6374805280012812,0.18314125438251977,0.806983470916748,0.4472164213657379
h512_wd0.01_s0,l7,28,0.0005,0.2694677153359289,0.7683877348899841,0.9813124245722367,0.7352389878163075,1.8252891577405221,0.19104593946779727,0.8198677897453308,0.47157710790634155
h512_wd0.01_s0,l7,29,0.0005,0.2581571774638217,0.7150395512580872,0.9845479516966156,0.7597235238987816,2.036564216533492,0.19652047148281288,0.8324773907661438,0.49793118238449097
h512_wd0.01_s0,l7,30,0.0005,0.27349818011988763,0.8515837788581848,0.9830523533462162,0.7360590440487348,2.39300339653551,0.21552840554766436,0.8468397855758667,0.5201643109321594
h512_wd0.01_s0,l7,31,0.0005,0.29740894747817,0.7239488959312439,0.9917668051205734,0.7543345829428304,2.714013706804129,0.25330198528627096,0.860774576663971,0.5200549364089966
h512_wd0.01_s0,l7,32,0.0005,0.21674995448278345,0.7380805015563965,0.9927515307671235,0.760074976569822,1.6808009196958442,0.18439270976587066,0.8720607757568359,0.5428677797317505
h512_wd0.01_s0,l7,33,0.0005,0.2243318178731462,0.8446081280708313,0.9900638961077424,0.7357075913776944,1.900353645592999,0.17203182844542783,0.8845305442810059,0.5692473649978638
h512_wd0.01_s0,l7,34,0.0005,0.21706616651752722,0.7205705642700195,0.9925368161524621,0.7635895032802249,1.6279065704250724,0.1597790267255717,0.8945224285125732,0.5879995226860046
h512_wd0.01_s0,l7,35,0.0005,0.19135640108067056,0.738316535949707,0.9944174200188061,0.7509372071227741,1.5764695985746544,0.1612972772309891,0.9029119610786438,0.6201709508895874
h512_wd0.01_s0,l7,36,0.0005,0.21836994005286176,0.7751334309577942,0.9941804935474556,0.7608950328022492,2.2629873569425816,0.18656535797023388,0.9123988151550293,0.6407950520515442
h512_wd0.01_s0,l7,37,0.0005,0.18797988476960556,0.8012563586235046,0.9956242642322473,0.7511715089034676,1.675478099753827,0.16097293014641,0.9208715558052063,0.6713082790374756
h512_wd0.01_s0,l7,38,0.0005,0.16874438491852387,0.907812774181366,0.9966460096399459,0.7587863167760074,1.7318174586645663,0.13799450428536708,0.9285705089569092,0.6988692879676819
h512_wd0.01_s0,l7,39,0.0005,0.21437535694111948,0.8323325514793396,0.9973345771973079,0.7515229615745078,2.5926081557484384,0.20575228215097424,0.9383681416511536,0.7082327604293823
h512_wd0.01_s0,l7,40,0.0005,0.1994578287653301,0.8391261100769043,0.9970162072514308,0.7538659793814432,2.3904948343662538,0.19715920167439716,0.9470831155776978,0.7225611209869385
h512_wd0.01_s0,l7,41,0.0005,0.1545784800596859,0.8988668918609619,0.9968755321590665,0.7368791002811622,1.5900431020330439,0.13183569994230462,0.954675555229187,0.7458698749542236
h512_wd0.01_s0,l7,42,0.0005,0.17459399803825046,0.8507150411605835,0.9982896870349393,0.7528116213683225,1.9369846502803865,0.13258155337889513,0.9623166918754578,0.7631129622459412
h512_wd0.01_s0,l8,1,0.0005,0.7104216488924894,0.691347599029541,0.7278623407655666,0.6365325077399381,0.8242956973114338,0.24042090525230211,0.24243547022342682,0.03365783765912056
h512_wd0.01_s0,l8,2,0.0005,0.684028454802253,0.6773431897163391,0.7675216062312837,0.6580804953560372,0.7738446809907085,0.2158420630956426,0.28016817569732666,0.045084916055202484
h512_wd0.01_s0,l8,3,0.0005,0.6630966365337372,0.6709010601043701,0.7693137209266242,0.663405572755418,0.7040886584636052,0.20154593130017837,0.300534725189209,0.04575025290250778
h512_wd0.01_s0,l8,4,0.0005,0.6446958915753798,0.6731211543083191,0.7526804139707366,0.6485448916408669,0.9532939535507116,0.25038928812336997,0.32329314947128296,0.04541577771306038
h512_wd0.01_s0,l8,5,0.0005,0.6150236996737394,0.6457951664924622,0.8091436639823737,0.6795046439628483,0.9294146326762583,0.24001896362732553,0.34570834040641785,0.04598526284098625
h512_wd0.01_s0,l8,6,0.0005,0.6149191504175012,0.6742017269134521,0.8146751695138793,0.679876160990712,1.1947092089009295,0.30387500195929945,0.3679455518722534,0.051586225628852844
h512_wd0.01_s0,l8,7,0.0005,0.5962679968638853,0.7641975283622742,0.8148846374652826,0.6844582043343653,1.37273001599975,0.3548114749648137,0.3904794454574585,0.058912090957164764
h512_wd0.01_s0,l8,8,0.0005,0.6076286231929605,0.6401909589767456,0.8353038836909804,0.6859442724458205,1.5499530344224637,0.390301765256372,0.4100150465965271,0.061913859099149704
h512_wd0.01_s0,l8,9,0.0005,0.5463166399435564,0.6413981914520264,0.8556300330493879,0.6908978328173374,0.9614014770682311,0.24947678584653324,0.4282422959804535,0.06657368689775467
h512_wd0.01_s0,l8,10,0.0005,0.5408534827557477,0.6492109298706055,0.8649474778507037,0.6894117647058823,1.2290740828926938,0.2884938864567937,0.4453321099281311,0.08219479024410248
h512_wd0.01_s0,l8,11,0.0005,0.4957118874246424,0.6450663208961487,0.8835590932365126,0.701795665634675,0.9075118007678168,0.20698145499086051,0.46304869651794434,0.10674174875020981
h512_wd0.01_s0,l8,12,0.0005,0.48061563210053876,0.6485481262207031,0.895250508153734,0.7061300309597524,1.0361480479182488,0.20732511830188774,0.4803168773651123,0.14154666662216187
h512_wd0.01_s0,l8,13,0.0005,0.48613348467783496,0.6750717759132385,0.9054834054834054,0.7124458204334364,1.3381271820336302,0.2508000283977636,0.49840137362480164,0.17267052829265594
h512_wd0.01_s0,l8,14,0.0005,0.4746799157424407,0.6824362874031067,0.905460131266583,0.716656346749226,1.1934828301286984,0.20418506615502266,0.5137326717376709,0.20115740597248077
h512_wd0.01_s0,l8,15,0.0005,0.5046024146405134,0.6434959173202515,0.9162904001613679,0.7139318885448916,1.7792040233333137,0.3188042294123918,0.5295441746711731,0.1991669237613678
h512_wd0.01_s0,l8,16,0.0005,0.4670780991966074,0.6441315412521362,0.9262207326723456,0.7147987616099071,1.5020622169509126,0.2798097164142119,0.5432146191596985,0.22006890177726746
h512_wd0.01_s0,l8,17,0.0005,0.41286776147105475,0.6485393047332764,0.9354062902449999,0.7196284829721362,0.9728496076760421,0.20321352181919605,0.5547856092453003,0.26055511832237244
h512_wd0.01_s0,l8,18,0.0005,0.4053299101916226,0.6861152052879333,0.9396965042126334,0.7146749226006192,1.488876068561102,0.26615590534630806,0.5669897198677063,0.3058561086654663
h512_wd0.01_s0,l8,19,0.0005,0.4286263571544127,0.6736522912979126,0.9468261726326243,0.7095975232198142,1.7688805511224543,0.26387044313622954,0.5782641768455505,0.3134293854236603
h512_wd0.01_s0,l8,20,0.0005,0.40068877827037463,0.6926963925361633,0.9505655634687893,0.7145510835913312,1.5427171382268134,0.23874784521003267,0.5906853675842285,0.3368598222732544
h512_wd0.01_s0,l8,21,0.0005,0.39696691930294037,0.6591389179229736,0.9576564415274093,0.7160371517027865,1.6345125889260368,0.21210108800050537,0.6026461124420166,0.3669678270816803
h512_wd0.01_s0,l8,22,0.0005,0.36033493280410767,0.7740713357925415,0.9532188241865661,0.7147987616099072,1.3587590070694502,0.17825649762742082,0.613027036190033,0.4077012538909912
h512_wd0.01_s0,l8,23,0.0005,0.3354117436842485,0.7124062180519104,0.9689211624695496,0.7131888544891641,1.4073470279352478,0.18431680183360963,0.6228682994842529,0.44314712285995483
h512_wd0.01_s0,l8,24,0.0005,0.3228152665224942,0.6893707513809204,0.9732579248708281,0.7108359133126935,1.5764581144598195,0.1603318888717683,0.6329731345176697,0.48299846053123474
h512_wd0.01_s0,l8,25,0.0005,0.31644113565033133,0.8273146152496338,0.9620707846514298,0.7112074303405571,1.508729730666098,0.16809866707408758,0.6428866982460022,0.5282614827156067
h512_wd0.01_s0,l8,26,0.0005,0.36219149692492053,0.711191713809967,0.9742509581219259,0.7222291021671827,2.262990218608086,0.21918338773470672,0.6527863144874573,0.5471715331077576
h512_wd0.01_s0,l8,27,0.0005,0.3171730231155049,0.764859676361084,0.9822029822029822,0.7140557275541797,2.0526010372119683,0.2052214472197141,0.6625326871871948,0.5657018423080444
h512_wd0.01_s0,l8,28,0.0005,0.31336226043376053,0.7575440406799316,0.9743750872783131,0.7200000000000001,1.8866510421600844,0.17142606843305494,0.673104465007782,0.5949681401252747
h512_wd0.01_s0,l8,29,0.0005,0.33313210714947095,0.7601577639579773,0.9801781253394157,0.7119504643962848,2.4566433318669145,0.2451862633690225,0.6825979351997375,0.6071382761001587
h512_wd0.01_s0,l8,30,0.0005,0.3191004720601169,0.7911409735679626,0.9773464289593321,0.7147987616099072,2.272629160150302,0.2125553311079459,0.6919312477111816,0.6087897419929504
h512_wd0.01_s0,l8,31,0.0005,0.28279225528240204,0.7957776188850403,0.9864388896646962,0.7139318885448918,1.853467449059317,0.16666552475783714,0.6990647912025452,0.6354213356971741
h512_wd0.01_s0,l8,32,0.0005,0.26247289912267163,0.7973341345787048,0.9863845831587766,0.7151702786377709,1.7351552901126817,0.15443303073753342,0.7062103748321533,0.6655769348144531
h512_wd0.01_s0,l8,33,0.0005,0.24818078902634708,0.7525090575218201,0.98897577929836,0.7079876160990712,1.9174427143518178,0.15468583173087905,0.7131689786911011,0.7054987549781799
h512_wd0.01_s0,l8,34,0.0005,0.25071658397262747,0.8548553586006165,0.9886964886964886,0.7147987616099072,1.719233317661979,0.14130403699818975,0.7205202579498291,0.7352975010871887
h512_wd0.01_s0,l8,35,0.0005,0.23587850007143887,0.8311299085617065,0.9901084578503934,0.7136842105263158,1.8931776480930365,0.158196311427349,0.7272511124610901,0.7743010520935059
h512_wd0.01_s0,l8,36,0.0005,0.32498958097262814,0.798329770565033,0.9899998448385545,0.7176470588235294,2.7513213203959506,0.20571597143324985,0.7358777523040771,0.7717179656028748
h512_wd0.01_s0,l8,37,0.0005,0.21373627808961002,0.8297568559646606,0.9926531055563315,0.7131888544891641,1.852783868961322,0.14244001264019218,0.7429729104042053,0.7971409559249878
h512_wd0.01_s0,l8,38,0.0005,0.2036253698170185,0.8665552735328674,0.994530559046688,0.7100928792569658,1.4793656394621448,0.12734915757472648,0.7482017874717712,0.8350542187690735
h512_wd0.01_s0,l8,39,0.0005,0.18171133744445714,0.9286934733390808,0.9942745426616394,0.706749226006192,1.7341622159394916,0.12381017763577956,0.753798246383667,0.8805798292160034
h512_wd0.01_s0,l8,40,0.0005,0.1910991526462815,0.905148983001709,0.9946779624198979,0.7079876160990712,1.8807031576347795,0.1197974854859481,0.7593769431114197,0.9175161123275757
h512_wd0.01_s0,l8,41,0.0005,0.25605304657735606,0.9400368332862854,0.9967183354280128,0.6792569659442724,2.8068230121527673,0.17758790863716675,0.7657403349876404,0.9365259408950806
h512_wd0.01_s0,l8,42,0.0005,0.30462654815478757,0.8187367916107178,0.995608931092802,0.6896594427244582,2.8116858427117792,0.18911775813324222,0.7761164903640747,0.9148085713386536
h512_wd0.01_s0,l8,43,0.0005,0.2278333120048046,0.8877983093261719,0.99606665735698,0.6985758513931888,2.2566832354996005,0.149401748562872,0.7828943729400635,0.9445412158966064
h512_wd0.01_s0,l8,44,0.0005,0.2303475337949666,0.9036403894424438,0.9972458843426585,0.6928792569659443,2.5546237956838223,0.15534610521403905,0.7891014218330383,0.9626622796058655
h512_wd0.01_s0,l8,45,0.0005,0.15904650769450449,0.9362927079200745,0.9967338515725612,0.694984520123839,1.417318943398028,0.09880737023613886,0.7935895919799805,1.0007504224777222
h512_wd0.01_s0,l8,46,0.0005,0.1755538721653548,0.9619106650352478,0.9972148520535618,0.6854489164086688,1.7001112486625052,0.09914243670050293,0.7979207038879395,1.040086030960083
h512_wd0.01_s0,l9,1,0.0005,0.6978134098260299,0.6700177788734436,0.7316146321462043,0.6794751640112464,1.0511088574278056,0.27709171390336473,0.24234166741371155,0.028341354802250862
h512_wd0.01_s0,l9,2,0.0005,0.6752185251401819,0.7074604034423828,0.7291032099343956,0.655107778819119,1.284919395746295,0.3195971087185256,0.28652989864349365,0.03949282690882683
h512_wd0.01_s0,l9,3,0.0005,0.6547221800555354,0.6427462100982666,0.7796318533270852,0.7044283036551078,1.2833717265046363,0.29991040079493964,0.3113665282726288,0.04593130946159363
h512_wd0.01_s0,l9,4,0.0005,0.6034038636995398,0.6280695199966431,0.7950811269915651,0.7060684161199626,0.8966082642428784,0.2564196482715097,0.33767169713974,0.03465194255113602
h512_wd0.01_s0,l9,5,0.0005,0.613316183504851,0.630964994430542,0.8193679709465791,0.7115745079662605,1.5760704121784346,0.41298072141937736,0.3689471483230591,0.03158583492040634
h512_wd0.01_s0,l9,6,0.0005,0.6192592304685841,0.6347152590751648,0.8397302600749765,0.7116916588566072,1.7155050671457543,0.442531522598944,0.39364999532699585,0.041494984179735184
h512_wd0.01_s0,l9,7,0.0005,0.5574389929356782,0.626399040222168,0.8502299086223056,0.7204779756326148,1.1606368009058916,0.29237279519346004,0.42024287581443787,0.04169037565588951
h512_wd0.01_s0,l9,8,0.0005,0.5512840760790784,0.6095902919769287,0.8632043697282099,0.727389878163074,1.4900137245504268,0.366401120700408,0.4443996846675873,0.04921739548444748
h512_wd0.01_s0,l9,9,0.0005,0.5479329448679219,0.7372136116027832,0.8602755974695407,0.719423617619494,1.764863473603959,0.41485248576562234,0.4683389663696289,0.06043827161192894
h512_wd0.01_s0,l9,10,0.0005,0.5557751746281333,0.6410885453224182,0.8833909325210871,0.7307872539831303,1.750112599555857,0.3773635828753289,0.4898287057876587,0.05061638355255127
h512_wd0.01_s0,l9,11,0.0005,0.5097395039123037,0.6110411882400513,0.8953403233364573,0.729850046860356,1.1666813098849047,0.2706410549907093,0.5111562609672546,0.0606994703412056
h512_wd0.01_s0,l9,12,0.0005,0.49738047952237335,0.6302165389060974,0.9031821110590441,0.7286785379568885,1.3856609907910418,0.3121242269282234,0.5294816493988037,0.08105187118053436
h512_wd0.01_s0,l9,13,0.0005,0.47747717862543854,0.6269531846046448,0.9113973172446111,0.7279756326148078,1.3819148004623423,0.31307371099764764,0.5504655241966248,0.09434498846530914
h512_wd0.01_s0,l9,14,0.0005,0.449543394472288,0.6633362770080566,0.9133083411433928,0.7220009372071228,1.45985972856008,0.32213238232525593,0.5681473612785339,0.12151595950126648
h512_wd0.01_s0,l9,15,0.0005,0.44641004567560943,0.6716729402542114,0.9204618673851921,0.7216494845360825,1.728118518649503,0.3553539148942543,0.5855430960655212,0.1477430909872055
h512_wd0.01_s0,l9,16,0.0005,0.4443095494871554,0.6260464787483215,0.9353253865979382,0.73441893158388,1.5943138891692106,0.37130145192407976,0.6031886339187622,0.15581399202346802
h512_wd0.01_s0,l9,17,0.0005,0.3902992852356123,0.645244836807251,0.9356988050609184,0.7229381443298969,1.147932890556568,0.23038536867739554,0.617544949054718,0.18596918880939484
h512_wd0.01_s0,l9,18,0.0005,0.3748007682354554,0.728004515171051,0.9478678537956888,0.7372305529522025,1.4294680363035663,0.2460133662803592,0.632045567035675,0.21861781179904938
h512_wd0.01_s0,l9,19,0.0005,0.37599620870921924,0.6942957043647766,0.9496617268041238,0.7276241799437675,1.7953799729725348,0.2977144785722185,0.6467357873916626,0.2451503574848175
h512_wd0.01_s0,l9,20,0.0005,0.3462065542521684,0.684972882270813,0.9568445407685099,0.732895970009372,1.5233387527536821,0.26880857790093104,0.6613947153091431,0.27953821420669556
h512_wd0.01_s0,l9,21,0.0005,0.34029352988885797,0.6820042133331299,0.9653819119025304,0.7350046860356138,1.7693474796272315,0.27536961839385554,0.675438404083252,0.304985910654068
h512_wd0.01_s0,l9,22,0.0005,0.33807676577049756,0.8368717432022095,0.9714005388940956,0.7343017806935332,2.0590959165683187,0.2758037857102563,0.6906874775886536,0.332547128200531
h512_wd0.01_s0,l9,23,0.0005,0.34821979248005414,0.7340307235717773,0.9738607075913777,0.7324273664479851,1.9822346844351812,0.2553743244392241,0.704587996006012,0.34808459877967834
h512_wd0.01_s0,l9,24,0.0005,0.3367382968249528,0.7570639252662659,0.9742268041237114,0.7270384254920336,2.0794565606229374,0.25503860950196344,0.7176207304000854,0.36216437816619873
h512_wd0.01_s0,l9,25,0.0005,0.2992823752372161,0.7209577560424805,0.9792057169634489,0.7290299906279287,1.7379708698080687,0.2331039367517726,0.7312328219413757,0.3850429356098175
h512_wd0.01_s0,l9,26,0.0005,0.27843628046305285,0.7566954493522644,0.9840674789128399,0.7286785379568884,1.6460679717257138,0.1918223980656663,0.7431626915931702,0.4212900996208191
h512_wd0.01_s0,l9,27,0.0005,0.27090547460576764,0.80865478515625,0.9864178186504218,0.7313730084348641,1.8292810756070828,0.21603090360287186,0.7554813027381897,0.4507463872432709
h512_wd0.01_s0,l9,28,0.0005,0.2789461476647336,0.8483499884605408,0.9900348523898781,0.7263355201499532,1.7965876541616472,0.1969443134665287,0.7678219079971313,0.4655565619468689
h512_wd0.01_s0,l9,29,0.0005,0.24140865226154742,0.800455629825592,0.9901520032802249,0.7275070290534208,1.8264611452674389,0.19789856958180926,0.7799378633499146,0.500144898891449
h512_wd0.01_s0,l9,30,0.0005,0.256021068147991,0.830997109413147,0.9924876991565136,0.7282099343955014,2.029953463669955,0.19535025112460572,0.7915059328079224,0.5261334776878357
h512_wd0.01_s0,l9,31,0.0005,0.23151531232439954,0.7980570197105408,0.9921216026241799,0.7241096532333645,1.7258178524252776,0.16936457370954103,0.8021306395530701,0.5572618842124939
h512_wd0.01_s0,l9,32,0.0005,0.2028935907975487,0.800839900970459,0.9935567010309277,0.7339503280224929,1.3915089803073994,0.1507600418886437,0.8120238780975342,0.5943070650100708
h512_wd0.01_s0,l9,33,0.0005,0.19913718331119287,0.8889057040214539,0.993373652764761,0.7305529522024367,1.4708839493220849,0.14010089173628854,0.8217347860336304,0.6345150470733643
h512_wd0.01_s0,l9,34,0.0005,0.21183385408442953,0.9760497808456421,0.99608276710403,0.7202436738519212,2.075298350268008,0.1755802034111978,0.8321278691291809,0.6667855978012085
h512_wd0.01_s0,l9,35,0.0005,0.2563664333327957,0.8405552506446838,0.9940692361761949,0.7164948453608246,2.5683696947689167,0.22347564174075915,0.8440939784049988,0.667317807674408
h512_wd0.01_s0,l9,36,0.0005,0.28162292876969214,1.0410963296890259,0.9909940253045924,0.7277413308341143,2.9816025143383227,0.2635017880595933,0.85639888048172,0.6603004336357117
h512_wd0.01_s0,l9,37,0.0005,0.28071995014729706,0.829994797706604,0.9971151593252108,0.7245782567947516,2.938962620696843,0.237044686183446,0.868776798248291,0.641741156578064
h512_wd0.01_s0,l9,38,0.0005,0.21765314528475638,0.8859139084815979,0.9947282099343956,0.7250468603561387,2.036148282248856,0.18449395884627792,0.877554178237915,0.674275279045105
h512_wd0.01_s0,l10,1,0.0005,0.7159928161164989,0.6842389702796936,0.7009671606663479,0.6501638576779026,0.8722634757685706,0.24404643071486573,0.24623186886310577,0.035700246691703796
h512_wd0.01_s0,l10,2,0.0005,0.689748113570006,0.6961293816566467,0.7302614643474424,0.6631554307116105,0.9550945790657517,0.2500540047679398,0.28142574429512024,0.03964589908719063
h512_wd0.01_s0,l10,3,0.0005,0.6673401645992113,0.6888014674186707,0.7188246975324533,0.5891853932584269,0.6654890816005651,0.1801760934674447,0.2979024648666382,0.04207674413919449
h512_wd0.01_s0,l10,4,0.0005,0.645126980283986,0.6608405113220215,0.766013312249476,0.6385767790262172,0.7994115502738005,0.21628804828215512,0.3168867230415344,0.03310822322964668
h512_wd0.01_s0,l10,5,0.0005,0.6180029070895651,0.6471036076545715,0.793049681903431,0.6657303370786517,0.8136202903344302,0.20163152917068833,0.3387163281440735,0.0339897945523262
h512_wd0.01_s0,l10,6,0.0005,0.6213880064694778,0.6394926905632019,0.815754054352223,0.6933520599250937,1.443587827238341,0.34856430482255435,0.36061757802963257,0.042007844895124435
h512_wd0.01_s0,l10,7,0.0005,0.595151196355405,0.6303951144218445,0.829926819402052,0.6946395131086143,1.2581614826444778,0.3006145538340102,0.37939274311065674,0.050714027136564255
h512_wd0.01_s0,l10,8,0.0005,0.5828332732553068,0.6300566792488098,0.8438495200970839,0.6981507490636704,1.2891182092928701,0.2935498618574727,0.3984284996986389,0.06815946102142334
h512_wd0.01_s0,l10,9,0.0005,0.5612216630707616,0.6340979933738708,0.851535321590115,0.7031835205992509,1.2778278541913433,0.30281843878644543,0.4164464771747589,0.09350541979074478
h512_wd0.01_s0,l10,10,0.0005,0.5484571625357089,0.6125708222389221,0.8703931158754092,0.7337312734082397,1.2761778075557353,0.25946523775911556,0.43187958002090454,0.10505673289299011
h512_wd0.01_s0,l10,11,0.0005,0.5582678162533304,0.6155663728713989,0.8821755598867356,0.72249531835206,1.323552343459741,0.28497719902073565,0.44744694232940674,0.11835926026105881
h512_wd0.01_s0,l10,12,0.0005,0.5074134119178938,0.6094582676887512,0.8884271687566654,0.7294007490636704,1.0840216253595707,0.23531782943344223,0.4628850817680359,0.14357541501522064
h512_wd0.01_s0,l10,13,0.0005,0.4771124901978866,0.6556200385093689,0.8870812341411393,0.7128979400749064,1.0628405590301575,0.21718586957148014,0.47673410177230835,0.18883644044399261
h512_wd0.01_s0,l10,14,0.0005,0.4965568742026453,0.8098210692405701,0.8915971021954178,0.738061797752809,1.6741798107425014,0.29057283922522775,0.4928010106086731,0.2071191370487213
h512_wd0.01_s0,l10,15,0.0005,0.49918109826419665,0.6116116046905518,0.9108814768506602,0.7329119850187266,1.5397802363904958,0.29613576579287276,0.507116436958313,0.19916413724422455
h512_wd0.01_s0,l10,16,0.0005,0.4478312406850898,0.6632528305053711,0.9147280550141581,0.7387640449438201,1.238356086155097,0.21132483980726074,0.5200650691986084,0.23593778908252716
h512_wd0.01_s0,l10,17,0.0005,0.45855094427647797,0.6566810607910156,0.9241275328209466,0.7339653558052436,1.6265476691859573,0.2538118582554224,0.532890260219574,0.2562713027000427
h512_wd0.01_s0,l10,18,0.0005,0.42025277407273004,0.617755651473999,0.936866105247674,0.7448501872659176,1.2415351382072266,0.21127919520546246,0.5436026453971863,0.29219377040863037
h512_wd0.01_s0,l10,19,0.0005,0.4087077612462251,0.6326008439064026,0.9440738425330049,0.7419241573033708,1.6585417857607927,0.22974212318154735,0.5548077821731567,0.3348585069179535
h512_wd0.01_s0,l10,20,0.0005,0.4137484521969505,0.7613285183906555,0.9402640385393299,0.7441479400749064,1.6607006785131722,0.22246285628230392,0.5664863586425781,0.35447460412979126
h512_wd0.01_s0,l10,21,0.0005,0.38286272727924847,0.648703932762146,0.9536719008568382,0.7393492509363296,1.4647776376948332,0.209974658646102,0.5772634744644165,0.3691079020500183
h512_wd0.01_s0,l10,22,0.0005,0.35017064732054004,0.670216977596283,0.9589894458132607,0.7449672284644195,1.4512613641039294,0.19349047840321565,0.5863878726959229,0.41229507327079773
h512_wd0.01_s0,l10,23,0.0005,0.3655015495808228,0.6469627618789673,0.9624241532747398,0.7433286516853932,1.6317770106474476,0.19228489728870296,0.5960612893104553,0.44668394327163696
h512_wd0.01_s0,l10,24,0.0005,0.3450076767931814,0.7135735750198364,0.9685801493031295,0.7419241573033709,1.8830985023433198,0.19821841475263136,0.6056928038597107,0.4880511164665222
h512_wd0.01_s0,l10,25,0.0005,0.31038213424060657,0.7811447381973267,0.9706174383113302,0.7304541198501873,1.6602861398574318,0.17567677292784592,0.6157956719398499,0.5302547812461853
h512_wd0.01_s0,l10,26,0.0005,0.3389485368262167,0.7648990154266357,0.9774280145625712,0.7375936329588015,2.0850281169602627,0.20631214580806234,0.6256041526794434,0.5552709698677063
h512_wd0.01_s0,l10,27,0.0005,0.3488000812737838,0.7516036033630371,0.9669179568271247,0.7391151685393259,2.285768100472411,0.22473272601573543,0.6360975503921509,0.579410195350647
h512_wd0.01_s0,l10,28,0.0005,0.32714279903017957,0.7077144384384155,0.9775456919060053,0.7404026217228464,2.0694607740615534,0.20471208325064968,0.6465923190116882,0.5953074097633362
h512_wd0.01_s0,l10,29,0.0005,0.29233468161976855,0.7121520042419434,0.9818482697753098,0.7344335205992509,1.9357475558041137,0.16394965899438171,0.6553924083709717,0.6322295665740967
h512_wd0.01_s0,l10,30,0.0005,0.300390112011329,0.9183773398399353,0.9733166623763468,0.7461376404494382,2.218951773436686,0.1817620270375571,0.6635804176330566,0.6601624488830566
h512_wd0.01_s0,l10,31,0.0005,0.2826597748891167,0.7069253325462341,0.9855477512595153,0.7351357677902622,2.0282014979279155,0.15129949402878506,0.6727993488311768,0.6863147616386414
h512_wd0.01_s0,l10,32,0.0005,0.2584900616303734,0.7923465371131897,0.981142205714706,0.7365402621722847,1.5708025311361913,0.15065671845070003,0.6817220449447632,0.7293269038200378
h512_wd0.01_s0,l10,33,0.0005,0.26083528995513916,0.825235903263092,0.9885779428529401,0.740051498127341,1.7996188661297172,0.13291606297643502,0.6886268258094788,0.7666367888450623
h512_wd0.01_s0,l10,34,0.0005,0.3081871193388234,0.8178359866142273,0.9861729121465083,0.7347846441947566,2.7316789455017583,0.20033680083823588,0.6963366270065308,0.7830310463905334
h512_wd0.01_s0,l10,35,0.0005,0.2553243248359017,0.8440095782279968,0.9880851689773104,0.7402855805243446,2.174176686145993,0.1495537810975183,0.7046149373054504,0.7943814992904663
h512_wd0.01_s0,l10,36,0.0005,0.2391204169910887,0.7873049378395081,0.9891148457323575,0.7404026217228465,1.797882996467721,0.13096872514642935,0.7114707231521606,0.8212268948554993
h512_wd0.01_s0,l10,37,0.0005,0.2406977039316426,0.8364212512969971,0.9883352333321076,0.7358380149812733,2.205233139245155,0.1395325835705928,0.7182074785232544,0.8547723293304443
h512_wd0.01_s0,l10,38,0.0005,0.2360563653966655,0.8380741477012634,0.9897252969514212,0.7333801498127341,2.18813585453882,0.13754328714308378,0.7240829467773438,0.878540575504303
h512_wd0.01_s0,l10,39,0.0005,0.21308504142191098,0.9095538258552551,0.9926083918655537,0.7317415730337079,1.8313556221154088,0.1242135191838261,0.7305324077606201,0.9044849872589111
h512_wd0.01_s0,l10,40,0.0005,0.21855397263298865,1.1517313718795776,0.9950575515757731,0.7203885767790263,2.216040656233585,0.11739757400175553,0.7361743450164795,0.9295160174369812
h512_wd0.01_s0,l10,41,0.0005,0.27549293896426325,0.9829720258712769,0.9858566542860294,0.7318586142322098,3.197774328876907,0.17826033416433057,0.7443833351135254,0.9313963651657104
h512_wd0.01_s0,l10,42,0.0005,0.3236939894116443,0.9607867002487183,0.9908432317140441,0.7112593632958801,3.2977853166821958,0.21386681665893265,0.754095196723938,0.9112208485603333
h512_wd0.01_s0,l10,43,0.0005,0.25153323813625006,0.8785082101821899,0.9914169087632847,0.7345505617977528,2.7081781343489366,0.15507660153750882,0.7613257169723511,0.9121584296226501
h512_wd0.01_s0,l10,44,0.0005,0.19367004995760712,0.9251338839530945,0.994064648990549,0.7338483146067416,1.748822878507807,0.12362343980672552,0.766398549079895,0.9466864466667175
h512_wd0.01_s0,l10,45,0.0005,0.15946593135595322,0.9589530229568481,0.9960063251572095,0.7299859550561797,1.6992306088480182,0.10459466168501771,0.7711240649223328,0.9846576452255249
h512_wd0.01_s0,l10,46,0.0005,0.18965067908815716,1.0839786529541016,0.994748648549259,0.715121722846442,2.6571743034610047,0.13268039727203434,0.7770596742630005,1.0098146200180054
h512_wd0.01_s0,l10,47,0.0005,0.174969676234152,0.9320861101150513,0.9969624535726106,0.7202715355805244,2.3341293468284654,0.11515725946751938,0.782515287399292,1.0338494777679443
h512_wd0.01_s0,l10,48,0.0005,0.15538015022226,1.0187909603118896,0.9969624535726106,0.7303370786516854,1.6309336223202988,0.08500491533217129,0.7869907021522522,1.0686362981796265
h512_wd0.01_s0,l10,49,0.0005,0.14017884854389273,1.0407353639602661,0.9978891626521531,0.7236657303370787,1.8598974113780427,0.09817176697229037,0.7914713621139526,1.1025702953338623
h512_wd0.01_s0,l10,50,0.0005,0.13828751315241275,1.0466963052749634,0.997734711138896,0.7272940074906368,1.5751161798329512,0.08336568302237833,0.7953802943229675,1.1420950889587402
h512_wd0.01_s0,l11,1,0.0005,0.6791852902282368,0.6694399118423462,0.7422849319577757,0.6612787356321839,1.3705974782999282,0.30155853953528833,0.25121572613716125,0.024163153022527695
h512_wd0.01_s0,l11,2,0.0005,0.6474045217037201,0.6634748578071594,0.7608759080401296,0.6636733716475096,1.7965601875724055,0.42785820287762505,0.3021801710128784,0.02743283286690712
h512_wd0.01_s0,l11,3,0.0005,0.6279873197728937,0.6380786299705505,0.8117261552963708,0.6985153256704981,1.9874496106123531,0.44172463533937306,0.33238059282302856,0.03180316463112831
h512_wd0.01_s0,l11,4,0.0005,0.5869236249815334,0.6589867472648621,0.8196637913621163,0.7000718390804598,1.6937168474403494,0.4032538481409405,0.36098432540893555,0.03500206768512726
h512_wd0.01_s0,l11,5,0.0005,0.589771956205368,0.6079552173614502,0.8517883995301757,0.7247365900383141,2.153228470698151,0.5117530201524053,0.3935794234275818,0.04103197529911995
h512_wd0.01_s0,l11,6,0.0005,0.5607429444789886,0.7785308361053467,0.8289555387642424,0.6980363984674329,1.9496452590115612,0.4314788083228232,0.420067697763443,0.04264967143535614
h512_wd0.01_s0,l11,7,0.0005,0.5702345777641643,0.597378671169281,0.8747858484143431,0.7338362068965517,2.0636059600453196,0.48948868513844884,0.44324082136154175,0.047053366899490356
h512_wd0.01_s0,l11,8,0.0005,0.6102775240486319,0.7579118609428406,0.8591275333477971,0.7259339080459771,2.6445319900162043,0.6714141538720932,0.4687691330909729,0.05358997732400894
h512_wd0.01_s0,l11,9,0.0005,0.5352472351355986,0.595511794090271,0.880202293759866,0.7405411877394635,1.5994211042471624,0.41082419127964337,0.49110516905784607,0.06105777993798256
h512_wd0.01_s0,l11,10,0.0005,0.5284596966071562,0.5846728086471558,0.8928007660828776,0.7532327586206897,1.693980977410699,0.43713586287274386,0.5111701488494873,0.05782929062843323
h512_wd0.01_s0,l11,11,0.0005,0.49084060300480237,0.6019316911697388,0.8990925209662819,0.7484434865900383,1.2275365278144779,0.30072062968941365,0.5301971435546875,0.05731862038373947
h512_wd0.01_s0,l11,12,0.0005,0.47251134568994696,0.6191601157188416,0.9059154465948963,0.7513170498084291,1.6602162359164543,0.3712295542920778,0.5496424436569214,0.06420392543077469
h512_wd0.01_s0,l11,13,0.0005,0.44499191641807556,0.5839049220085144,0.9181473362909319,0.7592193486590038,1.4723187819763437,0.32764364087226877,0.5667691230773926,0.07583075016736984
h512_wd0.01_s0,l11,14,0.0005,0.42044458199631085,0.6223853826522827,0.9266759933267,0.7593390804597702,1.4740483891586929,0.3113477363438574,0.5833048224449158,0.09564241021871567
h512_wd0.01_s0,l11,15,0.0005,0.4777171246030114,0.605880856513977,0.939117358809579,0.7644875478927203,2.1957922680622044,0.41649812588898444,0.5995624661445618,0.10034319758415222
h512_wd0.01_s0,l11,16,0.0005,0.4166364751078866,0.5959469079971313,0.9423417896713475,0.768199233716475,1.6048758097750062,0.3391651671453133,0.6178712844848633,0.11901981383562088
h512_wd0.01_s0,l11,17,0.0005,0.4748270267790014,0.5800862312316895,0.9430076234223854,0.7612547892720307,2.3050070174678825,0.45488627917896635,0.6363275051116943,0.11794018000364304
h512_wd0.01_s0,l11,18,0.0005,0.39418409087441186,0.6018204689025879,0.9491198276313525,0.7697557471264368,1.3517266079034393,0.3058343715107396,0.6538215279579163,0.13133195042610168
h512_wd0.01_s0,l11,19,0.0005,0.3708250177177516,0.6623527407646179,0.9488130952291889,0.7703544061302682,1.398392920501124,0.2744223350116612,0.6702029705047607,0.15597742795944214
h512_wd0.01_s0,l11,20,0.0005,0.3638444746082479,0.6136015057563782,0.9565861431767002,0.7676005747126438,1.5666478819265572,0.2567458749888623,0.6850627660751343,0.17570270597934723
h512_wd0.01_s0,l11,21,0.0005,0.3844737424091859,0.6089111566543579,0.961606080782841,0.7702346743295019,2.250443374214435,0.3554151516487549,0.7001509070396423,0.19365623593330383
h512_wd0.01_s0,l11,22,0.0005,0.48907099393281067,0.699988842010498,0.964172159171673,0.7614942528735632,3.0832642376798844,0.5386448477471117,0.7194348573684692,0.17680899798870087
h512_wd0.01_s0,l11,23,0.0005,0.3505485078150576,0.6041339039802551,0.9631472240717603,0.7732279693486591,1.519005979422734,0.29004147999001995,0.7364456057548523,0.17851288616657257
h512_wd0.01_s0,l11,24,0.0005,0.3823259411887689,0.7337685823440552,0.9656384896795768,0.7702346743295019,2.2479488815629733,0.38905899853799625,0.7501055598258972,0.1951650083065033
h512_wd0.01_s0,l11,25,0.0005,0.3641907782717185,0.6162455081939697,0.9685861132515878,0.7703544061302683,1.8003241860002077,0.3294765884921108,0.7655013799667358,0.19859783351421356
h512_wd0.01_s0,l11,26,0.0005,0.303545861758969,0.6460825800895691,0.9720424637345044,0.7714319923371648,1.4041920369816447,0.236844400761374,0.7784664630889893,0.23074279725551605
h512_wd0.01_s0,l11,27,0.0005,0.3073664822361686,0.648722231388092,0.9744738791175085,0.7637691570881225,1.7501111539034353,0.31101917723283634,0.7911933660507202,0.25121191143989563
h512_wd0.01_s0,l11,28,0.0005,0.35958729684352875,0.6441500186920166,0.9793890788302273,0.7619731800766284,2.3998131594412766,0.3442549652069762,0.8053125739097595,0.25686055421829224
h512_wd0.01_s0,l11,29,0.0005,0.30148946900259366,0.7352910041809082,0.9768529255538017,0.7667624521072797,1.95574645153336,0.2574605631413765,0.8187387585639954,0.26699164509773254
h512_wd0.01_s0,l11,30,0.0005,0.3135006102648648,0.7144545912742615,0.983458894117471,0.7683189655172414,2.2980850137788895,0.32412880826072626,0.8309206962585449,0.2774403691291809
h512_wd0.01_s0,l11,31,0.0005,0.3240932747721672,0.685106635093689,0.9854788392048899,0.7652059386973181,2.4214421646192554,0.34993617072867933,0.8425824642181396,0.2913290858268738
h512_wd0.01_s0,l11,32,0.0005,0.2953199405561794,0.7097107172012329,0.983159642993409,0.7608955938697318,1.9041820808282621,0.28213233170648466,0.8558562397956848,0.29737570881843567
h512_wd0.01_s0,l11,33,0.0005,0.30971293490041385,0.6964455842971802,0.9851347004122184,0.7626915708812261,2.38381661152859,0.2862014271837771,0.8686476945877075,0.3054814636707306
h512_wd0.01_s0,l11,34,0.0005,0.31639018858020956,0.6458048820495605,0.9897132426103676,0.7647270114942529,2.2936591109637323,0.2810489006761995,0.8817295432090759,0.3069187104701996
h512_wd0.01_s0,l11,35,0.0005,0.24971102449026975,0.6725440621376038,0.9890174837469233,0.7666427203065135,1.4927693286754193,0.22088737780885434,0.8940017819404602,0.3213154673576355
h512_wd0.01_s0,l11,36,0.0005,0.21649818461049686,0.7835853695869446,0.9885985321732366,0.7678400383141762,1.3655302785160266,0.1913740316934301,0.9037044644355774,0.35370951890945435
h512_wd0.01_s0,l11,37,0.0005,0.21054802326993508,0.7222340106964111,0.9927656040758004,0.7620929118773945,1.5597230639936435,0.1962714535732612,0.914283812046051,0.383399099111557
h512_wd0.01_s0,l11,38,0.0005,0.241832779889757,0.783411979675293,0.9923466525021135,0.7661637931034482,2.055502415728816,0.2260006325882399,0.9240723252296448,0.4026377499103546
h512_wd0.01_s0,l11,39,0.0005,0.23789265887303787,0.9894838333129883,0.9913366799584041,0.7665229885057471,2.1562121534473,0.23036779625291562,0.9352538585662842,0.41553109884262085
h512_wd0.01_s0,l11,40,0.0005,0.21588214436037975,0.7671667337417603,0.9938503894005252,0.7709530651340996,2.1524061435610564,0.22366074180673143,0.9457997679710388,0.43182262778282166
h512_wd0.01_s0,l11,41,0.0005,0.17735270072113385,0.8305265307426453,0.994321709920923,0.7680795019157088,1.5705920735959304,0.17020869167759758,0.9544571042060852,0.45468419790267944
h512_wd0.01_s0,l11,42,0.0005,0.16787782379172064,0.8142591714859009,0.9962144732806153,0.7653256704980843,1.6594225056572187,0.18615237165426218,0.9626396894454956,0.4835268259048462
h512_wd0.01_s0,l11,43,0.0005,0.2647128856994889,0.7916234135627747,0.9973740713863556,0.7581417624521073,2.859008171621488,0.3140749587255974,0.9757106900215149,0.480607807636261
h512_wd0.01_s0,l12,1,0.0005,0.7320382757620378,0.6843220591545105,0.7355983618989839,0.653599516031458,0.9417888614556952,0.28225816527382624,0.24366647005081177,0.031591154634952545
h512_wd0.01_s0,l12,2,0.0005,0.682138361714103,0.6763291954994202,0.7431745790990443,0.6407743496672715,0.8278293237263146,0.25076013735764774,0.279051810503006,0.03557020425796509
h512_wd0.01_s0,l12,3,0.0005,0.6636935824697668,0.6671971678733826,0.7592294858182921,0.6522686025408349,0.8196694233715752,0.23952269016846708,0.29696759581565857,0.03431040048599243
h512_wd0.01_s0,l12,4,0.0005,0.6429811770265753,0.6626537442207336,0.7774761110268467,0.6604960677555958,0.971020734494656,0.2596367184973014,0.315422385931015,0.03515329957008362
h512_wd0.01_s0,l12,5,0.0005,0.6279727708209645,0.6495623588562012,0.7813969361443954,0.6614640048396854,1.1937393052010419,0.29081200073449653,0.33298951387405396,0.03910542279481888
h512_wd0.01_s0,l12,6,0.0005,0.6247477693991228,0.6447738409042358,0.8035871378735022,0.6791288566243193,1.2439866219359053,0.30881504276599536,0.3511405885219574,0.04255722463130951
h512_wd0.01_s0,l12,7,0.0005,0.5996025123379447,0.637414813041687,0.8115728803276202,0.681427707199032,0.8428283677326361,0.21537432495266928,0.36690449714660645,0.051914580166339874
h512_wd0.01_s0,l12,8,0.0005,0.5723118538206274,0.6214773058891296,0.8373198847262247,0.6998185117967332,0.8878743417691307,0.22623325471771102,0.3809085488319397,0.06929071992635727
h512_wd0.01_s0,l12,9,0.0005,0.561163680119948,0.6587156653404236,0.8404519945396633,0.6882032667876589,1.1457253006052655,0.25607101757677353,0.39637520909309387,0.09658868610858917
h512_wd0.01_s0,l12,10,0.0005,0.536100993102247,0.6261397004127502,0.8622705900197178,0.7094978826376286,1.1637607577058844,0.23961762459944874,0.41221025586128235,0.11802665889263153
h512_wd0.01_s0,l12,11,0.0005,0.5608678974888541,0.6577208042144775,0.8667222812073411,0.7028433151845132,1.4346202156634522,0.30351895634433784,0.42644867300987244,0.12780773639678955
h512_wd0.01_s0,l12,12,0.0005,0.518249355933883,0.6030539870262146,0.8856438647049901,0.7284936479128856,0.9542568546441932,0.20365149192708157,0.44033634662628174,0.15088927745819092
h512_wd0.01_s0,l12,13,0.0005,0.48524984040043573,0.6051490902900696,0.8926057940239649,0.7281306715063521,1.0551914418131376,0.21281805361275422,0.45352840423583984,0.19465744495391846
h512_wd0.01_s0,l12,14,0.0005,0.5023933798074722,0.6403250098228455,0.8999696647959957,0.7169993950393224,1.3171118236723514,0.22277687786744718,0.46657562255859375,0.22238053381443024
h512_wd0.01_s0,l12,15,0.0005,0.4647259996695952,0.6124666333198547,0.9078492340360989,0.7243799153055053,1.2121336941822847,0.2063877507730039,0.4798823595046997,0.2514719069004059
h512_wd0.01_s0,l12,16,0.0005,0.4471938826821067,0.6239184141159058,0.9175792507204612,0.726194797338173,1.4520381053698102,0.21840464740547597,0.49153199791908264,0.28721585869789124
h512_wd0.01_s0,l12,17,0.0005,0.42346982793374494,0.6381912231445312,0.9209767935689368,0.7253478523895945,1.1857272364903093,0.17890786360592353,0.5020338296890259,0.324959397315979
h512_wd0.01_s0,l12,18,0.0005,0.4599213573065671,0.6207587122917175,0.9370696192931898,0.7341802782819118,1.8099329776814344,0.2672211844788441,0.5129009485244751,0.34937018156051636
h512_wd0.01_s0,l12,19,0.0005,0.41083689575845544,0.6187195777893066,0.9382981950553617,0.7382940108892921,1.1415512140601434,0.18773660865034827,0.5245444774627686,0.3792114555835724
h512_wd0.01_s0,l12,20,0.0005,0.3886617814952677,0.652751624584198,0.9388518125284393,0.7387779794313369,1.3419290655992664,0.18123133690959967,0.5341185331344604,0.423839807510376
h512_wd0.01_s0,l12,21,0.0005,0.37548801641572604,0.6423975825309753,0.9468451387835584,0.7439806412583183,1.5652182808629371,0.18806688209595385,0.543314516544342,0.45372524857521057
h512_wd0.01_s0,l12,22,0.0005,0.3681386018341238,0.7275177836418152,0.9451160321553161,0.741318814277072,1.4814953381219345,0.1803794279900882,0.5520927906036377,0.4842069149017334
h512_wd0.01_s0,l12,23,0.0005,0.460470239547166,0.6672547459602356,0.9500985894130137,0.7286146400483968,2.301993166126609,0.26708536001511696,0.5619738101959229,0.47499990463256836
h512_wd0.01_s0,l12,24,0.0005,0.41082870960235596,0.6709813475608826,0.960556650993478,0.7373260738052027,1.806792070326807,0.21639768438490384,0.5736322402954102,0.4823322594165802
h512_wd0.01_s0,l12,25,0.0005,0.3838236318393187,0.6803890466690063,0.956878507507963,0.7299455535390199,1.7998373522140247,0.2041278024305121,0.5829352736473083,0.5142825245857239
h512_wd0.01_s0,l12,26,0.0005,0.3961738334460692,0.6436725854873657,0.953693311087517,0.737568058076225,2.017378904956448,0.21805125371870127,0.5913147330284119,0.5429437160491943
h512_wd0.01_s0,l12,27,0.0005,0.36984110555865546,0.6448027491569519,0.9639541938419536,0.7370840895341804,1.6583087163606052,0.17418387412187342,0.5986561179161072,0.5646865367889404
h512_wd0.01_s0,l12,28,0.0005,0.3166701617566022,0.6869738698005676,0.9627407856817837,0.739503932244404,1.5761373916764534,0.14562496241563558,0.6053071618080139,0.6042394042015076
h512_wd0.01_s0,l12,29,0.0005,0.3074860058047555,0.663549542427063,0.9738813893523434,0.7418027828191167,1.7673448216680883,0.14829751698473778,0.6122075915336609,0.638641357421875
h512_wd0.01_s0,l12,30,0.0005,0.31991743770512665,0.7236118316650391,0.9700743212498104,0.7330913490623109,1.819313898288797,0.15801010344358926,0.6192779541015625,0.6765170097351074
h512_wd0.01_s0,l12,31,0.0005,0.3019781166856939,0.705089807510376,0.9736083725163052,0.7367211131276467,1.729682082186111,0.15059605791948313,0.6262388825416565,0.7178370952606201
h512_wd0.01_s0,l12,32,0.0005,0.28579249707135285,0.6841660141944885,0.9824890034885485,0.7393829401088929,1.9174847435488203,0.14010064983896442,0.632644772529602,0.7525219917297363
h512_wd0.01_s0,l12,33,0.0005,0.28472307459874585,0.7233182191848755,0.9807371454573032,0.7405928614640048,1.8721741754764176,0.14110759150750057,0.6387770771980286,0.786360502243042
h512_wd0.01_s0,l12,34,0.0005,0.25016389109871606,0.6978164315223694,0.9850978310329136,0.7441016333938295,1.554058197197718,0.12971833347215667,0.6448307633399963,0.8280027508735657
h512_wd0.01_s0,l12,35,0.0005,0.27630637857046997,0.811147928237915,0.9903003185196421,0.7355111917725348,2.4915857603667577,0.14903836806942897,0.6514424085617065,0.861453652381897
h512_wd0.01_s0,l12,36,0.0005,0.3166493915698745,0.7059115767478943,0.9848399817988776,0.7333333333333333,2.6227580844638885,0.1677265993362853,0.6582099795341492,0.8663427829742432
h512_wd0.01_s0,l12,37,0.0005,0.2711614336479794,0.7606056928634644,0.9907325951767025,0.7494252873563219,1.9645070134145242,0.14296614713897274,0.6650305986404419,0.8935695290565491
h512_wd0.01_s0,l12,38,0.0005,0.20002658326517453,0.8099673986434937,0.9867814348551494,0.7489413188142772,1.4102562248303834,0.11231292174726502,0.6706165671348572,0.9438515305519104
h512_wd0.01_s0,l12,39,0.0005,0.24530099908059294,0.8060756325721741,0.9939026239951464,0.7420447670901392,2.4851516576507886,0.13999099478650687,0.676659345626831,0.9687489867210388
h512_wd0.01_s0,l12,40,0.0005,0.28337555785070767,0.7254664897918701,0.9913392992567875,0.7479733817301876,3.1593133032114737,0.1855187877022659,0.6837963461875916,0.977229654788971
h512_wd0.01_s0,l12,41,0.0005,0.3252213367006995,0.748488187789917,0.9914378886698013,0.7418027828191167,2.983694934328926,0.18319015097076588,0.6919459700584412,0.9612194895744324
h512_wd0.01_s0,l12,42,0.0005,0.21867179464210162,0.7489617466926575,0.9951387835583194,0.7542649727767695,1.6182067593682243,0.10466911560241256,0.697613000869751,0.9908351898193359
h512_wd0.01_s0,l12,43,0.0005,0.24822053448720413,0.6713393330574036,0.9945472470802366,0.7532970356926799,2.5484869080504557,0.13285185209064465,0.7028768658638,1.0249031782150269
h512_wd0.01_s0,l12,44,0.0005,0.23914463073015213,0.8773269057273865,0.9951160321553162,0.7443436176648518,2.3370635911983824,0.13108134598140755,0.7083312273025513,1.0573629140853882
h512_wd0.01_s0,l12,45,0.0005,0.258254772560163,0.7760558724403381,0.9941528894281815,0.7489413188142772,2.741892859630879,0.14812611660848837,0.7139194011688232,1.0722277164459229
h512_wd0.01_s0,l12,46,0.0005,0.23609424924308603,0.7487077713012695,0.9951160321553163,0.7497882637628553,2.6225264362653316,0.13500504129601854,0.7190849184989929,1.1014028787612915
h512_wd0.01_s0,l12,47,0.0005,0.21600079062310132,0.7565101981163025,0.9960336720764448,0.7462794918330309,2.3016034696103755,0.11352877271270288,0.7235664129257202,1.1357735395431519
h512_wd0.01_s0,l12,48,0.0005,0.1933003772388805,0.802052915096283,0.9947595935082663,0.7460375075620085,2.1105032588813235,0.10419822293107918,0.7277013063430786,1.1689866781234741
h512_wd0.01_s0,l12,49,0.0005,0.16866034506396813,0.8391484022140503,0.9974745942666464,0.7402298850574712,2.122469187542293,0.09947449643903285,0.7325380444526672,1.2031400203704834
h512_wd0.01_s0,l12,50,0.0005,0.17387909001924776,0.8438864946365356,0.9957834066434096,0.7461584996975197,2.023941586588086,0.09259779189165819,0.7366917729377747,1.240964412689209
h512_wd0.01_s0,l12,51,0.0005,0.17705624211918225,0.9038914442062378,0.9962839375094797,0.7355111917725348,2.167442655977469,0.10180445704643364,0.7410842776298523,1.2703065872192383
h512_wd0.01_s0,l12,52,0.0005,0.1549485098909248,0.8205258846282959,0.9980661307447292,0.747610405323654,1.93889520022994,0.07816374737974471,0.7446229457855225,1.3018776178359985
h512_wd0.01_s0,l12,53,0.0005,0.16583386029709468,0.8387053608894348,0.9977324435006825,0.7467634603750757,2.227179722035714,0.09805252673672998,0.7485750317573547,1.3384088277816772
h512_wd0.01_s0,l12,54,0.0005,0.17024762826887044,0.9373302459716797,0.998399817988776,0.7431336963097398,1.9293419347236984,0.08779569421756733,0.7527119517326355,1.3756835460662842
h512_wd0.01_s0,l12,55,0.0005,0.14170838181268086,0.8562411069869995,0.9993932959199151,0.738173018753781,2.0525599990594348,0.08570631539236975,0.7564969062805176,1.4076493978500366
h512_wd0.01_s0,l12,56,0.0005,0.11676355129615827,0.8931649923324585,0.9991733656908843,0.7484573502722323,1.6339056501019662,0.06463375596704893,0.7602235674858093,1.4434669017791748
h512_wd0.01_s0,l12,57,0.0005,0.1739485700699416,0.9692294001579285,0.9987865918398302,0.7409558378705384,3.280574273916973,0.10958493930606915,0.7646554112434387,1.4668707847595215
h512_wd0.01_s0,l12,58,0.0005,0.15134643797170033,0.9017432332038879,0.9990747762778704,0.7357531760435571,2.3342052492956706,0.08032150003388734,0.7698392868041992,1.4852222204208374
h512_wd0.01_s0,l12,59,0.0005,0.15581037984652954,0.9553022980690002,0.9992492037008949,0.7332123411978223,2.8103650481614735,0.08803265278939333,0.7739024758338928,1.5112384557724
h512_wd0.01_s0,l12,60,0.0005,0.13260739770802585,1.0185387134552002,0.9990823600788715,0.739503932244404,2.4405775127182725,0.07906428676979153,0.7774007320404053,1.5362811088562012
h512_wd0.01_s0,l12,61,0.0005,0.1492487473244017,1.1038073301315308,0.9977627787046868,0.7427707199032063,2.4520403308274177,0.08942415421727973,0.7814040780067444,1.5644452571868896
h512_wd0.01_s0,l12,62,0.0005,0.13055791401050307,0.9762865900993347,0.9982633095707568,0.7437386569872957,2.513932098362146,0.08540341778549164,0.7851171493530273,1.5885558128356934
h512_wd0.01_s0,l13,1,0.0005,0.7105864530259912,0.6768311262130737,0.7362641737800993,0.6356382978723403,1.1793152212658706,0.30015823782789447,0.23213645815849304,0.03410385176539421
h512_wd0.01_s0,l13,2,0.0005,0.656786325302991,0.6873179078102112,0.7465998853357115,0.6374113475177304,1.1966850061852208,0.29694065434474237,0.2752375602722168,0.036030493676662445
h512_wd0.01_s0,l13,3,0.0005,0.6852899654345079,0.7183564901351929,0.7095330615365015,0.6320921985815602,1.8761429832763836,0.4797348393244585,0.3005744516849518,0.05743242800235748
h512_wd0.01_s0,l13,4,0.0005,0.6561468920924447,0.6597437858581543,0.7692062683144348,0.6528622087132725,1.1429521016905015,0.28373878381350187,0.3185911774635315,0.07171978056430817
h512_wd0.01_s0,l13,5,0.0005,0.6193894066593864,0.756489634513855,0.7554067397120652,0.6350050658561297,0.8425749952252698,0.2145457528983302,0.33806055784225464,0.06052305921912193
h512_wd0.01_s0,l13,6,0.0005,0.6413457447832281,0.6387174129486084,0.7888584533061537,0.6788247213779129,1.1028077652027601,0.29456431442804765,0.3537222445011139,0.06534699350595474
h512_wd0.01_s0,l13,7,0.0005,0.5897425711154938,0.6349374651908875,0.8014635622372276,0.6881965552178317,0.9259804409610676,0.2509953922597959,0.37274661660194397,0.052959367632865906
h512_wd0.01_s0,l13,8,0.0005,0.5911540714177218,0.6202928423881531,0.8236797681233279,0.7035207700101317,1.44132730199862,0.33892696219505175,0.39537984132766724,0.04811543598771095
h512_wd0.01_s0,l13,9,0.0005,0.598443864421411,0.7465144991874695,0.8252882532806728,0.6876899696048632,1.5493849609873722,0.3918356147468777,0.41485077142715454,0.051959820091724396
h512_wd0.01_s0,l13,10,0.0005,0.5579861903732474,0.6266366243362427,0.8510877181806598,0.7112462006079028,1.0514452068749764,0.2562911366557382,0.43302804231643677,0.05022401735186577
h512_wd0.01_s0,l13,11,0.0005,0.5286311534318057,0.6262744665145874,0.8662807363995413,0.7206180344478218,1.1021247218729704,0.27127002064838535,0.4528155028820038,0.04997945576906204
h512_wd0.01_s0,l13,12,0.0005,0.5171257745135914,0.6590967774391174,0.8762421964581475,0.73112968591692,1.115852952897168,0.2580695260764049,0.47184914350509644,0.0645177885890007
h512_wd0.01_s0,l13,13,0.0005,0.5212670984593305,0.6565201282501221,0.8887199006242834,0.7294832826747721,1.5814997446749681,0.3401206328908029,0.4934213161468506,0.07833513617515564
h512_wd0.01_s0,l13,14,0.0005,0.5108734193173322,0.7098418474197388,0.8882182443623392,0.721757852077001,1.529606230746284,0.30129765423062355,0.5126379132270813,0.08215979486703873
h512_wd0.01_s0,l13,15,0.0005,0.4780764105645093,0.6084278225898743,0.9005526181679194,0.7387284701114489,1.2849574412898304,0.3035999602397038,0.5288830399513245,0.09985347837209702
h512_wd0.01_s0,l13,16,0.0005,0.49583601409738715,0.7069939970970154,0.9031883042425788,0.7272036474164133,1.668576382098478,0.31598179905381757,0.5448327660560608,0.11006093770265579
h512_wd0.01_s0,l13,17,0.0005,0.47409208660775964,0.6345487236976624,0.9144636259396101,0.732016210739615,1.4595430103326483,0.2871720347530301,0.5625307559967041,0.12147270888090134
h512_wd0.01_s0,l13,18,0.0005,0.5188757411458276,0.7294203639030457,0.9079819085233787,0.7240374873353597,2.1590807577075783,0.4088890764307166,0.5784845352172852,0.12303224951028824
h512_wd0.01_s0,l13,19,0.0005,0.482727434147488,0.655892550945282,0.9188352019365525,0.7301165146909827,1.3763958919543366,0.2826791149844853,0.5921603441238403,0.11268860846757889
h512_wd0.01_s0,l13,20,0.0005,0.45407718826423993,0.6871377229690552,0.9182778060899478,0.7316362715298886,1.3610407296411613,0.27642203412760796,0.6067200303077698,0.13148997724056244
h512_wd0.01_s0,l13,21,0.0005,0.41471752524375916,0.6444249749183655,0.9280720473945725,0.7397416413373861,1.2920078988078452,0.23997569139442118,0.618910014629364,0.1604955643415451
h512_wd0.01_s0,l13,22,0.0005,0.39664147658781573,0.7496378421783447,0.9317508599821632,0.7312563323201621,1.15989882251953,0.2126245004944245,0.6304165124893188,0.18565255403518677
h512_wd0.01_s0,l13,23,0.0005,0.4080402729186145,0.6180557608604431,0.9457733469231749,0.742274569402229,1.3541034512033852,0.24539877015653186,0.6421542167663574,0.20316973328590393
h512_wd0.01_s0,l13,24,0.0005,0.36106880415569653,0.6560937762260437,0.9506863931711046,0.7436676798378927,1.092446624852403,0.2093477761836062,0.6535345315933228,0.24140401184558868
h512_wd0.01_s0,l13,25,0.0005,0.3510474908080968,0.7190276384353638,0.950192699706969,0.7412613981762918,1.3166381625648365,0.22999283548891356,0.663904070854187,0.2769564390182495
h512_wd0.01_s0,l13,26,0.0005,0.416467394341122,0.6335857510566711,0.9585695630016562,0.7513931104356636,2.0065293558994663,0.2898118818618671,0.6777383089065552,0.2837384343147278
h512_wd0.01_s0,l13,27,0.0005,0.3625181940468875,0.6474512219429016,0.9601541597655753,0.75,1.5785232985253173,0.24368355165111485,0.689736008644104,0.30585411190986633
h512_wd0.01_s0,l13,28,0.0005,0.4169717783277685,0.665671169757843,0.9560533188941267,0.7323961499493414,2.2562652394006046,0.317811963211689,0.7019042372703552,0.3168160617351532
h512_wd0.01_s0,l13,29,0.0005,0.43824476342309604,0.6583445072174072,0.9637055675882278,0.734549138804458,2.241106812379871,0.33282324537655456,0.7162308692932129,0.2951368987560272
h512_wd0.01_s0,l13,30,0.0005,0.3466956073587591,0.7062514424324036,0.9693989680214039,0.7463272543059778,1.6107110710014874,0.20892027289674642,0.7276815176010132,0.31902337074279785
h512_wd0.01_s0,l13,31,0.0005,0.3164776854894378,0.6928325891494751,0.9734838832972353,0.7445542046605875,1.3761605401271182,0.18620235249165337,0.7372987866401672,0.3469094932079315
h512_wd0.01_s0,l13,32,0.0005,0.353464548560706,0.6801691651344299,0.9740014651547968,0.7464539007092199,2.07246178564267,0.2635747366798013,0.7479355931282043,0.3628228008747101
h512_wd0.01_s0,l13,33,0.0005,0.30819118090651254,0.7007171511650085,0.9760001274047649,0.7418946301925026,1.5637888020901,0.23673002141330698,0.756812334060669,0.39245370030403137
h512_wd0.01_s0,l13,34,0.0005,0.2683932374824177,0.7809224724769592,0.9767406676009682,0.7434143870314083,1.3365609655424686,0.17972752657912988,0.7652289867401123,0.42616719007492065
h512_wd0.01_s0,l13,35,0.0005,0.29980211704969406,0.7561339735984802,0.9837638552681869,0.7384751773049645,2.0382766344637178,0.21589269392563318,0.773706316947937,0.4535827934741974
h512_wd0.01_s0,l13,36,0.0005,0.25055531480095605,0.7953826189041138,0.985173270480316,0.7367021276595744,1.3343849843719198,0.1829034673114893,0.7814062833786011,0.48728975653648376
h512_wd0.01_s0,l13,37,0.0005,0.2636440545320511,0.7693049311637878,0.9863756529494203,0.7467071935157042,1.962077491763133,0.197489355930018,0.7895203232765198,0.5134671330451965
h512_wd0.01_s0,l13,38,0.0005,0.23778630725362085,0.8892689347267151,0.9855714103707478,0.7453140830800405,1.440308660795054,0.14343139053404846,0.7965057492256165,0.5451938509941101
h512_wd0.01_s0,l13,39,0.0005,0.22699994322928516,0.8372270464897156,0.9886211619314562,0.7391084093211753,1.6491841723116638,0.1562073827883781,0.8039036989212036,0.5723313689231873
h512_wd0.01_s0,l13,40,0.0005,0.21182895959778267,0.8385184407234192,0.9910498152630908,0.7386018237082067,1.1717850624222825,0.12112248725333888,0.8107324242591858,0.6041748523712158
h512_wd0.01_s0,l13,41,0.0005,0.209079175171527,0.8612352013587952,0.9913125875907759,0.7424012158054711,1.5235122152589198,0.12873523093128048,0.8173953294754028,0.6362091302871704
h512_wd0.01_s0,l13,42,0.0005,0.2591525377197699,0.8091737627983093,0.9920690533825964,0.7402482269503545,2.44424312755681,0.2015633695330887,0.8251624703407288,0.6452654004096985
h512_wd0.01_s0,l13,43,0.0005,0.20670463517308235,0.9178328514099121,0.9918938718308065,0.7361955420466059,1.4987545688516513,0.15434773436613944,0.8327439427375793,0.669477105140686
h512_wd0.01_s0,l13,44,0.0005,0.2145118588073687,0.8730447292327881,0.9944499299273794,0.7383485309017224,1.5200195170117825,0.13612784858409838,0.8401418924331665,0.6958785057067871
h512_wd0.01_s0,l13,45,0.0005,0.19137638062238693,0.9161736965179443,0.9937730921136451,0.7353090172239108,1.7048954436282988,0.1428469785530787,0.8469716310501099,0.7278392314910889
h512_wd0.01_s0,l13,46,0.0005,0.2160882946442474,0.9282891750335693,0.9965680341444769,0.730243161094225,2.106839389234514,0.17199795446080843,0.8539698123931885,0.7499948740005493
h512_wd0.01_s0,l14,1,0.0005,0.7047995328903198,0.6871553063392639,0.6589612533302444,0.6044485209814263,0.7931659367546319,0.21586903256040427,0.2612438499927521,0.04075069725513458
h512_wd0.01_s0,l14,2,0.0005,0.6705400710520537,0.7254185080528259,0.6426285763929109,0.540587021325384,0.5465305012743402,0.15045275785203788,0.2967936098575592,0.04583720117807388
h512_wd0.01_s0,l14,3,0.0005,0.6921132103256558,0.695915699005127,0.7191156029190315,0.6370098601238248,1.0595023745019536,0.31071334560166947,0.31155848503112793,0.0565863735973835
h512_wd0.01_s0,l14,4,0.0005,0.6716182516968768,0.6744433641433716,0.7583907679833198,0.6413666590231598,0.698057296891222,0.2218085331812283,0.324235200881958,0.06692643463611603
h512_wd0.01_s0,l14,5,0.0005,0.6399624166281327,0.6686336994171143,0.7601644851152555,0.6321944508140334,0.5923449059648727,0.17534958260468123,0.33771973848342896,0.05255039408802986
h512_wd0.01_s0,l14,6,0.0005,0.6306040287017822,0.6573135256767273,0.7656666280551372,0.6372391653290529,0.7582437470881165,0.21737638975509946,0.3526414632797241,0.04211947321891785
h512_wd0.01_s0,l14,7,0.0005,0.6117179290108059,0.6506064534187317,0.7864878952855323,0.6544370557211648,0.8114962652478723,0.21465233824727795,0.3675992786884308,0.04591943696141243
h512_wd0.01_s0,l14,8,0.0005,0.5981845985288206,0.6451802253723145,0.8109362330591914,0.6772529236413666,0.9199525943786844,0.2321956736833915,0.38322409987449646,0.062455736100673676
h512_wd0.01_s0,l14,9,0.0005,0.5741605097832887,0.6333282589912415,0.8283693385845012,0.6851639532217381,0.8843743738609922,0.2158943291736139,0.3972454071044922,0.08210078626871109
h512_wd0.01_s0,l14,10,0.0005,0.5571277400721675,0.626075804233551,0.8458893200509673,0.6969731712909885,0.9445169539167253,0.21754735305934209,0.4115563929080963,0.11386430263519287
h512_wd0.01_s0,l14,11,0.0005,0.5373097243516342,0.620396077632904,0.8614328738561335,0.7054574638844301,1.1148967844300035,0.25771115433294645,0.42575395107269287,0.1493695229291916
h512_wd0.01_s0,l14,12,0.0005,0.5297659467095914,0.7212893962860107,0.8609405768562494,0.7158908507223114,1.1696449781675935,0.24009482887532316,0.4411115050315857,0.1785925328731537
h512_wd0.01_s0,l14,13,0.0005,0.5232415704623513,0.6385990381240845,0.8775556006023398,0.7037376748452189,1.2546374272487164,0.24126984738502807,0.4553592801094055,0.19632749259471893
h512_wd0.01_s0,l14,14,0.0005,0.5141409337520599,0.6847414970397949,0.8876694080852543,0.7147443246961706,1.220068716844253,0.22270176865057373,0.4684435725212097,0.2265024334192276
h512_wd0.01_s0,l14,15,0.0005,0.4815091231594915,0.6981079578399658,0.8921724777018418,0.7262095849575786,1.112943396851706,0.1976538439809762,0.4795239269733429,0.26231491565704346
h512_wd0.01_s0,l14,16,0.0005,0.49476677697637805,0.6325321197509766,0.901866384802502,0.7144003668883283,1.5706741752815097,0.24272649410482663,0.49107450246810913,0.29019007086753845
h512_wd0.01_s0,l14,17,0.0005,0.4836557455684828,0.6136460900306702,0.9098806903741458,0.7277000687915616,1.2838704605115705,0.202556146286113,0.5040801167488098,0.3156214952468872
h512_wd0.01_s0,l14,18,0.0005,0.43744520259940106,0.6202074885368347,0.9179891115487085,0.7259802797523505,1.191467486979418,0.16962142670712102,0.5154231190681458,0.3620215058326721
h512_wd0.01_s0,l14,19,0.0005,0.4285404500753983,0.65077805519104,0.9200958531217421,0.7324008254987388,1.306380959682913,0.1845998651588219,0.525926947593689,0.4055595099925995
h512_wd0.01_s0,l14,20,0.0005,0.4412909862787827,0.6382491588592529,0.9279002085022587,0.7236872277000689,1.6613414322324298,0.19779724729427664,0.5347932577133179,0.423013836145401
h512_wd0.01_s0,l14,21,0.0005,0.42249135089957196,0.6572310328483582,0.9334168307656667,0.7197890392111901,1.3881792990091701,0.17672040094926916,0.5430905222892761,0.44179216027259827
h512_wd0.01_s0,l14,22,0.0005,0.3943460091300633,0.6440898180007935,0.9392519981466465,0.731254299472598,1.3970086292422177,0.16339608587236049,0.5514127016067505,0.4864007830619812
h512_wd0.01_s0,l14,23,0.0005,0.3855238219966059,0.6473614573478699,0.9445803892042164,0.7319422150882825,1.63593815946226,0.1639731269783149,0.5603916049003601,0.528076171875
h512_wd0.01_s0,l14,24,0.0005,0.38656239017196325,0.6516699194908142,0.9494961195412951,0.7277000687915615,1.6221646049217575,0.17070208601152892,0.5686351656913757,0.558373749256134
h512_wd0.01_s0,l14,25,0.0005,0.3510472249725591,0.7434982657432556,0.952276149658288,0.7246044485209815,1.5772073888636213,0.1774770073543829,0.576149046421051,0.5972569584846497
h512_wd0.01_s0,l14,26,0.0005,0.34284598671871686,0.6794471740722656,0.9589149194949612,0.731139646869984,1.4788343602621858,0.12570922599336046,0.5834282040596008,0.6239041686058044
h512_wd0.01_s0,l14,27,0.0005,0.3405063754838446,0.7023987174034119,0.9569529711571875,0.7255216693418941,1.6598744376788834,0.1584748674649597,0.5914549827575684,0.6661720871925354
h512_wd0.01_s0,l14,28,0.0005,0.3304013156372568,0.7110171914100647,0.9625202710529364,0.7229993120843843,1.6856405670982388,0.15597738391333996,0.5988024473190308,0.7042725682258606
h512_wd0.01_s0,l14,29,0.0005,0.31100989619027014,0.7302948832511902,0.9697237345071239,0.7236872277000689,1.9405465016735173,0.12378972894041793,0.6063683032989502,0.7458280920982361
h512_wd0.01_s0,l14,30,0.0005,0.32595987034880597,0.7334740161895752,0.9702811884628749,0.725521669341894,2.0808139463715256,0.15068308635111105,0.6135790944099426,0.7698477506637573
h512_wd0.01_s0,l14,31,0.0005,0.3011528130458749,0.8066036701202393,0.9744077956677865,0.7314836046778261,1.8741756905443765,0.1446445316528104,0.6210657358169556,0.8011766076087952
h512_wd0.01_s0,l14,32,0.0005,0.3166935022758401,0.7417773604393005,0.9810972431368007,0.7141710616831002,2.105426597169674,0.13872677474169742,0.6280913949012756,0.826913595199585
h512_wd0.01_s0,l14,33,0.0005,0.2838766866404077,0.7845322489738464,0.9836890420479556,0.7231139646869984,1.83625491919871,0.1363036158259384,0.6348586678504944,0.8691961169242859
h512_wd0.01_s0,l14,34,0.0005,0.27577218866866565,0.746325671672821,0.9838917525773196,0.7224260490713139,2.034315285563879,0.13321721581715293,0.6412302851676941,0.9043980240821838
h512_wd0.01_s0,l14,35,0.0005,0.26317196695700934,0.8551763296127319,0.9863459979149773,0.7234579224948406,1.650460111745331,0.10873089695770784,0.6474432349205017,0.9451018571853638
h512_wd0.01_s0,l14,36,0.0005,0.26548740915630176,0.9172946810722351,0.9738575813737982,0.7277000687915616,2.1528947023214835,0.12390489520621797,0.6543739438056946,0.9817017316818237
h512_wd0.01_s0,l14,37,0.0005,0.26425856805366016,0.8058066964149475,0.9869975674736475,0.7234579224948405,2.323674232592834,0.13185233447374142,0.6605620384216309,1.0013213157653809
h512_wd0.01_s0,l14,38,0.0005,0.23346857856149258,0.9308155179023743,0.9806049461369165,0.7173813345562943,1.8101167505947475,0.10591983717641501,0.6666943430900574,1.0445845127105713
h512_wd0.01_s0,l14,39,0.0005,0.2550825052287268,0.8956166505813599,0.9824510598864821,0.7268975005732629,2.126467245719966,0.11413007700276243,0.6725262403488159,1.0776187181472778
h512_wd0.01_s0,l15,1,0.0005,0.7332332616760617,0.6851096749305725,0.7081820361742944,0.6094850948509485,0.9645456315701593,0.2848807334876649,0.24344247579574585,0.04081307351589203
h512_wd0.01_s0,l15,2,0.0005,0.6824315899894351,0.6783409714698792,0.7541792271855302,0.6722222222222223,0.7396726572546284,0.20531769409922881,0.28164827823638916,0.04903285950422287
h512_wd0.01_s0,l15,3,0.0005,0.6729121889386859,0.6669003963470459,0.758949369690326,0.6789972899728998,0.6442972150358821,0.1725300035736902,0.29479900002479553,0.04577821120619774
h512_wd0.01_s0,l15,4,0.0005,0.6546214308057513,0.652438759803772,0.7695430254864346,0.6886178861788619,0.8237323257117977,0.22074657259545633,0.31136539578437805,0.03704698756337166
h512_wd0.01_s0,l15,5,0.0005,0.6532499591509501,0.643519937992096,0.774784187448616,0.694579945799458,0.8990296563286408,0.2188375450066834,0.327367901802063,0.043027427047491074
h512_wd0.01_s0,l15,6,0.0005,0.6423595519292922,0.6698912978172302,0.7613558509180598,0.6830623306233062,1.031712813516715,0.269724414325489,0.34416237473487854,0.040973108261823654
h512_wd0.01_s0,l15,7,0.0005,0.6034272270543235,0.6319695711135864,0.8055460400109619,0.7085365853658537,0.8929105516141738,0.23009116410716693,0.3610192835330963,0.0394158698618412
h512_wd0.01_s0,l15,8,0.0005,0.59682487873804,0.617083728313446,0.8157371882707593,0.7174796747967479,0.9503959528542794,0.22737056236981806,0.376041978597641,0.04622992128133774
h512_wd0.01_s0,l15,9,0.0005,0.5900358259677887,0.6462669968605042,0.8308269388873664,0.7107046070460704,1.0408585337569651,0.2525745858064634,0.39245402812957764,0.05617498606443405
h512_wd0.01_s0,l15,10,0.0005,0.5735318064689636,0.6502537131309509,0.8344152507536311,0.7285907859078591,0.9837465725142025,0.21750256645504001,0.40827497839927673,0.06737436354160309
h512_wd0.01_s0,l15,11,0.0005,0.5379115768841335,0.6124706864356995,0.8626250342559606,0.7311653116531166,1.0004582712984664,0.21742430008147987,0.42420390248298645,0.09705161303281784
h512_wd0.01_s0,l15,12,0.0005,0.5402705924851554,0.6686477065086365,0.8705210331597698,0.7392953929539295,1.3228706274975477,0.2976832487465733,0.4392501711845398,0.12206549197435379
h512_wd0.01_s0,l15,13,0.0005,0.5659109439168658,0.5997554659843445,0.8880515209646478,0.7384823848238483,1.6546724631863303,0.3287753955773651,0.45596688985824585,0.11294913291931152
h512_wd0.01_s0,l15,14,0.0005,0.48850119823501226,0.6019290685653687,0.8929073033707864,0.7478319783197831,0.9929196187663952,0.22934402277259308,0.47011250257492065,0.13696381449699402
h512_wd0.01_s0,l15,15,0.0005,0.48353513791447594,0.5910279154777527,0.9041175664565635,0.7491869918699187,1.1920895334840784,0.25473497850598803,0.48346468806266785,0.17445480823516846
h512_wd0.01_s0,l15,16,0.0005,0.45974248221942354,0.6136057376861572,0.9141802548643464,0.7585365853658537,1.1317519655475732,0.22251448290872164,0.4959191381931305,0.21637490391731262
h512_wd0.01_s0,l15,17,0.0005,0.48896497629937674,0.5848507881164551,0.9205176075637161,0.7533875338753389,1.551024895873692,0.2534185639100676,0.508685290813446,0.235592782497406
h512_wd0.01_s0,l15,18,0.0005,0.4505505050931658,0.5957449078559875,0.9258272814469718,0.7510840108401085,1.4441545451747213,0.25000981942474837,0.5212077498435974,0.2665439546108246
h512_wd0.01_s0,l15,19,0.0005,0.4159430719557263,0.5914918780326843,0.9350250068511922,0.7649051490514905,1.0535981171749274,0.18563415965928445,0.5307122468948364,0.30100080370903015
h512_wd0.01_s0,l15,20,0.0005,0.41701253822871615,0.603517472743988,0.9375171279802685,0.759349593495935,1.4806379986740796,0.2100635073781088,0.5416794419288635,0.34525319933891296
h512_wd0.01_s0,l15,21,0.0005,0.40435347741558436,0.6104333400726318,0.9440942724033982,0.7562330623306233,1.7104541792327939,0.22126871945375176,0.5526286959648132,0.3820017874240875
h512_wd0.01_s0,l15,22,0.0005,0.38536086962336585,0.5968841910362244,0.9546279802685668,0.757859078590786,1.2957794482263663,0.1682767110813828,0.562896728515625,0.41368597745895386
h512_wd0.01_s0,l15,23,0.0005,0.3460017903929665,0.6302230954170227,0.9555271992326665,0.7638211382113821,1.4411430294039076,0.1835570605932003,0.5729243755340576,0.4574197232723236
h512_wd0.01_s0,l15,24,0.0005,0.36771086284092497,0.6380475759506226,0.9628408468073445,0.7520325203252033,1.8251772875777843,0.2041249716366877,0.5820847153663635,0.4850856065750122
h512_wd0.01_s0,l15,25,0.0005,0.3275065308525449,0.6420319080352783,0.9648962044395726,0.7632791327913279,1.64023395952734,0.1793365599378315,0.5915127396583557,0.5246712565422058
h512_wd0.01_s0,l15,26,0.0005,0.3438694931211926,0.6437377333641052,0.9686215401479857,0.7493224932249322,1.9184145747277264,0.2028937263199098,0.6006503701210022,0.5506023168563843
h512_wd0.01_s0,l15,27,0.0005,0.3186441532203129,0.6664050221443176,0.9693066593587284,0.752710027100271,1.5159099101302933,0.15488437265271907,0.6093971729278564,0.5752938389778137
h512_wd0.01_s0,l15,28,0.0005,0.3027758832488741,0.6945967674255371,0.9696749109345026,0.7453929539295392,1.6106627131561233,0.13503188182524375,0.6181163787841797,0.6075740456581116
h512_wd0.01_s0,l15,29,0.0005,0.310546555689403,0.6801639795303345,0.9800030830364483,0.7563685636856369,2.042735260853185,0.18009212582237702,0.6271935701370239,0.6409384608268738
h512_wd0.01_s0,l15,30,0.0005,0.3442469026361193,0.6427623629570007,0.9810050698821595,0.744579945799458,2.406913463016786,0.26071751385847736,0.637056827545166,0.6570407748222351
h512_wd0.01_s0,l15,31,0.0005,0.31741795085725333,0.6686809659004211,0.9813305015072623,0.7413279132791327,2.0345602953458872,0.17277618553022336,0.6460177898406982,0.6838008761405945
h512_wd0.01_s0,l15,32,0.0005,0.3242106231905165,0.8992100954055786,0.9836855987941902,0.7437669376693767,2.190078952482913,0.19235670389062406,0.6557360887527466,0.7029045820236206
h512_wd0.01_s0,l15,33,0.0005,0.31022951503594715,0.6746307015419006,0.9853555768703754,0.7449864498644987,2.241586260454028,0.16869536738847482,0.6656615138053894,0.727027416229248
h512_wd0.01_s0,l15,34,0.0005,0.2701759608018966,0.7549869418144226,0.981835776925185,0.7383468834688346,1.7791567343103192,0.1459502465446,0.6727897524833679,0.7644656896591187
h512_wd0.01_s0,l15,35,0.0005,0.23963481187820435,0.8422130942344666,0.9842336941627843,0.7331978319783199,1.6564148420374483,0.12200944919433923,0.678565263748169,0.8063981533050537
h512_wd0.01_s0,l15,36,0.0005,0.2586015629626456,0.840934693813324,0.9886270211016717,0.7257452574525746,2.2012627942321497,0.15756311919692081,0.6847259998321533,0.8375500440597534
h512_wd0.01_s0,l15,37,0.0005,0.2803916562171209,0.9273603558540344,0.9872053987393805,0.7300813008130081,2.4034240535182834,0.15542157806282214,0.6912738084793091,0.8644015789031982
h512_wd0.01_s0,l15,38,0.0005,0.31025306241852896,0.7727836966514587,0.9911962181419567,0.7285907859078591,2.7500310177977596,0.19340168275318348,0.698143720626831,0.8583695888519287
h512_wd0.01_s0,l15,39,0.0005,0.20556607806966418,0.7792903184890747,0.9894662921348315,0.7372628726287263,1.5045173691653524,0.12028331885469337,0.7047874331474304,0.8984754681587219
h512_wd0.01_s0,l16,1,0.0005,0.7451484151508497,0.692619800567627,0.5570159542600168,0.52563202247191,0.9643804340470554,0.308325562329539,0.25246626138687134,0.04448482394218445
h512_wd0.01_s0,l16,2,0.0005,0.6938183618628461,0.6864777207374573,0.6984075326000931,0.6281601123595506,0.4841530752137522,0.14355585568757756,0.2840830683708191,0.055930230766534805
h512_wd0.01_s0,l16,3,0.0005,0.6830906608830327,0.6874096989631653,0.6857447170467237,0.6338951310861424,0.39613249742328055,0.12203911705916337,0.2927788197994232,0.056438494473695755
h512_wd0.01_s0,l16,4,0.0005,0.6800998112429744,0.6875782608985901,0.6932743585381548,0.6356507490636705,0.5905158165256654,0.16773669750815956,0.3011082410812378,0.056658774614334106
h512_wd0.01_s0,l16,5,0.0005,0.6674730026203654,0.6616705656051636,0.7558857683858609,0.6787219101123595,0.6418408254963293,0.1825908617610998,0.31441932916641235,0.05272858962416649
h512_wd0.01_s0,l16,6,0.0005,0.6621460474055746,0.6547973155975342,0.7578532385594569,0.68937265917603,0.7263685332831191,0.21934878899034513,0.3280927836894989,0.059119198471307755
h512_wd0.01_s0,l16,7,0.0005,0.6413305479547252,0.6491752862930298,0.7754125400335802,0.7030664794007491,0.516943401278553,0.14159746397809422,0.34090498089790344,0.05284745246171951
h512_wd0.01_s0,l16,8,0.0005,0.6244402968365214,0.6336575746536255,0.7853460454589161,0.702188670411985,0.6267744713057876,0.17678479880700043,0.3547295331954956,0.0614895336329937
h512_wd0.01_s0,l16,9,0.0005,0.606612257335497,0.6834036707878113,0.7767661003409788,0.6889044943820225,0.9443937492874441,0.23385240345924468,0.3708338439464569,0.08620577305555344
h512_wd0.01_s0,l16,10,0.0005,0.6130088904629583,0.6328179240226746,0.8173359270408803,0.7194522471910112,0.9982860595329107,0.24106423303302255,0.3856818974018097,0.0792846754193306
h512_wd0.01_s0,l16,11,0.0005,0.5911635445511859,0.6240349411964417,0.8063003424581543,0.716994382022472,0.7958484595665987,0.19109879952527248,0.3977879583835602,0.09886760264635086
h512_wd0.01_s0,l16,12,0.0005,0.5771784639876821,0.6158451437950134,0.8377724687312775,0.7209737827715356,0.8114338246730128,0.19621534127550888,0.40691569447517395,0.1181570440530777
h512_wd0.01_s0,l16,13,0.0005,0.5536827043346737,0.6279186606407166,0.8448953024800481,0.7195692883895132,0.8751448850751707,0.19436682636197458,0.41863447427749634,0.16359737515449524
h512_wd0.01_s0,l16,14,0.0005,0.5370133713535641,0.6096958518028259,0.855316977196577,0.7322097378277154,0.8850310835522168,0.16704321745722736,0.42821210622787476,0.2054600864648819
h512_wd0.01_s0,l16,15,0.0005,0.5073073597058005,0.6185758709907532,0.8779206946796945,0.72811329588015,1.041005782616459,0.18740536185187082,0.43665194511413574,0.24934300780296326
h512_wd0.01_s0,l16,16,0.0005,0.5111247625039972,0.6330233812332153,0.8798659753400543,0.7393492509363295,1.119703080058459,0.191761098513298,0.44604724645614624,0.29046735167503357
h512_wd0.01_s0,l16,17,0.0005,0.48807697062907013,0.62696373462677,0.8959755619494227,0.7398174157303372,1.0686914557059246,0.15590623128600165,0.45525500178337097,0.32669875025749207
h512_wd0.01_s0,l16,18,0.0005,0.5083490674910338,0.6037130951881409,0.8943631239876035,0.7358380149812734,1.484000360021789,0.21312274512103574,0.4653749167919159,0.35329464077949524
h512_wd0.01_s0,l16,19,0.0005,0.4614928092645562,0.6378145813941956,0.9022034186643393,0.7412219101123594,1.1090606232865519,0.15490697175640553,0.47388648986816406,0.39863067865371704
h512_wd0.01_s0,l16,20,0.0005,0.44538999510848004,0.6107081174850464,0.9172553051427895,0.7516385767790261,1.349173021394164,0.17242998356847136,0.48160505294799805,0.4452482759952545
h512_wd0.01_s0,l16,21,0.0005,0.44530672223671625,0.6250632405281067,0.9208500062870287,0.7329119850187266,1.1329495292368719,0.12595189636214985,0.4883798658847809,0.48114070296287537
h512_wd0.01_s0,l16,22,0.0005,0.4262242757755777,0.6262395977973938,0.923520144379766,0.750117041198502,1.2966121874634198,0.14742438792936188,0.4963952600955963,0.527945876121521
h512_wd0.01_s0,l16,23,0.0005,0.4412560566611912,0.6235685348510742,0.9288604205652409,0.742626404494382,1.5834162802282319,0.15598750945991358,0.5031985640525818,0.5597376227378845
h512_wd0.01_s0,l16,24,0.0005,0.41506554510282434,0.6588408350944519,0.9334240637874539,0.7447331460674158,1.262759993463779,0.14148403268245968,0.5104193091392517,0.6048151254653931
h512_wd0.01_s0,l16,25,0.0005,0.39622752821963764,0.6594968438148499,0.943853135008395,0.7502340823970037,1.7287080919919011,0.1420361305153743,0.516791582107544,0.6535734534263611
h512_wd0.01_s0,l16,26,0.0005,0.38398589388183924,0.6592572331428528,0.9481652970805997,0.7429775280898876,1.6724275650206495,0.15752930750074215,0.522993266582489,0.6892624497413635
h512_wd0.01_s0,l16,27,0.0005,0.35985256666722504,0.6449590921401978,0.9555322154749666,0.7567883895131086,1.5188482749251755,0.12041829609518126,0.5294832587242126,0.7331321835517883
h512_wd0.01_s0,l16,28,0.0005,0.35671942130379053,0.6512454748153687,0.9547481860072929,0.757373595505618,1.471486637557535,0.10809677855162933,0.5352342128753662,0.7749994397163391
h512_wd0.01_s0,l16,29,0.0005,0.37978985257770703,0.6582654118537903,0.9599257390957033,0.7466058052434457,2.035171596260469,0.14302945364356545,0.5414831638336182,0.8114414811134338
h512_wd0.01_s0,l16,30,0.0005,0.36750266085500305,0.6422899961471558,0.9587201088765449,0.7483614232209739,1.6715052347052182,0.12047710876675731,0.547953188419342,0.8486495614051819
h512_wd0.01_s0,l16,31,0.0005,0.36805852340615314,0.663530170917511,0.9622630344899001,0.7563202247191012,1.6850021847820036,0.11522383366952081,0.5533302426338196,0.8931794166564941
h512_wd0.01_s0,l16,32,0.0005,0.3309089062006577,0.6792023181915283,0.9695929703622068,0.7448501872659176,1.8923459054147256,0.13626589128329747,0.5589945316314697,0.9469379186630249
h512_wd0.01_s0,l16,33,0.0005,0.3063100971605467,0.7158278822898865,0.9724997965961287,0.7455524344569289,1.5944447131781647,0.10471184391621235,0.5645136833190918,0.9923745393753052
h512_wd0.01_s0,l16,34,0.0005,0.31989110099232715,0.648926854133606,0.9704139823519404,0.7512874531835206,1.6940810311804622,0.10351341148107615,0.5702474117279053,1.0432268381118774
h512_wd0.01_s0,l16,35,0.0005,0.3332419674033704,0.7157285809516907,0.9709317376607816,0.7606507490636704,1.8622660230966175,0.11586475898887612,0.5753244161605835,1.0952489376068115
h512_wd0.01_s0,l16,36,0.0005,0.3213741546091826,0.778965413570404,0.9768785272080416,0.7535112359550562,2.3522079526911654,0.11234887564700348,0.5799100399017334,1.1285508871078491
h512_wd0.01_s0,l16,37,0.0005,0.334693409178568,0.6898769736289978,0.9797113883978432,0.7587780898876404,2.326274321736965,0.1207187760672788,0.5853717923164368,1.1483529806137085
h512_wd0.01_s0,l16,38,0.0005,0.28725575428941974,0.858340859413147,0.9741122345579479,0.7441479400749063,2.061807406002258,0.1008347221519815,0.5894537568092346,1.1845234632492065
h512_wd0.01_s0,l16,39,0.0005,0.3081719881814459,0.7237221598625183,0.977677349684539,0.735252808988764,2.6728865712646965,0.11625126765153462,0.5937985181808472,1.2035244703292847
h512_wd0.01_s0,l16,40,0.0005,0.31051133832205896,0.7482086420059204,0.971205408324026,0.7576076779026217,2.515326097593936,0.13075629103537717,0.5985240340232849,1.2372058629989624
h512_wd0.01_s0,l16,41,0.0005,0.30736446574978205,0.6642328500747681,0.9847853904244854,0.7466058052434456,2.1678445880445327,0.11412467055749591,0.6029477119445801,1.2736674547195435
h512_wd0.01_s0,l16,42,0.0005,0.2823285680750142,0.749150276184082,0.9746004038491409,0.7532771535580525,2.0362125249730187,0.10131738084800113,0.6072794795036316,1.3193477392196655
h512_wd0.01_s0,l16,43,0.0005,0.27236980070238526,0.7021313905715942,0.9812572578199543,0.7704822097378278,2.244831774899211,0.08674761352965336,0.6111370921134949,1.3594493865966797
h512_wd0.01_s0,l16,44,0.0005,0.27593529872272327,0.7104132771492004,0.9888386748422695,0.7523408239700375,2.2567028914788976,0.10194719651215095,0.6143952012062073,1.4021705389022827
h512_wd0.01_s0,l16,45,0.0005,0.23811153614002725,0.8023368120193481,0.987551683074579,0.7387640449438203,2.0748793997537156,0.09115853374947304,0.6175491809844971,1.4507157802581787
h512_wd0.01_s0,l16,46,0.0005,0.23830974523140036,0.7741619944572449,0.9895191532481749,0.7354868913857677,2.301583132767712,0.10757053737340265,0.6210286021232605,1.4991693496704102
h512_wd0.01_s0,l16,47,0.0005,0.2491381110056587,0.7356691956520081,0.9932469914718304,0.7423923220973782,2.5232049565728603,0.09199592162699435,0.6245307326316833,1.5394295454025269
h512_wd0.01_s0,l16,48,0.0005,0.2332777144468349,0.786607563495636,0.991065022670286,0.7353698501872659,2.5240026754489966,0.08626881983272632,0.627981424331665,1.5783276557922363
h512_wd0.01_s0,l16,49,0.0005,0.24933473506699438,0.7853864431381226,0.9927588221806374,0.7382958801498127,2.253486498894555,0.08100402985079337,0.6313366293907166,1.619716763496399
h512_wd0.01_s0,l16,50,0.0005,0.2566299678190895,0.794242799282074,0.9951331000968942,0.7308052434456928,2.34986908319919,0.08250429628415988,0.6344386339187622,1.6653858423233032
h512_wd0.01_s0,l16,51,0.0005,0.23660764422105707,0.8946943283081055,0.9937425572674354,0.7483614232209738,2.6670734372736304,0.08706914080348895,0.6373266577720642,1.7106688022613525
h512_wd0.01_s0,l16,52,0.0005,0.40249516717765643,0.7109577059745789,0.9336274676587845,0.7485955056179775,4.198419519541238,0.1638321350493044,0.6420400142669678,1.6939994096755981
h512_wd0.01_s0,l16,53,0.0005,0.40313287403272546,0.8338032364845276,0.9714494929696225,0.7406367041198502,2.166897086999921,0.10700951675418174,0.6473831534385681,1.6959320306777954
h512_wd0.01_s0,l16,54,0.0005,0.31855975609758624,0.8696380853652954,0.9827365587023573,0.7576076779026217,2.6226452695463567,0.10154556912687225,0.6516486406326294,1.7215908765792847
h512_wd0.01_s0,l16,55,0.0005,0.29794517710157065,0.7567232847213745,0.9868712046686736,0.7605337078651686,2.998381988133422,0.10350316384102444,0.6555479168891907,1.74065101146698
h512_wd0.01_s0,l16,56,0.0005,0.28050711491833563,0.8723104000091553,0.9951922721321904,0.7428604868913857,2.325718322630142,0.08026643979179249,0.6585365533828735,1.7691458463668823
h512_wd0.01_s0,l16,57,0.0005,0.28854007111943286,0.7896569967269897,0.9933579390380107,0.7289325842696628,3.6479360528544653,0.1040308282590758,0.6616213917732239,1.7809721231460571
h512_wd0.01_s0,l16,58,0.0005,0.26712842285633087,0.8459597826004028,0.9841640840538761,0.7440308988764045,2.6813071982953147,0.08896016943893909,0.6653685569763184,1.804168701171875
h512_wd0.01_s0,l16,59,0.0005,0.22302278098852737,0.8420154452323914,0.9934319040821309,0.7585440074906367,2.154787192364934,0.06782942991811237,0.6686925888061523,1.8326550722122192
h512_wd0.01_s0,l16,60,0.0005,0.2404480469615563,0.8643364906311035,0.9889274328952138,0.7474250936329588,3.2960501171365135,0.08662336337462909,0.671784520149231,1.8568580150604248
h512_wd0.01_s0,l16,61,0.0005,0.2721529674270879,0.8100427389144897,0.9743637157079564,0.7338483146067416,3.4333590507513803,0.11298413314616104,0.6748083829879761,1.8706166744232178
h512_wd0.01_s0,l16,62,0.0005,0.26370690762996674,0.7693563103675842,0.9914940199261829,0.7490636704119851,2.4023085707708622,0.07705945423331159,0.6784921884536743,1.895237684249878
h512_wd0.01_s0,l16,63,0.0005,0.25443593380243884,0.9150158166885376,0.9916049674923632,0.7345505617977528,2.6916088370821063,0.07635712150886896,0.6809702515602112,1.9270827770233154
h512_wd0.01_s0,l17,1,0.0005,0.7318155467510223,0.6853177547454834,0.6859917716595423,0.5849807445442876,0.9971749071170517,0.285677632013465,0.23897553980350494,0.04173191264271736
h512_wd0.01_s0,l17,2,0.0005,0.6775003590367057,0.6803461909294128,0.7469905606659663,0.617201540436457,0.5997612059070597,0.16027815203628168,0.2760644257068634,0.045085761696100235
h512_wd0.01_s0,l17,3,0.0005,0.6608929119326852,0.6813710927963257,0.7515057221451428,0.6335044929396663,0.7519933994898035,0.21272991614198197,0.29289406538009644,0.03720621019601822
h512_wd0.01_s0,l17,4,0.0005,0.641857924786481,0.6603819131851196,0.7662541803337851,0.637612323491656,0.7963588452070858,0.21248330819838201,0.3099963068962097,0.029536554589867592
h512_wd0.01_s0,l17,5,0.0005,0.6321104466915131,0.6517478823661804,0.7843469055505208,0.6492939666238767,0.9882355012169409,0.26579328221505766,0.3293536901473999,0.02674303762614727
h512_wd0.01_s0,l17,6,0.0005,0.6255971748720516,0.6848996877670288,0.798822689688911,0.657637997432606,1.232215811718059,0.33908509608780935,0.34900349378585815,0.030924543738365173
h512_wd0.01_s0,l17,7,0.0005,0.5953646532513879,0.6907159090042114,0.7946844599850831,0.6559691912708601,0.8550481219885356,0.22456305416234154,0.36695805191993713,0.039767831563949585
h512_wd0.01_s0,l17,8,0.0005,0.6063184331763875,0.6414993405342102,0.8208772084593113,0.6749679075738125,1.1401964252120045,0.3125664501708513,0.38232389092445374,0.04295991733670235
h512_wd0.01_s0,l17,9,0.0005,0.5959348651495847,0.6940245628356934,0.8379273564250828,0.6738125802310655,1.3046281487398927,0.31711538000017403,0.39928409457206726,0.04546216130256653
h512_wd0.01_s0,l17,10,0.0005,0.5593981079079888,0.6391381025314331,0.8464845097079982,0.6908857509627727,0.9371820328366525,0.24491013912940474,0.415174663066864,0.056367941200733185
h512_wd0.01_s0,l17,11,0.0005,0.5468881726264954,0.6466405987739563,0.8508071953869967,0.6930680359435173,1.0480802191758956,0.21517337778948847,0.43075835704803467,0.08123023062944412
h512_wd0.01_s0,l17,12,0.0005,0.5234292339194905,0.6287065744400024,0.8771843998363957,0.704364569961489,1.0137895338766238,0.22212683655422777,0.44484782218933105,0.10565590858459473
h512_wd0.01_s0,l17,13,0.0005,0.5373420200564645,0.6320586800575256,0.8856693746942442,0.7078305519897304,1.4266176449253758,0.31868404523904553,0.4586028456687927,0.11668682098388672
h512_wd0.01_s0,l17,14,0.0005,0.5042798952622847,0.6809061169624329,0.8804083694893777,0.7029525032092426,1.1610307840306338,0.2389040487730334,0.47388651967048645,0.13852490484714508
h512_wd0.01_s0,l17,15,0.0005,0.5361327298662879,0.7203790545463562,0.8906817653238805,0.7006418485237483,1.6260465105385384,0.30636968409017545,0.48828253149986267,0.1482958048582077
h512_wd0.01_s0,l17,16,0.0005,0.5385472110726617,0.6282935738563538,0.8926867215757353,0.7097560975609756,1.35550681263375,0.3032088729154959,0.5033580660820007,0.14016953110694885
h512_wd0.01_s0,l17,17,0.0005,0.4550474678928202,0.646558940410614,0.9073389418642884,0.7102695763799743,0.9797999038003056,0.2240771148214518,0.5144403576850891,0.17857222259044647
h512_wd0.01_s0,l17,18,0.0005,0.45656077699227765,0.6335991621017456,0.9163692648226416,0.718356867779204,1.244961210628608,0.22246878277081772,0.5233087539672852,0.21329277753829956
h512_wd0.01_s0,l17,19,0.0005,0.4261333671483127,0.6432214379310608,0.9244933475551562,0.7200256739409499,1.0885456318779367,0.18827491970486668,0.5332662463188171,0.25648435950279236
h512_wd0.01_s0,l17,20,0.0005,0.4076866426251151,0.6579831838607788,0.9284551411088211,0.7216944801026958,1.2591483969679007,0.1898122931451204,0.5428104400634766,0.2925214469432831
h512_wd0.01_s0,l17,21,0.0005,0.472699066454714,0.6481901407241821,0.9350955562149633,0.7282413350449293,1.8532409912713406,0.26435222815381265,0.5541552901268005,0.3041049838066101
h512_wd0.01_s0,l17,22,0.0005,0.42036135494709015,0.6479911804199219,0.9392418057437987,0.7297817715019256,1.3996626400027392,0.2107082841524095,0.567038893699646,0.3290365934371948
h512_wd0.01_s0,l17,23,0.0005,0.40757778964259406,0.6526167988777161,0.9460827164751264,0.7237483953786906,1.3405567812604928,0.21257977516492907,0.5766512155532837,0.3613416850566864
h512_wd0.01_s0,l17,24,0.0005,0.36901816861195996,0.6724057793617249,0.9477107409516323,0.7231065468549421,1.3184980038475012,0.180768628150582,0.5853520631790161,0.40131333470344543
h512_wd0.01_s0,l17,25,0.0005,0.3751074712384831,0.7595489621162415,0.9524825368310464,0.7296534017971759,1.4794963402103045,0.18954934231239254,0.5946520566940308,0.4366317689418793
h512_wd0.01_s0,l17,26,0.0005,0.43679372695359314,0.673210859298706,0.9442702360234501,0.7145057766367137,2.3671217782861094,0.3012643257629505,0.606776773929596,0.42800644040107727
h512_wd0.01_s0,l17,27,0.0005,0.41115830770947714,0.6659936904907227,0.9601655291881531,0.7297817715019256,1.808104516161651,0.2142615719831233,0.6161589026451111,0.4343688189983368
h512_wd0.01_s0,l17,28,0.0005,0.35774009268392215,0.7142400145530701,0.9602056283131901,0.7328626444159179,1.4632613117233704,0.19735786140227596,0.6240710020065308,0.4752868711948395
h512_wd0.01_s0,l17,29,0.0005,0.3334950499913909,0.7117663621902466,0.9581846324113209,0.7306803594351733,1.4180901526869614,0.17625435678984422,0.6320188641548157,0.5054946541786194
h512_wd0.01_s0,l17,30,0.0005,0.3407932526685975,0.7336798906326294,0.9664129728689319,0.7315789473684211,1.8206847955615686,0.16969856177743806,0.6399383544921875,0.532568097114563
h512_wd0.01_s0,l17,31,0.0005,0.32561636580662295,0.6952379941940308,0.9704629844976782,0.7261874197689345,1.5763166223190375,0.1680087741411584,0.6481983661651611,0.5680282115936279
h512_wd0.01_s0,l17,32,0.0005,0.327645632353696,0.7694433331489563,0.9735425973005268,0.7358151476251605,1.969238399782155,0.18969273322067215,0.6560160517692566,0.598777711391449
h512_wd0.01_s0,l17,33,0.0005,0.304160973565145,0.7102405428886414,0.9761490404279378,0.7341463414634145,1.7033828568249196,0.16957195998677854,0.6638543009757996,0.6302833557128906
h512_wd0.01_s0,l17,34,0.0005,0.3006244958801703,0.7144458889961243,0.976878844503613,0.7308087291399229,1.8793435605119142,0.17786183094944777,0.6713264584541321,0.668768048286438
h512_wd0.01_s0,l17,35,0.0005,0.270115736533295,0.7541493773460388,0.9821157902334572,0.7284980744544287,1.4507932623183737,0.1467421273387843,0.6778601408004761,0.7071271538734436
h512_wd0.01_s0,l17,36,0.0005,0.23990950801155783,0.8214325308799744,0.9860134251870625,0.7288831835686779,1.4423542373328024,0.1288077740035484,0.6844548583030701,0.7537745237350464
h512_wd0.01_s0,l17,37,0.0005,0.2682166610929099,0.7850672602653503,0.9832385657344956,0.7338896020539153,2.078663503605838,0.15060326842136582,0.6918429136276245,0.7853087782859802
h512_wd0.01_s0,l17,38,0.0005,0.2999397468837825,0.7864808440208435,0.983110248534377,0.7395378690629011,2.3475042877471934,0.18480046815401607,0.7001954317092896,0.8014829754829407
h512_wd0.01_s0,l17,39,0.0005,0.27156191251494666,0.8282784223556519,0.9887963044646366,0.7349165596919127,2.3298063348520626,0.1679384243080956,0.7070795297622681,0.8260760307312012
h512_wd0.01_s0,l17,40,0.0005,0.2608856057578867,0.7798319458961487,0.986254019937285,0.7362002567394095,2.0397664265643645,0.1462128033328668,0.7143428325653076,0.8463644981384277
h512_wd0.01_s0,l17,41,0.0005,0.2302532114765861,0.8070133924484253,0.9914588863670994,0.7365853658536585,1.7429140691411995,0.10717554058838764,0.7198810577392578,0.886594295501709
h512_wd0.01_s0,l17,42,0.0005,0.23087199574167078,0.8342932462692261,0.9905285866662389,0.7388960205391528,2.2303702371187657,0.14163238778589132,0.7256538271903992,0.9223747253417969
h512_wd0.01_s0,l17,43,0.0005,0.2500273117964918,0.8278810381889343,0.9932793866437835,0.7387676508344031,2.6071511531711926,0.14419173335751004,0.7323276400566101,0.947762668132782
h512_wd0.01_s0,l17,44,0.0005,0.26266741583293135,0.8507187962532043,0.9885958088394512,0.7356867779204108,2.9077624412339045,0.1638517716055631,0.7389109134674072,0.9738247394561768
h512_wd0.01_s0,l17,45,0.0005,0.2464565566994927,0.8011940717697144,0.98968650504046,0.7278562259306803,1.9683390234172848,0.11865725342423893,0.7460803389549255,0.9943506121635437
h512_wd0.01_s0,l17,46,0.0005,0.25281412256034935,0.8397438526153564,0.9870800619130491,0.7373555840821565,2.498286926211301,0.1616594591373102,0.7533766627311707,1.0133875608444214
h512_wd0.01_s0,l17,47,0.0005,0.22196399894627658,0.8037335872650146,0.9912343312668919,0.7362002567394094,1.8435365089635483,0.12501041464863563,0.7590205073356628,1.048840880393982
h512_wd0.01_s0,l17,48,0.0005,0.2256883443756537,0.9706851840019226,0.9949234507703042,0.7327342747111681,2.1872410973130334,0.11798786346444912,0.7642577886581421,1.0879381895065308
h512_wd0.01_s0,l17,49,0.0005,0.212285710668022,0.9533807635307312,0.988956700964785,0.7324775353016689,2.3666834280126534,0.11121740612778538,0.7695143818855286,1.116924524307251
h512_wd0.01_s0,l17,50,0.0005,0.21936446529897777,0.9647513628005981,0.9949795895453561,0.7392811296534019,2.838669434893702,0.1506575452230024,0.7749436497688293,1.1379787921905518
h512_wd0.01_s0,l17,51,0.0005,0.185599800537933,0.8803197145462036,0.9963589994466321,0.7323491655969192,2.4852652188399214,0.11490645405875441,0.7798422574996948,1.150583267211914
h512_wd0.01_s0,l17,52,0.0005,0.2136582244526256,0.9517444968223572,0.9972492000224555,0.7306803594351733,2.4413146910080994,0.11731420826526398,0.7847359776496887,1.1727381944656372
h512_wd0.01_s0,l17,53,0.0005,0.21385020661083134,1.0617166757583618,0.9959981073212982,0.7333761232349165,2.9442252309582004,0.1421569934380959,0.7897105813026428,1.1994163990020752
h512_wd0.01_s0,l17,54,0.0005,0.18763309310783038,0.9384984374046326,0.9968963277221291,0.7309370988446727,1.9029381648170067,0.10229511013403311,0.794963538646698,1.2133456468582153
h512_wd0.01_s0,l17,55,0.0005,0.17468154430389404,0.9419395327568054,0.9964873166467508,0.7225930680359435,1.9260769406380698,0.10006718181960489,0.7989029884338379,1.2491872310638428
h512_wd0.01_s0,l17,56,0.0005,0.15466913750225847,1.0212922096252441,0.998524352198635,0.7320924261874198,1.8859444534703202,0.09141656181232073,0.802502453327179,1.2891649007797241
h512_wd0.01_s0,l17,57,0.0005,0.14007579298181969,1.130027413368225,0.9965434554218028,0.7444159178433889,1.7976373240060306,0.08339793245431404,0.805605947971344,1.3297333717346191
h512_wd0.01_s0,l17,58,0.0005,0.16150286031717603,0.9447386860847473,0.9977063300478783,0.738382541720154,2.2745455520050193,0.0904269816515006,0.8090846538543701,1.3589280843734741
h512_wd0.01_s0,l17,59,0.0005,0.1583173650909554,1.052956461906433,0.9975860326727671,0.7317073170731707,2.236956583544796,0.0926803809647836,0.8129138350486755,1.3881967067718506
h512_wd0.01_s0,l17,60,0.0005,0.1516717394644564,1.1252551078796387,0.9980832618232269,0.7368421052631579,2.3121238295302367,0.08522222375507421,0.8163148760795593,1.4140498638153076
h512_wd0.01_s0,l17,61,0.0005,0.2507447630844333,0.9183329939842224,0.9946267172450297,0.7292682926829267,3.678834703620193,0.1493390782693869,0.8215180039405823,1.418707013130188
h512_wd0.01_s0,l17,62,0.0005,0.21615083854306827,0.9433079957962036,0.9950918670954599,0.7317073170731708,2.646308457753026,0.1126163820717195,0.8268204927444458,1.4368085861206055
h512_wd0.01_s0,l17,63,0.0005,0.1881739100949331,0.9032502174377441,0.9968081096470475,0.7381258023106546,2.207874890957499,0.08227526280198888,0.8311225771903992,1.4619919061660767
h512_wd0.01_s0,l17,64,0.0005,0.17933502183719116,1.1329978704452515,0.996110384871402,0.730423620025674,2.221215709281684,0.09047897511274582,0.8348853588104248,1.489741563796997
h512_wd0.01_s0,l17,65,0.0005,0.21882412108508023,0.8504148721694946,0.996872268247107,0.7269576379974326,2.8038161213540334,0.10947957942335132,0.8394211530685425,1.4979037046432495
h512_wd0.01_s0,l17,66,0.0005,0.20279831066727638,0.9142496585845947,0.9964472175217137,0.7306803594351734,2.657592695803199,0.11362718298836935,0.8437690734863281,1.5228660106658936
h512_wd0.01_s0,l17,67,0.0005,0.19184422526847233,0.9657002091407776,0.9986847486987834,0.7261874197689346,2.0356206816785227,0.088286468508346,0.8473852872848511,1.5558503866195679
h512_wd0.01_s0,l17,68,0.0005,0.1633072593672709,0.9778643250465393,0.9973855370475816,0.7315789473684211,1.9889019938266104,0.07647732035739335,0.8506802320480347,1.5949748754501343
h512_wd0.01_s0,l17,69,0.0005,0.17848769947886467,1.0165046453475952,0.9969123673721438,0.7281129653401798,2.4534258626211676,0.08546879400416081,0.8546102046966553,1.6244564056396484
h512_wd0.01_s0,l17,70,0.0005,0.15019902925599704,1.0687260627746582,0.9989333632740134,0.7359435173299101,2.5485430059647425,0.08325058248460869,0.8580203652381897,1.6510223150253296
h512_wd0.01_s0,l17,71,0.0005,0.12746311690319667,1.1169625520706177,0.9982677177983976,0.7322207958921694,2.0809756967694195,0.07300842589774201,0.8613288402557373,1.678670883178711
h512_wd0.01_s0,l17,72,0.0005,0.1709269540892406,1.0334075689315796,0.9993022752243546,0.7323491655969191,3.1557649619129546,0.09575673875602031,0.8653106689453125,1.7027281522750854
h512_wd0.01_s0,l17,73,0.0005,0.18441258709539066,0.995549201965332,0.9990376209991098,0.7291399229781772,2.723249334304526,0.0975069553180404,0.8698055148124695,1.7107574939727783
h512_wd0.01_s0,l17,74,0.0005,0.16811950132250786,1.0221893787384033,0.9983719755234941,0.7219512195121952,2.3334790827924348,0.08441261819175544,0.8736586570739746,1.7410746812820435
h512_wd0.01_s0,l17,75,0.0005,0.13307036798108707,1.2223443984985352,0.9976822705728561,0.7369704749679075,2.0559850610721946,0.07445112919647481,0.8769539594650269,1.773685336112976
h512_wd0.01_s0,l17,76,0.0005,0.131370209665461,1.2068417072296143,0.9978105877729748,0.724775353016688,2.3371130269521365,0.06938983434160485,0.8801708817481995,1.7945117950439453
h512_wd0.01_s0,l17,77,0.0005,0.1222889900884845,1.168881893157959,0.9990777201241469,0.7227214377406932,1.8260280667586228,0.06441825588730522,0.8830565214157104,1.8258380889892578
h512_wd0.01_s0,l18,1,0.0005,0.7244551886211742,0.6882349252700806,0.7398281291203251,0.6498020781791193,0.8168575758082596,0.24826256209763367,0.23862946033477783,0.0320146344602108
h512_wd0.01_s0,l18,2,0.0005,0.681146887215701,0.6846840977668762,0.7050428901608576,0.613681345868382,0.5056910929223408,0.15674790108011827,0.27247121930122375,0.03706027939915657
h512_wd0.01_s0,l18,3,0.0005,0.6694092425433072,0.67461097240448,0.7563559650673988,0.6584611578426522,0.6391003836987151,0.1781187596939188,0.28744372725486755,0.034363217651844025
h512_wd0.01_s0,l18,4,0.0005,0.661796978928826,0.6633173227310181,0.7484604526346813,0.6438644235526967,0.8113410364590163,0.21849919227709744,0.3029870092868805,0.03254716098308563
h512_wd0.01_s0,l18,5,0.0005,0.6358101151206277,0.655339777469635,0.7671676982021809,0.6522761009401286,0.8239240514580594,0.20071945223121404,0.3193526864051819,0.032785266637802124
h512_wd0.01_s0,l18,6,0.0005,0.6354375671256672,0.6491594314575195,0.7899390385778771,0.6684809500247402,1.0045783318157904,0.2699222158724603,0.33709824085235596,0.034845467656850815
h512_wd0.01_s0,l18,7,0.0005,0.6026663102886893,0.6847177147865295,0.8037057719453364,0.6725630875804058,0.9497582543300168,0.23583533455332836,0.3555200397968292,0.04602157324552536
h512_wd0.01_s0,l18,8,0.0005,0.6064510738307779,0.6430030465126038,0.8177982533699413,0.6833250865907967,1.0457620667065297,0.250730937958266,0.36927998065948486,0.05763396993279457
h512_wd0.01_s0,l18,9,0.0005,0.5775294547731226,0.6350440382957458,0.8274543564924691,0.6869124195942602,0.9798976748885653,0.22961695707376908,0.3830498158931732,0.07385957986116409
h512_wd0.01_s0,l18,10,0.0005,0.5695892044089057,0.637890100479126,0.8368545147129539,0.6948292924294904,0.9635630050271378,0.2323365494145369,0.3949351906776428,0.09566284716129303
h512_wd0.01_s0,l18,11,0.0005,0.5391926819627936,0.624696671962738,0.8566630989498503,0.7042305789213261,0.8309482333084798,0.17884524819564093,0.4075160026550293,0.12607748806476593
h512_wd0.01_s0,l18,12,0.0005,0.5227440703998912,0.6531590819358826,0.8719034544805869,0.7008906481939634,0.9341783988879047,0.20915450743298136,0.41959816217422485,0.16932514309883118
h512_wd0.01_s0,l18,13,0.0005,0.5157274928959933,0.6803812384605408,0.883987156219461,0.7089312221672439,1.0659247904303149,0.20010461609760918,0.43249672651290894,0.2073061317205429
h512_wd0.01_s0,l18,14,0.0005,0.49267982759258966,0.6735922694206238,0.8897575503746101,0.7085601187530924,1.148123506636886,0.18384031204523507,0.44583582878112793,0.244258314371109
h512_wd0.01_s0,l18,15,0.0005,0.49209524420174683,0.6344648599624634,0.9050056618114695,0.7163532904502722,1.3579808232764063,0.21582922705326923,0.458260715007782,0.2707975506782532
h512_wd0.01_s0,l18,16,0.0005,0.4695254483006217,0.6257668137550354,0.9103805047543704,0.716848095002474,1.3022307934409578,0.18487933218371252,0.46959176659584045,0.2948373854160309
h512_wd0.01_s0,l18,17,0.0005,0.4439504227854989,0.6515539884567261,0.9133820404237827,0.7166006927263731,1.1986769886114386,0.1682599749651703,0.4805179536342621,0.3330979347229004
h512_wd0.01_s0,l18,18,0.0005,0.4433165964755145,0.6713398694992065,0.9204631827136365,0.7204354280059377,1.5265659910305442,0.20044299096857765,0.49143728613853455,0.36108413338661194
h512_wd0.01_s0,l18,19,0.0005,0.4697861237959428,0.6349561810493469,0.9282888919912514,0.7127659574468085,1.641138743003326,0.2247759249954628,0.5047330856323242,0.3628140389919281
h512_wd0.01_s0,l18,20,0.0005,0.42880405485630035,0.6478621363639832,0.9373865698729582,0.7201880257298366,1.3779750787861291,0.18386694822043861,0.5161234736442566,0.3988511860370636
h512_wd0.01_s0,l18,21,0.0005,0.42819606038657104,0.7559568881988525,0.9312594040361736,0.7121474517565561,1.6267009879076184,0.21005631349376605,0.5269988179206848,0.4335426688194275
h512_wd0.01_s0,l18,22,0.0005,0.46782194484363904,0.6687713265419006,0.9459646020444569,0.7203117268678871,2.2183149261972495,0.23018897157211687,0.5393471121788025,0.42621704936027527
h512_wd0.01_s0,l18,23,0.0005,0.3946371200409802,0.6811413764953613,0.945662121705679,0.7222909450766947,1.4208833310932967,0.1697060497906631,0.5502890944480896,0.4664064049720764
h512_wd0.01_s0,l18,24,0.0005,0.3632969063791362,0.6703459620475769,0.9503699567220438,0.7224146462147452,1.4130643294324499,0.1643586422019313,0.5603761076927185,0.5107387900352478
h512_wd0.01_s0,l18,25,0.0005,0.3684527122161605,0.7016647458076477,0.9536972404486016,0.7163532904502722,1.6354350592436866,0.1830804005783561,0.5695495009422302,0.5505408644676208
h512_wd0.01_s0,l18,26,0.0005,0.35606714473529294,0.6693965196609497,0.963454170350722,0.7209302325581396,1.5564736953702498,0.14430388166877822,0.5790402293205261,0.5882484316825867
h512_wd0.01_s0,l18,27,0.0005,0.3428802808577364,0.7275623679161072,0.9648036980160393,0.725259772389906,1.7072759497881442,0.1677900008602913,0.5884324908256531,0.637795627117157
h512_wd0.01_s0,l18,28,0.0005,0.31477094983512705,0.7934195399284363,0.9629577923588812,0.7183325086590796,1.4812830784869584,0.1325037781773823,0.5962468981742859,0.6829884648323059
h512_wd0.01_s0,l18,29,0.0005,0.3274245262145996,0.7802140712738037,0.9726061395752865,0.7201880257298368,1.9449262605236484,0.1408384191537841,0.6038628816604614,0.7220805883407593
h512_wd0.01_s0,l18,30,0.0005,0.31495132771405304,0.7456099390983582,0.9718615725875255,0.7246412666996537,1.9914467979418249,0.16867223808303844,0.6122657060623169,0.7414042949676514
h512_wd0.01_s0,l18,31,0.0005,0.3041984581134536,0.8361800312995911,0.9751268090651031,0.7157347847600197,1.745218264373868,0.12871400347297446,0.6203591227531433,0.7861815690994263
h512_wd0.01_s0,l18,32,0.0005,0.2714979201555252,0.7654252052307129,0.9806645260365768,0.7247649678377042,1.706549675677855,0.1324112503843822,0.6278370022773743,0.8321741223335266
h512_wd0.01_s0,l18,33,0.0005,0.2930277369239114,0.7626977562904358,0.9813392898692354,0.7158584858980702,1.920473026594771,0.11887745915462115,0.6359017491340637,0.8689053654670715
h512_wd0.01_s0,l18,34,0.0005,0.29220225932923233,0.8555852174758911,0.9818201560488311,0.7193221177634835,2.1562929215443507,0.1530033974214077,0.6435578465461731,0.9082737565040588
h512_wd0.01_s0,l18,35,0.0005,0.27493843368508597,0.7920020222663879,0.9837668884855818,0.7250123701138049,2.081414189020844,0.13501170443869628,0.6514892578125,0.9413906931877136
h512_wd0.01_s0,l18,36,0.0005,0.25566076148640027,0.796967089176178,0.9877146447019405,0.7173428995546759,2.0859994552761094,0.12706935335932565,0.6581870317459106,0.977412223815918
h512_wd0.01_s0,l18,37,0.0005,0.2713282291184772,0.8493796586990356,0.9869545659019342,0.7194458189015338,2.5717516137317733,0.14464581631717907,0.6647166013717651,1.0049113035202026
h512_wd0.01_s0,l18,38,0.0005,0.2595646008849144,0.8440485596656799,0.9884281880652116,0.7168480950024738,2.3864751370597586,0.11555404811000965,0.6714230179786682,1.0313141345977783
h512_wd0.01_s0,l18,39,0.0005,0.23873406411571937,0.8956224918365479,0.9843718491631377,0.71313706086096,2.3059749416507156,0.12258765279858884,0.678765594959259,1.0602911710739136
h512_wd0.01_s0,l18,40,0.0005,0.22665601494637402,0.8680697679519653,0.9924147238121829,0.7237753587333002,2.0264067991485955,0.10331528533209622,0.6866908073425293,1.0925358533859253
h512_wd0.01_s0,l18,41,0.0005,0.23652920736507935,0.9189529418945312,0.9918175190407494,0.7269915883226126,1.9766865632552155,0.09418358181542509,0.6932719349861145,1.1317275762557983
h512_wd0.01_s0,l18,42,0.0005,0.20031778514385223,0.9226242899894714,0.9932756293917819,0.7221672439386443,1.899875628985261,0.09562148646161836,0.6993162631988525,1.1720291376113892
h512_wd0.01_s0,l18,43,0.0005,0.1929497109218077,0.9718208909034729,0.9942373617509733,0.7161058881741713,2.0882401069554732,0.10053304700654776,0.7050226926803589,1.2138315439224243
h512_wd0.01_s0,l18,44,0.0005,0.18482851948250423,0.9892574548721313,0.9936013774489273,0.7141266699653637,1.8113589068034743,0.08689969311677222,0.7100330591201782,1.2547813653945923
h512_wd0.01_s0,l18,45,0.0005,0.19048270820216698,0.9290010333061218,0.9952533854530224,0.7183325086590797,2.354722631332652,0.09259333836278792,0.7146154642105103,1.2826762199401855
h512_wd0.01_s0,l18,46,0.0005,0.21745195730843328,1.0256603956222534,0.9919648812570772,0.7162295893122217,3.0402356494376437,0.12516486285643946,0.7203592658042908,1.3105933666229248
h512_wd0.01_s0,l18,47,0.0005,0.23388289016756145,0.9717794060707092,0.9964167713713993,0.7154873824839189,2.9213498705969454,0.13422874813494184,0.7280021905899048,1.3187133073806763
h512_wd0.01_s0,l18,48,0.0005,0.19344186105511404,0.921506404876709,0.996292676873439,0.7245175655616032,2.4914229357318147,0.10359756231692559,0.7342183589935303,1.347267985343933
h512_wd0.01_s0,l18,49,0.0005,0.23853324082764712,1.1199568510055542,0.9959591729101711,0.7298367144977733,3.648013659617385,0.1323974002455233,0.7394742369651794,1.361015796661377
h512_wd0.01_s0,l18,50,0.0005,0.22029243206435983,0.9028097987174988,0.9940899995346457,0.7279811974270164,2.866828628113676,0.1117926555919576,0.7458305954933167,1.3586760759353638
h512_wd0.01_s0,l18,51,0.0005,0.19435137476433406,1.07161545753479,0.9962073619060914,0.7174666006927263,2.4164064597277037,0.10278595926375277,0.7499960660934448,1.3931251764297485
h512_wd0.01_s0,l18,52,0.0005,0.1728541635992852,0.9879384636878967,0.9976654722571238,0.7203117268678871,2.426521848245556,0.09236187514343125,0.7541179656982422,1.4177236557006836
h512_wd0.01_s0,l18,53,0.0005,0.16130436753684824,1.1595014333724976,0.9970915352040579,0.7154873824839187,2.268590153420216,0.08949355870942699,0.7588179707527161,1.4550319910049438
h512_wd0.01_s0,l18,54,0.0005,0.17608194967562502,1.0577490329742432,0.9986039368979478,0.7104156358238495,2.72341039788114,0.09544221565747231,0.7630875110626221,1.4736076593399048
h512_wd0.01_s0,l18,55,0.0005,0.17963368581099945,1.040874719619751,0.9964710627142569,0.7106630380999505,2.7971589491086415,0.0902897434804199,0.7664920091629028,1.503538966178894
h512_wd0.01_s0,l18,56,0.0005,0.17537315596233716,1.1178048849105835,0.9969209052693626,0.7084364176150421,2.303392066828777,0.08561296896100448,0.7699644565582275,1.535346508026123
h512_wd0.01_s0,l18,57,0.0005,0.18883113038133492,1.0235306024551392,0.9980299998448818,0.7168480950024739,2.7158640281290753,0.09140820571168141,0.7739832401275635,1.5635255575180054
h512_wd0.01_s0,l18,58,0.0005,0.1621087593111125,1.2857550382614136,0.998061023469372,0.7203117268678871,2.5085284973726245,0.08453567061289728,0.7780259251594543,1.6036043167114258
h512_wd0.01_s0,l18,59,0.0005,0.12232697348703038,1.153757929801941,0.9984177951510076,0.7168480950024742,1.9368364471639057,0.06547426385240843,0.7820948362350464,1.6414016485214233
h512_wd0.01_s0,l18,60,0.0005,0.13870029913430865,1.1900919675827026,0.9988055904571331,0.7215487382483919,2.590036961191062,0.07694220546116624,0.7860270142555237,1.6747690439224243
h512_wd0.01_s0,l18,61,0.0005,0.16602768376469612,1.246929407119751,0.9962151178122141,0.7183325086590796,3.1248350015670954,0.08540065072886492,0.7901748418807983,1.695723295211792
h512_wd0.01_s0,l18,62,0.0005,0.24522301012819464,0.8950944542884827,0.9986272046163154,0.7349084611578427,4.791285318580178,0.13429937227046052,0.7952063083648682,1.681359052658081
h512_wd0.01_s0,l18,63,0.0005,0.21327219514006918,0.9495151042938232,0.9994493306653016,0.712642256308758,2.7413395975242656,0.08959696752176333,0.8006346821784973,1.6863278150558472
h512_wd0.01_s0,l18,64,0.0005,0.19282658702947877,1.06650710105896,0.9991390944204012,0.7203117268678872,3.467572052975717,0.10660739950749422,0.8048298954963684,1.7132364511489868
h512_wd0.01_s0,l18,65,0.0005,0.21829264949668536,1.0226800441741943,0.996486574526502,0.7224146462147452,3.2157061483131844,0.1054050768455689,0.809169352054596,1.7298160791397095
h512_wd0.01_s0,l18,66,0.0005,0.16710302606225014,1.0951592922210693,0.9979369289714117,0.706333498268184,2.80793919424187,0.08901219242232435,0.8125762343406677,1.7634319067001343
h512_wd0.01_s0,l18,67,0.0005,0.18349965136836877,1.010130524635315,0.9939659050366855,0.7032409698169223,3.219583959503214,0.0936125146324807,0.8158420920372009,1.790267825126648
h512_wd0.01_s0,l18,68,0.0005,0.19636790081858635,1.0186326503753662,0.9986272046163154,0.7138792676892628,2.461424944949106,0.07261055999135596,0.818726658821106,1.8146189451217651
h512_wd0.01_s0,l18,69,0.0005,0.17347158627076584,1.1048663854599,0.9975103541346735,0.7184562097971302,2.6740089536398113,0.07622495866727944,0.8216562271118164,1.8458424806594849
h512_wd0.01_s0,l18,70,0.0005,0.18822347770699047,1.1240919828414917,0.999061535359176,0.7122711528946066,3.4813932961232426,0.08330500583117051,0.8255709409713745,1.8653281927108765
h512_wd0.01_s0,l18,71,0.0005,0.11224188249219548,1.2082736492156982,0.9983247242775374,0.7178377041068777,1.9796167981313169,0.06301534737845019,0.82854163646698,1.8945410251617432
h512_wd0.01_s0,l18,72,0.0005,0.1225592258640311,1.2380259037017822,0.9987435432081531,0.7033646709549728,2.310939932197968,0.061940498431650726,0.8312963843345642,1.9218729734420776
h512_wd0.01_s0,l18,73,0.0005,0.12498159638860008,1.1227679252624512,0.9990848030775435,0.7074468085106382,2.165418878779321,0.05197791051420877,0.833884596824646,1.9573973417282104
h512_wd0.01_s0,l18,74,0.0005,0.14698847704990345,1.1373651027679443,0.9985496455550902,0.7180851063829787,3.6213046646995077,0.07869306781227486,0.8364034295082092,1.9830296039581299
h512_wd0.01_s0,l18,75,0.0005,0.14596069875088605,1.1992642879486084,0.9991623621387686,0.7138792676892628,2.9976829351335765,0.07825277382052298,0.8393079042434692,1.9952720403671265
h512_wd0.01_s0,l18,76,0.0005,0.14669923501258547,0.9972910284996033,0.9995966928816293,0.7147451756556161,2.9113721405112916,0.07023465375185212,0.8418678045272827,2.018486976623535
h512_wd0.01_s0,l18,77,0.0005,0.2365021322938529,1.0159176588058472,0.9995734251632619,0.6932211776348342,4.523761619913672,0.1251822284194587,0.8447051048278809,2.01936936378479
h512_wd0.01_s0,l18,78,0.0005,0.204597694799304,1.1424243450164795,0.9967657871469124,0.7027461652647204,2.963736147539859,0.08414427693756443,0.8497294187545776,2.0238640308380127
h512_wd0.01_s0,l18,79,0.0005,0.15136028504507107,1.124472975730896,0.9988133463632556,0.7136318654131618,2.1783299119323996,0.061111206507488046,0.8525271415710449,2.0448451042175293
h512_wd0.01_s0,l18,80,0.0005,0.11942660495300185,1.3590705394744873,0.9986582282408054,0.7209302325581396,2.416372984535076,0.05277853995579987,0.8552411198616028,2.075232744216919
h512_wd0.01_s0,l18,81,0.0005,0.12278712879527699,1.5241987705230713,0.9990537794530535,0.7151162790697673,2.7605483317528576,0.06605667760715589,0.8574851155281067,2.0944736003875732
h512_wd0.01_s0,l18,82,0.0005,0.12137336800382896,1.6587392091751099,0.9986194487101929,0.7209302325581395,2.826225287019616,0.04924766641554326,0.8591920137405396,2.1109673976898193
