unit,fold,epoch,lr,train_loss,val_loss,train_auc,val_auc,grad_net,grad_head,move_net,move_head
h512_wd1e-05_s0,o0,1,0.0005,0.7385769549169039,0.6935811042785645,0.5995863361664996,0.49845890410958904,1.051758464049493,0.33650334341700766,0.2446189522743225,0.03910669684410095
h512_wd1e-05_s0,o0,2,0.0005,0.6901365549940812,0.6993446946144104,0.6351894343362526,0.5219178082191782,0.5681431707031315,0.16255827540853326,0.286795049905777,0.049620773643255234
h512_wd1e-05_s0,o0,3,0.0005,0.6810864712062635,0.6857009530067444,0.7148843572590462,0.5893835616438357,0.5330479748484995,0.1569086523795014,0.2981688976287842,0.05215543136000633
h512_wd1e-05_s0,o0,4,0.0005,0.6627916223124454,0.6846550703048706,0.727520494673001,0.6030821917808218,0.5049169351013797,0.14677812174544047,0.30921807885169983,0.0400797463953495
h512_wd1e-05_s0,o0,5,0.0005,0.6576147299063834,0.6854245662689209,0.7565200530006787,0.6393835616438357,0.716379483811911,0.19592789701588256,0.32267850637435913,0.030381282791495323
h512_wd1e-05_s0,o0,6,0.0005,0.6569249394692873,0.6610758304595947,0.7910566740996887,0.6868150684931507,0.933168380559955,0.2682719937570783,0.3362424671649933,0.0322997160255909
h512_wd1e-05_s0,o0,7,0.0005,0.6183020598010013,0.650562584400177,0.7970246366975837,0.6851027397260274,0.6272007268066521,0.18205740221304062,0.3510423004627228,0.032194312661886215
h512_wd1e-05_s0,o0,8,0.0005,0.6070620433280343,0.6623162031173706,0.8000086179965313,0.7085616438356165,0.8520559056049152,0.22064813054211233,0.3660721182823181,0.05095936730504036
h512_wd1e-05_s0,o0,9,0.0005,0.5649416132977134,0.6399582028388977,0.8232233461526032,0.701541095890411,0.8780527834660622,0.22421532426384982,0.38134318590164185,0.08149750530719757
h512_wd1e-05_s0,o0,10,0.0005,0.6239105259117327,0.6330874562263489,0.8429693307048444,0.7102739726027396,1.4505058536806197,0.3868317887250048,0.3925638496875763,0.07582114636898041
h512_wd1e-05_s0,o0,11,0.0005,0.5664318470578444,0.6199867129325867,0.8512318348791863,0.720890410958904,0.9437934950779664,0.23792495939862762,0.4044491946697235,0.08643627911806107
h512_wd1e-05_s0,o0,12,0.0005,0.5417282157822659,0.611649751663208,0.8624890928481401,0.7238013698630136,0.9828793913065124,0.24853723693323998,0.41502845287323,0.11276498436927795
h512_wd1e-05_s0,o0,13,0.0005,0.5485788740609822,0.5957099199295044,0.8651714442684937,0.7436643835616438,1.0368662279271301,0.2306878935271814,0.424576997756958,0.13417182862758636
h512_wd1e-05_s0,o0,14,0.0005,0.5172259635046909,0.6243868470191956,0.8747697379051806,0.7272260273972602,1.1111460722679936,0.21523217415533266,0.43540289998054504,0.16572235524654388
h512_wd1e-05_s0,o0,15,0.0005,0.506368604145552,0.6206602454185486,0.8895280569649571,0.7452054794520547,1.2293956928515604,0.20047857181927548,0.44443151354789734,0.1892884373664856
h512_wd1e-05_s0,o0,16,0.0005,0.4950326038034339,0.5901782512664795,0.8997188378631678,0.7537671232876713,0.937703661320953,0.17697159792679118,0.45322850346565247,0.2177640050649643
h512_wd1e-05_s0,o0,17,0.0005,0.46737899278339584,0.6021117568016052,0.899740382854496,0.7465753424657534,1.1497642804277894,0.19402973150532668,0.46199512481689453,0.260325163602829
h512_wd1e-05_s0,o0,18,0.0005,0.44408698772129257,0.5797591805458069,0.9109222333538011,0.7672945205479452,1.0978575710471412,0.17732642577750046,0.46998193860054016,0.2956015467643738
h512_wd1e-05_s0,o0,19,0.0005,0.4409254397216596,0.6939097046852112,0.9079813420375099,0.7426369863013698,1.3618034801514867,0.19871794294135228,0.47860774397850037,0.324760764837265
h512_wd1e-05_s0,o0,20,0.0005,0.460952595660561,0.569459855556488,0.9306897628973704,0.7666095890410959,1.4943161124278406,0.21086054771450508,0.4864901900291443,0.3376416563987732
h512_wd1e-05_s0,o0,21,0.0005,0.40455827273820577,0.6061075925827026,0.9318101024464338,0.763527397260274,1.0131207623827012,0.17482141211501342,0.49508553743362427,0.378820538520813
h512_wd1e-05_s0,o0,22,0.0005,0.39040243390359375,0.5870475172996521,0.9409882687522219,0.7664383561643835,1.2503693920243635,0.16211854493106576,0.5022621750831604,0.4171956479549408
h512_wd1e-05_s0,o0,23,0.0005,0.369753897190094,0.5823349952697754,0.9475379461159767,0.7679794520547946,1.2671078114303305,0.14842390906242178,0.5098435878753662,0.4599458873271942
h512_wd1e-05_s0,o0,24,0.0005,0.3744729576926482,0.6195207834243774,0.9480981158905084,0.7710616438356164,1.5179770177621856,0.18055233123859563,0.5170746445655823,0.49928992986679077
h512_wd1e-05_s0,o0,25,0.0005,0.3573160994994013,0.5922855138778687,0.9550463755938338,0.7671232876712327,1.6065713014925989,0.1762631536385438,0.524871826171875,0.526089072227478
h512_wd1e-05_s0,o0,26,0.0005,0.3569123431255943,0.6109403967857361,0.9615529629749324,0.773458904109589,1.5081352863200252,0.16469934043663487,0.5320718288421631,0.5526712536811829
h512_wd1e-05_s0,o0,27,0.0005,0.3791402609724748,0.5915296673774719,0.9653556539443493,0.7738013698630136,1.8298932176379519,0.1958913015095376,0.5389213562011719,0.576359748840332
h512_wd1e-05_s0,o0,28,0.0005,0.34369115766726044,0.6356865763664246,0.9619300003231749,0.760958904109589,1.9857284103752324,0.18394136186637966,0.5459561944007874,0.6022340655326843
h512_wd1e-05_s0,o0,29,0.0005,0.31963921612814855,0.5872130393981934,0.9738443805276369,0.7746575342465754,1.5542514789196051,0.14399645030035782,0.5523363947868347,0.6347512602806091
h512_wd1e-05_s0,o0,30,0.0005,0.3108083056776147,0.6265464425086975,0.9745769102327936,0.7623287671232876,1.6737652250039372,0.14977305705132246,0.5585376024246216,0.6756851077079773
h512_wd1e-05_s0,o0,31,0.0005,0.32977787522893204,0.6434138417243958,0.9746415452067781,0.7662671232876712,2.1811354483832592,0.16094591127494187,0.5653572678565979,0.7056562304496765
h512_wd1e-05_s0,o0,32,0.0005,0.3246152173531683,0.6797613501548767,0.9725085910652921,0.7594178082191781,1.8598063999883911,0.13597895203880092,0.5719403624534607,0.7294926643371582
h512_wd1e-05_s0,o0,33,0.0005,0.32039833617837804,0.6243554353713989,0.9812881750315094,0.763013698630137,2.1492247991144278,0.17052974296580872,0.5777230858802795,0.7527467608451843
h512_wd1e-05_s0,o0,34,0.0005,0.2714807030401732,0.6679750680923462,0.9837335315472535,0.7666095890410959,1.7191902226381854,0.14344427644667804,0.583188533782959,0.7828790545463562
h512_wd1e-05_s0,o0,35,0.0005,0.2532876580953598,0.6817082166671753,0.9859418931583881,0.7767123287671233,1.501422703502934,0.12445026049190937,0.5884823799133301,0.8226066827774048
h512_wd1e-05_s0,o0,36,0.0005,0.23682292276307157,0.7036290764808655,0.9879886673345615,0.7710616438356164,1.5986163174637682,0.11627968888832954,0.5933330059051514,0.8623818159103394
h512_wd1e-05_s0,o0,37,0.0005,0.24685189049494893,0.720639705657959,0.9878809423779207,0.7659246575342465,2.2185393285193653,0.1227275680199739,0.5980807542800903,0.8932839632034302
h512_wd1e-05_s0,o0,38,0.0005,0.2125572366149802,0.6767939925193787,0.9928578353747213,0.7686643835616438,1.8296869034485064,0.1315983289442851,0.6030327081680298,0.9312191009521484
h512_wd1e-05_s0,o0,39,0.0005,0.2534778533797515,0.8043786287307739,0.9895183617188594,0.7702054794520548,2.5751452909255304,0.13654425420356991,0.608651876449585,0.9589442014694214
h512_wd1e-05_s0,o0,40,0.0005,0.23037976536311602,0.6982066631317139,0.9924915705221429,0.7739726027397261,2.249628457683734,0.12284483741914114,0.6141886711120605,0.9821619987487793
h512_wd1e-05_s0,o0,41,0.0005,0.21348933797133596,0.7307853698730469,0.9914466384427281,0.7642123287671232,1.791682948798638,0.1026033847313316,0.6189167499542236,1.0161124467849731
h512_wd1e-05_s0,o0,42,0.0005,0.21879460348894722,0.8627163767814636,0.9910480561031574,0.7561643835616438,2.397390023696508,0.12794141085039568,0.623168408870697,1.0472058057785034
h512_wd1e-05_s0,o0,43,0.0005,0.24803137308672854,0.7323845624923706,0.9953570543687856,0.7585616438356164,2.3697063932011395,0.1227485852767799,0.6279928088188171,1.0725886821746826
h512_wd1e-05_s0,o0,44,0.0005,0.20669400848840414,0.7296286225318909,0.9969729287183962,0.7469178082191781,2.0158126001514396,0.09945015539596533,0.632623016834259,1.1018506288528442
h512_wd1e-05_s0,o0,45,0.0005,0.1836661621928215,0.8301919102668762,0.9950985144728479,0.7570205479452055,1.9440885353514343,0.1046919200961916,0.6365363597869873,1.1388230323791504
h512_wd1e-05_s0,o0,46,0.0005,0.15925253731639763,0.862167239189148,0.9971021986663651,0.7703767123287671,1.746614596778098,0.08600177264794895,0.6399632692337036,1.1756916046142578
h512_wd1e-05_s0,o0,47,0.0005,0.20506815102539563,0.7866477966308594,0.9975438709885919,0.7643835616438356,2.478845472907571,0.10873010227626836,0.643854022026062,1.2001657485961914
h512_wd1e-05_s0,o0,48,0.0005,0.24753805367570175,0.9051368832588196,0.9961434465522627,0.7652397260273972,3.5969953347967505,0.15230172906646972,0.6489521265029907,1.2123702764511108
h512_wd1e-05_s0,o0,49,0.0005,0.2593379608894649,0.7350603342056274,0.9967359338137867,0.7602739726027398,3.448214016315316,0.14660937458429907,0.6544324159622192,1.2050830125808716
h512_wd1e-05_s0,o0,50,0.0005,0.1834002490106382,0.9015144109725952,0.9986318930506631,0.7594178082191781,1.82947936428208,0.10545325852218308,0.6587771773338318,1.2379965782165527
h512_wd1e-05_s0,o0,51,0.0005,0.21651115464536766,0.8180941343307495,0.9965312563961694,0.7522260273972602,2.76047577363382,0.1236374179989039,0.6630374789237976,1.260682225227356
h512_wd1e-05_s0,o0,52,0.0005,0.16011012149484535,0.7475336790084839,0.99849185060703,0.7707191780821918,1.7410078307514145,0.08828468788349668,0.6666726469993591,1.2892796993255615
h512_wd1e-05_s0,o0,53,0.0005,0.2342512607574463,0.7592774629592896,0.9975438709885919,0.7614726027397261,3.172921837377636,0.13341123267776095,0.6707708239555359,1.3112207651138306
h512_wd1e-05_s0,o0,54,0.0005,0.17443693429231644,0.8053264021873474,0.9956910017343718,0.7626712328767122,2.107523988695938,0.08905076123426828,0.6747271418571472,1.3365710973739624
h512_wd1e-05_s0,o0,55,0.0005,0.24040036256376066,0.8758625984191895,0.9962834889958957,0.7696917808219177,3.502279318366891,0.1225598497618422,0.6787323355674744,1.346402645111084
h512_wd1e-05_s0,o1,1,0.0005,0.7311033700641832,0.6903901696205139,0.6868435510454708,0.6229452054794521,0.8487316460873545,0.28264568190290956,0.24613478779792786,0.03839786723256111
h512_wd1e-05_s0,o1,2,0.0005,0.6953983463739094,0.6852457523345947,0.6770082625041743,0.6361301369863014,0.5573912831802634,0.15710000697151316,0.2880951166152954,0.0485118106007576
h512_wd1e-05_s0,o1,3,0.0005,0.6817494003396285,0.6815128326416016,0.7330144674616768,0.6676369863013698,0.44814090092041686,0.12785093810234463,0.29987308382987976,0.04961676895618439
h512_wd1e-05_s0,o1,4,0.0005,0.665997746743654,0.6746113896369934,0.7637699425825981,0.6861301369863013,0.46922552074327556,0.130868608948814,0.3103792369365692,0.04426439478993416
h512_wd1e-05_s0,o1,5,0.0005,0.6684073554842096,0.6825464963912964,0.7621325232416594,0.6809931506849315,0.7402922410306069,0.1916438743261678,0.3222704231739044,0.03899844363331795
h512_wd1e-05_s0,o1,6,0.0005,0.6718307608052304,0.6679402589797974,0.7766861648838186,0.6957191780821919,0.8812957749675692,0.25387995736180907,0.33439013361930847,0.04667653515934944
h512_wd1e-05_s0,o1,7,0.0005,0.6483845773496126,0.6939865350723267,0.7761583125962792,0.6878424657534248,0.5870431831555385,0.1575974564424849,0.3459394574165344,0.04726876690983772
h512_wd1e-05_s0,o1,8,0.0005,0.6364628484374598,0.6452573537826538,0.7677557659783042,0.6811643835616438,0.7479415905074144,0.20578746543404683,0.3568640351295471,0.05059059336781502
h512_wd1e-05_s0,o1,9,0.0005,0.6048104104242826,0.6489753723144531,0.7773217421279989,0.6792808219178083,0.7514674435909976,0.21686559776194528,0.3683502674102783,0.06337103247642517
h512_wd1e-05_s0,o1,10,0.0005,0.61428134378634,0.6573442816734314,0.8081849422055607,0.7005136986301369,1.0777606569455225,0.2654265928713146,0.37816116213798523,0.07401402294635773
h512_wd1e-05_s0,o1,11,0.0005,0.5915809258034355,0.6389968991279602,0.8220599166208836,0.7051369863013699,0.9297354716636471,0.2270553907914834,0.3874187767505646,0.08792871236801147
h512_wd1e-05_s0,o1,12,0.0005,0.5908108855548658,0.6439042091369629,0.816156588996973,0.6921232876712329,1.0012556775860944,0.22344055300303456,0.3963280916213989,0.10634247958660126
h512_wd1e-05_s0,o1,13,0.0005,0.5710738332648027,0.6401930451393127,0.8447037025067597,0.7082191780821918,0.8960427986049264,0.21536547030386877,0.40588632225990295,0.1257907897233963
h512_wd1e-05_s0,o1,14,0.0005,0.5543584070707622,0.6224479675292969,0.849325103146646,0.7124999999999999,0.9279113068350595,0.20328791442805405,0.4153226912021637,0.15632295608520508
h512_wd1e-05_s0,o1,15,0.0005,0.5397088245341652,0.6348637938499451,0.8578353747212616,0.7071917808219178,0.9760390255273513,0.22421722595178117,0.4251357913017273,0.19156776368618011
h512_wd1e-05_s0,o1,16,0.0005,0.5224095065342752,0.6377345323562622,0.8796604509366686,0.7212328767123288,0.8916912001712917,0.1925334943311576,0.4339267611503601,0.2248658984899521
h512_wd1e-05_s0,o1,17,0.0005,0.49769461939209386,0.6260697841644287,0.8940309601525385,0.7248287671232876,1.0202045960436168,0.1968072877909855,0.44417956471443176,0.2784838378429413
h512_wd1e-05_s0,o1,18,0.0005,0.49252885423208537,0.6179928183555603,0.8982860959398464,0.7191780821917808,1.1917681825276472,0.20566018994811022,0.455246239900589,0.3196812868118286
h512_wd1e-05_s0,o1,19,0.0005,0.4868428863977131,0.6149740815162659,0.9148541942711867,0.7183219178082191,1.3302990239798789,0.20357025571013343,0.46469664573669434,0.35345906019210815
h512_wd1e-05_s0,o1,20,0.0005,0.46501538157463074,0.6703230142593384,0.9178166305788061,0.7193493150684931,1.3227573813661504,0.1914835382986212,0.4738806486129761,0.3840155303478241
h512_wd1e-05_s0,o1,21,0.0005,0.4601472333857888,0.687485933303833,0.9211561042346681,0.7202054794520548,1.3446888241590265,0.19897659581300245,0.4825133681297302,0.40802356600761414
h512_wd1e-05_s0,o1,22,0.0005,0.4200146464925063,0.6443966031074524,0.9302911805577999,0.7238013698630138,1.1291075669257211,0.1634019529908911,0.4922650456428528,0.45317184925079346
h512_wd1e-05_s0,o1,23,0.0005,0.3994869558434737,0.6485419273376465,0.9458251193053895,0.7226027397260273,1.212879464949663,0.16373946362135072,0.5003976225852966,0.5072888731956482
h512_wd1e-05_s0,o1,24,0.0005,0.45351506612802805,0.6520954966545105,0.9446616897736698,0.720890410958904,2.40655172791074,0.2600758145185151,0.5095942616462708,0.5214159488677979
h512_wd1e-05_s0,o1,25,0.0005,0.4244363276582015,0.6882770657539368,0.9461267491839834,0.7188356164383561,1.7830102110054207,0.1912583776759221,0.5177357792854309,0.5423707365989685
h512_wd1e-05_s0,o1,26,0.0005,0.4087274231408772,0.6563164591789246,0.9585151191976645,0.7133561643835616,1.7904958436058513,0.17211954656123135,0.5247694253921509,0.5654065012931824
h512_wd1e-05_s0,o1,27,0.0005,0.37513528921102224,0.6581271290779114,0.9631903823158712,0.7099315068493149,1.541510495854211,0.16065576630126652,0.5312500596046448,0.6110342144966125
h512_wd1e-05_s0,o1,28,0.0005,0.3459888108466801,0.7179478406906128,0.9612621055920025,0.7162671232876713,1.641832283005078,0.16944544198510308,0.5380496978759766,0.661779522895813
h512_wd1e-05_s0,o1,29,0.0005,0.3340734855124825,0.7098473906517029,0.9659912311885295,0.7119863013698631,1.743782889690566,0.1485012124389625,0.5442717671394348,0.7024356722831726
h512_wd1e-05_s0,o1,30,0.0005,0.3231101043914494,0.7097081542015076,0.975234032468302,0.7075342465753425,1.6064758866509248,0.14572641773702574,0.5500349402427673,0.752271294593811
h512_wd1e-05_s0,o1,31,0.0005,0.31196653215508713,0.7114568948745728,0.9776362990013897,0.7071917808219178,1.9342373882473374,0.1558151480884146,0.555931031703949,0.7962400317192078
h512_wd1e-05_s0,o1,32,0.0005,0.3377548730687091,0.7094393968582153,0.9797800256385397,0.7101027397260274,2.4886261886043,0.1708209484490922,0.5616794228553772,0.8302883505821228
h512_wd1e-05_s0,o1,33,0.0005,0.28797831817677144,0.857654333114624,0.9843906537827619,0.6998287671232877,1.9990249825399757,0.14632035024030274,0.5671876072883606,0.8749889135360718
h512_wd1e-05_s0,o1,34,0.0005,0.2752120745809455,0.7513957619667053,0.9837012140602613,0.7109589041095891,2.0709245178579594,0.13786183858631396,0.5726522207260132,0.9089062809944153
h512_wd1e-05_s0,o1,35,0.0005,0.2639012293596017,0.7410047054290771,0.9876439474733112,0.7063356164383562,2.1533521044356276,0.1300503756741616,0.5781134963035583,0.9452395439147949
h512_wd1e-05_s0,o1,36,0.0005,0.23807526497464432,0.7762597799301147,0.9886673345613978,0.7083904109589041,1.866876639339997,0.1295209603901232,0.5832557678222656,0.9895941019058228
h512_wd1e-05_s0,o1,37,0.0005,0.24305635769116252,0.8971728086471558,0.9866097878895603,0.7121575342465752,1.9175397547015691,0.12137986122283727,0.5880730152130127,1.036886215209961
h512_wd1e-05_s0,o2,1,0.0005,0.7387726651994806,0.6889334917068481,0.6043262342586907,0.564554794520548,0.8974507170929678,0.2914118263491748,0.2393694519996643,0.036610305309295654
h512_wd1e-05_s0,o2,2,0.0005,0.6940385856126484,0.6881840229034424,0.6518437126329057,0.6008561643835616,0.6025036501410023,0.17302580537377024,0.2811841070652008,0.04645251855254173
h512_wd1e-05_s0,o2,3,0.0005,0.6783457084705955,0.6817752718925476,0.7402966745305883,0.6707191780821918,0.48766228869031075,0.13950958745651676,0.2941736876964569,0.04804333671927452
h512_wd1e-05_s0,o2,4,0.0005,0.6586817785313255,0.6824916005134583,0.7635329476779885,0.6886986301369862,0.5693871956366849,0.15418700879650668,0.30666404962539673,0.04082207381725311
h512_wd1e-05_s0,o2,5,0.0005,0.6572295176355463,0.6607024073600769,0.7825248575337448,0.6991438356164383,0.9122483810624891,0.24179191911344616,0.31848180294036865,0.03664826601743698
h512_wd1e-05_s0,o2,6,0.0005,0.6388351258478666,0.645192563533783,0.792327828588049,0.69486301369863,0.8764365680964957,0.24600555577380534,0.33079785108566284,0.039808761328458786
h512_wd1e-05_s0,o2,7,0.0005,0.60725358285402,0.6348838210105896,0.8061166230380592,0.7078767123287671,0.74442074282757,0.19887876111996344,0.3440832197666168,0.04497535526752472
h512_wd1e-05_s0,o2,8,0.0005,0.6023448172368502,0.6528348922729492,0.8098546790334917,0.6886986301369864,0.9105544584967354,0.22602970982423787,0.3564251959323883,0.06415358930826187
h512_wd1e-05_s0,o2,9,0.0005,0.579592764377594,0.6437902450561523,0.8389727348134742,0.7183219178082192,0.8648803413699113,0.21831871402067657,0.3695485591888428,0.08929692208766937
h512_wd1e-05_s0,o2,10,0.0005,0.6054917354332773,0.625765323638916,0.8446821575154315,0.7054794520547946,1.346526469261926,0.2918690989615351,0.38244977593421936,0.09265059977769852
h512_wd1e-05_s0,o2,11,0.0005,0.5725274791843012,0.6415567994117737,0.8580939146171994,0.7196917808219179,1.1514058031653538,0.2634876368643842,0.3926907479763031,0.10104558616876602
h512_wd1e-05_s0,o2,12,0.0005,0.5472724720051414,0.652448296546936,0.8583093645304808,0.7032534246575342,1.0520071582287251,0.23844413280359894,0.4020531177520752,0.12869620323181152
h512_wd1e-05_s0,o2,13,0.0005,0.5352333297854975,0.6325010657310486,0.8772474119079168,0.7222602739726027,0.9906940314256706,0.21482386690478608,0.41164904832839966,0.15323399007320404
h512_wd1e-05_s0,o2,14,0.0005,0.5133943165603437,0.6176908612251282,0.8882569024765967,0.7202054794520547,1.1582079448772182,0.23734363972281206,0.42107564210891724,0.18902797996997833
h512_wd1e-05_s0,o2,15,0.0005,0.5459395443138323,0.6396974325180054,0.8881599500156201,0.7136986301369862,1.4544986628614371,0.2511677543809746,0.4298814535140991,0.19703763723373413
h512_wd1e-05_s0,o2,16,0.0005,0.47955238191705,0.6187354326248169,0.9017117495610207,0.7258561643835617,0.8585853607064763,0.17325986748847647,0.43849512934684753,0.22759217023849487
h512_wd1e-05_s0,o2,17,0.0005,0.4459374531319267,0.6327028870582581,0.9100927511876676,0.7227739726027398,0.9566995598102215,0.1954032844429537,0.44666358828544617,0.27562272548675537
h512_wd1e-05_s0,o2,18,0.0005,0.43032002605889974,0.6420341730117798,0.9198526322593156,0.722945205479452,1.1273959740974029,0.16890338973182104,0.4544917345046997,0.32383689284324646
h512_wd1e-05_s0,o2,19,0.0005,0.44705857258093984,0.6804478168487549,0.9272102467978758,0.7203767123287671,1.3975057264900606,0.17587700391448297,0.46212735772132874,0.3530721962451935
h512_wd1e-05_s0,o2,20,0.0005,0.41116161409177276,0.6696867346763611,0.936571545529953,0.714041095890411,1.2965363312814253,0.19412962405143808,0.47041353583335876,0.3899613320827484
h512_wd1e-05_s0,o2,21,0.0005,0.3942819551417702,0.6627269983291626,0.9417531159443708,0.7121575342465752,1.1437257155322762,0.15114218815606012,0.4776838421821594,0.43519648909568787
h512_wd1e-05_s0,o2,22,0.0005,0.37520110136584234,0.6709455847740173,0.9473117237070312,0.7135273972602739,1.330747167937371,0.16146237376336084,0.4846263527870178,0.4774875342845917
h512_wd1e-05_s0,o2,23,0.0005,0.3536488429496163,0.7422558665275574,0.9526548815564101,0.711986301369863,1.2411620943749384,0.1728259755698024,0.49170419573783875,0.5230152010917664
h512_wd1e-05_s0,o2,24,0.0005,0.3743258440180829,0.7189317941665649,0.9599801786079781,0.7035958904109589,2.079038785544274,0.1864471071876716,0.499227374792099,0.561248242855072
h512_wd1e-05_s0,o2,25,0.0005,0.31710237970477656,0.792361319065094,0.9619192278275108,0.6996575342465753,1.5470558618929031,0.1557463578827852,0.5056436657905579,0.5985695123672485
h512_wd1e-05_s0,o2,26,0.0005,0.33632638344639226,0.8053422570228577,0.9674778355901712,0.698972602739726,1.9693476968237824,0.16256521936535412,0.5126243829727173,0.6343669891357422
h512_wd1e-05_s0,o2,27,0.0005,0.33460781684047297,0.7474254369735718,0.9701278695235325,0.6986301369863013,1.8750017094311706,0.16777950447074436,0.5200058817863464,0.6620287895202637
h512_wd1e-05_s0,o2,28,0.0005,0.32208245129961716,0.7898411154747009,0.9692014348964224,0.6957191780821919,2.016212408255542,0.1608649199536804,0.5262446999549866,0.6952131390571594
h512_wd1e-05_s0,o2,29,0.0005,0.2791807439766432,0.8454084992408752,0.9716037014295102,0.697431506849315,1.5322308894800618,0.1374538280801787,0.5320227742195129,0.7334367632865906
h512_wd1e-05_s0,o2,30,0.0005,0.2855897545814514,0.8183033466339111,0.982096112206315,0.6970890410958904,1.6535541197497263,0.12702242305250447,0.5378065705299377,0.7724311351776123
h512_wd1e-05_s0,o2,31,0.0005,0.29270362069732264,0.9186511039733887,0.9817298473537364,0.6960616438356164,2.0769973506575585,0.13925292255865424,0.5437238812446594,0.8055940866470337
h512_wd1e-05_s0,o2,32,0.0005,0.3272650335964404,0.9003731608390808,0.9816759848754162,0.6907534246575342,3.1221167863019534,0.20040389179009072,0.5499498248100281,0.8213420510292053
h512_wd1e-05_s0,o2,33,0.0005,0.2638645666210275,0.8825765252113342,0.9842721563304571,0.6965753424657534,2.01843877699682,0.15057619068050948,0.5559916496276855,0.848516583442688
h512_wd1e-05_s0,o2,34,0.0005,0.2492947978408713,0.8454964756965637,0.987310000107725,0.6922945205479452,1.879336421494131,0.12926109191520238,0.5610442757606506,0.8896769285202026
h512_wd1e-05_s0,o2,35,0.0005,0.2404011158566726,0.9059747457504272,0.9876762649603034,0.6916095890410959,2.1920703265529804,0.13829069148883275,0.5659544467926025,0.9349197745323181
h512_wd1e-05_s0,o2,36,0.0005,0.2078631590855749,0.92397141456604,0.9912742785121028,0.688013698630137,1.6323002792975736,0.11450528120016198,0.5706771016120911,0.981775164604187
h512_wd1e-05_s0,o3,1,0.0005,0.7439414733334592,0.6938607096672058,0.574281743851598,0.5065068493150684,1.005386273098695,0.3382622619107638,0.24244342744350433,0.03638593852519989
h512_wd1e-05_s0,o3,2,0.0005,0.6888714934650221,0.6852052807807922,0.7216387120404184,0.6597602739726028,0.4794626057485427,0.15366291528902318,0.28395509719848633,0.04564029350876808
h512_wd1e-05_s0,o3,3,0.0005,0.6761938019802696,0.6802728176116943,0.746490859537429,0.6844178082191781,0.5000094849397388,0.15367690332983158,0.2969444692134857,0.04383465275168419
h512_wd1e-05_s0,o3,4,0.0005,0.657403196159162,0.6690003275871277,0.7761044501179588,0.7095890410958904,0.6077616590955164,0.17013364969044284,0.3085571229457855,0.04120878130197525
h512_wd1e-05_s0,o3,5,0.0005,0.6568993706452219,0.6528136134147644,0.7800795010180008,0.7167808219178081,0.8230221166045875,0.22219284364574,0.3207325339317322,0.03819427639245987
h512_wd1e-05_s0,o3,6,0.0005,0.6418560429623252,0.6344271302223206,0.7955703497829342,0.7304794520547946,0.8722050046507831,0.25306882746838527,0.33312883973121643,0.040272682905197144
h512_wd1e-05_s0,o3,7,0.0005,0.5999369213455602,0.6238599419593811,0.8037359014962996,0.7294520547945206,0.6587099976900258,0.19181908218193813,0.34801018238067627,0.04884723201394081
h512_wd1e-05_s0,o3,8,0.0005,0.5970168866609272,0.6640347838401794,0.7982096112206316,0.7294520547945205,1.0070403652346043,0.2301772464833609,0.36199307441711426,0.06792908906936646
h512_wd1e-05_s0,o3,9,0.0005,0.5889589033628765,0.6360231041908264,0.8338019368947204,0.7383561643835617,0.9503475746244412,0.22830160778768824,0.37567177414894104,0.0805402547121048
h512_wd1e-05_s0,o3,10,0.0005,0.5988744309074,0.6119529008865356,0.8385418349869114,0.7419520547945205,1.1595416025608936,0.26843578217161324,0.38895538449287415,0.08043067902326584
h512_wd1e-05_s0,o3,11,0.0005,0.5414964541008598,0.6023153066635132,0.8475368688664103,0.7445205479452054,0.8278529391953505,0.22271996858320087,0.39982014894485474,0.10458438843488693
h512_wd1e-05_s0,o3,12,0.0005,0.5325226077907964,0.6010178327560425,0.8633401200056017,0.747431506849315,0.917446177388868,0.20658851820817156,0.4106159508228302,0.14086513221263885
h512_wd1e-05_s0,o3,13,0.0005,0.5073848303995634,0.6121656894683838,0.8661625138695882,0.7542808219178082,1.0791055012670665,0.23771144308075556,0.4207591414451599,0.17257559299468994
h512_wd1e-05_s0,o3,14,0.0005,0.5000101092614626,0.6114727258682251,0.8852729211776493,0.7529109589041095,1.261697140787392,0.2579506305591376,0.43148449063301086,0.20619618892669678
h512_wd1e-05_s0,o3,15,0.0005,0.49220314778779684,0.6221331357955933,0.8905406715573797,0.7551369863013699,1.309328356147277,0.24183478990370774,0.44088420271873474,0.22912432253360748
h512_wd1e-05_s0,o3,16,0.0005,0.4733161926269531,0.6178344488143921,0.9062469702355944,0.7534246575342466,1.0164131518758843,0.19179544387240177,0.45109865069389343,0.2613602876663208
h512_wd1e-05_s0,o3,17,0.0005,0.4495589278246227,0.6175199151039124,0.9167824709950554,0.7491438356164383,1.13348087428323,0.19427736896026435,0.46105414628982544,0.3079233169555664
h512_wd1e-05_s0,o3,18,0.0005,0.43055132031440735,0.6152445673942566,0.9261222247358045,0.7566780821917808,1.1629949177734293,0.16628198897284543,0.4717327952384949,0.3556867241859436
h512_wd1e-05_s0,o3,19,0.0005,0.44320208775369746,0.6246131062507629,0.9306789904017063,0.7558219178082191,1.657851981672521,0.2225620338472046,0.48115167021751404,0.3833092749118805
h512_wd1e-05_s0,o3,20,0.0005,0.4151778974031147,0.6483750939369202,0.9335767917353412,0.7592465753424658,1.446760040459586,0.17764477850604152,0.4898330867290497,0.4098334312438965
h512_wd1e-05_s0,o3,21,0.0005,0.3894289292787251,0.5943795442581177,0.9423779206928868,0.7652397260273972,1.4603310620270304,0.18417882285000978,0.49752458930015564,0.4452498257160187
h512_wd1e-05_s0,o3,22,0.0005,0.38923056109955434,0.601891279220581,0.9506188798759008,0.7625,1.7211119790311051,0.18212671781900835,0.5059277415275574,0.47752851247787476
h512_wd1e-05_s0,o3,23,0.0005,0.362611943169644,0.6168125867843628,0.9511144146764481,0.7642123287671232,1.435505473853334,0.14713571415875082,0.513351559638977,0.5197133421897888
h512_wd1e-05_s0,o3,24,0.0005,0.376573026964539,0.5959562659263611,0.9570069698046946,0.7643835616438356,2.0800964761881438,0.2133793361047893,0.5206209421157837,0.548065721988678
h512_wd1e-05_s0,o3,25,0.0005,0.3321334288308495,0.6001784205436707,0.9648278016568098,0.7655821917808218,1.3551483885526145,0.14225685814834726,0.5280324220657349,0.585046648979187
h512_wd1e-05_s0,o3,26,0.0005,0.3183971957156533,0.6182940006256104,0.965010934083099,0.7631849315068494,1.305925672365469,0.14583348968937246,0.5347774624824524,0.6391451358795166
h512_wd1e-05_s0,o3,27,0.0005,0.3442789645571458,0.6520259380340576,0.9682750002693123,0.7631849315068494,1.9499199964620704,0.16432659276589504,0.5419367551803589,0.6810001134872437
h512_wd1e-05_s0,o3,28,0.0005,0.32645714910406815,0.6412986516952515,0.9716360189165024,0.7599315068493151,2.0770645335545717,0.182555963964771,0.5493105053901672,0.7124469876289368
h512_wd1e-05_s0,o3,29,0.0005,0.29770417668317495,0.640041172504425,0.9754494823815832,0.7561643835616438,1.900398951715953,0.13609893064056972,0.5557736158370972,0.7437472343444824
h512_wd1e-05_s0,o3,30,0.0005,0.3156808481404656,0.6591717004776001,0.975395619903263,0.747945205479452,1.934316527124367,0.14999943537408314,0.562870442867279,0.783572256565094
h512_wd1e-05_s0,o3,31,0.0005,0.34336970511235687,0.634199321269989,0.9828070969201436,0.7551369863013698,2.8428254600017633,0.1931300926258135,0.5698089599609375,0.809079647064209
h512_wd1e-05_s0,o3,32,0.0005,0.28654803649375316,0.6645585298538208,0.97890745348975,0.7613013698630137,1.8865645132182483,0.14294129017592574,0.5764440298080444,0.8406789898872375
h512_wd1e-05_s0,o3,33,0.0005,0.31332648506290034,0.6323545575141907,0.9829363668681124,0.7590753424657535,2.6701947886577515,0.15538837348897525,0.5819905400276184,0.868198037147522
h512_wd1e-05_s0,o3,34,0.0005,0.2729670977906177,0.8450963497161865,0.9843475638001055,0.764041095890411,1.919593637841033,0.14078180810829258,0.587405800819397,0.9090914726257324
h512_wd1e-05_s0,o3,35,0.0005,0.3242210871294925,0.6607140302658081,0.9851985909575671,0.7539383561643836,3.172057499694969,0.17797939901303197,0.5934139490127563,0.918756365776062
h512_wd1e-05_s0,o3,36,0.0005,0.24257287304652364,0.6901710629463196,0.9889258744573355,0.7568493150684931,1.7507450946913778,0.12964098717897823,0.5981469750404358,0.9546341896057129
h512_wd1e-05_s0,o3,37,0.0005,0.22112544469143214,0.7370439767837524,0.9873530900903813,0.764041095890411,1.8668913047448596,0.10158018723525271,0.6020932197570801,0.9922030568122864
h512_wd1e-05_s0,o3,38,0.0005,0.21608996156014895,0.731469988822937,0.9861034805933491,0.763013698630137,1.8654407829778312,0.11295034526359576,0.6066301465034485,1.0191216468811035
h512_wd1e-05_s0,o3,39,0.0005,0.20908638678098979,0.6961469650268555,0.9934934126189013,0.7595890410958903,1.7735590350396584,0.09492221144528235,0.6103085875511169,1.0560855865478516
h512_wd1e-05_s0,o3,40,0.0005,0.20481028368598536,0.7118211984634399,0.9930517402966745,0.7595890410958904,2.2272641236401416,0.10406053760003202,0.6147863864898682,1.095586895942688
h512_wd1e-05_s0,o3,41,0.0005,0.19815562841923615,0.8025153279304504,0.9913173684947592,0.7530821917808219,2.0844756300949983,0.10920080205423008,0.6189587116241455,1.1339553594589233
h512_wd1e-05_s0,o3,42,0.0005,0.1944321307696794,0.7207197546958923,0.99420439733273,0.7565068493150685,2.3027277744696626,0.11888774656029098,0.6229856014251709,1.1699562072753906
h512_wd1e-05_s0,o3,43,0.0005,0.16828086854595886,0.8252775073051453,0.9923084380958538,0.7503424657534246,1.5884527157179664,0.09612259002309637,0.6267426013946533,1.2140939235687256
h512_wd1e-05_s0,o3,44,0.0005,0.2131962042890097,0.947101354598999,0.9954755518210904,0.7433219178082191,2.90086553083774,0.1215002549731688,0.6306766271591187,1.2502537965774536
h512_wd1e-05_s0,o3,45,0.0005,0.2340921261592915,0.8576865792274475,0.9898630815801097,0.7518835616438356,3.3552748377928743,0.12545998076392212,0.635009765625,1.2684358358383179
h512_wd1e-05_s0,o4,1,0.0005,0.7355665031232332,0.6663542985916138,0.7463058419243986,0.685958904109589,2.0120174249345077,0.49776822843050306,0.23162537813186646,0.030849337577819824
h512_wd1e-05_s0,o4,2,0.0005,0.6932484915381983,0.6663423180580139,0.7692869415807561,0.7424657534246575,1.6016660944801542,0.3990012946121711,0.2725605070590973,0.062391191720962524
h512_wd1e-05_s0,o4,3,0.0005,0.6644141674041748,0.654710590839386,0.7799935567010309,0.7212328767123287,1.0606154137726356,0.28608362182859687,0.2920512557029724,0.0689782127737999
h512_wd1e-05_s0,o4,4,0.0005,0.6357314649381136,0.6362772583961487,0.7833333333333334,0.7434931506849315,0.8744407479097267,0.2295642152905083,0.31072142720222473,0.06043087691068649
h512_wd1e-05_s0,o4,5,0.0005,0.6401346419986925,0.633324146270752,0.8094179553264605,0.7101027397260274,1.4081893409948836,0.3396604259377332,0.33266153931617737,0.05420580878853798
h512_wd1e-05_s0,o4,6,0.0005,0.6311540870290053,0.6332496404647827,0.8256013745704466,0.7467465753424658,1.456231070299095,0.38361212669187084,0.35403570532798767,0.05845487490296364
h512_wd1e-05_s0,o4,7,0.0005,0.5858824190340544,0.6136761903762817,0.83615764604811,0.7455479452054794,1.0154545508889887,0.25418570024546466,0.3781367838382721,0.04838716238737106
h512_wd1e-05_s0,o4,8,0.0005,0.5581274252188834,0.6090306043624878,0.8565292096219933,0.7493150684931507,1.3023149180161722,0.32733930836465425,0.4024030566215515,0.0376267209649086
h512_wd1e-05_s0,o4,9,0.0005,0.5462246458781393,0.6041383147239685,0.8728092783505155,0.7438356164383559,1.6100723974103957,0.3946304563223563,0.42632851004600525,0.03974750265479088
h512_wd1e-05_s0,o4,10,0.0005,0.5347509588065901,0.6246007680892944,0.8880691580756013,0.7482876712328765,1.7703672960735408,0.43999101836870136,0.44696104526519775,0.04590286687016487
h512_wd1e-05_s0,o4,11,0.0005,0.4983267988029279,0.6083322167396545,0.8994737972508591,0.752054794520548,1.3920006577553783,0.3159290117499257,0.46773451566696167,0.05796465650200844
h512_wd1e-05_s0,o4,12,0.0005,0.4754149898102409,0.6536638736724854,0.9064432989690722,0.7388698630136986,1.466901604628441,0.32541041747153676,0.4889761507511139,0.08183034509420395
h512_wd1e-05_s0,o4,13,0.0005,0.4731915263753188,0.6619899272918701,0.9156142611683848,0.7494863013698629,1.6440152728913888,0.3186153988488601,0.5087806582450867,0.10209444165229797
h512_wd1e-05_s0,o4,14,0.0005,0.464614821107764,0.6131647825241089,0.9279961340206185,0.7582191780821917,2.0146953991590655,0.39453794657628716,0.5287831425666809,0.1131695955991745
h512_wd1e-05_s0,o4,15,0.0005,0.4516888307897668,0.6089439392089844,0.9350193298969073,0.7523972602739726,1.912344494346601,0.3763474711394908,0.5477118492126465,0.12154607474803925
h512_wd1e-05_s0,o4,16,0.0005,0.4230210357590726,0.6192405819892883,0.9393578178694159,0.760958904109589,1.8681462698477833,0.33736150540933646,0.5645284056663513,0.14209991693496704
h512_wd1e-05_s0,o4,17,0.0005,0.4900683007742229,0.6136172413825989,0.9472615979381442,0.7508561643835616,2.7969423141728496,0.4833441497123579,0.5813883543014526,0.13910554349422455
h512_wd1e-05_s0,o4,18,0.0005,0.4256756650774102,0.6780790090560913,0.9551439003436426,0.7457191780821918,1.844907574695163,0.3901497318271957,0.597149133682251,0.14937067031860352
h512_wd1e-05_s0,o4,19,0.0005,0.3785931624864277,0.6446346640586853,0.9568943298969071,0.7546232876712329,1.5199862368105532,0.2826691183645129,0.6118643283843994,0.1679096221923828
h512_wd1e-05_s0,o4,20,0.0005,0.3485410213470459,0.6330076456069946,0.9614690721649485,0.7544520547945205,1.520611787649112,0.2835565317973449,0.6250019669532776,0.19815348088741302
h512_wd1e-05_s0,o4,21,0.0005,0.35360958309550033,0.9959069490432739,0.9520833333333333,0.7464041095890411,2.0814849064447514,0.3146902604094322,0.6373302340507507,0.22581540048122406
h512_wd1e-05_s0,o4,22,0.0005,0.3609895847345653,0.6973736882209778,0.9673754295532646,0.7416095890410959,2.018315510036099,0.30834536798917256,0.6508768200874329,0.23536795377731323
h512_wd1e-05_s0,o4,23,0.0005,0.4531052896850987,0.6737216711044312,0.9671821305841924,0.7345890410958903,3.2383658299406877,0.5065150234883584,0.6661796569824219,0.21982932090759277
h512_wd1e-05_s0,o4,24,0.0005,0.3268323242664337,0.6889771223068237,0.9730025773195876,0.7445205479452055,1.797030381379355,0.32440314868303144,0.6798267364501953,0.2269812673330307
h512_wd1e-05_s0,o4,25,0.0005,0.317928010695859,0.664501428604126,0.9773518041237115,0.7402397260273972,1.7849591718024005,0.271930560732212,0.6907901167869568,0.2480713576078415
h512_wd1e-05_s0,o4,26,0.0005,0.33056202609288066,0.7645092606544495,0.9770081615120275,0.7373287671232875,1.964403044034846,0.3083080227876988,0.7016396522521973,0.26614952087402344
h512_wd1e-05_s0,o4,27,0.0005,0.29195456363652883,0.7144514322280884,0.9837628865979382,0.7489726027397259,1.7802289387163113,0.2892101880622506,0.7129327654838562,0.2837078869342804
h512_wd1e-05_s0,o4,28,0.0005,0.28125898069457006,0.7552051544189453,0.9848475085910653,0.7386986301369863,1.9770732082645734,0.26461636886400214,0.723704993724823,0.3093288540840149
h512_wd1e-05_s0,o4,29,0.0005,0.32099887179700953,0.7646931409835815,0.9884772336769759,0.7488013698630137,2.6939342083564735,0.35779010701081904,0.7343251705169678,0.32450437545776367
h512_wd1e-05_s0,o4,30,0.0005,0.29690586736327723,0.6785838603973389,0.9885416666666667,0.7529109589041095,2.282343092964385,0.3053965374988518,0.746121883392334,0.32744094729423523
h512_wd1e-05_s0,o4,31,0.0005,0.2535141855478287,0.7389375567436218,0.9889175257731959,0.7458904109589041,1.3931239643957023,0.21469430418886343,0.7549626231193542,0.3527494966983795
h512_wd1e-05_s0,o4,32,0.0005,0.22217093015971937,0.764232337474823,0.991698883161512,0.7404109589041096,1.3980486348838894,0.2262407912381879,0.7634962797164917,0.38331857323646545
h512_wd1e-05_s0,o4,33,0.0005,0.23606267453808533,0.7990238666534424,0.9927512886597938,0.7424657534246575,2.153630055177792,0.2435355850605758,0.7731217741966248,0.41229748725891113
h512_wd1e-05_s0,o4,34,0.0005,0.23474182423792386,0.7593554854393005,0.9938144329896907,0.7378424657534246,2.1199925404033166,0.2353761572087461,0.7837965488433838,0.4342845678329468
h512_wd1e-05_s0,o4,35,0.0005,0.20157915471415772,0.8195089101791382,0.9939325601374571,0.750513698630137,1.4862708914986427,0.19025044717573633,0.793346643447876,0.45946621894836426
h512_wd1e-05_s0,o4,36,0.0005,0.19254321016763387,0.9637191891670227,0.9924828178694158,0.7342465753424657,1.8197435675390004,0.20024824900693083,0.8017163276672363,0.4885019361972809
h512_wd1e-05_s0,l0,1,0.0005,0.7183300800945448,0.6948067545890808,0.6562307894967946,0.6483261902003938,1.2271738555815725,0.3138189684800247,0.238703653216362,0.03936421871185303
h512_wd1e-05_s0,l0,2,0.0005,0.6659651061762935,0.6472488641738892,0.7723573665876293,0.7174794393605931,0.8900620761232747,0.2267769429780201,0.2774743437767029,0.04693228006362915
h512_wd1e-05_s0,l0,3,0.0005,0.6616144335788229,0.6753823161125183,0.767915166417845,0.7050851384223329,1.167919204574399,0.310813890947716,0.30364498496055603,0.04746420308947563
h512_wd1e-05_s0,l0,4,0.0005,0.6320452042247938,0.6188088059425354,0.8019891103890402,0.7309162515927257,1.0681314226284968,0.28350350959296605,0.33278754353523254,0.04780946671962738
h512_wd1e-05_s0,l0,5,0.0005,0.6098911373511605,0.6535595059394836,0.804623693685782,0.7261670334761959,1.361663683938923,0.3172397723651154,0.36346110701560974,0.04396490007638931
h512_wd1e-05_s0,l0,6,0.0005,0.5723296624162922,0.6039591431617737,0.8431837475483739,0.7399513494729525,1.0706650684476329,0.25837597461637923,0.3919470012187958,0.044695258140563965
h512_wd1e-05_s0,l0,7,0.0005,0.5542390825955764,0.7013344168663025,0.8466306606949446,0.7375188231205838,1.4108078472912027,0.33578050242043544,0.42274850606918335,0.055940110236406326
h512_wd1e-05_s0,l0,8,0.0005,0.5620625291181647,0.6107185482978821,0.8734741371739703,0.7457430788833546,1.576802308418982,0.3865885729351448,0.45067450404167175,0.055321697145700455
h512_wd1e-05_s0,l0,9,0.0005,0.5297169465085735,0.8691950440406799,0.8532244372237348,0.7184061160662573,1.7068538009856387,0.4025833474687655,0.47746750712394714,0.06757871061563492
h512_wd1e-05_s0,l0,10,0.0005,0.5296873281831327,0.6099249720573425,0.8934969702292088,0.7566315301749102,1.8306042692023354,0.45564321414507275,0.5038244724273682,0.06834312528371811
h512_wd1e-05_s0,l0,11,0.0005,0.4838710129261017,0.5932290554046631,0.9035376599045696,0.755704853469246,1.4170382440437224,0.33797675816992806,0.5247682929039001,0.08802904933691025
h512_wd1e-05_s0,l0,12,0.0005,0.4648987067782361,0.6063191890716553,0.9141052662392788,0.7544306729989575,1.479302757598585,0.3361634963217493,0.543976366519928,0.11074064671993256
h512_wd1e-05_s0,l0,13,0.0005,0.4418385223202083,0.6220964193344116,0.9217528760867657,0.7543148384107495,1.646617638125808,0.2946476472943603,0.5618979930877686,0.13215835392475128
h512_wd1e-05_s0,l0,14,0.0005,0.46572237947712775,0.6059137582778931,0.9306006849916573,0.747133093941851,1.8531259921812628,0.3535680880311387,0.5807499289512634,0.13897204399108887
h512_wd1e-05_s0,l0,15,0.0005,0.5382488875285439,0.5921811461448669,0.9370554140686749,0.7489864473531798,2.368384975738196,0.48287942062280464,0.6004077196121216,0.11987048387527466
h512_wd1e-05_s0,l0,16,0.0005,0.4544673134451327,0.6610791087150574,0.9267659026375107,0.7405305224139928,1.6854892367040895,0.3363659945435066,0.6185548901557922,0.12749509513378143
h512_wd1e-05_s0,l0,17,0.0005,0.41460152423900104,0.6269081830978394,0.9402608237463773,0.7474805977064751,1.2905534915394616,0.2697225886416364,0.6355680227279663,0.14715266227722168
h512_wd1e-05_s0,l0,18,0.0005,0.38260691191839136,0.6591213345527649,0.9474327449430636,0.7438897254720259,1.1508321088609212,0.21641580275599512,0.6493856310844421,0.18041403591632843
h512_wd1e-05_s0,l0,19,0.0005,0.36876538136731024,0.6684243083000183,0.9488964023301426,0.7423838758253214,1.5153513533221503,0.26432358071785467,0.6632334589958191,0.21302440762519836
h512_wd1e-05_s0,l0,20,0.0005,0.4155014312785605,0.6505460143089294,0.954955943912649,0.7361288080620872,2.2192189692579314,0.39255908328568045,0.6811021566390991,0.22981540858745575
h512_wd1e-05_s0,l0,21,0.0005,0.38900694510211115,0.6745285391807556,0.959098094318082,0.7491022819413877,1.8705931178933142,0.2969114282100663,0.6999205350875854,0.2392505407333374
h512_wd1e-05_s0,l0,22,0.0005,0.4436881762483846,0.813737690448761,0.9625010977430404,0.7416888682960732,2.323544524310898,0.3970754227453312,0.7170710563659668,0.2183007001876831
h512_wd1e-05_s0,l0,23,0.0005,0.3882066704656767,0.643181562423706,0.9614253095635373,0.7469014247654349,1.696606376473654,0.3141274280876649,0.7317977547645569,0.22536715865135193
h512_wd1e-05_s0,l0,24,0.0005,0.35502737760543823,0.7035370469093323,0.9675433974415268,0.7404146878257848,1.6147986186341359,0.2530476616746333,0.7430568337440491,0.24785511195659637
h512_wd1e-05_s0,l0,25,0.0005,0.35861848748248554,0.6716322302818298,0.969607154357308,0.74423722923665,1.9394498118260801,0.2801404674006473,0.755839467048645,0.26947876811027527
h512_wd1e-05_s0,l0,26,0.0005,0.34066845800565637,0.6687201261520386,0.9732004332425865,0.7416888682960732,1.77125816696577,0.27049054438187065,0.7688394784927368,0.29408445954322815
h512_wd1e-05_s0,l0,27,0.0005,0.33632055896779767,0.7176649570465088,0.9749568221070811,0.7411096953550331,1.939085934492995,0.2766512964335408,0.7822819352149963,0.31068095564842224
h512_wd1e-05_s0,l0,28,0.0005,0.3081451213878134,0.78957200050354,0.977313310500278,0.7362446426502954,1.6970729460846234,0.22314959500311626,0.7960408926010132,0.3342089056968689
h512_wd1e-05_s0,l0,29,0.0005,0.29541287409222644,0.7221505641937256,0.9802772167091127,0.7367079810031274,1.7451017462208833,0.23069589623344242,0.8079250454902649,0.3594396114349365
h512_wd1e-05_s0,l0,30,0.0005,0.2830546887024589,0.7214257717132568,0.9810163636895876,0.7356654697092552,1.7031530264014307,0.2106841606739988,0.8207312226295471,0.38972824811935425
h512_wd1e-05_s0,l1,1,0.0005,0.7073111015817394,0.7174755930900574,0.6196293902176255,0.6241687686310479,0.8847206509924691,0.22719173442807347,0.23689156770706177,0.030982792377471924
h512_wd1e-05_s0,l1,2,0.0005,0.6839127799739009,0.685584545135498,0.6951303598362422,0.6137353817931667,1.0623914151059726,0.299092162054982,0.27337580919265747,0.04111138731241226
h512_wd1e-05_s0,l1,3,0.0005,0.6567058381826981,0.6672753095626831,0.7767435179199884,0.7054574638844302,0.9031039818291192,0.24161518382730482,0.29650962352752686,0.03794350102543831
h512_wd1e-05_s0,l1,4,0.0005,0.6382118282110795,0.6826441287994385,0.7618185735832795,0.6663609263930291,1.087014709615419,0.27760385828374157,0.32109078764915466,0.039781201630830765
h512_wd1e-05_s0,l1,5,0.0005,0.6042842502179353,0.629564106464386,0.8107376283846872,0.7221967438660857,1.1431888706253772,0.2895045821436619,0.35190045833587646,0.03957827761769295
h512_wd1e-05_s0,l1,6,0.0005,0.5782941255880438,0.6773814558982849,0.8168210874093228,0.6907819307498281,1.248476888324259,0.3104493036319408,0.37858137488365173,0.04918954521417618
h512_wd1e-05_s0,l1,7,0.0005,0.6062670881333558,0.6544317007064819,0.8390145801910509,0.699495528548498,1.7463367824927412,0.4258699397995527,0.4027811586856842,0.0471181720495224
h512_wd1e-05_s0,l1,8,0.0005,0.5842762369176616,0.6502824425697327,0.8588235294117647,0.7178399449667507,1.5403840844834478,0.381475835514177,0.4229891002178192,0.0506853424012661
h512_wd1e-05_s0,l1,9,0.0005,0.5287836453189021,0.6406410932540894,0.8694246929541047,0.7432928227470763,1.0768144496868255,0.2665062924995899,0.44474363327026367,0.07028515636920929
h512_wd1e-05_s0,l1,10,0.0005,0.5340072810649872,0.6417722105979919,0.8787976729153198,0.7221967438660858,1.4611882861650118,0.3214678413034525,0.4633767306804657,0.08659578114748001
h512_wd1e-05_s0,l1,11,0.0005,0.4925094531930011,0.6165139079093933,0.8952093657976012,0.7271268057784912,1.2282980283958376,0.27131201801427934,0.4805101752281189,0.10099762678146362
h512_wd1e-05_s0,l1,12,0.0005,0.4923048576583033,0.6146134734153748,0.90458952811894,0.7341206145379501,1.4429707070117137,0.29411125474937533,0.4978792667388916,0.12059153616428375
h512_wd1e-05_s0,l1,13,0.0005,0.44735967076343036,0.6262454986572266,0.9126840479781656,0.7249484063288237,1.380657510350055,0.2459303991308559,0.5140369534492493,0.15074869990348816
h512_wd1e-05_s0,l1,14,0.0005,0.47736545749332593,0.658687174320221,0.9204840910723263,0.7352671405640907,1.8988348571968539,0.3048284843919057,0.5308436155319214,0.1672327220439911
h512_wd1e-05_s0,l1,15,0.0005,0.44483474026555603,0.6078003644943237,0.9246714070243482,0.7443246961706032,1.5459901532251847,0.2972559811824996,0.5486140847206116,0.1854284107685089
h512_wd1e-05_s0,l1,16,0.0005,0.4412211607331815,0.6281291246414185,0.9332327802916038,0.73412061453795,1.5162085275939987,0.2864691563002401,0.5644734501838684,0.2150467336177826
h512_wd1e-05_s0,l1,17,0.0005,0.42388308825700177,0.7431513071060181,0.9340084751849458,0.7391653290529695,1.6760593306798959,0.3092840145353629,0.5796807408332825,0.23455964028835297
h512_wd1e-05_s0,l1,18,0.0005,0.4242328081441962,0.6760678291320801,0.9445521798462976,0.7249484063288236,1.7698583659168488,0.27502636817858056,0.5942848920822144,0.2553091049194336
h512_wd1e-05_s0,l1,19,0.0005,0.3745480620342752,0.6897679567337036,0.9500754147812971,0.715546892914469,1.2619754656955675,0.19869705354309647,0.6075447201728821,0.2897634506225586
h512_wd1e-05_s0,l1,20,0.0005,0.36417275213676953,0.683962345123291,0.9535947712418301,0.7194450814033478,1.6407252341881386,0.23091511623586256,0.6213366985321045,0.3213474452495575
h512_wd1e-05_s0,l1,21,0.0005,0.36228801634000696,0.6522144675254822,0.9566329095740861,0.7375601926163724,1.6127109628942013,0.21501640030237815,0.6355608701705933,0.3528751730918884
h512_wd1e-05_s0,l1,22,0.0005,0.48741309279980866,0.6277683973312378,0.9548229548229549,0.7329740885118091,2.8328153662147453,0.3871395837392497,0.652153491973877,0.33555594086647034
h512_wd1e-05_s0,l1,23,0.0005,0.39141715739084326,0.6731321215629578,0.958572146807441,0.7207062600321027,1.4970267045780894,0.21669779915695386,0.6659234166145325,0.34304720163345337
h512_wd1e-05_s0,l1,24,0.0005,0.3382517177125682,0.686841607093811,0.962601450836745,0.729878468241229,1.4846841787051448,0.21892486994862367,0.6768545508384705,0.38859105110168457
h512_wd1e-05_s0,l1,25,0.0005,0.33910809133363806,0.7983989119529724,0.9698628169216404,0.7108461362072919,1.8735680800677827,0.21920059292905658,0.6875158548355103,0.4209621250629425
h512_wd1e-05_s0,l1,26,0.0005,0.33183607523855957,0.7524770498275757,0.9705164116928824,0.7194450814033478,1.7407817784830215,0.2179577453579716,0.6980065107345581,0.4545728862285614
h512_wd1e-05_s0,l1,27,0.0005,0.3154146995233453,0.7259211540222168,0.9734611793435324,0.7239165329052969,1.7311965883486673,0.21292385447248166,0.7091579437255859,0.4820263981819153
h512_wd1e-05_s0,l1,28,0.0005,0.2921744507292043,0.7290991544723511,0.9776772247360482,0.7246044485209815,1.5359816902374885,0.18340202414402157,0.7192970514297485,0.5110675692558289
h512_wd1e-05_s0,l1,29,0.0005,0.2885904286218726,0.7646592855453491,0.9782015370250664,0.7330887411144232,1.6551008198721051,0.17519871825314334,0.727928638458252,0.5403322577476501
h512_wd1e-05_s0,l1,30,0.0005,0.25595095105793164,0.7593204975128174,0.979666738490268,0.7321715202935106,1.5412846794055963,0.17139963774463887,0.7365977168083191,0.5694675445556641
h512_wd1e-05_s0,l1,31,0.0005,0.25796975260195526,0.7667734026908875,0.9810888457947282,0.7342352671405641,1.4429481337661585,0.1577828673439996,0.7466241121292114,0.5990387201309204
h512_wd1e-05_s0,l1,32,0.0005,0.27151319254999573,0.8724968433380127,0.9848595848595849,0.7182985553772071,1.7822760481570448,0.18210988776239861,0.7566444277763367,0.6244094967842102
h512_wd1e-05_s0,l1,33,0.0005,0.26258099662220996,0.8709935545921326,0.9875026933850463,0.7244897959183673,2.151983744046876,0.17753725789103053,0.7658119201660156,0.6470794081687927
h512_wd1e-05_s0,l1,34,0.0005,0.24710728422455167,0.947533130645752,0.9874595992243052,0.7056867690896583,2.1127249404340693,0.17285464867919315,0.7748475670814514,0.670333206653595
h512_wd1e-05_s0,l1,35,0.0005,0.2589566260576248,0.9909999370574951,0.9773755656108597,0.7366429717954598,2.0958777589190047,0.17699990744915764,0.7836732268333435,0.6943520307540894
h512_wd1e-05_s0,l2,1,0.0005,0.7359921146522869,0.7203026413917542,0.5309851856367738,0.6029038112522686,1.1156869743722941,0.3325829003718852,0.24007338285446167,0.04688391089439392
h512_wd1e-05_s0,l2,2,0.0005,0.6989823146299883,0.6874418258666992,0.7265058221057125,0.6477918935269208,0.7135459784407189,0.1928601671376115,0.2728123068809509,0.0732240155339241
h512_wd1e-05_s0,l2,3,0.0005,0.6839079477570273,0.689969003200531,0.6734743644455283,0.5750756200846945,0.4173611137034277,0.12229763371160977,0.2826871871948242,0.07910946756601334
h512_wd1e-05_s0,l2,4,0.0005,0.6851318261840127,0.6825566291809082,0.7149987807108455,0.6286751361161524,0.46833296067042873,0.15977925988740643,0.2912527620792389,0.07992720603942871
h512_wd1e-05_s0,l2,5,0.0005,0.6716917048801075,0.6699739098548889,0.7430576723770042,0.6613430127041742,0.6327424575022328,0.203584955236928,0.30309411883354187,0.07624359428882599
h512_wd1e-05_s0,l2,6,0.0005,0.6554458818652413,0.6460776925086975,0.7632445284399195,0.733091349062311,0.6826868412950465,0.18123398423385015,0.3175502419471741,0.06814222037792206
h512_wd1e-05_s0,l2,7,0.0005,0.6485551324757662,0.6393939852714539,0.7875312442845821,0.7359951603145796,0.7560739967949175,0.2209057817971364,0.3336680233478546,0.06883499026298523
h512_wd1e-05_s0,l2,8,0.0005,0.6116959127512845,0.6247055530548096,0.7933762116685972,0.7334543254688445,0.7670001535085453,0.20883595760120766,0.348586767911911,0.06261077523231506
h512_wd1e-05_s0,l2,9,0.0005,0.6092309084805575,0.6104920506477356,0.7994574163262819,0.7684210526315789,0.9168598566305746,0.21584332518069732,0.3635299801826477,0.07622018456459045
h512_wd1e-05_s0,l2,10,0.0005,0.5824707760052248,0.5986921787261963,0.8201243674937511,0.7543859649122807,0.8007414289151882,0.2033213623166397,0.37749895453453064,0.09296111762523651
h512_wd1e-05_s0,l2,11,0.0005,0.5853865214369514,0.5908488035202026,0.8359751265012496,0.7739866908650938,1.1529917792457414,0.2745688838237918,0.3893156349658966,0.10244040936231613
h512_wd1e-05_s0,l2,12,0.0005,0.553634373979135,0.6029384732246399,0.841774370541974,0.7513611615245009,0.7686920517037007,0.18796043501705736,0.40195348858833313,0.13325567543506622
h512_wd1e-05_s0,l2,13,0.0005,0.5616483959284696,0.586858332157135,0.8618469182466623,0.7731397459165155,1.0814472971162274,0.22997865780010499,0.415963739156723,0.1552644968032837
h512_wd1e-05_s0,l2,14,0.0005,0.5291554494337602,0.5782849788665771,0.8596750594403463,0.7663641863278886,0.9507052024660075,0.1732545751845168,0.4294314980506897,0.19516320526599884
h512_wd1e-05_s0,l2,15,0.0005,0.522135849703442,0.5738612413406372,0.8781320490154241,0.7813672111312765,1.0177781419094516,0.18273359463287775,0.4404551386833191,0.23108667135238647
h512_wd1e-05_s0,l2,16,0.0005,0.4900242361155423,0.5624774694442749,0.8852191672255075,0.782940108892922,1.030382183644942,0.18226315385139075,0.45237550139427185,0.273175984621048
h512_wd1e-05_s0,l2,17,0.0005,0.4740342741662806,0.557830810546875,0.8975111260135341,0.7836660617059891,1.1957091136509492,0.1898998397790052,0.4628031253814697,0.31291308999061584
h512_wd1e-05_s0,l2,18,0.0005,0.48142946579239587,0.6381757259368896,0.9119520819362312,0.7810042347247429,1.360401014508499,0.19993353656403287,0.4767674207687378,0.3436547517776489
h512_wd1e-05_s0,l2,19,0.0005,0.4898203272711147,0.5851292610168457,0.9140934585136865,0.7811252268602541,1.3552321566781607,0.18422893629245654,0.4876825511455536,0.37085723876953125
h512_wd1e-05_s0,l2,20,0.0005,0.44344641132788226,0.5787720084190369,0.9221788697189539,0.7852389594676346,1.2096906354152117,0.15614197738187666,0.4973702132701874,0.4058312177658081
h512_wd1e-05_s0,l2,21,0.0005,0.45526632260192523,0.5921361446380615,0.9200527342559288,0.7716878402903811,1.4903919073060476,0.21096934222195662,0.5081180334091187,0.44436371326446533
h512_wd1e-05_s0,l2,22,0.0005,0.4177043221213601,0.5952419638633728,0.9288316161677741,0.7856019358741683,1.3970464128723654,0.16482862072496737,0.5192301869392395,0.48652735352516174
h512_wd1e-05_s0,l2,23,0.0005,0.410892670804804,0.6001400947570801,0.9268426507346217,0.770356926799758,1.442049980085532,0.15868516868454138,0.528210461139679,0.523944616317749
h512_wd1e-05_s0,l2,24,0.0005,0.41893686896020715,0.6008322834968567,0.93869261720417,0.7882637628554143,1.5068075632505207,0.16604039635954485,0.5373314619064331,0.554466962814331
h512_wd1e-05_s0,l2,25,0.0005,0.41068895296616986,0.6028330326080322,0.9417103578613668,0.774228675136116,1.803997288130794,0.15478345253731932,0.5450723171234131,0.589337170124054
h512_wd1e-05_s0,l2,26,0.0005,0.4077282873066989,0.5900218486785889,0.9504587575443516,0.7837870538415003,1.9052003239524011,0.16190584113753814,0.5527628660202026,0.608532726764679
h512_wd1e-05_s0,l2,27,0.0005,0.3662819943644784,0.6107136011123657,0.9499558007681522,0.7730187537810043,1.5017790191634233,0.13989506298974566,0.560451090335846,0.6477372050285339
h512_wd1e-05_s0,l2,28,0.0005,0.35437025874853134,0.636478066444397,0.9535527037736998,0.769751966122202,1.5325811060215921,0.1480760950110408,0.5674452781677246,0.685727059841156
h512_wd1e-05_s0,l2,29,0.0005,0.34624636376445944,0.6098100543022156,0.9628116807900995,0.7781004234724742,1.6624950457423864,0.1331678599781794,0.575512170791626,0.7256770730018616
h512_wd1e-05_s0,l2,30,0.0005,0.3310603939674117,0.5986135601997375,0.9681765530695604,0.782335148215366,1.6854559730752556,0.12880310132070116,0.5825390219688416,0.7672283053398132
h512_wd1e-05_s0,l2,31,0.0005,0.33658487823876465,0.685604989528656,0.9633451197951595,0.7551119177253477,1.9964176129468,0.1543524742065296,0.589066207408905,0.8011167645454407
h512_wd1e-05_s0,l2,32,0.0005,0.36050543730909174,0.5898142457008362,0.9608608181430227,0.7788263762855415,2.0500981980104545,0.14236264987905514,0.5960962176322937,0.8345600962638855
h512_wd1e-05_s0,l2,33,0.0005,0.3312075361609459,0.6386573314666748,0.9711866731695421,0.7793103448275862,1.7737992449832944,0.12805041519707963,0.6025865077972412,0.8707334399223328
h512_wd1e-05_s0,l2,34,0.0005,0.29403380981900473,0.6436580419540405,0.9747835761750899,0.7801572897761645,1.773408942164528,0.12430244920369132,0.6080341935157776,0.9126008749008179
h512_wd1e-05_s0,l2,35,0.0005,0.3189790340309793,0.6438480615615845,0.9745168566725599,0.7656382335148215,2.1672718795817834,0.1251418760732236,0.6143758296966553,0.9463040828704834
h512_wd1e-05_s0,l2,36,0.0005,0.3320661830631169,0.5976857542991638,0.9684966164725964,0.7736237144585602,1.840272886806664,0.12791472066715737,0.6218698024749756,0.9924939870834351
h512_wd1e-05_s0,l2,37,0.0005,0.29233388941396365,0.7029193639755249,0.980361824056575,0.7787053841500302,1.817390722289182,0.12621670134099072,0.6279754042625427,1.040974497795105
h512_wd1e-05_s0,l2,38,0.0005,0.30274911698969925,0.6947264671325684,0.9805828202158141,0.7524500907441016,2.6001108455146995,0.135774127291873,0.6336550712585449,1.0732556581497192
h512_wd1e-05_s0,l2,39,0.0005,0.3095084002072161,0.6777798533439636,0.9832804974699749,0.7652752571082879,2.061162145922609,0.11608511764567843,0.6397347450256348,1.1136842966079712
h512_wd1e-05_s0,l2,40,0.0005,0.3001837053082206,0.6661389470100403,0.9837224897884533,0.7679370840895342,2.0320854348089195,0.11323998485866595,0.6456142067909241,1.145487666130066
h512_wd1e-05_s0,l2,41,0.0005,0.2845408083363013,0.727422833442688,0.9745092361153447,0.7434966727162735,2.40299730727819,0.11383379962259146,0.6509042978286743,1.183732032775879
h512_wd1e-05_s0,l2,42,0.0005,0.28963650288906967,0.6870909929275513,0.9884472352618423,0.7816091954022989,2.107625828390535,0.11069256738628215,0.6562936902046204,1.2201746702194214
h512_wd1e-05_s0,l2,43,0.0005,0.22245963087136095,0.7889643907546997,0.990657196854234,0.7622504537205081,1.8953050673381584,0.09358672410176992,0.6603596806526184,1.2605994939804077
h512_wd1e-05_s0,l2,44,0.0005,0.20662112500179897,0.866495668888092,0.9886606108638665,0.7614035087719297,1.9126833207358418,0.0727135214360601,0.664716362953186,1.2999008893966675
h512_wd1e-05_s0,l3,1,0.0005,0.7073452680007272,0.6952863931655884,0.6934600515463918,0.6008340090350979,1.1236591284580455,0.2633882850465568,0.23989751935005188,0.038499318063259125
h512_wd1e-05_s0,l3,2,0.0005,0.66405574394309,0.6626765131950378,0.7513911668228679,0.6484420247886018,1.1608200976007255,0.2805410714293983,0.28796881437301636,0.042421575635671616
h512_wd1e-05_s0,l3,3,0.0005,0.6591829191083494,0.6676564812660217,0.7994742853795688,0.6908374840727441,1.4198308961637263,0.3441236005523254,0.3169766962528229,0.048607051372528076
h512_wd1e-05_s0,l3,4,0.0005,0.639198678991069,0.6446689963340759,0.8132468369259607,0.687594115602919,1.3752264155987752,0.3351266884955138,0.3444312512874603,0.05495927855372429
h512_wd1e-05_s0,l3,5,0.0005,0.5998794125474017,0.6350168585777283,0.8202539245548267,0.687130777250087,1.1014191041954822,0.2675039263768809,0.3709617257118225,0.04275992885231972
h512_wd1e-05_s0,l3,6,0.0005,0.5636075475941533,0.6446298360824585,0.840191541705717,0.690837484072744,1.268382332840232,0.31175769944320875,0.39953896403312683,0.03793102502822876
h512_wd1e-05_s0,l3,7,0.0005,0.5883422195911407,0.7424573302268982,0.8385001757263355,0.6772848372524035,1.8987987353472129,0.49752127885222974,0.42772912979125977,0.04353848099708557
h512_wd1e-05_s0,l3,8,0.0005,0.5659204449342645,0.6181814670562744,0.8742531630740393,0.7072859955982856,1.730504215314808,0.41714468350191053,0.4560864269733429,0.048728231340646744
h512_wd1e-05_s0,l3,9,0.0005,0.5390906295050746,0.7551484704017639,0.8659867033739457,0.7166685972431368,1.7146268616188038,0.3896726643620884,0.48060980439186096,0.05377503111958504
h512_wd1e-05_s0,l3,10,0.0005,0.5457677970761838,0.6244530081748962,0.8886554006560449,0.7119193791266072,1.8977175341968733,0.4271418509664328,0.5054495930671692,0.05700652301311493
h512_wd1e-05_s0,l3,11,0.0005,0.49686375649079034,0.6180181503295898,0.9025158153701968,0.7173636047723851,1.4878541845057025,0.33063174379017835,0.5266238451004028,0.06419280916452408
h512_wd1e-05_s0,l3,12,0.0005,0.48402961699858954,0.6282942891120911,0.9073043580131209,0.7118035445383991,1.459466550158201,0.3287262459281239,0.546101450920105,0.0729692280292511
h512_wd1e-05_s0,l3,13,0.0005,0.4555832510409148,0.6285437941551208,0.9151681115276475,0.7178269431252173,1.4739009276087918,0.31566949961808427,0.5655457973480225,0.1008906215429306
h512_wd1e-05_s0,l3,14,0.0005,0.5207904071911521,0.6340499520301819,0.9222118088097471,0.7180586123016333,2.2980521761679777,0.46488108033201786,0.5854686498641968,0.09313806146383286
h512_wd1e-05_s0,l3,15,0.0005,0.5287171692951865,0.6210863590240479,0.9247964503280225,0.7167844318313448,2.1885576274356735,0.45438675576032866,0.6038852334022522,0.08028005063533783
h512_wd1e-05_s0,l3,16,0.0005,0.4336276099733684,0.6454416513442993,0.9247744845360826,0.7167844318313449,1.4312885022507957,0.3176276691730845,0.6216568350791931,0.09529689699411392
h512_wd1e-05_s0,l3,17,0.0005,0.4508487776569698,0.6668174266815186,0.9304343369259606,0.7245453492412834,1.801189130778105,0.41203437688701344,0.6392664909362793,0.10544972866773605
h512_wd1e-05_s0,l3,18,0.0005,0.42403797999672266,0.639176070690155,0.9359697164948455,0.722923665006371,1.7791716089689615,0.38417018583982004,0.6539809703826904,0.12233661860227585
h512_wd1e-05_s0,l3,19,0.0005,0.42249600265337073,0.6587848663330078,0.9417174320524836,0.7279045522993165,1.7114746422475047,0.3038036836025981,0.6671236753463745,0.1339273899793625
h512_wd1e-05_s0,l3,20,0.0005,0.44087857526281604,0.6783124208450317,0.9435918462980318,0.728831229004981,1.8521136992569056,0.34189601805165976,0.6832932829856873,0.13075263798236847
h512_wd1e-05_s0,l3,21,0.0005,0.36743286899898364,0.7073490619659424,0.9423617619493908,0.729178732769605,1.185460962144105,0.22170204274721836,0.6978038549423218,0.16040605306625366
h512_wd1e-05_s0,l3,22,0.0005,0.3686462226121322,0.7241549491882324,0.9527076499531397,0.7165527626549287,1.6614512863140634,0.26685372295368237,0.7121297121047974,0.18555998802185059
h512_wd1e-05_s0,l3,23,0.0005,0.36271307520244433,0.6861521601676941,0.9589312910028116,0.7297579057106451,1.7025333727419827,0.29704204309343746,0.7268636226654053,0.20021279156208038
h512_wd1e-05_s0,l3,24,0.0005,0.3235347167305324,0.6992124319076538,0.9663776944704779,0.7250086875941155,1.439768565158095,0.24284998118509202,0.7391413450241089,0.23096492886543274
h512_wd1e-05_s0,l3,25,0.0005,0.3118047617051912,0.7176045775413513,0.9700972352389878,0.7261670334761959,1.6410859301960778,0.24140273837584264,0.7506157755851746,0.26275596022605896
h512_wd1e-05_s0,l3,26,0.0005,0.2976341882477636,0.744626522064209,0.9728063495782567,0.7218811537124985,1.6737031752425657,0.25310189459270427,0.7630077004432678,0.29456791281700134
h512_wd1e-05_s0,l3,27,0.0005,0.30371175965537195,0.7655635476112366,0.9776095360824741,0.7263987026526121,1.5627771117131781,0.22191031907073763,0.7742945551872253,0.31780871748924255
h512_wd1e-05_s0,l3,28,0.0005,0.28530541969382245,0.7471965551376343,0.9800404170571697,0.7308004170045176,1.781507769983399,0.22829595331871297,0.7855985164642334,0.3431355655193329
h512_wd1e-05_s0,l3,29,0.0005,0.4744713455438614,0.6854948997497559,0.9837160262417994,0.7210703115950424,3.0744390663407017,0.49531257243728316,0.8036644458770752,0.2998376488685608
h512_wd1e-05_s0,l3,30,0.0005,0.31564213659452356,0.7858281135559082,0.9785687089971884,0.7302212440634774,1.598536025687441,0.26868056328446155,0.8177725672721863,0.324703574180603
h512_wd1e-05_s0,l3,31,0.0005,0.2965343134558719,0.7254015803337097,0.9877870196813496,0.7193327927719216,1.788976073637302,0.2504207655232954,0.8304634094238281,0.3515247702598572
h512_wd1e-05_s0,l3,32,0.0005,0.2643099984397059,0.7732289433479309,0.9841846298031866,0.7178269431252172,1.5262578678875,0.21222367644301016,0.8410481810569763,0.3896321654319763
h512_wd1e-05_s0,l3,33,0.0005,0.28540436631959415,0.9818330407142639,0.9752665182755389,0.7068226572454536,2.1267472126426545,0.25159721214465924,0.8528409004211426,0.4169885814189911
h512_wd1e-05_s0,l3,34,0.0005,0.31929945492226147,0.7413774728775024,0.9872451968134958,0.7317270937101819,2.4794753512392016,0.28168649411916896,0.8660077452659607,0.42303231358528137
h512_wd1e-05_s0,l3,35,0.0005,0.2555722361025603,0.791467010974884,0.988563144329897,0.7353179659446311,1.7638195599574307,0.20009856680306112,0.8759911060333252,0.44296523928642273
h512_wd1e-05_s0,l3,36,0.0005,0.21980769284393475,0.8059961199760437,0.990620606841612,0.720491138654002,1.4262333826974642,0.16773421857036103,0.8841258883476257,0.47275519371032715
h512_wd1e-05_s0,l3,37,0.0005,0.2126047931935476,0.8346928358078003,0.9919824859418931,0.7336962817097185,1.5398092345034646,0.19092283610614588,0.8918066620826721,0.5083423852920532
h512_wd1e-05_s0,l3,38,0.0005,0.21374692541101706,0.8535363078117371,0.9928245079662605,0.7193327927719217,1.5404288746471821,0.1611725081690903,0.90110182762146,0.5357272028923035
h512_wd1e-05_s0,l3,39,0.0005,0.22138592471247134,1.059241533279419,0.9958118556701031,0.7092551835978222,2.0973138535845166,0.1878963687171023,0.9099270105361938,0.5555595755577087
h512_wd1e-05_s0,l3,40,0.0005,0.21946950742731924,0.9661993384361267,0.9965806583880037,0.7148152438318081,2.0783466141138227,0.2043558425357018,0.9199729561805725,0.5754976868629456
h512_wd1e-05_s0,l3,41,0.0005,0.1921425805143688,0.9429922699928284,0.9962584934395501,0.7130777250086876,1.8945538951546015,0.18513860755833988,0.9296441078186035,0.598545253276825
h512_wd1e-05_s0,l3,42,0.0005,0.1732983200446419,1.0626503229141235,0.9957972118088098,0.7247770184176995,1.7507344604618764,0.14982285959413408,0.9388809204101562,0.629435658454895
h512_wd1e-05_s0,l3,43,0.0005,0.1792290068191031,0.9240185022354126,0.9974446462043112,0.7189852890072976,1.9467041551155473,0.16117942978808036,0.9470828175544739,0.647051215171814
h512_wd1e-05_s0,l3,44,0.0005,0.14863948945118033,1.0051265954971313,0.9981841611996252,0.7099501911270706,1.486240091504305,0.12688876619679793,0.9537568688392639,0.6762818098068237
h512_wd1e-05_s0,l3,45,0.0005,0.14909926607556964,1.0448280572891235,0.9980450445173383,0.7185219506544654,1.7268767459051635,0.12276707544522851,0.9603905081748962,0.7080947756767273
h512_wd1e-05_s0,l3,46,0.0005,0.1849995211738607,1.094484567642212,0.9987040182755389,0.7162052588903047,2.3617488609488975,0.17591662511737,0.9687573313713074,0.7267270684242249
h512_wd1e-05_s0,l3,47,0.0005,0.20786557621929957,0.9800872802734375,0.9989968955014058,0.7148152438318082,2.4423919053867604,0.1871644308060642,0.9796354174613953,0.7265539765357971
h512_wd1e-05_s0,l3,48,0.0005,0.1377540355467278,1.077804684638977,0.9989456419868792,0.7155102513610564,1.6419809366801648,0.1443634135133158,0.9875202178955078,0.7519582509994507
h512_wd1e-05_s0,l3,49,0.0005,0.12797121023354324,1.095341444015503,0.9995240745079662,0.7067068226572455,1.4476183902677158,0.12078741512954934,0.9942493438720703,0.7806767225265503
h512_wd1e-05_s0,l3,50,0.0005,0.14565604342066724,1.0891485214233398,0.9994435332708529,0.7170161010077609,1.9918596363738759,0.14974564582780478,1.0003306865692139,0.8097880482673645
h512_wd1e-05_s0,l3,51,0.0005,0.20489945327458176,1.0492981672286987,0.9989968955014058,0.7167844318313449,3.057518236783942,0.2112836885455865,1.0087146759033203,0.8106240034103394
h512_wd1e-05_s0,l3,52,0.0005,0.13159416810325955,1.0678752660751343,0.9994288894095594,0.726398702652612,1.6502712266017112,0.12813123776760588,1.0159941911697388,0.8243984580039978
h512_wd1e-05_s0,l3,53,0.0005,0.11891314419715301,1.0824486017227173,0.999553362230553,0.723155334182787,1.5572298551189518,0.10624296811822066,1.0216238498687744,0.8488237261772156
h512_wd1e-05_s0,l3,54,0.0005,0.11151714525792909,1.170827865600586,0.9995313964386129,0.7096026873624464,1.421627360111997,0.09428570859789653,1.0265004634857178,0.8750412464141846
h512_wd1e-05_s0,l3,55,0.0005,0.10180503956001738,1.1664360761642456,0.9997876640112465,0.7218811537124985,1.581801756177903,0.10921340168418606,1.0319275856018066,0.9029651880264282
h512_wd1e-05_s0,l4,1,0.0005,0.743156039196512,0.6945065259933472,0.5814024029356061,0.5022258669165885,0.9731544644461839,0.3138278616582397,0.25613534450531006,0.04128081724047661
h512_wd1e-05_s0,l4,2,0.0005,0.6863023638725281,0.6869484782218933,0.7041681463068182,0.605904404873477,0.4413850051463601,0.1330184833131154,0.28614580631256104,0.04875444248318672
h512_wd1e-05_s0,l4,3,0.0005,0.6804178512614706,0.6788743734359741,0.7393687855113635,0.6784208059981256,0.5286059537876003,0.1640403577064326,0.29672175645828247,0.04716495797038078
h512_wd1e-05_s0,l4,4,0.0005,0.6628747271454852,0.6721949577331543,0.7339533025568182,0.6760777881911902,0.6394918561155154,0.17555796681987088,0.3104671835899353,0.046890828758478165
h512_wd1e-05_s0,l4,5,0.0005,0.6530204493066539,0.6517108678817749,0.7748579545454546,0.6969306466729147,0.7489170245577185,0.18831662631584686,0.3250140845775604,0.049292776733636856
h512_wd1e-05_s0,l4,6,0.0005,0.6424493867418041,0.6730996370315552,0.7669936671401514,0.6899015932521086,0.9233208963447707,0.24043307669089575,0.33943480253219604,0.05425618588924408
h512_wd1e-05_s0,l4,7,0.0005,0.6122844944829526,0.6318818926811218,0.8104728929924243,0.7109887535145267,0.7212897638658555,0.1702312018880572,0.35425931215286255,0.0681215226650238
h512_wd1e-05_s0,l4,8,0.0005,0.5969047339066215,0.6221228241920471,0.8235233191287878,0.7202436738519213,0.8245891574956531,0.19058910295433376,0.3688640892505646,0.09034126251935959
h512_wd1e-05_s0,l4,9,0.0005,0.562332201263179,0.6162225604057312,0.8411902225378788,0.7261012183692597,0.9259570639656103,0.22803404675854702,0.3828928470611572,0.12823361158370972
h512_wd1e-05_s0,l4,10,0.0005,0.5515515039796415,0.6116365194320679,0.8599742542613638,0.7277413308341143,0.9808371238191878,0.19178264974652687,0.39570480585098267,0.1572021245956421
h512_wd1e-05_s0,l4,11,0.0005,0.5248417012069536,0.6110131144523621,0.8763020833333334,0.7283270852858482,1.0690351521675059,0.21809638219362598,0.4080182909965515,0.19145438075065613
h512_wd1e-05_s0,l4,12,0.0005,0.5209586192732272,0.6204820275306702,0.8829234730113636,0.7232895970009371,1.0780875280810365,0.19738663388469585,0.4214286804199219,0.23108462989330292
h512_wd1e-05_s0,l4,13,0.0005,0.5092392563819885,0.6238551735877991,0.8907137784090908,0.7262183692596064,1.232405656986641,0.2079467229612833,0.4340962767601013,0.26835718750953674
h512_wd1e-05_s0,l4,14,0.0005,0.47753900159960205,0.6086328625679016,0.9053400213068182,0.7371134020618556,1.1977238961421286,0.18212155367681176,0.4451183080673218,0.30550822615623474
h512_wd1e-05_s0,l4,15,0.0005,0.4536175805589427,0.6195164918899536,0.9172289299242425,0.7320759137769447,1.201304051021009,0.17532500600398765,0.4548271596431732,0.34892886877059937
h512_wd1e-05_s0,l4,16,0.0005,0.4670159194780433,0.6593513488769531,0.9234212239583335,0.7296157450796624,1.4823084199295642,0.20816612876506807,0.4662342071533203,0.3839453160762787
h512_wd1e-05_s0,l4,17,0.0005,0.43843628401341644,0.7344306111335754,0.931500059185606,0.7245782567947516,1.4694593623649723,0.18833800687962796,0.4765147566795349,0.4205913841724396
h512_wd1e-05_s0,l4,18,0.0005,0.43892514316932013,0.6534969210624695,0.9324470288825757,0.7289128397375819,1.381093075270913,0.18595771019131338,0.48656874895095825,0.44729354977607727
h512_wd1e-05_s0,l4,19,0.0005,0.4256664670032004,0.6651290655136108,0.9367601799242424,0.732427366447985,1.6662012355179925,0.18516887182769862,0.49544140696525574,0.483825147151947
h512_wd1e-05_s0,l4,20,0.0005,0.40432195430216583,0.6383185386657715,0.9428341027462122,0.7275070290534208,1.6056648791912485,0.16043030709157421,0.5043584108352661,0.5086036324501038
h512_wd1e-05_s0,l4,21,0.0005,0.3689379199691441,0.656085193157196,0.9445726799242422,0.735473289597001,1.224723246499071,0.13491070299292898,0.512244462966919,0.5633282661437988
h512_wd1e-05_s0,l4,22,0.0005,0.37853576696437335,0.6694082021713257,0.952880859375,0.7190721649484536,1.5646556711417023,0.15656349805717076,0.5194531679153442,0.598778247833252
h512_wd1e-05_s0,l4,23,0.0005,0.4315167140701543,0.7162520885467529,0.9583259351325757,0.7231724461105905,2.5681904912354745,0.24729966301715595,0.5277741551399231,0.603188157081604
h512_wd1e-05_s0,l4,24,0.0005,0.3659613495287688,0.6585617661476135,0.9580300071022727,0.7265698219306467,1.6236639992030937,0.1568334327721411,0.5361847281455994,0.6244643330574036
h512_wd1e-05_s0,l4,25,0.0005,0.34697742047517194,0.6937958598136902,0.9588512073863636,0.7167291471415183,1.6316418637771632,0.1614603524031583,0.5425474643707275,0.6707886457443237
h512_wd1e-05_s0,l4,26,0.0005,0.324069008231163,0.7069665789604187,0.9600127249053031,0.7235238987816307,1.8282395482144975,0.1569346788853405,0.5490779876708984,0.7161478996276855
h512_wd1e-05_s0,l4,27,0.0005,0.3446926746679389,0.7100890278816223,0.9648067589962122,0.7141518275538894,1.880856116884663,0.14388027278516904,0.5553907155990601,0.7374779582023621
h512_wd1e-05_s0,l4,28,0.0005,0.3480210621719775,0.7441871166229248,0.97216796875,0.7225866916588566,2.2024112822034523,0.17689919732257947,0.5617057085037231,0.7683357000350952
h512_wd1e-05_s0,l4,29,0.0005,0.3754646953033364,0.8604546785354614,0.9708510890151515,0.7115745079662605,2.5840531216614466,0.18541932986808043,0.5691608786582947,0.7822585105895996
h512_wd1e-05_s0,l4,30,0.0005,0.30093613720458484,0.764927864074707,0.9709250710227273,0.7160262417994376,1.748813335552578,0.1375401136206517,0.5750168561935425,0.8042082190513611
h512_wd1e-05_s0,l4,31,0.0005,0.30002930501232977,0.7320126295089722,0.9693196614583333,0.713331771321462,1.513600673380303,0.11846907327525653,0.5800133347511292,0.8293916583061218
h512_wd1e-05_s0,l4,32,0.0005,0.2941479391377905,0.7386937141418457,0.9771173650568181,0.7104029990627929,1.765173874706569,0.13514082667593974,0.5855934619903564,0.8647080659866333
h512_wd1e-05_s0,l4,33,0.0005,0.2563029333301213,0.77201247215271,0.9788707386363635,0.7100515463917526,1.3685922654880514,0.10160728221258777,0.5903927683830261,0.9066345691680908
h512_wd1e-05_s0,l4,34,0.0005,0.2412114266468131,0.8002961874008179,0.9834724195075757,0.7112230552952202,1.5366679439337987,0.10215938751788096,0.5950185060501099,0.9504066109657288
h512_wd1e-05_s0,l5,1,0.0005,0.7113273441791534,0.6826539039611816,0.7207312597486009,0.7113831089351286,0.9050546361586472,0.254612633604646,0.24059292674064636,0.036456398665905
h512_wd1e-05_s0,l5,2,0.0005,0.6964008781042966,0.67728191614151,0.7354650273725418,0.6780905752753977,0.9734970840751713,0.2770446276239694,0.2754514217376709,0.048878297209739685
h512_wd1e-05_s0,l5,3,0.0005,0.6656196496703408,0.6578128337860107,0.749220111936875,0.7112607099143207,0.6343394476344395,0.19543090249285922,0.29205644130706787,0.04731830954551697
h512_wd1e-05_s0,l5,4,0.0005,0.6491985998370431,0.6410091519355774,0.778442976419855,0.7112607099143207,0.8646506443030746,0.23124746392496293,0.3119570314884186,0.0390060730278492
h512_wd1e-05_s0,l5,5,0.0005,0.6524212008172815,0.6541008949279785,0.7818836590512892,0.7141982864137086,1.3871876352723105,0.39085193414812863,0.3327975869178772,0.037231460213661194
h512_wd1e-05_s0,l5,6,0.0005,0.6280443695458499,0.6372013688087463,0.800585680643484,0.7070991432068544,1.1058701225507865,0.3203228896625569,0.35395169258117676,0.03877387195825577
h512_wd1e-05_s0,l5,7,0.0005,0.6025955108079043,0.621896505355835,0.8190200935865676,0.7134638922888616,1.0065104451575164,0.26080940135348807,0.3710322380065918,0.04586279019713402
h512_wd1e-05_s0,l5,8,0.0005,0.6087354719638824,0.7114917635917664,0.7968773893629384,0.7099143206854345,1.387852405303761,0.3464186973309005,0.3879269063472748,0.049912065267562866
h512_wd1e-05_s0,l5,9,0.0005,0.6046331213279204,0.6191751956939697,0.839541853992721,0.7182374541003672,1.4202865374748888,0.415402068740813,0.4063264727592468,0.05134657025337219
h512_wd1e-05_s0,l5,10,0.0005,0.5411802665753798,0.6327850818634033,0.8506820197571643,0.7197062423500612,0.9266427697383421,0.2549108111320174,0.42322883009910583,0.06973928958177567
h512_wd1e-05_s0,l5,11,0.0005,0.5452825278043747,0.6065871715545654,0.8630837691531332,0.7266829865361077,1.2981891975453212,0.3106590664640071,0.4380064010620117,0.08286470919847488
h512_wd1e-05_s0,l5,12,0.0005,0.5095724097707055,0.6074485778808594,0.876945897177111,0.728641370869033,0.8736782241674508,0.21170253004187742,0.4527691900730133,0.10998006910085678
h512_wd1e-05_s0,l5,13,0.0005,0.5112031373110685,0.6070346832275391,0.8880554790959415,0.7232558139534884,1.434639439541971,0.2953301778356256,0.4704534411430359,0.13884097337722778
h512_wd1e-05_s0,l5,14,0.0005,0.5159746408462524,0.6049540042877197,0.8944704407132154,0.7345165238678091,1.2536984180574402,0.2609338131513594,0.48742833733558655,0.1477605700492859
h512_wd1e-05_s0,l5,15,0.0005,0.4779610498384996,0.6269769072532654,0.897574701042909,0.7246022031823746,1.204111204797154,0.2613784623201533,0.5022147297859192,0.1808888465166092
h512_wd1e-05_s0,l5,16,0.0005,0.4593800225041129,0.6239201426506042,0.9036379484356363,0.7250917992656059,1.2460953390115053,0.2338954358347129,0.5154250860214233,0.20549525320529938
h512_wd1e-05_s0,l5,17,0.0005,0.4535918872464787,0.6562725305557251,0.9157950270667035,0.7325581395348838,1.4383796869003602,0.27984006960592667,0.5268776416778564,0.23041336238384247
h512_wd1e-05_s0,l5,18,0.0005,0.46354778720573947,0.6404412984848022,0.9229745848242958,0.7238678090575276,1.5145787388406489,0.2569544393318009,0.5388679504394531,0.2542962431907654
h512_wd1e-05_s0,l5,19,0.0005,0.4215621067719026,0.6442767381668091,0.9267058139890509,0.7336597307221543,1.2867103053508464,0.22196874182799206,0.5504888892173767,0.2894445061683655
h512_wd1e-05_s0,l5,20,0.0005,0.39702514897693286,0.6461496353149414,0.9367602532342417,0.7339045287637699,1.3910222793781928,0.20261340382146298,0.5596692562103271,0.31955933570861816
h512_wd1e-05_s0,l5,21,0.0005,0.39730345525524835,0.6579854488372803,0.94380982964798,0.7309669522643819,1.538405673363297,0.22447962211778563,0.5685374140739441,0.34685075283050537
h512_wd1e-05_s0,l5,22,0.0005,0.4125697341832248,0.6343706846237183,0.949131418784598,0.7359853121175032,1.6402636491738525,0.23263814110796927,0.5789749622344971,0.36887913942337036
h512_wd1e-05_s0,l5,23,0.0005,0.4243267693302848,0.8843899965286255,0.9399944949077897,0.7247246022031824,1.990116761469298,0.2680765396796694,0.5907362103462219,0.38133519887924194
h512_wd1e-05_s0,l5,24,0.0005,0.45708538727326825,0.6819959878921509,0.9477857295776371,0.7376988984088128,2.021042524961,0.29559447733447525,0.6027980446815491,0.3660762310028076
h512_wd1e-05_s0,l5,25,0.0005,0.4259649596431039,0.6514284610748291,0.9534513869773985,0.7239902080783354,1.8177851863238828,0.25691175705497055,0.6117944717407227,0.3837212324142456
h512_wd1e-05_s0,l5,26,0.0005,0.45057044516910205,0.6750997304916382,0.9512875799002967,0.7183598531211751,2.1442710430864955,0.2507786824875945,0.6229403614997864,0.37554919719696045
h512_wd1e-05_s0,l5,27,0.0005,0.3596577136354013,0.7372803092002869,0.9573431813316207,0.7390452876376989,1.3287152499455035,0.1831728527584561,0.6314472556114197,0.40280064940452576
h512_wd1e-05_s0,l5,28,0.0005,0.41900283098220825,0.6881844401359558,0.9656696332996912,0.7330477356181151,2.101664250376318,0.2527802411196469,0.6396135687828064,0.40727177262306213
h512_wd1e-05_s0,l5,29,0.0005,0.36238406056707556,0.6891347765922546,0.9613343731840842,0.7223990208078336,1.682580131872488,0.21779952585360468,0.6480922698974609,0.43163472414016724
h512_wd1e-05_s0,l5,30,0.0005,0.31896169551394205,0.7076804637908936,0.9660978071382695,0.7433292533659731,1.2546084307327883,0.17908790860328214,0.6551034450531006,0.4666232168674469
h512_wd1e-05_s0,l5,31,0.0005,0.32131739231673156,0.6978310942649841,0.9723598495274797,0.7312117503059975,1.6348464754149057,0.1855822124159066,0.6616919040679932,0.4987623691558838
h512_wd1e-05_s0,l5,32,0.0005,0.27912700176239014,0.7215555906295776,0.9789124384500107,0.7326805385556916,1.3260342577610826,0.15495623943171075,0.6686434149742126,0.5477588772773743
h512_wd1e-05_s0,l5,33,0.0005,0.2694802622903477,0.7954433560371399,0.9757470104290914,0.7365973072215422,1.507007859588255,0.1525036524849232,0.6750488877296448,0.5889743566513062
h512_wd1e-05_s0,l5,34,0.0005,0.2897197163917802,0.8203311562538147,0.9849451019971251,0.7408812729498163,1.942557717014217,0.17855146004015834,0.6822905540466309,0.6159603595733643
h512_wd1e-05_s0,l5,35,0.0005,0.28016563775864517,0.7640905976295471,0.983507661253326,0.7298653610771113,1.8236777543709806,0.15254787799958636,0.6914075613021851,0.6475344300270081
h512_wd1e-05_s0,l5,36,0.0005,0.25405480848117307,0.8274962902069092,0.9885539957794293,0.73390452876377,1.7751911286071655,0.1510251630159136,0.6987369656562805,0.6841335892677307
h512_wd1e-05_s0,l5,37,0.0005,0.22061215374957432,0.8372468948364258,0.9893415298039576,0.7307221542227662,1.5141436167588096,0.1456211370049139,0.7056883573532104,0.7308837175369263
h512_wd1e-05_s0,l5,38,0.0005,0.2215951457619667,0.8247613906860352,0.9903507967091782,0.730232558139535,1.6246563612927394,0.13481242946675628,0.7119901776313782,0.7643997073173523
h512_wd1e-05_s0,l5,39,0.0005,0.2268226949328726,0.8854195475578308,0.992919839740649,0.7312117503059976,2.1353410045646934,0.15999658631383087,0.7186180949211121,0.8016018867492676
h512_wd1e-05_s0,l5,40,0.0005,0.2560990120876919,0.7923404574394226,0.9908095543933695,0.7186046511627907,2.5915466881178237,0.1682399576945965,0.7256154417991638,0.8244485259056091
h512_wd1e-05_s0,l5,41,0.0005,0.24312226880680432,0.9535886645317078,0.9940820258739334,0.720563035495716,1.9910371063632402,0.13825406122159017,0.7328598499298096,0.8436800241470337
h512_wd1e-05_s0,l5,42,0.0005,0.25132876295935025,0.8414979577064514,0.9940896718353367,0.7255813953488373,2.41153915222807,0.14548053790101986,0.7395042181015015,0.8639729022979736
h512_wd1e-05_s0,l5,43,0.0005,0.19698157703334634,0.935261070728302,0.9954353610422975,0.7231334149326806,1.7596196186850706,0.12654726974535457,0.746015191078186,0.8949277997016907
h512_wd1e-05_s0,l5,44,0.0005,0.1927707517011599,0.9341259598731995,0.9976603358106249,0.7239902080783354,2.007569664607147,0.11903230024192521,0.7515535950660706,0.9281350374221802
h512_wd1e-05_s0,l5,45,0.0005,0.1501936473968354,0.9706978797912598,0.9979432363825428,0.7259485924112606,1.4034871049775317,0.11628075266747614,0.7572369575500488,0.9750656485557556
h512_wd1e-05_s0,l5,46,0.0005,0.19016660411249509,1.1367286443710327,0.99860843502462,0.7055079559363525,2.3871082747526007,0.12060199822470175,0.7633521556854248,1.0097508430480957
h512_wd1e-05_s0,l5,47,0.0005,0.16685566983439706,1.0517356395721436,0.9983408263755085,0.7141982864137086,2.3059600488822856,0.12151294030196755,0.7697958946228027,1.0416325330734253
h512_wd1e-05_s0,l5,48,0.0005,0.1451183340766213,1.1031806468963623,0.9981343854176223,0.719094247246022,1.9910648538705937,0.10548368306196676,0.775403618812561,1.0752804279327393
h512_wd1e-05_s0,l5,49,0.0005,0.12190339290960268,1.1233694553375244,0.9989525032877634,0.7096695226438188,1.573797048785994,0.09039067042310248,0.7798560857772827,1.1145249605178833
h512_wd1e-05_s0,l5,50,0.0005,0.16692580926147374,1.074568748474121,0.9975303544667706,0.7068543451652387,2.4773301233198244,0.12518405983199424,0.7846815586090088,1.1402324438095093
h512_wd1e-05_s0,l6,1,0.0005,0.7511804731268632,0.7196131348609924,0.6257504111842105,0.575487012987013,1.8197799288476546,0.46832997755984407,0.2298554927110672,0.036475345492362976
h512_wd1e-05_s0,l6,2,0.0005,0.7080917797590557,0.6880943775177002,0.6920230263157895,0.6097402597402597,1.3679321291717206,0.3602020826446752,0.2729632258415222,0.06177520006895065
h512_wd1e-05_s0,l6,3,0.0005,0.6679880117115221,0.6726996898651123,0.7680818256578947,0.6636363636363636,0.7610797822552742,0.20144885489302536,0.28982511162757874,0.06799484044313431
h512_wd1e-05_s0,l6,4,0.0005,0.6552838839982685,0.6660159826278687,0.7572368421052632,0.6459415584415584,0.8405617501981976,0.21581857617790912,0.30482932925224304,0.0621127150952816
h512_wd1e-05_s0,l6,5,0.0005,0.6435678789490148,0.6759050488471985,0.7881784539473684,0.6758116883116884,1.0778303931718853,0.2549137842463859,0.32264119386672974,0.054072216153144836
h512_wd1e-05_s0,l6,6,0.0005,0.6166286280280665,0.640065610408783,0.809899259868421,0.6881493506493507,1.0762210430990882,0.24859389187635353,0.34406039118766785,0.04503626003861427
h512_wd1e-05_s0,l6,7,0.0005,0.5979875357527482,0.6325210332870483,0.8292763157894737,0.6956168831168831,1.2391146629413576,0.27355626462060145,0.3687046766281128,0.03818393126130104
h512_wd1e-05_s0,l6,8,0.0005,0.5842199200078061,0.6629098057746887,0.8460629111842106,0.6931818181818181,1.4557215694125618,0.2949378035811924,0.39248472452163696,0.03868450969457626
h512_wd1e-05_s0,l6,9,0.0005,0.5615018606185913,0.6245566010475159,0.8659642269736842,0.6969155844155843,1.326962542864827,0.30113315518533096,0.41543352603912354,0.04355475306510925
h512_wd1e-05_s0,l6,10,0.0005,0.5265641228148812,0.6224508881568909,0.880067845394737,0.7043831168831169,1.0216210053921668,0.22769861181328474,0.4380446970462799,0.06147985905408859
h512_wd1e-05_s0,l6,11,0.0005,0.5125403592461034,0.6518858671188354,0.8929584703947367,0.7008116883116883,1.7046656485624554,0.30459605119305877,0.46026721596717834,0.08427517116069794
h512_wd1e-05_s0,l6,12,0.0005,0.49602542739165456,0.671062171459198,0.9003392269736843,0.6982142857142858,1.471287466999355,0.25629470437984925,0.47916287183761597,0.10330624133348465
h512_wd1e-05_s0,l6,13,0.0005,0.5132812073356227,0.6455169320106506,0.9108449835526315,0.7060064935064936,1.987100343372261,0.33858786236981203,0.49789538979530334,0.10978581756353378
h512_wd1e-05_s0,l6,14,0.0005,0.5051475120218176,0.8691973090171814,0.8926603618421053,0.6829545454545455,1.8843617288041201,0.3085738591133267,0.5153669118881226,0.11631494760513306
h512_wd1e-05_s0,l6,15,0.0005,0.5215392787205545,0.7499857544898987,0.9128186677631579,0.7025974025974026,2.0370054341563306,0.35077984070007107,0.5336933135986328,0.11199870705604553
h512_wd1e-05_s0,l6,16,0.0005,0.4799027913495114,0.6998178958892822,0.9147512335526315,0.7043831168831169,1.6974593626982013,0.29391740841848313,0.5493680238723755,0.11574595421552658
h512_wd1e-05_s0,l6,17,0.0005,0.46025908620733963,0.7175459861755371,0.9228926809210526,0.7099025974025974,1.8981780941772406,0.3614576023696038,0.5646238327026367,0.13018178939819336
h512_wd1e-05_s0,l6,18,0.0005,0.534869826153705,0.6890878677368164,0.9326994243421052,0.7061688311688312,2.4303887201468326,0.44181167055670517,0.5800325870513916,0.11996476352214813
h512_wd1e-05_s0,l6,19,0.0005,0.4538260651262183,0.6404322981834412,0.9391036184210527,0.7141233766233767,1.6118001940497786,0.28448665582841737,0.5943912267684937,0.12975674867630005
h512_wd1e-05_s0,l6,20,0.0005,0.40031000344376816,0.646282434463501,0.9416118421052632,0.709577922077922,1.2756773244352602,0.23153862110219317,0.6066083908081055,0.16312360763549805
h512_wd1e-05_s0,l6,21,0.0005,0.3802177717811183,0.6827601194381714,0.951953125,0.700487012987013,1.3122363109855937,0.22681218421024035,0.6176783442497253,0.197598397731781
h512_wd1e-05_s0,l6,22,0.0005,0.36507018459470647,0.6704387068748474,0.954872532894737,0.70762987012987,1.1503497092646522,0.21247518523177486,0.6275849342346191,0.2288278043270111
h512_wd1e-05_s0,l6,23,0.0005,0.34587771641580684,0.7340548634529114,0.9565892269736842,0.6865259740259742,1.404304386238391,0.2096279736333553,0.6381267309188843,0.2654096782207489
h512_wd1e-05_s0,l6,24,0.0005,0.34469541279893173,0.7160840630531311,0.964453125,0.6954545454545454,1.4093716447539542,0.20403456770332168,0.648914635181427,0.29442358016967773
h512_wd1e-05_s0,l6,25,0.0005,0.3388317823410034,0.6911224126815796,0.9685855263157894,0.7048701298701299,1.7728812381653458,0.23197819473593384,0.6592029333114624,0.31449392437934875
h512_wd1e-05_s0,l6,26,0.0005,0.30402114438383204,0.6933361887931824,0.9733861019736841,0.7016233766233765,1.5845034394151198,0.21109754501849562,0.6689292192459106,0.34468957781791687
h512_wd1e-05_s0,l6,27,0.0005,0.3326449653035716,1.008354663848877,0.9695518092105263,0.7011363636363637,2.0326898629136347,0.2622997793544918,0.678805947303772,0.36898863315582275
h512_wd1e-05_s0,l6,28,0.0005,0.3592495212429448,0.8097409009933472,0.9717310855263158,0.6902597402597402,2.2618144450539814,0.30043073615033994,0.6916048526763916,0.36022722721099854
h512_wd1e-05_s0,l6,29,0.0005,0.2924717782359374,0.8501697778701782,0.981311677631579,0.690909090909091,1.8963314362413137,0.2788467866262366,0.7033511400222778,0.38529661297798157
h512_wd1e-05_s0,l6,30,0.0005,0.3657639928554234,0.6950903534889221,0.9805201480263158,0.6904220779220779,2.8068711968688658,0.3440808766785889,0.713482141494751,0.3961484730243683
h512_wd1e-05_s0,l6,31,0.0005,0.293604145708837,0.7938089370727539,0.9826171875,0.687012987012987,1.610988148904372,0.2109826879943089,0.7223709225654602,0.416670024394989
h512_wd1e-05_s0,l6,32,0.0005,0.280669441348628,0.8121644258499146,0.9869551809210526,0.685064935064935,1.821690182252037,0.19950885383507752,0.7312207818031311,0.4440421462059021
h512_wd1e-05_s0,l6,33,0.0005,0.26679134055187825,0.8748260140419006,0.9823704769736842,0.6920454545454545,1.7781144500284058,0.21495088847482785,0.7395687103271484,0.46883440017700195
h512_wd1e-05_s0,l6,34,0.0005,0.30664994136283275,0.9555549621582031,0.988013980263158,0.6762987012987013,2.5904187043707325,0.25042649624167285,0.7486037015914917,0.4808614253997803
h512_wd1e-05_s0,l6,35,0.0005,0.2947170797147249,0.9584996104240417,0.9878700657894737,0.6818181818181818,2.0836214559902437,0.2225492840944039,0.757680356502533,0.4866935908794403
h512_wd1e-05_s0,l6,36,0.0005,0.270020072005297,0.9181771278381348,0.9867804276315789,0.6824675324675324,2.2337616956728525,0.21688318842186072,0.7655946016311646,0.5036134719848633
h512_wd1e-05_s0,l6,37,0.0005,0.2996493852452228,0.7866817116737366,0.9916221217105263,0.6792207792207792,2.4765428715970748,0.24925740520892123,0.7734532952308655,0.5077797174453735
h512_wd1e-05_s0,l6,38,0.0005,0.20844013126272903,0.817394495010376,0.9914576480263158,0.680194805194805,1.3828023019264868,0.17203684068170624,0.7805187702178955,0.5395978689193726
h512_wd1e-05_s0,l6,39,0.0005,0.22145311142268934,0.8387589454650879,0.9915296052631579,0.6827922077922078,1.9519371039619606,0.18526117942219344,0.786779522895813,0.5730900764465332
h512_wd1e-05_s0,l7,1,0.0005,0.6953567992085996,0.7053315043449402,0.7272606117145333,0.6152764761012184,1.158590532045335,0.29679452925598254,0.24204474687576294,0.02240988239645958
h512_wd1e-05_s0,l7,2,0.0005,0.6741950848828191,0.6550865769386292,0.7667755047644431,0.6846298031865042,1.408308157314068,0.35895498968375017,0.2861599326133728,0.038229331374168396
h512_wd1e-05_s0,l7,3,0.0005,0.6649075435555499,0.7408186793327332,0.7502054596743741,0.6294517338331771,1.5283665344703075,0.40404607113224933,0.31388118863105774,0.046885039657354355
h512_wd1e-05_s0,l7,4,0.0005,0.6168900287669637,0.6381599307060242,0.7941331082531855,0.7060684161199624,1.0261577409185343,0.2601637698850119,0.3392065763473511,0.050516217947006226
h512_wd1e-05_s0,l7,5,0.0005,0.5994198011315387,0.6261993646621704,0.8154787025314112,0.7169634489222119,1.2153651982415217,0.28063994168319384,0.3683029115200043,0.04317450895905495
h512_wd1e-05_s0,l7,6,0.0005,0.5626195150872936,0.6222303509712219,0.8362171727268016,0.7291471415182756,1.3250523182707252,0.32257919409223573,0.4000966548919678,0.04511374235153198
h512_wd1e-05_s0,l7,7,0.0005,0.5583142392013384,0.605053186416626,0.8561634200336139,0.7444939081537021,1.4790159636489053,0.35555264559278915,0.4303322434425354,0.053396519273519516
h512_wd1e-05_s0,l7,8,0.0005,0.5558702556983285,0.6014063358306885,0.8746288768944863,0.7489456419868792,1.8221219751980247,0.39297802025595946,0.45652565360069275,0.05860830843448639
h512_wd1e-05_s0,l7,9,0.0005,0.5106580659099247,0.6013935804367065,0.8851498930128903,0.7511715089034677,1.2742467218975104,0.28902613400867905,0.4848131537437439,0.07118518650531769
h512_wd1e-05_s0,l7,10,0.0005,0.5244058616783308,0.602894127368927,0.896374284593116,0.7448453608247422,2.0431334381519055,0.4470299168354227,0.510968804359436,0.07772587984800339
h512_wd1e-05_s0,l7,11,0.0005,0.48456587480462116,0.5908942222595215,0.9074654050332067,0.7587863167760075,1.6693084534196807,0.3490015089924407,0.5352643132209778,0.09619665145874023
h512_wd1e-05_s0,l7,12,0.0005,0.48084782647049945,0.5931289792060852,0.9076505038389492,0.7596063730084349,1.6749490405298082,0.3378505438575134,0.5573168992996216,0.10836147516965866
h512_wd1e-05_s0,l7,13,0.0005,0.5133892168169436,0.5936095714569092,0.9239243908398304,0.7539831302717901,2.1131667550857536,0.4126385276488442,0.5783252716064453,0.09399271011352539
h512_wd1e-05_s0,l7,14,0.0005,0.4388529463954594,0.6209878325462341,0.927707810429207,0.7487113402061856,1.5362735586332343,0.32923604468473233,0.5988074541091919,0.11804106086492538
h512_wd1e-05_s0,l7,15,0.0005,0.45235855942187103,0.5911800265312195,0.9309285296491266,0.7578491096532334,1.9335109812709117,0.41480609588506584,0.6193715333938599,0.13159219920635223
h512_wd1e-05_s0,l7,16,0.0005,0.4006135748780292,0.6037955284118652,0.9412570430095586,0.7637066541705717,1.2890741397775762,0.264136331192398,0.6387486457824707,0.15685924887657166
h512_wd1e-05_s0,l7,17,0.0005,0.4714604344057,0.6649540662765503,0.948949749376217,0.7628865979381443,2.4261735257303183,0.4844710327846318,0.6585569977760315,0.16155599057674408
h512_wd1e-05_s0,l7,18,0.0005,0.4086218256017436,0.6023352742195129,0.9491126363252704,0.7594892221180881,1.6265035259423914,0.313037705071854,0.6783506870269775,0.1758861094713211
h512_wd1e-05_s0,l7,19,0.0005,0.3630786473336427,0.6332207918167114,0.9541473238414666,0.7666354264292409,1.3179260723901793,0.254807718570575,0.69456946849823,0.20841816067695618
h512_wd1e-05_s0,l7,20,0.0005,0.35857971466105915,0.6021231412887573,0.9581676699021937,0.7640581068416121,1.432853057619623,0.24324691560730255,0.7105180621147156,0.23330305516719818
h512_wd1e-05_s0,l7,21,0.0005,0.3639308499253314,0.6076589822769165,0.9664156726860799,0.764526710402999,1.9108886767639628,0.30347986260572163,0.7259441614151001,0.2588314712047577
h512_wd1e-05_s0,l7,22,0.0005,0.3468845985505892,0.7706971168518066,0.9656086418930425,0.7749531396438614,2.0202468607115893,0.3254080546402061,0.7421822547912598,0.2782166004180908
h512_wd1e-05_s0,l7,23,0.0005,0.3927505644767181,0.675618052482605,0.9728423032214596,0.7618322399250234,2.2701955848300153,0.3733413227017898,0.7587844133377075,0.28729668259620667
h512_wd1e-05_s0,l7,24,0.0005,0.34418981749078503,0.6280871629714966,0.9757446524955021,0.764526710402999,2.0089955994101643,0.2540864624517127,0.7756224274635315,0.30131441354751587
h512_wd1e-05_s0,l7,25,0.0005,0.29929797027422034,0.6411887407302856,0.9794466286103523,0.7603092783505155,1.4791318401027753,0.23280150959962248,0.7902739644050598,0.3271520435810089
h512_wd1e-05_s0,l7,26,0.0005,0.2947172788174256,0.6637953519821167,0.9824082095022323,0.7535145267104031,1.740464267184042,0.2289481745072031,0.8029561042785645,0.35664528608322144
h512_wd1e-05_s0,l7,27,0.0005,0.27917375836683356,0.684014618396759,0.9852143073972887,0.7606607310215557,1.8240858613980946,0.227051958838088,0.8171371817588806,0.3846607804298401
h512_wd1e-05_s0,l7,28,0.0005,0.25597752533529117,0.7060508131980896,0.9868431768878227,0.7569119025304591,1.527483983940384,0.1887950204608975,0.8299993276596069,0.41428303718566895
h512_wd1e-05_s0,l7,29,0.0005,0.2306732619586198,0.7387336492538452,0.9871245270725513,0.7617150890346767,1.4397265974678854,0.18496568828399323,0.8411851525306702,0.4494818449020386
h512_wd1e-05_s0,l7,30,0.0005,0.22145500066487686,0.7872965931892395,0.9871393349770108,0.7473055295220244,1.5832685334849923,0.17698326240668175,0.8524075150489807,0.4871945083141327
h512_wd1e-05_s0,l7,31,0.0005,0.23309661059275918,0.8681522011756897,0.9902193791045659,0.7525773195876289,1.8762475347894794,0.17509931663411987,0.864308774471283,0.5118846297264099
h512_wd1e-05_s0,l7,32,0.0005,0.23024334369794183,0.8568023443222046,0.993032880951852,0.7552717900656044,1.9758295426248305,0.19527799293736517,0.8780889511108398,0.5322254300117493
h512_wd1e-05_s0,l7,33,0.0005,0.22252037764891333,0.842693567276001,0.9897307182574058,0.7468369259606373,1.9061612446994916,0.1859203670822893,0.8911504745483398,0.5609493255615234
h512_wd1e-05_s0,l7,34,0.0005,0.2110638207067614,0.7353091835975647,0.9941953014519151,0.7638238050609185,1.7919209244865946,0.16962511205811606,0.9013679623603821,0.580376386642456
h512_wd1e-05_s0,l7,35,0.0005,0.1999966184730115,0.7415246963500977,0.9945284793022515,0.7628865979381443,1.822371580312216,0.18232686028603953,0.9118188619613647,0.6091424822807312
h512_wd1e-05_s0,l7,36,0.0005,0.2258921035605928,0.7422279715538025,0.9944100160665763,0.7648781630740393,2.4400869771241456,0.2124118270505381,0.9232901334762573,0.6267134547233582
h512_wd1e-05_s0,l7,37,0.0005,0.18605380634898724,0.8517202138900757,0.996246196219542,0.7596063730084348,1.6051200055004198,0.15186030607153117,0.9323657155036926,0.6553537249565125
h512_wd1e-05_s0,l7,38,0.0005,0.16498780866032062,0.8942318558692932,0.9960685013660292,0.758083411433927,1.881665897575738,0.15925288072913274,0.942158579826355,0.6875666975975037
h512_wd1e-05_s0,l7,39,0.0005,0.3107688239087229,0.7910909056663513,0.9956834958500848,0.7489456419868791,3.8869614894752487,0.35272556990108983,0.9553420543670654,0.6748207211494446
h512_wd1e-05_s0,l7,40,0.0005,0.21234467398861182,0.7745828032493591,0.996320235741839,0.7526944704779757,2.1722542583710527,0.1964323083022688,0.9662079215049744,0.6777164340019226
h512_wd1e-05_s0,l7,41,0.0005,0.2280988391974698,0.769218921661377,0.9976085234298068,0.7532802249297095,2.546267309970293,0.18369667125415537,0.9750108122825623,0.6922980546951294
h512_wd1e-05_s0,l7,42,0.0005,0.17341350051371948,0.7913792729377747,0.9973864048629159,0.7556232427366447,1.536060856014075,0.14428138569045518,0.9832178354263306,0.7129427194595337
h512_wd1e-05_s0,l8,1,0.0005,0.7104211557995189,0.6913537979125977,0.7277537277537277,0.6365325077399381,0.8243515252233681,0.2404313135668313,0.24245448410511017,0.033569030463695526
h512_wd1e-05_s0,l8,2,0.0005,0.6840292025696147,0.6773380637168884,0.7675371223758322,0.6580804953560372,0.7740948158178669,0.2159076389465964,0.2802273631095886,0.044909607619047165
h512_wd1e-05_s0,l8,3,0.0005,0.6630470373413779,0.6708518266677856,0.7693990597216404,0.6630340557275543,0.7046188340853988,0.20176839822568035,0.30056193470954895,0.04559507593512535
h512_wd1e-05_s0,l8,4,0.0005,0.6443418128923937,0.6736491322517395,0.7531303821626403,0.6491640866873066,0.9566241021628769,0.25013259480390543,0.3236740827560425,0.04572291672229767
h512_wd1e-05_s0,l8,5,0.0005,0.615399647842754,0.6464684009552002,0.8067929680832907,0.6790092879256966,0.9378081730136242,0.24222414042115537,0.3461171090602875,0.04693419486284256
h512_wd1e-05_s0,l8,6,0.0005,0.6157669452103701,0.6770023703575134,0.8183059473382055,0.6814860681114552,1.2103181118928081,0.309143290064024,0.3678095042705536,0.052975695580244064
h512_wd1e-05_s0,l8,7,0.0005,0.5992227034135298,0.7035675048828125,0.8253270027463576,0.686687306501548,1.2376566700854565,0.3025635355485165,0.3902592957019806,0.05894292891025543
h512_wd1e-05_s0,l8,8,0.0005,0.6095246401700106,0.6432938575744629,0.8433877950006983,0.6855727554179567,1.4520175974441447,0.34778839526472866,0.41165691614151,0.06021534651517868
h512_wd1e-05_s0,l8,9,0.0005,0.5508413897319273,0.6479367017745972,0.85386119257087,0.6910216718266253,0.9060080638124862,0.2391862785034806,0.43184012174606323,0.06841793656349182
h512_wd1e-05_s0,l8,10,0.0005,0.5410944778810848,0.6502625346183777,0.8651259135130103,0.6925077399380805,1.257540057615089,0.2870895030251832,0.448169082403183,0.08486291766166687
h512_wd1e-05_s0,l8,11,0.0005,0.5008213343945417,0.6437770128250122,0.87343480891868,0.7046439628482972,0.8737031390613219,0.19985187538393168,0.46382054686546326,0.11212386190891266
h512_wd1e-05_s0,l8,12,0.0005,0.4860612059181387,0.644656777381897,0.8926903443032476,0.710092879256966,1.006419103854477,0.18962578907988883,0.4784429967403412,0.14486218988895416
h512_wd1e-05_s0,l8,13,0.0005,0.4972989721731706,0.6992377638816833,0.9027448059706124,0.7117027863777089,1.2965746022742868,0.23234853673253478,0.49699896574020386,0.17271630465984344
h512_wd1e-05_s0,l8,14,0.0005,0.46582054685462604,0.6646217107772827,0.9112709273999596,0.7118266253869969,1.3175561237800277,0.2145192825036805,0.5139068365097046,0.20551645755767822
h512_wd1e-05_s0,l8,15,0.0005,0.5028162178668109,0.6636736989021301,0.9193238064205806,0.7164086687306502,1.748839165391008,0.3087912087080428,0.5295530557632446,0.2036665678024292
h512_wd1e-05_s0,l8,16,0.0005,0.46336351199583575,0.645056426525116,0.9272215239957174,0.7166563467492261,1.538507781774826,0.25002390548062947,0.5433444380760193,0.22931072115898132
h512_wd1e-05_s0,l8,17,0.0005,0.4192684414711865,0.652759313583374,0.9341262083197568,0.716780185758514,1.044976013942922,0.20010113413797892,0.5571567416191101,0.26946818828582764
h512_wd1e-05_s0,l8,18,0.0005,0.41915179653601214,0.680722713470459,0.9423264907135875,0.7097213622291022,1.6000636777994772,0.25536524348865286,0.5699877738952637,0.3115200102329254
h512_wd1e-05_s0,l8,19,0.0005,0.4127180820161646,0.6696450710296631,0.9524585331036943,0.7120743034055728,1.500145232093694,0.22527240052890674,0.5824806094169617,0.3301558494567871
h512_wd1e-05_s0,l8,20,0.0005,0.3852962770245292,0.698570191860199,0.94866483576161,0.7109597523219815,1.5023512442067675,0.2081114351213977,0.5944786071777344,0.3617812693119049
h512_wd1e-05_s0,l8,21,0.0005,0.39854010397737677,0.6622557044029236,0.9570590699622957,0.7192569659442726,1.8955426933847077,0.20627767480102566,0.6058450937271118,0.38690871000289917
h512_wd1e-05_s0,l8,22,0.0005,0.35176304660060187,0.8249091506004333,0.9552436810501326,0.7195046439628484,1.3220677353128327,0.15933212677387648,0.6166231036186218,0.42346444725990295
h512_wd1e-05_s0,l8,23,0.0005,0.33693221685561264,0.710882306098938,0.9672997253642415,0.721609907120743,1.5074225808592707,0.17912438559344487,0.626003086566925,0.45890867710113525
h512_wd1e-05_s0,l8,24,0.0005,0.32231550934639847,0.7104372382164001,0.9706356964421481,0.7141795665634676,1.6507035553867107,0.15463659730917914,0.6359138488769531,0.49404674768447876
h512_wd1e-05_s0,l8,25,0.0005,0.316375156017867,0.7744864821434021,0.9689211624695495,0.7178947368421053,1.4828448622644033,0.16297635879620095,0.6458428502082825,0.533545196056366
h512_wd1e-05_s0,l8,26,0.0005,0.34275373274629767,0.7352179884910583,0.9754224270353302,0.7180185758513933,2.141967680966196,0.21468889088535603,0.6562364101409912,0.5606163740158081
h512_wd1e-05_s0,l8,27,0.0005,0.3125249201601202,0.7566686868667603,0.9776955422116712,0.7130650154798761,1.9843914565320766,0.197356030361705,0.6668456792831421,0.582464337348938
h512_wd1e-05_s0,l8,28,0.0005,0.30601207234642724,0.7452968955039978,0.9796738506415926,0.7240866873065016,1.8978092394102648,0.15791714741402532,0.6759756207466125,0.6113010048866272
h512_wd1e-05_s0,l8,29,0.0005,0.34489039941267535,0.7535585761070251,0.9792083663051405,0.713312693498452,2.635388188414963,0.25279456570467357,0.6862398982048035,0.6193212270736694
h512_wd1e-05_s0,l8,30,0.0005,0.32194121994755487,0.7561107277870178,0.9760353147449922,0.7271826625386997,2.072235064322468,0.21305840713929697,0.6981850266456604,0.6209877729415894
h512_wd1e-05_s0,l8,31,0.0005,0.3114515861326998,0.75323885679245,0.983933032320129,0.7203715170278638,1.8316136632197526,0.17428101525139283,0.706449031829834,0.6559876799583435
h512_wd1e-05_s0,l8,32,0.0005,0.33294055272232403,0.7467655539512634,0.9815202718428525,0.7159133126934984,1.865954180054348,0.17851920045863576,0.7152268886566162,0.6825681924819946
h512_wd1e-05_s0,l8,33,0.0005,0.2934672954407605,0.7442699670791626,0.9881611817095688,0.7125696594427244,2.2368026205916904,0.18391204959484264,0.7222171425819397,0.720331609249115
h512_wd1e-05_s0,l8,34,0.0005,0.30022853816097433,0.8529251217842102,0.9840106130428711,0.719876160990712,2.088142998263831,0.1660920614164436,0.7298058867454529,0.7397157549858093
h512_wd1e-05_s0,l8,35,0.0005,0.26953827657482843,0.786051869392395,0.9885801176123756,0.7140557275541796,1.8815038337678835,0.15445319093305873,0.7356958985328674,0.765762984752655
h512_wd1e-05_s0,l8,36,0.0005,0.31826274300163443,0.7918376326560974,0.9817219817219818,0.7112074303405572,2.709948079100727,0.20799118107522388,0.7452757954597473,0.7728368639945984
h512_wd1e-05_s0,l8,37,0.0005,0.25549411807547917,0.8286541700363159,0.9915437012211206,0.708359133126935,2.079163157426792,0.15460783857617785,0.7529126405715942,0.7962216734886169
h512_wd1e-05_s0,l8,38,0.0005,0.24384922331029718,0.813319206237793,0.9913885397756366,0.7141795665634675,1.9680324742343074,0.12585912445652336,0.7583668828010559,0.8293750286102295
h512_wd1e-05_s0,l8,39,0.0005,0.2015386200086637,0.9012605547904968,0.9929711865195736,0.716532507739938,1.6641105818212691,0.13203497680501494,0.7629001140594482,0.8743704557418823
h512_wd1e-05_s0,l8,40,0.0005,0.22924807837063615,0.8541519045829773,0.9941348973607038,0.7052631578947368,2.1345397162456394,0.13109988518723367,0.7676036953926086,0.9015283584594727
h512_wd1e-05_s0,l8,41,0.0005,0.2117109424011274,0.8524242043495178,0.9961907865133672,0.7027863777089784,1.7571080419559821,0.12825371094616003,0.7721247673034668,0.9355846643447876
h512_wd1e-05_s0,l8,42,0.0005,0.2285826060582291,0.8920221328735352,0.9943288491675588,0.7079876160990712,2.3761003812362396,0.1232856118065136,0.7778620719909668,0.9507538080215454
h512_wd1e-05_s0,l8,43,0.0005,0.18117827515710483,0.9411163926124573,0.9946314139862527,0.7060061919504644,1.6515181239411505,0.11043181774620253,0.7830681800842285,0.9862456321716309
h512_wd1e-05_s0,l8,44,0.0005,0.20989730276844717,0.8763502240180969,0.9952830920572856,0.7069969040247678,2.2654837883388548,0.13030596358049956,0.7885667681694031,1.0132653713226318
h512_wd1e-05_s0,l8,45,0.0005,0.18990521268411117,0.9516364336013794,0.9956399633818989,0.7193808049535604,1.9758242152149157,0.10476287957512587,0.793672502040863,1.0493923425674438
h512_wd1e-05_s0,l8,46,0.0005,0.17547211491248824,1.0792737007141113,0.9962528510915607,0.7039009287925697,1.8158389979549767,0.07916330404045478,0.7981795072555542,1.0724127292633057
h512_wd1e-05_s0,l8,47,0.0005,0.19645784287290138,1.0796488523483276,0.9962373349470124,0.7104643962848298,2.708271754244436,0.12324109882241213,0.8031893968582153,1.0909826755523682
h512_wd1e-05_s0,l8,48,0.0005,0.1809510053558783,0.962458610534668,0.9970286583189809,0.715294117647059,1.9940796372992589,0.1114631040134494,0.8083184361457825,1.115318775177002
h512_wd1e-05_s0,l8,49,0.0005,0.14989458888091825,1.0396639108657837,0.9968812549457711,0.7053869969040248,1.597413310317254,0.07720045984119271,0.8119964003562927,1.1476322412490845
h512_wd1e-05_s0,l8,50,0.0005,0.1740703894333406,0.988447904586792,0.9976415460286427,0.7021671826625386,2.461745230134812,0.11807469978738117,0.8168014883995056,1.1698811054229736
h512_wd1e-05_s0,l9,1,0.0005,0.6978136326955713,0.6700164079666138,0.7316073102155576,0.6793580131208997,1.0512061598604425,0.27711046605272016,0.24235188961029053,0.028243467211723328
h512_wd1e-05_s0,l9,2,0.0005,0.6752043210941813,0.7074431777000427,0.7292935801312089,0.6553420805998125,1.2853116978996806,0.3196555160152752,0.2865566909313202,0.039302438497543335
h512_wd1e-05_s0,l9,3,0.0005,0.6546850567278655,0.6428500413894653,0.7798222235238987,0.7048969072164948,1.2838462856720407,0.30016449534239764,0.3113802671432495,0.04568631947040558
h512_wd1e-05_s0,l9,4,0.0005,0.603573599587316,0.6278584003448486,0.7944221532333646,0.7064198687910029,0.8996106973293535,0.25729298014351065,0.3377698063850403,0.03453681990504265
h512_wd1e-05_s0,l9,5,0.0005,0.6137497347334157,0.6312883496284485,0.8185113050609184,0.7134489222118088,1.5660683254723926,0.41161933585219485,0.3687343895435333,0.03159311041235924
h512_wd1e-05_s0,l9,6,0.0005,0.6195678335169087,0.6380351185798645,0.8376654756326148,0.7112230552952201,1.7092011842471901,0.450805386437275,0.39271730184555054,0.041814930737018585
h512_wd1e-05_s0,l9,7,0.0005,0.5583274481089219,0.6259187459945679,0.8485531865042174,0.7211808809746953,1.1297577145121536,0.3007074775927752,0.41907015442848206,0.04163341224193573
h512_wd1e-05_s0,l9,8,0.0005,0.5433984619119893,0.6093782782554626,0.865283798031865,0.7289128397375821,1.4437152300773237,0.36377566288337065,0.44238829612731934,0.0489494688808918
h512_wd1e-05_s0,l9,9,0.0005,0.5529550236204396,0.7610340714454651,0.8582693884723523,0.720360824742268,1.8718136126530953,0.4501869659910669,0.4674597978591919,0.05937967076897621
h512_wd1e-05_s0,l9,10,0.0005,0.5777997711430425,0.7306268811225891,0.8688276124648548,0.7231724461105905,1.9521612264419097,0.4483870966427163,0.48984479904174805,0.04986702650785446
h512_wd1e-05_s0,l9,11,0.0005,0.5233066250448641,0.6163787245750427,0.8921772492970945,0.7361761949390816,1.1845414511296577,0.29851209514122456,0.5129575133323669,0.053690169006586075
h512_wd1e-05_s0,l9,12,0.0005,0.4942675232887268,0.6144186854362488,0.901124648547329,0.7317244611059044,1.2683501821911916,0.31131907619903926,0.5317912697792053,0.06794765591621399
h512_wd1e-05_s0,l9,13,0.0005,0.48396856499754864,0.6344249248504639,0.9063671508903468,0.7311387066541706,1.3747903892834912,0.2980376740946994,0.5513038635253906,0.08132674545049667
h512_wd1e-05_s0,l9,14,0.0005,0.464873845162599,0.6535947322845459,0.9150363167760076,0.7277413308341143,1.5042278611726558,0.335125685793991,0.5721979141235352,0.10346639156341553
h512_wd1e-05_s0,l9,15,0.0005,0.4470472309900367,0.631397545337677,0.9245987582005623,0.7352389878163075,1.5609558765468556,0.3432610218997116,0.5906264781951904,0.1296628713607788
h512_wd1e-05_s0,l9,16,0.0005,0.4287431110506472,0.6354537010192871,0.9334290065604498,0.73441893158388,1.4469994619497293,0.3449767908121388,0.6086048483848572,0.14391514658927917
h512_wd1e-05_s0,l9,17,0.0005,0.3928069640760836,0.6425259709358215,0.9395940721649485,0.7307872539831303,1.1699102622599875,0.23691299100637409,0.6244914531707764,0.17490047216415405
h512_wd1e-05_s0,l9,18,0.0005,0.37923294953677966,0.7873997092247009,0.9458762886597938,0.7352389878163074,1.4347812515351026,0.22978512414144517,0.6412829160690308,0.20308539271354675
h512_wd1e-05_s0,l9,19,0.0005,0.37673610837563226,0.6951418519020081,0.9507893041237113,0.7304358013120901,1.6824848594068043,0.27886190890837154,0.658470630645752,0.22789481282234192
h512_wd1e-05_s0,l9,20,0.0005,0.35283802449703217,0.6705456972122192,0.9608349929709465,0.7366447985004687,1.521555491493405,0.260786523834315,0.6737066507339478,0.2596740126609802
h512_wd1e-05_s0,l9,21,0.0005,0.3228543821884238,0.6974130868911743,0.9659676663542642,0.7343017806935332,1.4955645956106507,0.2626229696627217,0.6876412034034729,0.2913265526294708
h512_wd1e-05_s0,l9,22,0.0005,0.34879349172115326,0.7929126620292664,0.9681496016869728,0.7360590440487347,2.3271578083973194,0.30985709147108886,0.7034148573875427,0.3126864433288574
h512_wd1e-05_s0,l9,23,0.0005,0.3462669693905374,0.7160778045654297,0.974570934864105,0.7392221180880975,1.8289498832733937,0.23796917384183072,0.7178083658218384,0.3258793354034424
h512_wd1e-05_s0,l9,24,0.0005,0.3051066327354182,0.7203190922737122,0.979271614339269,0.7369962511715088,1.871300834701664,0.24114030305653933,0.7313529253005981,0.34947240352630615
h512_wd1e-05_s0,l9,25,0.0005,0.2996113514122756,0.7032501101493835,0.9827934629803188,0.7300843486410497,1.7494415506204073,0.24512671859521767,0.7441009879112244,0.3748376667499542
h512_wd1e-05_s0,l9,26,0.0005,0.2913162183502446,0.781276285648346,0.9830716963448921,0.727389878163074,1.7934032522861276,0.22803514800055777,0.7556437253952026,0.40764445066452026
h512_wd1e-05_s0,l9,27,0.0005,0.3017281799212746,0.7843688726425171,0.9848069939081536,0.73441893158388,2.2145479773752625,0.2638441981674636,0.768434464931488,0.4252976179122925
h512_wd1e-05_s0,l9,28,0.0005,0.31789181996946747,0.7431057691574097,0.9887388706654171,0.7252811621368321,2.2237729901259904,0.27367917630506483,0.7804893255233765,0.4249710738658905
h512_wd1e-05_s0,l9,29,0.0005,0.22650467118491296,0.7809723615646362,0.9886583294283037,0.7275070290534208,1.3902152731118496,0.18876947799309218,0.7903428673744202,0.46365705132484436
h512_wd1e-05_s0,l9,30,0.0005,0.23460670333841574,0.8181752562522888,0.992678069353327,0.7249297094657919,1.6595914704809205,0.18341045672593734,0.800125002861023,0.498794287443161
h512_wd1e-05_s0,l9,31,0.0005,0.2420390837866327,0.783079981803894,0.9922460754451734,0.7262183692596064,1.816838461426325,0.1837211399275928,0.8109931945800781,0.5249544978141785
h512_wd1e-05_s0,l9,32,0.0005,0.221148405386054,0.821704626083374,0.9941937089971884,0.721883786316776,1.689061867970785,0.1794767157196251,0.8208783864974976,0.5551446676254272
h512_wd1e-05_s0,l9,33,0.0005,0.18998548129330511,0.8725173473358154,0.9948014292408622,0.7243439550140581,1.34988051366239,0.1415816242925371,0.830385148525238,0.5891104936599731
h512_wd1e-05_s0,l9,34,0.0005,0.22170274704694748,0.976814329624176,0.9959363284910965,0.7180178069353327,2.3289735889442555,0.18140663788778158,0.8410168886184692,0.6215212941169739
h512_wd1e-05_s0,l9,35,0.0005,0.2566092814440313,0.9151046276092529,0.9974519681349578,0.7152061855670103,2.5469553003203584,0.24383905887004817,0.8518263697624207,0.631199836730957
h512_wd1e-05_s0,l9,36,0.0005,0.2926206867332044,0.8203361630439758,0.9931613167760075,0.7316073102155577,3.0610356496144355,0.2931257027465605,0.8640772104263306,0.6234239935874939
h512_wd1e-05_s0,l9,37,0.0005,0.24121821315392203,0.833748996257782,0.9959143626991565,0.7197750702905342,2.127532356748476,0.18734988640383285,0.8755775094032288,0.6286575198173523
h512_wd1e-05_s0,l9,38,0.0005,0.20859304718349292,0.9280732274055481,0.9937177835051547,0.7229381443298969,2.132046228225136,0.1915255502380498,0.8845660090446472,0.6624971628189087
h512_wd1e-05_s0,l9,39,0.0005,0.24328812308933423,0.9043420553207397,0.9963097469540768,0.7134489222118087,2.68542814711478,0.2279135495238515,0.8942464590072632,0.6742978096008301
h512_wd1e-05_s0,l9,40,0.0005,0.19684827522091244,0.9336146712303162,0.9972762417994376,0.7193064667291471,2.267602192506981,0.18566173623231147,0.9026585817337036,0.6877642273902893
h512_wd1e-05_s0,l9,41,0.0005,0.1657062380210213,0.9261053800582886,0.9973567830365511,0.7161433926897844,1.8403058462976019,0.14997228134548704,0.909517765045166,0.7127100825309753
h512_wd1e-05_s0,l9,42,0.0005,0.14859341927196668,1.0429813861846924,0.9983159559512652,0.7082942830365511,1.7470359542093012,0.15546027645328192,0.9157883524894714,0.7479538321495056
h512_wd1e-05_s0,l9,43,0.0005,0.15114506010128104,1.0816981792449951,0.9993776358950328,0.7061855670103093,1.8138401573677925,0.1423411502425415,0.923820436000824,0.7798039317131042
h512_wd1e-05_s0,l10,1,0.0005,0.7159943295561749,0.6842384338378906,0.7009598058323834,0.6501638576779026,0.8723473155590121,0.2440643021025166,0.24623923003673553,0.035603974014520645
h512_wd1e-05_s0,l10,2,0.0005,0.6896704150282819,0.6935743093490601,0.7356893318133344,0.6652621722846441,0.9554982322194457,0.249903678796853,0.2814655601978302,0.039446331560611725
h512_wd1e-05_s0,l10,3,0.0005,0.668556158957274,0.6852848529815674,0.7249365645570551,0.5944522471910113,0.6553028042312249,0.1772020599462009,0.2979377210140228,0.041924238204956055
h512_wd1e-05_s0,l10,4,0.0005,0.6455919172452844,0.6607620120048523,0.7668591181554077,0.6385767790262172,0.7954661915260656,0.2132704903826101,0.3172963559627533,0.03266368806362152
h512_wd1e-05_s0,l10,5,0.0005,0.6191798992778944,0.6497917175292969,0.7906887802007869,0.6623361423220974,0.8052632532628002,0.19911161962432541,0.33972251415252686,0.034609973430633545
h512_wd1e-05_s0,l10,6,0.0005,0.6227561935134556,0.6424699425697327,0.8167984407751996,0.6925327715355806,1.4582423337862973,0.35478317356162525,0.3615003228187561,0.04121853783726692
h512_wd1e-05_s0,l10,7,0.0005,0.5922637413377347,0.6318209767341614,0.828735336299783,0.6911282771535581,1.2117234867033349,0.30595450421026166,0.3812601864337921,0.05024904012680054
h512_wd1e-05_s0,l10,8,0.0005,0.5958965964939283,0.6246739625930786,0.8466664215055344,0.7003745318352059,1.4564515511656213,0.33742932567786277,0.3999588191509247,0.06326373666524887
h512_wd1e-05_s0,l10,9,0.0005,0.5622930863629216,0.646691083908081,0.8441951972934212,0.6931179775280898,1.1841533496047045,0.28870795057978843,0.41702747344970703,0.07966907322406769
h512_wd1e-05_s0,l10,10,0.0005,0.5411842711593794,0.615805983543396,0.8669069245761778,0.7309222846441948,1.1249149024437495,0.23080921198802748,0.43146803975105286,0.0960848331451416
h512_wd1e-05_s0,l10,11,0.0005,0.5362851282824641,0.6115963459014893,0.8847276872724597,0.7311563670411986,1.2311039749591663,0.2670331125634449,0.4468722939491272,0.1184033453464508
h512_wd1e-05_s0,l10,12,0.0005,0.5159880272720171,0.6106312870979309,0.8910381348141067,0.7327949438202247,1.2915746487969466,0.28227117670507984,0.4624688923358917,0.1396203637123108
h512_wd1e-05_s0,l10,13,0.0005,0.4733460027238597,0.6494243741035461,0.8924061339315265,0.7203885767790262,1.1565153942674857,0.22764775047301383,0.47662150859832764,0.18161612749099731
h512_wd1e-05_s0,l10,14,0.0005,0.4892465822074724,0.8332310914993286,0.8962453572610598,0.7373595505617978,1.6272583854782183,0.2913503726309868,0.49106255173683167,0.20047084987163544
h512_wd1e-05_s0,l10,15,0.0005,0.49979542649310565,0.6175054311752319,0.9099179936012944,0.7326779026217228,1.5714893688783997,0.32670218308317234,0.5056549310684204,0.19705843925476074
h512_wd1e-05_s0,l10,16,0.0005,0.44824161866436835,0.6544746160507202,0.9161328283014012,0.7434456928838951,1.303860203725989,0.20915709686280348,0.5186856389045715,0.23035839200019836
h512_wd1e-05_s0,l10,17,0.0005,0.46031213584153546,0.635351836681366,0.9264075313499798,0.7405196629213483,1.5848566929094527,0.25453138505997625,0.5307318568229675,0.24810750782489777
h512_wd1e-05_s0,l10,18,0.0005,0.4250009630037391,0.6202630996704102,0.9349906225866951,0.7441479400749064,1.3119729485245226,0.20727378766630877,0.5415376424789429,0.28422561287879944
h512_wd1e-05_s0,l10,19,0.0005,0.4064344698968141,0.6429484486579895,0.9401390063619314,0.744499063670412,1.7074993222234152,0.23511988608975512,0.5523535013198853,0.3247356414794922
h512_wd1e-05_s0,l10,20,0.0005,0.4067966095779253,0.7122725248336792,0.9409406832640752,0.7447331460674158,1.6756080640162396,0.22536707149013757,0.5641199350357056,0.3439301550388336
h512_wd1e-05_s0,l10,21,0.0005,0.3776760943557905,0.6463682055473328,0.9541646747324679,0.7428604868913857,1.3859750169475291,0.20855367876682043,0.5745371580123901,0.3699219822883606
h512_wd1e-05_s0,l10,22,0.0005,0.35015615302583447,0.6719301342964172,0.9573566726731145,0.7455524344569289,1.493611293547395,0.2072611908679807,0.5837256908416748,0.41585227847099304
h512_wd1e-05_s0,l10,23,0.0005,0.37065697947274084,0.6480118632316589,0.9648659581509947,0.7462546816479401,1.7217510534506777,0.19305827883074383,0.5928792953491211,0.4473419487476349
h512_wd1e-05_s0,l10,24,0.0005,0.34712991507157037,0.6939903497695923,0.9671533115139926,0.7492977528089888,1.8472509751213513,0.19658003953980607,0.6020421385765076,0.4863327145576477
h512_wd1e-05_s0,l10,25,0.0005,0.3279082185548285,0.7440135478973389,0.9669915051667708,0.732560861423221,1.7900291269427075,0.1692914963088015,0.611183762550354,0.5249999761581421
h512_wd1e-05_s0,l10,26,0.0005,0.31729589791401575,0.757803201675415,0.9762880152980546,0.7412219101123595,1.7898177954853765,0.17324773192550175,0.6200788021087646,0.5614044666290283
h512_wd1e-05_s0,l10,27,0.0005,0.31838841412378394,0.734117329120636,0.9715662118927666,0.7415730337078652,2.0887913601497052,0.18347897330588706,0.6292732954025269,0.5949006676673889
h512_wd1e-05_s0,l10,28,0.0005,0.3481804521187492,0.6831980347633362,0.9771926598757033,0.7414559925093633,2.187848827680572,0.20658184759178005,0.6388620138168335,0.5961750745773315
h512_wd1e-05_s0,l10,29,0.0005,0.2942544578210167,0.7181383967399597,0.9793402713933733,0.7418071161048689,1.8823416704482285,0.17118183317147237,0.6472662091255188,0.6379715800285339
h512_wd1e-05_s0,l10,30,0.0005,0.3059916651767233,0.88404780626297,0.9705512448056485,0.7437968164794008,2.4444922374584586,0.1808666201667801,0.655302107334137,0.6564976572990417
h512_wd1e-05_s0,l10,31,0.0005,0.2625984202908433,0.7286157011985779,0.9849078807045931,0.7350187265917604,1.861693392294784,0.14590122324634744,0.6635458469390869,0.6878785490989685
h512_wd1e-05_s0,l10,32,0.0005,0.24317450173523114,0.8367342352867126,0.9794285294009487,0.738998127340824,1.448746605741939,0.12821366344920634,0.6715158224105835,0.7330921292304993
h512_wd1e-05_s0,l10,33,0.0005,0.24259549444136413,0.8103446364402771,0.9886662008605156,0.736306179775281,1.57992030999294,0.11711316357868883,0.6779453754425049,0.7733093500137329
h512_wd1e-05_s0,l10,34,0.0005,0.2945535319006961,0.8279242515563965,0.9878056852866546,0.7354868913857678,2.825898373344046,0.2005292258741834,0.6849458813667297,0.7963504195213318
h512_wd1e-05_s0,l10,35,0.0005,0.2624000757932663,0.8350712060928345,0.9875482660978928,0.7360720973782773,2.234942024222115,0.15388328302670998,0.6946423053741455,0.8063454031944275
h512_wd1e-05_s0,l10,36,0.0005,0.24148404274297797,0.7935430407524109,0.9870407825543339,0.7407537453183521,1.8587548857200544,0.12369346012899632,0.7006503939628601,0.8358727097511292
h512_wd1e-05_s0,l10,37,0.0005,0.2608121542826943,0.8877819180488586,0.9876071047696098,0.7337312734082397,2.4785122632481986,0.15351777670479888,0.7069606184959412,0.8594074845314026
h512_wd1e-05_s0,l10,38,0.0005,0.25112783455330395,0.7437619566917419,0.9909167800536903,0.7374765917602996,1.8900887234721921,0.11352049796935873,0.7125719785690308,0.8803378939628601
h512_wd1e-05_s0,l10,39,0.0005,0.251697798785956,0.8159104585647583,0.9933144559261575,0.7334971910112359,2.2618271382265336,0.14471115316202668,0.7192216515541077,0.90910804271698
h512_wd1e-05_s0,l10,40,0.0005,0.2595178893078928,0.9667488932609558,0.9929025852241385,0.7205056179775282,2.27193617761126,0.14497846385751692,0.7254750728607178,0.9334015250205994
h512_wd1e-05_s0,l10,41,0.0005,0.2508266814376997,0.8542989492416382,0.9884823300114,0.7452013108614233,2.857531963298881,0.14812030548707328,0.7322064638137817,0.9497168660163879
h512_wd1e-05_s0,l10,42,0.0005,0.2711547684410344,0.8420211672782898,0.9945132938623911,0.7267088014981273,2.9581773505548,0.15742843336774556,0.7390341758728027,0.9549185037612915
h512_wd1e-05_s0,l10,43,0.0005,0.23360821151215097,0.881038248538971,0.9871805243996616,0.7375936329588014,2.232527211098505,0.11726816876729945,0.7450906038284302,0.982866644859314
h512_wd1e-05_s0,l10,44,0.0005,0.2269560205547706,0.8557069301605225,0.9922480050012872,0.7282303370786518,2.1790699565800353,0.13573207855246236,0.7503696084022522,1.015453577041626
h512_wd1e-05_s0,l11,1,0.0005,0.6791844449260018,0.6694349050521851,0.7422849319577757,0.6612787356321839,1.370722428064613,0.30158362805875183,0.25123387575149536,0.02409389615058899
h512_wd1e-05_s0,l11,2,0.0005,0.6473889405077154,0.6634035110473633,0.7609956084897544,0.6636733716475096,1.796803773699881,0.4279442841466116,0.3022592067718506,0.027324095368385315
h512_wd1e-05_s0,l11,3,0.0005,0.6280169297348369,0.6381407380104065,0.8116363799591522,0.6980363984674329,1.9900163446745311,0.44239566589344254,0.33247125148773193,0.031679168343544006
h512_wd1e-05_s0,l11,4,0.0005,0.5873440463434566,0.6604880094528198,0.8196712726402178,0.6999521072796935,1.69962610691708,0.4031424515896618,0.3611428737640381,0.03512382134795189
h512_wd1e-05_s0,l11,5,0.0005,0.5896557325666602,0.6084647178649902,0.8512123411163564,0.724257662835249,2.1616554950215114,0.505316881321921,0.3942350149154663,0.041043780744075775
h512_wd1e-05_s0,l11,6,0.0005,0.560538344762542,0.7770882844924927,0.827332101416206,0.6961206896551724,1.9322789295343943,0.4363250590285087,0.42140454053878784,0.0431588776409626
h512_wd1e-05_s0,l11,7,0.0005,0.573883671652187,0.5976100564002991,0.8740751269946958,0.7338362068965517,2.0850306060881376,0.49543178524997483,0.44465750455856323,0.04541170224547386
h512_wd1e-05_s0,l11,8,0.0005,0.6082681891593066,0.7636179327964783,0.8588282822237351,0.7254549808429119,2.613524511317009,0.6562645176877514,0.46905845403671265,0.05066679045557976
h512_wd1e-05_s0,l11,9,0.0005,0.5433709634975954,0.5968195199966431,0.8794242408373045,0.7385057471264367,1.6431779317803281,0.39724792213304155,0.4894998073577881,0.05893155187368393
h512_wd1e-05_s0,l11,10,0.0005,0.5248662585561926,0.5864282250404358,0.8902047625816394,0.7485632183908045,1.5799569739265982,0.371882146652046,0.5086632370948792,0.0561702698469162
h512_wd1e-05_s0,l11,11,0.0005,0.48761705376885156,0.603547215461731,0.8984790561619549,0.747006704980843,1.2073267475738363,0.29265502598320065,0.5264841914176941,0.05626177042722702
h512_wd1e-05_s0,l11,12,0.0005,0.47681301832199097,0.6303544044494629,0.9056984895299511,0.7498802681992337,1.6748549339117709,0.3657475596305783,0.5461457371711731,0.0626162588596344
h512_wd1e-05_s0,l11,13,0.0005,0.44321180473674426,0.5837967991828918,0.9177657911077529,0.7581417624521073,1.3884176962896762,0.31800243425660485,0.5646708011627197,0.07500959187746048
h512_wd1e-05_s0,l11,14,0.0005,0.42373344979502936,0.5963142514228821,0.9291522963783132,0.7590996168582376,1.4255502030666216,0.30174426930130704,0.5819348096847534,0.09681680053472519
h512_wd1e-05_s0,l11,15,0.0005,0.4589988629926335,0.5840541124343872,0.9397008985015,0.7623323754789273,1.9602898778553297,0.3618648173125186,0.5983133316040039,0.1064295694231987
h512_wd1e-05_s0,l11,16,0.0005,0.42465098337693646,0.6239714026451111,0.9428056289136436,0.7647270114942528,1.7224890647850721,0.3328436443538958,0.6179272532463074,0.12450356036424637
h512_wd1e-05_s0,l11,17,0.0005,0.48105957020412793,0.5915378928184509,0.9408305714948342,0.7601772030651341,2.4718397815635154,0.4302022905623622,0.637778103351593,0.11964058876037598
h512_wd1e-05_s0,l11,18,0.0005,0.4059755788608031,0.618806779384613,0.9482071117029633,0.7695162835249042,1.442057235299025,0.3119462856384121,0.6560415029525757,0.12945082783699036
h512_wd1e-05_s0,l11,19,0.0005,0.37680732797492633,0.672595202922821,0.9475412779519253,0.7693965517241379,1.5134640450983758,0.30134268773452894,0.6720511317253113,0.1510467231273651
h512_wd1e-05_s0,l11,20,0.0005,0.3705832294442437,0.6103535890579224,0.956758212573036,0.7678400383141762,1.6044919502798392,0.27007967722309395,0.6866911053657532,0.16991090774536133
h512_wd1e-05_s0,l11,21,0.0005,0.368726716122844,0.5986368060112,0.9637307637636814,0.7707136015325672,2.103225153435407,0.3148883057645254,0.7016783952713013,0.19176538288593292
h512_wd1e-05_s0,l11,22,0.0005,0.4819506339051507,0.6616432666778564,0.9685711506953849,0.7722701149425287,2.9659413894365603,0.5005732483438277,0.7206442356109619,0.17965249717235565
h512_wd1e-05_s0,l11,23,0.0005,0.3429280045357617,0.59979647397995,0.9636783948169705,0.7728687739463601,1.3976983465910224,0.2879104927596285,0.7387937903404236,0.18354876339435577
h512_wd1e-05_s0,l11,24,0.0005,0.40354287353428925,0.7684375643730164,0.966319285986818,0.7670019157088123,2.4097137671076725,0.4125197797627283,0.7539436221122742,0.19627158343791962
h512_wd1e-05_s0,l11,25,0.0005,0.38078846579248254,0.6389272212982178,0.9637008386512753,0.7642480842911877,1.9119295677775483,0.3443982975727988,0.771869957447052,0.19187426567077637
h512_wd1e-05_s0,l11,26,0.0005,0.3060767555778677,0.6524583101272583,0.9715337368235989,0.7677203065134101,1.4955700657828848,0.25810926832741515,0.7849228382110596,0.22219358384609222
h512_wd1e-05_s0,l11,27,0.0005,0.3054750439795581,0.616386353969574,0.9784763629018381,0.7676005747126438,1.571981448689966,0.27751900374463717,0.7972579002380371,0.2475871592760086
h512_wd1e-05_s0,l11,28,0.0005,0.3778126971288161,0.6180168986320496,0.9790150149251498,0.7631704980842912,2.393168943931679,0.362921418255096,0.8118902444839478,0.2503567039966583
h512_wd1e-05_s0,l11,29,0.0005,0.2879354337399656,0.655525803565979,0.9782519245587916,0.7680795019157088,1.5642713922899931,0.24866562775957002,0.8258417844772339,0.2627304494380951
h512_wd1e-05_s0,l11,30,0.0005,0.2718391581015153,0.6928149461746216,0.9834514128393694,0.7652059386973179,1.5186534647366188,0.2239931882691769,0.8363354206085205,0.29106786847114563
h512_wd1e-05_s0,l11,31,0.0005,0.2876029502261769,0.659858226776123,0.9834065251707602,0.7650862068965517,2.011919313929783,0.27773023867397756,0.8479257225990295,0.31575432419776917
h512_wd1e-05_s0,l11,32,0.0005,0.2899628992785107,0.7778550982475281,0.9784314752332288,0.7581417624521073,2.099215072583033,0.27832347468494234,0.8601199388504028,0.327352911233902
h512_wd1e-05_s0,l11,33,0.0005,0.40661601654507895,0.8125218749046326,0.9806683773855925,0.7575431034482758,3.157152822498487,0.428588042706658,0.8744986653327942,0.3044106364250183
h512_wd1e-05_s0,l11,34,0.0005,0.37404797022992914,0.7275617718696594,0.9899750873439219,0.7590996168582375,2.544081545649848,0.3265648588201063,0.8886571526527405,0.2863062620162964
h512_wd1e-05_s0,l11,35,0.0005,0.3146959807385098,0.6958235502243042,0.9889052645754001,0.7607758620689656,1.9514650684291814,0.28402397990081113,0.9010221362113953,0.29523712396621704
h512_wd1e-05_s0,l11,36,0.0005,0.2675484303723682,0.7548572421073914,0.9861521542340292,0.7679597701149425,1.5214126170791877,0.218949947002534,0.9113981127738953,0.3162335753440857
h512_wd1e-05_s0,l11,37,0.0005,0.23615224117582495,0.7000029683113098,0.988972596078314,0.760177203065134,1.5026114681965546,0.20600493534463074,0.9222861528396606,0.3444364070892334
h512_wd1e-05_s0,l11,38,0.0005,0.2377323481169614,0.7962532043457031,0.9898030179475863,0.7637691570881227,1.7593913615218868,0.21613742227251007,0.931031346321106,0.3692348301410675
h512_wd1e-05_s0,l11,39,0.0005,0.19656334173950282,0.7920551300048828,0.9920249575437468,0.7661637931034484,1.537246659105857,0.19280080660031462,0.9403773546218872,0.3973955810070038
h512_wd1e-05_s0,l11,40,0.0005,0.19829141382466664,0.7598400712013245,0.9936109885012756,0.763888888888889,1.727498343659155,0.182100979352329,0.9485290050506592,0.42667144536972046
h512_wd1e-05_s0,l11,41,0.0005,0.18964128738099878,0.7781033515930176,0.9939551272939469,0.7575431034482758,1.5413017937519766,0.17899173637853663,0.9566969871520996,0.4484291672706604
h512_wd1e-05_s0,l11,42,0.0005,0.17642617056315596,0.7921115159988403,0.9960274413280765,0.7575431034482759,1.5144137326179261,0.17576763806631115,0.9646304249763489,0.4769858121871948
h512_wd1e-05_s0,l11,43,0.0005,0.20918061584234238,0.7866939902305603,0.9972394083805277,0.7582614942528736,2.02028229869787,0.23452338911571316,0.9755007028579712,0.49328672885894775
h512_wd1e-05_s0,l12,1,0.0005,0.7320394488898191,0.684320330619812,0.7356590323069923,0.6538415003024802,0.9418564973756302,0.28227398072094617,0.2436828911304474,0.0315009243786335
h512_wd1e-05_s0,l12,2,0.0005,0.6821350888772444,0.6763249039649963,0.7431518276960413,0.6407743496672715,0.828064594893035,0.2508217449706671,0.27910465002059937,0.035393379628658295
h512_wd1e-05_s0,l12,3,0.0005,0.6636804965409365,0.667195737361908,0.7592522372212953,0.6525105868118573,0.8200451066800958,0.23959738157493174,0.29697996377944946,0.03408338129520416
h512_wd1e-05_s0,l12,4,0.0005,0.6429644931446422,0.6625912189483643,0.7774609434248444,0.6601330913490623,0.9716167896553032,0.2597626969556303,0.31561487913131714,0.03501123934984207
h512_wd1e-05_s0,l12,5,0.0005,0.6273496421900663,0.6500087380409241,0.7807902320643105,0.6607380520266183,1.1886458822769443,0.28832642181598883,0.3331618010997772,0.03885996714234352
h512_wd1e-05_s0,l12,6,0.0005,0.625590216029774,0.6400514245033264,0.8031700288184438,0.6784029038112522,1.2986341684004992,0.32147820553844575,0.3506472408771515,0.04209918528795242
h512_wd1e-05_s0,l12,7,0.0005,0.6016797613013875,0.6386933922767639,0.8121871682087063,0.6803387779794313,0.8456939233851969,0.211875098068485,0.36688050627708435,0.05068330466747284
h512_wd1e-05_s0,l12,8,0.0005,0.5730855844237588,0.6209168434143066,0.8369331108751706,0.7010284331518452,0.8703767927610254,0.2210991321326061,0.38196805119514465,0.06889282166957855
h512_wd1e-05_s0,l12,9,0.0005,0.5599119554866444,0.6578384041786194,0.8384195358713786,0.6888082274652148,1.1291269788899643,0.24749895927568077,0.39733949303627014,0.09704479575157166
h512_wd1e-05_s0,l12,10,0.0005,0.5359049154953524,0.6284823417663574,0.8578947368421053,0.7050211736237144,1.1429471209419129,0.23290734653532247,0.4129122197628021,0.11891349405050278
h512_wd1e-05_s0,l12,11,0.0005,0.5616400309584357,0.6641095280647278,0.8650841801911118,0.7029643073200241,1.4306331170063826,0.2929273890718314,0.4271840453147888,0.12840890884399414
h512_wd1e-05_s0,l12,12,0.0005,0.5167550119486722,0.602669894695282,0.8861898983770666,0.7276467029643073,0.9802614859954794,0.20026467541087412,0.4409279227256775,0.14939627051353455
h512_wd1e-05_s0,l12,13,0.0005,0.48391927778720856,0.6062273979187012,0.8944107386622174,0.7286146400483968,1.0617837561870038,0.20587666722672446,0.4539485275745392,0.1913335770368576
h512_wd1e-05_s0,l12,14,0.0005,0.49462383172728797,0.6316893100738525,0.9009024723191263,0.7189352692075015,1.3421105032379554,0.2273845753381629,0.4675881564617157,0.2192068099975586
h512_wd1e-05_s0,l12,15,0.0005,0.47243117202412,0.608342170715332,0.9075003791900502,0.7307924984875982,1.3255128186943543,0.2179961512480369,0.48108547925949097,0.2447730451822281
h512_wd1e-05_s0,l12,16,0.0005,0.4472053281285546,0.6159694194793701,0.91707113605339,0.7288566243194192,1.4698877623632642,0.21896787859216876,0.49295774102211,0.2785259485244751
h512_wd1e-05_s0,l12,17,0.0005,0.4276268644766374,0.6302734613418579,0.9187699074776278,0.72486388384755,1.3270567764779628,0.1999015747339043,0.5041956305503845,0.31289413571357727
h512_wd1e-05_s0,l12,18,0.0005,0.4773291186852889,0.6271371245384216,0.9366676778401336,0.7343012704174228,2.1025729779481095,0.3351380691218699,0.51536625623703,0.3276371955871582
h512_wd1e-05_s0,l12,19,0.0005,0.4215171594511379,0.6190820336341858,0.9333611406036706,0.7355111917725348,1.1806148232478422,0.19673134572840842,0.5275920629501343,0.34527871012687683
h512_wd1e-05_s0,l12,20,0.0005,0.40772102773189545,0.6289580464363098,0.9373198847262247,0.7379310344827587,1.4561524957016054,0.17310884842522956,0.5378260612487793,0.3843509256839752
h512_wd1e-05_s0,l12,21,0.0005,0.3787907822565599,0.6488925218582153,0.9446458364932504,0.7353901996370237,1.4090806745569926,0.1852899432468732,0.5478276014328003,0.42119622230529785
h512_wd1e-05_s0,l12,22,0.0005,0.3581218123435974,0.6766266226768494,0.9469740634005764,0.7358741681790683,1.4305799866876898,0.17095276807637216,0.5568240284919739,0.4588504433631897
h512_wd1e-05_s0,l12,23,0.0005,0.44411780481988733,0.6586369872093201,0.9577430608220839,0.7352692075015125,2.286808064496215,0.2635660360138754,0.5671670436859131,0.4578494727611542
h512_wd1e-05_s0,l12,24,0.0005,0.4029783877459439,0.6531646251678467,0.9576748066130745,0.7419237749546279,1.9555582641372373,0.2524567223761866,0.5796296000480652,0.4644972085952759
h512_wd1e-05_s0,l12,25,0.0005,0.380067072131417,0.7372382879257202,0.95307143940543,0.7340592861464005,1.7791474829073552,0.22382542857257268,0.5894439220428467,0.494981586933136
h512_wd1e-05_s0,l12,26,0.0005,0.3702964037656784,0.6611390709877014,0.9577809798270893,0.7376890502117363,1.9606063922118222,0.22244519649716918,0.5974382758140564,0.5184944272041321
h512_wd1e-05_s0,l12,27,0.0005,0.3630531992424618,0.6579715609550476,0.9666236917943274,0.7391409558378707,1.691701976852522,0.1830849325495765,0.6055724024772644,0.5405272841453552
h512_wd1e-05_s0,l12,28,0.0005,0.3240246589888226,0.6932879686355591,0.9637190960109208,0.7410768300060496,1.6996120131475971,0.1630303929303298,0.6124879717826843,0.5756664276123047
h512_wd1e-05_s0,l12,29,0.0005,0.31693804738196457,0.6931977868080139,0.9738510541483392,0.7410768300060496,1.9873484272249333,0.15966623364176727,0.6199010014533997,0.6072904467582703
h512_wd1e-05_s0,l12,30,0.0005,0.31816810301759024,0.7019591927528381,0.9751175489155165,0.7352692075015124,1.7296664641199955,0.15634503424378174,0.6269886493682861,0.635958194732666
h512_wd1e-05_s0,l12,31,0.0005,0.29396787963130255,0.7063055634498596,0.9795768239041408,0.7373260738052025,1.6482533188502686,0.14218628801218391,0.6336243152618408,0.6745309829711914
h512_wd1e-05_s0,l12,32,0.0005,0.27766718579964206,0.6682085990905762,0.9841877749127863,0.7411978221415608,1.7199208821501626,0.13997580049394942,0.6403021216392517,0.7116492986679077
h512_wd1e-05_s0,l12,33,0.0005,0.2773377163843675,0.7007794976234436,0.9843318671318064,0.7411978221415607,1.7929116594486312,0.15481018603093327,0.6473395824432373,0.7463803887367249
h512_wd1e-05_s0,l12,34,0.0005,0.2678185085004026,0.7468897104263306,0.9867435158501442,0.7378100423472473,1.7021846055736345,0.13503864423789255,0.6542741060256958,0.7843440771102905
h512_wd1e-05_s0,l12,35,0.0005,0.2550564062866298,0.8681904673576355,0.9887456393144244,0.7328493647912886,2.184363698621526,0.14524786146082214,0.6607527732849121,0.8185024261474609
h512_wd1e-05_s0,l12,36,0.0005,0.30477927963842044,0.726184070110321,0.9875853177612619,0.736963097398669,2.574285540271168,0.1789174997042541,0.6682333946228027,0.8277842998504639
h512_wd1e-05_s0,l12,37,0.0005,0.2655552957545627,0.7251018285751343,0.9891475807674807,0.7392619479733817,2.1249012834250283,0.1409079135994732,0.6754634380340576,0.8455014228820801
h512_wd1e-05_s0,l12,38,0.0005,0.2121084752407941,0.8212363123893738,0.9885863794934021,0.7461584996975197,1.738678614921748,0.10719071469333225,0.6815773248672485,0.8839923739433289
h512_wd1e-05_s0,l12,39,0.0005,0.24333923310041428,0.7387091517448425,0.9932883361140603,0.7477313974591652,2.3745393932147363,0.14830034984244123,0.6879064440727234,0.9069201350212097
h512_wd1e-05_s0,l12,40,0.0005,0.2708145132796331,0.7279331088066101,0.9907932655847111,0.7574107683000605,3.0907732217587753,0.17620542143435933,0.6943948268890381,0.9255486130714417
h512_wd1e-05_s0,l12,41,0.0005,0.22813436863097278,0.786427915096283,0.9940163810101623,0.7541439806412583,2.1769677319620766,0.12047376354446276,0.7007007598876953,0.9392663240432739
h512_wd1e-05_s0,l12,42,0.0005,0.19919205592437225,0.8271653056144714,0.9946155012892461,0.7480943738656988,1.70167170309402,0.10904418537409057,0.7057201266288757,0.9721797704696655
h512_wd1e-05_s0,l12,43,0.0005,0.23622215606949545,0.757762610912323,0.9945396632792356,0.7439806412583182,2.632948079134341,0.12784858455129353,0.7107238173484802,0.9939908981323242
h512_wd1e-05_s0,l12,44,0.0005,0.24474077333103528,0.9030865430831909,0.995586227817382,0.7379310344827587,2.7179851612226895,0.14305085270679907,0.7169164419174194,1.0146573781967163
h512_wd1e-05_s0,l12,45,0.0005,0.30254331637512555,0.727254331111908,0.994956772334294,0.7489413188142771,3.222971513425371,0.1809891656887772,0.7237022519111633,1.014839768409729
h512_wd1e-05_s0,l12,46,0.0005,0.22139215706424278,0.759766697883606,0.9954193841953588,0.74821536600121,1.9970019169525732,0.12253171056413473,0.729225754737854,1.0440753698349
h512_wd1e-05_s0,l12,47,0.0005,0.17981965772130273,0.8037915825843811,0.9944789928712271,0.7540229885057471,1.9307224727837877,0.109778694075754,0.7338647246360779,1.0829099416732788
h512_wd1e-05_s0,l12,48,0.0005,0.18111797964031046,0.8692032694816589,0.9983012285757622,0.7491833030852993,2.120220759859715,0.10787442535894855,0.7380077838897705,1.1164979934692383
h512_wd1e-05_s0,l12,49,0.0005,0.17017178271304478,0.8102116584777832,0.9980054603367208,0.7483363581367212,2.1489945413031513,0.09573750355607279,0.7431869506835938,1.150834321975708
h512_wd1e-05_s0,l12,50,0.0005,0.16342307424003427,0.8975191116333008,0.9983846503867738,0.7427707199032063,2.2193811978877114,0.09791633695242767,0.7472776770591736,1.1879674196243286
h512_wd1e-05_s0,l12,51,0.0005,0.19365701926025478,0.9422209858894348,0.9960412558774457,0.7275257108287961,2.97070446876302,0.13163837756090116,0.752312183380127,1.213995337486267
h512_wd1e-05_s0,l12,52,0.0005,0.20453143187544562,0.7929363250732422,0.9982481419687547,0.7447065940713853,2.1645976760920687,0.09888112827682943,0.7573513984680176,1.2303715944290161
h512_wd1e-05_s0,l12,53,0.0005,0.154966456646269,0.8710580468177795,0.9978689519187016,0.7532970356926799,1.7735970841871451,0.09567436721637144,0.7613353133201599,1.2705978155136108
h512_wd1e-05_s0,l12,54,0.0005,0.15730775604871186,0.9924660921096802,0.9994767177309267,0.746400483968542,2.216370040648653,0.08570443770602426,0.7652772068977356,1.3062690496444702
h512_wd1e-05_s0,l12,55,0.0005,0.12965818342160096,0.9579212069511414,0.9994691339299258,0.742649727767695,2.0522865469869305,0.08630582038070428,0.7690000534057617,1.334208607673645
h512_wd1e-05_s0,l12,56,0.0005,0.1498123166913336,0.9644622206687927,0.9991278628848779,0.746400483968542,2.2232339046157277,0.08418017281682415,0.7723776698112488,1.3557395935058594
h512_wd1e-05_s0,l12,57,0.0005,0.18054459176280283,1.1153122186660767,0.9979751251327165,0.7408348457350272,3.1354799381618292,0.11143358943779182,0.7760393619537354,1.3683514595031738
h512_wd1e-05_s0,l12,58,0.0005,0.17873978005214172,0.7814947962760925,0.9993553769149097,0.7499092558983665,3.047386241236021,0.10975668840368588,0.7806782126426697,1.3742988109588623
h512_wd1e-05_s0,l12,59,0.0005,0.1501313400539485,0.9352957606315613,0.9995298043379341,0.7500302480338777,2.2115006057205804,0.08397618498917579,0.7846931219100952,1.4000064134597778
h512_wd1e-05_s0,l12,60,0.0005,0.14093189026144418,1.1255160570144653,0.9996511451539511,0.7347852389594677,2.3049226007167514,0.08444784591101596,0.788779616355896,1.4246176481246948
h512_wd1e-05_s0,l13,1,0.0005,0.7105890431187369,0.6768251657485962,0.736272136577908,0.6356382978723403,1.1794470270765747,0.30018938265460204,0.23215560615062714,0.034013111144304276
h512_wd1e-05_s0,l13,2,0.0005,0.6570920483632521,0.687063992023468,0.7463132246146006,0.6376646403242148,1.1947599585989959,0.2975978157863882,0.27501752972602844,0.03605455532670021
h512_wd1e-05_s0,l13,3,0.0005,0.6827993284572255,0.720272421836853,0.7080280927506688,0.6317122593718338,1.842056625559291,0.4791681571331598,0.3003632128238678,0.05611897632479668
h512_wd1e-05_s0,l13,4,0.0005,0.6560123454440724,0.6605497002601624,0.7690868263473054,0.653242147922999,1.1504806212816314,0.28540215505708,0.31857284903526306,0.0697442889213562
h512_wd1e-05_s0,l13,5,0.0005,0.6201134730469097,0.7545651197433472,0.7549329532424512,0.6355116514690983,0.8359012881614621,0.21019008758474075,0.3381544351577759,0.059511948376894
h512_wd1e-05_s0,l13,6,0.0005,0.6413460861552845,0.6383598446846008,0.7897184354694866,0.679711246200608,1.1097327464919902,0.29828321621452925,0.3541567623615265,0.06336449831724167
h512_wd1e-05_s0,l13,7,0.0005,0.5865867286920547,0.633826494216919,0.8008663524015799,0.6864235055724417,0.9361118277393845,0.25378010653170496,0.3738754987716675,0.05104612559080124
h512_wd1e-05_s0,l13,8,0.0005,0.5944761254570701,0.6219831705093384,0.8245875270735126,0.7009878419452887,1.5942832408361498,0.3709217899875386,0.3974597752094269,0.04748846963047981
h512_wd1e-05_s0,l13,9,0.0005,0.6042116663672707,0.7485155463218689,0.824444196712957,0.6871833839918946,1.7170039493655815,0.41172218907430747,0.4177831709384918,0.05276906117796898
h512_wd1e-05_s0,l13,10,0.0005,0.5629804743961855,0.6230334043502808,0.8501003312523888,0.7136524822695036,1.0651503306820456,0.2622596038823506,0.4357110261917114,0.054116811603307724
h512_wd1e-05_s0,l13,11,0.0005,0.5319570235230706,0.6214536428451538,0.8648155816027521,0.7213779128672746,1.0562612300910048,0.26173620515264606,0.4552612602710724,0.04865949973464012
h512_wd1e-05_s0,l13,12,0.0005,0.5145133246075023,0.6506871581077576,0.8728978213785195,0.7299898682877406,1.0857909949049769,0.24355927590418472,0.47434067726135254,0.059182364493608475
h512_wd1e-05_s0,l13,13,0.0005,0.5281980809840289,0.6356572508811951,0.889874506306536,0.7325227963525837,1.6085724725630195,0.34524674286179824,0.4959816038608551,0.07025337964296341
h512_wd1e-05_s0,l13,14,0.0005,0.5107388211922212,0.7124808430671692,0.8814976430118486,0.7163120567375887,1.4875602498576816,0.32813179019776784,0.5148647427558899,0.07442238926887512
h512_wd1e-05_s0,l13,15,0.0005,0.48211501945148816,0.6084499955177307,0.9006481717416231,0.7392350557244174,1.3431968517302701,0.3316499796121945,0.5317015647888184,0.08965262025594711
h512_wd1e-05_s0,l13,16,0.0005,0.47725868225097656,0.7118796110153198,0.9056806599566825,0.7332826747720365,1.5470602274402672,0.3025530170438948,0.5484967827796936,0.10282746702432632
h512_wd1e-05_s0,l13,17,0.0005,0.45264677703380585,0.6150501370429993,0.9153952732832209,0.7383485309017224,1.3381212686456452,0.2584285314826097,0.5653049945831299,0.11847145855426788
h512_wd1e-05_s0,l13,18,0.0005,0.49451272460547363,0.6239820718765259,0.9194961141546694,0.7412613981762919,1.9958978825809586,0.3744736020948844,0.5811392664909363,0.12717920541763306
h512_wd1e-05_s0,l13,19,0.0005,0.4418935897675427,0.6034601330757141,0.9277216842909924,0.7446808510638299,1.3099008020036347,0.24597072513274804,0.5965197682380676,0.1308102160692215
h512_wd1e-05_s0,l13,20,0.0005,0.42744832553646783,0.6464212536811829,0.9322764046375334,0.7424012158054711,1.5294748755385683,0.2801464198595874,0.6116612553596497,0.15837451815605164
h512_wd1e-05_s0,l13,21,0.0005,0.3935705626552755,0.6292824745178223,0.9379857306663268,0.7453140830800404,1.3252695689858303,0.2412388703862041,0.6256803870201111,0.18959155678749084
h512_wd1e-05_s0,l13,22,0.0005,0.3785027834502133,0.6978423595428467,0.9439259778315708,0.7387284701114488,1.2260716339724154,0.1933986115170579,0.6378860473632812,0.21674905717372894
h512_wd1e-05_s0,l13,23,0.0005,0.3964593288573352,0.6261036396026611,0.9563399796152376,0.7493667679837893,1.505064221297546,0.25820955702737547,0.6503568291664124,0.23452764749526978
h512_wd1e-05_s0,l13,24,0.0005,0.3558050434697758,0.6444851756095886,0.9536963307427697,0.7492401215805472,1.1977618444615517,0.20608334263400116,0.6646061539649963,0.26926547288894653
h512_wd1e-05_s0,l13,25,0.0005,0.3346688957376914,0.7243223786354065,0.9533698560326157,0.7415146909827761,1.4035807408594456,0.20974444951344243,0.6770256161689758,0.30633145570755005
h512_wd1e-05_s0,l13,26,0.0005,0.4209253876046701,0.6579604148864746,0.9629809529876417,0.7556990881458966,2.363716229352101,0.33626667561501056,0.6923405528068542,0.3044202923774719
h512_wd1e-05_s0,l13,27,0.0005,0.35555745932188904,0.6640369296073914,0.9668349471270226,0.749113475177305,1.867153278062723,0.2609670976187166,0.705631673336029,0.32087230682373047
h512_wd1e-05_s0,l13,28,0.0005,0.4033892825245857,0.7103002667427063,0.9602098993502358,0.7348024316109423,2.289804077584698,0.31847104237690776,0.7179673314094543,0.32868221402168274
h512_wd1e-05_s0,l13,29,0.0005,0.4514453668485988,0.6344031095504761,0.9642550006370239,0.7434143870314084,2.3060342143888453,0.36410315923686026,0.7330008745193481,0.3061025142669678
h512_wd1e-05_s0,l13,30,0.0005,0.3541338646953756,0.7078206539154053,0.9733325901388713,0.746580547112462,1.6571301711345698,0.21075542637931308,0.7455124258995056,0.3291771113872528
h512_wd1e-05_s0,l13,31,0.0005,0.3018317093903368,0.7037180066108704,0.9755223595362467,0.7450607902735563,1.2407756596802486,0.1813480369774452,0.7562282681465149,0.3624587953090668
h512_wd1e-05_s0,l13,32,0.0005,0.3446076884865761,0.7180413007736206,0.9768521467702893,0.7455673758865248,2.1218755167744536,0.23180238360638342,0.767255961894989,0.385373592376709
h512_wd1e-05_s0,l13,33,0.0005,0.29842265763066034,0.7246300578117371,0.9805150337622626,0.7386018237082067,1.6558556266237845,0.21910107151470368,0.7771983742713928,0.4081672132015228
h512_wd1e-05_s0,l13,34,0.0005,0.25078066844831814,0.8025891780853271,0.9815820486686202,0.7397416413373861,1.4300815362504211,0.16907068720340002,0.7860769033432007,0.4431484341621399
h512_wd1e-05_s0,l13,35,0.0005,0.3171829411929304,0.7651934027671814,0.9843053255191744,0.7364488348530901,2.5130690628818613,0.2510699049085926,0.7955653667449951,0.45957645773887634
h512_wd1e-05_s0,l13,36,0.0005,0.2533446763726798,0.7868753671646118,0.9865110205121671,0.7449341438703141,1.4601996506833972,0.17433173657350493,0.8046656847000122,0.48028361797332764
h512_wd1e-05_s0,l13,37,0.0005,0.257620476863601,0.8047071099281311,0.986447318129698,0.7427811550151976,1.9158997495101906,0.196635957063526,0.8141563534736633,0.507879912853241
h512_wd1e-05_s0,l13,38,0.0005,0.23727457360787826,0.8708887696266174,0.9878169193527837,0.7398682877406282,1.6326313583593197,0.16317023618113785,0.8221434950828552,0.5351470112800598
h512_wd1e-05_s0,l13,39,0.0005,0.22134977748448198,0.829959511756897,0.989791693209326,0.7375886524822696,1.4551800618222748,0.15628613200225008,0.8308096528053284,0.5696588754653931
h512_wd1e-05_s0,l13,40,0.0005,0.19338586994192816,0.8836934566497803,0.9923477513058989,0.7378419452887537,1.112155645240737,0.13056518968496322,0.8379642963409424,0.608264684677124
h512_wd1e-05_s0,l13,41,0.0005,0.1825330782343041,0.9302638173103333,0.9929131099503121,0.7431610942249239,1.2651090837848153,0.1259484444941631,0.8449540734291077,0.6430103182792664
h512_wd1e-05_s0,l13,42,0.0005,0.28729905492880126,0.8300251364707947,0.9931758822779972,0.7344224924012158,3.026109866764061,0.2534235463186493,0.8534726500511169,0.6431867480278015
h512_wd1e-05_s0,l13,43,0.0005,0.20101112940094687,0.9139863848686218,0.9921486813606829,0.7378419452887538,1.547518649854325,0.14927434932723058,0.8623887300491333,0.6604034900665283
h512_wd1e-05_s0,l13,44,0.0005,0.21947523443536324,0.8485457301139832,0.9935501337750032,0.7368287740628165,1.7134685553455278,0.15015474941503193,0.8705105185508728,0.6849718689918518
h512_wd1e-05_s0,l13,45,0.0005,0.19969965720718558,0.9401071667671204,0.995158618932348,0.7358156028368794,1.837529867113666,0.15095138911012723,0.8776549696922302,0.7193168997764587
h512_wd1e-05_s0,l13,46,0.0005,0.21832800859754736,0.9861661791801453,0.996368964199261,0.7365754812563323,2.4074689073114772,0.19507586772538008,0.8869761824607849,0.7435996532440186
h512_wd1e-05_s0,l14,1,0.0005,0.7048007327577342,0.6871540546417236,0.6589974516390594,0.6044485209814263,0.7932320069307777,0.2158838093614989,0.26125115156173706,0.040654342621564865
h512_wd1e-05_s0,l14,2,0.0005,0.6705355799716451,0.7254387140274048,0.6426575350399629,0.54047236872277,0.5466686962133592,0.15047915647166055,0.29682475328445435,0.04566289484500885
h512_wd1e-05_s0,l14,3,0.0005,0.6921207205108975,0.6960241198539734,0.7193979497277887,0.6367805549185966,1.0593559898672766,0.3109364857170578,0.3115600049495697,0.05629827454686165
h512_wd1e-05_s0,l14,4,0.0005,0.6716343760490417,0.6743152737617493,0.758810668365574,0.6412520064205457,0.6979744828396746,0.22207722709601016,0.32436126470565796,0.0666106641292572
h512_wd1e-05_s0,l14,5,0.0005,0.6397816564725793,0.6688406467437744,0.7602441213946485,0.6329970190323321,0.5896520254965425,0.17491036225620132,0.3378039598464966,0.052477266639471054
h512_wd1e-05_s0,l14,6,0.0005,0.6304353449655615,0.656391978263855,0.7665643461137496,0.6386149965604219,0.774057025836033,0.22373692033011433,0.35303622484207153,0.04273805767297745
h512_wd1e-05_s0,l14,7,0.0005,0.6126864319262297,0.6516633033752441,0.7854236650063708,0.6536344875028663,0.865849319722647,0.23427763443698146,0.36771833896636963,0.04751124233007431
h512_wd1e-05_s0,l14,8,0.0005,0.5991103558436685,0.6412645578384399,0.8091914745743078,0.6759917450126117,0.9548401215478073,0.24282151856897266,0.3833516836166382,0.06335385888814926
h512_wd1e-05_s0,l14,9,0.0005,0.5794973775096561,0.6339061260223389,0.8264073902467277,0.6844760376060537,0.9031286579537507,0.22402474221956079,0.3981344699859619,0.08098550885915756
h512_wd1e-05_s0,l14,10,0.0005,0.5559275642685269,0.627906858921051,0.8430658519633962,0.695024077046549,0.889136565279364,0.21263339132712436,0.41259804368019104,0.11387666314840317
h512_wd1e-05_s0,l14,11,0.0005,0.5386958640554677,0.6207039952278137,0.8613677169002665,0.6997248337537262,1.1379400668518938,0.2624185905076658,0.42679986357688904,0.14781111478805542
h512_wd1e-05_s0,l14,12,0.0005,0.525857071513715,0.7423622608184814,0.8607306266651223,0.7126805778491172,1.175469474224996,0.2389026745509264,0.44254374504089355,0.1773696094751358
h512_wd1e-05_s0,l14,13,0.0005,0.5260909251544786,0.634373128414154,0.8787718637785243,0.7019032332033937,1.308200162690712,0.24172100306824565,0.456763356924057,0.1933211088180542
h512_wd1e-05_s0,l14,14,0.0005,0.5149957485820936,0.7025201916694641,0.8823265377041585,0.7193304288007338,1.2936779436840893,0.22879992769525623,0.4703294336795807,0.2183612883090973
h512_wd1e-05_s0,l14,15,0.0005,0.48217388339664624,0.6799519658088684,0.895814027568632,0.7239165329052969,1.1215860126601114,0.2087607489413401,0.481792151927948,0.2471581995487213
h512_wd1e-05_s0,l14,16,0.0005,0.49083541009737097,0.6283345818519592,0.9068472720954477,0.7200183444164182,1.4445143988830453,0.229547715124988,0.4931713938713074,0.2826784551143646
h512_wd1e-05_s0,l14,17,0.0005,0.47205274260562397,0.624830424785614,0.9093087570948685,0.7208209126347168,1.2040549513188024,0.20292135340924478,0.5036933422088623,0.3209642469882965
h512_wd1e-05_s0,l14,18,0.0005,0.43861155276713165,0.6267027258872986,0.9183510946368586,0.724031185507911,1.2268824771614952,0.176709577560991,0.5130427479743958,0.36884787678718567
h512_wd1e-05_s0,l14,19,0.0005,0.42540982106457587,0.6257233023643494,0.9262495656202943,0.7295345104333868,1.317063696019104,0.17182223007316824,0.5228080153465271,0.4112774431705475
h512_wd1e-05_s0,l14,20,0.0005,0.4406801902729532,0.6261361837387085,0.9327073439128923,0.7288465948177023,1.5765063607574286,0.1981125251642283,0.5327936410903931,0.44142454862594604
h512_wd1e-05_s0,l14,21,0.0005,0.4312303960323334,0.6545912027359009,0.9288486041932121,0.7156615455170833,1.5958714908294795,0.18560797250449126,0.5422946810722351,0.454876571893692
h512_wd1e-05_s0,l14,22,0.0005,0.40693859172903973,0.6435349583625793,0.9420175489401136,0.7263242375601926,1.4178585756910715,0.17838540328621647,0.551241397857666,0.49068450927734375
h512_wd1e-05_s0,l14,23,0.0005,0.39531130635220074,0.6567816734313965,0.9443776786748522,0.7233432698922265,1.6183665813448025,0.15492577609370867,0.560241162776947,0.522874653339386
h512_wd1e-05_s0,l14,24,0.0005,0.3756651541461115,0.6368492841720581,0.9482002200857177,0.7372162348085302,1.4429645973414107,0.14669789314642137,0.5684191584587097,0.559450089931488
h512_wd1e-05_s0,l14,25,0.0005,0.37395172533781634,0.7655137777328491,0.9574887061276498,0.7200183444164182,1.790750775311294,0.20052775369512293,0.576069176197052,0.5930187702178955
h512_wd1e-05_s0,l14,26,0.0005,0.35292774309282715,0.6552118062973022,0.9532752229815823,0.73721623480853,1.5439965613766393,0.13452752925052855,0.5837066173553467,0.6210857629776001
h512_wd1e-05_s0,l14,27,0.0005,0.340658570761266,0.7002034187316895,0.9591031507007992,0.7271268057784913,1.5094523978789864,0.13642120719053283,0.590976357460022,0.6624241471290588
h512_wd1e-05_s0,l14,28,0.0005,0.3381696071313775,0.6943932771682739,0.9601094636858567,0.7273561109837193,1.756393779594876,0.14252355927376706,0.5976904630661011,0.7015505433082581
h512_wd1e-05_s0,l14,29,0.0005,0.3130874983642412,0.7206380367279053,0.9739372176531912,0.7242604907131392,1.785412100914884,0.12669904260227002,0.6051790714263916,0.7473340034484863
h512_wd1e-05_s0,l14,30,0.0005,0.3311975157779196,0.6884428858757019,0.973292887756284,0.732630130703967,2.1462685053586346,0.15717678280157024,0.6124429106712341,0.7696253657341003
h512_wd1e-05_s0,l14,31,0.0005,0.30391399562358856,0.8192102909088135,0.9769923549171783,0.7188718183902776,1.8560757799492884,0.13952659388741748,0.6192355751991272,0.8068907260894775
h512_wd1e-05_s0,l14,32,0.0005,0.3093164031920226,0.7003441452980042,0.9781145024904436,0.7306810364595276,1.8458223723754552,0.13533422971417203,0.6262243986129761,0.8412596583366394
h512_wd1e-05_s0,l14,33,0.0005,0.299691850076551,0.778069794178009,0.9806845824163095,0.7271268057784911,1.8615456992140085,0.1443824360947158,0.632849931716919,0.8942826986312866
h512_wd1e-05_s0,l14,34,0.0005,0.2908455904411233,0.7106562256813049,0.9810610448279856,0.7213941756477872,2.0786835730336746,0.12796516924199886,0.6390777826309204,0.933576762676239
h512_wd1e-05_s0,l14,35,0.0005,0.2626397324645001,0.8291885256767273,0.9858537009150933,0.7221967438660857,1.565640562868352,0.10859336602342934,0.6445713639259338,0.9817380905151367
h512_wd1e-05_s0,l14,36,0.0005,0.27733490907627606,0.9268301725387573,0.9713816170508514,0.7260949323549645,2.3292948747678714,0.12622130785078073,0.6514101028442383,1.0183556079864502
h512_wd1e-05_s0,l14,37,0.0005,0.2888643910055575,0.8100669384002686,0.9818501679601529,0.7161201559275395,2.351769243968225,0.13421366603670554,0.6587491631507874,1.033469796180725
h512_wd1e-05_s0,l14,38,0.0005,0.24277358372574268,0.9856812953948975,0.979128055137264,0.7251777115340519,2.0151739489058516,0.1063095512113682,0.6643578410148621,1.0659520626068115
h512_wd1e-05_s0,l14,39,0.0005,0.2631629141776458,0.8483807444572449,0.9821614734159619,0.7192157761981197,2.2535337556334754,0.10908429837683141,0.6699629426002502,1.082331895828247
h512_wd1e-05_s0,l14,40,0.0005,0.22929802796115045,0.8097735047340393,0.9891043090466813,0.7213941756477872,2.1210420734575943,0.10657884441037364,0.6753893494606018,1.1227748394012451
h512_wd1e-05_s0,l14,41,0.0005,0.21346741104903427,0.855968713760376,0.9917757442372293,0.7277000687915616,2.0442030352079636,0.11082502086499321,0.6804110407829285,1.1660531759262085
h512_wd1e-05_s0,l14,42,0.0005,0.2194347867499227,0.8984162211418152,0.9894373334877795,0.7250630589314377,2.2242932372098965,0.10192242293457947,0.6856611371040344,1.1964274644851685
h512_wd1e-05_s0,l14,43,0.0005,0.19364536521227463,0.9690716862678528,0.9916309510019692,0.7102728731942214,1.8521313056390427,0.09266295341828837,0.6900791525840759,1.2347139120101929
h512_wd1e-05_s0,l14,44,0.0005,0.20199493966672732,0.9590440988540649,0.9932888335456969,0.7258656271497363,2.183129894512606,0.09071379933146367,0.6956597566604614,1.2640520334243774
h512_wd1e-05_s0,l15,1,0.0005,0.733236483165196,0.685107946395874,0.7081820361742943,0.6094850948509485,0.9646283556636333,0.2848988421521275,0.24346527457237244,0.04072458669543266
h512_wd1e-05_s0,l15,2,0.0005,0.6824308917635963,0.678335428237915,0.7542134831460674,0.6722222222222223,0.7398811691182053,0.20535812710924947,0.28164082765579224,0.0488615520298481
h512_wd1e-05_s0,l15,3,0.0005,0.6729015764735994,0.6668927669525146,0.7590521375719375,0.6789972899728998,0.6446252535981121,0.17259970210146924,0.29484760761260986,0.04553280398249626
h512_wd1e-05_s0,l15,4,0.0005,0.6545937543823606,0.6524173021316528,0.7695258975061661,0.6886178861788619,0.8241259860493253,0.22086437227484784,0.3115430176258087,0.03679417446255684
h512_wd1e-05_s0,l15,5,0.0005,0.653120912256695,0.6433470845222473,0.7749297752808988,0.6948509485094851,0.8993258826934162,0.21879842282135484,0.32762017846107483,0.042688917368650436
h512_wd1e-05_s0,l15,6,0.0005,0.6423006937617347,0.6711728572845459,0.761758358454371,0.6833333333333333,1.0267067376150816,0.269999926498373,0.3443496525287628,0.040632154792547226
h512_wd1e-05_s0,l15,7,0.0005,0.603996889931815,0.646220326423645,0.804038777747328,0.7014905149051491,0.9089797885468387,0.23280501049854546,0.36149150133132935,0.040049269795417786
h512_wd1e-05_s0,l15,8,0.0005,0.5954423603557405,0.6184768080711365,0.8130138394080568,0.7149051490514905,0.9360876665863662,0.2208984559818175,0.37616094946861267,0.0474952831864357
h512_wd1e-05_s0,l15,9,0.0005,0.5865371284030733,0.6318228840827942,0.8338157714442311,0.715989159891599,0.966935933809066,0.24062842874053306,0.39135733246803284,0.05882321670651436
h512_wd1e-05_s0,l15,10,0.0005,0.571529087566194,0.6653885245323181,0.8351346259249108,0.7289972899728998,0.9778215805048907,0.22713747460756262,0.40583157539367676,0.0712217167019844
h512_wd1e-05_s0,l15,11,0.0005,0.5383291897319612,0.6038697361946106,0.8642864483420114,0.7331978319783198,1.0065278522125478,0.21418310190757733,0.42124029994010925,0.10057024657726288
h512_wd1e-05_s0,l15,12,0.0005,0.5422388925438836,0.6650346517562866,0.8750513839408056,0.7439024390243902,1.3436686749630358,0.2943239282549226,0.43621721863746643,0.12689340114593506
h512_wd1e-05_s0,l15,13,0.0005,0.5674471869355157,0.6141916513442993,0.8861331871745685,0.7357723577235772,1.6469630096174481,0.3229505268123532,0.452930748462677,0.11824691295623779
h512_wd1e-05_s0,l15,14,0.0005,0.4907906041258857,0.6052660942077637,0.8920594683474925,0.7478319783197831,0.9958575263330894,0.23359598011520183,0.46696022152900696,0.14347338676452637
h512_wd1e-05_s0,l15,15,0.0005,0.4903520487603687,0.6092858910560608,0.9016168813373526,0.7471544715447154,1.3384079866394676,0.26371663759055775,0.480878084897995,0.17733341455459595
h512_wd1e-05_s0,l15,16,0.0005,0.4556815226872762,0.6122410893440247,0.9128100164428611,0.7528455284552845,1.1575584829282715,0.2259617274156717,0.49263471364974976,0.21303117275238037
h512_wd1e-05_s0,l15,17,0.0005,0.4879774877003261,0.5880314111709595,0.9162441764867086,0.7533875338753389,1.5100757046474644,0.24120655843137728,0.5051411390304565,0.23571792244911194
h512_wd1e-05_s0,l15,18,0.0005,0.450900456735066,0.5970882773399353,0.9243371471636063,0.750948509485095,1.4729834141876579,0.2461141504800724,0.517554759979248,0.2669758200645447
h512_wd1e-05_s0,l15,19,0.0005,0.4084416613692329,0.616402268409729,0.9312654151822417,0.7589430894308944,1.037035069646841,0.18812840050916765,0.52805095911026,0.303921103477478
h512_wd1e-05_s0,l15,20,0.0005,0.404498142855508,0.6149834394454956,0.9359070978350232,0.7586720867208672,1.3953141579142982,0.18906573732392268,0.5389735102653503,0.34566840529441833
h512_wd1e-05_s0,l15,21,0.0005,0.40434346596399945,0.617692768573761,0.9452247191011235,0.7523035230352304,1.6321023985275915,0.20076067675339532,0.5497387051582336,0.3827657699584961
h512_wd1e-05_s0,l15,22,0.0005,0.3839740398384276,0.6060168743133545,0.9547478761304466,0.7516260162601627,1.2511591830108912,0.15697011411061462,0.559604287147522,0.41320037841796875
h512_wd1e-05_s0,l15,23,0.0005,0.3437588101341611,0.6283555626869202,0.9563750342559605,0.7565040650406504,1.4151550586015647,0.18804333806619106,0.5701242685317993,0.46241283416748047
h512_wd1e-05_s0,l15,24,0.0005,0.3666400895232246,0.6383569240570068,0.9590726911482598,0.7451219512195122,1.7960143750593265,0.19759437795331608,0.5802903175354004,0.49930113554000854
h512_wd1e-05_s0,l15,25,0.0005,0.3323209640525636,0.6454586982727051,0.9642795971499042,0.7607046070460706,1.571189534034075,0.17295417343337277,0.5902451276779175,0.5384371876716614
h512_wd1e-05_s0,l15,26,0.0005,0.34586346717107863,0.6491462588310242,0.9684759523157029,0.7401084010840108,2.0298637651094342,0.20292512856546202,0.5999279022216797,0.5638449192047119
h512_wd1e-05_s0,l15,27,0.0005,0.3071290339742388,0.6748018264770508,0.9674739654699919,0.7445799457994581,1.496173130351824,0.15495370792866317,0.6091932058334351,0.593244731426239
h512_wd1e-05_s0,l15,28,0.0005,0.3316675232989447,0.6582362055778503,0.9744450534392983,0.7402439024390244,1.797939459428039,0.15378705163233075,0.6189631819725037,0.6250766515731812
h512_wd1e-05_s0,l15,29,0.0005,0.2986063644999549,0.7032537460327148,0.9789754042203344,0.7482384823848238,2.026305078953863,0.18066984042753087,0.6281560659408569,0.6613587141036987
h512_wd1e-05_s0,l15,30,0.0005,0.3399175022329603,0.6731701493263245,0.9803542066319539,0.7331978319783199,2.399216894097028,0.24163012060029626,0.6369489431381226,0.6766427159309387
h512_wd1e-05_s0,l15,31,0.0005,0.28374161535785314,0.6925370097160339,0.9832145793368047,0.7372628726287263,1.6116377394856571,0.15940558165083565,0.6454582214355469,0.7128555774688721
h512_wd1e-05_s0,l15,32,0.0005,0.27378170121283757,0.9247287511825562,0.9859379281995067,0.7510840108401083,1.866677279568047,0.15404402357262942,0.6532900333404541,0.74664705991745
h512_wd1e-05_s0,l15,33,0.0005,0.29961562085719334,0.7440636157989502,0.9838311866264731,0.7336043360433604,2.321026550258378,0.16412691989244071,0.6610402464866638,0.7693488001823425
h512_wd1e-05_s0,l15,34,0.0005,0.26943214734395343,0.7771133780479431,0.9840281583995616,0.7218157181571816,1.704750691629305,0.13432774625648783,0.6684877276420593,0.8013004660606384
h512_wd1e-05_s0,l15,35,0.0005,0.23420053472121558,0.9408044815063477,0.9806196903261167,0.7211382113821138,1.6147932456855127,0.1190118064202071,0.6750766038894653,0.8431548476219177
h512_wd1e-05_s0,l15,36,0.0005,0.2809035047179177,0.9486011266708374,0.985252808988764,0.7140921409214093,2.462809863292858,0.16777487816436296,0.6819129586219788,0.8663023710250854
h512_wd1e-05_s0,l15,37,0.0005,0.3150335507733481,1.1273763179779053,0.9896290079473828,0.7273712737127371,2.9475144598262566,0.19267634372685977,0.6897250413894653,0.8758471608161926
h512_wd1e-05_s0,l15,38,0.0005,0.3229699581861496,0.8007017374038696,0.9853041929295698,0.7300813008130081,2.7475031499177844,0.1957473368830864,0.6981800198554993,0.8593323230743408
h512_wd1e-05_s0,l15,39,0.0005,0.22864716890312375,0.810326874256134,0.9898174157303371,0.7344173441734417,1.7692672852018976,0.13203481270862089,0.7047114968299866,0.8875769972801208
h512_wd1e-05_s0,l15,40,0.0005,0.22887141293003446,0.8135833740234375,0.9914017539051795,0.7350948509485095,1.6459985905475787,0.10774023329722963,0.709654688835144,0.92494797706604
h512_wd1e-05_s0,l15,41,0.0005,0.21815556181328638,0.8284420371055603,0.9893806522334887,0.7304878048780488,2.0210421414092488,0.12965345618785462,0.7146517038345337,0.9615627527236938
h512_wd1e-05_s0,l15,42,0.0005,0.21485475734585807,0.8257827758789062,0.9946903261167443,0.7257452574525746,1.6713003724830198,0.11223036067215436,0.7197779417037964,0.9846660494804382
h512_wd1e-05_s0,l15,43,0.0005,0.1842049275125776,0.9033588767051697,0.9960263085776926,0.7276422764227642,1.6600768343942625,0.10813092348030409,0.724722683429718,1.029428243637085
h512_wd1e-05_s0,l15,44,0.0005,0.16412758649814696,0.888312041759491,0.9938167991230474,0.7322493224932249,1.4157238670263308,0.09913489504754476,0.7292107939720154,1.0718879699707031
h512_wd1e-05_s0,l15,45,0.0005,0.1685193521635873,0.9894328713417053,0.9954782132090985,0.7283197831978321,1.939193391744386,0.10263699658356314,0.7337281703948975,1.108527421951294
h512_wd1e-05_s0,l16,1,0.0005,0.7451523801554805,0.6926190257072449,0.5570159542600168,0.52563202247191,0.9644563925654586,0.3083460321938614,0.2524789273738861,0.04438777267932892
h512_wd1e-05_s0,l16,2,0.0005,0.6938181830489117,0.6864794492721558,0.6977196576897757,0.6281601123595505,0.4842311980425426,0.14356533545666259,0.28411421179771423,0.05573830381035805
h512_wd1e-05_s0,l16,3,0.0005,0.6833500602970952,0.6881176233291626,0.6849163085525781,0.6329588014981273,0.3954283780010724,0.12157517616386793,0.2927107810974121,0.05628593638539314
h512_wd1e-05_s0,l16,4,0.0005,0.6810921819313712,0.6861392259597778,0.6975125555662394,0.6361189138576779,0.5447413512470457,0.1568040719787228,0.3004704415798187,0.056683894246816635
h512_wd1e-05_s0,l16,5,0.0005,0.6702466814414315,0.6627281308174133,0.7501460809621373,0.673689138576779,0.5763042223025212,0.16821449114903428,0.3137434124946594,0.052483078092336655
h512_wd1e-05_s0,l16,6,0.0005,0.6582064499025759,0.6570063233375549,0.7509449034386348,0.6779026217228465,0.7105578531913778,0.216937853587944,0.32759732007980347,0.05427272990345955
h512_wd1e-05_s0,l16,7,0.0005,0.6399226033169291,0.6559709906578064,0.7764036716247902,0.6912453183520599,0.5918308832560417,0.1461222180501753,0.34172967076301575,0.05269777774810791
h512_wd1e-05_s0,l16,8,0.0005,0.6332823452742203,0.6360159516334534,0.7750501113173914,0.6942883895131087,0.7522708496173663,0.1917792260381393,0.3557620048522949,0.06299697607755661
h512_wd1e-05_s0,l16,9,0.0005,0.6102543240008147,0.6647800207138062,0.7913815930591203,0.6999063670411985,0.805153383091385,0.19431987408102558,0.3711857497692108,0.08286018669605255
h512_wd1e-05_s0,l16,10,0.0005,0.6087255607480588,0.631576657295227,0.8130311614730878,0.7144194756554307,0.8816378027980837,0.22173824748240187,0.38751882314682007,0.0867513120174408
h512_wd1e-05_s0,l16,11,0.0005,0.5788405693095663,0.6180245280265808,0.8181125600041421,0.7215589887640449,0.8062907390151979,0.18748618652688365,0.40137940645217896,0.11560234427452087
h512_wd1e-05_s0,l16,12,0.0005,0.5732868236044179,0.6137757301330566,0.8383715855886507,0.7235486891385767,0.878710642729228,0.20224958647046756,0.41224655508995056,0.13663321733474731
h512_wd1e-05_s0,l16,13,0.0005,0.5432852493680042,0.6121252775192261,0.8485195896419353,0.7305711610486891,0.9076381554537858,0.19550849281771998,0.4241301715373993,0.18050070106983185
h512_wd1e-05_s0,l16,14,0.0005,0.5399557131788005,0.6038158535957336,0.8648066923571921,0.7363061797752809,0.8832969122698604,0.16824029901985665,0.4329192042350769,0.22219732403755188
h512_wd1e-05_s0,l16,15,0.0005,0.5036072277504465,0.6096700429916382,0.8796218906944578,0.7381788389513108,0.9821645020282175,0.17415241299282974,0.441665917634964,0.27393215894699097
h512_wd1e-05_s0,l16,16,0.0005,0.49001076687937195,0.6468815207481384,0.8897624982433302,0.7404026217228464,1.065901172574789,0.182882794657366,0.4505905210971832,0.32692936062812805
h512_wd1e-05_s0,l16,17,0.0005,0.48587704871011816,0.6149366497993469,0.8922994992566513,0.7454353932584269,1.1493518716104987,0.1562253937545632,0.4596547782421112,0.3606574833393097
h512_wd1e-05_s0,l16,18,0.0005,0.5015702740005825,0.5962843894958496,0.9039859762276348,0.7516385767790261,1.6447205161476692,0.23935822222262143,0.469815194606781,0.38175228238105774
h512_wd1e-05_s0,l16,19,0.0005,0.45744781649631,0.6045786142349243,0.9053839155615055,0.7528089887640449,1.0716485858963873,0.1434789082990683,0.47835007309913635,0.4239339232444763
h512_wd1e-05_s0,l16,20,0.0005,0.43742476468500885,0.6224344372749329,0.9124549737793919,0.7542134831460675,1.3093832428681689,0.16595341168106234,0.48593828082084656,0.47621122002601624
h512_wd1e-05_s0,l16,21,0.0005,0.45235728180926776,0.616206705570221,0.9219594819488309,0.7523408239700374,1.1540485401442493,0.12895561532139296,0.4932079017162323,0.5093557238578796
h512_wd1e-05_s0,l16,22,0.0005,0.4086242499558822,0.6277506947517395,0.9268189853475248,0.7521067415730337,1.299076442261217,0.15285667850916496,0.5003666877746582,0.5610155463218689
h512_wd1e-05_s0,l16,23,0.0005,0.4116405248641968,0.6378104090690613,0.9326918098506647,0.7524578651685394,1.6153217451958277,0.157865199701583,0.5076833367347717,0.5914056301116943
h512_wd1e-05_s0,l16,24,0.0005,0.40320409121720685,0.6664168834686279,0.9400661247494435,0.7550327715355805,1.5368310336516104,0.14396085867694955,0.5153312087059021,0.6261613965034485
h512_wd1e-05_s0,l16,25,0.0005,0.3790387355762979,0.6440654397010803,0.9472481305335099,0.7538623595505617,1.7661627502983746,0.14123903054741177,0.5222556591033936,0.6597984433174133
h512_wd1e-05_s0,l16,26,0.0005,0.37427501315655914,0.6739218831062317,0.9506505225630367,0.7549157303370787,1.7122345908455094,0.1562028120545306,0.5290871858596802,0.6976270079612732
h512_wd1e-05_s0,l16,27,0.0005,0.3658125219137772,0.6485986113548279,0.9530248004792934,0.7585440074906368,1.6655443182157283,0.12058042359400023,0.536556601524353,0.7275158166885376
h512_wd1e-05_s0,l16,28,0.0005,0.34099980800048163,0.653679609298706,0.9609760427222094,0.759129213483146,1.4907475198513096,0.11232295776523467,0.5434060096740723,0.7699361443519592
h512_wd1e-05_s0,l16,29,0.0005,0.3874278995005981,0.6617612838745117,0.9634168891781744,0.74812734082397,2.2994565298645466,0.16429144605637566,0.5519537925720215,0.7968414425849915
h512_wd1e-05_s0,l16,30,0.0005,0.3727722984293233,0.6437730193138123,0.9634020961693504,0.7595973782771536,1.999712702050366,0.13428589259832527,0.5603185892105103,0.820087194442749
h512_wd1e-05_s0,l16,31,0.0005,0.33710140443366504,0.6926625967025757,0.9647778459899852,0.7594803370786517,1.6910641519682794,0.12122294536127506,0.5662665963172913,0.8606507778167725
h512_wd1e-05_s0,l16,32,0.0005,0.3126598292070886,0.6621692180633545,0.9767749761462732,0.7532771535580524,1.775662412927289,0.13286721721014041,0.5718828439712524,0.9081494212150574
h512_wd1e-05_s0,l16,33,0.0005,0.3102145810490069,0.6757702827453613,0.9764199439344966,0.7611189138576779,1.7475819986440828,0.12192976548333664,0.5777260065078735,0.9578019380569458
h512_wd1e-05_s0,l16,34,0.0005,0.2914998673874399,0.6772559285163879,0.9758208270771234,0.7529260299625468,1.9024189939918121,0.10732039602924864,0.5843867063522339,1.006151556968689
h512_wd1e-05_s0,l16,35,0.0005,0.2603371771781341,0.7182660698890686,0.9771448013668741,0.7565543071161048,1.8058634710822934,0.10424938712396357,0.591051459312439,1.059487223625183
h512_wd1e-05_s0,l16,36,0.0005,0.26495182190252387,0.7459331750869751,0.9780397784007279,0.7622893258426966,1.8961881214016554,0.10952162667299095,0.5975297689437866,1.1104011535644531
h512_wd1e-05_s0,l16,37,0.0005,0.25460424177024676,0.7879911065101624,0.9805397968919889,0.7598314606741573,1.9110975111312924,0.08966083011914035,0.604371190071106,1.1536210775375366
h512_wd1e-05_s0,l16,38,0.0005,0.26238092391387274,0.8384334444999695,0.9823815264905806,0.7521067415730337,1.8997864392050325,0.09567029189751863,0.6104277968406677,1.1879403591156006
h512_wd1e-05_s0,l16,39,0.0005,0.3182531511006148,0.7456991672515869,0.9799628695478517,0.7620552434456929,2.835565308558163,0.12934063682103883,0.6164782047271729,1.2058138847351074
h512_wd1e-05_s0,l16,40,0.0005,0.28745234142179077,0.7079513072967529,0.9794673037522467,0.7549157303370786,2.344316047057343,0.11254924790194465,0.6258425712585449,1.2326743602752686
h512_wd1e-05_s0,l16,41,0.0005,0.28860291773858276,0.7021791338920593,0.9846744428583052,0.7593632958801498,2.2602394134303934,0.12545240795653914,0.6321415305137634,1.2739551067352295
h512_wd1e-05_s0,l16,42,0.0005,0.25978271922339563,0.7816333770751953,0.9904215267864408,0.7585440074906367,2.0026211418078743,0.09881832009831258,0.6378244161605835,1.3177976608276367
h512_wd1e-05_s0,l16,43,0.0005,0.25708911405957263,0.6841503381729126,0.9874777180304588,0.7590121722846442,2.3539332492106912,0.10307515394103284,0.643754780292511,1.3574987649917603
h512_wd1e-05_s0,l16,44,0.0005,0.2734810049119203,0.780493974685669,0.9891863105496344,0.7586610486891385,2.688176547932291,0.10051259821718675,0.6489230990409851,1.4006935358047485
h512_wd1e-05_s0,l16,45,0.0005,0.23187084690384244,0.8748005032539368,0.9872706159069223,0.7503511235955056,2.472885659465203,0.09258463701831696,0.6534276008605957,1.4389548301696777
h512_wd1e-05_s0,l16,46,0.0005,0.21089444082716238,0.8136972188949585,0.991597570987951,0.745435393258427,2.3787461524845113,0.09299357105870484,0.6579694747924805,1.476479172706604
h512_wd1e-05_s0,l16,47,0.0005,0.23006188999051633,0.817131519317627,0.9904141302820286,0.7419241573033707,2.394023537523469,0.0945873495081795,0.6621823310852051,1.5225218534469604
h512_wd1e-05_s0,l16,48,0.0005,0.2231965667527655,0.867097020149231,0.9888978468775658,0.7512874531835205,2.290444109339315,0.08194340791327838,0.6672496199607849,1.5607854127883911
h512_wd1e-05_s0,l16,49,0.0005,0.2363539746274119,0.8733282089233398,0.9881877824540122,0.7595973782771535,2.5749108871837234,0.08583598856417303,0.6725695133209229,1.5955685377120972
h512_wd1e-05_s0,l16,50,0.0005,0.2366712669963422,0.8429721593856812,0.98906056997463,0.7595973782771536,2.4412121302697134,0.08980239326729993,0.6764184236526489,1.6339547634124756
h512_wd1e-05_s0,l16,51,0.0005,0.21102227594541467,0.9630804657936096,0.9921375158100282,0.7481273408239699,2.4017549988506532,0.07799867126662594,0.6804530620574951,1.6678545475006104
h512_wd1e-05_s0,l16,52,0.0005,0.2771193585965944,0.7841885089874268,0.9898815819643637,0.7350187265917604,4.248693015603579,0.12451810427237155,0.685903787612915,1.6774876117706299
h512_wd1e-05_s0,l16,53,0.0005,0.290207736518072,0.7870234847068787,0.9887647097981493,0.7540964419475655,2.4349970575502753,0.10829309613354014,0.6915584802627563,1.6923437118530273
h512_wd1e-05_s0,l16,54,0.0005,0.2637257673170256,0.8629522919654846,0.9916937255453073,0.7577247191011236,2.7851335997628346,0.08786475167307531,0.6958720684051514,1.7221958637237549
h512_wd1e-05_s0,l16,55,0.0005,0.25206771622533386,0.9151536822319031,0.9863460528554204,0.7551498127340824,2.862530446790684,0.09463281610620665,0.700869083404541,1.7597509622573853
h512_wd1e-05_s0,l16,56,0.0005,0.2628246966911399,0.7898796200752258,0.9917972766070755,0.7532771535580524,2.884808618163386,0.09267390886539247,0.7051102519035339,1.7725480794906616
h512_wd1e-05_s0,l17,1,0.0005,0.7318194914947856,0.6853166818618774,0.6860158311345647,0.5849807445442876,0.9972585212659507,0.28569666874230504,0.23899193108081818,0.0416402630507946
h512_wd1e-05_s0,l17,2,0.0005,0.6774989312345331,0.680341899394989,0.7469985804909737,0.6173299101412066,0.5999439849986455,0.1603130382515325,0.27612414956092834,0.044902827590703964
h512_wd1e-05_s0,l17,3,0.0005,0.6608695902607657,0.6814430952072144,0.7516179996952467,0.6333761232349165,0.7523668498154247,0.21281505515062482,0.29290223121643066,0.03694168105721474
h512_wd1e-05_s0,l17,4,0.0005,0.6417719884352251,0.6603826880455017,0.7663183389338444,0.6378690629011553,0.7944131330748281,0.21237194898691267,0.31017354130744934,0.029321065172553062
h512_wd1e-05_s0,l17,5,0.0005,0.6317792426456105,0.6517390608787537,0.7851168087512332,0.6492939666238767,0.9851777023392428,0.264982999672774,0.3300270438194275,0.02612205594778061
h512_wd1e-05_s0,l17,6,0.0005,0.6250964430245486,0.6824048161506653,0.7967615946620046,0.6540436456996149,1.2918822204767892,0.35333103551360173,0.3501054346561432,0.03184350207448006
h512_wd1e-05_s0,l17,7,0.0005,0.5911478156393225,0.6829926371574402,0.7934333672839258,0.6560975609756098,0.873024202673072,0.22874733378580323,0.36818382143974304,0.04145557060837746
h512_wd1e-05_s0,l17,8,0.0005,0.6127801605246284,0.6417513489723206,0.8330352631705576,0.68395378690629,1.2498522649246753,0.3371004008308663,0.38352224230766296,0.04199595749378204
h512_wd1e-05_s0,l17,9,0.0005,0.5975876613096758,0.7055480480194092,0.8365399266987994,0.6765083440308087,1.2787614528402118,0.33675368050217974,0.40160468220710754,0.04440803825855255
h512_wd1e-05_s0,l17,10,0.0005,0.5611475611274893,0.6382004618644714,0.843027965129801,0.6916559691912709,0.9597941665201678,0.26423055725771083,0.41677412390708923,0.05081011354923248
h512_wd1e-05_s0,l17,11,0.0005,0.5481452968987551,0.6546361446380615,0.8512001668123601,0.6980744544287548,1.0795236067996454,0.23807401836220016,0.43170037865638733,0.0703335851430893
h512_wd1e-05_s0,l17,12,0.0005,0.526477881453254,0.6318875551223755,0.8770881619363065,0.7053915275994865,1.0233164239240393,0.23113030815343835,0.44609731435775757,0.09391642361879349
h512_wd1e-05_s0,l17,13,0.0005,0.5430376150391318,0.6240147948265076,0.8834879822922262,0.7051347881899872,1.431941205595001,0.3285226563808885,0.46094968914985657,0.10611902922391891
h512_wd1e-05_s0,l17,14,0.0005,0.5239142220128666,0.7205849289894104,0.8764946948857576,0.7053915275994865,1.3162396774389373,0.27179098842257415,0.47513145208358765,0.11910364776849747
h512_wd1e-05_s0,l17,15,0.0005,0.5419661050493066,0.7274312376976013,0.8844423414681092,0.7020539152759948,1.624477578856932,0.31787373422594584,0.48917171359062195,0.12428315728902817
h512_wd1e-05_s0,l17,16,0.0005,0.5284359807317908,0.6309447884559631,0.8995837710821151,0.7098844672657253,1.2811841887101594,0.29681578244409834,0.504509687423706,0.12507526576519012
h512_wd1e-05_s0,l17,17,0.0005,0.45551937412131915,0.6517613530158997,0.899142680706707,0.713222079589217,0.9457221971251275,0.2234952761540267,0.5165873169898987,0.16714052855968475
h512_wd1e-05_s0,l17,18,0.0005,0.45582949031483044,0.636768639087677,0.9139071785453643,0.716816431322208,1.250211535965757,0.2255579358561472,0.5261183381080627,0.2012820541858673
h512_wd1e-05_s0,l17,19,0.0005,0.42946501211686566,0.6443930864334106,0.9213255166772262,0.7168164313222078,1.0501985400751193,0.18506553557721334,0.5364293456077576,0.24081455171108246
h512_wd1e-05_s0,l17,20,0.0005,0.4124466153708371,0.652302622795105,0.9281824670585688,0.7173299101412066,1.1996362016723023,0.196117170562648,0.5466614365577698,0.2762473523616791
h512_wd1e-05_s0,l17,21,0.0005,0.456114109266888,0.6756250858306885,0.9385280413181384,0.7186136071887035,1.7748627874699232,0.27464716485103136,0.5583729147911072,0.2940891683101654
h512_wd1e-05_s0,l17,22,0.0005,0.4227315851233222,0.6658084392547607,0.934758723564652,0.7224646983311939,1.3519715807075074,0.2209321926274712,0.5712534785270691,0.3178419768810272
h512_wd1e-05_s0,l17,23,0.0005,0.40238982845436444,0.6491612792015076,0.9456015269746814,0.7287548138639282,1.244001568584599,0.2160572650004096,0.581265926361084,0.34822848439216614
h512_wd1e-05_s0,l17,24,0.0005,0.37706735594706103,0.6855291724205017,0.9486009415274559,0.7286264441591784,1.3617504491512635,0.18389322541698008,0.5907113552093506,0.38923606276512146
h512_wd1e-05_s0,l17,25,0.0005,0.3779608647931706,0.7636745572090149,0.9469087584508905,0.726829268292683,1.6174221944234561,0.2117732767872723,0.6008575558662415,0.4161660075187683
h512_wd1e-05_s0,l17,26,0.0005,0.4345433034680106,0.721351683139801,0.9479272762268327,0.7175866495507061,2.449431947654136,0.3315151865229529,0.6127622723579407,0.4054125249385834
h512_wd1e-05_s0,l17,27,0.0005,0.401423916220665,0.6905054450035095,0.9568774009351116,0.7319640564826702,1.7848794551645517,0.2420684973129147,0.6221886873245239,0.41022974252700806
h512_wd1e-05_s0,l17,28,0.0005,0.34280304136601364,0.7016173005104065,0.9635498953412837,0.7313222079589218,1.4578946252274123,0.2025031115921131,0.6305810213088989,0.44215357303619385
h512_wd1e-05_s0,l17,29,0.0005,0.31886257095770404,0.7052700519561768,0.9603339455133089,0.7347881899871629,1.334642866758165,0.1644208482402871,0.6388662457466125,0.4775530695915222
h512_wd1e-05_s0,l17,30,0.0005,0.3356480151414871,0.7652539610862732,0.9715376410486722,0.7373555840821566,1.7655515661232222,0.1703343898620534,0.6466454863548279,0.5053529739379883
h512_wd1e-05_s0,l17,31,0.0005,0.3050909651951356,0.7339109182357788,0.9710243722481975,0.7331193838254172,1.5087802684116696,0.16552065027207832,0.654844343662262,0.5405973792076111
h512_wd1e-05_s0,l17,32,0.0005,0.3226946714249524,0.7682387232780457,0.9767906264285313,0.7410783055198973,2.113608389825113,0.2128618525391431,0.662290096282959,0.5623930096626282
h512_wd1e-05_s0,l17,33,0.0005,0.29968599636446347,0.7269509434700012,0.9768307255535684,0.7406931964056482,1.6878723837802503,0.18039219755550803,0.6701726913452148,0.5813969969749451
h512_wd1e-05_s0,l17,34,0.0005,0.27934960377487267,0.756760835647583,0.9759726042777748,0.734403080872914,1.591262712749283,0.1678624399904863,0.6778517365455627,0.6203800439834595
h512_wd1e-05_s0,l17,35,0.0005,0.26535280726172705,0.7558066248893738,0.9821799488335164,0.7441591784338896,1.552204237951093,0.15007920068660033,0.684523344039917,0.6523258090019226
h512_wd1e-05_s0,l17,36,0.0005,0.2275405844504183,0.8299257755279541,0.9851232246112389,0.7386392811296534,1.445442445808428,0.12065809430546694,0.6915259957313538,0.6937668919563293
h512_wd1e-05_s0,l17,37,0.0005,0.2697370932860808,0.8198180198669434,0.9823162858586426,0.7386392811296535,2.150535996849028,0.14995533652194706,0.6983125805854797,0.7187687158584595
h512_wd1e-05_s0,l17,38,0.0005,0.2825124805623835,0.7611962556838989,0.9876494694885758,0.7349165596919126,2.2245029370874603,0.1763208606580161,0.7073259949684143,0.7326477766036987
h512_wd1e-05_s0,l17,39,0.0005,0.27469735965132713,0.9028283357620239,0.9910097761666841,0.7356867779204107,2.2254332809069575,0.17086641383165144,0.7162912487983704,0.7582679986953735
h512_wd1e-05_s0,l17,40,0.0005,0.221653687344356,0.8076297640800476,0.9897346239905045,0.7342747111681643,1.6271575547928165,0.13564248855278968,0.7244469523429871,0.7889701128005981
h512_wd1e-05_s0,l17,41,0.0005,0.22884474322199821,0.8130800127983093,0.9892534344900594,0.7442875481386393,1.836321154628179,0.1307295984498836,0.731011688709259,0.8286877870559692
h512_wd1e-05_s0,l17,42,0.0005,0.22743190723386678,0.8561360836029053,0.9915551242671885,0.7430038510911424,2.1353444297245296,0.13352495064406925,0.7372584939002991,0.8610844016075134
h512_wd1e-05_s0,l17,43,0.0005,0.21672990511764179,0.8701059222221375,0.9926859195932345,0.7467265725288832,2.3051101498730158,0.14323407558474277,0.7444773316383362,0.881074070930481
h512_wd1e-05_s0,l17,44,0.0005,0.21965121274644678,0.9015952944755554,0.9917235405923442,0.7423620025673942,2.3790243604507255,0.13656917062773538,0.7511609792709351,0.9105139970779419
h512_wd1e-05_s0,l17,45,0.0005,0.19565907256169754,0.8489600419998169,0.9958136513461278,0.7395378690629011,1.8353361255569334,0.10909657919503181,0.7576618790626526,0.9393960237503052
h512_wd1e-05_s0,l17,46,0.0005,0.1976225230504166,0.8796377182006836,0.9919561155175594,0.7431322207958921,2.1009468720086626,0.13182344864703624,0.7635259032249451,0.967438817024231
h512_wd1e-05_s0,l17,47,0.0005,0.1860840009017424,0.9031934142112732,0.9960221667963205,0.7441591784338896,1.9322867740100236,0.10562682421226305,0.7681758999824524,1.004156231880188
h512_wd1e-05_s0,l17,48,0.0005,0.18941568210721016,0.8928720951080322,0.9976582110978338,0.7424903722721438,2.1164428627257905,0.11135552886770171,0.7734068632125854,1.0343440771102905
h512_wd1e-05_s0,l17,49,0.0005,0.16652696173299442,0.9711620807647705,0.9951961248205565,0.735173299101412,1.9962250368365475,0.09732322963329304,0.7784115672111511,1.0705091953277588
h512_wd1e-05_s0,l17,50,0.0005,0.1728177907114679,0.9324085712432861,0.9970888035223071,0.7442875481386393,2.205914598818597,0.10353497690944519,0.7836923003196716,1.099226474761963
h512_wd1e-05_s0,l17,51,0.0005,0.15364948423071342,0.9768850207328796,0.9980431626981899,0.7403080872913992,2.377166753070966,0.10158523935104852,0.7890648245811462,1.1274449825286865
h512_wd1e-05_s0,l17,52,0.0005,0.16829624179412017,1.0689727067947388,0.9947951335701856,0.7399229781771501,2.3222732768832013,0.10698446126416096,0.7941523194313049,1.1512391567230225
h512_wd1e-05_s0,l17,53,0.0005,0.16689013638956982,1.007084846496582,0.9970166250972403,0.7323491655969192,2.1598578816242475,0.08955575910967704,0.7993537783622742,1.1718628406524658
h512_wd1e-05_s0,l17,54,0.0005,0.14943452873690563,1.0255608558654785,0.9985564314986647,0.73992297817715,2.0090975278033603,0.08870849762581928,0.8043882846832275,1.1980352401733398
h512_wd1e-05_s0,l17,55,0.0005,0.17590534348379483,1.0846760272979736,0.9968241492970623,0.7261874197689345,2.7641244242035836,0.10957994989135385,0.8091037273406982,1.2179620265960693
h512_wd1e-05_s0,l17,56,0.0005,0.16851315207102083,1.0063235759735107,0.9982516781483828,0.7324775353016687,2.2218882259089487,0.10188049421742383,0.814669668674469,1.2432341575622559
h512_wd1e-05_s0,l17,57,0.0005,0.14815229177474976,1.1770353317260742,0.9989895020490653,0.7392811296534018,2.1420919418463336,0.09536875008287274,0.8185885548591614,1.2717783451080322
h512_wd1e-05_s0,l17,58,0.0005,0.1571598309515552,1.0593866109848022,0.9986286099237315,0.7333761232349164,2.578700592346959,0.10280335590084953,0.8229875564575195,1.2930996417999268
h512_wd1e-05_s0,l17,59,0.0005,0.12864819609306075,1.0593291521072388,0.9989734623990504,0.7265725288831836,1.685034725628195,0.0800035524667789,0.8275483846664429,1.320558786392212
h512_wd1e-05_s0,l17,60,0.0005,0.12139544161883267,1.0988765954971313,0.9993183148743694,0.730038510911425,1.746993764560383,0.06972885622515901,0.8316689729690552,1.3536568880081177
h512_wd1e-05_s0,l17,61,0.0005,0.13842448202723806,1.0444297790527344,0.9989494029240281,0.7327342747111681,2.363230945276736,0.085139392507044,0.8369606733322144,1.3842229843139648
h512_wd1e-05_s0,l17,62,0.0005,0.1353544955226508,1.0415059328079224,0.9988050460738946,0.7333761232349165,2.3183806015638413,0.08635166854046208,0.8421820402145386,1.4126951694488525
h512_wd1e-05_s0,l17,63,0.0005,0.14010437137701295,0.9506117701530457,0.9992220769742803,0.7414634146341463,1.9108612783213301,0.07913677061120218,0.8468878269195557,1.4432352781295776
h512_wd1e-05_s0,l18,1,0.0005,0.724457014690746,0.6882354021072388,0.7399289558999178,0.6498020781791192,0.8169164231734833,0.24827682891990968,0.23864777386188507,0.031921207904815674
h512_wd1e-05_s0,l18,2,0.0005,0.6811439313671805,0.6846795082092285,0.7050816696914701,0.6138050470064325,0.5058177026767109,0.1567749793952972,0.2725496292114258,0.03687914088368416
h512_wd1e-05_s0,l18,3,0.0005,0.6694313341921027,0.6746232509613037,0.7563326973490312,0.6583374567046018,0.6389975997112736,0.17804114476304533,0.28746628761291504,0.034141913056373596
h512_wd1e-05_s0,l18,4,0.0005,0.6616470298983834,0.6633095145225525,0.7482045077326385,0.6434933201385453,0.8104537749739219,0.2180898731129278,0.3031961917877197,0.03232497721910477
h512_wd1e-05_s0,l18,5,0.0005,0.6362113166939128,0.655159056186676,0.7683776195572929,0.6527709054923306,0.829315597486822,0.20064432300911914,0.319517582654953,0.0325239934027195
h512_wd1e-05_s0,l18,6,0.0005,0.6354215307669207,0.649542510509491,0.7868909674717297,0.6641514101929737,0.9863595197718019,0.26573457153857966,0.3372558057308197,0.0340760163962841
h512_wd1e-05_s0,l18,7,0.0005,0.6020367064259269,0.6811410784721375,0.805350024043309,0.675284512617516,0.9940023772623543,0.25249894079700597,0.3554633557796478,0.047406893223524094
h512_wd1e-05_s0,l18,8,0.0005,0.6051721247759733,0.6419817805290222,0.8125397490188778,0.6804799604156357,1.0551811554165997,0.24829843231536958,0.36905014514923096,0.059898491948843
h512_wd1e-05_s0,l18,9,0.0005,0.5799448557875373,0.6326277852058411,0.8283385297904354,0.6890153389411182,1.0887678708198347,0.2430565328085029,0.3832189440727234,0.07383343577384949
h512_wd1e-05_s0,l18,10,0.0005,0.5698671517047015,0.6403491497039795,0.8374051840476523,0.6954477981197427,1.045592806360433,0.25909526307959496,0.39498966932296753,0.09199314564466476
h512_wd1e-05_s0,l18,11,0.0005,0.5405562289736487,0.6237031817436218,0.8592303038764019,0.7062097971301337,0.854021349111585,0.18931456838839028,0.4075861871242523,0.11781607568264008
h512_wd1e-05_s0,l18,12,0.0005,0.5282140360637144,0.6484966278076172,0.8695611708315883,0.7028698664027708,0.9235759442315647,0.21263100025296852,0.42029228806495667,0.1592227816581726
h512_wd1e-05_s0,l18,13,0.0005,0.5186336907473478,0.6732155084609985,0.8830874711092497,0.7080653142008906,1.1137767402659988,0.21356183431776407,0.43339651823043823,0.1899302452802658
h512_wd1e-05_s0,l18,14,0.0005,0.4965988790447062,0.6714624762535095,0.8880667628399026,0.7100445324096981,1.1143686304967444,0.18766859234719968,0.4462423026561737,0.22525572776794434
h512_wd1e-05_s0,l18,15,0.0005,0.4897117425094951,0.6273272633552551,0.9040827089828904,0.7159821870361206,1.2318186875491686,0.21391626756512866,0.45759642124176025,0.25556808710098267
h512_wd1e-05_s0,l18,16,0.0005,0.4744908958673477,0.6215822696685791,0.9091085361502784,0.7163532904502721,1.2080505503016885,0.1693038513336384,0.4690513014793396,0.291593462228775
h512_wd1e-05_s0,l18,17,0.0005,0.44813800941814075,0.6487524509429932,0.9113577489258069,0.7142503711034142,1.1645529003250883,0.16985967918086964,0.48151203989982605,0.33545446395874023
h512_wd1e-05_s0,l18,18,0.0005,0.46438773518258875,0.684679388999939,0.914188654660524,0.7196932211776349,1.6551650354394758,0.22008541645372526,0.49407556653022766,0.36174893379211426
h512_wd1e-05_s0,l18,19,0.0005,0.4843185395002365,0.6222420334815979,0.9263421595545007,0.719198416625433,1.6670163578202695,0.2349664218169802,0.5063167810440063,0.34819188714027405
h512_wd1e-05_s0,l18,20,0.0005,0.44507014886899426,0.6349999308586121,0.9296461755626909,0.7222909450766948,1.3734784337226964,0.1754444134165958,0.5160168409347534,0.38282737135887146
h512_wd1e-05_s0,l18,21,0.0005,0.44082584570754657,0.7063316106796265,0.9287930258892146,0.7132607619990103,1.6467343441620939,0.2080467398365047,0.5252129435539246,0.41200169920921326
h512_wd1e-05_s0,l18,22,0.0005,0.43693420561877166,0.7312756776809692,0.9343772782974236,0.7180851063829787,1.75356560967792,0.19722580367776904,0.5358320474624634,0.430375337600708
h512_wd1e-05_s0,l18,23,0.0005,0.40452600473707373,0.6775425672531128,0.9415670032729924,0.7195695200395844,1.3752496932131777,0.1600159370541862,0.5445220470428467,0.4728643000125885
h512_wd1e-05_s0,l18,24,0.0005,0.37626276300712064,0.6663087010383606,0.9481284998526377,0.7227857496288965,1.390728007565715,0.165156738055007,0.5530681610107422,0.5177080035209656
h512_wd1e-05_s0,l18,25,0.0005,0.37240754812955856,0.6852699518203735,0.9508197992771494,0.7177140029688273,1.4816030542938565,0.17863400788496794,0.5619843006134033,0.5592111945152283
h512_wd1e-05_s0,l18,26,0.0005,0.3634112057360736,0.6735581159591675,0.9567685792731164,0.7163532904502722,1.5971194837670288,0.14516071694300225,0.5709100961685181,0.5997649431228638
h512_wd1e-05_s0,l18,27,0.0005,0.3613612021912228,0.6994733214378357,0.9601966897792669,0.7276100940128649,1.7288250880985223,0.1693458028909138,0.5799089074134827,0.6383311748504639
h512_wd1e-05_s0,l18,28,0.0005,0.33680449426174164,0.7440468668937683,0.9599872803139592,0.7297130133597228,1.4511782394257013,0.12220882679330348,0.5875492095947266,0.6750403046607971
h512_wd1e-05_s0,l18,29,0.0005,0.3348408314314755,0.6977654099464417,0.9715978717793601,0.7261256803562594,1.8156513701240113,0.15761459514270287,0.5946158766746521,0.7219765782356262
h512_wd1e-05_s0,l18,30,0.0005,0.328253410756588,0.7377651929855347,0.9688212573875006,0.7337951509153885,1.9752088081615768,0.13947433107619497,0.6025538444519043,0.7481077909469604
h512_wd1e-05_s0,l18,31,0.0005,0.32631646164438943,0.805533766746521,0.9716366513099726,0.722662048490846,1.779172787824394,0.13366886172961392,0.6113113760948181,0.7805210947990417
h512_wd1e-05_s0,l18,32,0.0005,0.2920457138256593,0.7654522657394409,0.9766314548528705,0.7200643245917862,1.8665683208782595,0.11979299348116243,0.6177723407745361,0.8175304532051086
h512_wd1e-05_s0,l18,33,0.0005,0.2808473211797801,0.7919127345085144,0.9807731087222922,0.7196932211776349,1.6230542283811473,0.11662800916824413,0.6240295767784119,0.8555630445480347
h512_wd1e-05_s0,l18,34,0.0005,0.29705560546029697,0.8828926682472229,0.975095785440613,0.7132607619990105,2.6032037200186307,0.16499554873150776,0.630765974521637,0.8880258798599243
h512_wd1e-05_s0,l18,35,0.0005,0.2878584082831036,0.8352140784263611,0.9794390928692199,0.7205591291439881,1.9395794652746035,0.13620088248251747,0.6382384896278381,0.9111043810844421
h512_wd1e-05_s0,l18,36,0.0005,0.29444145275787875,0.7624636292457581,0.9852017311182465,0.7209302325581396,2.1347121575965904,0.1335628306750175,0.6439533829689026,0.9260306358337402
h512_wd1e-05_s0,l18,37,0.0005,0.31652524322271347,0.7719779014587402,0.9833790931794562,0.7183325086590796,2.653139305561872,0.16167034966078805,0.6504270434379578,0.9545745849609375
h512_wd1e-05_s0,l18,38,0.0005,0.2519266497005116,0.8308658003807068,0.9855042114570245,0.7224146462147452,1.7046998809494007,0.10422414510379653,0.6563279628753662,0.9966103434562683
h512_wd1e-05_s0,l18,39,0.0005,0.2206186858767813,0.890246570110321,0.9863263375060108,0.7319396338446313,1.7941448959511457,0.10718626552457407,0.661640465259552,1.0396050214767456
h512_wd1e-05_s0,l18,40,0.0005,0.21507219292900778,0.8220640420913696,0.9914607473591139,0.7288471053933696,1.7707736344656935,0.08992160876510197,0.6660814881324768,1.078425645828247
h512_wd1e-05_s0,l18,41,0.0005,0.223638634451411,0.8835843205451965,0.9900646842570617,0.7215487382483919,1.8654408384710366,0.10147363774829993,0.6714107990264893,1.1209384202957153
h512_wd1e-05_s0,l18,42,0.0005,0.20997450974854556,0.9267566204071045,0.991794251322382,0.7230331519049976,1.8508134578976962,0.09282778150469734,0.6766551733016968,1.1612193584442139
h512_wd1e-05_s0,l18,43,0.0005,0.2063600170341405,1.0209077596664429,0.9915305505142165,0.723156853043048,2.041064841691064,0.09378129845099069,0.6821405291557312,1.1961554288864136
h512_wd1e-05_s0,l18,44,0.0005,0.1904256184670058,0.9839563965797424,0.9917166922611569,0.7251360712518554,1.951213602238532,0.0897720047869932,0.6869857311248779,1.2329092025756836
h512_wd1e-05_s0,l18,45,0.0005,0.2210289632732218,0.9868601560592651,0.9949043696775094,0.7309500247402276,2.6148068478809097,0.10572555627032246,0.6916776299476624,1.253970742225647
h512_wd1e-05_s0,l18,46,0.0005,0.2700738656249913,1.0824841260910034,0.9860471248856004,0.7100445324096981,3.509490660444338,0.16165828451644285,0.6999040842056274,1.2692866325378418
h512_wd1e-05_s0,l18,47,0.0005,0.27191303365609865,0.8459931015968323,0.9922053143468752,0.7311974270163285,2.5834423175615586,0.13778227491536715,0.7079017162322998,1.2841628789901733
h512_wd1e-05_s0,l18,48,0.0005,0.2520171512256969,0.7962425947189331,0.992717204150961,0.7193221177634834,2.344967915409553,0.10873083830889746,0.7146924734115601,1.3191587924957275
h512_wd1e-05_s0,l18,49,0.0005,0.2520735395902937,0.8413439989089966,0.9923914560938154,0.733424047501237,2.605182376711759,0.11629739707820769,0.7200042605400085,1.3587548732757568
h512_wd1e-05_s0,l18,50,0.0005,0.23887314850633795,0.9700483679771423,0.9920424403183024,0.7386194952993568,2.3836785087624244,0.10064880138346184,0.7249868512153625,1.3846962451934814
h512_wd1e-05_s0,l18,51,0.0005,0.21547089584849097,0.8921165466308594,0.9912280701754386,0.7347847600197922,2.560970060909567,0.10702583947965948,0.7294890284538269,1.411428689956665
h512_wd1e-05_s0,l18,52,0.0005,0.2702979313378984,0.7931731939315796,0.992445747436673,0.7307026224641268,3.190995966533637,0.14654815504295599,0.7352501749992371,1.4352573156356812
h512_wd1e-05_s0,l18,53,0.0005,0.25236583094705234,0.7890312075614929,0.9956566925713931,0.7360217714002969,2.4185828994345377,0.0954828111365178,0.7407185435295105,1.461862325668335
h512_wd1e-05_s0,l18,54,0.0005,0.20802859487858685,0.9211974143981934,0.9965563776816045,0.7267441860465116,2.8220585878356648,0.10275699427197216,0.7460006475448608,1.496808648109436
h512_wd1e-05_s0,l18,55,0.0005,0.19187304411422124,0.875000536441803,0.996897637550995,0.7273626917367639,2.5910557244625965,0.10424339926327987,0.7502853274345398,1.5268490314483643
h512_wd1e-05_s0,l18,56,0.0005,0.18238899450410495,1.0223616361618042,0.9960987792203764,0.7225383473527957,2.979747501746617,0.09709287113436277,0.7540503144264221,1.560458779335022
h512_wd1e-05_s0,l18,57,0.0005,0.19386209920048714,0.9347524046897888,0.9971613383591604,0.7225383473527955,2.729947975770523,0.08678682909946805,0.7578019499778748,1.5938198566436768
h512_wd1e-05_s0,l18,58,0.0005,0.1665786714716391,1.1075750589370728,0.9961453146571114,0.7292182088075211,2.1792461100836786,0.0749900262299844,0.7613138556480408,1.6308140754699707
h512_wd1e-05_s0,l18,59,0.0005,0.17215479402379555,0.9163573980331421,0.9969053934571176,0.7313211281543791,2.7108092562521198,0.09016211394874295,0.7648481130599976,1.6587837934494019
h512_wd1e-05_s0,l18,60,0.0005,0.17235214432532137,0.9178944826126099,0.9978050785673289,0.7308263236021771,2.3640427161327007,0.08376711467540592,0.7684095501899719,1.6994315385818481
h512_wd1e-05_s0,l18,61,0.0005,0.1694380065256899,0.9928761720657349,0.9981540943428421,0.7247649678377042,2.7730767945901493,0.07989749500252309,0.7714270949363708,1.738669753074646
h512_wd1e-05_s0,l18,62,0.0005,0.20837899026545612,1.0910426378250122,0.997138070640793,0.7272389905987134,3.6980786790668203,0.11163413038910486,0.775048017501831,1.767491102218628
h512_wd1e-05_s0,l18,63,0.0005,0.19755864719098265,0.9964660406112671,0.996184094187724,0.7187036120732312,3.0754372552358435,0.08615557828717768,0.7788438200950623,1.7754695415496826
h512_wd1e-05_s0,l18,64,0.0005,0.16976835680278865,0.9786790013313293,0.998503110118355,0.7229094507669471,2.621591161105366,0.0886246974453818,0.7821575403213501,1.8072237968444824
h512_wd1e-05_s0,l18,65,0.0005,0.15855856883254918,1.017050862312317,0.9988443699877457,0.7242701632855022,2.595390227189246,0.07767630071392481,0.7852071523666382,1.8471909761428833
h512_wd1e-05_s0,l18,66,0.0005,0.19724971462379803,0.9733695387840271,0.9984798423999875,0.723156853043048,3.5742502875854356,0.09978490406541747,0.7887842655181885,1.8785191774368286
h512_wd1e-05_s0,l18,67,0.0005,0.1921225433999842,1.0045082569122314,0.9973242123877333,0.7210539336961901,3.769229976401891,0.09643122309229492,0.792492151260376,1.9032148122787476
h512_wd1e-05_s0,l18,68,0.0005,0.1485394760966301,1.136737585067749,0.9971613383591604,0.706333498268184,2.5249459868419546,0.07586705635857517,0.7958490252494812,1.9274370670318604
h512_wd1e-05_s0,l18,69,0.0005,0.14467386732047255,1.1356908082962036,0.9990848030775435,0.7071994062345373,2.7243913033689897,0.06122733484479392,0.7984670400619507,1.9553967714309692
h512_wd1e-05_s0,l18,70,0.0005,0.17804161323742432,1.133412480354309,0.9969829525183427,0.7166006927263731,3.363452938011932,0.08733601248250167,0.8014583587646484,1.9787778854370117
