unit,fold,epoch,lr,train_loss,val_loss,train_auc,val_auc,grad_net,grad_head,move_net,move_head
h64_wd1e-05_s0,o0,1,0.0005,0.7107206112460086,0.6927633881568909,0.6236520914800332,0.5027397260273972,0.6895876659123905,0.2580015074501833,0.1907384693622589,0.032709281891584396
h64_wd1e-05_s0,o0,2,0.0005,0.6859064478623239,0.6951205134391785,0.6439043833284857,0.5188356164383563,0.412964301492935,0.18340632483801575,0.22916966676712036,0.039009399712085724
h64_wd1e-05_s0,o0,3,0.0005,0.6794751945294832,0.6868786811828613,0.7074190177638453,0.572945205479452,0.4431896242181689,0.21598924207288758,0.24544383585453033,0.04085522145032883
h64_wd1e-05_s0,o0,4,0.0005,0.6732916549632424,0.6813254356384277,0.7393702399034784,0.6085616438356165,0.44014287790541856,0.20208648674346505,0.2614777982234955,0.041274067014455795
h64_wd1e-05_s0,o0,5,0.0005,0.6666008767328764,0.6755149364471436,0.7576727100367343,0.6327054794520548,0.5116880511528376,0.21592157360225678,0.28461483120918274,0.051280684769153595
h64_wd1e-05_s0,o0,6,0.0005,0.6525371043305648,0.6647574305534363,0.7760182701526464,0.6702054794520548,0.5312139682143093,0.1946992637076097,0.3090458810329437,0.07083224505186081
h64_wd1e-05_s0,o0,7,0.0005,0.6307223188249689,0.6722661852836609,0.7787652565469841,0.6660958904109588,0.5831861042628309,0.19698748620897363,0.33562207221984863,0.10554095357656479
h64_wd1e-05_s0,o0,8,0.0005,0.6260614269658139,0.6540008783340454,0.7775695095282724,0.698458904109589,0.7459606441944646,0.23361469202724897,0.36088791489601135,0.14091596007347107
h64_wd1e-05_s0,o0,9,0.0005,0.6153644197865537,0.6589146852493286,0.7970892716715683,0.7030821917808219,0.7867725852589684,0.2373358761041501,0.38625088334083557,0.16777923703193665
h64_wd1e-05_s0,o0,10,0.0005,0.5977951601931923,0.6354490518569946,0.8108134311475941,0.7003424657534246,0.8733867861686746,0.228188717866404,0.409335732460022,0.1996147483587265
h64_wd1e-05_s0,o0,11,0.0005,0.6026976751653772,0.642124354839325,0.8200777774186945,0.6933219178082191,1.1161783375288301,0.28311713395764293,0.4308363199234009,0.22153282165527344
h64_wd1e-05_s0,o0,12,0.0005,0.5688518395549372,0.6331842541694641,0.8282541016277241,0.6998287671232877,0.8136444644276303,0.21753560299267077,0.45065057277679443,0.2550375163555145
h64_wd1e-05_s0,o0,13,0.0005,0.5690421007181469,0.6223636269569397,0.8453285072552759,0.7172945205479452,0.8761126186034519,0.22118370423550668,0.46556615829467773,0.2835690975189209
h64_wd1e-05_s0,o0,14,0.0005,0.5457463970309809,0.612700343132019,0.858955714270325,0.7273972602739727,1.0609309658054282,0.2211216289664806,0.4845416247844696,0.32623937726020813
h64_wd1e-05_s0,o0,15,0.0005,0.5376840720051214,0.6042075753211975,0.8676922082538862,0.7301369863013698,0.9258558963571483,0.16762853383664772,0.501956045627594,0.36931824684143066
h64_wd1e-05_s0,o0,16,0.0005,0.5103341544929304,0.612049400806427,0.8769457820293228,0.7287671232876711,1.0327748858192738,0.16085380807232771,0.5176558494567871,0.4086797535419464
h64_wd1e-05_s0,o0,17,0.0005,0.5045914461738185,0.6109510064125061,0.8837001368106949,0.7308219178082191,1.3115923014539175,0.19259028529985908,0.5340024828910828,0.44967201352119446
h64_wd1e-05_s0,o0,18,0.0005,0.4803872171201204,0.5995590090751648,0.8992987105322691,0.7433219178082192,1.1018270922826814,0.1703406249989505,0.5484251976013184,0.486095666885376
h64_wd1e-05_s0,o0,19,0.0005,0.49395414559464706,0.6471108794212341,0.8994926154542222,0.7464041095890411,1.5664684076859954,0.18064233447864975,0.5640343427658081,0.521661102771759
h64_wd1e-05_s0,o0,20,0.0005,0.48547181800792094,0.5887243747711182,0.908164474463799,0.7573630136986301,1.5209716499294121,0.17339995723037366,0.5776254534721375,0.5503162145614624
h64_wd1e-05_s0,o0,21,0.0005,0.445871302956029,0.5884314179420471,0.9192170550151353,0.7601027397260274,1.3104630172944192,0.14924277892753565,0.5917357802391052,0.588901698589325
h64_wd1e-05_s0,o0,22,0.0005,0.435950999197207,0.5852941274642944,0.9270163418759224,0.7638698630136986,1.5167980237600478,0.15109010156350902,0.6043757796287537,0.6254352927207947
h64_wd1e-05_s0,o0,23,0.0005,0.43251134219922516,0.5740360021591187,0.9314761550808475,0.7717465753424658,1.59351902461086,0.15263596165116552,0.6177318096160889,0.6679827570915222
h64_wd1e-05_s0,o0,24,0.0005,0.427692091778705,0.5972146987915039,0.936409958094992,0.7607876712328766,1.514648488122373,0.14175484844618466,0.6304135918617249,0.7046561241149902
h64_wd1e-05_s0,o0,25,0.0005,0.40669163434129013,0.5757704377174377,0.9435413502246066,0.7708904109589041,1.7362893446607288,0.16593884693510097,0.6441406011581421,0.7477949261665344
h64_wd1e-05_s0,o0,26,0.0005,0.40768838556189285,0.6233857870101929,0.9413545336048003,0.7688356164383562,1.7525022318298833,0.15831318366738284,0.657766580581665,0.7875571250915527
h64_wd1e-05_s0,o0,27,0.0005,0.3763921464744367,0.5962124466896057,0.9484320632560945,0.7708904109589041,1.8641401326759672,0.13903532991071077,0.6694408655166626,0.8248440623283386
h64_wd1e-05_s0,o0,28,0.0005,0.38529904892570094,0.5886324048042297,0.9538937185577783,0.7712328767123288,2.215518395094738,0.14429259863688068,0.680726945400238,0.8632716536521912
h64_wd1e-05_s0,o0,29,0.0005,0.3669331952145225,0.5846412777900696,0.9582565793017268,0.7763698630136986,1.8920343016564838,0.14513633537416987,0.6915956139564514,0.9044216275215149
h64_wd1e-05_s0,o0,30,0.0005,0.36641058639476176,0.5983558297157288,0.9558974027512954,0.7688356164383562,2.403613549162705,0.14926770740877215,0.7021241784095764,0.9434314966201782
h64_wd1e-05_s0,o0,31,0.0005,0.3656225126040609,0.6499436497688293,0.9619084553318467,0.7628424657534246,2.2708845544101837,0.1346386202386439,0.7120346426963806,0.9725406169891357
h64_wd1e-05_s0,o0,32,0.0005,0.358288511633873,0.6418808698654175,0.9560374451949284,0.7696917808219179,2.911350960526087,0.14190805573064336,0.7230436205863953,0.9998656511306763
h64_wd1e-05_s0,o0,33,0.0005,0.35671671676008326,0.5748320817947388,0.9634058322291525,0.7785958904109589,2.304676363615183,0.14468348805763792,0.7336086630821228,1.0330660343170166
h64_wd1e-05_s0,o0,34,0.0005,0.36539724469184875,0.5704994201660156,0.9713990240118928,0.7648972602739725,2.366010961244579,0.13286321783285304,0.7438102960586548,1.0712082386016846
h64_wd1e-05_s0,o0,35,0.0005,0.34667809150720896,0.604925274848938,0.9717652888644712,0.770376712328767,2.520666280086968,0.11603053584051341,0.7535547018051147,1.1106165647506714
h64_wd1e-05_s0,o0,36,0.0005,0.3008188519038652,0.634553074836731,0.9819345247713538,0.7679794520547946,2.150406820093076,0.09778121425696928,0.7622755765914917,1.1475225687026978
h64_wd1e-05_s0,o0,37,0.0005,0.30109200744252457,0.6130234599113464,0.9787566385504531,0.7590753424657534,2.486685132759154,0.10736906738877745,0.7704702019691467,1.1832913160324097
h64_wd1e-05_s0,o0,38,0.0005,0.3436099588871002,0.5864307880401611,0.974479957771817,0.7462328767123287,3.5557814132456707,0.1482216429912206,0.7792744636535645,1.2081376314163208
h64_wd1e-05_s0,o0,39,0.0005,0.3204720702610518,0.6682653427124023,0.9803401954130714,0.7580479452054795,3.2282174949798788,0.14104550247229525,0.7880790829658508,1.2244184017181396
h64_wd1e-05_s0,o0,40,0.0005,0.29227227364715774,0.6989192366600037,0.984875416087645,0.7619863013698629,2.968508039638041,0.11631479600203136,0.7958931922912598,1.251257061958313
h64_wd1e-05_s0,o0,41,0.0005,0.25838206159441096,0.7196952104568481,0.983173361772722,0.7690068493150685,2.6669785527351526,0.10266451407026077,0.8028988242149353,1.28166663646698
h64_wd1e-05_s0,o0,42,0.0005,0.2682613863756782,0.6464027762413025,0.9858126232104192,0.771404109589041,2.6896115551277457,0.10690957798580604,0.8102580904960632,1.3203051090240479
h64_wd1e-05_s0,o0,43,0.0005,0.2400058476548446,0.6286404132843018,0.9911126910771418,0.7732876712328768,2.7138061925407913,0.10573656994415925,0.8175459504127502,1.3561005592346191
h64_wd1e-05_s0,o0,44,0.0005,0.2578137799313194,0.714881956577301,0.9910157386161652,0.7710616438356164,3.105965079447427,0.10499579533169826,0.8254082798957825,1.3878931999206543
h64_wd1e-05_s0,o0,45,0.0005,0.21671063256891152,0.8361244201660156,0.9888289219963589,0.7712328767123288,2.843671902309566,0.11187575499168044,0.8323240876197815,1.4260540008544922
h64_wd1e-05_s0,o0,46,0.0005,0.22331700905373222,0.7702696919441223,0.992513115513471,0.7678082191780822,3.003149735651032,0.09361683308245528,0.8392751216888428,1.4639513492584229
h64_wd1e-05_s0,o0,47,0.0005,0.2256985243998076,0.7140403389930725,0.9966928438311303,0.7706335616438356,3.330662879684848,0.10551213114524527,0.8461984395980835,1.49806809425354
h64_wd1e-05_s0,o0,48,0.0005,0.22446205388558538,0.7552641034126282,0.9906494737635867,0.7702054794520548,3.7677208721622093,0.11079637167455911,0.8536608219146729,1.5315940380096436
h64_wd1e-05_s0,o0,49,0.0005,0.25065822585632924,0.7269630432128906,0.9935149576102296,0.7683219178082191,3.4657325084492183,0.11532989570891321,0.8610280156135559,1.5604673624038696
h64_wd1e-05_s0,o0,50,0.0005,0.20380986246623492,0.7695025205612183,0.9967682513007788,0.7719178082191779,2.6581829901309515,0.08818807353993328,0.8678456544876099,1.594994068145752
h64_wd1e-05_s0,o0,51,0.0005,0.20668762530151166,0.7062039971351624,0.9939243124454642,0.7753424657534246,3.4076630717692935,0.08822522757469399,0.8748646378517151,1.6255813837051392
h64_wd1e-05_s0,o0,52,0.0005,0.18940093172223946,0.6741581559181213,0.9942959635458747,0.7708904109589041,2.989361432521925,0.08690531720077874,0.8818286657333374,1.6623741388320923
h64_wd1e-05_s0,o0,53,0.0005,0.2619761503056476,0.7382027506828308,0.9927393379224164,0.7628424657534246,4.41891337619672,0.11247275664715524,0.888955295085907,1.6888867616653442
h64_wd1e-05_s0,o1,1,0.0005,0.7087645185621161,0.6894602179527283,0.592293356601924,0.5895547945205479,0.5092367813176817,0.18038675790565897,0.20081301033496857,0.0328965038061142
h64_wd1e-05_s0,o1,2,0.0005,0.6898795868221083,0.6850547790527344,0.6763188227816738,0.6357876712328767,0.30791267050148147,0.1245462679265837,0.23952654004096985,0.03834256902337074
h64_wd1e-05_s0,o1,3,0.0005,0.6805815728087174,0.6798334717750549,0.730892285815855,0.6594178082191781,0.3469437558120684,0.1552118182328289,0.25793761014938354,0.039251092821359634
h64_wd1e-05_s0,o1,4,0.0005,0.6760389616614894,0.6716637015342712,0.7687899255620549,0.6902397260273971,0.4477325972679401,0.16366698992700873,0.27685636281967163,0.04691234603524208
h64_wd1e-05_s0,o1,5,0.0005,0.6643604887159247,0.677970290184021,0.7549472686337243,0.673458904109589,0.5112418007532542,0.17741568970599553,0.30082517862319946,0.06915847957134247
h64_wd1e-05_s0,o1,6,0.0005,0.6708744168281555,0.6661874055862427,0.7765676674315138,0.6808219178082191,0.6828978167388707,0.22963353159925126,0.32313284277915955,0.07503917068243027
h64_wd1e-05_s0,o1,7,0.0005,0.6457757008703131,0.6853926181793213,0.7845931767012464,0.6839041095890411,0.5691312599070955,0.20610915588336062,0.3475920259952545,0.08944588899612427
h64_wd1e-05_s0,o1,8,0.0005,0.6428256944606179,0.6556756496429443,0.7604196964310721,0.659931506849315,0.8473282763281434,0.23769573348124007,0.36990249156951904,0.10454418510198593
h64_wd1e-05_s0,o1,9,0.0005,0.6337590719524183,0.6482442021369934,0.7867261308427324,0.6876712328767124,0.7262200674870091,0.18246064250592098,0.38927385210990906,0.12315919250249863
h64_wd1e-05_s0,o1,10,0.0005,0.6144169631757235,0.642315685749054,0.8073770050307555,0.6972602739726027,0.9403666438380821,0.23933890992140228,0.40891993045806885,0.15085570514202118
h64_wd1e-05_s0,o1,11,0.0005,0.6117324452651175,0.637237548828125,0.8267028622520979,0.7109589041095891,0.8557480901786976,0.20941465291219172,0.4274842441082001,0.17493975162506104
h64_wd1e-05_s0,o1,12,0.0005,0.578761941508243,0.6302398443222046,0.8229001712826811,0.7010273972602739,0.8544006682671365,0.2081760163866364,0.4486435055732727,0.21370041370391846
h64_wd1e-05_s0,o1,13,0.0005,0.5931754363210577,0.6401652097702026,0.842764653287227,0.7102739726027397,1.123626298981227,0.2591256162847475,0.46527099609375,0.22957070171833038
h64_wd1e-05_s0,o1,14,0.0005,0.5585373702802157,0.6216270923614502,0.8561333204063385,0.7126712328767123,1.002083131012239,0.18223948600907822,0.48267993330955505,0.26214879751205444
h64_wd1e-05_s0,o1,15,0.0005,0.5578621829810896,0.6303069591522217,0.8723890163634209,0.7159246575342465,1.0839362465668898,0.18840661534816044,0.4994681775569916,0.2980248034000397
h64_wd1e-05_s0,o1,16,0.0005,0.5240746579672161,0.6264978051185608,0.874091070678344,0.7124999999999999,1.05051835636532,0.17029057829857416,0.5158529281616211,0.3390188217163086
h64_wd1e-05_s0,o1,17,0.0005,0.5066578450955843,0.6104215979576111,0.8857361384912043,0.7250000000000001,1.3148535146821125,0.19030577738400928,0.5326119661331177,0.383106529712677
h64_wd1e-05_s0,o1,18,0.0005,0.495074295683911,0.6281514167785645,0.8880091350763231,0.7087328767123287,1.411871478006094,0.18841486904875443,0.549092710018158,0.4241149127483368
h64_wd1e-05_s0,o1,19,0.0005,0.4857436355791594,0.6233273148536682,0.9085091943250493,0.7109589041095891,1.284975444467848,0.16516319350397468,0.5645830035209656,0.46618837118148804
h64_wd1e-05_s0,o1,20,0.0005,0.47739356285647344,0.6409906148910522,0.9092848140128624,0.7210616438356164,1.455047605451093,0.16989389582664824,0.5805907249450684,0.5059432983398438
h64_wd1e-05_s0,o1,21,0.0005,0.4582670770193401,0.6896632313728333,0.9165239310991178,0.7078767123287671,1.6199867122907694,0.1997417332032055,0.5950838327407837,0.5448015332221985
h64_wd1e-05_s0,o1,22,0.0005,0.4597200908158955,0.6416729092597961,0.9284167663122516,0.7047945205479451,1.6447960641272887,0.14297516552062192,0.6095057725906372,0.5828449726104736
h64_wd1e-05_s0,o1,23,0.0005,0.45939577253241287,0.635434091091156,0.939469346863588,0.7138698630136986,1.9241715996102216,0.167105678752874,0.6243794560432434,0.6195368766784668
h64_wd1e-05_s0,o1,24,0.0005,0.5157146673453482,0.637044370174408,0.9187861551885725,0.7082191780821918,2.7464498521463727,0.24004672841734792,0.6395012736320496,0.6243652701377869
h64_wd1e-05_s0,o1,25,0.0005,0.4670765948923011,0.6303395628929138,0.9387906796367514,0.7196917808219179,2.0104281927771397,0.18744480708194597,0.653562605381012,0.6497666835784912
h64_wd1e-05_s0,o1,26,0.0005,0.463679900294856,0.7081510424613953,0.9218024539745122,0.6933219178082192,1.9410054122296352,0.2118040286987012,0.6676779985427856,0.6893719434738159
h64_wd1e-05_s0,o1,27,0.0005,0.4259099176055507,0.6425938010215759,0.9450387271219123,0.7212328767123287,1.952789888683766,0.15162270838947678,0.6793120503425598,0.7155439257621765
h64_wd1e-05_s0,o1,28,0.0005,0.4103317480338247,0.6501222252845764,0.9560913076732487,0.7154109589041096,2.5459457224754782,0.18522206581459025,0.6909772753715515,0.7414444088935852
h64_wd1e-05_s0,o1,29,0.0005,0.3832345165704426,0.665500283241272,0.9551110105678182,0.7202054794520548,2.094326190040465,0.14449344918859044,0.7018117308616638,0.7749377489089966
h64_wd1e-05_s0,o1,30,0.0005,0.36221021884366084,0.6748195290565491,0.9582565793017268,0.7044520547945206,2.0144599094707583,0.15616624653377764,0.7124388217926025,0.8137745261192322
h64_wd1e-05_s0,o1,31,0.0005,0.3515382299297734,0.6864949464797974,0.963933684516692,0.7145547945205479,2.11092164960781,0.141509490173744,0.7240322828292847,0.8555125594139099
h64_wd1e-05_s0,o1,32,0.0005,0.3506927623560554,0.6889744997024536,0.9701709595061888,0.7121575342465752,2.3964530777746624,0.14396414553649334,0.7348190546035767,0.8974745273590088
h64_wd1e-05_s0,o1,33,0.0005,0.3444268891685887,0.7159345149993896,0.970806536750369,0.7191780821917808,2.4109876351741724,0.13187848373718336,0.7440894842147827,0.9339406490325928
h64_wd1e-05_s0,o1,34,0.0005,0.3422900218712656,0.6947829723358154,0.9730687608398239,0.7231164383561645,2.381152139537871,0.12831214394212473,0.7537810802459717,0.9725057482719421
h64_wd1e-05_s0,o1,35,0.0005,0.33074164704272624,0.6699046492576599,0.9810188626399078,0.7148972602739725,2.678843945287455,0.12826874909373695,0.7632822394371033,1.0035053491592407
h64_wd1e-05_s0,o1,36,0.0005,0.2903997678505747,0.7093155384063721,0.9825808745111981,0.7184931506849316,2.261256705663756,0.11333297770995206,0.7723658084869385,1.0453357696533203
h64_wd1e-05_s0,o1,37,0.0005,0.2723467412747835,0.7528277635574341,0.9808572752049467,0.7287671232876713,2.086258913418424,0.12620090464633693,0.781277060508728,1.0907541513442993
h64_wd1e-05_s0,o1,38,0.0005,0.28306234353467036,0.7504245042800903,0.9840567064171757,0.7263698630136985,2.1859428233067706,0.09785580549693243,0.7896374464035034,1.1314311027526855
h64_wd1e-05_s0,o1,39,0.0005,0.27344394906571035,0.7157289385795593,0.9776147540100616,0.7273972602739726,2.9847144675054205,0.11821493617659713,0.7982494235038757,1.170894980430603
h64_wd1e-05_s0,o1,40,0.0005,0.3006796679998699,0.8061090707778931,0.9867606028288574,0.7171232876712328,3.0930415489787406,0.12235237354628686,0.8071452379226685,1.206670880317688
h64_wd1e-05_s0,o1,41,0.0005,0.2577746596775557,0.8040606379508972,0.982257699641276,0.7251712328767123,2.662896144863708,0.11663495430299455,0.8156628608703613,1.2378116846084595
h64_wd1e-05_s0,o1,42,0.0005,0.27631771799765137,0.8569945096969604,0.9852093634532311,0.7174657534246575,3.2762071956849392,0.12387737818067328,0.8241698741912842,1.2747594118118286
h64_wd1e-05_s0,o1,43,0.0005,0.2795848744480233,0.7471520304679871,0.9905309763112821,0.7253424657534246,3.0997115234676946,0.11539413762282232,0.8315321803092957,1.2990649938583374
h64_wd1e-05_s0,o1,44,0.0005,0.268307164311409,0.6965115070343018,0.990681791250579,0.7280821917808219,2.7745226940711243,0.1092171161253233,0.8396865725517273,1.3274811506271362
h64_wd1e-05_s0,o1,45,0.0005,0.25894446671009064,0.7251947522163391,0.993116375270659,0.7320205479452054,2.9862440046755476,0.11284470398899238,0.8478880524635315,1.357746958732605
h64_wd1e-05_s0,o1,46,0.0005,0.23209977228390544,0.851464569568634,0.992825517887729,0.7238013698630137,2.547441933231386,0.09672442564980936,0.8552291393280029,1.3903107643127441
h64_wd1e-05_s0,o1,47,0.0005,0.21562442928552628,0.7567610144615173,0.9953462818731215,0.7260273972602739,2.891828298630442,0.1034884492960169,0.8624621033668518,1.4238158464431763
h64_wd1e-05_s0,o1,48,0.0005,0.2186921442809858,0.9042091965675354,0.9934718676275733,0.7200342465753425,2.8553545252183348,0.09982009186219455,0.869651734828949,1.461574912071228
h64_wd1e-05_s0,o1,49,0.0005,0.2557688904436011,0.8481492400169373,0.9938489049758157,0.7164383561643836,3.973269800677202,0.11977296260229661,0.8776891827583313,1.4871671199798584
h64_wd1e-05_s0,o1,50,0.0005,0.25006554001256037,0.7927946448326111,0.9955509592907388,0.7270547945205479,3.4959960481325196,0.1139487332846271,0.8861390352249146,1.5123915672302246
h64_wd1e-05_s0,o1,51,0.0005,0.24237000628521568,0.7500539422035217,0.9941397623587457,0.726027397260274,3.4667649060233954,0.09694012245834377,0.8928677439689636,1.5403143167495728
h64_wd1e-05_s0,o1,52,0.0005,0.24313766823003166,0.7666562795639038,0.9975977334669123,0.723458904109589,4.135087532108573,0.10726159971078357,0.9002720713615417,1.5643796920776367
h64_wd1e-05_s0,o1,53,0.0005,0.23682741036540583,0.936789333820343,0.9956263667603873,0.7210616438356164,3.275066378498194,0.1093846661716907,0.9079781770706177,1.5947400331497192
h64_wd1e-05_s0,o1,54,0.0005,0.21118785519348948,0.8861021399497986,0.9957556367083563,0.7126712328767123,3.556955114987941,0.0820256631083666,0.9149019718170166,1.6200801134109497
h64_wd1e-05_s0,o1,55,0.0005,0.1979776820854137,1.007946491241455,0.9957879541953485,0.7277397260273972,3.0745351998305273,0.09350550507989346,0.921191394329071,1.6514453887939453
h64_wd1e-05_s0,o1,56,0.0005,0.21828407755023554,0.8442646861076355,0.995723319221364,0.7328767123287672,4.874759799016823,0.1082762794805587,0.9277248978614807,1.6765849590301514
h64_wd1e-05_s0,o1,57,0.0005,0.23970148516328713,0.8068832755088806,0.9974684635189435,0.729623287671233,3.2563736430622696,0.08582237132002228,0.9337350726127625,1.7036010026931763
h64_wd1e-05_s0,o1,58,0.0005,0.23120965141999095,0.8923646211624146,0.9983733531547253,0.7212328767123287,3.457541543910395,0.09152972303790541,0.9395508170127869,1.7383183240890503
h64_wd1e-05_s0,o1,59,0.0005,0.19551047486694237,0.9611173868179321,0.9956048217690592,0.7325342465753425,3.8021097290315886,0.10553177275037036,0.9454606771469116,1.7626179456710815
h64_wd1e-05_s0,o1,60,0.0005,0.16556337632631002,0.851509153842926,0.996175764039255,0.7255993150684932,3.719186565113066,0.07227233707853006,0.9512929916381836,1.7848345041275024
h64_wd1e-05_s0,o1,61,0.0005,0.16871823880233264,1.0448014736175537,0.9978347283715218,0.7196917808219176,2.7616944149985003,0.08008491442705522,0.9569302201271057,1.8168489933013916
h64_wd1e-05_s0,o1,62,0.0005,0.1418837197124958,0.9877134561538696,0.9988257979726164,0.7241438356164384,3.3426318644757704,0.07571006562963199,0.9623965620994568,1.8476558923721313
h64_wd1e-05_s0,o1,63,0.0005,0.15009333820719467,1.0132595300674438,0.9994182852341401,0.7179794520547944,3.1295410957088152,0.0720929459759521,0.9672828912734985,1.8782565593719482
h64_wd1e-05_s0,o1,64,0.0005,0.1312402159367737,1.1088365316390991,0.9993859677471479,0.7202054794520548,2.796869308870729,0.06183182708468678,0.971599817276001,1.9067955017089844
h64_wd1e-05_s0,o1,65,0.0005,0.17502352987465106,0.9453905820846558,0.99878270798996,0.7238013698630137,4.306688904954737,0.07418150038343665,0.9767018556594849,1.925781011581421
h64_wd1e-05_s0,o1,66,0.0005,0.16682457845461995,1.0820144414901733,0.9974900085102716,0.7265410958904109,2.874544210036662,0.06639450745885873,0.9817472100257874,1.9540352821350098
h64_wd1e-05_s0,o1,67,0.0005,0.12692404107043617,1.1338839530944824,0.9984918506070302,0.7171232876712328,2.6535640500520747,0.05983904549812493,0.9862412214279175,1.979022741317749
h64_wd1e-05_s0,o1,68,0.0005,0.15713685790174886,1.1062986850738525,0.9989873854075774,0.7191780821917808,3.328379907514078,0.06921708162522772,0.9910315275192261,2.005375623703003
h64_wd1e-05_s0,o1,69,0.0005,0.12614705746895388,0.9878236651420593,0.9979855433108188,0.7205479452054794,2.488127343207015,0.05878581823043658,0.995841383934021,2.032837390899658
h64_wd1e-05_s0,o1,70,0.0005,0.17180105377184718,0.9009407162666321,0.9982225382154284,0.7268835616438356,3.348368595443056,0.07168063495162731,1.000503659248352,2.0553832054138184
h64_wd1e-05_s0,o1,71,0.0005,0.20477671391869845,1.1428011655807495,0.9974146010406231,0.7299657534246575,4.271463938668485,0.0945608114364033,1.0064480304718018,2.0787055492401123
h64_wd1e-05_s0,o1,72,0.0005,0.14849400108582095,1.0414113998413086,0.9987503905029678,0.7169520547945205,3.5991123333214112,0.06091805024776289,1.0119119882583618,2.098576068878174
h64_wd1e-05_s0,o1,73,0.0005,0.14038786762639097,1.0543700456619263,0.9995529414299411,0.7169520547945205,3.753559466151012,0.05855867694706349,1.0163670778274536,2.119365930557251
h64_wd1e-05_s0,o1,74,0.0005,0.13790366798639297,1.105649709701538,0.9995583276777731,0.7155821917808219,3.229571739336012,0.061887512985717485,1.0211244821548462,2.144829034805298
h64_wd1e-05_s0,o1,75,0.0005,0.15398900759847542,1.130334734916687,0.9988581154596085,0.7212328767123287,3.1521882727597443,0.0638802863679235,1.025654911994934,2.1711654663085938
h64_wd1e-05_s0,o1,76,0.0005,0.14526551216840744,1.1279616355895996,0.9997199151127342,0.7306506849315068,3.590854656197997,0.0646313036831723,1.0296658277511597,2.1938655376434326
h64_wd1e-05_s0,o2,1,0.0005,0.7106269786232396,0.6911423802375793,0.5876504109707096,0.5405821917808219,0.61348988647066,0.21692462816732602,0.19471487402915955,0.036771465092897415
h64_wd1e-05_s0,o2,2,0.0005,0.6887377751500983,0.6869913339614868,0.6658695019875254,0.5986301369863013,0.3480702278531863,0.12182302358712335,0.23541785776615143,0.04458851367235184
h64_wd1e-05_s0,o2,3,0.0005,0.6786698197063646,0.6810858845710754,0.7540854689805987,0.6696917808219177,0.3465093238397301,0.15367936351108666,0.25163882970809937,0.039474308490753174
h64_wd1e-05_s0,o2,4,0.0005,0.6755909637400979,0.6748915314674377,0.7648471921490051,0.6866438356164383,0.43446556154364524,0.1636314971205602,0.2657874822616577,0.036005157977342606
h64_wd1e-05_s0,o2,5,0.0005,0.6624116050569635,0.668111264705658,0.7717523618696744,0.691095890410959,0.49223753450106744,0.19738550146721473,0.2841082811355591,0.04758192598819733
h64_wd1e-05_s0,o2,6,0.0005,0.6515116126913774,0.6617448329925537,0.781318338019369,0.6953767123287671,0.5594546745304566,0.23612590939604347,0.3040841221809387,0.0704277977347374
h64_wd1e-05_s0,o2,7,0.0005,0.633435236780267,0.6685020923614502,0.7871031681909748,0.698972602739726,0.5525785811434107,0.17143888742303598,0.32610565423965454,0.10605756938457489
h64_wd1e-05_s0,o2,8,0.0005,0.6231113044839156,0.6451448202133179,0.7890206724191795,0.686472602739726,0.6787639629118275,0.18541800583393367,0.3491615056991577,0.14519727230072021
h64_wd1e-05_s0,o2,9,0.0005,0.6112929959046213,0.6357318758964539,0.8093375992416163,0.7044520547945206,0.6831911958498273,0.196672142419524,0.37225279211997986,0.1871340125799179
h64_wd1e-05_s0,o2,10,0.0005,0.5986465937212894,0.6480732560157776,0.8219629641599069,0.7150684931506848,0.8881879215942713,0.21300941840320783,0.3946443498134613,0.22516050934791565
h64_wd1e-05_s0,o2,11,0.0005,0.5908665202165905,0.6337952613830566,0.8306455956651477,0.7159246575342465,0.9496655457557631,0.2277056862486626,0.41457435488700867,0.25138047337532043
h64_wd1e-05_s0,o2,12,0.0005,0.5733084992358559,0.6270448565483093,0.8321322000667896,0.708904109589041,1.014332417137738,0.2016907686921885,0.43695929646492004,0.2892983555793762
h64_wd1e-05_s0,o2,13,0.0005,0.5708083839792955,0.6284103989601135,0.8497452304775447,0.7169520547945205,0.9621189001417584,0.18265945990503019,0.4611118733882904,0.3198074698448181
h64_wd1e-05_s0,o2,14,0.0005,0.5508014857769012,0.6209151744842529,0.8581693220868478,0.7191780821917809,1.081170377436085,0.1827988153708689,0.48320528864860535,0.3580162525177002
h64_wd1e-05_s0,o2,15,0.0005,0.5652052273875788,0.6193323731422424,0.8767303321160413,0.7232876712328766,1.257649777215289,0.17316591988892308,0.5031038522720337,0.38580983877182007
h64_wd1e-05_s0,o2,16,0.0005,0.5318706302266372,0.6164035797119141,0.8849928362903834,0.7207191780821917,0.9325546897277994,0.15961747185891084,0.5253556370735168,0.4298080801963806
h64_wd1e-05_s0,o2,17,0.0005,0.5072979864321256,0.6255677938461304,0.8883215374505812,0.7268835616438356,1.0376084754246293,0.16463775402502442,0.5448651909828186,0.47982075810432434
h64_wd1e-05_s0,o2,18,0.0005,0.4812731491891961,0.6228069067001343,0.893934007691562,0.7268835616438356,1.2000439322484986,0.18063546451058596,0.5669692158699036,0.531181275844574
h64_wd1e-05_s0,o2,19,0.0005,0.49425258448249415,0.6291795372962952,0.9065486001141885,0.7296232876712327,1.5320865475929724,0.15574746486694205,0.5855825543403625,0.5697540044784546
h64_wd1e-05_s0,o2,20,0.0005,0.4762375056743622,0.6556023359298706,0.9190554675801743,0.7148972602739725,1.584075893958819,0.16659880635109245,0.6029050350189209,0.6095935702323914
h64_wd1e-05_s0,o2,21,0.0005,0.4993254448238172,0.6255427598953247,0.9140139396093893,0.7174657534246576,1.768172594720511,0.18501816265299081,0.6191326379776001,0.6416415572166443
h64_wd1e-05_s0,o2,22,0.0005,0.49042816695414093,0.6190594434738159,0.9185383877882989,0.7160958904109589,1.446418950167606,0.14987450311392295,0.6359202861785889,0.6727257966995239
h64_wd1e-05_s0,o2,23,0.0005,0.44788116373513875,0.6271946430206299,0.9223518512533799,0.7248287671232876,1.3912973956003283,0.14557646949817687,0.6503937840461731,0.7154540419578552
h64_wd1e-05_s0,o2,24,0.0005,0.4625499970034549,0.6248033046722412,0.933846104126943,0.7178082191780821,1.8399384917226713,0.15689356442217775,0.6634870767593384,0.7550605535507202
h64_wd1e-05_s0,o2,25,0.0005,0.4234871534924758,0.6981798410415649,0.9283952213209234,0.7294520547945205,1.5325109514418993,0.13244481933443195,0.6746217012405396,0.7890749573707581
h64_wd1e-05_s0,o2,26,0.0005,0.41658847582967656,0.6438818573951721,0.9469346863587887,0.7207191780821918,1.821634835241274,0.13913183268577342,0.6853449940681458,0.8186290264129639
h64_wd1e-05_s0,o2,27,0.0005,0.42208330411660044,0.6383844017982483,0.9399541091684712,0.727054794520548,2.100392373967627,0.1495981839907765,0.6965394020080566,0.8454606533050537
h64_wd1e-05_s0,o2,28,0.0005,0.4444827500142549,0.6445297598838806,0.9483027933081256,0.7191780821917808,2.1426814696288066,0.1575925570546876,0.7089399695396423,0.8705228567123413
h64_wd1e-05_s0,o2,29,0.0005,0.3948804281259838,0.6737926006317139,0.9450818171045686,0.7279109589041095,1.7047435372586108,0.12004289160388006,0.7196488380432129,0.9015488028526306
h64_wd1e-05_s0,o2,30,0.0005,0.37839765611447784,0.6900391578674316,0.9503926574669553,0.7078767123287671,2.28383968976625,0.13854342024218344,0.7308828234672546,0.9348621964454651
h64_wd1e-05_s0,o2,31,0.0005,0.39306221353380305,0.6917266249656677,0.9712912990552521,0.7087328767123288,2.5013716330106823,0.15944054588264678,0.7414172887802124,0.9674618244171143
h64_wd1e-05_s0,o2,32,0.0005,0.3555932954738015,0.702972412109375,0.9623824451410659,0.7150684931506849,2.083578870016873,0.14165270464316504,0.7516882419586182,1.0047904253005981
h64_wd1e-05_s0,o2,33,0.0005,0.3534433143703561,0.7058490514755249,0.9650432515700913,0.7126712328767123,1.964743595859197,0.11976945829459004,0.7617095708847046,1.047573208808899
h64_wd1e-05_s0,o2,34,0.0005,0.37139196223334264,0.6668650507926941,0.9494446778485172,0.689041095890411,2.102458961412704,0.11799413043859347,0.769994854927063,1.0781539678573608
h64_wd1e-05_s0,o2,35,0.0005,0.37481270024650976,0.6920543909072876,0.9723200723911709,0.699486301369863,2.3495497867189212,0.12158007408993853,0.7789197564125061,1.109351396560669
h64_wd1e-05_s0,o2,36,0.0005,0.34482666850090027,0.7096452116966248,0.9747384976677547,0.7083904109589041,2.2563316966365417,0.10669080456754208,0.7864978313446045,1.1423379182815552
h64_wd1e-05_s0,o2,37,0.0005,0.34827669749134466,0.7324697971343994,0.9729718083788471,0.7053082191780822,2.9129549683774747,0.13622132685961877,0.7955619692802429,1.1705173254013062
h64_wd1e-05_s0,o2,38,0.0005,0.35609512109505503,0.7780768275260925,0.9760742871300994,0.7041095890410958,2.660343773269597,0.11972416596834927,0.8043384552001953,1.1946423053741455
h64_wd1e-05_s0,o2,39,0.0005,0.32759269601420354,0.7241519093513489,0.977076129226858,0.7046232876712328,2.3173269708052664,0.09345464477531526,0.8125556707382202,1.225142240524292
h64_wd1e-05_s0,o3,1,0.0005,0.7165786247504385,0.6885544657707214,0.65984767691131,0.586986301369863,0.6998492612421018,0.28262284214066397,0.19458910822868347,0.036310356110334396
h64_wd1e-05_s0,o3,2,0.0005,0.687448009064323,0.6842828392982483,0.7355029139600772,0.6688356164383562,0.3185128985277423,0.12494021015759764,0.23681794106960297,0.04430525749921799
h64_wd1e-05_s0,o3,3,0.0005,0.6767393287859464,0.6765857934951782,0.7531805793448169,0.6883561643835617,0.33933414481564217,0.1549717604196383,0.25970667600631714,0.04020169377326965
h64_wd1e-05_s0,o3,4,0.0005,0.6666580407243026,0.6630859971046448,0.7700610800504152,0.7136986301369863,0.4434052923614432,0.2070595908572663,0.28447267413139343,0.035907965153455734
h64_wd1e-05_s0,o3,5,0.0005,0.6415379768923709,0.6684798002243042,0.7758566827176852,0.7131849315068494,0.5990236723050203,0.26420963639136485,0.3208630383014679,0.049983493983745575
h64_wd1e-05_s0,o3,6,0.0005,0.6554798672073766,0.6581739783287048,0.7853257064064032,0.7203767123287671,0.873157313158355,0.36293655929813573,0.3490704298019409,0.05552538111805916
h64_wd1e-05_s0,o3,7,0.0005,0.6192240369947333,0.6462382674217224,0.7970892716715681,0.726027397260274,0.5595609312812088,0.20504344667168337,0.3770580589771271,0.06976903229951859
h64_wd1e-05_s0,o3,8,0.0005,0.6141524440363834,0.660237193107605,0.7783559017117495,0.7143835616438355,0.8784407216136132,0.2994836418930402,0.4059025049209595,0.09434330463409424
h64_wd1e-05_s0,o3,9,0.0005,0.6092547429235358,0.63667231798172,0.8041237113402062,0.7282534246575343,0.8173090973239358,0.2637922361026603,0.43257367610931396,0.10858438909053802
h64_wd1e-05_s0,o3,10,0.0005,0.58441246183295,0.641373872756958,0.8252593478331126,0.7366438356164384,0.8213343025937059,0.2365688977464675,0.45816540718078613,0.13501034677028656
h64_wd1e-05_s0,o3,11,0.0005,0.5756479219386452,0.6116668581962585,0.8387896023871849,0.7392123287671232,0.9236244236827167,0.24682176276517098,0.4794335663318634,0.1548900455236435
h64_wd1e-05_s0,o3,12,0.0005,0.5569250144456562,0.6054919362068176,0.8494005106162945,0.7400684931506849,0.9560038533967891,0.23522229195309238,0.5047021508216858,0.18436694145202637
h64_wd1e-05_s0,o3,13,0.0005,0.5501105408919486,0.61591637134552,0.8566719451895421,0.7390410958904109,1.183623704959131,0.3100298577921247,0.5283730626106262,0.20708481967449188
h64_wd1e-05_s0,o3,14,0.0005,0.5507790179629075,0.610011100769043,0.8623059604218509,0.7496575342465753,1.2690071978320248,0.27278214830420655,0.5509231090545654,0.22602958977222443
h64_wd1e-05_s0,o3,15,0.0005,0.5307689465974507,0.5963171720504761,0.8718073015975611,0.7498287671232877,1.0618988755548908,0.1936262242823176,0.5700154304504395,0.25089824199676514
h64_wd1e-05_s0,o3,16,0.0005,0.49437398032138224,0.5933008193969727,0.8833877344364369,0.7535958904109589,1.0307795100566128,0.2138853909301502,0.5892403721809387,0.28451910614967346
h64_wd1e-05_s0,o3,17,0.0005,0.48122863863643844,0.6162408590316772,0.89488198731,0.7491438356164384,1.2352737761710317,0.21388611022024084,0.6096053123474121,0.31708279252052307
h64_wd1e-05_s0,o3,18,0.0005,0.47803619660829244,0.5934404730796814,0.9142509345139989,0.7551369863013698,1.4727192034347565,0.2078958010805908,0.6268825531005859,0.3436279892921448
h64_wd1e-05_s0,o3,19,0.0005,0.4553004205226898,0.5998075604438782,0.9177519956048217,0.7594178082191781,1.3241195225666393,0.20550609052083807,0.6453686952590942,0.38423269987106323
h64_wd1e-05_s0,o3,20,0.0005,0.44235549631871673,0.5876929759979248,0.9243878529338891,0.760445205479452,1.3640465233592376,0.1850626898942845,0.6630700826644897,0.42651280760765076
h64_wd1e-05_s0,o3,21,0.0005,0.43180811562036214,0.5933325886726379,0.9291169785304161,0.758390410958904,1.43470311566368,0.1766010503511618,0.6794940829277039,0.4642980694770813
h64_wd1e-05_s0,o3,22,0.0005,0.4022344601781745,0.6104660630226135,0.9349772161716705,0.7571917808219177,1.562103387368882,0.1829897972942476,0.6959341168403625,0.503913938999176
h64_wd1e-05_s0,o3,23,0.0005,0.3772915382134287,0.6006519794464111,0.9454049919744907,0.7534246575342466,1.401238196682277,0.15760955825704617,0.7113475203514099,0.5450215339660645
h64_wd1e-05_s0,o3,24,0.0005,0.3886715691340597,0.590289294719696,0.9506619698585571,0.7625000000000001,2.102391908769532,0.2004264204637682,0.7269662022590637,0.5821267366409302
h64_wd1e-05_s0,o3,25,0.0005,0.3707829172673978,0.6010450124740601,0.9547986081935602,0.758390410958904,1.5772861863504923,0.15542712950863213,0.7421529293060303,0.6186835765838623
h64_wd1e-05_s0,o3,26,0.0005,0.3579340914362355,0.6492757201194763,0.9624901700977065,0.760958904109589,1.7014915064748872,0.15876698518170976,0.7572054862976074,0.6634072661399841
h64_wd1e-05_s0,o3,27,0.0005,0.33106446579882975,0.6698227524757385,0.9578687694578203,0.7565068493150684,1.7746978790619636,0.16913311719404814,0.7717658281326294,0.7010193467140198
h64_wd1e-05_s0,o3,28,0.0005,0.3513127204618956,0.6281039118766785,0.9637936420730591,0.75,2.083480379295194,0.16493811405160327,0.7862799167633057,0.7359670400619507
h64_wd1e-05_s0,o3,29,0.0005,0.37933424193608134,0.6720103621482849,0.9496385827704705,0.751541095890411,2.7409497262886133,0.1708478252673133,0.8009786009788513,0.7641409635543823
h64_wd1e-05_s0,o3,30,0.0005,0.3808764525149998,0.6280888319015503,0.9690829374441177,0.7529109589041095,2.4887864635601504,0.17288639782390686,0.814940869808197,0.7885887026786804
h64_wd1e-05_s0,o3,31,0.0005,0.33987344801425934,0.6259132027626038,0.9703217744454857,0.7429794520547945,2.3153022209956293,0.18289286380623934,0.8271278738975525,0.8099393248558044
h64_wd1e-05_s0,o3,32,0.0005,0.37324740227900055,0.6202278137207031,0.9699555095929073,0.7426369863013698,2.5276178383904697,0.16542624363503428,0.8397397398948669,0.8356441855430603
h64_wd1e-05_s0,o3,33,0.0005,0.3557433674209996,0.6639238595962524,0.9665729459543893,0.7614726027397261,2.1737085555033278,0.13823218648243304,0.8521007299423218,0.8694446086883545
h64_wd1e-05_s0,o3,34,0.0005,0.3141916253064808,0.6483471393585205,0.9748677676157235,0.7607876712328767,2.0302438452891414,0.12840874445068706,0.8623289465904236,0.8993669748306274
h64_wd1e-05_s0,o3,35,0.0005,0.3132103422754689,0.6453646421432495,0.9790259509420548,0.7554794520547945,2.693366683375369,0.14573261463293286,0.8723324537277222,0.9279274344444275
h64_wd1e-05_s0,o3,36,0.0005,0.2802930552708475,0.6402285695075989,0.9828394144071357,0.7493150684931507,2.169996630519049,0.12765335389396457,0.8815543055534363,0.9574766159057617
h64_wd1e-05_s0,o3,37,0.0005,0.2575532668515256,0.6671506762504578,0.9840136164345193,0.7549657534246575,2.0123584054450028,0.10115444293049201,0.8905181884765625,0.9898921251296997
h64_wd1e-05_s0,o3,38,0.0005,0.2752595975210792,0.7440499663352966,0.9791444483943594,0.7549657534246575,2.097536411085496,0.11763137105008614,0.8997915983200073,1.0229161977767944
h64_wd1e-05_s0,o3,39,0.0005,0.27909976792962926,0.6589691042900085,0.9871915026554202,0.7554794520547945,2.5644387589389295,0.12712220671165322,0.909467875957489,1.0456827878952026
h64_wd1e-05_s0,o3,40,0.0005,0.2666562795639038,0.708118736743927,0.9819452972670177,0.7522260273972603,2.1620355621806118,0.11908048059313513,0.9192503690719604,1.0815006494522095
h64_wd1e-05_s0,o3,41,0.0005,0.24025908622302508,0.699333667755127,0.9867390578375292,0.748458904109589,2.6799431692343725,0.10286079830925705,0.9281714558601379,1.1112767457962036
h64_wd1e-05_s0,o3,42,0.0005,0.27175519262489517,0.6522291898727417,0.9879778948388973,0.7556506849315068,2.781780929492348,0.12297211814665783,0.9376962184906006,1.1431013345718384
h64_wd1e-05_s0,o3,43,0.0005,0.2624891502292533,0.7423088550567627,0.9881179372825302,0.7583904109589041,2.3529728863421955,0.11662588919797297,0.9470198750495911,1.175994873046875
h64_wd1e-05_s0,o3,44,0.0005,0.22755735014614306,0.7720820903778076,0.991920628251947,0.751541095890411,2.629356245994249,0.11627591504840078,0.9544839262962341,1.206342339515686
h64_wd1e-05_s0,o4,1,0.0005,0.700003561220671,0.696200430393219,0.6766752577319587,0.5797945205479451,0.6740978710107967,0.24761107630913867,0.20080970227718353,0.02245143987238407
h64_wd1e-05_s0,o4,2,0.0005,0.6819268402300382,0.7125056385993958,0.6495597079037801,0.5467465753424657,0.6227267543311272,0.27561493866275816,0.2520560622215271,0.03349767625331879
h64_wd1e-05_s0,o4,3,0.0005,0.685431254537482,0.6844353079795837,0.7202319587628867,0.6087328767123288,0.5857484024043056,0.30419017078168337,0.2734731137752533,0.04515472799539566
h64_wd1e-05_s0,o4,4,0.0005,0.6652294303241529,0.6621007919311523,0.768213058419244,0.723972602739726,0.46978048988153126,0.22772929533921,0.294436514377594,0.038456305861473083
h64_wd1e-05_s0,o4,5,0.0005,0.6585674756451657,0.6569144129753113,0.7751503436426117,0.6917808219178082,0.6862016476979907,0.3102841428556418,0.32022571563720703,0.0366467721760273
h64_wd1e-05_s0,o4,6,0.0005,0.6497626492851659,0.6461594104766846,0.7914733676975945,0.7078767123287671,0.7531906520871817,0.31393079731434465,0.3505725562572479,0.04237254336476326
h64_wd1e-05_s0,o4,7,0.0005,0.6215034315460607,0.6342717409133911,0.797948883161512,0.7498287671232876,0.5416546390136535,0.2280815576326367,0.38448822498321533,0.055664900690317154
h64_wd1e-05_s0,o4,8,0.0005,0.6156126417611775,0.6212378740310669,0.8151632302405498,0.7527397260273971,0.837941164687252,0.2965512031356201,0.4160662889480591,0.07870932668447495
h64_wd1e-05_s0,o4,9,0.0005,0.6172220550085369,0.6490070819854736,0.8220897766323024,0.7068493150684931,0.8290778835090952,0.24691367388175295,0.44775331020355225,0.09461886435747147
h64_wd1e-05_s0,o4,10,0.0005,0.6081166236024154,0.6374794244766235,0.8266108247422681,0.7448630136986301,1.0195417768785184,0.39238012870378136,0.47778505086898804,0.10582196712493896
h64_wd1e-05_s0,o4,11,0.0005,0.5771351048820897,0.613754391670227,0.8440614261168385,0.7527397260273971,0.912825535478014,0.3087084097217243,0.504077672958374,0.12658290565013885
h64_wd1e-05_s0,o4,12,0.0005,0.5911395157638349,0.6144155263900757,0.8531679553264605,0.7537671232876713,1.0670442424503197,0.3342590853178455,0.5297324061393738,0.14600124955177307
h64_wd1e-05_s0,o4,13,0.0005,0.5663330852985382,0.6265454292297363,0.8562500000000002,0.7325342465753424,1.234655372781994,0.3386343315012633,0.555168092250824,0.16288721561431885
h64_wd1e-05_s0,o4,14,0.0005,0.534490566504629,0.607356071472168,0.8657646048109966,0.7501712328767123,0.9970928061506694,0.2463011623516414,0.5762661099433899,0.1837557852268219
h64_wd1e-05_s0,o4,15,0.0005,0.5191139076885424,0.6022939682006836,0.8761490549828179,0.7517123287671232,1.0985671476821186,0.27690833873001597,0.5977520942687988,0.21881940960884094
h64_wd1e-05_s0,o4,16,0.0005,0.5138323714858607,0.6035243272781372,0.8834836769759451,0.7565068493150684,1.2109095690340397,0.2930358388882131,0.6188095808029175,0.24531906843185425
h64_wd1e-05_s0,o4,17,0.0005,0.4973497233892742,0.5995951890945435,0.8937822164948455,0.7491438356164384,1.174554370256199,0.23359209131225925,0.6369154453277588,0.27604934573173523
h64_wd1e-05_s0,o4,18,0.0005,0.48222754032988296,0.6059818863868713,0.9033827319587627,0.7470890410958904,1.1798227681996327,0.23061736302715688,0.6556115746498108,0.3098921775817871
h64_wd1e-05_s0,o4,19,0.0005,0.47449052333831787,0.6102862358093262,0.9119093642611684,0.7479452054794521,1.4550684436867194,0.24633234521047653,0.6752183437347412,0.3408271074295044
h64_wd1e-05_s0,o4,20,0.0005,0.447788594584716,0.6339693665504456,0.9172250859106529,0.7517123287671232,1.3693957127932535,0.21039396567178334,0.6934105157852173,0.37269487977027893
h64_wd1e-05_s0,o4,21,0.0005,0.4998992022715117,0.6387704610824585,0.9254080756013746,0.736472602739726,2.1228105076285857,0.29815971964322585,0.7127711772918701,0.3887674808502197
h64_wd1e-05_s0,o4,22,0.0005,0.48538181656285334,0.6167486906051636,0.9156679553264606,0.7534246575342466,1.9487700615058372,0.29551028215402636,0.729748010635376,0.40871894359588623
h64_wd1e-05_s0,o4,23,0.0005,0.4848971366882324,0.6123818755149841,0.9291237113402061,0.7477739726027396,2.0028416608142656,0.33755691523423953,0.7460131049156189,0.40347617864608765
h64_wd1e-05_s0,o4,24,0.0005,0.4758155047893524,0.6375635266304016,0.9305090206185567,0.7532534246575343,2.013638098348852,0.370847724706062,0.7604020237922668,0.4130861461162567
h64_wd1e-05_s0,o4,25,0.0005,0.42427144474104833,0.6591914892196655,0.9411834192439862,0.739041095890411,1.6149856552370219,0.2008902086570441,0.7748895287513733,0.4254900813102722
h64_wd1e-05_s0,o4,26,0.0005,0.40937579148694087,0.6307357549667358,0.9345897766323025,0.7549657534246577,1.8686092630095683,0.2166160627283568,0.7880421280860901,0.44847971200942993
h64_wd1e-05_s0,o4,27,0.0005,0.36704224504922567,0.6510897278785706,0.9473152920962199,0.7486301369863014,1.4130527638031753,0.17420754579007142,0.799752414226532,0.47852134704589844
h64_wd1e-05_s0,o4,28,0.0005,0.38750742924840825,0.6318144798278809,0.9493878865979382,0.7508561643835616,1.9207325373879267,0.23242231052763898,0.8130950331687927,0.5027906894683838
h64_wd1e-05_s0,o4,29,0.0005,0.40355892871555527,0.64235520362854,0.9583977663230241,0.7450342465753425,2.0842478720715083,0.2186207672003656,0.8254917860031128,0.5288217067718506
h64_wd1e-05_s0,o4,30,0.0005,0.3788411664335351,0.6513392925262451,0.9574097938144331,0.7479452054794521,1.8434912655261144,0.18977347484496873,0.839139461517334,0.5560859441757202
h64_wd1e-05_s0,o4,31,0.0005,0.3611697225194228,0.6577038764953613,0.9619415807560137,0.7404109589041096,2.0363869137571484,0.19171499111911092,0.8515748977661133,0.5851694345474243
h64_wd1e-05_s0,o4,32,0.0005,0.35574031033014,0.719974935054779,0.9615012886597939,0.7426369863013699,1.730250051010557,0.1708656059178797,0.8629903793334961,0.6124050617218018
h64_wd1e-05_s0,o4,33,0.0005,0.3630015089323646,0.7076541781425476,0.9653457903780069,0.7433219178082192,2.068208777456484,0.18655687391167994,0.8744238018989563,0.6419653296470642
h64_wd1e-05_s0,o4,34,0.0005,0.3262753596431331,0.6888054609298706,0.9679338487972509,0.7440068493150684,2.065863842531707,0.17311177179988382,0.8858305215835571,0.6688987612724304
h64_wd1e-05_s0,o4,35,0.0005,0.3435821415562379,0.7162618041038513,0.9673754295532646,0.7393835616438357,2.4200871673780546,0.17762341160892517,0.8961099982261658,0.6944754123687744
h64_wd1e-05_s0,o4,36,0.0005,0.30990600115374517,0.7066512703895569,0.9751288659793814,0.7349315068493151,1.8812752656610168,0.13300839059534467,0.9078225493431091,0.7181703448295593
h64_wd1e-05_s0,l0,1,0.0005,0.6947660083356111,0.6747105121612549,0.7441746435994262,0.7091393490096143,0.6566766786458477,0.2746739416314697,0.22004149854183197,0.030177365988492966
h64_wd1e-05_s0,l0,2,0.0005,0.6783342698346013,0.6652392148971558,0.7541494686923684,0.7116877099501911,0.6952840233006617,0.35955748791407255,0.26948225498199463,0.03750370442867279
h64_wd1e-05_s0,l0,3,0.0005,0.6704852218213289,0.651067316532135,0.7680542138696175,0.7182902814780494,0.7185446538323071,0.356919499987115,0.30047762393951416,0.04040783643722534
h64_wd1e-05_s0,l0,4,0.0005,0.6428614828897559,0.639797031879425,0.7763531512543544,0.7192169581837137,0.6265366467205791,0.28831508597393546,0.3411082625389099,0.04236983135342598
h64_wd1e-05_s0,l0,5,0.0005,0.6344097412150839,0.6262233853340149,0.7928046602851204,0.7239661763002433,0.7104471172371501,0.3159008314648065,0.38627830147743225,0.0583755224943161
h64_wd1e-05_s0,l0,6,0.0005,0.6040326330972754,0.6323674321174622,0.8126957641755218,0.7325379358276382,0.7754201936304578,0.31112316215503816,0.43313559889793396,0.07805313915014267
h64_wd1e-05_s0,l0,7,0.0005,0.6029393284217172,0.6038776636123657,0.8350970404847633,0.7412255299432411,1.1301514497621086,0.4328738649547803,0.47804632782936096,0.09964296221733093
h64_wd1e-05_s0,l0,8,0.0005,0.5800077163654825,0.6057628393173218,0.8438643482333654,0.7415730337078652,0.9186007203080372,0.32398054015630345,0.5194141864776611,0.1179976537823677
h64_wd1e-05_s0,l0,9,0.0005,0.5683676833691804,0.6080079674720764,0.8552003746962911,0.7428472141781537,1.015219239844155,0.3017622631265763,0.557412326335907,0.14637134969234467
h64_wd1e-05_s0,l0,10,0.0005,0.557080705528674,0.6488558650016785,0.8565762126401452,0.7397196802965366,1.0857483388465556,0.3053560012659128,0.5956108570098877,0.17703868448734283
h64_wd1e-05_s0,l0,11,0.0005,0.5424431536508643,0.6122058629989624,0.8670999092532421,0.7475964322946832,1.0794404337885817,0.25725173991464,0.6300469636917114,0.20833370089530945
h64_wd1e-05_s0,l0,12,0.0005,0.5423734965531722,0.6080296635627747,0.8869251485612247,0.7420363720606973,1.381359604841562,0.3329012938954164,0.6589030027389526,0.22685661911964417
h64_wd1e-05_s0,l0,13,0.0005,0.5380185894344164,0.6012438535690308,0.8897719621790932,0.7481756052357234,1.33466930919938,0.3505195264285525,0.6891946196556091,0.23852580785751343
h64_wd1e-05_s0,l0,14,0.0005,0.4909501607003419,0.5984805226325989,0.8934091507859839,0.7526931541758368,1.1248480326160206,0.29891598133541536,0.7159603834152222,0.2612273097038269
h64_wd1e-05_s0,l0,15,0.0005,0.4847344406273054,0.5934672951698303,0.9048110418313281,0.7475964322946832,1.3042798465487728,0.27325246974635214,0.7397835850715637,0.29003164172172546
h64_wd1e-05_s0,l0,16,0.0005,0.4802953717501267,0.5990524888038635,0.9115365475249554,0.7479439360593074,1.6064937604533067,0.3305999981520315,0.7672907710075378,0.3128633499145508
h64_wd1e-05_s0,l0,17,0.0005,0.4494455223498137,0.6126270890235901,0.9181595972014871,0.7475964322946831,1.1747585633832092,0.20082849671012937,0.7937736511230469,0.34094732999801636
h64_wd1e-05_s0,l0,18,0.0005,0.41496268821799237,0.627117931842804,0.9236849038377096,0.7493339511178038,1.1690733428011142,0.21598775595018357,0.8153759241104126,0.3790697455406189
h64_wd1e-05_s0,l0,19,0.0005,0.41638467622839886,0.6632478833198547,0.9343696027633851,0.7409938607668249,1.5893740727757362,0.22325980480241123,0.8398263454437256,0.4089924991130829
h64_wd1e-05_s0,l0,20,0.0005,0.4231283094571984,0.6226391792297363,0.9336963203653289,0.7503764624116761,1.6804695335170756,0.2299575875441302,0.8660991191864014,0.4341089129447937
h64_wd1e-05_s0,l0,21,0.0005,0.4043695201044497,0.6316612958908081,0.9423904452445772,0.741109695355033,1.527225759717296,0.21324045319817883,0.8877890110015869,0.4604153335094452
h64_wd1e-05_s0,l0,22,0.0005,0.4060048771941144,0.6825145483016968,0.9492696349638476,0.7434263871191938,1.728765105185369,0.21905592486618475,0.9086357355117798,0.4872620701789856
h64_wd1e-05_s0,l0,23,0.0005,0.39087227375611017,0.6364551186561584,0.9528995052838032,0.7415730337078652,1.8696374167897531,0.2229968838238832,0.9367284774780273,0.5098537802696228
h64_wd1e-05_s0,l0,24,0.0005,0.3636377330707467,0.6721409559249878,0.9544070723924943,0.7466697555890189,1.6589437862524814,0.2072742484469324,0.9576875567436218,0.5395437479019165
h64_wd1e-05_s0,l0,25,0.0005,0.3704671425663907,0.6267336010932922,0.9598957875940399,0.7428472141781536,2.1908083312654374,0.2586575284128678,0.9777145385742188,0.5630731582641602
h64_wd1e-05_s0,l0,26,0.0005,0.37390929071799567,0.666680634021759,0.9585638593717983,0.7370554847677516,2.068270226285238,0.22640959732475016,0.9990326762199402,0.591050386428833
h64_wd1e-05_s0,l0,27,0.0005,0.37241759248401807,0.6583240032196045,0.9553511314071602,0.747248928530059,1.8847726137017362,0.20295973813500306,1.020894169807434,0.6151326298713684
h64_wd1e-05_s0,l0,28,0.0005,0.35206092375776044,0.692005455493927,0.9688240976552207,0.7288312290049809,1.9692109205322443,0.18114891749988685,1.0377625226974487,0.6424932479858398
h64_wd1e-05_s0,l0,29,0.0005,0.328757318465606,0.7074574828147888,0.9670164807821786,0.7402988532375767,1.9730510831753876,0.17601462166122364,1.055103063583374,0.6756654381752014
h64_wd1e-05_s0,l0,30,0.0005,0.3510908912057462,0.6863848567008972,0.9687582330728024,0.7371713193559597,2.231104002033304,0.2070508208440461,1.0722352266311646,0.6901978254318237
h64_wd1e-05_s0,l0,31,0.0005,0.31177482915961224,0.7079084515571594,0.9717367758555078,0.7339279508861346,2.0934272476230773,0.1881509093430641,1.0885123014450073,0.7195442318916321
h64_wd1e-05_s0,l0,32,0.0005,0.32501866960007214,0.6866176724433899,0.973002839495331,0.7453955751187304,2.173964118769283,0.182416877153504,1.106897234916687,0.7476376891136169
h64_wd1e-05_s0,l0,33,0.0005,0.31328306379525556,0.7177842855453491,0.9766253915283509,0.7357813042974632,2.1100542719848834,0.1640921881976361,1.122650384902954,0.7789459824562073
h64_wd1e-05_s0,l0,34,0.0005,0.365156436096067,0.6718322038650513,0.9786049881443751,0.7299895748870613,3.3568351842232733,0.2400439289884233,1.1412651538848877,0.7908823490142822
h64_wd1e-05_s0,l1,1,0.0005,0.6957849860191345,0.6943226456642151,0.5911297852474323,0.6063976152258657,0.6141716664940458,0.2402983739476088,0.2097955197095871,0.026631658896803856
h64_wd1e-05_s0,l1,2,0.0005,0.6887350730274034,0.6751019358634949,0.7482151835093012,0.6864251318504931,0.6476840273512334,0.30702467871262656,0.24730180203914642,0.03454171493649483
h64_wd1e-05_s0,l1,3,0.0005,0.6710115075111389,0.6658552289009094,0.7396250808015513,0.664755789956432,0.5190410841568788,0.23734941280942123,0.2793576717376709,0.029545240104198456
h64_wd1e-05_s0,l1,4,0.0005,0.6582512674124344,0.6529762148857117,0.7690871220282985,0.6908965833524421,0.6494223538394557,0.26166978587859574,0.3165436387062073,0.03249102458357811
h64_wd1e-05_s0,l1,5,0.0005,0.6468028944471608,0.6496305465698242,0.7861236802413273,0.7121073148360467,0.8178133424402355,0.3730149285059391,0.35961127281188965,0.04483072832226753
h64_wd1e-05_s0,l1,6,0.0005,0.6225191510241964,0.6713496446609497,0.7545212956977664,0.6548956661316212,0.789195796324062,0.3336673159919928,0.39715102314949036,0.057705171406269073
h64_wd1e-05_s0,l1,7,0.0005,0.6155110442120096,0.6294655203819275,0.8070171658406952,0.7035083696399909,0.9458228253441249,0.37843220485106976,0.43414515256881714,0.07795003056526184
h64_wd1e-05_s0,l1,8,0.0005,0.6136043823283651,0.6264691352844238,0.8167564461682107,0.7084384315523963,0.9461474106327625,0.3268035047775237,0.4701237082481384,0.09472633898258209
h64_wd1e-05_s0,l1,9,0.0005,0.5785189905892247,0.6155489087104797,0.8308697838109603,0.7271268057784912,0.8934403129276977,0.30184823400959077,0.5072759389877319,0.12699170410633087
h64_wd1e-05_s0,l1,10,0.0005,0.5725365890109021,0.6233508586883545,0.8416936005171299,0.7177252923641366,0.9360501779650996,0.2604400567261866,0.5391854643821716,0.14659209549427032
h64_wd1e-05_s0,l1,11,0.0005,0.5494180775207022,0.6242825388908386,0.8562450621274151,0.7350378353588626,0.938822278845847,0.26561230688429094,0.5679816603660583,0.17841847240924835
h64_wd1e-05_s0,l1,12,0.0005,0.5445966863113901,0.6503334045410156,0.8621130503483445,0.7432928227470764,1.1476379835640755,0.2865452755758303,0.5973499417304993,0.2022937536239624
h64_wd1e-05_s0,l1,13,0.0005,0.541197147058404,0.6043882966041565,0.8736981972276091,0.7335473515248796,1.2595758338383214,0.2550226920701873,0.6285011768341064,0.22736971080303192
h64_wd1e-05_s0,l1,14,0.0005,0.5070525006107662,0.6037901043891907,0.8798247504129857,0.7414583811052511,1.1825840172179571,0.2635095249666457,0.6558012366294861,0.258759468793869
h64_wd1e-05_s0,l1,15,0.0005,0.488656566194866,0.6699657440185547,0.882625870861165,0.7459298326072001,1.2575904384626824,0.23134588463704633,0.6837627291679382,0.29346537590026855
h64_wd1e-05_s0,l1,16,0.0005,0.5120359322299128,0.6064368486404419,0.894591682826977,0.742719559734006,1.5510036424654792,0.261770423474695,0.7116544842720032,0.3231208324432373
h64_wd1e-05_s0,l1,17,0.0005,0.4923164533532184,0.6314417123794556,0.8943546649429002,0.7494840632882366,1.273896831064236,0.23495018476136598,0.7401220798492432,0.35404449701309204
h64_wd1e-05_s0,l1,18,0.0005,0.47844627370005066,0.6133092641830444,0.9098398333692452,0.7351524879614767,1.5006175499238366,0.2300878951991673,0.7621904611587524,0.38576918840408325
h64_wd1e-05_s0,l1,19,0.0005,0.4585577780785768,0.6223331689834595,0.9106514400632049,0.7440953909653749,1.3153526037260732,0.21030924827284644,0.7823776006698608,0.4226495623588562
h64_wd1e-05_s0,l1,20,0.0005,0.42841436422389484,0.6396774053573608,0.9173166702578468,0.7354964457693189,1.291119615734159,0.16509168113973455,0.8011577725410461,0.4503786265850067
h64_wd1e-05_s0,l1,21,0.0005,0.43181061615114624,0.6486245393753052,0.9215470803706098,0.7451272643889016,1.8547574220386958,0.21422832571389322,0.8206441402435303,0.4731247127056122
h64_wd1e-05_s0,l1,22,0.0005,0.4359952198422473,0.6260075569152832,0.9268620268620268,0.7401972024764962,1.619891731638996,0.19563227408537634,0.8433426022529602,0.5036247372627258
h64_wd1e-05_s0,l1,23,0.0005,0.4205743696378625,0.7024582028388977,0.9244774833010126,0.7162348085301535,1.6641116663845994,0.19593181359627956,0.8616292476654053,0.5354601740837097
h64_wd1e-05_s0,l1,24,0.0005,0.4145466270654098,0.636176347732544,0.9416648710766358,0.7406558128869526,1.8319827912891797,0.1876924555384933,0.8792309761047363,0.5599266886711121
h64_wd1e-05_s0,l1,25,0.0005,0.4023619566274726,0.657490611076355,0.9478273360626303,0.7289612474203165,2.043762127885567,0.1979035196510026,0.8950875997543335,0.5914715528488159
h64_wd1e-05_s0,l1,26,0.0005,0.38454556983450183,0.6772997975349426,0.9437046613517202,0.7411144232974087,1.4985931045430911,0.1687052745632118,0.9127968549728394,0.6237014532089233
h64_wd1e-05_s0,l1,27,0.0005,0.37656631741834723,0.6675768494606018,0.9559362206421029,0.7274707635863333,1.9599927881789667,0.17847555856653957,0.9315125346183777,0.6542019248008728
h64_wd1e-05_s0,l1,28,0.0005,0.3637219110260839,0.7349626421928406,0.957904187315952,0.7250630589314377,1.8950851732634977,0.14639212993184667,0.9505709409713745,0.6846910119056702
h64_wd1e-05_s0,l1,29,0.0005,0.3634004975142686,0.7439010739326477,0.9586655174890469,0.729763815638615,2.1559190515894615,0.17275579357303314,0.9667820334434509,0.7078987956047058
h64_wd1e-05_s0,l1,30,0.0005,0.34426916876564856,0.7259138822555542,0.9634633340515694,0.7281586792020179,2.1555381011778825,0.16681740978814616,0.9823399186134338,0.7338919043540955
h64_wd1e-05_s0,l1,31,0.0005,0.33521648140057275,0.7113254070281982,0.9679882209293974,0.7257509745471222,1.8129541191833507,0.14332165256622434,0.9970784783363342,0.7650951147079468
h64_wd1e-05_s0,l1,32,0.0005,0.334490400293599,0.743379533290863,0.9626948215183511,0.7274707635863334,1.9675670939621897,0.1367418073160693,1.0099159479141235,0.7977054119110107
h64_wd1e-05_s0,l1,33,0.0005,0.3741949498653412,0.6812639236450195,0.967420814479638,0.7393946342581976,2.6148517985288096,0.17267744960678738,1.0242928266525269,0.8238735198974609
h64_wd1e-05_s0,l1,34,0.0005,0.30452995261420374,0.7638388276100159,0.9750341162105869,0.7137124512726438,2.0946575515321486,0.1317060452373157,1.0378193855285645,0.855494499206543
h64_wd1e-05_s0,l1,35,0.0005,0.31393252053986426,0.7209351658821106,0.9679235796882856,0.7409997706947947,2.1708676599130565,0.14130769040381372,1.0525014400482178,0.8911722302436829
h64_wd1e-05_s0,l1,36,0.0005,0.3046152455651242,0.7251936793327332,0.9778424190188897,0.7266681953680348,2.131492709758878,0.1351908190528114,1.0677188634872437,0.928837776184082
h64_wd1e-05_s0,l1,37,0.0005,0.2781655218290246,0.7656630873680115,0.9791352438411263,0.7249484063288236,2.193676659168651,0.13774382330827636,1.081648588180542,0.9622452855110168
h64_wd1e-05_s0,l2,1,0.0005,0.7138360088521783,0.708570122718811,0.5321892336767664,0.6186327888687235,0.7255077881888907,0.3445382540740614,0.20181219279766083,0.03679380565881729
h64_wd1e-05_s0,l2,2,0.0005,0.70082472671162,0.6866627335548401,0.7431719807352313,0.7080459770114942,0.4576511556972907,0.25389415951223593,0.24299782514572144,0.06791097670793533
h64_wd1e-05_s0,l2,3,0.0005,0.6847581240263853,0.688483715057373,0.6757529110528562,0.5960072595281306,0.29582146777358537,0.154911940335531,0.2600671947002411,0.07154673337936401
h64_wd1e-05_s0,l2,4,0.0005,0.6822690069675446,0.6779086589813232,0.7590303602999451,0.72486388384755,0.36928086762654627,0.20840903293350613,0.27685999870300293,0.06491434574127197
h64_wd1e-05_s0,l2,5,0.0005,0.6664854125543074,0.6691915392875671,0.7508230201792356,0.7062310949788264,0.39100016192536663,0.2032375560956355,0.2974686622619629,0.05498873069882393
h64_wd1e-05_s0,l2,6,0.0005,0.6606801477345553,0.6562917828559875,0.7696991404011462,0.7436176648517847,0.40678904913253794,0.16128000380577953,0.3205779194831848,0.060940083116292953
h64_wd1e-05_s0,l2,7,0.0005,0.6588669906963002,0.6426471471786499,0.7747058464914955,0.7422867513611615,0.5191799896874231,0.17472298406513523,0.3435739278793335,0.07480082660913467
h64_wd1e-05_s0,l2,8,0.0005,0.6350877935236151,0.6343088746070862,0.7866625007620558,0.7462794918330309,0.4945237707218346,0.17083090053106403,0.36648187041282654,0.10346927493810654
h64_wd1e-05_s0,l2,9,0.0005,0.6241422729058699,0.6137557625770569,0.7924617448027801,0.7705989110707804,0.699150453656329,0.21843284820751985,0.3926154673099518,0.14207445085048676
h64_wd1e-05_s0,l2,10,0.0005,0.6113167080012235,0.6307467222213745,0.8038468572822045,0.7721718088324259,0.6580154188457035,0.18347120167577122,0.4164535105228424,0.1753568798303604
h64_wd1e-05_s0,l2,11,0.0005,0.6084186949513175,0.5957722663879395,0.8041593001280253,0.7742286751361162,0.7359288532597632,0.18206216514770202,0.43814727663993835,0.20979715883731842
h64_wd1e-05_s0,l2,12,0.0005,0.5965719521045685,0.6175395250320435,0.8189965250259098,0.7584996975196613,0.8429274058408077,0.18958225004651838,0.45641833543777466,0.23825901746749878
h64_wd1e-05_s0,l2,13,0.0005,0.5972415208816528,0.6274789571762085,0.8192251417423642,0.7758015728977616,1.024748673480703,0.21343106336633255,0.4751185476779938,0.2598288357257843
h64_wd1e-05_s0,l2,14,0.0005,0.6087414053353396,0.6021638512611389,0.8342909833567029,0.7572897761645494,1.0111965573835453,0.19047131073714174,0.49393269419670105,0.2791626751422882
h64_wd1e-05_s0,l2,15,0.0005,0.5851173238320784,0.5831480622291565,0.8423306712186794,0.7785843920145191,0.9687345421288303,0.18714501422450247,0.5121476054191589,0.30330076813697815
h64_wd1e-05_s0,l2,16,0.0005,0.5588055727156725,0.5871325731277466,0.8539748826434189,0.7845130066545675,0.9349937104798023,0.16995160533485987,0.5279533863067627,0.34004491567611694
h64_wd1e-05_s0,l2,17,0.0005,0.5474843166091226,0.5553271174430847,0.8486785953788941,0.7887477313974591,1.060352370898088,0.16534076103363646,0.5446447134017944,0.37785106897354126
h64_wd1e-05_s0,l2,18,0.0005,0.560016626661474,0.5865896940231323,0.8721956349448272,0.7897156684815487,1.3318402299025314,0.17887323991316156,0.5616971254348755,0.40243902802467346
h64_wd1e-05_s0,l2,19,0.0005,0.5429301478646018,0.5626736879348755,0.8726147655916602,0.7847549909255898,1.020639194232193,0.15623129845971764,0.578122615814209,0.4318232238292694
h64_wd1e-05_s0,l2,20,0.0005,0.5084030438553203,0.5513402223587036,0.8830396878619764,0.7933454325468844,0.9312114667661107,0.13598861752156013,0.5930814146995544,0.46938586235046387
h64_wd1e-05_s0,l2,21,0.0005,0.49559917368672113,0.5579109787940979,0.8805325245381942,0.7822141560798548,1.2337739443876912,0.15701845326894429,0.6086035966873169,0.5100911855697632
h64_wd1e-05_s0,l2,22,0.0005,0.4965142716060985,0.5479157567024231,0.8921538742912882,0.7891107078039927,1.476827540391468,0.16731511729305862,0.6212518811225891,0.5407021045684814
h64_wd1e-05_s0,l2,23,0.0005,0.5025286633859981,0.5550743937492371,0.9005517283423763,0.785480943738657,1.3685430947559591,0.16101495116668965,0.6336089968681335,0.5653050541877747
h64_wd1e-05_s0,l2,24,0.0005,0.46675618263808166,0.5646300911903381,0.9032036822532464,0.7840290381125226,1.4853255779380523,0.1295741168219614,0.6445212960243225,0.5976886749267578
h64_wd1e-05_s0,l2,25,0.0005,0.45467299222946167,0.5466887950897217,0.9093306102542218,0.7864488808227466,1.5548974829682758,0.15693442289942697,0.6555683016777039,0.6365864872932434
h64_wd1e-05_s0,l2,26,0.0005,0.45481652834198694,0.5468936562538147,0.9146573797476072,0.7880217785843919,1.4074525972427319,0.14391194392488676,0.6666722893714905,0.6821690201759338
h64_wd1e-05_s0,l2,27,0.0005,0.4401093125343323,0.5676727890968323,0.925691946595135,0.7887477313974591,1.6417872830719744,0.13299015708326603,0.6782832741737366,0.7244630455970764
h64_wd1e-05_s0,l2,28,0.0005,0.4528841565955769,0.5625815987586975,0.9272465402670244,0.7891107078039927,1.8455545389122932,0.1491480664971524,0.6885725855827332,0.7569913864135742
h64_wd1e-05_s0,l2,29,0.0005,0.4459531849080866,0.5825943946838379,0.9304471742973847,0.7788263762855414,2.1901789081582197,0.1582824274138362,0.6992660164833069,0.7866504788398743
h64_wd1e-05_s0,l2,30,0.0005,0.4329661889509721,0.5509083271026611,0.9369017862586113,0.7872958257713248,1.7568430521550022,0.1425234911394121,0.7100418210029602,0.8210569024085999
h64_wd1e-05_s0,l2,31,0.0005,0.40272344513372943,0.5542415380477905,0.9385249649454367,0.7894736842105264,1.702161696578399,0.13950318705784326,0.719936728477478,0.867206871509552
h64_wd1e-05_s0,l2,32,0.0005,0.4165377075021917,0.5521283745765686,0.9430287142595867,0.7864488808227466,2.1696338585764594,0.12652994711553234,0.7300882339477539,0.9115808606147766
h64_wd1e-05_s0,l2,33,0.0005,0.41569168730215594,0.559758722782135,0.947296226300067,0.7912885662431942,2.0713066897718666,0.14012620265420075,0.7403751611709595,0.9508580565452576
h64_wd1e-05_s0,l2,34,0.0005,0.43309563262896106,0.570961594581604,0.9521619520819362,0.7859649122807019,2.577605246071629,0.1490309948825434,0.7505326867103577,0.9882562756538391
h64_wd1e-05_s0,l2,35,0.0005,0.4338444403626702,0.5621519088745117,0.9531411936840822,0.7894736842105262,2.2490765846081757,0.1258873752415458,0.7595522999763489,1.0112512111663818
h64_wd1e-05_s0,l2,36,0.0005,0.37621659717776557,0.5471543669700623,0.9628459732975675,0.7951603145795523,2.241544996909323,0.1312004559812108,0.7669936418533325,1.0431358814239502
h64_wd1e-05_s0,l2,37,0.0005,0.3529071645303206,0.5775516033172607,0.9612685179540328,0.7879007864488808,2.065639749675885,0.10713749288692442,0.7746608257293701,1.0828596353530884
h64_wd1e-05_s0,l2,38,0.0005,0.3425570313226093,0.6094064116477966,0.9634822898250321,0.7835450695704779,2.4313326384114906,0.12440844105083064,0.7828917503356934,1.1210497617721558
h64_wd1e-05_s0,l2,39,0.0005,0.35567130554806103,0.5858299136161804,0.9625868743522525,0.7861464004839684,2.0235501983114945,0.10413520474129113,0.7913809418678284,1.162872552871704
h64_wd1e-05_s0,l2,40,0.0005,0.33738878166133707,0.6255859732627869,0.963581357068829,0.777979431336963,2.3238339050141232,0.11634425413363983,0.7994229793548584,1.2051832675933838
h64_wd1e-05_s0,l2,41,0.0005,0.3306763077324087,0.6533782482147217,0.9662790343229897,0.7799153055051422,2.536728631588225,0.10711922515202316,0.807225227355957,1.2417594194412231
h64_wd1e-05_s0,l2,42,0.0005,0.30240059373053635,0.6293037533760071,0.9743339632993964,0.7801572897761645,2.0303825499704584,0.09276665405806327,0.81492680311203,1.2848552465438843
h64_wd1e-05_s0,l2,43,0.0005,0.2884715497493744,0.6147087216377258,0.974410168871548,0.7850574712643679,2.475979684512098,0.09780507881308359,0.8220447897911072,1.3300018310546875
h64_wd1e-05_s0,l2,44,0.0005,0.2914145737886429,0.7038582563400269,0.9769859172102663,0.7724137931034482,2.808022312114804,0.10098325264283363,0.8289291262626648,1.3657978773117065
h64_wd1e-05_s0,l2,45,0.0005,0.3193566155704585,0.6149305701255798,0.978662439797598,0.7851179673321234,3.226244083058904,0.11311559852419845,0.8370794057846069,1.398332118988037
h64_wd1e-05_s0,l2,46,0.0005,0.293404184281826,0.6650807857513428,0.9784490641955739,0.7839080459770115,2.9440277889233673,0.10246654236687229,0.8450089693069458,1.436736822128296
h64_wd1e-05_s0,l2,47,0.0005,0.34653188626874576,0.6563765406608582,0.9872469975004573,0.7774954627949183,3.428155222707085,0.11012086123537225,0.8520773649215698,1.4678744077682495
h64_wd1e-05_s0,l2,48,0.0005,0.31417966904965317,0.6135348081588745,0.9721201914283972,0.7842710223835451,3.24544260723537,0.0917602142451444,0.8594250082969666,1.49008309841156
h64_wd1e-05_s0,l2,49,0.0005,0.304176617752422,0.6897104978561401,0.9820154849722611,0.7789473684210525,2.848343731538581,0.07730590017776999,0.8653259873390198,1.5203858613967896
h64_wd1e-05_s0,l2,50,0.0005,0.27746696160598233,0.6475178003311157,0.9858486252514783,0.7845130066545675,2.94925285335472,0.09268420734954413,0.8709105849266052,1.5548895597457886
h64_wd1e-05_s0,l2,51,0.0005,0.25456333228132944,0.6208212971687317,0.9816458879473267,0.7794313369630974,3.113386492233134,0.10626571726097579,0.8769777417182922,1.594230055809021
h64_wd1e-05_s0,l2,52,0.0005,0.3083536997437477,0.6849730014801025,0.9848579528135097,0.7793103448275862,2.84868066513907,0.10570816670131387,0.8838154077529907,1.6251686811447144
h64_wd1e-05_s0,l2,53,0.0005,0.30507554791190405,0.677861213684082,0.9810400536487227,0.7802782819116756,3.052212379080912,0.09823664653322259,0.8901910185813904,1.6531405448913574
h64_wd1e-05_s0,l2,54,0.0005,0.2982906810939312,0.6523182392120361,0.9894074254709505,0.7858439201451904,4.24552362109936,0.11121974271469845,0.8961625099182129,1.6737852096557617
h64_wd1e-05_s0,l2,55,0.0005,0.2610430121421814,0.7759162783622742,0.9898341766749985,0.7784633998790079,3.2750016423940083,0.0919460991020039,0.9028670191764832,1.7044682502746582
h64_wd1e-05_s0,l2,56,0.0005,0.2511265968734568,0.6422213315963745,0.9933015302078888,0.7842710223835452,3.2659050620794776,0.07540809544420021,0.9086299538612366,1.7368146181106567
h64_wd1e-05_s0,l3,1,0.0005,0.6904795584471329,0.6825796365737915,0.7122700913776944,0.6132283099733581,0.6025164926472194,0.257779167623784,0.2146586775779724,0.022427387535572052
h64_wd1e-05_s0,l3,2,0.0005,0.6708215397337208,0.6769133806228638,0.72658446579194,0.62492760338237,0.7112263114802235,0.39850159209086006,0.27923327684402466,0.023329930379986763
h64_wd1e-05_s0,l3,3,0.0005,0.6655454428299613,0.6658530831336975,0.7639922094657918,0.6584037993744932,0.7137322675472556,0.41864898831674074,0.3226291239261627,0.025555089116096497
h64_wd1e-05_s0,l3,4,0.0005,0.6493027339810911,0.6587486267089844,0.7667525773195876,0.6557396038457084,0.7184701466672839,0.3703990118630409,0.3623889684677124,0.03578678146004677
h64_wd1e-05_s0,l3,5,0.0005,0.6259131898050723,0.6490508913993835,0.791456771321462,0.6703347619599213,0.7003982609573562,0.33229957903675583,0.4061485826969147,0.053201109170913696
h64_wd1e-05_s0,l3,6,0.0005,0.5977359569591024,0.645009458065033,0.8057491799437676,0.681454882427893,0.7729970263007894,0.3413812748844524,0.4596630930900574,0.08103662729263306
h64_wd1e-05_s0,l3,7,0.0005,0.5850362777709961,0.6510769128799438,0.8169151241799438,0.6827290628981814,1.0475730838380526,0.48863212092900055,0.4984169602394104,0.10762593150138855
h64_wd1e-05_s0,l3,8,0.0005,0.566168345834898,0.6286544799804688,0.8420000585754452,0.6945441908954013,0.9850950622304783,0.37559007520616444,0.5350804924964905,0.130115807056427
h64_wd1e-05_s0,l3,9,0.0005,0.5658173638841381,0.6300605535507202,0.8571857427366448,0.7060118151279972,1.1545508874358048,0.3471791793352745,0.5679411888122559,0.1522057056427002
h64_wd1e-05_s0,l3,10,0.0005,0.5403685064419456,0.6325120329856873,0.8659208059981255,0.7094868527742384,1.0685671851427307,0.2866842580158044,0.6007052063941956,0.17970111966133118
h64_wd1e-05_s0,l3,11,0.0005,0.5240878540536632,0.6328060030937195,0.8773796274601686,0.7149310784200162,1.1978076944599756,0.3747338444917203,0.6296635270118713,0.20450295507907867
h64_wd1e-05_s0,l3,12,0.0005,0.5106131045714669,0.6284085512161255,0.8852873125585754,0.7156260859492645,1.1726785743153396,0.27506104117066654,0.6593151688575745,0.2272362858057022
h64_wd1e-05_s0,l3,13,0.0005,0.49654118911079737,0.6474443078041077,0.8941541705716963,0.7120352137148153,1.4026540183912986,0.3543695941079196,0.6879458427429199,0.25978928804397583
h64_wd1e-05_s0,l3,14,0.0005,0.49744085384451825,0.6428031325340271,0.8984667877225867,0.7181744468898412,1.3545379350048838,0.2863521851788882,0.7130853533744812,0.2794105112552643
h64_wd1e-05_s0,l3,15,0.0005,0.49410246118255285,0.6055786609649658,0.9070041588566072,0.7244295146530754,1.792940890073823,0.3352760930880452,0.734851062297821,0.30245187878608704
h64_wd1e-05_s0,l3,16,0.0005,0.50945466886396,0.661851704120636,0.9010221415182755,0.7114560407737751,1.6561632216139783,0.2999276602683876,0.7596460580825806,0.316743940114975
h64_wd1e-05_s0,l3,17,0.0005,0.45472319618515344,0.6164516806602478,0.9166837511715089,0.7221128228889147,1.3749698713080811,0.25941852841674173,0.7807860374450684,0.339070200920105
h64_wd1e-05_s0,l3,18,0.0005,0.42856911083926325,0.6639071702957153,0.9172328959700095,0.7233870033592031,1.3492771431477428,0.22341826291527087,0.7997153997421265,0.37592118978500366
h64_wd1e-05_s0,l3,19,0.0005,0.44241548232410266,0.6337409019470215,0.9257116916588566,0.7196802965365459,1.6336463241664207,0.2458515984955683,0.8218106627464294,0.4063805937767029
h64_wd1e-05_s0,l3,20,0.0005,0.41264168853345123,0.6365028619766235,0.9313349343955014,0.7229236650063708,1.4112395844787573,0.20752775392923478,0.8403039574623108,0.43892601132392883
h64_wd1e-05_s0,l3,21,0.0005,0.3930738283240277,0.693658709526062,0.9324698336457358,0.726051198887988,1.3805388021177378,0.18689285762236607,0.8564493656158447,0.4703051447868347
h64_wd1e-05_s0,l3,22,0.0005,0.3970773511606714,0.6938148140907288,0.9438993673851921,0.7157419205374725,1.8835318903712797,0.22675089203243895,0.8744537234306335,0.49767860770225525
h64_wd1e-05_s0,l3,23,0.0005,0.40339629287305084,0.677696943283081,0.9445803069353328,0.7248928530059076,2.1365115074421728,0.26878971596521134,0.8920272588729858,0.5135011672973633
h64_wd1e-05_s0,l3,24,0.0005,0.4001143224861311,0.6666494607925415,0.952524601686973,0.7207228078304182,2.1979828147895213,0.22156621256274178,0.9092354774475098,0.5295981168746948
h64_wd1e-05_s0,l3,25,0.0005,0.3691926676294078,0.6561059355735779,0.957357075913777,0.7255878605351557,1.947052997089035,0.2271407591252894,0.9261854887008667,0.5507976412773132
h64_wd1e-05_s0,l3,26,0.0005,0.33481370042199676,0.742445170879364,0.9526197867853795,0.7224603266535388,1.7993627137798425,0.18780084981233397,0.9416260719299316,0.5878522396087646
h64_wd1e-05_s0,l3,27,0.0005,0.3563430374083312,0.6708819270133972,0.9609887535145267,0.726282868064404,2.0075570822967173,0.20316756893261265,0.9577733874320984,0.6136330962181091
h64_wd1e-05_s0,l3,28,0.0005,0.3700128852025322,0.7300584316253662,0.9666412839737581,0.7158577551256805,2.3332663727808534,0.21068093474977942,0.9731247425079346,0.6389135718345642
h64_wd1e-05_s0,l3,29,0.0005,0.3709933407928633,0.674938976764679,0.9593339971883786,0.7308004170045176,2.453733735682743,0.2150658955028654,0.9910852909088135,0.6502327919006348
h64_wd1e-05_s0,l3,30,0.0005,0.35984912579474243,0.67186439037323,0.969936152764761,0.7207228078304181,2.2036667751597294,0.1958559404217517,1.0074164867401123,0.6761268377304077
h64_wd1e-05_s0,l3,31,0.0005,0.32473610471124237,0.6860363483428955,0.9708513940955952,0.7185219506544654,2.262161610753353,0.22058288171599424,1.0239683389663696,0.7058088183403015
h64_wd1e-05_s0,l3,32,0.0005,0.32368048831172613,0.7467049956321716,0.9747905927835051,0.7149310784200162,2.2051889330736336,0.18912912865678283,1.0409603118896484,0.7374453544616699
h64_wd1e-05_s0,l3,33,0.0005,0.31237786230833636,0.7279747724533081,0.9759621016869728,0.7251245221823236,2.1155745137150697,0.16497865536660855,1.0555851459503174,0.7662681937217712
h64_wd1e-05_s0,l3,34,0.0005,0.28273906526358233,0.7256258130073547,0.9821930646672915,0.7199119657129618,2.2948598993932547,0.16816641938629442,1.0683462619781494,0.7961885333061218
h64_wd1e-05_s0,l3,35,0.0005,0.27927706228650134,0.769872784614563,0.9799086223055296,0.7207228078304182,2.3541633328012237,0.17778537568636021,1.0816700458526611,0.8300043344497681
h64_wd1e-05_s0,l3,36,0.0005,0.25945795813332434,0.7328072786331177,0.9786712160262416,0.7237345071238271,2.0760039152917282,0.13688220460635706,1.0952314138412476,0.861425518989563
h64_wd1e-05_s0,l3,37,0.0005,0.2626605027395746,0.8062750697135925,0.988921918931584,0.7171319355959691,2.1949979526574803,0.15110283980391367,1.1087009906768799,0.8909717798233032
h64_wd1e-05_s0,l3,38,0.0005,0.2723317917274392,0.7204718589782715,0.985495255388941,0.7193327927719216,2.5973411064483796,0.17792074622045198,1.1235435009002686,0.916440486907959
h64_wd1e-05_s0,l3,39,0.0005,0.31054880372855975,0.7794647216796875,0.9844116096532334,0.7195644619483378,3.0085787301423763,0.19649046194936887,1.1399633884429932,0.9333010911941528
h64_wd1e-05_s0,l3,40,0.0005,0.2390898751175922,0.8412090539932251,0.9897932286785378,0.7165527626549287,2.214920891626445,0.14855275414284738,1.1540478467941284,0.9608949422836304
h64_wd1e-05_s0,l3,41,0.0005,0.2492461340582889,0.8512896299362183,0.985180412371134,0.7228078304181629,2.358797521578798,0.1562246541099645,1.1677675247192383,0.9986062049865723
h64_wd1e-05_s0,l3,42,0.0005,0.2400653064250946,0.8526545763015747,0.9893173031865043,0.7194486273601297,2.9109563647953367,0.15863820933478576,1.1807870864868164,1.0262316465377808
h64_wd1e-05_s0,l3,43,0.0005,0.2012406610276388,0.9185007810592651,0.9917921157450797,0.7180586123016334,2.32357308716457,0.12903199064153953,1.1928327083587646,1.049008846282959
h64_wd1e-05_s0,l3,44,0.0005,0.19599634862464407,0.9099742770195007,0.99216553420806,0.7252403567705317,2.008924374799312,0.09691995055929428,1.2029310464859009,1.0785555839538574
h64_wd1e-05_s0,l3,45,0.0005,0.1937279778978099,0.9280860424041748,0.9963024250234302,0.7178269431252171,2.496147031609959,0.12912252659296772,1.213990330696106,1.1061900854110718
h64_wd1e-05_s0,l3,46,0.0005,0.2311020742939866,0.9283604621887207,0.9894564198687911,0.7224603266535388,3.6382415879482926,0.1706497055579969,1.2274445295333862,1.12419855594635
h64_wd1e-05_s0,l3,47,0.0005,0.21410466406656348,0.9246701598167419,0.9960241916588566,0.7177111085370091,2.7341313715029134,0.12265626186372706,1.2413381338119507,1.141993522644043
h64_wd1e-05_s0,l3,48,0.0005,0.16852303140837213,0.997597873210907,0.9963243908153703,0.7181744468898413,2.25538145182859,0.1020468538661703,1.2543131113052368,1.173524022102356
h64_wd1e-05_s0,l3,49,0.0005,0.17383310133996216,0.9735652208328247,0.9968808575445174,0.7080968377157421,2.4222287137085816,0.10611821281365245,1.263966679573059,1.201195478439331
h64_wd1e-05_s0,l4,1,0.0005,0.7119378603023031,0.6941887736320496,0.5800707267992424,0.5156982193064668,0.6277463905975008,0.26288351198866666,0.20806683599948883,0.03952523320913315
h64_wd1e-05_s0,l4,2,0.0005,0.6873271517131639,0.6864578127861023,0.7494895241477273,0.6824039362699157,0.31831233873908255,0.15648950713210039,0.23886005580425262,0.046611446887254715
h64_wd1e-05_s0,l4,3,0.0005,0.6785790453786436,0.6785017848014832,0.7554968631628787,0.6969306466729147,0.36915323734584565,0.17214494557556642,0.25966620445251465,0.04554690420627594
h64_wd1e-05_s0,l4,4,0.0005,0.6716849052387736,0.6729258894920349,0.7289151278409092,0.684746954076851,0.39965824025103913,0.17852949713825855,0.28100159764289856,0.05392924323678017
h64_wd1e-05_s0,l4,5,0.0005,0.6564789595811263,0.6599909067153931,0.7589370265151515,0.6991565135895033,0.49296447688248574,0.1975807912231526,0.3101997375488281,0.08100612461566925
h64_wd1e-05_s0,l4,6,0.0005,0.6507589195085608,0.6542017459869385,0.7665867660984848,0.6966963448922212,0.6047047999892255,0.20346440324372464,0.3385952115058899,0.10433731973171234
h64_wd1e-05_s0,l4,7,0.0005,0.6285588533981986,0.6463642120361328,0.7870205965909091,0.7040768509840675,0.5238058369807314,0.15723887825220134,0.3630531132221222,0.14516685903072357
h64_wd1e-05_s0,l4,8,0.0005,0.6298421724982883,0.6415526866912842,0.7920957623106061,0.7133317713214621,0.7602034847951288,0.2143056331832684,0.38337498903274536,0.17382057011127472
h64_wd1e-05_s0,l4,9,0.0005,0.6163192793079044,0.6340059041976929,0.8156960227272727,0.7109887535145267,0.8565522963400679,0.2381459353451811,0.4040500223636627,0.19806694984436035
h64_wd1e-05_s0,l4,10,0.0005,0.5998139096342999,0.6221340894699097,0.8221990411931819,0.7231724461105905,0.8323688018212111,0.17448345657714978,0.4213365316390991,0.22822225093841553
h64_wd1e-05_s0,l4,11,0.0005,0.5955784709557242,0.635638952255249,0.8257797703598484,0.714386129334583,0.9504451007363883,0.18536735378166083,0.44069066643714905,0.25970059633255005
h64_wd1e-05_s0,l4,12,0.0005,0.5809775228085725,0.6331934332847595,0.8447339607007575,0.7187207122774133,1.0052869917379663,0.21158820197937483,0.46517515182495117,0.293974906206131
h64_wd1e-05_s0,l4,13,0.0005,0.5659898519515991,0.6076082587242126,0.8558312618371211,0.7303186504217432,1.122244638490646,0.18807506118383938,0.48273295164108276,0.33512231707572937
h64_wd1e-05_s0,l4,14,0.0005,0.528740406036377,0.6080504655838013,0.8587165601325758,0.7323102155576381,0.953621878042902,0.17799695691703515,0.4970906674861908,0.38299089670181274
h64_wd1e-05_s0,l4,15,0.0005,0.5432705801466237,0.6062358021736145,0.8828198982007577,0.7307872539831303,1.1728143039601744,0.17825662173452092,0.5106790065765381,0.4199560880661011
h64_wd1e-05_s0,l4,16,0.0005,0.5282788522865461,0.6064638495445251,0.8833451704545454,0.7321930646672915,1.125011968983702,0.17437664646060627,0.5261805653572083,0.468879371881485
h64_wd1e-05_s0,l4,17,0.0005,0.5151664809040402,0.6243992447853088,0.8938950047348485,0.7280927835051546,1.3256990214950557,0.15607495929807091,0.5414194464683533,0.518828272819519
h64_wd1e-05_s0,l4,18,0.0005,0.498779384986214,0.6047702431678772,0.8925189393939394,0.7326616682286785,1.4444965540517827,0.16978007509762627,0.5572502613067627,0.5689201354980469
h64_wd1e-05_s0,l4,19,0.0005,0.48531303457591846,0.6193294525146484,0.9084028764204546,0.7195407685098407,1.7424415449051696,0.1722288467016756,0.5698778629302979,0.6124176383018494
h64_wd1e-05_s0,l4,20,0.0005,0.4789427311524101,0.6041424870491028,0.9163929332386364,0.7255740393626993,1.4612369483671035,0.14438429619749008,0.5830283761024475,0.653969407081604
h64_wd1e-05_s0,l4,21,0.0005,0.47446261670278467,0.61064213514328,0.9180723248106061,0.7303186504217432,1.5648743113743502,0.14229500482215368,0.5957964062690735,0.7012304663658142
h64_wd1e-05_s0,l4,22,0.0005,0.4531689234401869,0.6119447350502014,0.9194113991477273,0.7325445173383318,1.6774687128087986,0.13088708349217962,0.6077061891555786,0.7441806793212891
h64_wd1e-05_s0,l4,23,0.0005,0.5018018263837566,0.6300105452537537,0.9244125828598485,0.7338331771321461,2.357050074607159,0.20467941396065883,0.6188631653785706,0.756811261177063
h64_wd1e-05_s0,l4,24,0.0005,0.47312720573466754,0.6156354546546936,0.9248564749053031,0.7307872539831303,1.948433594784658,0.14900972007289892,0.6310040354728699,0.7921106219291687
h64_wd1e-05_s0,l4,25,0.0005,0.45580275032831274,0.625523030757904,0.931936553030303,0.7230552952202437,2.2468302732012035,0.15762748674585372,0.6405684351921082,0.832733690738678
h64_wd1e-05_s0,l4,26,0.0005,0.4141679004482601,0.635410726070404,0.9341930042613635,0.723406747891284,2.2394011082213625,0.14607926326827916,0.6506583094596863,0.8834382891654968
h64_wd1e-05_s0,l4,27,0.0005,0.45808281198791834,0.6993852853775024,0.9310857599431819,0.719423617619494,2.4791344229520775,0.15114649884001446,0.6611225605010986,0.9235621690750122
h64_wd1e-05_s0,l4,28,0.0005,0.45511990785598755,0.6272622346878052,0.9268169981060606,0.7153819119025304,2.709992936691775,0.18030973546714768,0.6717218160629272,0.951359748840332
h64_wd1e-05_s0,l4,29,0.0005,0.41479606472927594,0.6625834107398987,0.9465036103219697,0.720946579194002,2.140664059447142,0.12808753128541803,0.6814268231391907,0.9923738241195679
h64_wd1e-05_s0,l4,30,0.0005,0.38408531572507776,0.6512652635574341,0.9491965553977273,0.709817244611059,2.0880426129744785,0.10411072140437948,0.6901161670684814,1.0288712978363037
h64_wd1e-05_s0,l4,31,0.0005,0.3811359561007956,0.6698627471923828,0.9491447679924243,0.724343955014058,1.8415103055313027,0.10015352165255582,0.6971645951271057,1.0648224353790283
h64_wd1e-05_s0,l4,32,0.0005,0.38079940106557764,0.6489841938018799,0.9554258404356061,0.7217666354264293,2.4778621397421947,0.1237960755298685,0.7051924467086792,1.099363923072815
h64_wd1e-05_s0,l4,33,0.0005,0.35794900422510895,0.6883489489555359,0.9571792140151515,0.7289714151827553,2.3019477756842273,0.10436002943136265,0.7127599120140076,1.1361240148544312
h64_wd1e-05_s0,l4,34,0.0005,0.36070621272791986,0.6829230785369873,0.9524739583333333,0.7261012183692597,2.348891881178236,0.11146344252519545,0.7224557399749756,1.1751283407211304
h64_wd1e-05_s0,l4,35,0.0005,0.38080769323784375,0.6560983061790466,0.9536280776515151,0.7276241799437676,2.618615946225046,0.1118501276478303,0.7303863167762756,1.2015646696090698
h64_wd1e-05_s0,l4,36,0.0005,0.42942292534786725,0.6626425981521606,0.9648067589962122,0.7175492033739457,3.241026603327742,0.1500293060136741,0.7402727603912354,1.2207448482513428
h64_wd1e-05_s0,l4,37,0.0005,0.4078747720822044,0.6611773371696472,0.9656242601799243,0.723406747891284,2.627077886546131,0.11430265102518203,0.7484936714172363,1.2461979389190674
h64_wd1e-05_s0,l4,38,0.0005,0.3845752050047335,0.6778650879859924,0.9619140625,0.7264526710402999,2.368516641282094,0.09798714624447995,0.7561414241790771,1.2824233770370483
h64_wd1e-05_s0,l4,39,0.0005,0.3567869857601497,0.7085198760032654,0.9636304450757576,0.7255154639175257,2.4828946784944046,0.09447122835519903,0.7638787627220154,1.3201507329940796
h64_wd1e-05_s0,l4,40,0.0005,0.3213248628637065,0.7345911264419556,0.9699633049242424,0.7233481724461106,2.6302529735835036,0.09233054137555782,0.7711747884750366,1.3543107509613037
h64_wd1e-05_s0,l4,41,0.0005,0.3144564071427221,0.7028432488441467,0.9733960700757576,0.7157919400187441,2.416340295810116,0.09646004631336508,0.7775903344154358,1.3932021856307983
h64_wd1e-05_s0,l4,42,0.0005,0.3251334500053655,0.7338675856590271,0.9732481060606061,0.7101686972820993,2.8974666068156663,0.08695087512904283,0.7837681770324707,1.4267139434814453
h64_wd1e-05_s0,l4,43,0.0005,0.3315242846374926,0.7721579670906067,0.9707771070075757,0.7197750702905342,3.2235644650845767,0.11240313220513976,0.7909836173057556,1.4540765285491943
h64_wd1e-05_s0,l5,1,0.0005,0.6972247199578718,0.6851766705513,0.7440208581827079,0.6783353733170134,0.5415363525693239,0.19133657554253422,0.20564287900924683,0.025209464132785797
h64_wd1e-05_s0,l5,2,0.0005,0.6920361275022681,0.682615339756012,0.7179557757592439,0.6481028151774786,0.568343828909994,0.24157061023632104,0.2472122460603714,0.03487852215766907
h64_wd1e-05_s0,l5,3,0.0005,0.6758447695862163,0.6743499636650085,0.7368795302321314,0.7068543451652386,0.40060162861100695,0.18371172615865855,0.2768952250480652,0.046612903475761414
h64_wd1e-05_s0,l5,4,0.0005,0.6675600517879833,0.6667380332946777,0.7461923112212129,0.7020807833537333,0.45457789717916874,0.2105475560639972,0.30504605174064636,0.06352079659700394
h64_wd1e-05_s0,l5,5,0.0005,0.6572467495094646,0.6484912633895874,0.778320641037404,0.7101591187270502,0.6780184109306905,0.2732269669200335,0.3430318534374237,0.08742159605026245
h64_wd1e-05_s0,l5,6,0.0005,0.6237084404988722,0.6351931691169739,0.7857295776370921,0.7083231334149327,0.5862605963103504,0.23627821088976605,0.38373491168022156,0.12324005365371704
h64_wd1e-05_s0,l5,7,0.0005,0.6136984310366891,0.6345500349998474,0.8020919350399119,0.7177478580171358,0.7230685213882346,0.26129379788830515,0.41742515563964844,0.15368890762329102
h64_wd1e-05_s0,l5,8,0.0005,0.6061716757037423,0.6433537006378174,0.8055632015169589,0.7184822521419828,0.8595624014723743,0.2554592438684155,0.4482089579105377,0.1826365888118744
h64_wd1e-05_s0,l5,9,0.0005,0.5971979282119058,0.6211033463478088,0.8321940850842585,0.7122399020807834,0.958418797517744,0.28897172206448574,0.47849008440971375,0.21227358281612396
h64_wd1e-05_s0,l5,10,0.0005,0.5602612387050282,0.622193455696106,0.8444964369819862,0.7145654834761322,0.8101395894511699,0.2094017945575755,0.5046924948692322,0.25191447138786316
h64_wd1e-05_s0,l5,11,0.0005,0.5542011030695655,0.6203475594520569,0.8573951738691623,0.7242350061199512,1.0731183234642705,0.23237836619652094,0.529730498790741,0.2902787923812866
h64_wd1e-05_s0,l5,12,0.0005,0.5327038263732736,0.6121264100074768,0.8678777869529315,0.7268053855569155,1.0199479298497038,0.19067311469674195,0.5527230501174927,0.32837894558906555
h64_wd1e-05_s0,l5,13,0.0005,0.5605717775496569,0.6812579035758972,0.8737345933877725,0.7252141982864136,1.553094776781547,0.27308070206104157,0.5758255124092102,0.35132771730422974
h64_wd1e-05_s0,l5,14,0.0005,0.5256522324952212,0.6259598135948181,0.8806541884576565,0.7341493268053856,1.0040341931845616,0.1920007160125057,0.6009158492088318,0.37647026777267456
h64_wd1e-05_s0,l5,15,0.0005,0.5204429761929945,0.6214203238487244,0.8912897207694895,0.7346389228886168,1.3391086940888521,0.22617151282447948,0.6213136911392212,0.4103595018386841
h64_wd1e-05_s0,l5,16,0.0005,0.48763385821472516,0.663251519203186,0.8957473162675476,0.7335373317013464,1.4670241463641502,0.21311233987144265,0.6405543684959412,0.4507881999015808
h64_wd1e-05_s0,l5,17,0.0005,0.5091671022501859,0.626652181148529,0.8974217818148454,0.7351285189718482,1.5860008452688077,0.22961477204883532,0.658351719379425,0.4836582839488983
h64_wd1e-05_s0,l5,18,0.0005,0.4907089851119302,0.6288421154022217,0.9129813132703306,0.7197062423500613,1.7114373998770267,0.2237037396104631,0.6742478013038635,0.5103362202644348
h64_wd1e-05_s0,l5,19,0.0005,0.4713068035515872,0.641878604888916,0.9141970211334373,0.7378212974296207,1.8009542679709547,0.21468810753472248,0.6894658207893372,0.5400928854942322
h64_wd1e-05_s0,l5,20,0.0005,0.46149315617301245,0.6183998584747314,0.9224087836804601,0.7352509179926561,1.6104748622742668,0.1861858326369373,0.7033533453941345,0.5730045437812805
h64_wd1e-05_s0,l5,21,0.0005,0.42699922756715253,0.6282913684844971,0.9266675841820351,0.7280293757649938,1.6838938441548352,0.18970615295049795,0.7162606716156006,0.6114333271980286
h64_wd1e-05_s0,l5,22,0.0005,0.4308522194623947,0.6313372850418091,0.9326543719607303,0.7347613219094247,1.8212959763007979,0.17218599985892305,0.7298067808151245,0.6468698978424072
h64_wd1e-05_s0,l5,23,0.0005,0.42558455738154327,0.6231088638305664,0.9351316634553629,0.7343941248470012,1.9582273313479457,0.1877230394568907,0.7432594299316406,0.6827333569526672
h64_wd1e-05_s0,l5,24,0.0005,0.40534410693428735,0.6447994112968445,0.9392604826130837,0.7379436964504283,1.903018864398448,0.15152330513230716,0.7554045915603638,0.7173618078231812
h64_wd1e-05_s0,l5,25,0.0005,0.41527278992262756,0.6354050636291504,0.941646022570878,0.7341493268053855,2.3757478704612853,0.19425026889029332,0.7680804133415222,0.7501733899116516
h64_wd1e-05_s0,l5,26,0.0005,0.4552613131024621,0.6052243113517761,0.9465700217145303,0.7392900856793145,2.6265162396837405,0.21206048690113669,0.7823811173439026,0.7626560926437378
h64_wd1e-05_s0,l5,27,0.0005,0.39675261080265045,0.6366164088249207,0.9532296540967062,0.7332925336597307,1.6541321021035638,0.14563090379449745,0.7944908738136292,0.7918829917907715
h64_wd1e-05_s0,l5,28,0.0005,0.3726663305000825,0.6620547771453857,0.9566703367281402,0.7379436964504283,1.8561243877273954,0.15146094954200884,0.8045517802238464,0.8328775763511658
h64_wd1e-05_s0,l5,29,0.0005,0.3939440297809514,0.6260726451873779,0.9581460072789553,0.7248470012239902,2.413412154967218,0.16900428677041765,0.8145281076431274,0.86127769947052
h64_wd1e-05_s0,l5,30,0.0005,0.37379362095486035,0.6906805038452148,0.958956479187693,0.736842105263158,1.9788966187975907,0.13075361136514121,0.8250741362571716,0.8999446034431458
h64_wd1e-05_s0,l5,31,0.0005,0.372357694262808,0.6776435971260071,0.9599657460929137,0.7450428396572827,2.4259231489815543,0.1845834156932958,0.8346354365348816,0.9204764366149902
h64_wd1e-05_s0,l5,32,0.0005,0.32090060819279065,0.6810205578804016,0.9746039391993149,0.7348837209302326,1.8721700716328191,0.12430039082987109,0.8442251682281494,0.9618183374404907
h64_wd1e-05_s0,l5,33,0.0005,0.3491115780039267,0.6843582987785339,0.9682998440223873,0.7309669522643819,2.751602870416834,0.13417826862756296,0.8537135720252991,0.9984051585197449
h64_wd1e-05_s0,l5,34,0.0005,0.33767028898000717,0.7216160297393799,0.9745695323730006,0.7348837209302326,2.9432337401009163,0.15229243108645732,0.8639363050460815,1.0285848379135132
h64_wd1e-05_s0,l5,35,0.0005,0.3049291263927113,0.7380304336547852,0.9714308652169925,0.7356181150550796,2.371813459585973,0.12657393824112725,0.8738610148429871,1.068576693534851
h64_wd1e-05_s0,l5,36,0.0005,0.3050410551103679,0.7455770373344421,0.9838440835550663,0.7342717258261934,2.675040339074354,0.11991476568328409,0.8818349242210388,1.1005069017410278
h64_wd1e-05_s0,l5,37,0.0005,0.2964779328216206,0.8013096451759338,0.9749977062115791,0.7312117503059975,2.899757066682193,0.1360037059825235,0.8911687135696411,1.13306725025177
h64_wd1e-05_s0,l5,38,0.0005,0.30196457423947076,0.7669130563735962,0.9836835183655993,0.7193390452876377,3.217216346667662,0.12341214119452835,0.8999559283256531,1.1599608659744263
h64_wd1e-05_s0,l5,39,0.0005,0.2727584744041616,0.7229074835777283,0.9836070587515675,0.7399020807833537,2.556581432482613,0.11618070037864582,0.9088666439056396,1.198809027671814
h64_wd1e-05_s0,l5,40,0.0005,0.29504620554772293,0.7827878594398499,0.9812215187937732,0.7288861689106488,3.0333358851568915,0.1322575882282693,0.9176275730133057,1.2404682636260986
h64_wd1e-05_s0,l5,41,0.0005,0.2580994503064589,0.8747448921203613,0.988745144814509,0.7259485924112608,2.71970732064278,0.10593984731822897,0.9259511828422546,1.2795896530151367
h64_wd1e-05_s0,l5,42,0.0005,0.2642776132984595,0.7972100973129272,0.9872618283022907,0.7223990208078335,3.165293106673923,0.12242951225070851,0.9341890811920166,1.3124231100082397
h64_wd1e-05_s0,l5,43,0.0005,0.2438062165271152,0.8276697397232056,0.9886916230846867,0.7283965728274174,2.5374437147676323,0.08739542049621905,0.9423460364341736,1.3481005430221558
h64_wd1e-05_s0,l5,44,0.0005,0.252943868664178,0.8629597425460815,0.9889974615408141,0.7254589963280293,2.5962030031637173,0.10675721877716242,0.9502717852592468,1.3858025074005127
h64_wd1e-05_s0,l5,45,0.0005,0.23436981879852034,0.9038506746292114,0.9877129400250788,0.7124847001223991,2.5995899652508947,0.08993213758497148,0.95806884765625,1.4232498407363892
h64_wd1e-05_s0,l5,46,0.0005,0.28515972806648776,0.8384665846824646,0.9898461632565678,0.7116279069767442,3.5322053432065825,0.10560243284392556,0.9665093421936035,1.4514119625091553
h64_wd1e-05_s0,l5,47,0.0005,0.2468445748090744,0.8795467615127563,0.9919258647582346,0.7151774785801714,2.714128983612984,0.0874913407593158,0.9734631776809692,1.4796662330627441
h64_wd1e-05_s0,l5,48,0.0005,0.24284376949071884,0.863401472568512,0.9953397865247576,0.7221542227662179,3.6322272428622537,0.12516736016067898,0.9814836978912354,1.5117661952972412
h64_wd1e-05_s0,l5,49,0.0005,0.25469103015281935,0.8426180481910706,0.9915817964950913,0.7260709914320684,4.069046268796951,0.09863266662865264,0.9895327091217041,1.533545732498169
h64_wd1e-05_s0,l5,50,0.0005,0.2824701842936603,0.8453302383422852,0.9870783252286143,0.7380660954712361,4.461281996526915,0.12135615757391177,0.9972936511039734,1.5576634407043457
h64_wd1e-05_s0,l5,51,0.0005,0.2684313167225231,0.9765365123748779,0.990916597853014,0.7212974296205631,3.471429028407687,0.10954144503606064,1.0040955543518066,1.5887216329574585
h64_wd1e-05_s0,l6,1,0.0005,0.7110427555285002,0.696485698223114,0.6295230263157895,0.5728896103896104,0.7115680827041515,0.31798287383662016,0.19624976813793182,0.0198188629001379
h64_wd1e-05_s0,l6,2,0.0005,0.6873936684508073,0.6818889379501343,0.7533305921052631,0.6576298701298701,0.4763280260531079,0.22383349996446747,0.24145831167697906,0.03132275119423866
h64_wd1e-05_s0,l6,3,0.0005,0.6720053553581238,0.6774898767471313,0.7658203124999999,0.6631493506493507,0.4079595419467234,0.19651070487970665,0.2671402096748352,0.027758074924349785
h64_wd1e-05_s0,l6,4,0.0005,0.6656645065859744,0.6721388101577759,0.7416118421052631,0.6392857142857143,0.5443206536803366,0.2616644404476976,0.29570919275283813,0.03144616261124611
h64_wd1e-05_s0,l6,5,0.0005,0.6572737599674024,0.6617141962051392,0.7793791118421052,0.6722402597402598,0.67376920218476,0.2979117528265225,0.32507845759391785,0.03905726596713066
h64_wd1e-05_s0,l6,6,0.0005,0.6406489422446803,0.6505091786384583,0.7866879111842106,0.677922077922078,0.6767506465057164,0.26624366487343687,0.3580658733844757,0.0618416853249073
h64_wd1e-05_s0,l6,7,0.0005,0.6340724982713398,0.6745155453681946,0.8038548519736842,0.688474025974026,0.754724247417076,0.2690070824148997,0.39127907156944275,0.08113778382539749
h64_wd1e-05_s0,l6,8,0.0005,0.6219825274065921,0.6382469534873962,0.8123869243421054,0.6907467532467533,0.9261259548273147,0.3076124680372995,0.4231802821159363,0.09756895899772644
h64_wd1e-05_s0,l6,9,0.0005,0.6025497129088954,0.6333537101745605,0.8269222861842106,0.6974025974025975,0.9190057578106284,0.3232222477700459,0.45428094267845154,0.11936193704605103
h64_wd1e-05_s0,l6,10,0.0005,0.5766687926493193,0.6383659243583679,0.8327713815789474,0.6978896103896104,0.9645220076391329,0.34406865216135835,0.48707276582717896,0.1519722193479538
h64_wd1e-05_s0,l6,11,0.0005,0.5690236530805889,0.6247410774230957,0.8575041118421053,0.7001623376623376,1.0551233193225062,0.2907180836930337,0.5157697796821594,0.1722002774477005
h64_wd1e-05_s0,l6,12,0.0005,0.5521782071966874,0.6736095547676086,0.8604337993421053,0.6977272727272728,1.1061170822052109,0.2741842810061827,0.5422219038009644,0.19860923290252686
h64_wd1e-05_s0,l6,13,0.0005,0.5232764890319422,0.6231501698493958,0.8752364309210529,0.7045454545454545,1.3380053504504548,0.3824232431719504,0.5703690648078918,0.22073562443256378
h64_wd1e-05_s0,l6,14,0.0005,0.5240165230474974,0.6912937760353088,0.8750822368421053,0.7025974025974026,1.2824809534261985,0.3160998963834884,0.5957514643669128,0.2404927909374237
h64_wd1e-05_s0,l6,15,0.0005,0.5392943291287673,0.6226478815078735,0.8969263980263157,0.7069805194805195,1.559024884311923,0.35296159539025196,0.6204365491867065,0.25726890563964844
h64_wd1e-05_s0,l6,16,0.0005,0.47888429384482534,0.6309188604354858,0.8990234374999999,0.7113636363636363,1.1664263364416725,0.2902747917035614,0.6430034041404724,0.2867962718009949
h64_wd1e-05_s0,l6,17,0.0005,0.49710921237343236,0.6418036222457886,0.9039268092105264,0.712012987012987,1.6381254729530381,0.34985116163116803,0.6640339493751526,0.31112873554229736
h64_wd1e-05_s0,l6,18,0.0005,0.5059444841585661,0.6251803040504456,0.9108552631578948,0.7147727272727273,1.5191306323974594,0.25297003382230915,0.6848933100700378,0.3316041827201843
h64_wd1e-05_s0,l6,19,0.0005,0.4504415596786298,0.627251148223877,0.9161389802631579,0.7146103896103896,1.4622355816046466,0.26618482352916917,0.7045078277587891,0.35718050599098206
h64_wd1e-05_s0,l6,20,0.0005,0.45202917487997757,0.6350452303886414,0.9238795230263157,0.7147727272727274,1.2447003538565546,0.20201743395703356,0.7222814559936523,0.38667699694633484
h64_wd1e-05_s0,l6,21,0.0005,0.41455949137085363,0.6556581854820251,0.9293585526315788,0.7063311688311689,1.3915577748622745,0.2033371259115003,0.7392195463180542,0.418793261051178
h64_wd1e-05_s0,l6,22,0.0005,0.424749902988735,0.6462316513061523,0.9342619243421053,0.7097402597402597,1.5568888734055615,0.23659645423841322,0.7553141117095947,0.4452241063117981
h64_wd1e-05_s0,l6,23,0.0005,0.40835435374786977,0.6502780914306641,0.9453947368421052,0.7089285714285715,1.3576105023096525,0.19115938278446182,0.7734332084655762,0.4773976802825928
h64_wd1e-05_s0,l6,24,0.0005,0.405682330068789,0.6602758169174194,0.9528885690789473,0.6988636363636364,1.7598898012403088,0.19852722338261977,0.790334939956665,0.5103874206542969
h64_wd1e-05_s0,l6,25,0.0005,0.3678372196461025,0.6856356263160706,0.954872532894737,0.7089285714285715,1.9458435812454258,0.20711168416668232,0.8060979843139648,0.5397140979766846
h64_wd1e-05_s0,l6,26,0.0005,0.3869679946648447,0.6472224593162537,0.9606393914473684,0.7001623376623376,2.4078127347885934,0.25995248696511614,0.822665274143219,0.5661126971244812
h64_wd1e-05_s0,l6,27,0.0005,0.40831519114343745,0.6584065556526184,0.9610814144736841,0.7060064935064935,2.6651881752861595,0.2815110241206164,0.8388940691947937,0.5833562612533569
h64_wd1e-05_s0,l6,28,0.0005,0.4252038715701354,0.6449984908103943,0.9615439967105264,0.7038961038961038,2.9835232090478163,0.27397944365042315,0.8566303849220276,0.5936707258224487
h64_wd1e-05_s0,l6,29,0.0005,0.40424522443821553,0.7862638831138611,0.9554276315789474,0.6920454545454545,2.2748570926010294,0.23165999350768543,0.8741763234138489,0.6079806685447693
h64_wd1e-05_s0,l6,30,0.0005,0.42080306065709966,0.6665276885032654,0.9601356907894736,0.709577922077922,2.5218386074182186,0.2872603179459134,0.8887555003166199,0.6207333207130432
h64_wd1e-05_s0,l6,31,0.0005,0.34738482927021225,0.6774197220802307,0.9678042763157895,0.7042207792207791,2.0009986108517253,0.20408363441676025,0.9011985063552856,0.6416548490524292
h64_wd1e-05_s0,l6,32,0.0005,0.3212520229189019,0.6614624857902527,0.9703947368421052,0.7076298701298701,1.7734842647632034,0.161772950622877,0.9124057292938232,0.6689181327819824
h64_wd1e-05_s0,l6,33,0.0005,0.31192584492658315,0.6830456852912903,0.9680509868421052,0.7159090909090908,1.872399636304685,0.15187278148511651,0.9235029220581055,0.6998093128204346
h64_wd1e-05_s0,l6,34,0.0005,0.3037908359577781,0.6994864344596863,0.9769736842105263,0.710551948051948,2.2085428332720425,0.15579960023960315,0.9345116019248962,0.725048303604126
h64_wd1e-05_s0,l6,35,0.0005,0.28757306149131373,0.7998039722442627,0.9802939967105263,0.702922077922078,2.2373372226119104,0.1586689254439738,0.9462470412254333,0.7525042295455933
h64_wd1e-05_s0,l6,36,0.0005,0.30216044501254435,0.7280810475349426,0.9790707236842104,0.7058441558441558,2.183859858420656,0.170321750109811,0.9584251046180725,0.7769880294799805
h64_wd1e-05_s0,l6,37,0.0005,0.29844726308395986,0.7284549474716187,0.9811677631578948,0.7090909090909091,2.6366618230920658,0.19468423358838502,0.9689581394195557,0.7961761951446533
h64_wd1e-05_s0,l6,38,0.0005,0.26366680782092244,0.7251377701759338,0.9835526315789473,0.7032467532467532,2.028807548352442,0.15072273112609702,0.9804962277412415,0.8237078785896301
h64_wd1e-05_s0,l6,39,0.0005,0.2923809784023385,0.7407541275024414,0.9813733552631578,0.710551948051948,2.678196798305123,0.1961913620551871,0.9922643303871155,0.8489872813224792
h64_wd1e-05_s0,l6,40,0.0005,0.27766533823389755,0.7492891550064087,0.9850123355263158,0.7099025974025974,2.662284009590531,0.16106680020861977,1.0038166046142578,0.872834324836731
h64_wd1e-05_s0,l6,41,0.0005,0.2602173505645049,0.7795464396476746,0.9896689967105263,0.7016233766233766,2.052755122441197,0.13660294397727968,1.0142786502838135,0.9001263976097107
h64_wd1e-05_s0,l6,42,0.0005,0.20689092419649424,0.8057989478111267,0.9878597861842104,0.7084415584415584,1.6987794813615238,0.11344835471747956,1.0233567953109741,0.9309023022651672
h64_wd1e-05_s0,l6,43,0.0005,0.2564696426454343,0.7759328484535217,0.9891550164473684,0.7089285714285715,2.820271107067539,0.15813633840275285,1.0322903394699097,0.9532337188720703
h64_wd1e-05_s0,l6,44,0.0005,0.23965918390374435,0.8128651976585388,0.9902652138157895,0.6974025974025974,2.4556345858308157,0.1359342276839266,1.0426620244979858,0.9744834303855896
h64_wd1e-05_s0,l6,45,0.0005,0.23159850427978917,0.8653234243392944,0.9906352796052631,0.7009740259740259,3.2373979531232315,0.15038386583057858,1.0514922142028809,0.9959211349487305
h64_wd1e-05_s0,l6,46,0.0005,0.2611511553588666,0.733140230178833,0.9953022203947369,0.6915584415584415,3.6174858771236558,0.17191514435311947,1.0623818635940552,1.0072870254516602
h64_wd1e-05_s0,l6,47,0.0005,0.22601275459716194,0.8499923944473267,0.9880653782894737,0.7035714285714285,2.689172991107908,0.14268380894094654,1.0722107887268066,1.0317085981369019
h64_wd1e-05_s0,l6,48,0.0005,0.2872829201974367,0.7216920256614685,0.9945620888157896,0.7092532467532467,3.6153730084057796,0.18955293181712118,1.082762598991394,1.0409530401229858
h64_wd1e-05_s0,l6,49,0.0005,0.21525169869786814,0.8693985939025879,0.9919099506578948,0.701461038961039,2.5691770579371025,0.13170505874853564,1.0915385484695435,1.0614778995513916
h64_wd1e-05_s0,l6,50,0.0005,0.21586272277330099,0.8179101347923279,0.9942331414473684,0.6975649350649351,2.690546143094599,0.14329866612590517,1.1000707149505615,1.0802332162857056
h64_wd1e-05_s0,l6,51,0.0005,0.20932984861888385,0.7771386504173279,0.9947060032894737,0.7116883116883117,2.2361611474808742,0.1144065242533358,1.107877254486084,1.1015608310699463
h64_wd1e-05_s0,l6,52,0.0005,0.19897478465971194,0.8230308890342712,0.9949013157894737,0.7032467532467531,2.2678539420149773,0.12583943930894004,1.1161086559295654,1.1279327869415283
h64_wd1e-05_s0,l6,53,0.0005,0.21367975755741722,0.8585895299911499,0.9967002467105264,0.7035714285714285,2.952357223317005,0.11972243248182893,1.1244364976882935,1.1495940685272217
h64_wd1e-05_s0,l7,1,0.0005,0.6972933515258457,0.6835057139396667,0.7374558539348304,0.6246485473289598,0.6790019859828016,0.24980166128076023,0.21960319578647614,0.022114073857665062
h64_wd1e-05_s0,l7,2,0.0005,0.6693099270696226,0.6726722717285156,0.731317977536409,0.6757263355201499,0.6226438622073698,0.21536753668623543,0.27144861221313477,0.02787233330309391
h64_wd1e-05_s0,l7,3,0.0005,0.6732784898384757,0.6622520089149475,0.7611114813087226,0.6833411433926898,0.8261922989148139,0.33455740368775366,0.30634787678718567,0.028119860216975212
h64_wd1e-05_s0,l7,4,0.0005,0.646350964255955,0.6550058722496033,0.7732613669176607,0.683223992502343,0.5939163252988842,0.2186151486370519,0.339078426361084,0.03325118124485016
h64_wd1e-05_s0,l7,5,0.0005,0.6302889922390813,0.6514143943786621,0.7863885742209191,0.6891986879100281,0.7345552379342086,0.29112740839960694,0.38021761178970337,0.05444347858428955
h64_wd1e-05_s0,l7,6,0.0005,0.6176057665244393,0.6409120559692383,0.801381577486062,0.6944704779756325,0.7399060064896648,0.2548408091836646,0.4174715280532837,0.07909078150987625
h64_wd1e-05_s0,l7,7,0.0005,0.5967393051023069,0.6286338567733765,0.820572621665445,0.7207122774133082,0.7753531792023043,0.22753019744447733,0.4570361077785492,0.11142462491989136
h64_wd1e-05_s0,l7,8,0.0005,0.5729740119498709,0.6164013743400574,0.835247254984711,0.7282099343955014,1.002055176124857,0.28711929944471587,0.5025758743286133,0.14272072911262512
h64_wd1e-05_s0,l7,9,0.0005,0.5564088484515315,0.6286463737487793,0.849396207695668,0.718369259606373,0.9035614158428037,0.21667764579588453,0.5399957895278931,0.1737278550863266
h64_wd1e-05_s0,l7,10,0.0005,0.547914708438127,0.6629630327224731,0.8511435404218772,0.7492970946579194,1.2993858279484412,0.3409092168728056,0.576200008392334,0.20127572119235992
h64_wd1e-05_s0,l7,11,0.0005,0.5627073839954708,0.5973319411277771,0.8649371034258087,0.7481255857544518,1.412677153725289,0.3521751116848083,0.6153039336204529,0.2197922170162201
h64_wd1e-05_s0,l7,12,0.0005,0.538657511058061,0.6009687185287476,0.8782790253437285,0.7381677600749765,1.1375023631810977,0.26613802031187456,0.6445830464363098,0.24366644024848938
h64_wd1e-05_s0,l7,13,0.0005,0.5101417264212733,0.6306682229042053,0.8795821209361557,0.7468369259606372,1.3731479378708678,0.24627156795473887,0.6710768342018127,0.27188625931739807
h64_wd1e-05_s0,l7,14,0.0005,0.5010153042233508,0.5909985899925232,0.8969295810103433,0.7529287722586692,1.384649981235562,0.27719476436567264,0.696456789970398,0.305589497089386
h64_wd1e-05_s0,l7,15,0.0005,0.47819490665974823,0.6876834630966187,0.8977884394689886,0.7335988753514527,1.457046038042874,0.2448535048165996,0.7211692333221436,0.33477330207824707
h64_wd1e-05_s0,l7,16,0.0005,0.4817990297856538,0.5936318635940552,0.9072729022752346,0.7618322399250236,1.5529347597778211,0.23319568185122946,0.7485937476158142,0.3593861162662506
h64_wd1e-05_s0,l7,17,0.0005,0.4752298321412957,0.629546046257019,0.9116782538519062,0.7693298969072165,1.7791019475118206,0.2726150258209447,0.7702094912528992,0.39017948508262634
h64_wd1e-05_s0,l7,18,0.0005,0.4560686557189278,0.5961475968360901,0.9208147309033563,0.7639409559512652,1.6008749520916659,0.22270668282321932,0.7887589931488037,0.4176067113876343
h64_wd1e-05_s0,l7,19,0.0005,0.4258704444636469,0.611236572265625,0.931809599964461,0.7662839737582006,1.5020484407798267,0.21561818159713853,0.8068804740905762,0.45042070746421814
h64_wd1e-05_s0,l7,20,0.0005,0.431492259968882,0.6050761938095093,0.9310840126459503,0.7736644798500467,1.8814579187850062,0.2297853552713775,0.8250100016593933,0.47364962100982666
h64_wd1e-05_s0,l7,21,0.0005,0.413837145852006,0.6135969161987305,0.9393023996209177,0.7522258669165885,1.6032305371142026,0.1972654945429882,0.8430576920509338,0.5042635798454285
h64_wd1e-05_s0,l7,22,0.0005,0.3812898533499759,0.6272873282432556,0.9451737337390699,0.7658153701968136,1.7378079671012983,0.18759541627138326,0.8607345819473267,0.5450478792190552
h64_wd1e-05_s0,l7,23,0.0005,0.3863168695698614,0.6189120411872864,0.9484981082902052,0.7607778819119024,1.8650897457363278,0.17810080571708395,0.8790454268455505,0.5819459557533264
h64_wd1e-05_s0,l7,24,0.0005,0.3629244540048682,0.6289053559303284,0.9538363578478192,0.7587863167760075,1.9226638054373248,0.1763032076535207,0.8952468037605286,0.6119081377983093
h64_wd1e-05_s0,l7,25,0.0005,0.36388596762781555,0.6329869627952576,0.9607072255169811,0.7558575445173383,2.0329705930978856,0.1736403543261369,0.9122412204742432,0.6480662226676941
h64_wd1e-05_s0,l7,26,0.0005,0.3300116055685541,0.6270174384117126,0.9645054530108171,0.7596063730084349,1.7802374481594305,0.16400714480139691,0.9292603135108948,0.6895208954811096
h64_wd1e-05_s0,l7,27,0.0005,0.33731182437875995,0.6444204449653625,0.9633430325107544,0.7584348641049672,2.1679358056527893,0.16640212622802564,0.9460362195968628,0.7229166626930237
h64_wd1e-05_s0,l7,28,0.0005,0.31207270078037097,0.660568118095398,0.9697030274760667,0.7521087160262417,2.0724458549827864,0.1565442876664286,0.9615078568458557,0.7555556893348694
h64_wd1e-05_s0,l7,29,0.0005,0.31820199152697687,0.638920247554779,0.9727608597469329,0.7685098406747891,2.330951829801345,0.15560863418716178,0.9766292572021484,0.7917865514755249
h64_wd1e-05_s0,l7,30,0.0005,0.3282840465721877,0.6116867661476135,0.9764776437662425,0.7647610121836926,2.8419701798043415,0.17390950127474666,0.9939183592796326,0.8283789157867432
h64_wd1e-05_s0,l7,31,0.0005,0.3120219824106797,0.6436148285865784,0.974537808282061,0.7661668228678538,2.3737179673501676,0.17386798951219662,1.0107678174972534,0.8628074526786804
h64_wd1e-05_s0,l7,32,0.0005,0.26491384823685105,0.646384596824646,0.9835706300022953,0.7686269915651358,1.9397414457091842,0.13523065729588724,1.025511384010315,0.9027822613716125
h64_wd1e-05_s0,l7,33,0.0005,0.2893220665662185,0.7008011937141418,0.9801277922154846,0.7555060918462979,2.3229676169336515,0.12771682918083557,1.0405066013336182,0.9408490657806396
h64_wd1e-05_s0,l7,34,0.0005,0.29869462160960486,0.6513654589653015,0.9762036975337436,0.770032802249297,2.124663471928813,0.13483189484524677,1.0544207096099854,0.9783679842948914
h64_wd1e-05_s0,l7,35,0.0005,0.3459688412106555,0.5955743789672852,0.9794318207058929,0.7648781630740394,3.24944208041242,0.19548647667620375,1.069776177406311,0.9985524415969849
h64_wd1e-05_s0,l7,36,0.0005,0.32627389094103937,0.5885041356086731,0.980216639642241,0.7656982193064666,2.5840402987093407,0.16832153196841165,1.0880296230316162,1.0347800254821777
h64_wd1e-05_s0,l7,37,0.0005,0.2955212644908739,0.6051915287971497,0.9852217113495183,0.764058106841612,2.9008856384770323,0.14341776872984408,1.1028164625167847,1.0728155374526978
h64_wd1e-05_s0,l7,38,0.0005,0.2716733456953712,0.6454721689224243,0.9851476718272214,0.767572633552015,2.1172151502287857,0.13149972366610574,1.1158212423324585,1.1185442209243774
h64_wd1e-05_s0,l7,39,0.0005,0.26129198851792707,0.7517417073249817,0.982245322553179,0.7569119025304593,2.2370963784869584,0.11050429456363922,1.1282662153244019,1.1607117652893066
h64_wd1e-05_s0,l7,40,0.0005,0.27346948890582373,0.6752423048019409,0.989997260537675,0.7653467666354264,2.9154052220456776,0.13982455951239658,1.139508605003357,1.185995101928711
h64_wd1e-05_s0,l8,1,0.0005,0.7017099342562936,0.6854830980300903,0.6882185914443979,0.6023529411764706,0.6281093201406572,0.26171214552396216,0.20758327841758728,0.02527298964560032
h64_wd1e-05_s0,l8,2,0.0005,0.683838735927235,0.6782515645027161,0.7667380409315894,0.6537461300309597,0.5068318897746933,0.23957760615789578,0.24659916758537292,0.032968465238809586
h64_wd1e-05_s0,l8,3,0.0005,0.6626769575205717,0.6697567701339722,0.7652252168381201,0.6544891640866872,0.5151683064411496,0.23059882144473143,0.2812730073928833,0.034375812858343124
h64_wd1e-05_s0,l8,4,0.0005,0.6557226560332559,0.6615363359451294,0.7755201787459852,0.6606811145510836,0.7126236773772795,0.28826180837386955,0.31823766231536865,0.056803084909915924
h64_wd1e-05_s0,l8,5,0.0005,0.6284369257363406,0.657620906829834,0.7946748591909883,0.6778947368421052,0.6727037286905895,0.2738083793014366,0.3565142750740051,0.0878542959690094
h64_wd1e-05_s0,l8,6,0.0005,0.6327507414601066,0.6610952019691467,0.8031932225480614,0.6809907120743033,0.9024906631565563,0.3046947779681774,0.39529934525489807,0.1123487576842308
h64_wd1e-05_s0,l8,7,0.0005,0.6122961017218503,0.6463944911956787,0.8150087666216699,0.6827244582043343,0.9886958953910677,0.288330725466429,0.42865076661109924,0.13555747270584106
h64_wd1e-05_s0,l8,8,0.0005,0.6027108078653162,0.6484766602516174,0.825652841781874,0.6871826625386996,1.0369508892708332,0.3267151790712665,0.458915650844574,0.15604326128959656
h64_wd1e-05_s0,l8,9,0.0005,0.5671744671734896,0.6386591196060181,0.8405250663315179,0.6879256965944273,0.8150871303950328,0.2154600584822829,0.48677897453308105,0.19150646030902863
h64_wd1e-05_s0,l8,10,0.0005,0.5788681480017576,0.6798804998397827,0.830043910689072,0.6787616099071208,1.3477310742846167,0.3479870972793529,0.5142228007316589,0.2269541174173355
h64_wd1e-05_s0,l8,11,0.0005,0.5374076217412949,0.6432286500930786,0.8587642942481652,0.7000619195046439,0.9348764355656456,0.2148457923240138,0.5367201566696167,0.24597951769828796
h64_wd1e-05_s0,l8,12,0.0005,0.5170561170036142,0.6362916231155396,0.8701453862744185,0.7043962848297213,1.12900437128477,0.2330114805118713,0.5604864954948425,0.28680485486984253
h64_wd1e-05_s0,l8,13,0.0005,0.5295806188475002,0.6637500524520874,0.8804403481822837,0.7086068111455108,1.2701829217023675,0.20895102767355986,0.5835395455360413,0.3152237832546234
h64_wd1e-05_s0,l8,14,0.0005,0.5005442351102829,0.6320900321006775,0.886576983351177,0.7150464396284829,1.188674786077685,0.2276754296670056,0.6060386896133423,0.3520664572715759
h64_wd1e-05_s0,l8,15,0.0005,0.4915005320852453,0.642561674118042,0.8976477524864621,0.7173993808049536,1.5496206283549758,0.22339359945160756,0.6264922618865967,0.37912994623184204
h64_wd1e-05_s0,l8,16,0.0005,0.4966641231016679,0.6480849385261536,0.90743068162423,0.7164086687306501,1.7473442577103813,0.21883694632567074,0.6438316106796265,0.40765246748924255
h64_wd1e-05_s0,l8,17,0.0005,0.44126664914868097,0.6542990803718567,0.913365606913994,0.7187616099071207,1.2315650337147952,0.17812655658805088,0.6615586876869202,0.44284161925315857
h64_wd1e-05_s0,l8,18,0.0005,0.4425406510179693,0.6277307868003845,0.9228149389439713,0.7196284829721362,1.673091923667341,0.2255906019570178,0.679892897605896,0.48120564222335815
h64_wd1e-05_s0,l8,19,0.0005,0.439685347405347,0.6695937514305115,0.9242424242424241,0.7156656346749226,1.6497408662168167,0.19846797397722515,0.6975597143173218,0.5089519023895264
h64_wd1e-05_s0,l8,20,0.0005,0.4403364211320877,0.6529257297515869,0.9267870719483623,0.72,1.9157955269495124,0.21710622297706753,0.7142901420593262,0.5299051403999329
h64_wd1e-05_s0,l8,21,0.0005,0.42044948718764563,0.6594855189323425,0.9315039798910767,0.7169040247678019,1.7799792624633597,0.21706570573019157,0.7330389022827148,0.5736832022666931
h64_wd1e-05_s0,l8,22,0.0005,0.42178444970737805,0.7526174187660217,0.9284240251982188,0.7207430340557275,1.665897475932897,0.21187687469793434,0.7486879229545593,0.6040613055229187
h64_wd1e-05_s0,l8,23,0.0005,0.4256656088612296,0.6662361025810242,0.9414963769802479,0.7151702786377709,2.111691690853105,0.2076789176131073,0.7668192982673645,0.6328364014625549
h64_wd1e-05_s0,l8,24,0.0005,0.4067467979409478,0.6504595279693604,0.945771074803333,0.7211145510835913,2.124489508394256,0.1903708457289922,0.7833684086799622,0.6627061367034912
h64_wd1e-05_s0,l8,25,0.0005,0.38404733484441583,0.7200071811676025,0.9472451085354311,0.720123839009288,1.9864736653402673,0.16799045045366642,0.7996785640716553,0.6972578167915344
h64_wd1e-05_s0,l8,26,0.0005,0.36875065619295294,0.7056996822357178,0.9537541311734861,0.7224767801857586,1.9656694175645504,0.17291380302994658,0.8141629695892334,0.7311018109321594
h64_wd1e-05_s0,l8,27,0.0005,0.3574990454045209,0.6752267479896545,0.9593166689940883,0.7242105263157895,2.136463139190697,0.1678767868713067,0.8273026347160339,0.7650545239448547
h64_wd1e-05_s0,l8,28,0.0005,0.39540503919124603,0.6539525985717773,0.965965336933079,0.7207430340557275,2.8954924633140937,0.2073890058423239,0.8427518010139465,0.7890892624855042
h64_wd1e-05_s0,l8,29,0.0005,0.3733393739570271,0.6552006006240845,0.9630172694688823,0.7187616099071209,2.469896868604718,0.16870351628408706,0.8570410013198853,0.8184362649917603
h64_wd1e-05_s0,l8,30,0.0005,0.33801983296871185,0.702142596244812,0.9658256916321433,0.7222291021671826,1.836843391482033,0.152501114598425,0.8707988262176514,0.8536666035652161
h64_wd1e-05_s0,l8,31,0.0005,0.3168454278599132,0.711875319480896,0.9699064376483731,0.7259442724458205,2.0335559266647247,0.13874253638584252,0.8832031488418579,0.9001889824867249
h64_wd1e-05_s0,l8,32,0.0005,0.31064541366967285,0.738136351108551,0.9774783161879936,0.7164086687306501,2.343635277588653,0.13137281185760996,0.8943430185317993,0.9371317625045776
h64_wd1e-05_s0,l8,33,0.0005,0.3182280747727914,0.7107231020927429,0.9729243277630375,0.7207430340557276,2.7410758736425254,0.15998618210318635,0.9070358276367188,0.9724902510643005
h64_wd1e-05_s0,l8,34,0.0005,0.3734549263661558,0.7181708216667175,0.9658256916321433,0.7221052631578947,3.415666291070892,0.19409145861738414,0.9213791489601135,0.9783483743667603
h64_wd1e-05_s0,l8,35,0.0005,0.3587021861564029,0.7727862596511841,0.9725519402938758,0.7202476780185758,2.8369501822921253,0.16486665751695032,0.9352965354919434,0.9980572462081909
h64_wd1e-05_s0,l8,36,0.0005,0.3363664278929884,0.6870102286338806,0.9687737590963398,0.7243343653250774,3.087476368922607,0.18152772405095954,0.9463720917701721,1.0108826160430908
h64_wd1e-05_s0,l8,37,0.0005,0.3271220231598074,0.7403855323791504,0.9759654920945243,0.721857585139319,2.381723162051093,0.16268335391183358,0.9585705399513245,1.041198968887329
h64_wd1e-05_s0,l8,38,0.0005,0.28856171803040936,0.7770869135856628,0.9819469658179336,0.7219814241486068,2.173212163346434,0.12727377736616025,0.9699879288673401,1.0799392461776733
h64_wd1e-05_s0,l8,39,0.0005,0.2639246941967444,0.7725462317466736,0.9818461108783689,0.7221052631578948,2.489255077255145,0.1257037358587877,0.9813181757926941,1.1202061176300049
h64_wd1e-05_s0,l8,40,0.0005,0.2863689945502715,0.8132956027984619,0.9875405359276328,0.7146749226006192,3.2121802499400713,0.14464896813735262,0.9927311539649963,1.1470495462417603
h64_wd1e-05_s0,l8,41,0.0005,0.2711470133878968,0.8385426998138428,0.988595633756924,0.7159133126934984,2.99269742352548,0.1376264080194428,1.0046027898788452,1.175843358039856
h64_wd1e-05_s0,l8,42,0.0005,0.29264389554207976,0.7524657249450684,0.9913342332697173,0.7103405572755418,3.2080923914361463,0.1547697316928877,1.0177128314971924,1.182232141494751
h64_wd1e-05_s0,l8,43,0.0005,0.24230519275773654,0.8267992734909058,0.9899377802603609,0.7152941176470587,2.213980202288985,0.0997599173091877,1.02721107006073,1.2125864028930664
h64_wd1e-05_s0,l8,44,0.0005,0.23390821299769662,0.8300504684448242,0.9928780896522832,0.7093498452012383,2.9578862923570757,0.11433441248482325,1.0360603332519531,1.2458006143569946
h64_wd1e-05_s0,l8,45,0.0005,0.22580040720376102,0.8709981441497803,0.9923893310990085,0.7109597523219814,2.0771530232184263,0.10709094317522477,1.0446906089782715,1.2856372594833374
h64_wd1e-05_s0,l8,46,0.0005,0.21883347461169417,0.9690280556678772,0.9887740694192306,0.7119504643962848,2.5616563970136337,0.1029996537199671,1.0521485805511475,1.3167901039123535
h64_wd1e-05_s0,l8,47,0.0005,0.21593186157670888,1.0669195652008057,0.9839407903924033,0.7175232198142415,3.34938608557847,0.11693385486747519,1.0609561204910278,1.342602252960205
h64_wd1e-05_s0,l8,48,0.0005,0.23692131177945572,1.003143072128296,0.9863845831587766,0.7159133126934984,2.6805382556656503,0.11138498064804304,1.069415807723999,1.3648720979690552
h64_wd1e-05_s0,l8,49,0.0005,0.20493973791599274,1.0293323993682861,0.9908144424273456,0.7164086687306502,2.8388168796267146,0.09190042709641366,1.077675700187683,1.394752860069275
h64_wd1e-05_s0,l8,50,0.0005,0.23064786263487555,0.9859786033630371,0.9924436376049279,0.7108359133126935,3.323442763550154,0.11547517088835403,1.085860013961792,1.42360258102417
h64_wd1e-05_s0,l8,51,0.0005,0.22503491762009534,0.9332730770111084,0.9934832192896709,0.7073684210526316,3.3489490591953186,0.107668260056602,1.0938740968704224,1.449783205986023
h64_wd1e-05_s0,l9,1,0.0005,0.6956971106321915,0.6795868873596191,0.7330131208997188,0.6644798500468603,0.6573313740255916,0.2519837978460072,0.21498548984527588,0.019485030323266983
h64_wd1e-05_s0,l9,2,0.0005,0.6768684827763102,0.6707943677902222,0.7589620431115275,0.6848641049671977,0.5557913468452252,0.24535463720316444,0.2582528293132782,0.02011561207473278
h64_wd1e-05_s0,l9,3,0.0005,0.6629600965458414,0.668279767036438,0.7433443650421745,0.6744376757263355,0.5810657714386513,0.25758721416945113,0.29235905408859253,0.023118410259485245
h64_wd1e-05_s0,l9,4,0.0005,0.6408664739650228,0.646568238735199,0.7795732778819119,0.6952905342080599,0.560183341989937,0.23868349468350922,0.33373427391052246,0.04779307171702385
h64_wd1e-05_s0,l9,5,0.0005,0.6409629687019016,0.6426893472671509,0.7899411316776008,0.702788191190253,0.782232282592262,0.26865985737733783,0.37445753812789917,0.06593954563140869
h64_wd1e-05_s0,l9,6,0.0005,0.6140881206678308,0.6553485989570618,0.8102082357075914,0.7025538894095594,0.8313219827036502,0.2981191527790138,0.4142320454120636,0.09558948874473572
h64_wd1e-05_s0,l9,7,0.0005,0.596868608308875,0.6224344372749329,0.8229044634489222,0.7127460168697283,0.9154668997305637,0.2931955590224318,0.4542301595211029,0.13040030002593994
h64_wd1e-05_s0,l9,8,0.0005,0.5853693951731143,0.6248229742050171,0.8366404053420806,0.717900656044986,0.9450193310688801,0.28098050454586054,0.48726344108581543,0.15763422846794128
h64_wd1e-05_s0,l9,9,0.0005,0.5684579144353452,0.6411599516868591,0.8458660379568885,0.7164948453608248,1.2550849120595964,0.32955840443941986,0.5235438346862793,0.18973778188228607
h64_wd1e-05_s0,l9,10,0.0005,0.531335764605066,0.6318416595458984,0.8610883317713215,0.7193064667291471,1.04962185777528,0.2538120688848166,0.55533367395401,0.22858481109142303
h64_wd1e-05_s0,l9,11,0.0005,0.5223726176697275,0.6181389689445496,0.8742970946579194,0.7264526710402998,1.1901927377852781,0.2383954206582342,0.5830441117286682,0.2654414772987366
h64_wd1e-05_s0,l9,12,0.0005,0.5083362330561099,0.6313772797584534,0.8818606490159325,0.7287956888472352,1.2366217327149887,0.2111882902337563,0.60922771692276,0.2996588945388794
h64_wd1e-05_s0,l9,13,0.0005,0.4902291777341262,0.6200131177902222,0.8949522610121838,0.7338331771321461,1.2495259637060414,0.21218373069387528,0.6356402039527893,0.3387223780155182
h64_wd1e-05_s0,l9,14,0.0005,0.48329865543738654,0.6215768456459045,0.901102682755389,0.7227038425492034,1.527731702773048,0.251048027797651,0.6610210537910461,0.37626081705093384
h64_wd1e-05_s0,l9,15,0.0005,0.4630999435549197,0.6184882521629333,0.9128104498594188,0.7341846298031866,1.6315126068396186,0.2254680348922803,0.6851291656494141,0.41241246461868286
h64_wd1e-05_s0,l9,16,0.0005,0.43906529182973114,0.6264678239822388,0.9120782567947516,0.7310215557638238,1.450386421614459,0.2436160272877053,0.7062802910804749,0.4473557472229004
h64_wd1e-05_s0,l9,17,0.0005,0.4451358085093291,0.6566845774650574,0.9208938612933458,0.7251640112464856,1.5130879529430796,0.19924986335008674,0.7280189394950867,0.4803656339645386
h64_wd1e-05_s0,l9,18,0.0005,0.44147323136744293,0.6272730231285095,0.9358159559512653,0.7364104967197751,1.4498222923012818,0.17949428643421605,0.7482978105545044,0.5138390064239502
h64_wd1e-05_s0,l9,19,0.0005,0.44958328293717426,0.6270591616630554,0.9355377225866917,0.7372305529522023,1.9277718532067047,0.2020402984694188,0.7699790000915527,0.5454567670822144
h64_wd1e-05_s0,l9,20,0.0005,0.38766088239524676,0.6406379342079163,0.9457078842549201,0.7353561387066543,1.6493389933928329,0.17171278452669578,0.7892538905143738,0.5823224782943726
h64_wd1e-05_s0,l9,21,0.0005,0.3799100557099218,0.6492398381233215,0.9542672211808809,0.7348875351452671,1.5828135966983439,0.16942094456706447,0.8073071241378784,0.6229110360145569
h64_wd1e-05_s0,l9,22,0.0005,0.37390040703441785,0.6662508845329285,0.9540109536082474,0.7398078725398313,1.9298601726856643,0.18008607220455264,0.8259174823760986,0.666135847568512
h64_wd1e-05_s0,l9,23,0.0005,0.35961312897827313,0.671515941619873,0.9609741096532333,0.7376991565135895,1.8747523184945658,0.16402348040114398,0.8423534035682678,0.7042031288146973
h64_wd1e-05_s0,l9,24,0.0005,0.3605278743349988,0.6528608202934265,0.9630974695407685,0.7327788191190253,1.9906686699785936,0.1672498164791772,0.8578059077262878,0.7376775741577148
h64_wd1e-05_s0,l9,25,0.0005,0.34313787390356476,0.689906120300293,0.9673661551077789,0.7307872539831303,1.8476915239573304,0.14093253062382452,0.8736636638641357,0.7693687081336975
h64_wd1e-05_s0,l9,26,0.0005,0.34741174138110614,0.7313569188117981,0.9559366213683225,0.736410496719775,2.2801184385035014,0.15739736092209194,0.8896019458770752,0.803705632686615
h64_wd1e-05_s0,l9,27,0.0005,0.3217660020227018,0.7155137062072754,0.9705219072164949,0.7261012183692597,2.2959491373837118,0.1405614811430303,0.9038776755332947,0.8272608518600464
h64_wd1e-05_s0,l9,28,0.0005,0.30878618359565735,0.6742885112762451,0.9742853795688847,0.7415651358950328,1.8205508028252517,0.12959649396425202,0.9186086654663086,0.8597193956375122
h64_wd1e-05_s0,l9,29,0.0005,0.28588830452898273,0.8037784695625305,0.9797475398313027,0.7327788191190253,2.1898257094813225,0.1415647842204687,0.932500958442688,0.9008867740631104
h64_wd1e-05_s0,l9,30,0.0005,0.34143993064113287,0.6801813244819641,0.9725281162136832,0.7391049671977507,2.897145167482132,0.17605856528867542,0.9486924409866333,0.9225212931632996
h64_wd1e-05_s0,l9,31,0.0005,0.2902139055988063,0.7066220641136169,0.9814389058106842,0.7345360824742269,2.2252071021048807,0.13775855298119313,0.9632768034934998,0.9598097205162048
h64_wd1e-05_s0,l9,32,0.0005,0.3094061464071274,0.681952953338623,0.9827422094657919,0.7088800374882849,2.5884916775069455,0.14563757517396608,0.975867509841919,0.9852727055549622
h64_wd1e-05_s0,l9,33,0.0005,0.32535734060017957,0.7042076587677002,0.9865422914714153,0.7234067478912839,2.4032030579546726,0.12720215038758853,0.9891070127487183,1.007887363433838
h64_wd1e-05_s0,l9,34,0.0005,0.2861566932305046,0.7076129913330078,0.988541178537957,0.7260426429240863,2.361310998781527,0.14824422774217674,1.0034297704696655,1.0473021268844604
h64_wd1e-05_s0,l9,35,0.0005,0.30978917557260266,0.9038583040237427,0.9897492970946579,0.7208294283036552,2.796598794672641,0.1340063697355826,1.0160605907440186,1.0768870115280151
h64_wd1e-05_s0,l9,36,0.0005,0.28197994245135266,0.8010113835334778,0.9901300374882849,0.7297328959700095,2.346574539945744,0.11390195063918482,1.0273714065551758,1.0991029739379883
h64_wd1e-05_s0,l9,37,0.0005,0.24400334286948908,0.8092726469039917,0.9849827202436738,0.7283270852858482,2.442906957127059,0.13020936215637074,1.03950834274292,1.1333235502243042
h64_wd1e-05_s0,l9,38,0.0005,0.2983128933802895,0.8436166048049927,0.9793301897844423,0.7313730084348641,3.5406165165096692,0.1720520600182256,1.0515642166137695,1.1624889373779297
h64_wd1e-05_s0,l9,39,0.0005,0.2967468895342039,0.7431734800338745,0.9881238284910966,0.7195407685098407,3.107908803199464,0.1529835926453925,1.0636931657791138,1.1798802614212036
h64_wd1e-05_s0,l9,40,0.0005,0.2827715109223905,0.7462130784988403,0.9907450796626054,0.7210637300843488,2.9450705964271373,0.11957419952194166,1.0762274265289307,1.204619288444519
h64_wd1e-05_s0,l9,41,0.0005,0.26352778919365094,0.7681876420974731,0.987662546860356,0.7100515463917525,2.76302046990576,0.11146086819173254,1.0854439735412598,1.2319374084472656
h64_wd1e-05_s0,l9,42,0.0005,0.23742113100445789,0.829994797706604,0.9904229147141518,0.7245782567947516,2.675757172092075,0.10880252143849799,1.0952038764953613,1.2679919004440308
h64_wd1e-05_s0,l9,43,0.0005,0.2282817950067313,0.8745903372764587,0.9899103795688847,0.7225866916588566,2.95878952140078,0.11414189012252723,1.1050926446914673,1.3021725416183472
h64_wd1e-05_s0,l9,44,0.0005,0.23096528228210367,0.8811514973640442,0.9940985238987816,0.7198922211808808,2.808369739372067,0.12346848807187044,1.1147651672363281,1.337935209274292
h64_wd1e-05_s0,l9,45,0.0005,0.2004760578274727,0.9035384654998779,0.9888047680412371,0.7317244611059045,2.704887128036991,0.09681399154273167,1.1243884563446045,1.3753737211227417
h64_wd1e-05_s0,l9,46,0.0005,0.2425350423740304,0.8886514902114868,0.994493908153702,0.7375820056232428,3.012187369732169,0.12121590758374629,1.1336942911148071,1.4095696210861206
h64_wd1e-05_s0,l9,47,0.0005,0.2215399074813594,0.9211122989654541,0.9951016283973758,0.7343017806935332,2.728369209223434,0.09053834380681022,1.1422137022018433,1.4422271251678467
h64_wd1e-05_s0,l9,48,0.0005,0.20120896690565607,0.9032059907913208,0.9958923969072164,0.7330131208997187,3.0068437933364325,0.08734408273317193,1.1502751111984253,1.4668138027191162
h64_wd1e-05_s0,l10,1,0.0005,0.6986157142597696,0.6855382323265076,0.6646784098848968,0.6302668539325843,0.5338528315304266,0.22711858300274637,0.20968790352344513,0.0237110648304224
h64_wd1e-05_s0,l10,2,0.0005,0.6859604871791342,0.6830360889434814,0.7409406832640754,0.6520365168539326,0.5031440142654063,0.2723201917855084,0.2498600333929062,0.028856154531240463
h64_wd1e-05_s0,l10,3,0.0005,0.6679373824078104,0.6930200457572937,0.7015481925495531,0.568937265917603,0.4207495357765372,0.19447135622172615,0.27916082739830017,0.02935047075152397
h64_wd1e-05_s0,l10,4,0.0005,0.6556303967600283,0.6716302633285522,0.7505681609237671,0.6207865168539325,0.5457656989043287,0.22969584954320657,0.3134657144546509,0.04524071142077446
h64_wd1e-05_s0,l10,5,0.0005,0.6411845735881639,0.6632950901985168,0.7638951200676644,0.6345973782771536,0.5862294613660075,0.2666620758879117,0.3496677577495575,0.07283645868301392
h64_wd1e-05_s0,l10,6,0.0005,0.6286982271982275,0.656487762928009,0.7914242635972493,0.6650280898876405,0.9498830460797698,0.38676313880006263,0.3794659376144409,0.09558054804801941
h64_wd1e-05_s0,l10,7,0.0005,0.6144737860430842,0.6418416500091553,0.804096642518295,0.6786048689138577,0.8094305835108833,0.2712308709433678,0.40809521079063416,0.11758127063512802
h64_wd1e-05_s0,l10,8,0.0005,0.6032169344632522,0.6366055607795715,0.8182179237303718,0.6824672284644194,0.8688205628359945,0.25485106349407116,0.44001051783561707,0.1453411877155304
h64_wd1e-05_s0,l10,9,0.0005,0.5774265605470409,0.6280733346939087,0.8366638473136468,0.6973314606741573,0.8610174819409259,0.2196241469665594,0.47027504444122314,0.17949937283992767
h64_wd1e-05_s0,l10,10,0.0005,0.5601160422615383,0.6212994456291199,0.8542639649909903,0.7106741573033708,0.9882848493904298,0.24291675299945628,0.5007615685462952,0.22137586772441864
h64_wd1e-05_s0,l10,11,0.0005,0.567800232897634,0.6347694396972656,0.8636707976317434,0.7077481273408239,1.3270381600171006,0.28170977185196494,0.5301660895347595,0.24739505350589752
h64_wd1e-05_s0,l10,12,0.0005,0.5279261754906696,0.6245412230491638,0.8681498915161989,0.706811797752809,1.1587350960913676,0.24958141815689397,0.5569978356361389,0.27645325660705566
h64_wd1e-05_s0,l10,13,0.0005,0.5269346276055211,0.6095414161682129,0.8874931048431582,0.7318586142322098,1.1234441704721498,0.21238670081407235,0.57991623878479,0.30935561656951904
h64_wd1e-05_s0,l10,14,0.0005,0.5223698214344357,0.6292369961738586,0.8862354282352076,0.7203885767790262,1.678914240604366,0.26288196159161903,0.6035122871398926,0.3476318120956421
h64_wd1e-05_s0,l10,15,0.0005,0.5220178171344425,0.6270281076431274,0.8937300040451586,0.7193352059925093,1.4739688315966915,0.22744898814496792,0.6274319887161255,0.37111422419548035
h64_wd1e-05_s0,l10,16,0.0005,0.5009137625279634,0.6063521504402161,0.9080351561063509,0.7388810861423221,1.5108835702766596,0.25603057910138777,0.6487926244735718,0.3959733247756958
h64_wd1e-05_s0,l10,17,0.0005,0.472551826549613,0.6573453545570374,0.9026367079763176,0.7254213483146067,1.4720971246258707,0.2000465906887246,0.6683344841003418,0.43157246708869934
h64_wd1e-05_s0,l10,18,0.0005,0.45322446719459863,0.6114380955696106,0.9197734711138897,0.7367743445692884,1.4824344623811105,0.18230966471846,0.6868635416030884,0.4648688733577728
h64_wd1e-05_s0,l10,19,0.0005,0.4320255608662315,0.6619195938110352,0.9179788916265215,0.7261235955056181,1.899923786618839,0.21160210065461965,0.7034159898757935,0.5007129311561584
h64_wd1e-05_s0,l10,20,0.0005,0.45022975750591443,0.630338191986084,0.9294083036075461,0.738998127340824,1.7332229616209787,0.1737134803073335,0.7199549674987793,0.5269554853439331
h64_wd1e-05_s0,l10,21,0.0005,0.4227483674235966,0.6347188353538513,0.9315559151252161,0.742626404494382,1.8878693017640502,0.21863767972114495,0.737861156463623,0.5545450448989868
h64_wd1e-05_s0,l10,22,0.0005,0.4178597901178443,0.6708900332450867,0.9346523002243224,0.7391151685393258,1.988347962219961,0.18850964855363167,0.7540891766548157,0.5864193439483643
h64_wd1e-05_s0,l10,23,0.0005,0.39869264804798626,0.676478385925293,0.9384032655462803,0.7391151685393259,1.7777308297705554,0.160409998723921,0.7679612636566162,0.6242072582244873
h64_wd1e-05_s0,l10,24,0.0005,0.37334145929502405,0.6747428178787231,0.9481410657154413,0.7490636704119852,1.8539071978575363,0.16437149720105504,0.7807694673538208,0.6626822352409363
h64_wd1e-05_s0,l10,25,0.0005,0.3653886668060137,0.6803851127624512,0.9539734490493877,0.7462546816479401,1.669216015572194,0.15409128857447643,0.7937445044517517,0.7069747447967529
h64_wd1e-05_s0,l10,26,0.0005,0.3632697398247926,0.6919417977333069,0.9614606700253742,0.7470739700374531,1.850479108315016,0.13650316703511814,0.8069531917572021,0.7494707107543945
h64_wd1e-05_s0,l10,27,0.0005,0.3479665809351465,0.6586821675300598,0.9600558967381311,0.7421582397003745,2.549181245702016,0.17707497061916713,0.8205851316452026,0.7899054288864136
h64_wd1e-05_s0,l10,28,0.0005,0.3719649859096693,0.6247105598449707,0.9605633802816901,0.7519897003745318,2.6377368045565,0.17687028807431707,0.8338887691497803,0.8156871199607849
h64_wd1e-05_s0,l10,29,0.0005,0.3552084655865379,0.6599465608596802,0.9655426028757401,0.7398174157303371,2.3654059667105867,0.15984320532883697,0.8480733633041382,0.8474479913711548
h64_wd1e-05_s0,l10,30,0.0005,0.3446263612612434,0.6670964360237122,0.9714485345493326,0.7460205992509364,2.2887600446092735,0.15186741904351891,0.8602870106697083,0.88108229637146
h64_wd1e-05_s0,l10,31,0.0005,0.3476767695468405,0.7119231224060059,0.9707718898245873,0.7433286516853933,2.793923549089492,0.1693739829597889,0.8735516667366028,0.9120983481407166
h64_wd1e-05_s0,l10,32,0.0005,0.3737557044495707,0.6906918287277222,0.9652998933549075,0.744499063670412,2.7136134800633047,0.15359583993203565,0.8853030800819397,0.936755359172821
h64_wd1e-05_s0,l10,33,0.0005,0.34329687901165173,0.6605297923088074,0.9757878865884602,0.7484784644194757,2.382092175622618,0.1524202514387908,0.8962535262107849,0.9635065197944641
h64_wd1e-05_s0,l10,34,0.0005,0.36624998178171075,0.6476004719734192,0.9544735777589821,0.7382958801498127,2.7265490870708136,0.1611211269765144,0.9074599742889404,0.9832849502563477
h64_wd1e-05_s0,l10,35,0.0005,0.37710615862970764,0.6648277640342712,0.9712867282021108,0.7466058052434457,2.340446609496857,0.12658680224803626,0.9188463091850281,1.0158138275146484
h64_wd1e-05_s0,l10,36,0.0005,0.3131865988606992,0.7697011828422546,0.9706615673151178,0.7544475655430711,2.1295905257727146,0.11979423894777827,0.9286649227142334,1.0573409795761108
h64_wd1e-05_s0,l10,37,0.0005,0.30219884799874347,0.7526918053627014,0.9736182105688964,0.7529260299625469,2.174097524003596,0.10787292465561667,0.9380372166633606,1.097044825553894
h64_wd1e-05_s0,l10,38,0.0005,0.32528642662193463,0.7243574261665344,0.9743389842974295,0.753628277153558,2.7411670270962856,0.13386496181572982,0.9465579390525818,1.120194673538208
h64_wd1e-05_s0,l10,39,0.0005,0.33938050334868225,0.7421064972877502,0.9718015665796345,0.721558988764045,3.4774088382184236,0.17737974835095216,0.9562163352966309,1.141965627670288
h64_wd1e-05_s0,l10,40,0.0005,0.35793571692446,0.7949999570846558,0.9823483984849042,0.7475421348314607,2.4923857065955266,0.1158268993848086,0.9668947458267212,1.1618516445159912
h64_wd1e-05_s0,l10,41,0.0005,0.3449803027121917,0.6303851008415222,0.9740080167690215,0.7308637640449438,2.8521769685257907,0.13011493575630767,0.9775212407112122,1.1878539323806763
h64_wd1e-05_s0,l10,42,0.0005,0.3938297169364017,0.7490830421447754,0.9797006582576399,0.7515215355805244,3.5692985396492043,0.17506554631754312,0.987324059009552,1.1971567869186401
h64_wd1e-05_s0,l10,43,0.0005,0.35539190406384674,0.6882776618003845,0.9828522046114809,0.7411048689138577,3.0830407369793753,0.14270414316072563,0.9961143136024475,1.2013442516326904
h64_wd1e-05_s0,l10,44,0.0005,0.29344721332840296,0.7884488701820374,0.9806788511749347,0.7549157303370787,2.6468792437837703,0.11775647433735406,1.0039902925491333,1.2273001670837402
h64_wd1e-05_s0,l10,45,0.0005,0.27002160056777624,0.7444722056388855,0.98340749457581,0.7499999999999999,2.5873939398601378,0.10062180905255536,1.0109686851501465,1.2541447877883911
h64_wd1e-05_s0,l10,46,0.0005,0.25458030726598657,0.8095076084136963,0.9874673629242819,0.7467228464419476,2.6224013515935822,0.10260743876925582,1.0168896913528442,1.27971613407135
h64_wd1e-05_s0,l10,47,0.0005,0.3157196783501169,0.6553295850753784,0.9699886000073548,0.7230805243445694,3.7039409050456507,0.16459779358186707,1.0246206521987915,1.2899658679962158
h64_wd1e-05_s0,l10,48,0.0005,0.3382328735745471,0.6938433647155762,0.9817747214356637,0.7474250936329588,3.0618076762974895,0.11201796173453325,1.0335639715194702,1.3067710399627686
h64_wd1e-05_s0,l10,49,0.0005,0.2822951862345571,0.6990150809288025,0.9896554260287574,0.7418071161048688,2.576468001470945,0.08984763100685846,1.0400785207748413,1.3349863290786743
h64_wd1e-05_s0,l10,50,0.0005,0.27086472252140875,0.7930698990821838,0.99062994152907,0.7447331460674157,2.5921633462010716,0.09225620915148497,1.0462541580200195,1.3686867952346802
h64_wd1e-05_s0,l10,51,0.0005,0.22749033311138983,0.8405274152755737,0.9896958776155628,0.7457865168539326,2.466168888915328,0.08734518749577702,1.0520544052124023,1.4002954959869385
h64_wd1e-05_s0,l10,52,0.0005,0.23399834043305853,0.9023512005805969,0.9938035523848049,0.7437968164794008,2.589007842240953,0.07919482083197617,1.0570201873779297,1.4251201152801514
h64_wd1e-05_s0,l10,53,0.0005,0.21580451888882596,0.8773788213729858,0.991468392601037,0.7437968164794008,2.3668615347068296,0.07969834770742269,1.06331205368042,1.4570797681808472
h64_wd1e-05_s0,l10,54,0.0005,0.22722215496975443,0.8221017122268677,0.9890118780568529,0.7422752808988764,3.170045079485204,0.10117702367694811,1.0696195363998413,1.4904507398605347
h64_wd1e-05_s0,l10,55,0.0005,0.2359537987605385,0.8254220485687256,0.9867612988636782,0.7477762172284644,2.9493490976716963,0.08878708178635414,1.0757272243499756,1.512453556060791
h64_wd1e-05_s0,l10,56,0.0005,0.23768722946229187,0.7666019201278687,0.9922516824182694,0.7278792134831462,2.7780511930659046,0.08972661768481605,1.0809872150421143,1.536771535873413
h64_wd1e-05_s0,l10,57,0.0005,0.23598318968130194,0.8054136633872986,0.9893869745890487,0.7357209737827716,3.1906970876981733,0.0831303541174337,1.0875399112701416,1.565578818321228
h64_wd1e-05_s0,l10,58,0.0005,0.25121678088022315,0.8787882924079895,0.9933659397639099,0.7386470037453184,2.916144436904642,0.09485053854974546,1.093706727027893,1.5976622104644775
h64_wd1e-05_s0,l10,59,0.0005,0.23293997736080832,0.8542065024375916,0.9940058103188322,0.7387640449438201,2.713520543575639,0.0824557438331666,1.1007622480392456,1.6284699440002441
h64_wd1e-05_s0,l10,60,0.0005,0.22539443619873212,0.8656560182571411,0.9936307137866363,0.7360720973782772,3.2358163121903307,0.08413843827661525,1.1069594621658325,1.6571277379989624
h64_wd1e-05_s0,l10,61,0.0005,0.3204184964947078,0.8150153756141663,0.9841650424741661,0.7607677902621723,4.067317928390116,0.12404847365060735,1.1150709390640259,1.679389238357544
h64_wd1e-05_s0,l10,62,0.0005,0.2633356600999832,0.8564631342887878,0.9930423270694665,0.7422752808988764,2.823001177362978,0.0926219384204952,1.1221626996994019,1.6983463764190674
h64_wd1e-05_s0,l10,63,0.0005,0.2589240359223407,0.8966750502586365,0.9917405214577282,0.7346676029962547,3.4089823785861295,0.0836306382518401,1.1282416582107544,1.7115663290023804
h64_wd1e-05_s0,l10,64,0.0005,0.25964196350263513,0.9242293238639832,0.9934247784356268,0.7360720973782772,3.3891897796511894,0.08631440808262682,1.1336537599563599,1.7248119115829468
h64_wd1e-05_s0,l10,65,0.0005,0.23776826359655545,0.682561993598938,0.980741367263634,0.7542134831460674,3.5499075113911864,0.09330217270375243,1.1395580768585205,1.7428295612335205
h64_wd1e-05_s0,l10,66,0.0005,0.2776890235102695,0.894080638885498,0.9926819402051998,0.7277621722846442,3.037966122267385,0.09872860069912928,1.1460440158843994,1.7731704711914062
h64_wd1e-05_s0,l10,67,0.0005,0.23409808491883072,0.9088727831840515,0.9950134225719853,0.7405196629213483,2.681847213986613,0.07018843809355707,1.1503257751464844,1.7984436750411987
h64_wd1e-05_s0,l10,68,0.0005,0.21383874830992325,0.9702062010765076,0.9958003898062001,0.7254213483146067,3.1208076802331233,0.08528230621350028,1.1557313203811646,1.835364580154419
h64_wd1e-05_s0,l10,69,0.0005,0.24823655252871307,0.8184335827827454,0.9867318795278197,0.7254213483146068,2.9966531585948846,0.07487802256358876,1.1615475416183472,1.8610976934432983
h64_wd1e-05_s0,l10,70,0.0005,0.2407753946988479,1.017083764076233,0.9955135512815798,0.7363061797752809,2.423583068057562,0.07644650788890141,1.1667741537094116,1.888923168182373
h64_wd1e-05_s0,l10,71,0.0005,0.21337248061014258,0.8685312867164612,0.9963446475195823,0.7370084269662921,3.3516990303478864,0.07737018523508078,1.1711968183517456,1.9128414392471313
h64_wd1e-05_s0,l10,72,0.0005,0.20280792175427728,1.0055124759674072,0.9971242599198323,0.7359550561797753,2.9700147774081374,0.0709907842214388,1.1749489307403564,1.9412189722061157
h64_wd1e-05_s0,l10,73,0.0005,0.17938898730537164,0.9789796471595764,0.9966094215423087,0.7381788389513108,3.1314149129567226,0.07638970942337192,1.1794819831848145,1.9727532863616943
h64_wd1e-05_s0,l10,74,0.0005,0.20696393530005994,0.934627115726471,0.993321810760122,0.7428604868913858,3.039674490024978,0.06997570583641491,1.1840566396713257,2.0049045085906982
h64_wd1e-05_s0,l10,75,0.0005,0.29234853646029596,0.8156532049179077,0.9898797484646784,0.7398174157303371,3.2402202087324317,0.08355181190880279,1.19022536277771,2.028521776199341
h64_wd1e-05_s0,l10,76,0.0005,0.26082213352555816,0.7888808250427246,0.9873643952487773,0.7136001872659176,3.3494493740585893,0.07925027837831934,1.19627845287323,2.057861328125
h64_wd1e-05_s0,l10,77,0.0005,0.2508057485456052,0.9036763906478882,0.9866252344353327,0.7444990636704121,3.343484154737573,0.07166450643667586,1.2013317346572876,2.0845205783843994
h64_wd1e-05_s0,l10,78,0.0005,0.262148870398169,0.8803665041923523,0.9943441326812047,0.7345505617977528,4.1925200741616395,0.09663866087935248,1.20615816116333,2.0952794551849365
h64_wd1e-05_s0,l10,79,0.0005,0.23745182124168976,0.8028859496116638,0.994491229360497,0.7413389513108615,3.0145059713523747,0.07437019290733546,1.2110576629638672,2.127838373184204
h64_wd1e-05_s0,l10,80,0.0005,0.23852744763312134,1.0697665214538574,0.9959695509873865,0.7358380149812734,3.458886389359443,0.09800054141851068,1.2154847383499146,2.157940149307251
h64_wd1e-05_s0,l10,81,0.0005,0.19660100956325946,0.959331214427948,0.9965983892913618,0.7308052434456929,3.369118916860373,0.06979163955967814,1.2199513912200928,2.1661911010742188
h64_wd1e-05_s0,l11,1,0.0005,0.699809730052948,0.6781620383262634,0.7459357956713325,0.673132183908046,0.7796846425466374,0.3803311966155748,0.21162743866443634,0.01857011206448078
h64_wd1e-05_s0,l11,2,0.0005,0.67136380889199,0.671327531337738,0.7245842279695064,0.6386494252873562,0.6786269459706011,0.32328746099739086,0.2644794285297394,0.021019143983721733
h64_wd1e-05_s0,l11,3,0.0005,0.6491272639144551,0.6736491322517395,0.7684319989226959,0.6828304597701149,0.683214934134977,0.30146863373757793,0.30418676137924194,0.017146402969956398
h64_wd1e-05_s0,l11,4,0.0005,0.6382450705224817,0.6484522223472595,0.7886015246844771,0.6944444444444444,0.8001684023790765,0.3872615533166282,0.34333911538124084,0.028497036546468735
h64_wd1e-05_s0,l11,5,0.0005,0.6240446973930706,0.6443660855293274,0.7873446699634166,0.6847461685823755,0.7913187218208918,0.3818067444315869,0.392531156539917,0.05744762346148491
h64_wd1e-05_s0,l11,6,0.0005,0.6035815883766521,0.6500806212425232,0.7941975207044372,0.6854645593869733,0.9686879848736805,0.4163635260686386,0.4354889392852783,0.07584859430789948
h64_wd1e-05_s0,l11,7,0.0005,0.5843989225951108,0.62177574634552,0.8229331098924941,0.7089319923371648,1.0213420469170786,0.41021595442685826,0.4712398946285248,0.08293530344963074
h64_wd1e-05_s0,l11,8,0.0005,0.5937903821468353,0.6145097613334656,0.8398108732895928,0.7211446360153256,1.4627452590301822,0.6207490916259132,0.5060331225395203,0.09766220301389694
h64_wd1e-05_s0,l11,9,0.0005,0.5662755383686586,0.6439323425292969,0.8372148697883547,0.7156369731800766,1.046950917672575,0.38514227245855676,0.5368472933769226,0.11002844572067261
h64_wd1e-05_s0,l11,10,0.0005,0.5525115796110847,0.6070160865783691,0.8540103391263363,0.7295258620689654,1.2158454459021408,0.37179590568760895,0.5681799054145813,0.13019385933876038
h64_wd1e-05_s0,l11,11,0.0005,0.5266403230753812,0.5973331928253174,0.8719728878481601,0.7370689655172414,0.9716719824418187,0.29214797563648215,0.5964645147323608,0.15180589258670807
h64_wd1e-05_s0,l11,12,0.0005,0.5277991403232921,0.5945635437965393,0.8791324709913442,0.7462883141762452,1.370090484549677,0.388209515567489,0.6250711679458618,0.173466295003891
h64_wd1e-05_s0,l11,13,0.0005,0.5161884386431087,0.5914778709411621,0.8908855588888807,0.7447318007662835,1.3882546908760627,0.3986918907644539,0.653593897819519,0.18839259445667267
h64_wd1e-05_s0,l11,14,0.0005,0.4910252243280411,0.5930514931678772,0.8988157136765246,0.7532327586206897,1.23470092690867,0.32404100080377396,0.6795710325241089,0.21167665719985962
h64_wd1e-05_s0,l11,15,0.0005,0.4746304222128608,0.6337715983390808,0.9042770466906567,0.7482040229885056,1.2904787062667298,0.29908563264741345,0.7022992372512817,0.2367158830165863
h64_wd1e-05_s0,l11,16,0.0005,0.43728485297073016,0.6197342276573181,0.9098431175982106,0.7546695402298851,1.2806745797915864,0.28542934545215176,0.727340042591095,0.2664273679256439
h64_wd1e-05_s0,l11,17,0.0005,0.45253492485393176,0.6287943720817566,0.9155737766239983,0.7551484674329502,1.6998083924808116,0.36831059093303425,0.7500327825546265,0.28801554441452026
h64_wd1e-05_s0,l11,18,0.0005,0.4187211434949528,0.5807317495346069,0.9289203767571651,0.7678400383141762,1.504126563601792,0.33998104486310204,0.7711910009384155,0.30642446875572205
h64_wd1e-05_s0,l11,19,0.0005,0.4770424149253152,0.6232092976570129,0.9292495529936334,0.7642480842911877,2.0110946811318304,0.37892303875933836,0.7949984669685364,0.31882068514823914
h64_wd1e-05_s0,l11,20,0.0005,0.4195000177079981,0.5952539443969727,0.9323842085181833,0.7641283524904214,1.615622245914573,0.26291344604630684,0.8180654048919678,0.33858975768089294
h64_wd1e-05_s0,l11,21,0.0005,0.4130980982021852,0.5854523777961731,0.9427008910202219,0.764367816091954,1.8525721847291428,0.315035591631948,0.8397148847579956,0.35965651273727417
h64_wd1e-05_s0,l11,22,0.0005,0.42795699022032996,0.6461547017097473,0.9439353019069777,0.7666427203065134,2.059367940891096,0.30397151911314996,0.8599687218666077,0.3814714252948761
h64_wd1e-05_s0,l11,23,0.0005,0.37783746353604575,0.619422435760498,0.9513941361742241,0.7701149425287356,1.4692966220469896,0.21282394382537204,0.8783249855041504,0.40648967027664185
h64_wd1e-05_s0,l11,24,0.0005,0.3796778449958021,0.6214243769645691,0.950212094234179,0.7655651340996168,1.9836675335484701,0.32815810219336305,0.8972980976104736,0.43159735202789307
h64_wd1e-05_s0,l11,25,0.0005,0.36383864283561707,0.6017456650733948,0.9593766599085788,0.7704741379310345,1.5962284309128358,0.2069786759383331,0.9156151413917542,0.45486634969711304
h64_wd1e-05_s0,l11,26,0.0005,0.3534452264959162,0.5859917402267456,0.9625187967112301,0.7684386973180077,1.7737278363036346,0.2046986446129229,0.9328494668006897,0.485324889421463
h64_wd1e-05_s0,l11,27,0.0005,0.32766941392963583,0.6060744524002075,0.9648903618694217,0.7719109195402301,1.412683933949439,0.18530958619927096,0.9495007395744324,0.5181359052658081
h64_wd1e-05_s0,l11,28,0.0005,0.3669207218018445,0.5933699011802673,0.9657581901292016,0.7701149425287357,2.2914276776000744,0.2964569361943135,0.9666617512702942,0.5379247069358826
h64_wd1e-05_s0,l11,29,0.0005,0.3030595061453906,0.6216740608215332,0.9695736419609926,0.7720306513409961,1.7527994641000084,0.21983209906607754,0.982947051525116,0.5657132267951965
h64_wd1e-05_s0,l11,30,0.0005,0.33945091001012107,0.6565539240837097,0.9707407213448346,0.7690373563218391,2.110846268379854,0.21811827897162497,0.9992173314094543,0.5888556241989136
h64_wd1e-05_s0,l11,31,0.0005,0.34247018938714807,0.7345861792564392,0.9779152670442219,0.7634099616858238,2.415751127548665,0.23498032191935067,1.0166503190994263,0.6101961731910706
h64_wd1e-05_s0,l11,32,0.0005,0.3265870437026024,0.7065644264221191,0.9728055541008627,0.7692768199233716,2.2426021114489307,0.23929006886197765,1.032448410987854,0.6312956213951111
h64_wd1e-05_s0,l11,33,0.0005,0.3734798228198832,0.7421923279762268,0.9672544457495119,0.7697557471264368,2.8815632877511588,0.28289403533423474,1.049518346786499,0.6399481892585754
h64_wd1e-05_s0,l11,34,0.0005,0.3813650675795295,0.6062736511230469,0.9817456814322159,0.7655651340996168,2.840491876989352,0.25992433158925143,1.0669307708740234,0.6430114507675171
h64_wd1e-05_s0,l11,35,0.0005,0.37015950815244153,0.5763807892799377,0.9772569145712855,0.7744252873563219,2.25809491051408,0.24793253579480704,1.0839589834213257,0.6651150584220886
h64_wd1e-05_s0,l11,36,0.0005,0.3388017185709693,0.5965313911437988,0.9783042935055024,0.7699952107279694,2.12177485708221,0.20647304031181218,1.0995053052902222,0.7001907825469971
h64_wd1e-05_s0,l11,37,0.0005,0.324841172857718,0.6183609962463379,0.9785511756828537,0.7640086206896551,1.9631970546226858,0.215235159513761,1.1143299341201782,0.7337788343429565
h64_wd1e-05_s0,l11,38,0.0005,0.2788724479350177,0.7135269641876221,0.9756484397794519,0.7624521072796934,1.9662859160934365,0.16877407759857654,1.126644492149353,0.7691599726676941
h64_wd1e-05_s0,l11,39,0.0005,0.2934097864411094,0.708299458026886,0.9736434572482364,0.7647270114942528,2.2605053606971377,0.16528008742350464,1.1386924982070923,0.7932199835777283
h64_wd1e-05_s0,l11,40,0.0005,0.28419730202718213,0.6499367356300354,0.9807132650542019,0.7704741379310345,2.668357548492823,0.20563279311768534,1.151383399963379,0.8181246519088745
h64_wd1e-05_s0,l11,41,0.0005,0.2815109118819237,0.6631983518600464,0.9842444283181337,0.76352969348659,2.242900070041097,0.15936426528179695,1.1637835502624512,0.8360485434532166
h64_wd1e-05_s0,l11,42,0.0005,0.2720006731423465,0.6877208948135376,0.99117209184017,0.7592193486590039,2.222221883734492,0.14508950213829494,1.1758553981781006,0.8625131249427795
h64_wd1e-05_s0,l11,43,0.0005,0.25707580826499243,0.6716970801353455,0.988089805262331,0.7636494252873564,2.1545432707327317,0.15216219050361265,1.1875897645950317,0.8885286450386047
h64_wd1e-05_s0,l11,44,0.0005,0.23967971517281098,0.7229522466659546,0.9866010309201225,0.7670019157088122,2.340493182903636,0.1510688457760846,1.1998205184936523,0.9213981032371521
h64_wd1e-05_s0,l11,45,0.0005,0.25802011957222765,0.6487176418304443,0.9928478981349174,0.7676005747126438,2.7338747305444397,0.16247136724660763,1.2121734619140625,0.9444788098335266
h64_wd1e-05_s0,l11,46,0.0005,0.2452495890584859,0.7631831169128418,0.9913142361240995,0.7676005747126436,2.864475722993997,0.17275560330081646,1.2248979806900024,0.9700537919998169
h64_wd1e-05_s0,l11,47,0.0005,0.2633802287957885,0.7371485829353333,0.9885760883389318,0.7646072796934865,2.4622166510069006,0.16353238760242045,1.2373181581497192,0.9851387739181519
h64_wd1e-05_s0,l11,48,0.0005,0.24004075134342368,0.7495554089546204,0.9859950473938968,0.7599377394636015,2.9843237846898676,0.2060174540398749,1.2491650581359863,0.9973090887069702
h64_wd1e-05_s0,l11,49,0.0005,0.24724925343285908,0.7772352695465088,0.9938429081224237,0.7568247126436781,2.263423087556586,0.14572844613543648,1.2588207721710205,1.015428066253662
h64_wd1e-05_s0,l11,50,0.0005,0.2582892436872829,0.6901750564575195,0.9940598651873687,0.7618534482758622,3.1133775172617133,0.16920808771181084,1.2682790756225586,1.030032753944397
h64_wd1e-05_s0,l11,51,0.0005,0.2999635203318162,0.7659236788749695,0.9853366949209603,0.7510775862068966,3.890905028414707,0.22607612665822543,1.2809706926345825,1.0349849462509155
h64_wd1e-05_s0,l11,52,0.0005,0.2780820842493664,0.7294986844062805,0.9893466599833917,0.7708333333333333,2.439952310382845,0.15088589012203557,1.2938657999038696,1.0470612049102783
h64_wd1e-05_s0,l11,53,0.0005,0.2502848438241265,0.7435984015464783,0.9902144882431714,0.7678400383141762,3.0202714842961864,0.18165036298857978,1.305246353149414,1.071211338043213
h64_wd1e-05_s0,l11,54,0.0005,0.2986877513202754,0.6914603114128113,0.9900947877935466,0.7661637931034483,3.311654326242126,0.20666072068567748,1.3177934885025024,1.0832487344741821
h64_wd1e-05_s0,l11,55,0.0005,0.2739252820611,0.7726622223854065,0.9945162231515632,0.7661637931034483,3.116848325054292,0.18052868875872174,1.328624963760376,1.0939360857009888
h64_wd1e-05_s0,l12,1,0.0005,0.7044301412322305,0.6887300610542297,0.6436675261641134,0.6012099213551119,0.4371389386319624,0.22803038111851526,0.20842227339744568,0.022088199853897095
h64_wd1e-05_s0,l12,2,0.0005,0.6884182664481077,0.6846975088119507,0.7315258607614136,0.6408953418027828,0.35895255505785956,0.24061529603846396,0.2483876496553421,0.025443337857723236
h64_wd1e-05_s0,l12,3,0.0005,0.6804188164797697,0.6786655783653259,0.7442211436371909,0.6458560193587416,0.41624644094881447,0.2539050269219103,0.28389933705329895,0.030357399955391884
h64_wd1e-05_s0,l12,4,0.0005,0.6638057936321605,0.67630934715271,0.7582663430911574,0.6526315789473683,0.4796326893853666,0.2792251326633658,0.3179551959037781,0.04881349951028824
h64_wd1e-05_s0,l12,5,0.0005,0.6594959009777416,0.6649290919303894,0.747057485211588,0.6381125226860254,0.5577853362096964,0.31777058945850517,0.3496580421924591,0.07002995908260345
h64_wd1e-05_s0,l12,6,0.0005,0.6337400349703702,0.663615882396698,0.7738889731533445,0.6665456745311554,0.4746732381486455,0.20410412132659317,0.38562461733818054,0.09585747867822647
h64_wd1e-05_s0,l12,7,0.0005,0.6274402927268635,0.6535189151763916,0.7787881086000304,0.6601330913490623,0.5568166728768141,0.21175201733451302,0.4183627665042877,0.11855348199605942
h64_wd1e-05_s0,l12,8,0.0005,0.6107535023580898,0.6437563896179199,0.7961095100864554,0.6716273442226255,0.6285264546597369,0.2520502388062707,0.4493964612483978,0.1453268676996231
h64_wd1e-05_s0,l12,9,0.0005,0.5945607965642755,0.6613624691963196,0.7970423176095859,0.6627949183303086,0.8741819139433122,0.26966277534057403,0.47760671377182007,0.1689349263906479
h64_wd1e-05_s0,l12,10,0.0005,0.583883748813109,0.6485263705253601,0.8245335962384347,0.687719298245614,0.8514519747397585,0.2684083670550624,0.5047426223754883,0.19475264847278595
h64_wd1e-05_s0,l12,11,0.0005,0.564816877245903,0.635452389717102,0.8299029273471865,0.6859044162129462,0.858314920511718,0.28183019791635316,0.5422044396400452,0.22092042863368988
h64_wd1e-05_s0,l12,12,0.0005,0.5646666342561896,0.628067672252655,0.8414909752768087,0.6917120387174833,0.899554205439177,0.25765950533801846,0.569393515586853,0.24888934195041656
h64_wd1e-05_s0,l12,13,0.0005,0.5452298535542055,0.624355137348175,0.8511830729561656,0.7012704174228673,0.8607227004968188,0.18771486775231264,0.5901282429695129,0.2825496196746826
h64_wd1e-05_s0,l12,14,0.0005,0.5565230399370193,0.6270973682403564,0.8593659942363113,0.7029643073200242,1.3194520305515012,0.3025215909008703,0.6093093156814575,0.2963733673095703
h64_wd1e-05_s0,l12,15,0.0005,0.5128112462433901,0.6276500225067139,0.8691718489306841,0.7139745916515426,0.9492006352098716,0.1995196254531112,0.6316078901290894,0.32141926884651184
h64_wd1e-05_s0,l12,16,0.0005,0.5134532302618027,0.646977961063385,0.8795844077051418,0.715426497277677,1.012170600771304,0.19839266707187064,0.6543160676956177,0.3540935814380646
h64_wd1e-05_s0,l12,17,0.0005,0.4999180097471584,0.6500199437141418,0.8807750644623085,0.7074410163339382,1.3379570652625967,0.22771960116386075,0.6750165820121765,0.3907584249973297
h64_wd1e-05_s0,l12,18,0.0005,0.49599525196985766,0.6144848465919495,0.9017442742302442,0.7274047186932849,1.4422578559216708,0.2376338751046225,0.6921036839485168,0.4134474992752075
h64_wd1e-05_s0,l12,19,0.0005,0.4832998067140579,0.6168925762176514,0.9062338844228726,0.7280096793708409,1.273507025970311,0.19782064004355887,0.7121216058731079,0.44182413816452026
h64_wd1e-05_s0,l12,20,0.0005,0.46806843036955054,0.6202836036682129,0.9121947520097073,0.7317604355716877,1.4735645533754698,0.1741375030819187,0.7283397912979126,0.4702620804309845
h64_wd1e-05_s0,l12,21,0.0005,0.44545526802539825,0.6271283626556396,0.9067875018959504,0.7318814277071991,1.054335013539738,0.16391734615962322,0.7497020363807678,0.511879563331604
h64_wd1e-05_s0,l12,22,0.0005,0.4630796868692745,0.6245968341827393,0.914978006977097,0.7320024198427102,1.4921297686796071,0.17682506349312332,0.7654465436935425,0.5485646724700928
h64_wd1e-05_s0,l12,23,0.0005,0.5041975013234399,0.630974292755127,0.9059722432883361,0.7169993950393224,1.8127096027965792,0.21703617954224316,0.7826382517814636,0.5713842511177063
h64_wd1e-05_s0,l12,24,0.0005,0.47943204370411957,0.6393507719039917,0.9136660094039132,0.7056866303690259,1.6489870962704958,0.19004796128251006,0.8004749417304993,0.5955994129180908
h64_wd1e-05_s0,l12,25,0.0005,0.44658771699125116,0.6095799207687378,0.9338768390717428,0.7340592861464005,1.46788538867562,0.15215195232591544,0.8172451853752136,0.6296846866607666
h64_wd1e-05_s0,l12,26,0.0005,0.44399737228046765,0.6061347126960754,0.9343053238283027,0.7192982456140351,1.906273787301654,0.17271534207701444,0.8295560479164124,0.6577790379524231
h64_wd1e-05_s0,l12,27,0.0005,0.4495928165587512,0.6350463628768921,0.9280638556044289,0.728735632183908,1.9408272962489654,0.18661579481959772,0.8441086411476135,0.687297523021698
h64_wd1e-05_s0,l12,28,0.0005,0.4290554333816875,0.6365095973014832,0.9363605338995905,0.7280096793708409,1.778778410826505,0.16258669389615651,0.856350839138031,0.720392107963562
h64_wd1e-05_s0,l12,29,0.0005,0.3954924561760642,0.6413735747337341,0.9446799635977552,0.7274047186932849,1.6140068641537288,0.14929880617224447,0.8678426742553711,0.7542233467102051
h64_wd1e-05_s0,l12,30,0.0005,0.4031248688697815,0.6465789079666138,0.9425147884119521,0.7326073805202661,1.82620880269982,0.14921138115872962,0.8778660893440247,0.7845862507820129
h64_wd1e-05_s0,l12,31,0.0005,0.3927093188871037,0.6432135701179504,0.9596655543758531,0.7335753176043556,1.8227998100095009,0.14657301633192493,0.887265682220459,0.819166898727417
h64_wd1e-05_s0,l12,32,0.0005,0.36122722923755646,0.6475310921669006,0.9585393599271956,0.7318814277071991,2.005480224771936,0.1435537094684443,0.8981942534446716,0.857667863368988
h64_wd1e-05_s0,l12,33,0.0005,0.36747090247544373,0.660429835319519,0.9575762172000606,0.735632183908046,1.9962292239943786,0.131523676607449,0.9091674089431763,0.892894446849823
h64_wd1e-05_s0,l12,34,0.0005,0.3441785790703513,0.6986602544784546,0.9591157288032763,0.7304295220810647,1.9855796973074598,0.11564015318465301,0.9180305600166321,0.9296910762786865
h64_wd1e-05_s0,l12,35,0.0005,0.35715500536290085,0.6185442805290222,0.958842711967238,0.7375680580762249,2.615303870203434,0.15809263328008472,0.9281585216522217,0.9574431777000427
h64_wd1e-05_s0,l12,36,0.0005,0.3580345430157401,0.6551029682159424,0.9637039284089186,0.7363581367211132,2.240657955695542,0.14063815450748637,0.9411012530326843,0.9906944632530212
h64_wd1e-05_s0,l12,37,0.0005,0.34990268877961417,0.6967233419418335,0.9638176854239344,0.7351482153660012,2.8514486594893267,0.16163290852558407,0.9525341987609863,1.0130997896194458
h64_wd1e-05_s0,l12,38,0.0005,0.3278682922775095,0.683452308177948,0.9718792658880631,0.7409558378705382,1.9672992643945368,0.11982191205678581,0.9641001224517822,1.043548345565796
h64_wd1e-05_s0,l12,39,0.0005,0.2976522147655487,0.7039021253585815,0.9686106476566055,0.7368421052631579,1.9664355846968207,0.1157052322326546,0.9742470979690552,1.076228141784668
h64_wd1e-05_s0,l12,40,0.0005,0.35252863981507043,0.6607540845870972,0.9735249507052934,0.7443436176648518,2.9484815644637687,0.1546740703858125,0.9842817187309265,1.0941604375839233
h64_wd1e-05_s0,l12,41,0.0005,0.3034601279280402,0.768528938293457,0.9774230244198393,0.7403508771929823,2.592676000031989,0.1186304045760258,0.9937905073165894,1.1260195970535278
h64_wd1e-05_s0,l12,42,0.0005,0.2916659746657718,0.6763283014297485,0.978742605794024,0.7449485783424077,2.553616097448608,0.12247478821633498,1.0020766258239746,1.1501027345657349
h64_wd1e-05_s0,l12,43,0.0005,0.30606305260549893,0.7111852169036865,0.9840967693007736,0.7410768300060495,2.4035899042958455,0.11088972743931924,1.011136770248413,1.182518482208252
h64_wd1e-05_s0,l12,44,0.0005,0.258272338997234,0.7498234510421753,0.9823524950705294,0.7382940108892921,2.3014811520423075,0.1084011349633045,1.0206049680709839,1.2136049270629883
h64_wd1e-05_s0,l12,45,0.0005,0.2701209438118068,0.7276473641395569,0.9870317002881844,0.7410768300060495,2.4252524443550865,0.10281975887228058,1.029702067375183,1.2439090013504028
h64_wd1e-05_s0,l12,46,0.0005,0.291273297234015,0.6804937720298767,0.9899666312755954,0.7405928614640047,3.225435525848771,0.12746664511393735,1.0398993492126465,1.2708582878112793
h64_wd1e-05_s0,l12,47,0.0005,0.310140577906912,0.686714768409729,0.985935841043531,0.7382940108892921,2.483839239411915,0.1095588351363248,1.0505058765411377,1.307839035987854
h64_wd1e-05_s0,l12,48,0.0005,0.26446248252283444,0.7020135521888733,0.9872630062187168,0.7310344827586206,2.432772779974519,0.1119706701410793,1.0596585273742676,1.3478738069534302
h64_wd1e-05_s0,l12,49,0.0005,0.27848501232537354,0.8114843964576721,0.9871833763082056,0.7388989715668481,2.752116098638924,0.1240362281996891,1.0694416761398315,1.3888031244277954
h64_wd1e-05_s0,l12,50,0.0005,0.2546661712906577,0.8317527174949646,0.989299256787502,0.7370840895341803,2.9790626016027235,0.10275823860285661,1.079944133758545,1.4128755331039429
h64_wd1e-05_s0,l12,51,0.0005,0.23874370076439597,0.7922379970550537,0.9862884877900804,0.7390199637023593,3.159637866169176,0.1004430562493705,1.0874499082565308,1.4411588907241821
h64_wd1e-05_s0,l12,52,0.0005,0.24808195165612482,0.8270336389541626,0.9900803882906113,0.7335753176043556,2.681463246828215,0.08672676168742251,1.096737027168274,1.4657694101333618
h64_wd1e-05_s0,l12,53,0.0005,0.21650493111122737,0.778278112411499,0.9906946761716973,0.731881427707199,2.5934844200724267,0.08664354427956068,1.1033841371536255,1.4916112422943115
h64_wd1e-05_s0,l12,54,0.0005,0.238879803229462,0.8948273658752441,0.991271045047778,0.7416817906836056,2.984397083792302,0.09898411122759448,1.1107243299484253,1.526071310043335
h64_wd1e-05_s0,l12,55,0.0005,0.2374638363041661,0.8695652484893799,0.9903609889276505,0.7338173018753781,3.0816311518109134,0.09056720203388134,1.1175639629364014,1.5424299240112305
h64_wd1e-05_s0,l12,56,0.0005,0.21445594118400055,0.8825690150260925,0.9939102077961475,0.7393829401088928,2.864620043129307,0.07574277196111044,1.124839186668396,1.5650070905685425
h64_wd1e-05_s0,l12,57,0.0005,0.22834085334431042,0.9131770730018616,0.9920976793568936,0.7349062310949788,3.356612632392192,0.10001674852452908,1.1313865184783936,1.581651210784912
h64_wd1e-05_s0,l12,58,0.0005,0.20510960404168477,0.9160869121551514,0.9933110875170634,0.7362371445856019,2.839305355825621,0.09807286745552166,1.1382938623428345,1.5964555740356445
h64_wd1e-05_s0,l12,59,0.0005,0.20418418943881989,0.8631637096405029,0.9936864856666161,0.7336963097398669,2.8282150673667075,0.08245993383409825,1.145480990409851,1.6234537363052368
h64_wd1e-05_s0,l12,60,0.0005,0.19448030198162253,1.0107439756393433,0.9940012134081603,0.7315184513006654,3.0078068962533475,0.08883957625491307,1.1522749662399292,1.6554555892944336
h64_wd1e-05_s0,l12,61,0.0005,0.19269448586485602,0.9428508281707764,0.9935310177460943,0.7320024198427103,3.2858100325586643,0.07770394260725641,1.1583936214447021,1.680227518081665
h64_wd1e-05_s0,l12,62,0.0005,0.19899954917755994,0.9326372146606445,0.9935613529500986,0.7359951603145796,3.109733339038965,0.07037430628028106,1.1656385660171509,1.704966425895691
h64_wd1e-05_s0,l13,1,0.0005,0.6985259570858695,0.6866388320922852,0.6889253408077463,0.5762411347517731,0.6769945085596427,0.2651988833164485,0.20735156536102295,0.019571684300899506
h64_wd1e-05_s0,l13,2,0.0005,0.6843428611755371,0.6789565682411194,0.7341540323608102,0.6256332320162107,0.6471712838377655,0.2751805304634579,0.25387299060821533,0.027347547933459282
h64_wd1e-05_s0,l13,3,0.0005,0.6904619634151459,0.6804710030555725,0.7313829787234042,0.6244934143870314,0.6319382713783681,0.3484047837281166,0.28319957852363586,0.033299364149570465
h64_wd1e-05_s0,l13,4,0.0005,0.6606751978397369,0.6772448420524597,0.7524127277360173,0.6395643363728469,0.4732426326315853,0.23065720893136613,0.3095686435699463,0.03536038473248482
h64_wd1e-05_s0,l13,5,0.0005,0.642059020020745,0.7033118605613708,0.7564020894381449,0.6442502532928065,0.5661140907256295,0.23901212164815577,0.34779641032218933,0.047147151082754135
h64_wd1e-05_s0,l13,6,0.0005,0.6386773450808092,0.6540037989616394,0.7717623264110078,0.6628672745694023,0.6206096498765512,0.2377344044443891,0.3786425292491913,0.058670517057180405
h64_wd1e-05_s0,l13,7,0.0005,0.6114876378666271,0.6434072256088257,0.7858325901388712,0.6745187436676798,0.7103017537149559,0.25028908882053824,0.4125109314918518,0.0827689990401268
h64_wd1e-05_s0,l13,8,0.0005,0.5982436293905432,0.6503346562385559,0.8029526054274431,0.6842705167173252,0.7256405240982816,0.24377110411018268,0.4491822123527527,0.11161403357982635
h64_wd1e-05_s0,l13,9,0.0005,0.6208336813883348,0.634453296661377,0.8105889285259269,0.6914893617021276,0.960051674474449,0.3194112412118251,0.48213517665863037,0.11961471289396286
h64_wd1e-05_s0,l13,10,0.0005,0.5835420976985585,0.6276938915252686,0.8216174034908906,0.6984549138804458,0.7827924682160622,0.24696552144817313,0.5081216096878052,0.13629165291786194
h64_wd1e-05_s0,l13,11,0.0005,0.5799215815284036,0.6766425371170044,0.8290148426551154,0.6907294832826748,0.8863571282877902,0.23649500355041722,0.5347109436988831,0.16060081124305725
h64_wd1e-05_s0,l13,12,0.0005,0.5604669532992623,0.6232727766036987,0.8419782774875779,0.7130192502532927,0.9015820802979487,0.21803575735372674,0.5603228807449341,0.18207578361034393
h64_wd1e-05_s0,l13,13,0.0005,0.5370664962313392,0.6153537631034851,0.8542489489106893,0.7161854103343465,0.9373206346785281,0.22923823346887787,0.5889487862586975,0.21602578461170197
h64_wd1e-05_s0,l13,14,0.0005,0.5344019992785021,0.6213460564613342,0.8686377245508982,0.7150455927051672,0.9566923745887267,0.1916852064258289,0.6142764687538147,0.2467910647392273
h64_wd1e-05_s0,l13,15,0.0005,0.513236025517637,0.6126853227615356,0.8796821251114793,0.7239108409321175,1.1276982553948576,0.2380346178843689,0.6381256580352783,0.28264665603637695
h64_wd1e-05_s0,l13,16,0.0005,0.5300189757888968,0.6069315075874329,0.8862514333036056,0.7263171225937183,1.2760475283316746,0.2454645763477588,0.6622496843338013,0.30337560176849365
h64_wd1e-05_s0,l13,17,0.0005,0.5078192055225372,0.6167502403259277,0.8957510510893107,0.7254305977710234,1.1466226104669779,0.2281965338836839,0.6843433976173401,0.33531075716018677
h64_wd1e-05_s0,l13,18,0.0005,0.49566096609288995,0.6774160265922546,0.893919607593324,0.7235309017223911,1.5197132550367607,0.27014186459743644,0.703815221786499,0.36082538962364197
h64_wd1e-05_s0,l13,19,0.0005,0.48964592949910596,0.6141523718833923,0.9036103325264364,0.7321428571428572,1.4051298210846157,0.24076865692209387,0.7221028208732605,0.3738937973976135
h64_wd1e-05_s0,l13,20,0.0005,0.4753882424397902,0.6421424150466919,0.9112227672314945,0.7265704154002026,1.4096611532979075,0.2082091243052793,0.7425690293312073,0.40009403228759766
h64_wd1e-05_s0,l13,21,0.0005,0.44958543371070514,0.609366238117218,0.9200057332144222,0.7377152988855117,1.312932827284209,0.19410632696363186,0.760284960269928,0.43526872992515564
h64_wd1e-05_s0,l13,22,0.0005,0.4387513372031125,0.683673083782196,0.9097337240412792,0.7282168186423505,1.519997433398334,0.19570391240119794,0.7772658467292786,0.4721127152442932
h64_wd1e-05_s0,l13,23,0.0005,0.4421614889394153,0.6369040012359619,0.9218849534972607,0.7450607902735562,1.5783245103173598,0.19929518819931913,0.7946022152900696,0.5018307566642761
h64_wd1e-05_s0,l13,24,0.0005,0.4117059924385764,0.6457833051681519,0.9335106382978724,0.7445542046605876,1.3234484273212115,0.14433895112788783,0.8102170825004578,0.538329541683197
h64_wd1e-05_s0,l13,25,0.0005,0.3957115425304933,0.6810590624809265,0.9318623391514843,0.7430344478216819,1.4149836375201765,0.1684317894082277,0.8260101079940796,0.5730230212211609
h64_wd1e-05_s0,l13,26,0.0005,0.42003846710378473,0.6598966121673584,0.9395782902280545,0.7437943262411347,2.033039809811325,0.20516039396005245,0.8422784805297852,0.5955169200897217
h64_wd1e-05_s0,l13,27,0.0005,0.401285703886639,0.6437057256698608,0.943902089438145,0.7440476190476191,1.8653909315214392,0.178017537383857,0.862982988357544,0.6251621246337891
h64_wd1e-05_s0,l13,28,0.0005,0.4433859464797107,0.641048789024353,0.9562205376481081,0.740628166160081,2.5637810636887313,0.2772394438479416,0.87871253490448,0.6363275051116943
h64_wd1e-05_s0,l13,29,0.0005,0.3854317001321099,0.6398680806159973,0.9505351000127404,0.7367021276595745,1.6879910149391746,0.16976297962341075,0.8929590582847595,0.653885543346405
h64_wd1e-05_s0,l13,30,0.0005,0.38067563555457373,0.6469802856445312,0.9598754618422729,0.7363221884498481,1.916003144675946,0.15362163027907372,0.9054784774780273,0.6857698559761047
h64_wd1e-05_s0,l13,31,0.0005,0.37659580599177966,0.6741619110107422,0.960775257994649,0.7502532928064842,1.6975029434708062,0.15272459058121315,0.9195235371589661,0.7190218567848206
h64_wd1e-05_s0,l13,32,0.0005,0.37073503908785904,0.6495344638824463,0.9634985348452032,0.7402482269503546,2.158661181551712,0.17964547376478207,0.9329531192779541,0.7513540387153625
h64_wd1e-05_s0,l13,33,0.0005,0.3565203466198661,0.6683626174926758,0.9673923429736272,0.7412613981762919,2.050380578030537,0.16446076037562177,0.9461457133293152,0.7831467390060425
h64_wd1e-05_s0,l13,34,0.0005,0.34976169737902557,0.6896123290061951,0.9666119887883806,0.7478470111448835,2.00629459886033,0.1410056494430773,0.9610866904258728,0.8165314793586731
h64_wd1e-05_s0,l13,35,0.0005,0.3414017883214084,0.6984073519706726,0.9710472671677921,0.7526595744680852,2.5323906020358145,0.16803362971420055,0.9718133211135864,0.8449952602386475
h64_wd1e-05_s0,l13,36,0.0005,0.32928047667850147,0.7113790512084961,0.9690884189068671,0.7507598784194528,2.0069714535100354,0.13525643726551195,0.9819713234901428,0.8719712495803833
h64_wd1e-05_s0,l13,37,0.0005,0.3046467954462225,0.7421250939369202,0.9719391005223595,0.7493667679837892,2.059292172363322,0.13162119208237263,0.994598925113678,0.9009241461753845
h64_wd1e-05_s0,l13,38,0.0005,0.2849341197447343,0.7964673638343811,0.9683956554975156,0.7418946301925025,2.000782367978015,0.12076272953031411,1.008195161819458,0.9398393630981445
h64_wd1e-05_s0,l13,39,0.0005,0.2963281355120919,0.7013756632804871,0.9787791438399798,0.7425278622087133,2.078216007854437,0.13097093202273183,1.0183990001678467,0.9719640016555786
h64_wd1e-05_s0,l13,40,0.0005,0.2738932066343047,0.7777922749519348,0.9822827748757803,0.7520263424518744,1.9594335981139281,0.09792087082114788,1.0275256633758545,1.0028283596038818
h64_wd1e-05_s0,l13,41,0.0005,0.25156374072486704,0.8233072757720947,0.9812476111606574,0.7477203647416414,1.8236406480422738,0.10007316434846993,1.036510705947876,1.0358211994171143
h64_wd1e-05_s0,l13,42,0.0005,0.3313505507328294,0.6894359588623047,0.9765893744426042,0.727710233029382,3.453933792752247,0.1612751273674047,1.0485472679138184,1.0487099885940552
h64_wd1e-05_s0,l13,43,0.0005,0.29260140657424927,0.7802855372428894,0.9810803924066761,0.7414513677811551,2.2269687123110495,0.10692584619016164,1.0580787658691406,1.07414710521698
h64_wd1e-05_s0,l13,44,0.0005,0.2930319471792741,0.7490999698638916,0.977035291119888,0.7368287740628165,2.6597595495770907,0.13304547753892149,1.0682440996170044,1.1039499044418335
h64_wd1e-05_s0,l13,45,0.0005,0.29401120475747367,0.7446140646934509,0.9861566760096827,0.7463905775075987,2.792575202347332,0.138542127230663,1.0822429656982422,1.1347352266311646
h64_wd1e-05_s0,l13,46,0.0005,0.3389083580537276,0.7878437042236328,0.9824499936297617,0.7361322188449849,3.1812045517132073,0.15549411276925867,1.0931528806686401,1.1582309007644653
h64_wd1e-05_s0,l13,47,0.0005,0.27262176776474173,0.805922269821167,0.9821712957064594,0.7425278622087134,2.437436173027516,0.11029285422719655,1.1022578477859497,1.1856684684753418
h64_wd1e-05_s0,l13,48,0.0005,0.2857032885605639,0.812859296798706,0.9895448464772583,0.7323961499493414,2.4658370553200326,0.1254114325784004,1.1111111640930176,1.2164971828460693
h64_wd1e-05_s0,l13,49,0.0005,0.23210159147327597,0.8565757870674133,0.9890511530131227,0.7473404255319149,2.913973554881309,0.11220177629100682,1.121411681175232,1.2457458972930908
h64_wd1e-05_s0,l13,50,0.0005,0.22484453496607867,0.8549708724021912,0.9909064849025354,0.7391084093211753,2.362423875418748,0.09808657468285059,1.130058765411377,1.2774137258529663
h64_wd1e-05_s0,l13,51,0.0005,0.21865056522867896,0.8788148760795593,0.9846397630271372,0.745820668693009,2.7051506655892665,0.10418692507924052,1.1379159688949585,1.3087416887283325
h64_wd1e-05_s0,l13,52,0.0005,0.23979016257957977,0.8682740330696106,0.9871480443368582,0.741388044579534,2.709641074877129,0.10589589657393308,1.1460442543029785,1.3285396099090576
h64_wd1e-05_s0,l13,53,0.0005,0.22231057353995062,0.921613872051239,0.9857465919225379,0.7335359675785208,2.708060618966812,0.096085316429012,1.1540653705596924,1.361830234527588
h64_wd1e-05_s0,l13,54,0.0005,0.2222003967247226,0.8858809471130371,0.9916310995031214,0.7369554204660588,2.8689979001641217,0.09134786838349856,1.162324070930481,1.387967824935913
h64_wd1e-05_s0,l13,55,0.0005,0.19391742010008206,1.0716172456741333,0.9954373168556505,0.7293566362715299,2.1771280538918925,0.08568797004570074,1.1703208684921265,1.4220932722091675
h64_wd1e-05_s0,l14,1,0.0005,0.699787665968356,0.6953421831130981,0.5839655971273022,0.5820912634716808,0.5049882353495712,0.22466166946802849,0.22500742971897125,0.03257569298148155
h64_wd1e-05_s0,l14,2,0.0005,0.6805784494980521,0.6940783262252808,0.6892954361172245,0.5804861270350837,0.336468563987369,0.19216005918402798,0.26165685057640076,0.047328393906354904
h64_wd1e-05_s0,l14,3,0.0005,0.683061280976171,0.6793712973594666,0.7445630140159853,0.645952763127723,0.4637479453072039,0.3002576216052467,0.289672315120697,0.05307696759700775
h64_wd1e-05_s0,l14,4,0.0005,0.6663322422815405,0.6740860342979431,0.7428110158693386,0.6167163494611327,0.4405340199833119,0.2577719711434954,0.3167361915111542,0.06010395660996437
h64_wd1e-05_s0,l14,5,0.0005,0.6505879137827002,0.6749387383460999,0.7667670566431137,0.647443246961706,0.48581283907498507,0.21691829022173595,0.3464661240577698,0.0813361257314682
h64_wd1e-05_s0,l14,6,0.0005,0.6346099506253782,0.6631332039833069,0.7600993281593884,0.628525567530383,0.7169743244164176,0.3173742501781795,0.3767496645450592,0.10909087210893631
h64_wd1e-05_s0,l14,7,0.0005,0.6230006295701732,0.6553179025650024,0.7830273369628171,0.6508828250401284,0.7493715677838582,0.29724569386010813,0.4024585783481598,0.12947827577590942
h64_wd1e-05_s0,l14,8,0.0005,0.6173359855361606,0.6565408110618591,0.7908389320050967,0.6550103187342352,0.8172350504498875,0.2439370734282145,0.4247235655784607,0.1383267045021057
h64_wd1e-05_s0,l14,9,0.0005,0.6080568562383237,0.6529735922813416,0.8117905131472256,0.6668195368034855,0.6984795410781018,0.22607416515398635,0.4487670361995697,0.1643444448709488
h64_wd1e-05_s0,l14,10,0.0005,0.5854828720507415,0.6413765549659729,0.812311768794162,0.6692272414583811,0.7312850888001478,0.21279780070982046,0.47003886103630066,0.19517196714878082
h64_wd1e-05_s0,l14,11,0.0005,0.5783741785132367,0.635164737701416,0.8320905247306845,0.6781701444622793,0.8532127176976306,0.20553223772961363,0.48860326409339905,0.223062664270401
h64_wd1e-05_s0,l14,12,0.0005,0.5699675951315009,0.6309025287628174,0.850913645314491,0.6891767943132309,1.1053626527276197,0.2734785053608748,0.5117762684822083,0.24754071235656738
h64_wd1e-05_s0,l14,13,0.0005,0.563221496084462,0.6285141110420227,0.8479671029769489,0.6888328365053886,1.0273980866896015,0.2150987042735228,0.5358738303184509,0.27336159348487854
h64_wd1e-05_s0,l14,14,0.0005,0.5374367703562197,0.6391353607177734,0.8488937796826131,0.6913551937628984,1.003437464137384,0.21085079819295624,0.5552372336387634,0.3041209578514099
h64_wd1e-05_s0,l14,15,0.0005,0.5426267605760823,0.6325507164001465,0.8728498204563883,0.7063746847053427,1.0925396877974207,0.19623296924317596,0.5710244178771973,0.3306553363800049
h64_wd1e-05_s0,l14,16,0.0005,0.5303721414959949,0.6424193382263184,0.8774832039847098,0.7063746847053428,1.090705641727424,0.18512425090286505,0.5883849859237671,0.36804234981536865
h64_wd1e-05_s0,l14,17,0.0005,0.4987423381079798,0.6202989816665649,0.8897544306729991,0.7147443246961706,1.3507758323257153,0.19548068136196103,0.6043707728385925,0.4001663625240326
h64_wd1e-05_s0,l14,18,0.0005,0.4936290785022404,0.622650146484375,0.8992456272442951,0.7109607888099059,1.2752533621735298,0.1775093728437621,0.6216030120849609,0.43992218375205994
h64_wd1e-05_s0,l14,19,0.0005,0.49145163271738135,0.626930296421051,0.9033867137727325,0.7102728731942215,1.5446316606344863,0.19902837786911953,0.6385294198989868,0.47775998711586
h64_wd1e-05_s0,l14,20,0.0005,0.4736957109492758,0.6420347094535828,0.8987316112591219,0.7178399449667507,1.5198654033786527,0.17203984514084006,0.6537631154060364,0.5086317658424377
h64_wd1e-05_s0,l14,21,0.0005,0.44915123348650726,0.6450278759002686,0.9156941387698367,0.7137124512726439,1.5651327044687786,0.16884840957598204,0.6682285070419312,0.5441077947616577
h64_wd1e-05_s0,l14,22,0.0005,0.4414033539917158,0.6208924055099487,0.9288196455461603,0.7275854161889475,1.5928199674418837,0.17623881202504912,0.6822276711463928,0.5824429988861084
h64_wd1e-05_s0,l14,23,0.0005,0.44178907508435455,0.6326574087142944,0.9247147573265376,0.7280440265994037,1.5942807183059369,0.14096855066812355,0.6964479088783264,0.6157015562057495
h64_wd1e-05_s0,l14,24,0.0005,0.4235928278902303,0.6285175681114197,0.9351543495887872,0.7309103416647558,1.6466380270001864,0.14292819442501317,0.7102873921394348,0.656816840171814
h64_wd1e-05_s0,l14,25,0.0005,0.43345964473226795,0.6736800670623779,0.937297289470636,0.7288465948177024,1.9653507894883917,0.17231494697118369,0.7250686287879944,0.7009879350662231
h64_wd1e-05_s0,l14,26,0.0005,0.43992793819178705,0.6475362777709961,0.9443378605351559,0.7288465948177023,2.1825209589917782,0.1566457933720955,0.7397767901420593,0.7270200848579407
h64_wd1e-05_s0,l14,27,0.0005,0.4174493486466615,0.6562421917915344,0.9394981466465886,0.7333180463196515,1.951049060787276,0.15335132402939936,0.7527490258216858,0.759261965751648
h64_wd1e-05_s0,l14,28,0.0005,0.3778983445271202,0.8124554753303528,0.925713830649832,0.7387067186425131,2.101991183014352,0.15326709362398272,0.7645388841629028,0.7883774042129517
h64_wd1e-05_s0,l14,29,0.0005,0.39403880549513776,0.6384493708610535,0.9497820861809337,0.7158908507223113,2.2377310289932093,0.14449896589713285,0.7760502099990845,0.8096665740013123
h64_wd1e-05_s0,l14,30,0.0005,0.37579809647539386,0.6435650587081909,0.9517621336731148,0.7278147213941757,2.084346885442525,0.13127027000915278,0.7872312664985657,0.8442222476005554
h64_wd1e-05_s0,l14,31,0.0005,0.365433861380038,0.7450637221336365,0.9521023977759759,0.7429488649392342,2.254475390320785,0.14798683691256312,0.7980871200561523,0.8755000233650208
h64_wd1e-05_s0,l14,32,0.0005,0.37190804662911786,0.6826808452606201,0.9521313564230279,0.7374455400137584,2.138313909697095,0.14244599897424257,0.808597207069397,0.8964102864265442
h64_wd1e-05_s0,l14,33,0.0005,0.3563952834709831,0.6558744311332703,0.9667337541990038,0.7255216693418942,2.298290977953138,0.12904865222338777,0.8189859986305237,0.9277618527412415
h64_wd1e-05_s0,l14,34,0.0005,0.367016587568366,0.6295003890991211,0.9606162400092667,0.7317129098830543,2.353805778281372,0.12859499039022385,0.8292231559753418,0.9625123143196106
h64_wd1e-05_s0,l14,35,0.0005,0.38237478746020276,0.6503258943557739,0.964112996640797,0.7176106397615225,2.5802331122362716,0.12806509277350128,0.8398618102073669,1.0013915300369263
h64_wd1e-05_s0,l14,36,0.0005,0.35091079058854474,0.7682199478149414,0.9566199467160894,0.7288465948177024,2.4355637665819545,0.12751827444184113,0.8510065078735352,1.0415549278259277
h64_wd1e-05_s0,l14,37,0.0005,0.3465390749599623,0.7017850875854492,0.9707228078304182,0.7262669112588855,2.5704074391222402,0.11866221699221882,0.8601544499397278,1.0698360204696655
h64_wd1e-05_s0,l14,38,0.0005,0.31421706080436707,0.7005459666252136,0.96098546275918,0.7228846594817703,2.707716580001789,0.11308635567155347,0.8684706091880798,1.1018518209457397
h64_wd1e-05_s0,l14,39,0.0005,0.344963823971541,0.7071235179901123,0.9660459863315186,0.7318275624856685,2.475493773348352,0.11563894981894181,0.877876341342926,1.1279537677764893
h64_wd1e-05_s0,l14,40,0.0005,0.326229109712269,0.6912590265274048,0.9667627128460559,0.7321715202935106,2.477182546535095,0.1042563611958881,0.8866940140724182,1.1561079025268555
h64_wd1e-05_s0,l14,41,0.0005,0.3524461699568707,0.7172099351882935,0.9742123248001853,0.7205916074294887,2.8794074777494085,0.1298408799915417,0.8953872919082642,1.1858737468719482
h64_wd1e-05_s0,l14,42,0.0005,0.3383856143640435,0.6759657263755798,0.9737019286458938,0.7180692501719789,3.293626545372342,0.12142518012933257,0.9045255780220032,1.2048708200454712
h64_wd1e-05_s0,l14,43,0.0005,0.29607967837997107,0.7915153503417969,0.9787334935711803,0.7233432698922265,2.277077844619339,0.10225276370456875,0.9127823114395142,1.2348045110702515
h64_wd1e-05_s0,l14,44,0.0005,0.28501377675844275,0.7455297708511353,0.9713236997567474,0.7193304288007337,2.521563345088343,0.10465149781838438,0.9208732843399048,1.275681972503662
h64_wd1e-05_s0,l14,45,0.0005,0.29016683671785437,0.777600109577179,0.9682577030001158,0.7157761981196973,2.793668540669463,0.10924961037340428,0.9296839237213135,1.3149701356887817
h64_wd1e-05_s0,l14,46,0.0005,0.3178774254477542,0.7412002682685852,0.970085717595274,0.7263242375601926,3.247533237344642,0.10541634279944793,0.9379178285598755,1.3406070470809937
h64_wd1e-05_s0,l14,47,0.0005,0.29984663491663727,0.8229391574859619,0.9832691416657013,0.7208782389360238,2.680353564890563,0.09826618401636282,0.9451562762260437,1.3691660165786743
h64_wd1e-05_s0,l14,48,0.0005,0.29081696919772937,0.8354335427284241,0.9741688868296073,0.7247191011235955,3.011780932447059,0.09510384035092302,0.9527636766433716,1.3976504802703857
h64_wd1e-05_s0,l14,49,0.0005,0.2905476870744125,0.7205771207809448,0.9760439592262249,0.7265535427654208,3.011022097083365,0.09699640550886571,0.9602720737457275,1.4273544549942017
h64_wd1e-05_s0,l14,50,0.0005,0.29651789302411286,0.7314369678497314,0.9765290165643461,0.726897500573263,3.158618713350129,0.09864371011883531,0.9672727584838867,1.461058497428894
h64_wd1e-05_s0,l14,51,0.0005,0.2828246439280717,0.7526502013206482,0.9873885092088499,0.7248337537262095,2.8891956182442216,0.07601110022418023,0.9736855030059814,1.494571328163147
h64_wd1e-05_s0,l15,1,0.0005,0.7049104542959304,0.6870165467262268,0.6872516442861059,0.5986449864498645,0.6183615724256556,0.2009667234291777,0.19541874527931213,0.028886213898658752
h64_wd1e-05_s0,l15,2,0.0005,0.6896430112066723,0.681144118309021,0.7463346122225267,0.6848238482384824,0.5181115295701814,0.2318461668801612,0.23464302718639374,0.033743828535079956
h64_wd1e-05_s0,l15,3,0.0005,0.6729148399262201,0.6715950965881348,0.7480131542888464,0.6806233062330623,0.46000436491851426,0.18243554322067004,0.2581550180912018,0.034354086965322495
h64_wd1e-05_s0,l15,4,0.0005,0.6650320972715106,0.6654007434844971,0.7571081118114551,0.685230352303523,0.53687551186607,0.21875151449232608,0.28889626264572144,0.04503842070698738
h64_wd1e-05_s0,l15,5,0.0005,0.6431313781511216,0.648170530796051,0.7680614551932036,0.6970189701897019,0.6189401440324828,0.24659007091254845,0.3180132806301117,0.06374608725309372
h64_wd1e-05_s0,l15,6,0.0005,0.6516748808679127,0.675667405128479,0.7508906549739655,0.6802168021680216,0.9034145474964965,0.2905352090712316,0.34988903999328613,0.07998690754175186
h64_wd1e-05_s0,l15,7,0.0005,0.6397834249905178,0.6442553997039795,0.7906104412167717,0.7142276422764228,0.740863120994311,0.26656765208197,0.3822712004184723,0.08951982855796814
h64_wd1e-05_s0,l15,8,0.0005,0.6248793176242283,0.6409692764282227,0.7891117429432721,0.7074525745257453,0.7901617698040644,0.25445435846112563,0.41380882263183594,0.10659396648406982
h64_wd1e-05_s0,l15,9,0.0005,0.6115916002364385,0.6296191811561584,0.7938305015072622,0.7092140921409215,0.7925151292200503,0.23479632166853864,0.44151565432548523,0.13274788856506348
h64_wd1e-05_s0,l15,10,0.0005,0.6029264997868311,0.6384328603744507,0.804338517402028,0.7144986449864499,0.7659822626292613,0.20492477503287346,0.46616965532302856,0.16266275942325592
h64_wd1e-05_s0,l15,11,0.0005,0.5785531273909977,0.6108626127243042,0.829482392436284,0.7294037940379403,1.0376039544112696,0.2966808902144346,0.49051108956336975,0.1947273313999176
h64_wd1e-05_s0,l15,12,0.0005,0.5656466994966779,0.6190655827522278,0.8496420252123871,0.734010840108401,1.1900291202327087,0.3051388702690196,0.516241729259491,0.2310769259929657
h64_wd1e-05_s0,l15,13,0.0005,0.596583000251225,0.6097832918167114,0.8543693477665114,0.7353658536585367,1.0894177211126963,0.26454179580839615,0.5448368191719055,0.24492236971855164
h64_wd1e-05_s0,l15,14,0.0005,0.530229838121505,0.6126506924629211,0.8563305015072622,0.7402439024390245,1.1015511985065185,0.27478781787164924,0.5677591562271118,0.282275527715683
h64_wd1e-05_s0,l15,15,0.0005,0.5279311608700525,0.6120007038116455,0.876815565908468,0.7447154471544716,1.3354503350487745,0.22725896812649246,0.5892242193222046,0.31551799178123474
h64_wd1e-05_s0,l15,16,0.0005,0.5021950290316627,0.6737792491912842,0.8855165798849001,0.7521680216802168,1.2907349746424681,0.22681944974629245,0.6104159951210022,0.35040584206581116
h64_wd1e-05_s0,l15,17,0.0005,0.5326088808831715,0.5913681983947754,0.8861246231844342,0.7466124661246611,1.633006156800643,0.26413636134429774,0.6321830749511719,0.3699742555618286
h64_wd1e-05_s0,l15,18,0.0005,0.48025648508753094,0.5964232683181763,0.9015911893669499,0.7513550135501356,1.389596895866232,0.24311832765059663,0.6509734392166138,0.40843552350997925
h64_wd1e-05_s0,l15,19,0.0005,0.48799869418144226,0.5987171530723572,0.9089562208824336,0.7483739837398373,1.5359490159523688,0.2657842952066457,0.6688255071640015,0.4360053539276123
h64_wd1e-05_s0,l15,20,0.0005,0.4778393648919605,0.5946453213691711,0.909058988764045,0.7521680216802168,1.5721069533281549,0.22196299306735257,0.6888774037361145,0.4612743854522705
h64_wd1e-05_s0,l15,21,0.0005,0.45594286918640137,0.591801106929779,0.9199609482049875,0.7546070460704607,1.5501492721267924,0.20862849303340986,0.7068248987197876,0.4952119290828705
h64_wd1e-05_s0,l15,22,0.0005,0.4434142353988829,0.5965782999992371,0.9234807481501781,0.7481029810298103,1.5408691340174776,0.17392763862733793,0.7227115035057068,0.5295855402946472
h64_wd1e-05_s0,l15,23,0.0005,0.4311016017482394,0.5957503914833069,0.9334920526171553,0.7550135501355013,1.79912878082727,0.19331899449543824,0.7395971417427063,0.5650928616523743
h64_wd1e-05_s0,l15,24,0.0005,0.42552260415894644,0.6934323906898499,0.9265124006577145,0.7546070460704608,1.9889069831657804,0.2119292488054368,0.7574343681335449,0.60097736120224
h64_wd1e-05_s0,l15,25,0.0005,0.4151571776185717,0.6191561222076416,0.9380652233488628,0.7495934959349594,1.7379908825818267,0.1787106342046914,0.7740006446838379,0.631931483745575
h64_wd1e-05_s0,l15,26,0.0005,0.3913171078477587,0.6200511455535889,0.9427411619621814,0.7518970189701897,1.930988674505547,0.19167007683460088,0.7891785502433777,0.6642735600471497
h64_wd1e-05_s0,l15,27,0.0005,0.38074912201790584,0.6367743611335754,0.9420474787613046,0.7552845528455285,1.604395535205786,0.15742083154322975,0.8047228455543518,0.696672260761261
h64_wd1e-05_s0,l15,28,0.0005,0.3576153431619917,0.6284407377243042,0.9523842148533845,0.7501355013550136,1.6651143636797168,0.15704798553608926,0.8191540837287903,0.7366389036178589
h64_wd1e-05_s0,l15,29,0.0005,0.3622958773658389,0.7104560732841492,0.9512452041655248,0.7474254742547425,2.1580651730196507,0.16498888486847113,0.833756148815155,0.7693223357200623
h64_wd1e-05_s0,l15,30,0.0005,0.379989036491939,0.6583057045936584,0.9569745135653605,0.7540650406504065,2.396855374366032,0.1843725496485414,0.8495493531227112,0.800097644329071
h64_wd1e-05_s0,l15,31,0.0005,0.337378570721263,0.6256109476089478,0.9678593450260345,0.7453929539295394,2.059337055625621,0.13536383739392957,0.865373969078064,0.8383808732032776
h64_wd1e-05_s0,l15,32,0.0005,0.3328690855276017,0.6766324043273926,0.9729292271855302,0.7459349593495934,2.0561690497496894,0.14470615399507433,0.8800255060195923,0.8743835687637329
h64_wd1e-05_s0,l15,33,0.0005,0.34086984892686206,0.642016589641571,0.9695978350232941,0.7509485094850948,2.2454508730796867,0.15569472430878994,0.8952233791351318,0.907595694065094
h64_wd1e-05_s0,l15,34,0.0005,0.3418250665778205,0.6820362210273743,0.9690583036448341,0.7491869918699187,2.4166412382418994,0.16648560478837582,0.9097172021865845,0.9311942458152771
h64_wd1e-05_s0,l15,35,0.0005,0.2984129474276588,0.7174277305603027,0.9656412715812551,0.7512195121951218,2.396493650234513,0.13542603435418807,0.9225295782089233,0.9613901972770691
h64_wd1e-05_s0,l15,36,0.0005,0.2913806445541836,0.6824415922164917,0.9804312825431625,0.7550135501355013,2.142012409645414,0.1358634805605957,0.9353102445602417,0.9933199286460876
h64_wd1e-05_s0,l15,37,0.0005,0.2990424058267048,0.7523518204689026,0.9822211564812277,0.7116531165311653,2.5607419205940958,0.131979076469656,0.9472959637641907,1.027870535850525
h64_wd1e-05_s0,l15,38,0.0005,0.38785544960271745,0.6302454471588135,0.9681505206906003,0.7368563685636856,2.7922738618070784,0.1820445387957042,0.9630477428436279,1.0428838729858398
h64_wd1e-05_s0,l15,39,0.0005,0.311697155946777,0.6785468459129333,0.979480679638257,0.7482384823848237,2.3462960637729116,0.12940709381977764,0.9773831963539124,1.0787025690078735
h64_wd1e-05_s0,l15,40,0.0005,0.3097857769046511,0.7270113229751587,0.9840495683748972,0.7153116531165311,3.323438127118697,0.1767144687979919,0.9910865426063538,1.108547329902649
h64_wd1e-05_s0,l15,41,0.0005,0.33023799813929056,0.6450071930885315,0.978752740476843,0.7151084010840109,2.161056061641839,0.12606604536180246,1.0089858770370483,1.1357614994049072
h64_wd1e-05_s0,l15,42,0.0005,0.3230807717357363,0.6793707013130188,0.9824609482049877,0.7421409214092141,2.1914568776008574,0.1331134644611404,1.0214202404022217,1.1792490482330322
h64_wd1e-05_s0,l15,43,0.0005,0.2878624683334714,0.7557076811790466,0.9833002192381475,0.7451219512195123,2.0379531360713297,0.10280960134781594,1.0313441753387451,1.2180140018463135
h64_wd1e-05_s0,l15,44,0.0005,0.27009231348832446,0.7237832546234131,0.9824266922444507,0.7460704607046071,2.6501618859381204,0.10062338523311032,1.0421838760375977,1.2499314546585083
h64_wd1e-05_s0,l15,45,0.0005,0.28079145153363544,0.6837339401245117,0.9858694162784325,0.7504065040650405,3.1073677774070876,0.13406140443840903,1.0520811080932617,1.2739440202713013
h64_wd1e-05_s0,l15,46,0.0005,0.2985147812536785,0.6948031783103943,0.9884557412989861,0.7420054200542006,3.13167127170169,0.12738988009631472,1.0622395277023315,1.2959266901016235
h64_wd1e-05_s0,l15,47,0.0005,0.2858774960041046,0.75087970495224,0.9853298848999725,0.7415989159891598,3.1043640139680546,0.1272099525337482,1.0725815296173096,1.3270608186721802
h64_wd1e-05_s0,l16,1,0.0005,0.7114747037058291,0.6947476863861084,0.5355586949607615,0.5190777153558052,0.568023133577939,0.29778409917261234,0.2182745784521103,0.03603523224592209
h64_wd1e-05_s0,l16,2,0.0005,0.6928865831831227,0.6893807649612427,0.6754635759140231,0.6169241573033708,0.4509719153833575,0.2946575815388849,0.24786949157714844,0.0456991121172905
h64_wd1e-05_s0,l16,3,0.0005,0.687341798906741,0.6861494779586792,0.7144875331918136,0.6539091760299626,0.34267250649934294,0.21744623805124727,0.261067658662796,0.042988333851099014
h64_wd1e-05_s0,l16,4,0.0005,0.6828586640565292,0.6821049451828003,0.7403974881471017,0.6812968164794008,0.26590674675724335,0.1669347912557098,0.27620187401771545,0.04044530540704727
h64_wd1e-05_s0,l16,5,0.0005,0.6789063811302185,0.6810811758041382,0.7422022352236333,0.6676029962546817,0.3332041217704522,0.18473262412195507,0.2945137917995453,0.043391041457653046
h64_wd1e-05_s0,l16,6,0.0005,0.6717908589736276,0.6785100102424622,0.7334151879821598,0.6705875468164795,0.4572723845872854,0.25603482727098376,0.31512314081192017,0.048704616725444794
h64_wd1e-05_s0,l16,7,0.0005,0.6654185549072598,0.6658565402030945,0.7491771388841634,0.6846910112359551,0.2824978462379181,0.11629039884414244,0.34121158719062805,0.060153115540742874
h64_wd1e-05_s0,l16,8,0.0005,0.6550796472507975,0.6571515202522278,0.7570322265697231,0.6831694756554307,0.503202012540632,0.17396393032626822,0.36411285400390625,0.07703797519207001
h64_wd1e-05_s0,l16,9,0.0005,0.6410257868144823,0.6643720269203186,0.7478087855679406,0.6618679775280899,0.5304828237705767,0.16991737792610176,0.3890834450721741,0.1019102931022644
h64_wd1e-05_s0,l16,10,0.0005,0.6335073813148167,0.6513952016830444,0.7801906818837419,0.6857443820224719,0.6517151841002689,0.18560211237670565,0.41063255071640015,0.11761189997196198
h64_wd1e-05_s0,l16,11,0.0005,0.6233956943387571,0.6420488357543945,0.7794214454248922,0.695809925093633,0.5094537966074983,0.15450353507557082,0.4285103976726532,0.13788920640945435
h64_wd1e-05_s0,l16,12,0.0005,0.6191478864006374,0.6502304077148438,0.8052278493184121,0.7098548689138576,0.6834376420946198,0.19569414746747898,0.4440828263759613,0.1572393923997879
h64_wd1e-05_s0,l16,13,0.0005,0.6058828053267106,0.6372203826904297,0.8169143262893955,0.7155898876404495,0.6795650649826565,0.17367116686888637,0.4618956744670868,0.18471843004226685
h64_wd1e-05_s0,l16,14,0.0005,0.5871515351793041,0.6254440546035767,0.8251466356999682,0.7219101123595505,0.8051947751557708,0.17116555731896985,0.4776763916015625,0.21534991264343262
h64_wd1e-05_s0,l16,15,0.0005,0.5714357871076335,0.6278889179229736,0.8422547504049587,0.7217930711610487,0.9079423896601085,0.1759211027859978,0.49444761872291565,0.2525176405906677
h64_wd1e-05_s0,l16,16,0.0005,0.5642365968745687,0.6169013977050781,0.8505462318508273,0.7338483146067417,0.9906193421709435,0.1847735485555679,0.5105361938476562,0.29262393712997437
h64_wd1e-05_s0,l16,17,0.0005,0.5532370611377384,0.6023988127708435,0.8583717335187391,0.7443820224719101,0.9708656691792876,0.16120098763221175,0.5251594185829163,0.32742977142333984
h64_wd1e-05_s0,l16,18,0.0005,0.560044139623642,0.617592453956604,0.8635566831115615,0.7423923220973783,1.257075851430435,0.21245993980328165,0.5391679406166077,0.3563821315765381
h64_wd1e-05_s0,l16,19,0.0005,0.5424131491909856,0.604222297668457,0.8746218537119357,0.7423923220973784,1.1743190412843694,0.16465209435446349,0.5530204176902771,0.39302679896354675
h64_wd1e-05_s0,l16,20,0.0005,0.5163406651952992,0.608074963092804,0.8878024245741464,0.7440308988764046,1.2872829449923777,0.16942963971957178,0.5649963617324829,0.43098607659339905
h64_wd1e-05_s0,l16,21,0.0005,0.5242676721966785,0.5989924073219299,0.8830538687416327,0.7491807116104869,1.1410429289596815,0.13567422054103276,0.5766372084617615,0.4635958969593048
h64_wd1e-05_s0,l16,22,0.0005,0.5203319049399832,0.6467103362083435,0.8895258101021458,0.7433286516853933,1.4449018479754734,0.1482597708638747,0.5879294872283936,0.49281105399131775
h64_wd1e-05_s0,l16,23,0.0005,0.5239379794701285,0.6111652851104736,0.8966523421031221,0.7488295880149813,1.608757565595336,0.1681315175831916,0.59941565990448,0.5196506381034851
h64_wd1e-05_s0,l16,24,0.0005,0.49205934483072034,0.6074122786521912,0.9013565189091636,0.7528089887640449,1.3716384157327577,0.17358071884265275,0.6094602942466736,0.5528334379196167
h64_wd1e-05_s0,l16,25,0.0005,0.4739389134489972,0.6082481741905212,0.9034904104320299,0.7518726591760301,1.5999991172624262,0.14152320415137648,0.6197596788406372,0.5944926738739014
h64_wd1e-05_s0,l16,26,0.0005,0.4707936424276103,0.6229068040847778,0.9096147160851782,0.7524578651685394,1.7175981982434791,0.14186021855406517,0.6285170316696167,0.6301389932632446
h64_wd1e-05_s0,l16,27,0.0005,0.47363510468731757,0.6474006175994873,0.9087197390513243,0.7524578651685393,1.7117667935611725,0.15193453481275407,0.6399286389350891,0.6703529357910156
h64_wd1e-05_s0,l16,28,0.0005,0.47976678091546765,0.6636524796485901,0.9180837136369352,0.7544475655430712,2.044349760897126,0.15329292080052562,0.6500102281570435,0.7035442590713501
h64_wd1e-05_s0,l16,29,0.0005,0.4305295996043993,0.6160097122192383,0.9340712579235053,0.7415730337078651,1.8536069266309565,0.13469735185286255,0.6593983173370361,0.7386731505393982
h64_wd1e-05_s0,l16,30,0.0005,0.41432215597318567,0.6198509335517883,0.9337827942514368,0.7566713483146067,1.4656180711504703,0.12545725257728163,0.668770968914032,0.7859770059585571
h64_wd1e-05_s0,l16,31,0.0005,0.42458133075548254,0.6200891733169556,0.9361644686721056,0.7584269662921347,2.084824153412878,0.14159676837807644,0.6772941946983337,0.8259755373001099
h64_wd1e-05_s0,l16,32,0.0005,0.47444811592931335,0.6474405527114868,0.9402510373597438,0.7539794007490636,2.868709559805711,0.18084329047560002,0.6865981221199036,0.8444765210151672
h64_wd1e-05_s0,l16,33,0.0005,0.4213789675546729,0.6201236844062805,0.9346149009977884,0.7524578651685393,1.8373268672770242,0.12069447339167766,0.6951136589050293,0.8751713037490845
h64_wd1e-05_s0,l16,34,0.0005,0.4189416623633841,0.6210517287254333,0.9467784525033469,0.7600655430711611,2.3657734611213947,0.1286856096782156,0.7015377879142761,0.9023598432540894
h64_wd1e-05_s0,l16,35,0.0005,0.4158148454583209,0.6443432569503784,0.9467081857114328,0.7641619850187267,2.522936590371604,0.13881777539758808,0.7094745635986328,0.9326227903366089
h64_wd1e-05_s0,l16,36,0.0005,0.38953629524811456,0.6697372198104858,0.9558132826426231,0.7608848314606742,1.977777841411468,0.11840717315665783,0.7176847457885742,0.9766563177108765
h64_wd1e-05_s0,l16,37,0.0005,0.37439185510510986,0.625533401966095,0.957773356311807,0.759246254681648,2.060759814748838,0.11312473552554077,0.7254253029823303,1.0192080736160278
h64_wd1e-05_s0,l16,38,0.0005,0.35180046895275946,0.6519743800163269,0.9553251133514302,0.7648642322097378,2.0347583620576395,0.10932337302858011,0.7329868078231812,1.0611015558242798
h64_wd1e-05_s0,l16,39,0.0005,0.37659772193950153,0.6777583956718445,0.942884192930421,0.7677902621722846,2.340416045126789,0.11136610564112416,0.7404235601425171,1.0986472368240356
h64_wd1e-05_s0,l16,40,0.0005,0.3741914215295211,0.6122552156448364,0.9397221872942847,0.7643375468164794,2.271693587181683,0.11424337770638679,0.7474293112754822,1.1273728609085083
h64_wd1e-05_s0,l16,41,0.0005,0.38994943318159686,0.6531931161880493,0.969208352132782,0.7590121722846442,2.101543911466742,0.11425917548641573,0.7545192837715149,1.16370689868927
h64_wd1e-05_s0,l16,42,0.0005,0.3473703861236572,0.6850546598434448,0.9569967233485455,0.7512874531835205,2.19278534639581,0.0959486871582593,0.7622504234313965,1.2056498527526855
h64_wd1e-05_s0,l16,43,0.0005,0.34336757271186163,0.6933077573776245,0.968690596823941,0.7544475655430711,2.624805581139538,0.11394981456897564,0.7694632411003113,1.2457687854766846
h64_wd1e-05_s0,l16,44,0.0005,0.38329681754112244,0.696100652217865,0.9576550122412149,0.750117041198502,3.148315857056825,0.11006253700610444,0.7770868539810181,1.2737071514129639
h64_wd1e-05_s0,l16,45,0.0005,0.35035140358883404,0.7463032603263855,0.9645781403708609,0.7604166666666667,2.437378453137831,0.09883126413145321,0.7840672731399536,1.3050734996795654
h64_wd1e-05_s0,l16,46,0.0005,0.332166855102,0.7359672784805298,0.9689013971996835,0.7649812734082397,2.7561486560679254,0.09922633524525577,0.7902104258537292,1.3407248258590698
h64_wd1e-05_s0,l16,47,0.0005,0.3153594583272934,0.7262889742851257,0.9771817838889341,0.7658590823970037,2.8542983334495857,0.10258881353129234,0.7965989112854004,1.3758821487426758
h64_wd1e-05_s0,l16,48,0.0005,0.30956909481597983,0.6575093269348145,0.967669879215083,0.7528089887640449,2.6783899454637323,0.0986742773550262,0.8025965690612793,1.4130346775054932
h64_wd1e-05_s0,l16,49,0.0005,0.28933907526990643,0.7051656246185303,0.977144801366874,0.7625819288389513,2.6553758869333843,0.08540637316539341,0.8082882761955261,1.447050929069519
h64_wd1e-05_s0,l16,50,0.0005,0.3038691573816797,0.7430616021156311,0.9708577726166613,0.7594803370786517,3.0886946488462144,0.09601117176273909,0.8142404556274414,1.4812774658203125
h64_wd1e-05_s0,l16,51,0.0005,0.33430268194364465,0.6882953643798828,0.9659612866959075,0.76375234082397,3.648008430971771,0.10772559442173792,0.8198319673538208,1.4957984685897827
h64_wd1e-05_s0,l16,52,0.0005,0.35676701949990314,0.6842759251594543,0.97610189424478,0.75,3.7009660443523433,0.10166512620712875,0.8264223337173462,1.5106761455535889
h64_wd1e-05_s0,l16,53,0.0005,0.31601150916970294,0.7381588220596313,0.9737276163285231,0.763810861423221,3.202029274796135,0.10062253577589836,0.8322650194168091,1.539214015007019
h64_wd1e-05_s0,l16,54,0.0005,0.30594934004804364,0.7517861723899841,0.9858800730774636,0.7505852059925094,3.1321112803454496,0.07571493595307542,0.8373738527297974,1.5628001689910889
h64_wd1e-05_s0,l16,55,0.0005,0.2705655078525129,0.8642644286155701,0.9797557674243152,0.7594803370786517,2.9884669428338193,0.07537808830463238,0.8426403403282166,1.5959614515304565
h64_wd1e-05_s0,l16,56,0.0005,0.2692865019907122,0.707292377948761,0.9761610662800762,0.742684925093633,2.992770907943473,0.08825764489012373,0.846919059753418,1.6265323162078857
h64_wd1e-05_s0,l16,57,0.0005,0.29434695839881897,0.7746192812919617,0.96721869244595,0.7605337078651685,3.3786672740636683,0.098061114469947,0.8520267605781555,1.6532402038574219
h64_wd1e-05_s0,l16,58,0.0005,0.30715881547202234,0.7815266251564026,0.9783430350816205,0.7496488764044944,3.6940563574007537,0.09430667721611692,0.8577531576156616,1.6908870935440063
h64_wd1e-05_s0,l16,59,0.0005,0.27103208070215973,0.8014017343521118,0.9894969637349389,0.7546231273408239,3.5050090121012305,0.08363413590993876,0.8627932071685791,1.7204771041870117
h64_wd1e-05_s0,l17,1,0.0005,0.6963951398025859,0.6894822120666504,0.7266683240971681,0.6202824133504493,0.5502438438021702,0.26015504275703816,0.21564999222755432,0.03039328008890152
h64_wd1e-05_s0,l17,2,0.0005,0.6781887303699147,0.68024742603302,0.741368663335766,0.6197689345314505,0.5800694719076778,0.3465297604356949,0.2617669999599457,0.03059276007115841
h64_wd1e-05_s0,l17,3,0.0005,0.6669885218143463,0.6745988130569458,0.7485464067174054,0.6319640564826701,0.6959485442488876,0.393331851765139,0.2868899703025818,0.025687215849757195
h64_wd1e-05_s0,l17,4,0.0005,0.6562957817857916,0.6690576672554016,0.7484501688173165,0.6315789473684211,0.566279254929568,0.2821987004734645,0.3119348883628845,0.03158615157008171
h64_wd1e-05_s0,l17,5,0.0005,0.6501952057534998,0.7089000940322876,0.7496290830934068,0.6302952503209243,0.7830570692024398,0.33624010434186713,0.3464576303958893,0.04981595277786255
h64_wd1e-05_s0,l17,6,0.0005,0.6459161557934501,0.6660860180854797,0.7781074816947495,0.6531450577663671,0.760791973400573,0.38735551207931257,0.37413957715034485,0.05489646643400192
h64_wd1e-05_s0,l17,7,0.0005,0.6230028732256456,0.6545003056526184,0.7773054991940076,0.647625160462131,0.7016660542031038,0.2420319296967836,0.4028856158256531,0.07696027308702469
h64_wd1e-05_s0,l17,8,0.0005,0.6041629964655096,0.6537253260612488,0.7877152320536366,0.6549422336328625,0.6958425976052575,0.23067136803198568,0.43074437975883484,0.09955067932605743
h64_wd1e-05_s0,l17,9,0.0005,0.6180618378249082,0.6489130854606628,0.8113576761755059,0.6693196405648267,0.9461138175185311,0.2998219889848273,0.45903265476226807,0.11170367896556854
h64_wd1e-05_s0,l17,10,0.0005,0.5923180769790303,0.6415346264839172,0.8139240201778798,0.6739409499358152,0.8282772475994015,0.24688663727943683,0.4846918284893036,0.1323777437210083
h64_wd1e-05_s0,l17,11,0.0005,0.5759489455006339,0.6386051774024963,0.8293862427921823,0.6813863928112964,0.8918857942803391,0.2691133641053266,0.5122191309928894,0.16393113136291504
h64_wd1e-05_s0,l17,12,0.0005,0.5559400658715855,0.6311859488487244,0.8415122182033988,0.6893453145057766,0.8499911564389767,0.21235589469539284,0.5360881686210632,0.19244691729545593
h64_wd1e-05_s0,l17,13,0.0005,0.5489884073084051,0.6438249945640564,0.8512643254124193,0.6910141206675224,1.096927036845396,0.26194455895249064,0.558669924736023,0.22502411901950836
h64_wd1e-05_s0,l17,14,0.0005,0.5575441257520155,0.63593989610672,0.8636629748738883,0.6961489088575097,1.3212192135570084,0.27160512288848315,0.579108476638794,0.2482757419347763
h64_wd1e-05_s0,l17,15,0.0005,0.5340383256023581,0.6851051449775696,0.8630534681733244,0.697560975609756,0.9993433662695339,0.23301803278607888,0.6033018827438354,0.2788105607032776
h64_wd1e-05_s0,l17,16,0.0005,0.5498124442317269,0.6369960308074951,0.8741609258085989,0.7012836970474967,1.5567317113543508,0.3281150452815489,0.625619113445282,0.2916450798511505
h64_wd1e-05_s0,l17,17,0.0005,0.5058394169265573,0.6556257605552673,0.8814990656903865,0.7030808729139923,1.1243460696861554,0.22420104594970994,0.6444360613822937,0.3183407783508301
h64_wd1e-05_s0,l17,18,0.0005,0.49679243158210407,0.6333682537078857,0.9014363506588287,0.716431322207959,1.4096916068730694,0.2246765647626357,0.6598609089851379,0.34833618998527527
h64_wd1e-05_s0,l17,19,0.0005,0.4659073203802109,0.6353345513343811,0.8920451355751419,0.7146341463414635,1.0603195902965818,0.18818778769917988,0.6770631670951843,0.3898165225982666
h64_wd1e-05_s0,l17,20,0.0005,0.4881914393468337,0.6642791032791138,0.8976991122053716,0.7143774069319642,1.3641578349862085,0.20161917184238287,0.6918244957923889,0.41323021054267883
h64_wd1e-05_s0,l17,21,0.0005,0.45364774628119037,0.6384382843971252,0.9073549815143035,0.7106546854942234,1.3796707003592223,0.21496239828204622,0.7073959708213806,0.4458701014518738
h64_wd1e-05_s0,l17,22,0.0005,0.4824911247600209,0.6483892798423767,0.9069459704389251,0.7120667522464698,1.4319184849367945,0.22060884160871638,0.723659336566925,0.47258761525154114
h64_wd1e-05_s0,l17,23,0.0005,0.4727553278207779,0.6441693305969238,0.9143883680458093,0.7132220795892169,1.5927182408474723,0.21980328547558695,0.7384079098701477,0.49810555577278137
h64_wd1e-05_s0,l17,24,0.0005,0.44202468476512213,0.636413037776947,0.9237314641794516,0.7102695763799745,1.529620329398616,0.18871929802787812,0.7516620755195618,0.531225860118866
h64_wd1e-05_s0,l17,25,0.0005,0.4323050379753113,0.7064788341522217,0.9266025615321074,0.7195121951219512,1.6797939543489522,0.20002432403327824,0.764655351638794,0.5635671019554138
h64_wd1e-05_s0,l17,26,0.0005,0.4621131040833213,0.6778563261032104,0.932673569062723,0.72400513478819,2.4048658575439004,0.23031309510042763,0.778756320476532,0.573026716709137
h64_wd1e-05_s0,l17,27,0.0005,0.425942908633839,0.6578682065010071,0.9338524833388135,0.7218228498074454,1.8530950747101385,0.20088315492808329,0.7918233275413513,0.5936281681060791
h64_wd1e-05_s0,l17,28,0.0005,0.4130727689374577,0.6458336710929871,0.9401480459696369,0.7196405648267009,1.6202478075902818,0.18333557410510662,0.8029314279556274,0.6175150275230408
h64_wd1e-05_s0,l17,29,0.0005,0.37891499969092285,0.7086160182952881,0.9306926722858908,0.7228498074454429,1.3746621639147423,0.14656537948693157,0.8139652609825134,0.6550746560096741
h64_wd1e-05_s0,l17,30,0.0005,0.4272348474372517,0.657818615436554,0.9459704389250227,0.7205391527599486,1.8917012834837637,0.17932279914459875,0.8253644108772278,0.675949215888977
h64_wd1e-05_s0,l17,31,0.0005,0.39134403521364386,0.6503768563270569,0.9535411537320255,0.7174582798459563,1.9424472197449776,0.15641701570629624,0.8370662331581116,0.7055426239967346
h64_wd1e-05_s0,l17,32,0.0005,0.3900098136880181,0.6608541011810303,0.9501728272289098,0.7182284980744544,2.0217433385688537,0.1842966634749368,0.8481935858726501,0.7320289015769958
h64_wd1e-05_s0,l17,33,0.0005,0.35836105861447076,0.6988067030906677,0.9501648074039024,0.7315789473684211,1.7834158196677998,0.13019022484956594,0.8585096597671509,0.7624313831329346
h64_wd1e-05_s0,l17,34,0.0005,0.33728364584120835,0.6812759041786194,0.9654425740430344,0.7252888318356867,1.7526245978484538,0.1427452439385559,0.8683194518089294,0.7938785552978516
h64_wd1e-05_s0,l17,35,0.0005,0.35126612335443497,0.670283317565918,0.9637624207039803,0.7280487804878049,2.2175150077930676,0.15222500038207662,0.8777961134910583,0.8223592042922974
h64_wd1e-05_s0,l17,36,0.0005,0.37458150766112586,0.733884334564209,0.9617374148896071,0.7292682926829268,2.0176329255791963,0.1456523075710041,0.8887995481491089,0.8525905609130859
h64_wd1e-05_s0,l17,37,0.0005,0.36459328030998056,0.6513626575469971,0.9633734591911205,0.7346598202824133,2.481350823930655,0.16359451166340533,0.9007887840270996,0.8867858648300171
h64_wd1e-05_s0,l17,38,0.0005,0.3542211739854379,0.6634257435798645,0.9700780328973222,0.7373555840821565,2.161043054992107,0.12765533983998945,0.9111546277999878,0.925423800945282
h64_wd1e-05_s0,l17,39,0.0005,0.31234033879908646,0.6852911114692688,0.966813964119303,0.7410783055198972,1.9112783729163858,0.12724914843186716,0.9198712706565857,0.9663652181625366
h64_wd1e-05_s0,l17,40,0.0005,0.30036240951581433,0.7170819044113159,0.970783777497975,0.7368421052631579,1.976758883339813,0.12769962969731663,0.9283896088600159,1.0048919916152954
h64_wd1e-05_s0,l17,41,0.0005,0.2968273183161562,0.7468600273132324,0.9717381366738578,0.7320924261874197,2.4028312315482263,0.1331743529923359,0.938250720500946,1.0491431951522827
h64_wd1e-05_s0,l17,42,0.0005,0.3162898888642138,0.7390028834342957,0.9700058544722554,0.7400513478818997,2.750372692444687,0.12874790765331717,0.9475978016853333,1.0766656398773193
h64_wd1e-05_s0,l17,43,0.0005,0.3390731818296693,0.7228742837905884,0.9746573529765581,0.7349165596919127,2.971397607238201,0.15948724488329097,0.9580985903739929,1.0977145433425903
h64_wd1e-05_s0,l17,44,0.0005,0.3260645087469708,0.8520851135253906,0.9615770183894587,0.7188703465982028,3.0725331514891225,0.15722888912238842,0.9680993556976318,1.1264821290969849
h64_wd1e-05_s0,l17,45,0.0005,0.3436650457707318,0.6753698587417603,0.9811734607950855,0.7302952503209242,2.6405245639095414,0.13755588269339228,0.9779356122016907,1.1449755430221558
h64_wd1e-05_s0,l17,46,0.0005,0.2764838514002887,0.7667050361633301,0.9759084456777153,0.734788189987163,2.087643694652095,0.10624015141049648,0.9862983822822571,1.1816432476043701
h64_wd1e-05_s0,l17,47,0.0005,0.27443563667210663,0.7806170582771301,0.9780818182547257,0.7349165596919128,2.412667959223233,0.10515020059570869,0.9941151738166809,1.2169700860977173
h64_wd1e-05_s0,l17,48,0.0005,0.27579547600312665,0.8326313495635986,0.9793569704309053,0.7326059050064185,2.5176976474341264,0.11585489393808088,1.0021255016326904,1.257084608078003
h64_wd1e-05_s0,l17,49,0.0005,0.2977836023677479,0.7834156155586243,0.9835753983848072,0.7374839537869063,3.362166548623691,0.1257692496690168,1.0098074674606323,1.277199625968933
h64_wd1e-05_s0,l17,50,0.0005,0.2921891368248246,0.7266266345977783,0.9797018229062242,0.727214377406932,3.1564203981181227,0.13007497862444303,1.0182666778564453,1.3037134408950806
h64_wd1e-05_s0,l17,51,0.0005,0.29335358197038824,0.7309176921844482,0.986101643262144,0.7349165596919127,3.069804326713209,0.12802509598262587,1.0270006656646729,1.3359712362289429
h64_wd1e-05_s0,l17,52,0.0005,0.2600077935917811,0.8706035017967224,0.984489658435653,0.7372272143774069,2.6424953083098566,0.11358369974141719,1.034187912940979,1.367173194885254
h64_wd1e-05_s0,l17,53,0.0005,0.27157324891198764,0.9151871800422668,0.983703715584926,0.7391527599486521,3.4272822609749642,0.11871865039378053,1.0406668186187744,1.3946601152420044
h64_wd1e-05_s0,l17,54,0.0005,0.344268836081028,0.8204569816589355,0.972716555324763,0.7246469833119383,2.5106825258528063,0.10489448552332843,1.049984335899353,1.4132606983184814
h64_wd1e-05_s0,l17,55,0.0005,0.29848690263249655,0.7216260433197021,0.9740077471509572,0.7270860077021822,2.754549315158457,0.10241200057200596,1.057465672492981,1.4436180591583252
h64_wd1e-05_s0,l17,56,0.0005,0.32318610562519595,0.678523063659668,0.9766703290534201,0.7309370988446726,2.2031180329495594,0.10808890935978552,1.0642738342285156,1.4771506786346436
h64_wd1e-05_s0,l17,57,0.0005,0.33077129924839194,0.7679668068885803,0.9676961448701189,0.7326059050064184,2.9105258066347743,0.12225068395834185,1.0713881254196167,1.5140230655670166
h64_wd1e-05_s0,l17,58,0.0005,0.3111899881200357,0.7193352580070496,0.9882669960141469,0.7306803594351734,2.545488336060896,0.0936109834520815,1.0788311958312988,1.53904128074646
h64_wd1e-05_s0,l17,59,0.0005,0.3368573615496809,0.6483108401298523,0.976822705728561,0.7281129653401797,3.2815702297463987,0.11333760341008198,1.0864695310592651,1.5655804872512817
h64_wd1e-05_s0,l18,1,0.0005,0.6999526457353071,0.6893793940544128,0.6051002838661641,0.5541810984661059,0.46689483276114957,0.1945869831250304,0.20530860126018524,0.027020417153835297
h64_wd1e-05_s0,l18,2,0.0005,0.6855905001813715,0.6845827102661133,0.6984813935812121,0.607619990103909,0.2832251340351386,0.13290721217543724,0.239236518740654,0.02901982143521309
h64_wd1e-05_s0,l18,3,0.0005,0.6780632463368502,0.6790262460708618,0.7430002947244326,0.6368134586838199,0.4197678535663884,0.21878363024271774,0.2651651203632355,0.02698090299963951
h64_wd1e-05_s0,l18,4,0.0005,0.6723371608690782,0.6742761731147766,0.754254114508198,0.6426274121721919,0.5149808583295181,0.2601083648529591,0.2949427664279938,0.045907385647296906
h64_wd1e-05_s0,l18,5,0.0005,0.6577757434411482,0.6702327132225037,0.7603967921572278,0.6441118258287977,0.5782491386802525,0.2513782118586528,0.32686346769332886,0.06116524338722229
h64_wd1e-05_s0,l18,6,0.0005,0.6618504984812303,0.6713807582855225,0.7336156483161927,0.632112815437902,0.7478174063940398,0.28665775962314893,0.3566689193248749,0.07127273827791214
h64_wd1e-05_s0,l18,7,0.0005,0.6268560561266813,0.6986030340194702,0.7818341166798517,0.6585848589807026,0.6265873788020769,0.2488434641587476,0.385498970746994,0.09485174715518951
h64_wd1e-05_s0,l18,8,0.0005,0.6309288225390695,0.6668644547462463,0.7917539206105451,0.6660069272637308,0.7110282164580274,0.2500457156779202,0.41330283880233765,0.11964809149503708
h64_wd1e-05_s0,l18,9,0.0005,0.6034814485094764,0.6426794528961182,0.797508802953449,0.6687283523008413,0.7345606125132549,0.23116437260784525,0.4394862651824951,0.1508772075176239
h64_wd1e-05_s0,l18,10,0.0005,0.6048145998607982,0.6385990977287292,0.8205283323250656,0.688149430974765,0.9711470894819727,0.2974122345518149,0.4672155976295471,0.17529113590717316
h64_wd1e-05_s0,l18,11,0.0005,0.5842373479496349,0.6362537145614624,0.8335815223292536,0.6922315685304304,0.7954517998548671,0.22630364691859367,0.494929701089859,0.20514416694641113
h64_wd1e-05_s0,l18,12,0.0005,0.5731624215841293,0.6267503499984741,0.8437572711619898,0.6961900049480456,0.8947510487515696,0.22826319773789985,0.5211265683174133,0.2410976141691208
h64_wd1e-05_s0,l18,13,0.0005,0.5415924299846996,0.6421822309494019,0.8528084136069616,0.6955714992577932,1.0505949905953047,0.26248987234055127,0.5440904498100281,0.27153241634368896
h64_wd1e-05_s0,l18,14,0.0005,0.540190111507069,0.6308088898658752,0.8613554221539703,0.6954477981197427,0.9960852927918108,0.2008013625699536,0.5670835971832275,0.3093462288379669
h64_wd1e-05_s0,l18,15,0.0005,0.520700989799066,0.6232410669326782,0.8809701087378038,0.7081890153389412,1.030988113451633,0.17793236833531667,0.5896197557449341,0.34916338324546814
h64_wd1e-05_s0,l18,16,0.0005,0.5480764454061334,0.642863929271698,0.8733615648316194,0.6985403265710045,1.5114270709641628,0.3196273695406783,0.6137320399284363,0.37008172273635864
h64_wd1e-05_s0,l18,17,0.0005,0.5272757004607808,0.6259075999259949,0.8795430220112614,0.700519544779812,1.2214675150534349,0.2343620381411876,0.6353085041046143,0.39302897453308105
h64_wd1e-05_s0,l18,18,0.0005,0.5185594043948434,0.621697723865509,0.8940465664603596,0.7048490846115785,1.165991310241476,0.20051196105488955,0.6534977555274963,0.4167481064796448
h64_wd1e-05_s0,l18,19,0.0005,0.4905481392687017,0.6425834894180298,0.9012130237175611,0.6990351311232063,1.1946746251621336,0.17783326931297624,0.6719831824302673,0.455316424369812
h64_wd1e-05_s0,l18,20,0.0005,0.4727684896100651,0.6358003616333008,0.899654086586936,0.7038594755071746,1.371544611303232,0.17695768073155874,0.6893811225891113,0.49207547307014465
h64_wd1e-05_s0,l18,21,0.0005,0.5053688328374516,0.6459411382675171,0.9073557013665906,0.7085601187530925,1.7477899247610573,0.2098661980224824,0.7077049612998962,0.5169878005981445
h64_wd1e-05_s0,l18,22,0.0005,0.4669326611540534,0.776951789855957,0.9019265670808322,0.7046016823354775,1.6183431010702676,0.2075629660829801,0.7234652638435364,0.5371624231338501
h64_wd1e-05_s0,l18,23,0.0005,0.47273242473602295,0.6260316371917725,0.9212775528565003,0.714992577931717,1.5528865796285296,0.19717593983117904,0.7392204403877258,0.5522947311401367
h64_wd1e-05_s0,l18,24,0.0005,0.4599218165332621,0.6369192004203796,0.9289481440116649,0.7147451756556159,1.4316655135120517,0.1576044726626472,0.7538732886314392,0.5868393182754517
h64_wd1e-05_s0,l18,25,0.0005,0.40925121578303253,0.6663232445716858,0.9308948764484155,0.716848095002474,1.3996583822468107,0.14460659264858766,0.7666795253753662,0.6257716417312622
h64_wd1e-05_s0,l18,26,0.0005,0.4229856797239997,0.6593066453933716,0.9413420819954396,0.7177140029688273,1.7705016001003018,0.1535295258091125,0.7812756299972534,0.6650200486183167
h64_wd1e-05_s0,l18,27,0.0005,0.40782199935479596,0.6580092310905457,0.941334326089317,0.7211776348342404,1.8158326369469882,0.18295071332118118,0.7973982095718384,0.6946707963943481
h64_wd1e-05_s0,l18,28,0.0005,0.41259416802362964,0.6580674052238464,0.9358353886484558,0.7188273132112816,2.0071003829044556,0.16249032724013865,0.813594400882721,0.7222470641136169
h64_wd1e-05_s0,l18,29,0.0005,0.3963535617698323,0.6787219047546387,0.9443668853832192,0.7095497278574963,1.6939486143205797,0.1468644415050207,0.8257883787155151,0.7605779767036438
h64_wd1e-05_s0,l18,30,0.0005,0.3824628808281638,0.7145146131515503,0.9497184606077527,0.7237753587333003,1.8379522005527134,0.15070782552206652,0.8373121619224548,0.8003828525543213
h64_wd1e-05_s0,l18,31,0.0005,0.38154381987723435,0.7142400741577148,0.951145547334295,0.7111578426521523,2.089570080735443,0.1507562055269788,0.8489485383033752,0.8370985388755798
h64_wd1e-05_s0,l18,32,0.0005,0.34860543432560837,0.7157144546508789,0.9600881070935517,0.7194458189015338,1.9061381199482097,0.12773313790408214,0.8584133982658386,0.8701918125152588
h64_wd1e-05_s0,l18,33,0.0005,0.35091016509316186,0.6713794469833374,0.9716599190283401,0.7100445324096981,2.3384104939341515,0.14320089116381207,0.8687626123428345,0.9027215242385864
h64_wd1e-05_s0,l18,34,0.0005,0.3650228164412759,0.6895461082458496,0.9583042486853739,0.7138792676892628,2.6588533232322216,0.15870564358384054,0.8799712061882019,0.9274787306785583
h64_wd1e-05_s0,l18,35,0.0005,0.3797129616141319,0.6870530247688293,0.9648579893588969,0.7164769915883227,2.293878227850572,0.1292310057813508,0.8903815746307373,0.9535520672798157
h64_wd1e-05_s0,l18,36,0.0005,0.3405511927875606,0.722210168838501,0.9642297609629732,0.7258782780801584,2.2333714568331446,0.13398300542966976,0.9006936550140381,0.9874609112739563
h64_wd1e-05_s0,l18,37,0.0005,0.3222444680604068,0.7427675127983093,0.972823304946717,0.7236516575952497,2.394936439890342,0.12413443064737074,0.9104533195495605,1.0208168029785156
h64_wd1e-05_s0,l18,38,0.0005,0.2822529971599579,0.8518202900886536,0.9708184032140474,0.7205591291439881,2.1034630249735966,0.11425590994027152,0.9198759198188782,1.0585360527038574
h64_wd1e-05_s0,l18,39,0.0005,0.3082538226788694,0.7092253565788269,0.9789194471590115,0.7198169223156854,2.7433292506354516,0.13879115261357655,0.93068927526474,1.0955815315246582
h64_wd1e-05_s0,l18,40,0.0005,0.29228235442530026,0.8130488991737366,0.9688251353405618,0.72105393369619,2.1980757830566633,0.10924867136670238,0.940717875957489,1.1335983276367188
h64_wd1e-05_s0,l18,41,0.0005,0.2982118360020898,0.7797518968582153,0.9790590534692167,0.7245175655616031,2.5978496309138586,0.11253978376971778,0.9510712027549744,1.1679741144180298
h64_wd1e-05_s0,l18,42,0.0005,0.27152452685616235,0.833703875541687,0.9740060806304001,0.7065809005442849,2.569469961108802,0.10263602118134905,0.9604314565658569,1.1991419792175293
h64_wd1e-05_s0,l18,43,0.0005,0.27090485800396313,0.8491193056106567,0.9805404315386166,0.7162295893122217,2.5560792475516294,0.11147624195885976,0.9691552519798279,1.2245559692382812
h64_wd1e-05_s0,l18,44,0.0005,0.26768744127316907,0.8930654525756836,0.9814401166488281,0.7238990598713507,2.732123634217697,0.09476049793406277,0.9779185652732849,1.253840684890747
h64_wd1e-05_s0,l18,45,0.0005,0.2496166442605582,0.8835157752037048,0.9879085423550034,0.720806531420089,2.5023612170594443,0.10121613064172541,0.9863802194595337,1.2824128866195679
h64_wd1e-05_s0,l18,46,0.0005,0.28245128758928995,0.778922438621521,0.9874431879876525,0.7183325086590797,3.620421972669611,0.1430649634119246,0.9959668517112732,1.3010342121124268
h64_wd1e-05_s0,l18,47,0.0005,0.3146376514976675,0.7252264022827148,0.9778956675508399,0.7255071746660069,3.143941480550014,0.12133807739842654,1.0064365863800049,1.321075677871704
h64_wd1e-05_s0,l18,48,0.0005,0.26952769404107874,0.8993313908576965,0.9872492903345899,0.7246412666996537,2.619394320884441,0.11659609015129214,1.0181952714920044,1.3533995151519775
h64_wd1e-05_s0,l18,49,0.0005,0.2330200391059572,0.8496414422988892,0.9884669675958241,0.7205591291439881,2.7274280494381715,0.09659134921379137,1.0276294946670532,1.3854206800460815
h64_wd1e-05_s0,l18,50,0.0005,0.24215673384341327,0.9482024908065796,0.9860083453549878,0.7242701632855022,2.489782796574787,0.09906800717708979,1.0364567041397095,1.4226701259613037
h64_wd1e-05_s0,l18,51,0.0005,0.26122031089934433,0.8559231162071228,0.982816789985574,0.723899059871351,3.269143792308316,0.10893793413764437,1.0446921586990356,1.4523011445999146
h64_wd1e-05_s0,l18,52,0.0005,0.2831368046728047,0.8787340521812439,0.9899948811019591,0.7272389905987134,3.353838493909466,0.11494505930908244,1.0535386800765991,1.4760595560073853
h64_wd1e-05_s0,l18,53,0.0005,0.2363681129433892,0.9370107650756836,0.9868847627468317,0.7342899554675903,2.6504139396848894,0.08013590378700068,1.0615358352661133,1.5046427249908447
h64_wd1e-05_s0,l18,54,0.0005,0.25555927509611304,0.8210216760635376,0.9854886996447795,0.7269915883226126,2.8242219855580712,0.08570625245987558,1.0696924924850464,1.5308502912521362
h64_wd1e-05_s0,l18,55,0.0005,0.22672322731126437,0.8776371479034424,0.9920385623652411,0.7138792676892627,2.9559154467609474,0.09009763788047022,1.0774890184402466,1.5624043941497803
h64_wd1e-05_s0,l18,56,0.0005,0.22434105182235892,0.9050983786582947,0.9890370266958288,0.7093023255813954,2.857450158163454,0.08431171925993862,1.0844783782958984,1.5932579040527344
h64_wd1e-05_s0,l18,57,0.0005,0.24957485056736253,0.8326427936553955,0.984844959436611,0.7234042553191489,3.2959109729067864,0.09845326925366878,1.0929604768753052,1.6158952713012695
h64_wd1e-05_s0,l18,58,0.0005,0.2537042579867623,0.8242060542106628,0.9867761800611164,0.724764967837704,2.785789127778013,0.09270907222771192,1.1009174585342407,1.653176188468933
h64_wd1e-05_s0,l18,59,0.0005,0.2895455143668435,0.8993355631828308,0.9841314160733399,0.7232805541810985,3.4424717070604065,0.10157160999333069,1.10990571975708,1.676980972290039
h64_wd1e-05_s0,l18,60,0.0005,0.2650987519459291,0.7564283609390259,0.9895450385468534,0.7135081642751113,3.153777508777688,0.1003736002374462,1.1194913387298584,1.7066948413848877
h64_wd1e-05_s0,l18,61,0.0005,0.28028433295813476,0.7550103068351746,0.9876913769835729,0.7020039584364176,3.143884864359728,0.10873953131272816,1.1290255784988403,1.7316378355026245
h64_wd1e-05_s0,l18,62,0.0005,0.2643445527011698,0.917156994342804,0.9893046054570556,0.7260019792182089,2.9783224225464036,0.09760517053226617,1.1374458074569702,1.7653467655181885
h64_wd1e-05_s0,l18,63,0.0005,0.21815008162097496,0.8880224227905273,0.9949353933019994,0.7227857496288966,2.662756439184611,0.07308238201236851,1.14485502243042,1.799529790878296
h64_wd1e-05_s0,l18,64,0.0005,0.26366180181503296,0.959963321685791,0.9864892115345836,0.7201880257298368,3.880558171255507,0.1044148648985531,1.1516647338867188,1.8193618059158325
h64_wd1e-05_s0,l18,65,0.0005,0.27087473191998224,0.9129763245582581,0.9936091333550499,0.7216724393864423,3.4486232091942526,0.09551400095663533,1.1610721349716187,1.8363865613937378
h64_wd1e-05_s0,l18,66,0.0005,0.2478110979903828,0.9904736876487732,0.9898242511672639,0.7247649678377042,2.9731533100933265,0.08765896134045745,1.1713300943374634,1.8607933521270752
h64_wd1e-05_s0,l18,67,0.0005,0.22361514006148686,0.9147998094558716,0.989265825926443,0.7222909450766948,3.0919581543735037,0.08736606081775157,1.1797008514404297,1.885575771331787
h64_wd1e-05_s0,l18,68,0.0005,0.22714997353878888,0.8300524353981018,0.9885910620937844,0.7089312221672439,2.824395216432958,0.07849359882630445,1.1865489482879639,1.912700891494751
h64_wd1e-05_s0,l18,69,0.0005,0.22819920696995474,0.9016637206077576,0.9944312594040361,0.7178377041068779,3.2880304955001645,0.080942954773291,1.192604899406433,1.9456632137298584
h64_wd1e-05_s0,l18,70,0.0005,0.1851412457498637,0.9801482558250427,0.9954821846836366,0.7247649678377043,2.532340011476291,0.07157643284726212,1.1986280679702759,1.9779448509216309
h64_wd1e-05_s0,l18,71,0.0005,0.199724826623093,1.0905135869979858,0.992732715963206,0.7143122216724394,2.7162200194455077,0.06535793405300708,1.2041761875152588,2.014117956161499
h64_wd1e-05_s0,l18,72,0.0005,0.22866863080046393,1.026992917060852,0.9904175779856361,0.7124567046016823,3.228830780655498,0.07843327814022301,1.2103817462921143,2.040611505508423
h64_wd1e-05_s0,l18,73,0.0005,0.1953634965148839,0.9530270099639893,0.9966572044611972,0.7226620484908461,3.04558546725537,0.06193095251547735,1.2167271375656128,2.06894850730896
