unit,fold,epoch,lr,train_loss,val_loss,train_auc,val_auc,grad_net,grad_head,move_net,move_head
h256_wd0.01_s0,o0,1,0.0005,0.7269632283009981,0.6922132968902588,0.6631548330801798,0.5421232876712329,0.8683687091754282,0.3141558380199095,0.23370550572872162,0.04146258533000946
h256_wd0.01_s0,o0,2,0.0005,0.6911068684176395,0.6924965977668762,0.6915403591550054,0.5710616438356164,0.44825446171531236,0.1654984958282546,0.27670368552207947,0.05153009667992592
h256_wd0.01_s0,o0,3,0.0005,0.6800360805109927,0.6865095496177673,0.7365370735438279,0.6094178082191781,0.5417708955361057,0.19346367182139712,0.29103806614875793,0.053180668503046036
h256_wd0.01_s0,o0,4,0.0005,0.6686620649538542,0.6816956996917725,0.7519740598304411,0.6268835616438355,0.4656959668812997,0.16588602653166337,0.304607093334198,0.04942568019032478
h256_wd0.01_s0,o0,5,0.0005,0.6587362634508234,0.7030063271522522,0.7465124045287572,0.6176369863013699,0.6080161864553275,0.20109186593675718,0.3233623802661896,0.047418173402547836
h256_wd0.01_s0,o0,6,0.0005,0.6539379922967208,0.6571094989776611,0.7867045858514042,0.6710616438356164,0.8759524074123526,0.28130680738262454,0.34208208322525024,0.04772825911641121
h256_wd0.01_s0,o0,7,0.0005,0.6189797050074527,0.6562735438346863,0.7955164873046138,0.6707191780821917,0.6118713874038291,0.20039493086441013,0.36291268467903137,0.06078792363405228
h256_wd0.01_s0,o0,8,0.0005,0.6070578255151448,0.6514817476272583,0.7984250611339129,0.7058219178082191,0.8160755557001127,0.25279380753540476,0.38293716311454773,0.08373720198869705
h256_wd0.01_s0,o0,9,0.0005,0.5863126139891776,0.6387063264846802,0.8243867756843228,0.6982876712328767,0.8421825351339219,0.21587211877312973,0.4029548466205597,0.1088675782084465
h256_wd0.01_s0,o0,10,0.0005,0.5984891088385331,0.6244929432868958,0.8427000183132427,0.7133561643835616,1.0322985772205155,0.2851739310451334,0.419917494058609,0.11914491653442383
h256_wd0.01_s0,o0,11,0.0005,0.5710577117769342,0.6331787705421448,0.8402223443105064,0.7008561643835617,1.0064202351610507,0.23996752880074157,0.4379020035266876,0.1400230973958969
h256_wd0.01_s0,o0,12,0.0005,0.573836486590536,0.6045872569084167,0.862327505413179,0.7333904109589041,1.2041386627160686,0.2561884259044222,0.45340973138809204,0.1549822837114334
h256_wd0.01_s0,o0,13,0.0005,0.5431760267207497,0.6009075045585632,0.8698143898997079,0.7388698630136987,1.0248916723666373,0.2356327726279917,0.46815812587738037,0.17530561983585358
h256_wd0.01_s0,o0,14,0.0005,0.5264327165327574,0.6075823903083801,0.8776675392388156,0.7328767123287672,1.148918133029423,0.2330651114118012,0.4829253554344177,0.21122221648693085
h256_wd0.01_s0,o0,15,0.0005,0.5028180966251775,0.6033042669296265,0.8885154423725343,0.7496575342465753,0.9653151089332421,0.18899456144566953,0.49670156836509705,0.2462785542011261
h256_wd0.01_s0,o0,16,0.0005,0.5072951112922869,0.5924271941184998,0.8947634898576953,0.7422945205479452,1.2449796632564143,0.2357610389504587,0.5100049376487732,0.2773738205432892
h256_wd0.01_s0,o0,17,0.0005,0.47373059391975403,0.5894251465797424,0.9039308836678193,0.7486301369863014,1.1149655598475665,0.21107895077105213,0.5228467583656311,0.31382760405540466
h256_wd0.01_s0,o0,18,0.0005,0.4456471455724616,0.5873953700065613,0.9120964353811848,0.7589041095890411,1.0770892914288903,0.18319119804853862,0.5354234576225281,0.36034515500068665
h256_wd0.01_s0,o0,19,0.0005,0.4502832403308467,0.7229882478713989,0.9123980652597786,0.7410958904109589,1.4838251139706546,0.2560606910765124,0.5464252829551697,0.39592409133911133
h256_wd0.01_s0,o0,20,0.0005,0.49283508250587865,0.5780702829360962,0.9274364692068211,0.7678082191780822,1.746145205147385,0.2843947670866868,0.558160662651062,0.39320236444473267
h256_wd0.01_s0,o0,21,0.0005,0.430413355952815,0.5808436870574951,0.9265638970580314,0.7672945205479451,1.0590169733711623,0.19045566527175253,0.5714461803436279,0.4275352954864502
h256_wd0.01_s0,o0,22,0.0005,0.4208988578696,0.5739793181419373,0.9377242025660085,0.7674657534246575,1.2440083524192187,0.16125423059155541,0.5812898278236389,0.4651017189025879
h256_wd0.01_s0,o0,23,0.0005,0.3745071652688478,0.5862293243408203,0.9421516982839413,0.7695205479452055,1.1100288365732143,0.15690267911086178,0.5920072197914124,0.517479419708252
h256_wd0.01_s0,o0,24,0.0005,0.3609025446992171,0.5876545906066895,0.947419448663672,0.7702054794520548,1.4597450434258044,0.16028287405011854,0.6019293665885925,0.560275673866272
h256_wd0.01_s0,o0,25,0.0005,0.3451863621410571,0.5853963494300842,0.9540768509840675,0.7729452054794521,1.253637638384944,0.16677392274763844,0.6127350926399231,0.6121248006820679
h256_wd0.01_s0,o0,26,0.0005,0.3504156815378289,0.5833896398544312,0.9609173857307522,0.765582191780822,1.4923088790844665,0.14552566526454355,0.6228231191635132,0.6522207856178284
h256_wd0.01_s0,o0,27,0.0005,0.3368280529975891,0.5724026560783386,0.9677902379644292,0.7758561643835618,1.4134457362069666,0.14484945745962846,0.6328579187393188,0.6870287656784058
h256_wd0.01_s0,o0,28,0.0005,0.35100980338297394,0.6146547198295593,0.9656465113272792,0.773972602739726,2.0574834247502958,0.18041544970698328,0.6434628367424011,0.7244946956634521
h256_wd0.01_s0,o0,29,0.0005,0.32497549449142654,0.6153368949890137,0.9719053313081042,0.7618150684931506,1.7306223652019657,0.15482022201138798,0.6531020998954773,0.7603282332420349
h256_wd0.01_s0,o0,30,0.0005,0.3094653212710431,0.5927280783653259,0.9769468592788891,0.7652397260273972,1.6815589065670795,0.13836534987118554,0.6617365479469299,0.8013668060302734
h256_wd0.01_s0,o0,31,0.0005,0.31743202005562027,0.6905030608177185,0.9751478525029894,0.7570205479452055,2.295062777828272,0.17170896092354695,0.6707861423492432,0.8354507088661194
h256_wd0.01_s0,o0,32,0.0005,0.38073092385342244,0.8963938355445862,0.97004168955822,0.7539383561643835,2.9621338439834943,0.21758671456136286,0.6813763380050659,0.854022741317749
h256_wd0.01_s0,o0,33,0.0005,0.37546104977005407,0.6651951670646667,0.9645800342565363,0.7376712328767123,2.34094288282023,0.20128202140728266,0.6909006834030151,0.8588197827339172
h256_wd0.01_s0,o0,34,0.0005,0.2950368821620941,0.6190588474273682,0.9842075213564727,0.7674657534246575,1.8613987876969167,0.13993020232222347,0.6985121965408325,0.8897395133972168
h256_wd0.01_s0,o0,35,0.0005,0.2683968340095721,0.6328662633895874,0.9844768337480745,0.772431506849315,1.74834259802452,0.12749228806614968,0.7057914137840271,0.9366205930709839
h256_wd0.01_s0,o0,36,0.0005,0.24634569726492228,0.6739606857299805,0.9872022751510843,0.7753424657534246,1.788381271119485,0.12592604769780916,0.7127824425697327,0.9821884036064148
h256_wd0.01_s0,o0,37,0.0005,0.2425924743476667,0.6554005146026611,0.9900138965194066,0.7638698630136986,2.061416820698699,0.12680697533074997,0.7202541828155518,1.0223251581192017
h256_wd0.01_s0,o0,38,0.0005,0.24586648141082965,0.6696691513061523,0.989615314179836,0.7712328767123287,2.4700655353718663,0.14778487651413588,0.7271417379379272,1.0578356981277466
h256_wd0.01_s0,o0,39,0.0005,0.2552466078808433,0.7189061045646667,0.990671018754915,0.7580479452054794,2.5106395307187808,0.13419335921462666,0.7337669134140015,1.085682988166809
h256_wd0.01_s0,o0,40,0.0005,0.25037587943829986,0.7431389689445496,0.98626506802831,0.7522260273972602,2.291236235975963,0.1271479967521314,0.7406247854232788,1.1205148696899414
h256_wd0.01_s0,o0,41,0.0005,0.23153961410647944,0.6972612142562866,0.9914466384427281,0.7743150684931507,2.1034478558326564,0.12091389394209591,0.746673583984375,1.1590502262115479
h256_wd0.01_s0,o0,42,0.0005,0.22174399228472458,0.7542807459831238,0.991446638442728,0.7630136986301369,2.446524882528657,0.11916964844889734,0.7527238726615906,1.1959161758422852
h256_wd0.01_s0,o0,43,0.0005,0.21905608357567535,0.6947339773178101,0.9939027674541361,0.7690068493150685,2.0966343395964118,0.11391057020272095,0.7587611675262451,1.2301284074783325
h256_wd0.01_s0,o0,44,0.0005,0.22963377676512065,0.7178395390510559,0.9939889474194488,0.7510273972602739,2.418758340252991,0.1249498340270252,0.7654284238815308,1.2628023624420166
h256_wd0.01_s0,o0,45,0.0005,0.23007263478479886,0.8139247298240662,0.9948399745769103,0.751541095890411,2.5257843860514866,0.12462912450938973,0.7720240950584412,1.2924128770828247
h256_wd0.01_s0,o0,46,0.0005,0.20077263367803475,0.7514650225639343,0.9964450764308568,0.7674657534246575,2.4284161168835814,0.11711023251661215,0.7786294221878052,1.3239375352859497
h256_wd0.01_s0,o0,47,0.0005,0.1688671974759353,0.7569601535797119,0.997716230919217,0.760445205479452,2.0138255436732315,0.09480977522530709,0.7836134433746338,1.3567938804626465
h256_wd0.01_s0,o1,1,0.0005,0.7201891666964481,0.6946028470993042,0.6188044684312015,0.561472602739726,0.8371039169774637,0.2838718410655416,0.23914796113967896,0.04225049167871475
h256_wd0.01_s0,o1,2,0.0005,0.689163979731108,0.6872807145118713,0.7283392043434702,0.6530821917808219,0.6149959942200838,0.21970179013352678,0.27978697419166565,0.05539844185113907
h256_wd0.01_s0,o1,3,0.0005,0.6820060579400313,0.6807219386100769,0.759320901873337,0.6861301369863014,0.5584100250448731,0.19332871132865737,0.29451489448547363,0.05876738205552101
h256_wd0.01_s0,o1,4,0.0005,0.6685287074038857,0.6726044416427612,0.7644055198267783,0.6934931506849314,0.47820625011102286,0.17195570732037482,0.305742084980011,0.05478363856673241
h256_wd0.01_s0,o1,5,0.0005,0.6583905502369529,0.6912733912467957,0.7560891531741157,0.6736301369863014,0.5875019357476907,0.21444899443314225,0.3227918744087219,0.04438750073313713
h256_wd0.01_s0,o1,6,0.0005,0.6683179202832674,0.6606673002243042,0.7796486011914379,0.6986301369863013,0.9236787865206612,0.3168903345818862,0.340131938457489,0.0469588004052639
h256_wd0.01_s0,o1,7,0.0005,0.642632826378471,0.6935076713562012,0.776125995109287,0.6823630136986301,0.6668547149526209,0.23558955455026792,0.357600599527359,0.04670547693967819
h256_wd0.01_s0,o1,8,0.0005,0.6400659272545263,0.6415562629699707,0.7837529220394488,0.6892123287671232,0.7869967361085469,0.26880282910636155,0.3739162087440491,0.051231514662504196
h256_wd0.01_s0,o1,9,0.0005,0.6023006031387731,0.6337695121765137,0.7979079813420376,0.695890410958904,0.702356596273756,0.2280547749421827,0.3914062976837158,0.06839821487665176
h256_wd0.01_s0,o1,10,0.0005,0.6136429654924493,0.6365494728088379,0.8168244837281453,0.7070205479452055,0.9726559276416631,0.26756499656799687,0.4071085751056671,0.08596352487802505
h256_wd0.01_s0,o1,11,0.0005,0.5888475477695465,0.624960720539093,0.8301285158732723,0.7083904109589041,0.9495424599123334,0.2623651047388574,0.42174673080444336,0.10162391513586044
h256_wd0.01_s0,o1,12,0.0005,0.5794823953979894,0.6241274476051331,0.8410518264766399,0.7070205479452055,1.0162261786940505,0.25898813739934107,0.4377446472644806,0.13016703724861145
h256_wd0.01_s0,o1,13,0.0005,0.5746113532467892,0.6219234466552734,0.8546143985177045,0.7157534246575343,1.0662675831796777,0.27037742278234417,0.4523800313472748,0.1447233259677887
h256_wd0.01_s0,o1,14,0.0005,0.5408559865073154,0.6172313690185547,0.8631354425879842,0.7164383561643837,0.9517425613837471,0.22453685351325567,0.46700918674468994,0.17979782819747925
h256_wd0.01_s0,o1,15,0.0005,0.5349956609700856,0.6514994502067566,0.8655484816167361,0.709931506849315,1.0955469490645644,0.26718945364283675,0.48081347346305847,0.21543684601783752
h256_wd0.01_s0,o1,16,0.0005,0.511402185025968,0.6378868818283081,0.8870288379708927,0.7200342465753424,1.015719057024576,0.21271986970926504,0.4940662980079651,0.24779382348060608
h256_wd0.01_s0,o1,17,0.0005,0.5071909945262106,0.6246690154075623,0.8935785153346476,0.7253424657534246,1.2330655986741117,0.24279557006649974,0.5070130825042725,0.2851114571094513
h256_wd0.01_s0,o1,18,0.0005,0.5137943547022971,0.6175368428230286,0.8993418005149252,0.7202054794520548,1.3262415876681686,0.2076181086180668,0.5203481912612915,0.3194082975387573
h256_wd0.01_s0,o1,19,0.0005,0.48523367706098053,0.6192240715026855,0.911062275797434,0.7205479452054795,1.2426069663122856,0.2071818236081325,0.53271484375,0.35558846592903137
h256_wd0.01_s0,o1,20,0.0005,0.4587699316049877,0.6401789784431458,0.9175796356741966,0.7202054794520547,1.227582319747145,0.1970551645191743,0.5438696146011353,0.39560404419898987
h256_wd0.01_s0,o1,21,0.0005,0.43226788859618337,0.6844942569732666,0.9257451873875622,0.7208904109589042,1.1124281936616949,0.1941808958601692,0.5556984543800354,0.4454408288002014
h256_wd0.01_s0,o1,22,0.0005,0.413160093520817,0.6404191851615906,0.934438591388467,0.7222602739726027,1.236856339988793,0.17925162658605248,0.5668137073516846,0.49808982014656067
h256_wd0.01_s0,o1,23,0.0005,0.378689496140731,0.6705295443534851,0.9434767152506222,0.723972602739726,1.3187472653020866,0.167201093113653,0.5774621367454529,0.5512951016426086
h256_wd0.01_s0,o1,24,0.0005,0.39587804988810893,0.7032780647277832,0.9494662228398453,0.7145547945205479,1.750717488221898,0.1949295613068452,0.5876107811927795,0.5865793824195862
h256_wd0.01_s0,o1,25,0.0005,0.38122333194080155,0.6874269247055054,0.9547232007239117,0.7138698630136986,1.563870339217087,0.16986028570159295,0.5991793274879456,0.6275634765625
h256_wd0.01_s0,o1,26,0.0005,0.35932287024824244,0.7093449234962463,0.9565545249868037,0.7174657534246575,1.5630956129110725,0.17152859938443316,0.609817385673523,0.6768792867660522
h256_wd0.01_s0,o1,27,0.0005,0.377508282661438,0.6781790852546692,0.9629318424199335,0.7222602739726027,2.0902105194625724,0.17910574537155982,0.6199820041656494,0.7071130275726318
h256_wd0.01_s0,o1,28,0.0005,0.3760360714636351,0.7513638734817505,0.9635997371511057,0.7222602739726027,2.2056768965936566,0.18392748862491087,0.6296257972717285,0.7318755984306335
h256_wd0.01_s0,o1,29,0.0005,0.35502108382551295,0.7637282609939575,0.9611220631483697,0.7236301369863014,2.069387472126821,0.17794166315246665,0.639430582523346,0.7569292783737183
h256_wd0.01_s0,o1,30,0.0005,0.3214786107602872,0.6857612133026123,0.9757295672688492,0.7214041095890411,1.9701074484068581,0.1745402352884953,0.6474430561065674,0.7904458045959473
h256_wd0.01_s0,o1,31,0.0005,0.3003496198277724,0.7248815894126892,0.9769037692962328,0.7243150684931507,2.0185493045374336,0.1567715865511831,0.656019389629364,0.8316671252250671
h256_wd0.01_s0,o1,32,0.0005,0.33315489009806987,0.703208327293396,0.9829686843551045,0.7241438356164384,2.687072799606401,0.19027657790629038,0.6641571521759033,0.8611166477203369
h256_wd0.01_s0,o1,33,0.0005,0.33453330397605896,0.7516868710517883,0.9828394144071357,0.7094178082191781,2.8471721309339677,0.18909005673077442,0.6724329590797424,0.890727698802948
h256_wd0.01_s0,o1,34,0.0005,0.3026216108548014,0.7781202793121338,0.979823115621196,0.7184931506849316,2.2444847479984955,0.15219107995577902,0.6800613403320312,0.9252110719680786
h256_wd0.01_s0,o1,35,0.0005,0.3098526479382264,0.7102043032646179,0.9851231834879186,0.7227739726027397,2.7436646243898615,0.1711311502870125,0.6875633597373962,0.9495222568511963
h256_wd0.01_s0,o1,36,0.0005,0.274424389788979,0.7766633033752441,0.9855648558101455,0.7291095890410959,2.3074493449013675,0.1612698964032565,0.6939855813980103,0.9875823855400085
h256_wd0.01_s0,o1,37,0.0005,0.23281442570058922,0.929297924041748,0.9812343125531892,0.7261986301369863,2.0090720268672704,0.12779224929994376,0.7005594968795776,1.0338374376296997
h256_wd0.01_s0,o1,38,0.0005,0.24222507837571597,0.7653769850730896,0.9891844143532731,0.7176369863013699,2.1101181557759476,0.1372595318572492,0.7065659761428833,1.0615571737289429
h256_wd0.01_s0,o1,39,0.0005,0.238315360326516,0.7972726821899414,0.9936550000538625,0.7143835616438357,2.5133928784855004,0.1370215740733446,0.7128857970237732,1.1006710529327393
h256_wd0.01_s0,o1,40,0.0005,0.19632038630937276,0.8380330204963684,0.9933856876622608,0.7232876712328766,1.712054611152731,0.10919815504212046,0.7197542190551758,1.1464393138885498
h256_wd0.01_s0,o1,41,0.0005,0.19568906410744316,0.9634532332420349,0.9895937691885079,0.7253424657534246,2.12601810038698,0.10487533621446495,0.7255544662475586,1.1894491910934448
h256_wd0.01_s0,o1,42,0.0005,0.23513714812303843,0.8041039109230042,0.9953893718557778,0.7277397260273972,3.231020805656955,0.13604688499398393,0.731658399105072,1.2140964269638062
h256_wd0.01_s0,o1,43,0.0005,0.2363448292016983,0.7539612054824829,0.9936550000538624,0.7357876712328766,2.9071085122956775,0.13232963711675563,0.7379999160766602,1.2435200214385986
h256_wd0.01_s0,o1,44,0.0005,0.224294787174777,0.7671465277671814,0.9940535823934331,0.7287671232876711,2.563969956742483,0.12631999333048016,0.7444180250167847,1.2765215635299683
h256_wd0.01_s0,o1,45,0.0005,0.22967108731207095,0.7687456607818604,0.9959064516476532,0.7238013698630137,2.8831912817381538,0.13204434367789783,0.7507635951042175,1.3089300394058228
h256_wd0.01_s0,o1,46,0.0005,0.1942729149994097,0.8537876605987549,0.9969944737097244,0.7215753424657534,2.300900827827619,0.10465052593444445,0.7575938105583191,1.3394466638565063
h256_wd0.01_s0,o1,47,0.0005,0.2020026182657794,0.8100993633270264,0.9974792360146075,0.7155821917808217,2.3959990264318534,0.11932077225409932,0.7644587159156799,1.3732179403305054
h256_wd0.01_s0,o1,48,0.0005,0.1769654813565706,0.8863850235939026,0.9980932682674596,0.722945205479452,2.0914680743289646,0.1076765848039879,0.7698014378547668,1.415449619293213
h256_wd0.01_s0,o1,49,0.0005,0.17703110450192502,0.9505801796913147,0.9934610951319093,0.7152397260273972,2.825227079042546,0.10704105517205423,0.7748845815658569,1.4505802392959595
h256_wd0.01_s0,o1,50,0.0005,0.18539901665951075,0.7922218441963196,0.9983410356677331,0.723972602739726,2.771418224019108,0.11281019423231141,0.781233012676239,1.4784259796142578
h256_wd0.01_s0,o1,51,0.0005,0.1787473622121309,0.8570088744163513,0.9976515959452326,0.7255136986301369,2.146718893851192,0.10338028861732966,0.7872380018234253,1.5212960243225098
h256_wd0.01_s0,o1,52,0.0005,0.1684031176723932,1.0210678577423096,0.9963912139525364,0.7270547945205479,2.6489779611042565,0.08840323826611912,0.7919527292251587,1.5600885152816772
h256_wd0.01_s0,o1,53,0.0005,0.17471377590769216,0.9168074727058411,0.9979532258238266,0.7231164383561643,3.125047484562917,0.1019776196838697,0.7971827387809753,1.5870115756988525
h256_wd0.01_s0,o1,54,0.0005,0.21487810541140406,0.9608003497123718,0.9966712988398021,0.7265410958904108,3.4264039342380093,0.12005496034862961,0.8030920624732971,1.605285406112671
h256_wd0.01_s0,o1,55,0.0005,0.14530876239663676,0.8675660490989685,0.9986426655463272,0.7368150684931506,2.418121143005632,0.08450819592326365,0.8079250454902649,1.6201997995376587
h256_wd0.01_s0,o1,56,0.0005,0.13978555367181175,1.0029045343399048,0.998911977937929,0.7207191780821918,2.791975561603256,0.09357173310203655,0.8120100498199463,1.6549103260040283
h256_wd0.01_s0,o1,57,0.0005,0.19980479463150627,0.8789387345314026,0.9982440832067565,0.7231164383561643,3.4997573644057285,0.10764978288424924,0.8189529180526733,1.672943353652954
h256_wd0.01_s0,o1,58,0.0005,0.15430108810725965,0.9021729826927185,0.9980286332934751,0.7304794520547945,2.424017885985799,0.08615724753476929,0.8243083953857422,1.7034000158309937
h256_wd0.01_s0,o1,59,0.0005,0.1608349518164208,0.8414990901947021,0.9971237436576932,0.7335616438356164,2.5846234870012568,0.08379724431774703,0.8286325335502625,1.7377995252609253
h256_wd0.01_s0,o1,60,0.0005,0.15972202584931725,0.8683664202690125,0.9992243803121869,0.7361301369863014,2.444487278316251,0.09013552591245917,0.8327354192733765,1.7745386362075806
h256_wd0.01_s0,o1,61,0.0005,0.12434689935884978,0.9003376960754395,0.9992997877818355,0.7303082191780822,2.1523711771136878,0.08667320137692934,0.8364058136940002,1.8190776109695435
h256_wd0.01_s0,o1,62,0.0005,0.16442377747673736,0.8446204662322998,0.9987396180073037,0.7345890410958905,3.6045215019193035,0.113715495626835,0.8410511016845703,1.853941559791565
h256_wd0.01_s0,o1,63,0.0005,0.15968951700549378,0.870980978012085,0.9992459253035151,0.724486301369863,2.7513007057525174,0.07727898394433413,0.8454034924507141,1.8845453262329102
h256_wd0.01_s0,o1,64,0.0005,0.16524654469991984,0.9165144562721252,0.9992459253035151,0.7294520547945205,3.2530637274481804,0.08782162556668215,0.8494455814361572,1.9167228937149048
h256_wd0.01_s0,o1,65,0.0005,0.12239092960953712,1.0068234205245972,0.9996445076430857,0.7256849315068493,2.308770443230766,0.07461954873740269,0.8537285923957825,1.948693871498108
h256_wd0.01_s0,o1,66,0.0005,0.09695347133827836,0.9613474011421204,0.9998815025476951,0.7267123287671232,2.0382705575586173,0.05959100923184066,0.856855571269989,1.9801769256591797
h256_wd0.01_s0,o1,67,0.0005,0.09346983522961014,1.0116593837738037,0.9998276400693749,0.7316780821917808,2.0347858385003037,0.05727330281491307,0.8595564961433411,2.0119988918304443
h256_wd0.01_s0,o1,68,0.0005,0.09061704928937711,1.0197561979293823,0.9996552801387498,0.7282534246575344,2.169052546708579,0.060863181595680896,0.8621298670768738,2.041043281555176
h256_wd0.01_s0,o1,69,0.0005,0.09054678345197126,1.0769070386886597,0.9998815025476953,0.7272260273972602,1.9147099298454737,0.05645727721850106,0.8648133873939514,2.071141004562378
h256_wd0.01_s0,o1,70,0.0005,0.0860356094413682,1.0434513092041016,0.9998384125650389,0.7289383561643836,2.0403920002139735,0.05734503566014104,0.8674905300140381,2.099766969680786
h256_wd0.01_s0,o1,71,0.0005,0.11262946262171394,0.8514093160629272,0.9997630050953905,0.725,2.844193691101465,0.06028753508261485,0.8706713914871216,2.1238555908203125
h256_wd0.01_s0,o1,72,0.0005,0.10800769699639395,1.1672470569610596,0.9999569100173437,0.7315068493150684,2.6382239442000794,0.06147079003664807,0.8740084171295166,2.1522114276885986
h256_wd0.01_s0,o1,73,0.0005,0.09701011643597954,1.0709755420684814,0.9999784550086718,0.7232876712328766,2.417537429522108,0.06127200862799997,0.8772377967834473,2.1761634349823
h256_wd0.01_s0,o1,74,0.0005,0.11131803456105684,1.1361182928085327,0.9965635738831615,0.7284246575342466,2.8272108794646478,0.06942155605879041,0.8803725242614746,2.2027487754821777
h256_wd0.01_s0,o1,75,0.0005,0.1845587121420785,0.9005226492881775,0.9990089303989055,0.7078767123287671,3.910994987499523,0.10520130060074316,0.885197103023529,2.2228527069091797
h256_wd0.01_s0,o2,1,0.0005,0.7256545393090499,0.6911003589630127,0.6295123291212874,0.5827054794520549,0.8250883006685928,0.32217282499794675,0.2341638207435608,0.04078385606408119
h256_wd0.01_s0,o2,2,0.0005,0.6947953920615347,0.6868720650672913,0.7237608936862403,0.659417808219178,0.45110790115572985,0.1770041730722556,0.2748516798019409,0.05601614713668823
h256_wd0.01_s0,o2,3,0.0005,0.6829096674919128,0.6819766759872437,0.7645778797574033,0.692123287671233,0.32058062414306066,0.11874519484414027,0.2870742976665497,0.05697159841656685
h256_wd0.01_s0,o2,4,0.0005,0.6696250093610663,0.6754603385925293,0.7714722769824085,0.6979452054794519,0.36213664711686705,0.13496021716650533,0.2976045608520508,0.04842400923371315
h256_wd0.01_s0,o2,5,0.0005,0.6636278127369127,0.669212281703949,0.77597518016999,0.6976027397260273,0.5897957990876174,0.1987853280517408,0.31141796708106995,0.044321343302726746
h256_wd0.01_s0,o2,6,0.0005,0.6527008759348016,0.6562261581420898,0.7827403074470262,0.6952054794520547,0.7612472809440124,0.2539738593470644,0.3277321755886078,0.04999181628227234
h256_wd0.01_s0,o2,7,0.0005,0.6415948146267941,0.6763488054275513,0.7884497301489836,0.6993150684931506,0.5772461932844825,0.18781141512970417,0.3451405465602875,0.06459435820579529
h256_wd0.01_s0,o2,8,0.0005,0.6342483319734272,0.6486436128616333,0.7765245774488576,0.6708904109589041,0.6527182369052241,0.2022132877829313,0.3619410991668701,0.08251723647117615
h256_wd0.01_s0,o2,9,0.0005,0.6102035861266287,0.632225513458252,0.8122030830882591,0.7114726027397259,0.7816351519313154,0.2231003584817924,0.37966659665107727,0.1086711660027504
h256_wd0.01_s0,o2,10,0.0005,0.6169955259875247,0.6336897611618042,0.8239451033620959,0.7102739726027397,1.0679341121241086,0.31631090442891574,0.3973015248775482,0.122651107609272
h256_wd0.01_s0,o2,11,0.0005,0.5973019819510611,0.634034276008606,0.8372168180202307,0.71986301369863,0.9641145832724487,0.2694447735409511,0.4118870198726654,0.13790057599544525
h256_wd0.01_s0,o2,12,0.0005,0.5772810280323029,0.6356996893882751,0.8388003748828492,0.7046232876712328,1.0141995076964052,0.25360496034763846,0.4271944761276245,0.16977085173130035
h256_wd0.01_s0,o2,13,0.0005,0.5515667560853457,0.6294041872024536,0.8615087957427097,0.7227739726027397,0.8219706789748674,0.2015034651824922,0.4415012300014496,0.19785717129707336
h256_wd0.01_s0,o2,14,0.0005,0.5328900406235143,0.6202142238616943,0.8703637871785757,0.7212328767123287,1.0349896211909302,0.22152694949082752,0.4550863206386566,0.23515217006206512
h256_wd0.01_s0,o2,15,0.0005,0.5300245692855433,0.6194853782653809,0.8852190586993288,0.7210616438356163,1.1165194975708994,0.23918594693294168,0.46761560440063477,0.2646951377391815
h256_wd0.01_s0,o2,16,0.0005,0.49777849253855255,0.6152331233024597,0.894558812440078,0.7268835616438356,0.9559358104825476,0.20662634798664278,0.4809289872646332,0.31209224462509155
h256_wd0.01_s0,o2,17,0.0005,0.47084570558447586,0.6265801191329956,0.9037477512415302,0.7205479452054795,0.9838159653335415,0.19000335392453724,0.4929914176464081,0.3576343059539795
h256_wd0.01_s0,o2,18,0.0005,0.4661839431837985,0.6465860605239868,0.911385450667356,0.7260273972602739,1.2915933723015127,0.19529834890418776,0.5051047801971436,0.4009382128715515
h256_wd0.01_s0,o2,19,0.0005,0.4680793567707664,0.6357247829437256,0.9160283962985705,0.723458904109589,1.5347124978179583,0.20977025512802075,0.5172339677810669,0.4318709373474121
h256_wd0.01_s0,o2,20,0.0005,0.43294008468326767,0.6533625721931458,0.9278889140247121,0.7133561643835615,1.1380013362866768,0.17897272305262685,0.5281981825828552,0.4659380316734314
h256_wd0.01_s0,o2,21,0.0005,0.40918662987257304,0.6518738269805908,0.9317670124637775,0.7162671232876712,1.1985459292124798,0.17442396863065643,0.5390974283218384,0.5177220106124878
h256_wd0.01_s0,o2,22,0.0005,0.40599178169903,0.6478384733200073,0.9417423434487068,0.7148972602739726,1.3741483046124738,0.16171192993316036,0.548987090587616,0.5647357702255249
h256_wd0.01_s0,o2,23,0.0005,0.380946441700584,0.7004267573356628,0.9425933706061683,0.7147260273972602,1.2385190520302236,0.1890236664408004,0.5595843195915222,0.6155868172645569
h256_wd0.01_s0,o2,24,0.0005,0.3956352323293686,0.691577136516571,0.95416303094938,0.7087328767123288,2.001882900409241,0.20375970258584153,0.5697240829467773,0.650564968585968
h256_wd0.01_s0,o2,25,0.0005,0.3707620548574548,0.6878232955932617,0.9578041344838358,0.7111301369863012,1.626090095952098,0.1768088832406949,0.5788005590438843,0.682634174823761
h256_wd0.01_s0,o2,26,0.0005,0.3410000314838008,0.7286866307258606,0.9619946352971593,0.7005136986301369,1.5244621551137523,0.1587419697571827,0.5881938338279724,0.7332248687744141
h256_wd0.01_s0,o2,27,0.0005,0.3627965073836477,0.7229244709014893,0.9646123517435286,0.7037671232876712,1.8660191735992862,0.17272392740289627,0.5966499447822571,0.7645595073699951
h256_wd0.01_s0,o2,28,0.0005,0.3306281645047037,0.7253552079200745,0.9686843551045471,0.7053082191780822,1.8872964117069049,0.15174150217296437,0.6054287552833557,0.8092293739318848
h256_wd0.01_s0,o2,29,0.0005,0.3089890166332847,0.7564025521278381,0.9694599747923601,0.7041095890410958,1.6505544266008998,0.13799232864827587,0.6138990521430969,0.8635972142219543
h256_wd0.01_s0,o2,30,0.0005,0.3078586459159851,0.743117094039917,0.9760850596257635,0.6994863013698631,1.7839870628647008,0.14207773888153294,0.6218966245651245,0.9063222408294678
h256_wd0.01_s0,o2,31,0.0005,0.31874260855348485,0.7597131133079529,0.9730903058311519,0.706849315068493,2.4388270279168363,0.16319302242445696,0.630281925201416,0.9460424780845642
h256_wd0.01_s0,o2,32,0.0005,0.4071196788235715,0.6809855103492737,0.9747923601460751,0.6996575342465753,2.6441682049114275,0.21301984370925298,0.6386640071868896,0.9546204805374146
h256_wd0.01_s0,o2,33,0.0005,0.33761385396907206,0.7762960195541382,0.9735535231447069,0.7023972602739726,1.745968041108828,0.13687690826892993,0.6457181572914124,0.9899145364761353
h256_wd0.01_s0,o2,34,0.0005,0.26861702611571864,0.8111874461174011,0.9806525977873294,0.7001712328767122,1.9100675851898243,0.12828129844509192,0.6520087122917175,1.0322303771972656
h256_wd0.01_s0,o2,35,0.0005,0.26203960807699905,0.8840652108192444,0.9812989475271736,0.6940068493150685,2.1121301850247995,0.1214172751376964,0.6574883460998535,1.0681231021881104
h256_wd0.01_s0,o2,36,0.0005,0.24290664572464793,0.7850519418716431,0.9870837776987795,0.6931506849315068,1.9336000371707347,0.12653395386571073,0.6629521250724792,1.107709527015686
h256_wd0.01_s0,o3,1,0.0005,0.7244764378196314,0.6921336650848389,0.6020963276562281,0.5332191780821918,0.6707404121013661,0.2483180068691783,0.24045981466770172,0.040276143699884415
h256_wd0.01_s0,o3,2,0.0005,0.6915253024352225,0.6874868869781494,0.7506490428637602,0.6857876712328766,0.3385193853441036,0.13341073453574298,0.28116458654403687,0.05036935955286026
h256_wd0.01_s0,o3,3,0.0005,0.6815037884210285,0.6804649233818054,0.7647610121836925,0.7058219178082191,0.32105871161020494,0.11951758127721233,0.29513120651245117,0.05036243796348572
h256_wd0.01_s0,o3,4,0.0005,0.6636915897068224,0.6733366250991821,0.781619967897963,0.714041095890411,0.3845815910004909,0.1429002579005875,0.31030189990997314,0.05364963412284851
h256_wd0.01_s0,o3,5,0.0005,0.6560760077677275,0.6746237874031067,0.7807043057665171,0.7128424657534246,0.6733768994850501,0.21889204909872984,0.32768601179122925,0.06982982903718948
h256_wd0.01_s0,o3,6,0.0005,0.6592540521370737,0.6499860882759094,0.7882881427140226,0.725513698630137,0.9622033018760363,0.31273225587677905,0.34368467330932617,0.07625873386859894
h256_wd0.01_s0,o3,7,0.0005,0.6299885856477838,0.6434657573699951,0.7942884227989099,0.725,0.61670749896077,0.1998352607556817,0.35757169127464294,0.09383781254291534
h256_wd0.01_s0,o3,8,0.0005,0.6252181592740511,0.6440786719322205,0.7801764534789775,0.7160958904109589,0.7348666242637911,0.21055906846086148,0.3719535768032074,0.11683057248592377
h256_wd0.01_s0,o3,9,0.0005,0.6068901827460841,0.625012218952179,0.8027232869038771,0.7309931506849315,0.6918662374274996,0.20294850924969998,0.3873431086540222,0.14086589217185974
h256_wd0.01_s0,o3,10,0.0005,0.5880915836284035,0.6623560190200806,0.8211981169677579,0.7340753424657533,0.7216209104156368,0.20262346462571068,0.4022909700870514,0.1690576672554016
h256_wd0.01_s0,o3,11,0.0005,0.5832708979907789,0.6177491545677185,0.8342974716952677,0.7407534246575342,0.9416519751914787,0.21642533311078357,0.41526442766189575,0.18670497834682465
h256_wd0.01_s0,o3,12,0.0005,0.5545065936289335,0.6094616055488586,0.8434648655053917,0.7373287671232877,0.8243826905802409,0.19591935605543798,0.4324052035808563,0.22001919150352478
h256_wd0.01_s0,o3,13,0.0005,0.5414881596439763,0.6036396622657776,0.8546467160046969,0.7404109589041095,0.8545832177147081,0.204936121338265,0.44706013798713684,0.26021847128868103
h256_wd0.01_s0,o3,14,0.0005,0.5434495477299941,0.6042318344116211,0.865677751564705,0.7469178082191781,1.235815493994263,0.23306799697025488,0.46074822545051575,0.29262110590934753
h256_wd0.01_s0,o3,15,0.0005,0.5254673424519991,0.6002054810523987,0.8727875987029915,0.7472602739726026,0.983548482484667,0.19628598667024966,0.47220855951309204,0.32133015990257263
h256_wd0.01_s0,o3,16,0.0005,0.5117545237666682,0.5999646186828613,0.8808238804683881,0.7476027397260273,0.9799509947077747,0.17255647301812663,0.4850619435310364,0.36378616094589233
h256_wd0.01_s0,o3,17,0.0005,0.47665189912444667,0.6023741960525513,0.8947527173620313,0.7452054794520548,0.9903906240888688,0.16367707637052115,0.49790170788764954,0.4065279960632324
h256_wd0.01_s0,o3,18,0.0005,0.47013404181129054,0.5910694599151611,0.9056006204957504,0.7532534246575342,1.0684698592138657,0.16432814412329141,0.5089343190193176,0.4469554126262665
h256_wd0.01_s0,o3,19,0.0005,0.45472287033733566,0.6164097785949707,0.9190554675801743,0.7493150684931507,1.1839029452084082,0.17284544129361742,0.5200786590576172,0.4906961917877197
h256_wd0.01_s0,o3,20,0.0005,0.4335578978061676,0.5941159129142761,0.9265208070753751,0.7554794520547944,1.2331876655698517,0.17460696243729237,0.5326574444770813,0.5470125079154968
h256_wd0.01_s0,o3,21,0.0005,0.40947223650781733,0.6274905204772949,0.9292677934697132,0.759417808219178,1.2902856346297509,0.14298461376396152,0.5442570447921753,0.5930626392364502
h256_wd0.01_s0,o3,22,0.0005,0.3979861579443279,0.6008203029632568,0.9388553146107359,0.7566780821917808,1.3153217883058854,0.14960670339077234,0.5554606318473816,0.636814534664154
h256_wd0.01_s0,o3,23,0.0005,0.3594290582757247,0.621738851070404,0.9445001023387087,0.7601027397260274,1.305993691189794,0.15284735238527541,0.5663003325462341,0.6856395602226257
h256_wd0.01_s0,o3,24,0.0005,0.43945443316509847,0.6380120515823364,0.9391569444893297,0.7383561643835616,2.2203178491444384,0.20972648860448967,0.5781115889549255,0.7005472183227539
h256_wd0.01_s0,o3,25,0.0005,0.3987096422596982,0.6107999682426453,0.9499509851447285,0.7556506849315069,1.3838061545258746,0.15696378459616522,0.5898301005363464,0.7388419508934021
h256_wd0.01_s0,o3,26,0.0005,0.3761684110290126,0.6234227418899536,0.9587090241196179,0.7518835616438356,1.6547007890281857,0.16126296231804477,0.5992991328239441,0.7909134030342102
h256_wd0.01_s0,o3,27,0.0005,0.3676711540473135,0.6660673022270203,0.9550248306025058,0.7537671232876711,1.8248614501397158,0.15687599727074392,0.6072105169296265,0.8338040709495544
h256_wd0.01_s0,o3,28,0.0005,0.3884069496079495,0.6359966397285461,0.9570177423003587,0.7508561643835616,1.8991348145358524,0.164028821434114,0.6150249242782593,0.8701913356781006
h256_wd0.01_s0,o3,29,0.0005,0.3814173215313962,0.64701908826828,0.9654956963879823,0.7482876712328768,2.3509814008738856,0.16678407777640777,0.6223880052566528,0.8908684849739075
h256_wd0.01_s0,o3,30,0.0005,0.35718573865137604,0.6523763537406921,0.9699124196102511,0.7465753424657534,2.1604044878656112,0.163108191515578,0.6309089064598083,0.919231116771698
h256_wd0.01_s0,o3,31,0.0005,0.32302463995782954,0.628267228603363,0.9705479968544313,0.7402397260273973,2.015069560675773,0.1347541226937063,0.6386592388153076,0.9552661180496216
h256_wd0.01_s0,o3,32,0.0005,0.3187485345100102,0.6507450938224792,0.9771084467138502,0.7558219178082192,1.85662803543758,0.1380812053913376,0.6460151672363281,0.9964593052864075
h256_wd0.01_s0,o3,33,0.0005,0.3029380997544841,0.6512919664382935,0.9820099322410023,0.7525684931506849,2.298686091814746,0.1447467891002941,0.6531526446342468,1.0420657396316528
h256_wd0.01_s0,o3,34,0.0005,0.28956765093301473,0.7288698554039001,0.9834103566773315,0.7580479452054794,1.9790540546951902,0.12744042750268933,0.6609252095222473,1.0841383934020996
h256_wd0.01_s0,o3,35,0.0005,0.2909519617494784,0.6990572214126587,0.9798123431255319,0.7535958904109589,2.268887375380232,0.14147974572133268,0.6677886843681335,1.1176811456680298
h256_wd0.01_s0,o3,36,0.0005,0.2647214508370349,0.7124878764152527,0.9846384211830355,0.759931506849315,1.9449763130105655,0.11575576462990912,0.6733000874519348,1.145034909248352
h256_wd0.01_s0,o3,37,0.0005,0.25945274923977096,0.6838740706443787,0.9886565620657337,0.7542808219178082,2.2632530186038378,0.10135037861635265,0.6785925626754761,1.1764869689941406
h256_wd0.01_s0,o3,38,0.0005,0.22921363146681534,0.7056160569190979,0.9857048982537785,0.7582191780821917,1.974993882328875,0.11199908366904793,0.6842756867408752,1.218641757965088
h256_wd0.01_s0,o3,39,0.0005,0.2130952136296975,0.7442380785942078,0.9864805179415915,0.7510273972602739,1.855529383286744,0.10044596194848171,0.6900852918624878,1.2641081809997559
h256_wd0.01_s0,o3,40,0.0005,0.23250027236185575,0.7422271370887756,0.9889689644399917,0.7472602739726028,1.9784134152310273,0.09388824121134295,0.6957730650901794,1.3047471046447754
h256_wd0.01_s0,o3,41,0.0005,0.234894208217922,0.9399080872535706,0.9854248133665127,0.7482876712328768,2.848516037763923,0.12344612408235962,0.7011104226112366,1.3409627676010132
h256_wd0.01_s0,o3,42,0.0005,0.23486975384385964,0.747909665107727,0.9907679712158916,0.7565068493150685,2.2657795472871083,0.10727035930015871,0.7063302397727966,1.368451476097107
h256_wd0.01_s0,o3,43,0.0005,0.20256861024781278,0.7802589535713196,0.9932887352012841,0.7510273972602739,1.95958259549555,0.09547088277634905,0.7108074426651001,1.4012519121170044
h256_wd0.01_s0,o4,1,0.0005,0.6906914397289878,0.6772761344909668,0.6847615979381444,0.6976027397260274,1.016156413383131,0.3060001692176546,0.2435050904750824,0.020249396562576294
h256_wd0.01_s0,o4,2,0.0005,0.6665256243003043,0.6519054770469666,0.7750107388316152,0.7440068493150684,1.2328198991898467,0.43135849566229395,0.2919776141643524,0.03044784627854824
h256_wd0.01_s0,o4,3,0.0005,0.6450615054682681,0.6374534964561462,0.7952963917525774,0.7270547945205479,1.3122505741251913,0.4638541957365156,0.32281792163848877,0.02957025170326233
h256_wd0.01_s0,o4,4,0.0005,0.6313476468387403,0.6306028962135315,0.805713058419244,0.7476027397260273,1.2401798904849752,0.40904139832920233,0.3516213893890381,0.03334948793053627
h256_wd0.01_s0,o4,5,0.0005,0.6177103895890085,0.625933051109314,0.8254939862542956,0.7147260273972601,1.4007353984915965,0.45212546285535504,0.38209089636802673,0.03679463267326355
h256_wd0.01_s0,o4,6,0.0005,0.6140974038525632,0.6223981380462646,0.8360824742268042,0.7551369863013698,1.3719479622231499,0.4439681779190739,0.40952739119529724,0.039110444486141205
h256_wd0.01_s0,o4,7,0.0005,0.5688791322080713,0.6105911135673523,0.8505154639175256,0.7458904109589041,0.9232665423200569,0.2718988591097922,0.4367058575153351,0.050165142863988876
h256_wd0.01_s0,o4,8,0.0005,0.5502010427023235,0.6261427998542786,0.8628006872852234,0.7268835616438356,1.0568539002756991,0.3223736415446757,0.4620056748390198,0.07014890760183334
h256_wd0.01_s0,o4,9,0.0005,0.5259563515060827,0.6040896773338318,0.8775451030927834,0.7419520547945204,1.141623829705575,0.3177080027790876,0.4910837411880493,0.09262289106845856
h256_wd0.01_s0,o4,10,0.0005,0.5357831136176461,0.6292210221290588,0.8843642611683848,0.7566780821917809,1.6598232131158392,0.4465295769325608,0.5174797177314758,0.10943140089511871
h256_wd0.01_s0,o4,11,0.0005,0.5122323836150923,0.6488457918167114,0.8974226804123712,0.7532534246575343,1.3319026110762144,0.3506638943080708,0.5421881079673767,0.12286046892404556
h256_wd0.01_s0,o4,12,0.0005,0.46719230005615636,0.6236632466316223,0.903382731958763,0.7405821917808219,1.1159102630484812,0.3005805266450778,0.5665538907051086,0.14956432580947876
h256_wd0.01_s0,o4,13,0.0005,0.45653050039943893,0.6754975914955139,0.9117053264604811,0.7544520547945206,1.244609706805197,0.3067560417896945,0.5871875882148743,0.17903566360473633
h256_wd0.01_s0,o4,14,0.0005,0.4369753881504661,0.6187673807144165,0.9237542955326461,0.7551369863013697,1.2875216224111938,0.3212936936337008,0.6090773940086365,0.20858559012413025
h256_wd0.01_s0,o4,15,0.0005,0.43497762711424576,0.6142164468765259,0.9324634879725086,0.7539383561643834,1.4604358689348302,0.33359162298519335,0.6326914429664612,0.23178373277187347
h256_wd0.01_s0,o4,16,0.0005,0.4175313248446113,0.6107578873634338,0.9407646048109967,0.7544520547945205,1.4648808941701281,0.29352479344571336,0.6531405448913574,0.2561635375022888
h256_wd0.01_s0,o4,17,0.0005,0.42616195427744014,0.6411750316619873,0.949634879725086,0.761472602739726,2.0015812510624857,0.3562454197229679,0.6725581884384155,0.27378684282302856
h256_wd0.01_s0,o4,18,0.0005,0.41185016067404495,0.7285405397415161,0.9533182989690723,0.759417808219178,1.9992908729988983,0.3793337707142076,0.6927780508995056,0.29205238819122314
h256_wd0.01_s0,o4,19,0.0005,0.3652379402988835,0.6571061611175537,0.9583548109965636,0.7606164383561644,1.59506227351193,0.2897680298768867,0.7113875150680542,0.3144555985927582
h256_wd0.01_s0,o4,20,0.0005,0.3828719760242261,0.618996798992157,0.9635953608247423,0.7573630136986301,2.109938770960545,0.30307957318171097,0.7290301322937012,0.3346629738807678
h256_wd0.01_s0,o4,21,0.0005,0.3605833555522718,1.135209083557129,0.9608140034364261,0.7592465753424658,2.132545064437544,0.37928527452903904,0.7455291152000427,0.3633304834365845
h256_wd0.01_s0,o4,22,0.0005,0.3848292827606201,0.7446244359016418,0.9656464776632302,0.7503424657534246,2.235789533259473,0.41457922683875564,0.7629903554916382,0.3641345202922821
h256_wd0.01_s0,o4,23,0.0005,0.4615806780363384,0.7550275921821594,0.9615764604810997,0.7277397260273972,3.0798171770090845,0.49071444549318394,0.7814458012580872,0.34895578026771545
h256_wd0.01_s0,o4,24,0.0005,0.456289604306221,0.602218747138977,0.9760201890034363,0.7582191780821919,2.5067097475520455,0.4533301988653122,0.7979735732078552,0.33942821621894836
h256_wd0.01_s0,o4,25,0.0005,0.40931876395878036,0.6788787245750427,0.9694909793814432,0.761986301369863,2.1721958308997458,0.38062217523901315,0.8127841949462891,0.33661362528800964
h256_wd0.01_s0,o4,26,0.0005,0.38582273611896917,0.6320499181747437,0.9756335910652921,0.7647260273972603,2.074754009817556,0.3619843409141297,0.8281604051589966,0.34501558542251587
h256_wd0.01_s0,o4,27,0.0005,0.3023821515472312,0.6702524423599243,0.9794995704467354,0.7647260273972603,1.1009424349700005,0.22545112459361513,0.840856671333313,0.38098663091659546
h256_wd0.01_s0,o4,28,0.0005,0.30631298846320104,0.6514840126037598,0.9790378006872853,0.7523972602739726,1.6197007145062312,0.26306987882424393,0.8528823852539062,0.41564613580703735
h256_wd0.01_s0,o4,29,0.0005,0.33560934427537414,0.8778892159461975,0.9827534364261168,0.7513698630136986,2.2631915435710646,0.2986471937887858,0.8653301000595093,0.44366487860679626
h256_wd0.01_s0,o4,30,0.0005,0.2876075898346148,0.7737886309623718,0.9839669243986254,0.754623287671233,1.9311626243865612,0.2669609936364175,0.8788345456123352,0.46323686838150024
h256_wd0.01_s0,o4,31,0.0005,0.3004651681372994,0.8051920533180237,0.9869952749140893,0.7520547945205479,2.1049389076258698,0.2946769770444716,0.8913854360580444,0.4829452931880951
h256_wd0.01_s0,o4,32,0.0005,0.26665521217019933,0.6902198791503906,0.9851589347079038,0.7589041095890411,1.5479682243326611,0.2404480559730462,0.902417778968811,0.5051006078720093
h256_wd0.01_s0,o4,33,0.0005,0.24323080087962903,0.7602689266204834,0.9879188144329897,0.7609589041095891,1.5891673369187154,0.17998563751964639,0.9120646715164185,0.5394848585128784
h256_wd0.01_s0,o4,34,0.0005,0.23260657724581266,0.7773512005805969,0.9900773195876289,0.7433219178082191,1.6646582206268712,0.19398010392304596,0.9238569140434265,0.56708163022995
h256_wd0.01_s0,o4,35,0.0005,0.24032321729158101,0.8017622232437134,0.9907538659793814,0.7532534246575342,1.9477842348941017,0.2122303020606362,0.9337527751922607,0.5883857011795044
h256_wd0.01_s0,o4,36,0.0005,0.2527728072906795,0.8374519944190979,0.9905176116838489,0.7469178082191781,2.1121482482517226,0.22005153259535373,0.9441884756088257,0.6097602248191833
h256_wd0.01_s0,o4,37,0.0005,0.2255917842450895,0.7886075973510742,0.9917525773195877,0.7424657534246576,1.8124679955915652,0.2170251995839232,0.9548665285110474,0.6266413927078247
h256_wd0.01_s0,o4,38,0.0005,0.19022312681925924,0.8565080165863037,0.9951890034364261,0.7546232876712329,1.32754813870376,0.1625290503125021,0.9644769430160522,0.6599889397621155
h256_wd0.01_s0,o4,39,0.0005,0.21878079442601456,0.7918623089790344,0.9955111683848796,0.7428082191780822,2.2518097195812348,0.20014088656387202,0.9739377498626709,0.6855088472366333
h256_wd0.01_s0,o4,40,0.0005,0.21356068943676196,0.8640284538269043,0.9932560137457045,0.7416095890410959,2.024198112958434,0.1966243509729447,0.9845397472381592,0.7071409225463867
h256_wd0.01_s0,o4,41,0.0005,0.19982274425657173,0.8081395626068115,0.9953715635738831,0.7488013698630136,2.105882667247927,0.19621256159085085,0.9939833879470825,0.7301689386367798
h256_wd0.01_s0,o4,42,0.0005,0.1799788737767621,0.8966318964958191,0.9958225945017183,0.746404109589041,1.757061287682211,0.17189498435993414,1.0026243925094604,0.7568370699882507
h256_wd0.01_s0,o4,43,0.0005,0.21124378748630224,0.8235297799110413,0.9966602233676976,0.7503424657534247,2.7126860888461466,0.21206367681811752,1.0113154649734497,0.7677685618400574
h256_wd0.01_s0,o4,44,0.0005,0.14641750172564857,0.8557306528091431,0.9958548109965637,0.7534246575342466,1.422974373391808,0.1493125164800663,1.019230842590332,0.7918437123298645
h256_wd0.01_s0,o4,45,0.0005,0.17334545893888725,0.9233846068382263,0.9971542096219932,0.7419520547945205,2.1276639773054917,0.17003641358904362,1.0280663967132568,0.8134778141975403
h256_wd0.01_s0,o4,46,0.0005,0.1944665073564178,0.876735508441925,0.9968964776632302,0.7409246575342465,2.5662059308316807,0.20293182378034166,1.0367820262908936,0.8259021043777466
h256_wd0.01_s0,l0,1,0.0005,0.6873974307723667,0.6786091327667236,0.6877286964667312,0.6552762654928762,1.1050766520604112,0.36605643028708856,0.2504686415195465,0.023842697963118553
h256_wd0.01_s0,l0,2,0.0005,0.6566055261570475,0.6387934684753418,0.7847106349345745,0.7145835746553921,1.2233495961485341,0.42266535281042,0.2997174561023712,0.029944179579615593
h256_wd0.01_s0,l0,3,0.0005,0.6733843062234961,0.7005133032798767,0.7518222534469132,0.6777481756052357,1.565997641391401,0.5431494064383131,0.33225613832473755,0.03918223828077316
h256_wd0.01_s0,l0,4,0.0005,0.6468101480732793,0.6332151293754578,0.7950733292350927,0.7195644619483378,1.0711812323793772,0.3752122247461666,0.35958585143089294,0.04550991207361221
h256_wd0.01_s0,l0,5,0.0005,0.6092300440954126,0.6415025591850281,0.8021281578408126,0.7206069732422102,0.9768076761272324,0.3133903042899355,0.39564353227615356,0.04195477068424225
h256_wd0.01_s0,l0,6,0.0005,0.5830664207106051,0.6147308945655823,0.837987763824244,0.7401830186493688,0.9012570460049573,0.28581488669164457,0.4293915331363678,0.046940311789512634
h256_wd0.01_s0,l0,7,0.0005,0.5783984246461288,0.6815930604934692,0.8303401539767572,0.7280203868875247,1.3518136270896814,0.4165024905317183,0.4676366448402405,0.05922183394432068
h256_wd0.01_s0,l0,8,0.0005,0.570274548686069,0.6082862615585327,0.8628626211176487,0.7428472141781536,1.4254539492508278,0.44926716468805716,0.5017507076263428,0.055881645530462265
h256_wd0.01_s0,l0,9,0.0005,0.573242856108624,0.6058326959609985,0.8721641638125348,0.7434263871191937,1.7388106409610358,0.4917234872639826,0.5295101404190063,0.05942998826503754
h256_wd0.01_s0,l0,10,0.0005,0.5291470094867374,0.7252313494682312,0.8667486314803431,0.7352021313564232,1.2904887456206477,0.377609597508969,0.5549798011779785,0.07137657701969147
h256_wd0.01_s0,l0,11,0.0005,0.5247812413651011,0.619526743888855,0.8874227920728316,0.7486389435885554,1.3683160998351114,0.34926821495111765,0.5824822187423706,0.08093849569559097
h256_wd0.01_s0,l0,12,0.0005,0.48553455135096674,0.6008402109146118,0.8976683937823834,0.750028958647052,1.168760850000222,0.31787483510731535,0.606278121471405,0.10153921693563461
h256_wd0.01_s0,l0,13,0.0005,0.47590560887170874,0.5973048210144043,0.9077676297532273,0.7493339511178038,1.4135659425663962,0.32478190373800847,0.6291125416755676,0.12730281054973602
h256_wd0.01_s0,l0,14,0.0005,0.49347651393517206,0.6596688628196716,0.9100362987031996,0.7465539210008107,1.5589072264842694,0.3710494609991996,0.6525899171829224,0.14259156584739685
h256_wd0.01_s0,l0,15,0.0005,0.45494012599406036,0.6181967258453369,0.9180717777582624,0.7478281014710992,1.3828263643962162,0.3176128845821508,0.673783540725708,0.16172216832637787
h256_wd0.01_s0,l0,16,0.0005,0.4333377325016519,0.6245338916778564,0.9278929188255614,0.7472489285300592,1.3542183732457247,0.272993711073092,0.6928790211677551,0.18786510825157166
h256_wd0.01_s0,l0,17,0.0005,0.41559290691562323,0.6347697377204895,0.9322472995521209,0.7460905826479788,1.3238141858399002,0.2990625327043861,0.714684784412384,0.22241151332855225
h256_wd0.01_s0,l0,18,0.0005,0.41070458940837695,0.6483960747718811,0.9410951084570125,0.7456272442951465,1.2780625468809037,0.23394298011542541,0.7336341738700867,0.24776746332645416
h256_wd0.01_s0,l0,19,0.0005,0.39353641867637634,0.6467435956001282,0.9433491408331138,0.746901424765435,1.4700999086571083,0.26710973094720686,0.7538849711418152,0.28166428208351135
h256_wd0.01_s0,l0,20,0.0005,0.4618902802467346,0.6617399454116821,0.9533459207868622,0.7452797405305224,2.280336240280744,0.3651645385087537,0.7758694887161255,0.2807065546512604
h256_wd0.01_s0,l0,21,0.0005,0.4349139825157497,0.6745553612709045,0.9502429671262551,0.7484072744121395,1.910638711427935,0.3091439004340462,0.8004383444786072,0.28443142771720886
h256_wd0.01_s0,l0,22,0.0005,0.4341469432996667,0.7844907641410828,0.9564488744474694,0.7445847330012743,1.946636830775428,0.33526195339030485,0.821050226688385,0.29438894987106323
h256_wd0.01_s0,l0,23,0.0005,0.3981192811675694,0.6548668742179871,0.9571514299932673,0.7474805977064751,1.7280576645126646,0.3109011618122278,0.8404613733291626,0.3080298602581024
h256_wd0.01_s0,l0,24,0.0005,0.3814904450074486,0.7100090980529785,0.9614545827112789,0.7353179659446312,1.8053561832781633,0.308918758704808,0.8566028475761414,0.33065468072891235
h256_wd0.01_s0,l0,25,0.0005,0.37794470139171765,0.6558056473731995,0.9638769356868944,0.743773890883818,1.9095429057062911,0.30125563838527325,0.8748899102210999,0.3522185981273651
h256_wd0.01_s0,l0,26,0.0005,0.361164764865585,0.7608942985534668,0.9652600919176839,0.735202131356423,1.883543644819031,0.2709785712455817,0.8901233077049255,0.3730789124965668
h256_wd0.01_s0,l0,27,0.0005,0.4226255313209865,0.64728844165802,0.9682093615526478,0.738213830649832,2.112721563169939,0.3221795451335489,0.9075525999069214,0.36092275381088257
h256_wd0.01_s0,l0,28,0.0005,0.32967693585416546,0.7539733648300171,0.9734053452767777,0.7336962817097185,1.3796439163979748,0.22894448249817037,0.9219263792037964,0.38717564940452576
h256_wd0.01_s0,l0,29,0.0005,0.30656743762285815,0.6863929033279419,0.9711659494745469,0.7393721765319126,1.4946602325927052,0.23914076042846835,0.9360538721084595,0.42510631680488586
h256_wd0.01_s0,l0,30,0.0005,0.2783465255861697,0.7220535278320312,0.9760399285735195,0.734970462180007,1.554173080222251,0.2199618887502229,0.9487596750259399,0.4638688564300537
h256_wd0.01_s0,l0,31,0.0005,0.2905212537102077,0.7281875610351562,0.9779353648897866,0.7283678906521487,1.7933533507547452,0.21488923368155957,0.9605787396430969,0.4929390251636505
h256_wd0.01_s0,l0,32,0.0005,0.27682671339615533,0.734425961971283,0.9819384678434472,0.7316112591219739,1.563251933894091,0.20489893169396478,0.9718607068061829,0.5176203846931458
h256_wd0.01_s0,l1,1,0.0005,0.701276157213294,0.6980234384536743,0.6749263808087338,0.6726668195368034,0.8049437058545638,0.24832368953659817,0.23203150928020477,0.034206900745630264
h256_wd0.01_s0,l1,2,0.0005,0.6768391987551814,0.6713268756866455,0.7111182934712347,0.6354047236872276,0.9017589447807571,0.308978302939563,0.2775035798549652,0.03808598965406418
h256_wd0.01_s0,l1,3,0.0005,0.6526574155558711,0.6581841707229614,0.7783954607484018,0.7146296720935564,0.8201794943540903,0.27771575909755014,0.3113960325717926,0.032036833465099335
h256_wd0.01_s0,l1,4,0.0005,0.6335013716117196,0.6610884666442871,0.774581627522804,0.685049300619124,1.0005274735192597,0.31944372515071945,0.34780120849609375,0.03387755900621414
h256_wd0.01_s0,l1,5,0.0005,0.6028271550717561,0.6242385506629944,0.8121166415284062,0.7258656271497362,0.925267645936638,0.29227880972023856,0.3886021673679352,0.04392749071121216
h256_wd0.01_s0,l1,6,0.0005,0.579547713632169,0.6294804215431213,0.8242907419378007,0.7078651685393258,1.1136910212710025,0.38177692208767305,0.4239252209663391,0.06468738615512848
h256_wd0.01_s0,l1,7,0.0005,0.5814983274625696,0.6428415179252625,0.8487035839977016,0.7192157761981197,1.5728471179235632,0.4687627402065959,0.45830869674682617,0.07323278486728668
h256_wd0.01_s0,l1,8,0.0005,0.5772417459798895,0.6351827383041382,0.8600732600732601,0.7180692501719789,1.6570740599783291,0.47835741358055356,0.48887747526168823,0.08043330907821655
h256_wd0.01_s0,l1,9,0.0005,0.5326855078987454,0.6821603178977966,0.869869999281764,0.7444393487732172,1.2460140634821222,0.35264871231949846,0.5175238251686096,0.09605050832033157
h256_wd0.01_s0,l1,10,0.0005,0.5355636801408685,0.6342931985855103,0.8810313869137398,0.7296491630360008,1.617464029025872,0.46393262573671046,0.5431507229804993,0.1091892421245575
h256_wd0.01_s0,l1,11,0.0005,0.5177571669868801,0.6249994039535522,0.8897795015442074,0.7294198578307727,1.2958605461416395,0.32742058239195393,0.5656071901321411,0.12292814999818802
h256_wd0.01_s0,l1,12,0.0005,0.49051933962365857,0.6123669147491455,0.8987646340587517,0.7366429717954598,1.234707270900547,0.321139969577822,0.5875646471977234,0.14638283848762512
h256_wd0.01_s0,l1,13,0.0005,0.4749451370342918,0.606559693813324,0.9071105365223013,0.7406558128869525,1.3798353016584028,0.3625912422888062,0.6088306307792664,0.17580196261405945
h256_wd0.01_s0,l1,14,0.0005,0.4587870304999144,0.6398168802261353,0.9126553185376715,0.7466177482228846,1.673322720186199,0.3834935872251675,0.629777193069458,0.20442035794258118
h256_wd0.01_s0,l1,15,0.0005,0.44277429580688477,0.6163786053657532,0.9199741435035553,0.7424902545287777,1.5743347287741734,0.35233496205126685,0.6498013138771057,0.2215888500213623
h256_wd0.01_s0,l1,16,0.0005,0.4438002848106882,0.6142324805259705,0.9258852258852258,0.7450126117862875,1.4841124228192282,0.30534553690128535,0.6690183281898499,0.25626835227012634
h256_wd0.01_s0,l1,17,0.0005,0.43742333806079364,0.6816405653953552,0.9312217194570136,0.7440953909653749,1.7611583442558871,0.34721618314577013,0.68672776222229,0.2714466154575348
h256_wd0.01_s0,l1,18,0.0005,0.4235955256482829,0.7125483751296997,0.9403720462543992,0.7305663838569133,1.6661330325936545,0.29465562202577755,0.7040291428565979,0.2877514064311981
h256_wd0.01_s0,l1,19,0.0005,0.4068258437125579,0.6616966724395752,0.9448897507721037,0.7382481082320568,1.5478149960273317,0.28374746584803756,0.7211822271347046,0.3162810802459717
h256_wd0.01_s0,l1,20,0.0005,0.37872632171796716,0.6747435927391052,0.9508726567550096,0.7324008254987389,1.457720664725173,0.23059348107878827,0.7370802760124207,0.34864696860313416
h256_wd0.01_s0,l1,21,0.0005,0.3677826199842536,0.6547261476516724,0.9550887021475257,0.7389360238477414,1.55804870969367,0.24507387587748633,0.7535359859466553,0.37644675374031067
h256_wd0.01_s0,l1,22,0.0005,0.418920090664988,0.6260964870452881,0.9586224233283057,0.7429488649392341,2.2164860050044175,0.3677794969410938,0.770309329032898,0.37985026836395264
h256_wd0.01_s0,l1,23,0.0005,0.35703819860582764,0.6715170741081238,0.9609710550887022,0.7359550561797753,1.504932419991597,0.24432877036204845,0.7859864830970764,0.4038645625114441
h256_wd0.01_s0,l1,24,0.0005,0.3231757322083349,0.6702674627304077,0.9646556058320764,0.7416876863104792,1.659815311993534,0.25824440430125917,0.7982951998710632,0.4447566270828247
h256_wd0.01_s0,l1,25,0.0005,0.3656767645607824,0.7633436322212219,0.971543489190548,0.7266681953680347,2.2083689525311914,0.3161670216324688,0.8127894401550293,0.4583157002925873
h256_wd0.01_s0,l1,26,0.0005,0.3342226354972176,0.685922384262085,0.9716296775120304,0.7351524879614767,1.7954240257182221,0.2308132539976084,0.8271097540855408,0.4917773902416229
h256_wd0.01_s0,l1,27,0.0005,0.32385020735471143,0.728253185749054,0.9721611721611723,0.7309103416647557,1.643739217334172,0.2087856602172542,0.8428807258605957,0.5185948610305786
h256_wd0.01_s0,l1,28,0.0005,0.30112212701984076,0.7097541093826294,0.9774114774114774,0.7294198578307727,1.5227785767280984,0.17478579324301216,0.8559550642967224,0.550839900970459
h256_wd0.01_s0,l1,29,0.0005,0.30592796400837274,0.7314215898513794,0.9770236299648065,0.7353817931667049,1.8362053959315978,0.19211098875838042,0.8706899881362915,0.5851703882217407
h256_wd0.01_s0,l1,30,0.0005,0.26695862477240356,0.7465415000915527,0.9799540328952094,0.7321715202935106,1.4969018015158368,0.17392462423383528,0.884465217590332,0.6227442026138306
h256_wd0.01_s0,l1,31,0.0005,0.2697194672149161,0.7234010696411133,0.9763125763125763,0.7371015822059162,1.7674344435649996,0.1805190805259292,0.8973600268363953,0.6528589129447937
h256_wd0.01_s0,l1,32,0.0005,0.2961825378563093,0.7766488790512085,0.9831430007900597,0.7262095849575786,2.1467960194646842,0.23947206621183045,0.9098369479179382,0.6702585220336914
h256_wd0.01_s0,l1,33,0.0005,0.2782360684612523,0.8718929290771484,0.9857932916756446,0.7273561109837193,2.1127681163553707,0.20267696389046688,0.920928955078125,0.6929741501808167
h256_wd0.01_s0,l1,34,0.0005,0.2576518531726754,0.9349246621131897,0.9851899734252675,0.7085530841550103,1.928364416752412,0.18753922881471044,0.9320288300514221,0.7215554714202881
h256_wd0.01_s0,l2,1,0.0005,0.7239081886681643,0.7122012972831726,0.5135264890568798,0.5946763460375075,0.8586987543876436,0.2944556601381192,0.23668119311332703,0.04591141268610954
h256_wd0.01_s0,l2,2,0.0005,0.6962997290221128,0.6873326301574707,0.7560049990855331,0.6935269207501512,0.518556321268222,0.19919141293613177,0.27365243434906006,0.07107627391815186
h256_wd0.01_s0,l2,3,0.0005,0.6823335777629506,0.6894026398658752,0.6963284155337438,0.5935874168179067,0.43415978090762236,0.16859933531624874,0.2863093614578247,0.07140202075242996
h256_wd0.01_s0,l2,4,0.0005,0.6883280873298645,0.6749666333198547,0.7662851307687619,0.7251058681185722,0.5293178684559524,0.2214906982768539,0.2967526316642761,0.07265109568834305
h256_wd0.01_s0,l2,5,0.0005,0.6684762700037523,0.666910707950592,0.7652792172163629,0.7157894736842105,0.521146648774589,0.20012283366756717,0.31111907958984375,0.06664660573005676
h256_wd0.01_s0,l2,6,0.0005,0.6557518325068734,0.6492246389389038,0.7585959885386819,0.740713853599516,0.5203553997844165,0.1723942058047593,0.33107563853263855,0.06600456684827805
h256_wd0.01_s0,l2,7,0.0005,0.6471086469563571,0.6338525414466858,0.7841172346521978,0.7373260738052027,0.6626345748428147,0.21002035384569967,0.3534528613090515,0.07266444712877274
h256_wd0.01_s0,l2,8,0.0005,0.6151484413580461,0.6341446042060852,0.7918978235688595,0.7272837265577738,0.6811543140844681,0.21839031958548302,0.3745182156562805,0.09273294359445572
h256_wd0.01_s0,l2,9,0.0005,0.6161324679851532,0.6334161758422852,0.7967902213009814,0.7664851784633999,0.8136570510370564,0.2385894571412119,0.39587700366973877,0.12464110553264618
h256_wd0.01_s0,l2,10,0.0005,0.5814646645025774,0.6043543219566345,0.8194308967871731,0.7496672716273441,0.6870520824808308,0.17690980590781208,0.4159412086009979,0.15498755872249603
h256_wd0.01_s0,l2,11,0.0005,0.5828398791226473,0.5985260605812073,0.8343290861427788,0.7699939503932245,0.9647650946268276,0.22943892136014885,0.43360722064971924,0.17434027791023254
h256_wd0.01_s0,l2,12,0.0005,0.5591443343596025,0.6026370525360107,0.8439195573980369,0.7562008469449485,0.8864216795852297,0.19792087142608253,0.4516426622867584,0.208119198679924
h256_wd0.01_s0,l2,13,0.0005,0.5528626252304424,0.5900290608406067,0.8518106443943181,0.7840290381125227,1.0000656765960918,0.20561244755708855,0.46782177686691284,0.23006992042064667
h256_wd0.01_s0,l2,14,0.0005,0.5347044386646964,0.5956735014915466,0.8579756751813692,0.7518451300665456,0.9237969069246134,0.1964487400525072,0.4829040765762329,0.264323890209198
h256_wd0.01_s0,l2,15,0.0005,0.5092058967460286,0.5765325427055359,0.8767679692739133,0.7716878402903812,0.9344561762525481,0.18764545902618696,0.49771666526794434,0.3141148090362549
h256_wd0.01_s0,l2,16,0.0005,0.48546442660418426,0.5726650953292847,0.8846171432055112,0.7721718088324259,1.0305654773269641,0.17643859296613892,0.5121044516563416,0.36820507049560547
h256_wd0.01_s0,l2,17,0.0005,0.47281939604065637,0.5692771077156067,0.8970843748094862,0.7772534785238959,1.11120536074897,0.16532218872515278,0.5260476469993591,0.41835489869117737
h256_wd0.01_s0,l2,18,0.0005,0.5165168751369823,0.6600351929664612,0.9027007254770469,0.7722928009679371,1.5469122058413196,0.21401869925447192,0.5416998267173767,0.4357791244983673
h256_wd0.01_s0,l2,19,0.0005,0.5156274126334623,0.5840998291969299,0.907273059806133,0.7664851784633998,1.1423224931357903,0.1695884168483352,0.5560214519500732,0.46130475401878357
h256_wd0.01_s0,l2,20,0.0005,0.4580814377828078,0.5918219685554504,0.9127446198866062,0.7728977616454931,0.9847368347488955,0.1501665946757609,0.568088948726654,0.5180183053016663
h256_wd0.01_s0,l2,21,0.0005,0.4827865944667296,0.5872823596000671,0.9156937755288667,0.7658802177858439,1.492601613228483,0.17252192206421088,0.5799971222877502,0.559769868850708
h256_wd0.01_s0,l2,22,0.0005,0.47455015778541565,0.629626452922821,0.9228723404255319,0.7697519661222021,1.6358518363769632,0.17769399035498148,0.5904702544212341,0.585557758808136
h256_wd0.01_s0,l2,23,0.0005,0.4529238140041178,0.6238591074943542,0.9184524172407487,0.756442831215971,1.5360052440426601,0.1740720771264905,0.6012197136878967,0.5984727740287781
h256_wd0.01_s0,l2,24,0.0005,0.44811752303080127,0.598115861415863,0.9291897823568859,0.7738656987295826,1.3202431826623213,0.14638406893688807,0.6108418703079224,0.6376453042030334
h256_wd0.01_s0,l2,25,0.0005,0.4313444305549968,0.5912338495254517,0.929517466317137,0.7707199032062916,1.5713141503774575,0.17093517799120808,0.6207311749458313,0.6757698059082031
h256_wd0.01_s0,l2,26,0.0005,0.43465260890397156,0.5820122361183167,0.9405367920502348,0.7658802177858439,1.6402301193116244,0.17868982313209372,0.6290668249130249,0.7000120282173157
h256_wd0.01_s0,l2,27,0.0005,0.3995165675878525,0.5921765565872192,0.9502225202706821,0.7725347852389595,1.5172648718181732,0.15527593870111264,0.638175368309021,0.7499138116836548
h256_wd0.01_s0,l2,28,0.0005,0.39710343358191574,0.6017976403236389,0.9348594769249527,0.7687840290381125,1.2962603922734752,0.13628088214636538,0.6470963358879089,0.8002363443374634
h256_wd0.01_s0,l2,29,0.0005,0.39729428697716107,0.6191193461418152,0.9470904712552581,0.775317604355717,2.164611339737188,0.15546191555855576,0.6567357182502747,0.8224933743476868
h256_wd0.01_s0,l2,30,0.0005,0.3853422985835509,0.6020342707633972,0.9516856672559897,0.7704779189352692,1.6327971156064025,0.1445266095592799,0.6667658686637878,0.85160231590271
h256_wd0.01_s0,l2,31,0.0005,0.37451381439512427,0.602203905582428,0.9496738401511919,0.7789473684210526,1.7391165120287473,0.14950568809101444,0.676669180393219,0.8884477615356445
h256_wd0.01_s0,l2,32,0.0005,0.3517307483337142,0.6543344259262085,0.9518304578430775,0.7660012099213552,2.1196757080961426,0.14008453254770228,0.684819757938385,0.9274828433990479
h256_wd0.01_s0,l2,33,0.0005,0.3964431570334868,0.677033543586731,0.952020971773456,0.7733817301875378,2.1970601373205736,0.14465314363583917,0.6929659843444824,0.9430378079414368
h256_wd0.01_s0,l3,1,0.0005,0.6890891375749008,0.6860827207565308,0.7058853678537957,0.6024556932700105,1.0322610366926894,0.33633138067361784,0.2523795962333679,0.023814581334590912
h256_wd0.01_s0,l3,2,0.0005,0.6684962640637937,0.6671903133392334,0.7445744493908154,0.6376694080852542,1.2797725176339323,0.4419056296754896,0.30295097827911377,0.025346405804157257
h256_wd0.01_s0,l3,3,0.0005,0.6510130737138831,0.6712502241134644,0.7972630623242736,0.6908374840727441,1.342121659354059,0.42705887811507504,0.3370335102081299,0.03036070242524147
h256_wd0.01_s0,l3,4,0.0005,0.6404306137043497,0.6452894806861877,0.8060054475164011,0.6828448974863893,1.1865634084827317,0.38754987320890694,0.3691140115261078,0.03304974362254143
h256_wd0.01_s0,l3,5,0.0005,0.59941180633462,0.6395112872123718,0.8135104264292409,0.68458241630951,0.9555310891342425,0.3257452253517117,0.4003048539161682,0.03114587813615799
h256_wd0.01_s0,l3,6,0.0005,0.5715324399263962,0.6252154111862183,0.843010485004686,0.7030001158345882,0.9900181351443792,0.32060971555446655,0.4311540126800537,0.049398381263017654
h256_wd0.01_s0,l3,7,0.0005,0.5675629675388336,0.7492894530296326,0.8201367736644799,0.66628055137264,1.5160401460469046,0.3849913503121236,0.4633388817310333,0.0714946836233139
h256_wd0.01_s0,l3,8,0.0005,0.5855217822220015,0.6392734050750732,0.8484799671977508,0.6873624464265029,1.4669182664098233,0.4196756493741907,0.49281179904937744,0.06321677565574646
h256_wd0.01_s0,l3,9,0.0005,0.5447978182979252,0.6522454023361206,0.8711779522024368,0.7185219506544654,1.3072436067506725,0.3622050342023427,0.5181369185447693,0.08213867247104645
h256_wd0.01_s0,l3,10,0.0005,0.5253047334111255,0.6320326328277588,0.8824097938144331,0.7240820108884514,1.3367701213724366,0.35138534313683223,0.5410117506980896,0.0983971580862999
h256_wd0.01_s0,l3,11,0.0005,0.4988353485646455,0.616416335105896,0.898012828022493,0.7167844318313449,1.3152228217823825,0.3214608077367803,0.565837562084198,0.12166118621826172
h256_wd0.01_s0,l3,12,0.0005,0.48570105822189996,0.6302725076675415,0.9045439901593252,0.7218811537124985,1.2482186664849262,0.3156087691785021,0.5892221927642822,0.14632272720336914
h256_wd0.01_s0,l3,13,0.0005,0.5108241672101228,0.6822120547294617,0.9071066658856608,0.7124985520676475,2.0519283641330825,0.5497622110339727,0.6150818467140198,0.16821537911891937
h256_wd0.01_s0,l3,14,0.0005,0.5125408237395079,0.6484967470169067,0.906630740393627,0.7252403567705318,1.614018456273232,0.423160599918299,0.6402150988578796,0.15535685420036316
h256_wd0.01_s0,l3,15,0.0005,0.47496436471524445,0.6233965754508972,0.9150289948453608,0.7266303718290281,1.6594526122364255,0.35133421451338326,0.6601802110671997,0.1798747330904007
h256_wd0.01_s0,l3,16,0.0005,0.4862963609073473,0.6255709528923035,0.9206229498594188,0.7186377852426734,1.5833923626438813,0.36674369133477314,0.6803938746452332,0.18847940862178802
h256_wd0.01_s0,l3,17,0.0005,0.46715516629426374,0.6541099548339844,0.9242106958762887,0.7272095447700683,1.484761719872445,0.30885628169961143,0.6992030739784241,0.20248530805110931
h256_wd0.01_s0,l3,18,0.0005,0.43002225782560266,0.6389865279197693,0.9283768744142455,0.7255878605351558,1.4404269554319042,0.27447652243455434,0.7160778045654297,0.225543811917305
h256_wd0.01_s0,l3,19,0.0005,0.4145489594210749,0.6743379235267639,0.9410072047797563,0.7254720259469478,1.4162581379287515,0.25153623089257715,0.7320318222045898,0.252142071723938
h256_wd0.01_s0,l3,20,0.0005,0.383535192064617,0.6601964831352234,0.9403848406747891,0.7214178153596664,1.3255678570970775,0.2265288840436954,0.7493606209754944,0.2807363271713257
h256_wd0.01_s0,l3,21,0.0005,0.37363715988138446,0.7007024884223938,0.9472747774133083,0.7276728831229005,1.2412993449644243,0.238173417280281,0.764734148979187,0.31508415937423706
h256_wd0.01_s0,l3,22,0.0005,0.3944615488467009,0.7503091096878052,0.9425082005623243,0.7048534692459167,1.8963674470739758,0.28245113628179025,0.7878431081771851,0.33635079860687256
h256_wd0.01_s0,l3,23,0.0005,0.3866676364255988,0.6955278515815735,0.9545454545454546,0.7311479207691416,1.8717860210055035,0.29250910012357023,0.8043175935745239,0.34072646498680115
h256_wd0.01_s0,l3,24,0.0005,0.3421177345773448,0.7304381728172302,0.9618856900187442,0.7180586123016334,1.5247423371183133,0.22721669836303832,0.8187547922134399,0.36766305565834045
h256_wd0.01_s0,l3,25,0.0005,0.33968641900497937,0.6906748414039612,0.9678274367385192,0.7211861461832504,1.5836450114522937,0.23672671657970223,0.8324843049049377,0.39629822969436646
h256_wd0.01_s0,l3,26,0.0005,0.31804864756439044,0.7128741145133972,0.9677688612933458,0.7297579057106452,1.593013331459287,0.2075440412367668,0.8462461829185486,0.43229934573173523
h256_wd0.01_s0,l3,27,0.0005,0.3073952308167582,0.7208229899406433,0.9749223875351454,0.7194486273601297,1.6434124567758213,0.24589005844139558,0.8615156412124634,0.46125102043151855
h256_wd0.01_s0,l3,28,0.0005,0.3542023268730744,0.7176271080970764,0.9766723289597,0.7281362214757326,2.6271573652945324,0.40880579369849207,0.8784401416778564,0.48577383160591125
h256_wd0.01_s0,l3,29,0.0005,0.4747043550014496,0.6659969687461853,0.9726013355201499,0.7241978454766593,2.8035335542452597,0.43663578399992814,0.8991813659667969,0.42772358655929565
h256_wd0.01_s0,l3,30,0.0005,0.32659119173236517,0.6840011477470398,0.9800330951265229,0.7203753040657941,1.4907080339256757,0.22711475503084233,0.914645254611969,0.45993712544441223
h256_wd0.01_s0,l3,31,0.0005,0.29995756304782367,0.7087410688400269,0.980860473289597,0.7268620410054443,1.582375627469063,0.2223582638619427,0.9287075400352478,0.49942371249198914
h256_wd0.01_s0,l3,32,0.0005,0.27212853535361914,0.7493319511413574,0.9816365979381443,0.7219969883007065,1.5823516134343691,0.2115955772857669,0.9406206607818604,0.5371012091636658
h256_wd0.01_s0,l3,33,0.0005,0.28736570509879483,0.838691771030426,0.9831156279287723,0.7099501911270706,1.929300365268926,0.21922165357291737,0.9526441097259521,0.5652367472648621
h256_wd0.01_s0,l3,34,0.0005,0.26209454659534537,0.7703545093536377,0.9878382731958762,0.7263987026526121,1.7942477138040442,0.21796947162926134,0.9644660949707031,0.5969553589820862
h256_wd0.01_s0,l3,35,0.0005,0.2588526146567386,0.7972738742828369,0.9870987582005624,0.722923665006371,2.0384271956867726,0.2249518943155593,0.9755470752716064,0.6268417239189148
h256_wd0.01_s0,l3,36,0.0005,0.2396940776835317,0.7872968912124634,0.9913747656982194,0.7270937101818603,1.776954463686249,0.1854971843163512,0.9853689074516296,0.6550149321556091
h256_wd0.01_s0,l3,37,0.0005,0.2347785137269808,0.830464780330658,0.9910672446110591,0.7276728831229006,1.9695944163911985,0.1815518414827819,0.9950903058052063,0.6872841119766235
h256_wd0.01_s0,l3,38,0.0005,0.23313283693531286,0.8228188157081604,0.993395618556701,0.7197961311247539,1.8265717067039848,0.1828142900069029,1.0056535005569458,0.7121771574020386
h256_wd0.01_s0,l3,39,0.0005,0.2316879289953605,0.9916565418243408,0.9938715440487347,0.7185219506544653,2.0650457760978953,0.18203560104022665,1.015620231628418,0.7361658215522766
h256_wd0.01_s0,l3,40,0.0005,0.2314956732418226,0.8314976692199707,0.9936152764761013,0.7197961311247538,1.837098858627819,0.17939343470464755,1.0273686647415161,0.7590494751930237
h256_wd0.01_s0,l3,41,0.0005,0.18654673449371173,0.8593196272850037,0.9951016283973759,0.7221128228889147,1.6526649078504598,0.15611658173239568,1.0360217094421387,0.7981655597686768
h256_wd0.01_s0,l3,42,0.0005,0.21847824104454205,0.8515297770500183,0.9960388355201499,0.7225761612417468,2.3910898776291214,0.19016665853940165,1.0458511114120483,0.8289048075675964
h256_wd0.01_s0,l3,43,0.0005,0.1952574949549592,0.8727249503135681,0.9936592080599813,0.7208386424186263,1.8952860282794874,0.1644625459036266,1.0558485984802246,0.849274218082428
h256_wd0.01_s0,l4,1,0.0005,0.7290690541267395,0.6887286901473999,0.7187352035984849,0.6121134020618557,0.794924253382326,0.27463426839540994,0.24611851572990417,0.04326711595058441
h256_wd0.01_s0,l4,2,0.0005,0.6833375718282617,0.6825113892555237,0.7593920158617424,0.6776007497656983,0.3730368427248,0.13954953630627848,0.27939748764038086,0.04910304397344589
h256_wd0.01_s0,l4,3,0.0005,0.6718649397725645,0.6754154562950134,0.7377633759469697,0.6753748828491096,0.43513796534389293,0.16107048163921056,0.29647043347358704,0.04341811686754227
h256_wd0.01_s0,l4,4,0.0005,0.6680643662162449,0.6684181690216064,0.7472774621212122,0.6778350515463917,0.5346419655863722,0.17336284371285307,0.3171490728855133,0.04606827720999718
h256_wd0.01_s0,l4,5,0.0005,0.6388080016426418,0.6601656675338745,0.7772179805871213,0.6855670103092784,0.5680099024355845,0.1888057428578505,0.343120813369751,0.06607423722743988
h256_wd0.01_s0,l4,6,0.0005,0.6382598073586173,0.6940594911575317,0.7695460464015151,0.6900187441424556,0.9584546615513175,0.32572564970001716,0.3671114146709442,0.08167462795972824
h256_wd0.01_s0,l4,7,0.0005,0.6240396836529607,0.6389307975769043,0.8070179332386364,0.7036082474226804,0.7724424948625489,0.22933980374992305,0.38875430822372437,0.09511486440896988
h256_wd0.01_s0,l4,8,0.0005,0.5912391621133556,0.6336634159088135,0.8206010298295455,0.7154404873477039,0.7405865814656412,0.20618909255437465,0.40892815589904785,0.12806442379951477
h256_wd0.01_s0,l4,9,0.0005,0.5647222697734833,0.6271518468856812,0.8408573035037878,0.7205951265229616,0.8503380675204376,0.24705719071543522,0.42746785283088684,0.17022280395030975
h256_wd0.01_s0,l4,10,0.0005,0.5566002674724745,0.6141700148582458,0.8566672585227273,0.7259840674789128,1.0029917661373169,0.22106745612017026,0.44694948196411133,0.21124215424060822
h256_wd0.01_s0,l4,11,0.0005,0.5337893729624541,0.6137475371360779,0.871389678030303,0.7227038425492034,0.9582277846398202,0.20340422232666436,0.4664768874645233,0.24562251567840576
h256_wd0.01_s0,l4,12,0.0005,0.5143313459728075,0.6107794642448425,0.8801047585227274,0.7306701030927836,1.0542867173542554,0.19630882656533719,0.485687792301178,0.2938827872276306
h256_wd0.01_s0,l4,13,0.0005,0.5084095273328864,0.6159517168998718,0.8886792732007576,0.7262183692596063,1.2438547259823907,0.21815642249587727,0.5010713338851929,0.3324754238128662
h256_wd0.01_s0,l4,14,0.0005,0.47969921905061474,0.6205083131790161,0.9028616240530303,0.7208294283036552,1.1145180739876148,0.17497925053099922,0.5150068998336792,0.3760131299495697
h256_wd0.01_s0,l4,15,0.0005,0.45179103638814844,0.6331878900527954,0.9084842566287878,0.7307872539831303,1.0774244633959034,0.18613285419448686,0.5302075743675232,0.43763697147369385
h256_wd0.01_s0,l4,16,0.0005,0.4667213390702787,0.6735888123512268,0.9243238044507576,0.7261012183692597,1.632895679369208,0.18310940262063044,0.5446556806564331,0.4745346009731293
h256_wd0.01_s0,l4,17,0.0005,0.4299040592235068,0.7016648650169373,0.9276751893939394,0.7228209934395501,1.5434261488915544,0.1735765633542476,0.5611460208892822,0.5118667483329773
h256_wd0.01_s0,l4,18,0.0005,0.4348454967789028,0.6357554793357849,0.9323138612689394,0.71883786316776,1.717873403432753,0.2077323262144837,0.5752779841423035,0.5343471765518188
h256_wd0.01_s0,l4,19,0.0005,0.41814637443293695,0.6927913427352905,0.9317737926136365,0.7225866916588566,1.5663510166285244,0.17737678025594078,0.5886417031288147,0.5723487138748169
h256_wd0.01_s0,l4,20,0.0005,0.4227053056592527,0.6563061475753784,0.9404666785037878,0.723406747891284,1.7639582803060403,0.191125416055141,0.6029456853866577,0.5945600867271423
h256_wd0.01_s0,l4,21,0.0005,0.38127337590507837,0.6319128274917603,0.9468735203598485,0.7256326148078727,1.438284604563885,0.1490085224350321,0.6149352788925171,0.6388497948646545
h256_wd0.01_s0,l4,22,0.0005,0.3550227206686269,0.6953006386756897,0.9479388612689393,0.7287956888472352,1.344761570301817,0.13290375570294707,0.6258404850959778,0.6962518692016602
h256_wd0.01_s0,l4,23,0.0005,0.43479257044584857,0.6499983072280884,0.9511496803977272,0.7215323336457357,2.367260118219612,0.20450504061691613,0.6393676996231079,0.7050524353981018
h256_wd0.01_s0,l4,24,0.0005,0.35127827784289484,0.6690518260002136,0.9573197798295455,0.7217666354264293,1.5783618704648508,0.1416636883106553,0.6505231857299805,0.737128496170044
h256_wd0.01_s0,l4,25,0.0005,0.335986095926036,0.7469572424888611,0.9539831912878788,0.7239925023430178,1.813946369348436,0.14237379694978367,0.6603132486343384,0.7830044031143188
h256_wd0.01_s0,l4,26,0.0005,0.3288616006789,0.7073745131492615,0.9599313446969696,0.7128631677600751,1.7946780700217868,0.14362651259902234,0.6693993210792542,0.8180347681045532
h256_wd0.01_s0,l4,27,0.0005,0.3685215011886928,0.673321008682251,0.9620472301136364,0.7174320524835989,2.5384152280036263,0.17758531186222362,0.6790058016777039,0.8315762877464294
h256_wd0.01_s0,l4,28,0.0005,0.3694034763004469,0.7156320214271545,0.9673147490530303,0.7152061855670103,2.0913489298816104,0.17404638291151425,0.689511775970459,0.8611413836479187
h256_wd0.01_s0,l4,29,0.0005,0.39110470789930096,0.7057591676712036,0.9699115175189394,0.7162605435801311,2.7093946203774157,0.17114708535615925,0.699505627155304,0.8700201511383057
h256_wd0.01_s0,l4,30,0.0005,0.30906036431374756,0.7119147181510925,0.9703110203598485,0.7126288659793815,1.8583576693126849,0.1280752328201115,0.7071408033370972,0.9050301909446716
h256_wd0.01_s0,l4,31,0.0005,0.2941899552293446,0.751595675945282,0.9701556581439394,0.7182521087160262,1.6599779050511843,0.12769860653144582,0.7142943143844604,0.9469009637832642
h256_wd0.01_s0,l4,32,0.0005,0.2950239550808202,0.7345551252365112,0.9747425426136365,0.7201265229615745,1.9084738182450216,0.12374759211552214,0.7210080027580261,0.9778480529785156
h256_wd0.01_s0,l4,33,0.0005,0.26686992593433545,0.7613940834999084,0.9789151278409092,0.7207122774133083,1.5092070635073147,0.10683740714953607,0.727059006690979,1.0212184190750122
h256_wd0.01_s0,l4,34,0.0005,0.26941725870837335,0.8099014759063721,0.9787671638257576,0.7242268041237114,1.9651954699143148,0.11701242727180836,0.7333984375,1.0627650022506714
h256_wd0.01_s0,l4,35,0.0005,0.2735956217283788,0.7568789124488831,0.982370087594697,0.7190721649484536,2.4672233488863444,0.12368528430841749,0.7394480109214783,1.0868877172470093
h256_wd0.01_s0,l5,1,0.0005,0.7025372277606617,0.6816332340240479,0.6724623054102823,0.6667074663402692,0.7201493884242454,0.22863233811925543,0.23439425230026245,0.03784972429275513
h256_wd0.01_s0,l5,2,0.0005,0.694010623476722,0.6767401695251465,0.7536700614735298,0.6899632802937575,0.8992818074663976,0.3558874593476775,0.27384963631629944,0.05203006789088249
h256_wd0.01_s0,l5,3,0.0005,0.6641939146952196,0.6594837307929993,0.7517050493929106,0.70734394124847,0.6262055652052548,0.23255434956226165,0.29516494274139404,0.0472092367708683
h256_wd0.01_s0,l5,4,0.0005,0.6488696445118297,0.6452962756156921,0.7780453864268894,0.7067319461444308,0.7229638291899542,0.24282766236920603,0.3194335699081421,0.03496502339839935
h256_wd0.01_s0,l5,5,0.0005,0.6490736414085735,0.6500839591026306,0.7807826406092303,0.7165238678090575,1.1870736139179103,0.3716535147226448,0.34645968675613403,0.0315457321703434
h256_wd0.01_s0,l5,6,0.0005,0.6309544037688862,0.637601375579834,0.799683457197908,0.7019583843329253,0.9707415273743158,0.2866463193003703,0.37355995178222656,0.0362388975918293
h256_wd0.01_s0,l5,7,0.0005,0.5993325466459448,0.6327014565467834,0.8209315839373642,0.7152998776009791,0.8498049428583706,0.27293899110790937,0.3997029960155487,0.04562082514166832
h256_wd0.01_s0,l5,8,0.0005,0.6176725788549944,0.6964464783668518,0.7992170535523138,0.7110159118727051,1.4813952740268403,0.4055135020918211,0.4227287471294403,0.047748688608407974
h256_wd0.01_s0,l5,9,0.0005,0.5998855626041238,0.6162936687469482,0.8397712328348167,0.7152998776009792,1.1697601498917238,0.3142211824451271,0.44666266441345215,0.051693856716156006
h256_wd0.01_s0,l5,10,0.0005,0.5432177118279717,0.6333484053611755,0.8485029207572561,0.7167686658506732,0.8065566680302503,0.23154155111220118,0.4682024419307709,0.07882888615131378
h256_wd0.01_s0,l5,11,0.0005,0.5484121265736494,0.6078468561172485,0.8631296449215525,0.7241126070991432,1.0203878905209611,0.26089705351437353,0.48731160163879395,0.10106337815523148
h256_wd0.01_s0,l5,12,0.0005,0.5079382766376842,0.6105661392211914,0.8750191149035079,0.7243574051407589,0.8543394594586989,0.2266956028701783,0.5070533156394958,0.1363566815853119
h256_wd0.01_s0,l5,13,0.0005,0.5209961384534836,0.6131184101104736,0.8897222986818362,0.7304773561811506,1.324253490792826,0.29741105543875324,0.5302658677101135,0.16961847245693207
h256_wd0.01_s0,l5,14,0.0005,0.5038010776042938,0.6121431589126587,0.8953114964675657,0.7277845777233782,1.2267964980408348,0.279755212611491,0.5511870384216309,0.1809772104024887
h256_wd0.01_s0,l5,15,0.0005,0.4843458113345233,0.6531634330749512,0.894707465516714,0.7237454100367197,1.3365083068474677,0.3036196819446989,0.5702223181724548,0.21590451896190643
h256_wd0.01_s0,l5,16,0.0005,0.4725540673190897,0.6076666712760925,0.9098082392880081,0.7288861689106487,1.1904686786400165,0.22271312688193234,0.5868270993232727,0.23228000104427338
h256_wd0.01_s0,l5,17,0.0005,0.45650454542853613,0.6305459141731262,0.9171024864666483,0.7246022031823746,1.3525093297810604,0.25775452012985084,0.6030289530754089,0.26544275879859924
h256_wd0.01_s0,l5,18,0.0005,0.4500723156062039,0.6492666602134705,0.9194574425788299,0.7217870257037944,1.5445567459132954,0.2635273874507538,0.619078516960144,0.2949340045452118
h256_wd0.01_s0,l5,19,0.0005,0.4224584834142165,0.6427490711212158,0.9313163287151726,0.7303549571603429,1.3675001591077212,0.22526115898371896,0.6340118050575256,0.3293763995170593
h256_wd0.01_s0,l5,20,0.0005,0.39671343158591876,0.6453459858894348,0.9358962595956816,0.7313341493268053,1.2963657152265542,0.21159299489398337,0.647338330745697,0.3707493543624878
h256_wd0.01_s0,l5,21,0.0005,0.417513137513941,0.6478885412216187,0.9435498669602715,0.7253365973072216,1.9027704389935323,0.24829913023063988,0.6610507369041443,0.39126285910606384
h256_wd0.01_s0,l5,22,0.0005,0.4334761066870256,0.6233425140380859,0.948886748019696,0.7367197062423501,1.9023655458384545,0.26164284283316835,0.6759458780288696,0.4077675938606262
h256_wd0.01_s0,l5,23,0.0005,0.4418457651680166,0.683570921421051,0.9441156681041074,0.7253365973072216,2.1646952929245824,0.308252603051953,0.6929756999015808,0.4150976836681366
h256_wd0.01_s0,l5,24,0.0005,0.4066661555658687,0.6542947292327881,0.9516775239318592,0.7318237454100367,1.6548567347870176,0.25081023540009934,0.7057195901870728,0.4257435202598572
h256_wd0.01_s0,l5,25,0.0005,0.3972381190820174,0.6616922616958618,0.9510734929810075,0.7228886168910648,1.852908179269467,0.2850970201726319,0.7182890772819519,0.45748770236968994
h256_wd0.01_s0,l5,26,0.0005,0.4860785508697683,0.6603403091430664,0.9589411872648868,0.7297429620563035,2.296793483847116,0.32289330128044064,0.7349057197570801,0.4362609088420868
h256_wd0.01_s0,l5,27,0.0005,0.36439353227615356,0.7367764711380005,0.9562268709667553,0.7372093023255814,1.288848694322162,0.19834136366887914,0.7477454543113708,0.4717252552509308
h256_wd0.01_s0,l5,28,0.0005,0.41616079075769946,0.6595668792724609,0.9636740373734594,0.7252141982864136,1.9963348907727558,0.2715777514895771,0.7605265378952026,0.49756306409835815
h256_wd0.01_s0,l5,29,0.0005,0.37164798785339703,0.6567873358726501,0.962557727008594,0.7228886168910649,1.7560799973799426,0.20534596039915368,0.7722216844558716,0.5281393527984619
h256_wd0.01_s0,l5,30,0.0005,0.33915909786115994,0.673168420791626,0.9628559195033184,0.7423500611995105,1.274105228023897,0.17522569005017094,0.783045768737793,0.5717459917068481
h256_wd0.01_s0,l5,31,0.0005,0.32456164874813775,0.736609697341919,0.9687968315135946,0.7263157894736842,1.6666413483440559,0.18951899345377834,0.7919400334358215,0.6122971773147583
h256_wd0.01_s0,l5,32,0.0005,0.28972548517313873,0.736396312713623,0.9802046059271493,0.7140758873929008,1.5252128244150527,0.1650633637508851,0.8011817336082458,0.6522881984710693
h256_wd0.01_s0,l5,33,0.0005,0.30509293350306427,0.8015387654304504,0.9749288925589503,0.7263157894736842,1.819402050376656,0.17539660566409962,0.8106699585914612,0.6962850093841553
h256_wd0.01_s0,l5,34,0.0005,0.34237239035693084,0.8020440936088562,0.982322537235832,0.7157894736842105,2.4958186779885825,0.2268380282251175,0.8210412859916687,0.7098454833030701
h256_wd0.01_s0,l5,35,0.0005,0.31067952716892416,0.760651707649231,0.9779719851974187,0.7294981640146879,2.16229878121333,0.20184542184485757,0.8311295509338379,0.728229284286499
h256_wd0.01_s0,l5,36,0.0005,0.2595538971098987,0.8362569808959961,0.9849221641129156,0.7265605875153,1.9713119053922936,0.19203942637762034,0.8401815295219421,0.7643120884895325
h256_wd0.01_s0,l5,37,0.0005,0.2581139179793271,0.7948606610298157,0.9858779092883139,0.7188494492044063,1.9264749950165667,0.15496498626531283,0.8485695123672485,0.7957675457000732
h256_wd0.01_s0,l5,38,0.0005,0.23938837173310193,0.8392932415008545,0.9871089090742269,0.7309669522643819,1.7936539929754647,0.13584676752870758,0.8561447262763977,0.8297418355941772
h256_wd0.01_s0,l5,39,0.0005,0.23529319194230167,0.8048747181892395,0.990794262470563,0.7221542227662179,1.745313570035908,0.14267897395714027,0.8640602231025696,0.8675710558891296
h256_wd0.01_s0,l5,40,0.0005,0.24545403231274,0.9284694790840149,0.9875676667584181,0.7208078335373318,2.6289811087396675,0.1792804016151105,0.8725385665893555,0.9045237302780151
h256_wd0.01_s0,l5,41,0.0005,0.2604475536129691,0.8096321821212769,0.9920252622564761,0.7307221542227662,2.286811170099222,0.16389926690098014,0.8817480206489563,0.9227234125137329
h256_wd0.01_s0,l5,42,0.0005,0.2349839291789315,0.906808078289032,0.9926675230143439,0.7115055079559364,2.1753091501300217,0.16325385542154547,0.889948844909668,0.954937756061554
h256_wd0.01_s0,l5,43,0.0005,0.21661161902275952,0.9177318811416626,0.9917423616845582,0.716891064871481,1.9619818739949624,0.13301297848317836,0.8975958824157715,0.97868412733078
h256_wd0.01_s0,l5,44,0.0005,0.22065379165790297,0.9095971584320068,0.9957259075756185,0.6974296205630355,2.223133236065829,0.14381815341407042,0.9056649208068848,1.0078999996185303
h256_wd0.01_s0,l5,45,0.0005,0.19081933796405792,0.9526212215423584,0.9956570939229898,0.7074663402692779,1.6903742169557512,0.11362540862974718,0.9133294224739075,1.0454225540161133
h256_wd0.01_s0,l5,46,0.0005,0.19229060513052074,0.9494964480400085,0.9970180750527571,0.7030599755201958,2.220034247966309,0.13390697303053675,0.9206031560897827,1.0822256803512573
h256_wd0.01_s0,l5,47,0.0005,0.1615663624622605,1.0571967363357544,0.9977826711930758,0.7067319461444309,1.8032574192173407,0.11450416117695596,0.9274985790252686,1.1216562986373901
h256_wd0.01_s0,l5,48,0.0005,0.13592759011821312,1.110830545425415,0.998486099642169,0.7069767441860465,1.6140598701732325,0.10532140487026606,0.9335373640060425,1.1617543697357178
h256_wd0.01_s0,l5,49,0.0005,0.13393163088370452,1.117781400680542,0.9986007890632168,0.7145654834761321,1.9599931602687115,0.10371532656317761,0.9396835565567017,1.1999019384384155
h256_wd0.01_s0,l5,50,0.0005,0.13726175339384514,1.1457685232162476,0.9989830871333761,0.7064871481028152,2.199701709405558,0.11125530720278926,0.946781575679779,1.2345651388168335
h256_wd0.01_s0,l6,1,0.0005,0.7243781027040983,0.6913268566131592,0.6623149671052632,0.5902597402597403,1.270928695262132,0.4146937211104468,0.23316003382205963,0.029735999181866646
h256_wd0.01_s0,l6,2,0.0005,0.7012014389038086,0.6844969987869263,0.6975123355263158,0.6040584415584416,1.0878489087692902,0.3897369841330352,0.27989786863327026,0.04972825199365616
h256_wd0.01_s0,l6,3,0.0005,0.6630347120134454,0.674448549747467,0.7763466282894737,0.6719155844155844,0.6942839240239833,0.24137695337760115,0.3007729649543762,0.04841695353388786
h256_wd0.01_s0,l6,4,0.0005,0.6555706105734173,0.6659772992134094,0.7608552631578946,0.6470779220779221,0.9058605014865933,0.2704584905167562,0.3208484649658203,0.03761652484536171
h256_wd0.01_s0,l6,5,0.0005,0.646210557536075,0.6692548394203186,0.7894634046052631,0.6777597402597402,1.0700443343941952,0.3218449789994489,0.3446391224861145,0.033112555742263794
h256_wd0.01_s0,l6,6,0.0005,0.6139214634895325,0.6392001509666443,0.8058079769736842,0.6912337662337662,0.8785073134217435,0.2665328033629417,0.3718489110469818,0.036745328456163406
h256_wd0.01_s0,l6,7,0.0005,0.60690449727209,0.6421067714691162,0.8258223684210526,0.6961038961038961,1.0966063939069517,0.3179705999247973,0.40007904171943665,0.050344936549663544
h256_wd0.01_s0,l6,8,0.0005,0.5951374471187592,0.6403511762619019,0.8412520559210526,0.6974025974025974,1.253657074129889,0.3379284269433673,0.42658811807632446,0.06232428178191185
h256_wd0.01_s0,l6,9,0.0005,0.5865348153992703,0.6375511884689331,0.8524876644736842,0.6962662337662338,1.1662645503765536,0.3441822818219165,0.45031267404556274,0.06539590656757355
h256_wd0.01_s0,l6,10,0.0005,0.5486811399459839,0.646899402141571,0.8625925164473685,0.6959415584415584,1.0064922424763263,0.2856248629566047,0.4760376214981079,0.09423501789569855
h256_wd0.01_s0,l6,11,0.0005,0.5389530172473506,0.6271592378616333,0.8787212171052632,0.7045454545454545,1.3296993239768597,0.30572905384121646,0.5005196928977966,0.11932757496833801
h256_wd0.01_s0,l6,12,0.0005,0.5355061120108554,0.7068756818771362,0.8850328947368421,0.6928571428571428,1.295920712458359,0.2884263654811225,0.5213056802749634,0.137376070022583
h256_wd0.01_s0,l6,13,0.0005,0.4936661720275879,0.6720585227012634,0.8939555921052632,0.6993506493506494,1.4686894902327043,0.37562435514223586,0.5447695851325989,0.15418313443660736
h256_wd0.01_s0,l6,14,0.0005,0.48286959528923035,0.7362411022186279,0.8934724506578947,0.6988636363636364,1.5061292767029628,0.35351576537765805,0.5656684041023254,0.18231472373008728
h256_wd0.01_s0,l6,15,0.0005,0.5354443757157576,0.7153142690658569,0.8926809210526316,0.6983766233766234,2.0374635257414346,0.4606837832918654,0.5848032832145691,0.1862863153219223
h256_wd0.01_s0,l6,16,0.0005,0.46950408659483256,0.6841202974319458,0.9075760690789474,0.712012987012987,1.490594714802254,0.3162670849039433,0.6025274395942688,0.19257909059524536
h256_wd0.01_s0,l6,17,0.0005,0.49752921963992874,0.6808333396911621,0.9126953125,0.7097402597402598,1.8342514261538252,0.3639928448671212,0.6179159879684448,0.20555858314037323
h256_wd0.01_s0,l6,18,0.0005,0.48839904916913884,0.6263277530670166,0.9244962993421053,0.7175324675324676,1.5000145770355502,0.3277853863827463,0.6340215802192688,0.2204510122537613
h256_wd0.01_s0,l6,19,0.0005,0.4372049821050544,0.636853039264679,0.9263466282894738,0.7167207792207791,1.3449183134377092,0.26396672414828887,0.6498937606811523,0.2535107135772705
h256_wd0.01_s0,l6,20,0.0005,0.41321706614996256,0.6429635882377625,0.9343030427631579,0.7141233766233765,1.2511038124071276,0.24015878089951323,0.6642008423805237,0.29082146286964417
h256_wd0.01_s0,l6,21,0.0005,0.39719900645707784,0.6693874001502991,0.9460115131578948,0.7086038961038961,1.3844557274462637,0.23307023936107735,0.6762271523475647,0.32150906324386597
h256_wd0.01_s0,l6,22,0.0005,0.37805830020653575,0.6603302359580994,0.9483963815789473,0.7074675324675325,1.2124425419457723,0.22119492932791096,0.6895470023155212,0.3555282652378082
h256_wd0.01_s0,l6,23,0.0005,0.3736356088989659,0.6931045055389404,0.9573807565789474,0.6987012987012987,1.4598545661503366,0.21374516113382672,0.7024702429771423,0.39068618416786194
h256_wd0.01_s0,l6,24,0.0005,0.3473353315340845,0.7115445733070374,0.9594777960526316,0.7051948051948053,1.4699739291566172,0.21514129566648163,0.7152395844459534,0.4252915680408478
h256_wd0.01_s0,l6,25,0.0005,0.3245233422831485,0.6904562711715698,0.9643092105263158,0.7064935064935065,1.6315949787045525,0.20730091186710736,0.7280969023704529,0.45626208186149597
h256_wd0.01_s0,l6,26,0.0005,0.34608291011107595,0.6925827264785767,0.9672388980263158,0.7047077922077922,1.6975842833933017,0.20372254377257012,0.7408158779144287,0.48061516880989075
h256_wd0.01_s0,l6,27,0.0005,0.3272688780960284,0.8601635694503784,0.9647615131578947,0.7129870129870131,1.9356825157010735,0.24458359059177134,0.754305899143219,0.5101239085197449
h256_wd0.01_s0,l6,28,0.0005,0.33313761416234466,0.8310092091560364,0.9641138980263158,0.6941558441558441,1.9554280375137305,0.2575936767865871,0.7691447138786316,0.5203787684440613
h256_wd0.01_s0,l6,29,0.0005,0.3424052815688284,0.8002793192863464,0.9791118421052631,0.701948051948052,2.314655913376681,0.2763690328323174,0.7834409475326538,0.5402219295501709
h256_wd0.01_s0,l6,30,0.0005,0.33473188822206695,0.6896268725395203,0.9793893914473684,0.7084415584415585,2.462617608922477,0.24132873609450659,0.7960097789764404,0.5562822818756104
h256_wd0.01_s0,l6,31,0.0005,0.3132221604648389,0.8348318934440613,0.9816406249999999,0.698051948051948,2.156571703517084,0.21642738821992175,0.8098317980766296,0.5706854462623596
h256_wd0.01_s0,l6,32,0.0005,0.2722800146592291,0.7334325909614563,0.9817434210526316,0.7016233766233767,1.7035564737043196,0.19065826151247214,0.822888195514679,0.5995259284973145
h256_wd0.01_s0,l6,33,0.0005,0.2550698236415261,0.7560720443725586,0.9800884046052631,0.698538961038961,1.5912102927633989,0.17985570417370972,0.8333183526992798,0.631457507610321
h256_wd0.01_s0,l6,34,0.0005,0.2699756975236692,0.8027852177619934,0.9888877467105264,0.6941558441558442,2.2276184931081806,0.19865092338419962,0.8433389663696289,0.663288950920105
h256_wd0.01_s0,l6,35,0.0005,0.2947725253669839,0.7701940536499023,0.9844469572368422,0.7037337662337663,2.0763573827822306,0.20141088552141984,0.8548408150672913,0.6797210574150085
h256_wd0.01_s0,l6,36,0.0005,0.2816317951992938,0.7384687066078186,0.9871093750000001,0.7073051948051948,2.2046784968128734,0.19569323104623415,0.8652305603027344,0.7010189890861511
h256_wd0.01_s0,l6,37,0.0005,0.24291568602386274,0.8990074396133423,0.9917454769736842,0.6982142857142858,1.9621605725578206,0.15625724662360277,0.8740941882133484,0.7279906868934631
h256_wd0.01_s0,l6,38,0.0005,0.23881546682433077,0.7826370000839233,0.9874280427631579,0.7024350649350649,1.89991655637302,0.15731932316369762,0.8830651044845581,0.7553781867027283
h256_wd0.01_s0,l7,1,0.0005,0.7012137045031008,0.6779851913452148,0.7509014311839659,0.6747891283973759,0.8433120266989589,0.2599311083211715,0.23358769714832306,0.033931344747543335
h256_wd0.01_s0,l7,2,0.0005,0.666578251382579,0.6730927228927612,0.7117419278410815,0.6776007497656983,0.7906108273788405,0.25996579250065727,0.2820795476436615,0.04019194468855858
h256_wd0.01_s0,l7,3,0.0005,0.6607806397520978,0.7310076951980591,0.7489319798908657,0.6346063730084347,1.040159808051339,0.33917969591414043,0.31824082136154175,0.04206128045916557
h256_wd0.01_s0,l7,4,0.0005,0.6306412142256032,0.6403400301933289,0.789653717154217,0.7074742268041238,0.8445031846978022,0.2437510378111676,0.3489190340042114,0.04093204438686371
h256_wd0.01_s0,l7,5,0.0005,0.6092631765033888,0.6318207383155823,0.80958515655657,0.7080599812558577,0.9176691201207348,0.284957088796145,0.38644853234291077,0.04736817628145218
h256_wd0.01_s0,l7,6,0.0005,0.5901825998140418,0.6236072182655334,0.8250816285733324,0.7318416119962511,1.0704785888836967,0.3224020584338084,0.4207260012626648,0.06821195781230927
h256_wd0.01_s0,l7,7,0.0005,0.5739548219286877,0.6073236465454102,0.8411630128162414,0.7403936269915651,1.034389754458301,0.3142768961599471,0.45525020360946655,0.07721780240535736
h256_wd0.01_s0,l7,8,0.0005,0.5699930722298829,0.6346613168716431,0.8617015763014296,0.7279756326148079,1.301491969636132,0.35123297688207744,0.48694172501564026,0.08992847055196762
h256_wd0.01_s0,l7,9,0.0005,0.5198299884796143,0.5977189540863037,0.8715340248624716,0.7503514526710403,0.9427211431392323,0.25754920702957257,0.5150293707847595,0.11550018191337585
h256_wd0.01_s0,l7,10,0.0005,0.5440449921981149,0.6618894934654236,0.8680689752189719,0.7646438612933459,1.539688095947955,0.3715642040969309,0.5386936068534851,0.12615935504436493
h256_wd0.01_s0,l7,11,0.0005,0.5151093926118768,0.6100263595581055,0.8869120336435589,0.7507029053420805,1.2290960967558484,0.28544359886661835,0.5622968077659607,0.14300040900707245
h256_wd0.01_s0,l7,12,0.0005,0.5197839866513791,0.5903559327125549,0.8970036205326403,0.7576148078725399,1.496976105020994,0.3360133159914739,0.583127498626709,0.1583832949399948
h256_wd0.01_s0,l7,13,0.0005,0.46766585759494617,0.6355053782463074,0.905036908701865,0.7467197750702905,1.040138331294334,0.2684612634597708,0.6032155752182007,0.1883300095796585
h256_wd0.01_s0,l7,14,0.0005,0.48312014989230945,0.5870493650436401,0.9151951311610138,0.7649953139643861,1.6319045183500531,0.3339715220500063,0.622265100479126,0.213322252035141
h256_wd0.01_s0,l7,15,0.0005,0.4592428233312524,0.6586930751800537,0.9162613002820905,0.7541002811621369,1.4341163689202197,0.25781300107056554,0.6423977613449097,0.23227714002132416
h256_wd0.01_s0,l7,16,0.0005,0.43491123551907745,0.5943711996078491,0.9292478324929847,0.7641752577319587,1.1914913180593507,0.21767524814978986,0.6616662740707397,0.2630879282951355
h256_wd0.01_s0,l7,17,0.0005,0.4511449498974759,0.6576021909713745,0.9362593752545109,0.7658153701968134,1.7706865247438173,0.3009125564576794,0.6794546842575073,0.29160624742507935
h256_wd0.01_s0,l7,18,0.0005,0.42488019103589264,0.6000332236289978,0.9373699680889659,0.7592549203373945,1.4588899729465583,0.2360435202218067,0.696539044380188,0.3212088942527771
h256_wd0.01_s0,l7,19,0.0005,0.40697439986726514,0.6181637644767761,0.9453366206881233,0.7689784442361761,1.4944123510582097,0.24073413066107147,0.7122131586074829,0.3548399806022644
h256_wd0.01_s0,l7,20,0.0005,0.405308001715204,0.6307440996170044,0.9470839534143325,0.761480787253983,1.6223596150520796,0.23023137018897738,0.7294917702674866,0.38505885004997253
h256_wd0.01_s0,l7,21,0.0005,0.3868135609056639,0.5987719297409058,0.9546878123542347,0.7659325210871603,1.5119338336210655,0.1945381103854902,0.7451139092445374,0.4160763919353485
h256_wd0.01_s0,l7,22,0.0005,0.37378871116949164,0.6286284327507019,0.9565165885549706,0.7714386129334583,1.9303517970982431,0.23443621381795232,0.7592636942863464,0.44466066360473633
h256_wd0.01_s0,l7,23,0.0005,0.36203825344210083,0.6456593871116638,0.9601297172430644,0.76558106841612,1.8585913859959324,0.22858462316905329,0.7754789590835571,0.47265562415122986
h256_wd0.01_s0,l7,24,0.0005,0.36038011182909424,0.6060382127761841,0.9666896189185787,0.765463917525773,1.771810925531516,0.21529709636459748,0.7894512414932251,0.49772801995277405
h256_wd0.01_s0,l7,25,0.0005,0.30500366052855615,0.6323120594024658,0.9689922480620156,0.7654639175257731,1.6346137237593383,0.19077052700206237,0.8023817539215088,0.5427161455154419
h256_wd0.01_s0,l7,26,0.0005,0.30786952311578003,0.6265921592712402,0.9738862604858474,0.7666354264292409,1.707577165663454,0.1813029424865754,0.8149421811103821,0.5772066116333008
h256_wd0.01_s0,l7,27,0.0005,0.286546330737031,0.6528366208076477,0.97604081058469,0.770501405810684,1.719389475548241,0.1718992915425416,0.8278409242630005,0.618608295917511
h256_wd0.01_s0,l7,28,0.0005,0.2888543242993562,0.6599172353744507,0.9783434397281269,0.7604264292408622,1.9515706119941245,0.1781122162945554,0.8411577343940735,0.657782256603241
h256_wd0.01_s0,l7,29,0.0005,0.2727852146262708,0.6729475855827332,0.981549351043587,0.7692127460168698,1.6786112203921058,0.1573088905791181,0.8540884256362915,0.6990403532981873
h256_wd0.01_s0,l7,30,0.0005,0.3406240389398906,0.6487386226654053,0.9813938680467633,0.7516401124648547,2.9116746012619483,0.248295937984696,0.8682350516319275,0.7218489050865173
h256_wd0.01_s0,l7,31,0.0005,0.4065823645695396,0.6160053014755249,0.9825340766901373,0.7661668228678538,3.048861369826599,0.29659026394703547,0.8854469060897827,0.6957178115844727
h256_wd0.01_s0,l7,32,0.0005,0.28847865825114044,0.6543909907341003,0.9849551690692491,0.7605435801312089,1.5035589554315711,0.18642849744438036,0.8988339304924011,0.7313159704208374
h256_wd0.01_s0,l7,33,0.0005,0.28583133998124494,0.7523605823516846,0.9814975233779792,0.7589034676663542,1.8478370573111085,0.16585228818175607,0.909517765045166,0.7705390453338623
h256_wd0.01_s0,l7,34,0.0005,0.2531761164250581,0.7129510045051575,0.9852291153017481,0.7583177132146204,1.4797875732027777,0.1450842009358565,0.9202181100845337,0.8077431321144104
h256_wd0.01_s0,l7,35,0.0005,0.2354672881572143,0.7447034120559692,0.98616941723492,0.7488284910965323,1.7794454311883892,0.14208005735340584,0.9302613735198975,0.8502734303474426
h256_wd0.01_s0,l7,36,0.0005,0.29124933319247287,0.7055382132530212,0.9867691373655256,0.7572633552014995,2.8157659493124734,0.22413362378656754,0.9401757717132568,0.8652639389038086
h256_wd0.01_s0,l7,37,0.0005,0.28436862709729566,0.7030810117721558,0.9921221948275989,0.7551546391752577,2.6204555710758997,0.18894112511007777,0.9515284895896912,0.8774563074111938
h256_wd0.01_s0,l7,38,0.0005,0.23151877392893253,0.7259215712547302,0.9920777711142208,0.756443298969072,2.060549857987936,0.15121809283549734,0.9619783163070679,0.9132817983627319
h256_wd0.01_s0,l7,39,0.0005,0.22769658526648645,0.802926242351532,0.9907968873784827,0.7528116213683225,2.29418367883763,0.15417810565551077,0.9719198346138,0.9431816339492798
h256_wd0.01_s0,l7,40,0.0005,0.21703800947769827,0.7452882528305054,0.9940842421684696,0.756443298969072,2.106748990133525,0.14230912752785496,0.9823763370513916,0.9760043025016785
h256_wd0.01_s0,l7,41,0.0005,0.22917951837829922,0.720495879650116,0.9942101093563744,0.7603092783505154,2.409042815629792,0.1559465182471386,0.9918403625488281,1.0108486413955688
h256_wd0.01_s0,l7,42,0.0005,0.23570766785870428,0.7740171551704407,0.9937436603659033,0.7515229615745079,2.5218150106054544,0.15918148793582051,1.0021381378173828,1.030623435974121
h256_wd0.01_s0,l8,1,0.0005,0.701108845797452,0.6965328454971313,0.6474576797157443,0.5805572755417958,0.7570327067429758,0.245208230014154,0.22494879364967346,0.030991410836577415
h256_wd0.01_s0,l8,2,0.0005,0.6850389458916404,0.675747811794281,0.76969386646806,0.6608049535603715,0.7380123259882282,0.2442138084400095,0.2690718173980713,0.039612993597984314
h256_wd0.01_s0,l8,3,0.0005,0.654875324531035,0.6733143329620361,0.7755900013964532,0.6643962848297214,0.677350982683846,0.226021093812922,0.29862120747566223,0.03767042234539986
h256_wd0.01_s0,l8,4,0.0005,0.6380349912426688,0.6788633465766907,0.7580722742013065,0.6518885448916408,0.9384446776366873,0.30442166700057477,0.3312285542488098,0.0455901175737381
h256_wd0.01_s0,l8,5,0.0005,0.6190619414502924,0.6453779935836792,0.8046051917019659,0.6786377708978328,1.0089926106183027,0.3283560649380827,0.36303865909576416,0.05618971213698387
h256_wd0.01_s0,l8,6,0.0005,0.603091758760539,0.689204216003418,0.8123399897593446,0.6795046439628483,1.1502431244865874,0.3361557459115537,0.394770085811615,0.07144865393638611
h256_wd0.01_s0,l8,7,0.0005,0.603140729394826,0.6993929743766785,0.8196946422752873,0.6813622291021671,1.4088596361871475,0.4267978593475645,0.42134684324264526,0.07404147833585739
h256_wd0.01_s0,l8,8,0.0005,0.6045782945372842,0.6401338577270508,0.8316731058666543,0.6879256965944273,1.3956130692981268,0.40468886303981083,0.44741740822792053,0.07131312787532806
h256_wd0.01_s0,l8,9,0.0005,0.5495903112671592,0.6433612108230591,0.8482598643888967,0.6937461300309598,0.8356965150119396,0.26912299272195167,0.4700060486793518,0.08892181515693665
h256_wd0.01_s0,l8,10,0.0005,0.5535403056578203,0.641977071762085,0.8570264860587441,0.6948606811145511,1.1849871628533466,0.3181693969301167,0.4905036687850952,0.11287689954042435
h256_wd0.01_s0,l8,11,0.0005,0.5175363570451736,0.6469016671180725,0.8687954816987075,0.7025386996904024,0.84263003956261,0.23269969973218052,0.5101714730262756,0.13747772574424744
h256_wd0.01_s0,l8,12,0.0005,0.5056504891677336,0.6493830680847168,0.8831323992614316,0.7088544891640867,1.0595077471510415,0.23179563659754657,0.5290157198905945,0.16519562900066376
h256_wd0.01_s0,l8,13,0.0005,0.5049121190201152,0.7037255764007568,0.8888423404552437,0.7123219814241486,1.242189382808383,0.2809977810526863,0.5514646768569946,0.19084396958351135
h256_wd0.01_s0,l8,14,0.0005,0.47738204625519837,0.6594653725624084,0.8953358469487502,0.7149226006191952,1.1187619692070838,0.24878716967201797,0.5717528462409973,0.22027665376663208
h256_wd0.01_s0,l8,15,0.0005,0.48384444009174,0.6442170739173889,0.9077875529488432,0.7170278637770897,1.6158225591879913,0.3317833410471777,0.5900523066520691,0.23857566714286804
h256_wd0.01_s0,l8,16,0.0005,0.47300085154446686,0.6467287540435791,0.9168955297987558,0.7180185758513933,1.5619642528958615,0.31281737805781,0.6060810089111328,0.2547646462917328
h256_wd0.01_s0,l8,17,0.0005,0.44194503670389,0.6516739130020142,0.9241493273751338,0.7177708978328172,1.2484647164469236,0.22538464631506525,0.6236107349395752,0.2881331741809845
h256_wd0.01_s0,l8,18,0.0005,0.41876742108301684,0.6734670996665955,0.9295023972443328,0.7154179566563468,1.3346852982236455,0.24767496767311795,0.6410366892814636,0.32841652631759644
h256_wd0.01_s0,l8,19,0.0005,0.44036485525694763,0.682942807674408,0.9374389051808407,0.7156656346749227,1.697197152682481,0.25773491258107895,0.6578067541122437,0.34169915318489075
h256_wd0.01_s0,l8,20,0.0005,0.43782665919173847,0.6865480542182922,0.9385793418051482,0.7114551083591331,1.6522241833285891,0.2765067566623164,0.6751237511634827,0.35566407442092896
h256_wd0.01_s0,l8,21,0.0005,0.41459030183878814,0.664448618888855,0.9465391239584787,0.7175232198142415,1.6793830453960472,0.26004214214795335,0.6905835866928101,0.3749886155128479
h256_wd0.01_s0,l8,22,0.0005,0.39435010335662146,0.8065010905265808,0.9399990690313271,0.7152941176470589,1.5900319702007748,0.21165032236713,0.7042450308799744,0.40286681056022644
h256_wd0.01_s0,l8,23,0.0005,0.3890260281887921,0.6632404923439026,0.9550342130987292,0.7195046439628483,1.7482224334553251,0.22806813074363055,0.7178301215171814,0.42539823055267334
h256_wd0.01_s0,l8,24,0.0005,0.37140999328006397,0.688405454158783,0.959378733572282,0.7256965944272445,1.4897244142659978,0.19007774024250398,0.7314136028289795,0.45983630418777466
h256_wd0.01_s0,l8,25,0.0005,0.33840109611099417,0.7486081719398499,0.9597200887523468,0.7263157894736842,1.5058085173354934,0.16486380512684595,0.7444297075271606,0.4968569576740265
h256_wd0.01_s0,l8,26,0.0005,0.3418308286504312,0.7311652302742004,0.9649878198265296,0.7222291021671826,1.9169880894260904,0.21560942756626603,0.7571442127227783,0.529124915599823
h256_wd0.01_s0,l8,27,0.0005,0.3571291809732264,0.7082449793815613,0.9754844916135239,0.7172755417956655,2.0853070241254374,0.20826291923249196,0.7706990242004395,0.5481756329536438
h256_wd0.01_s0,l8,28,0.0005,0.3406678864901716,0.7391303181648254,0.9686108395785815,0.7233436532507741,2.0416858201870554,0.19724424728866038,0.7846232056617737,0.5735383629798889
h256_wd0.01_s0,l8,29,0.0005,0.3545468517325141,0.7078312039375305,0.969479743673292,0.7131888544891641,2.22971125441985,0.24397492882998773,0.7979142665863037,0.5878127813339233
h256_wd0.01_s0,l8,30,0.0005,0.29253342883153394,0.7505350112915039,0.9762525407686697,0.7240866873065016,1.4633244946785133,0.18172683288269506,0.8098089098930359,0.6199791431427002
h256_wd0.01_s0,l8,31,0.0005,0.27285426448691974,0.7847075462341309,0.9770981706465578,0.7208668730650155,1.5486505383163178,0.16805179768650544,0.8197708129882812,0.6691100597381592
h256_wd0.01_s0,l8,32,0.0005,0.3052023019302975,0.7335473895072937,0.9853294853294854,0.7162848297213622,2.0410407368226813,0.1670039560865433,0.8298940062522888,0.6892338395118713
h256_wd0.01_s0,l8,33,0.0005,0.2924120554869825,0.7463363409042358,0.9853372434017595,0.718390092879257,2.2314037895894714,0.19190892418363728,0.8411545157432556,0.7248925566673279
h256_wd0.01_s0,l8,34,0.0005,0.30967411398887634,0.7956276535987854,0.9831261928036121,0.726811145510836,2.3125106002282645,0.19750779956564068,0.8528728485107422,0.7474935054779053
h256_wd0.01_s0,l8,35,0.0005,0.2993420538577167,0.7533020973205566,0.9866793899051963,0.7258204334365325,2.4731705493514844,0.19171757397465863,0.8635811805725098,0.7729741334915161
h256_wd0.01_s0,l8,36,0.0005,0.36639065024527634,0.6982517838478088,0.9848795171375817,0.7270588235294118,3.112225814382913,0.2619908579862681,0.8769229650497437,0.7704247832298279
h256_wd0.01_s0,l8,37,0.0005,0.2754302255131982,0.7723182439804077,0.9884482303837143,0.7228482972136224,1.9538162406495296,0.16529726984432444,0.8878611326217651,0.7980734705924988
h256_wd0.01_s0,l8,38,0.0005,0.21894519369710574,0.8362765908241272,0.9883318592996012,0.7208668730650155,1.4587004207812972,0.15394550536489382,0.8972281217575073,0.8416455984115601
h256_wd0.01_s0,l8,39,0.0005,0.21194671365347775,0.8584038019180298,0.9924669118217505,0.723343653250774,1.8126388171257637,0.14229743673825015,0.9044457674026489,0.8859310150146484
h256_wd0.01_s0,l8,40,0.0005,0.21069969778711145,0.9181421995162964,0.9915747335102174,0.714922600619195,2.158504139210605,0.14433141282626202,0.9118639230728149,0.928684651851654
h256_wd0.01_s0,l8,41,0.0005,0.22040024975484068,0.9585872888565063,0.9898912318267157,0.7062538699690403,2.3497679338344355,0.1373002498162559,0.9203818440437317,0.9541763663291931
h256_wd0.01_s0,l8,42,0.0005,0.22970835695212538,0.8286357522010803,0.9916988626666047,0.7211145510835915,2.503026226678162,0.13926884769928688,0.9294298887252808,0.9711756110191345
h256_wd0.01_s0,l8,43,0.0005,0.18857767500660635,0.9219370484352112,0.9952675759127373,0.7124458204334365,1.7720618936703878,0.11979249212986076,0.9369886517524719,1.005391240119934
h256_wd0.01_s0,l8,44,0.0005,0.16064922545443883,0.9179130792617798,0.9943676395289298,0.7175232198142415,1.6523489104119882,0.11466487161697075,0.9436283111572266,1.0418187379837036
h256_wd0.01_s0,l8,45,0.0005,0.17768704281611877,0.96588534116745,0.9962063026579155,0.7042724458204335,1.8207126229541941,0.11085962479027073,0.949761688709259,1.0769188404083252
h256_wd0.01_s0,l8,46,0.0005,0.16544347019358116,1.006093978881836,0.9957640925382861,0.7035294117647058,1.8466675568667765,0.10308059117694363,0.9569783210754395,1.103379726409912
h256_wd0.01_s0,l8,47,0.0005,0.1891002401032231,1.0227282047271729,0.9948408819376562,0.7152941176470589,2.55394123721714,0.13760716603945672,0.9648951292037964,1.126676321029663
h256_wd0.01_s0,l8,48,0.0005,0.19744730334390292,1.0755985975265503,0.9962063026579155,0.7161609907120743,2.89482520948528,0.12596087918925683,0.9725175499916077,1.1455358266830444
h256_wd0.01_s0,l8,49,0.0005,0.15365630083463408,1.0110673904418945,0.9976803363900137,0.7098452012383901,2.072052849460622,0.10524101820224993,0.9795588850975037,1.1749413013458252
h256_wd0.01_s0,l8,50,0.0005,0.18824819780208848,1.014045000076294,0.9968734968734968,0.6991950464396284,2.9085716690119874,0.13340355784216057,0.9883708357810974,1.195528268814087
h256_wd0.01_s0,l8,51,0.0005,0.2038303173401139,0.9291723370552063,0.9965709320548031,0.7140557275541797,2.6639895786927372,0.13340481590408068,0.9992063641548157,1.2122398614883423
h256_wd0.01_s0,l8,52,0.0005,0.15522982298650526,0.9505348801612854,0.9983863209669662,0.7077399380804954,1.859081111270332,0.10391286180147884,1.0060638189315796,1.2419852018356323
h256_wd0.01_s0,l8,53,0.0005,0.16209524497389793,1.0214753150939941,0.9987509503638535,0.7013003095975232,2.139537595814714,0.11147592213684693,1.0119596719741821,1.275929570198059
h256_wd0.01_s0,l8,54,0.0005,0.2515172001651742,0.8793246746063232,0.9960511412124315,0.7026625386996904,3.658932767883343,0.17818882563303765,1.0210858583450317,1.2880358695983887
h256_wd0.01_s0,l8,55,0.0005,0.20723261345516553,0.9711712598800659,0.9964080125370449,0.7102167182662539,2.289806300489247,0.12647215776992293,1.0300475358963013,1.3107333183288574
h256_wd0.01_s0,l8,56,0.0005,0.17938221381469208,0.967851996421814,0.9970984809694488,0.7015479876160992,2.193838525532266,0.1077331789745665,1.0379365682601929,1.3392183780670166
h256_wd0.01_s0,l9,1,0.0005,0.6911496520042419,0.6699367761611938,0.7249882849109652,0.6812324273664481,0.8058778917859467,0.24860857436419564,0.24490605294704437,0.025559836998581886
h256_wd0.01_s0,l9,2,0.0005,0.6734566818112913,0.6750448346138,0.7501317947516402,0.6768978444236177,0.9362460331352374,0.3269600302744021,0.29089435935020447,0.03149911016225815
h256_wd0.01_s0,l9,3,0.0005,0.6543687374695487,0.6448366045951843,0.7812426780693533,0.7023195876288659,0.9143434860054431,0.3086854505378383,0.32459646463394165,0.031343359500169754
h256_wd0.01_s0,l9,4,0.0005,0.6244867366293202,0.6297295093536377,0.8000380740393628,0.7084114339268979,0.7562455249446202,0.23225717411257898,0.35800427198410034,0.03272896632552147
h256_wd0.01_s0,l9,5,0.0005,0.5970027109851008,0.6175755858421326,0.8234243205248359,0.7164948453608245,1.0481519217320443,0.3181649165304905,0.3954692780971527,0.04999997839331627
h256_wd0.01_s0,l9,6,0.0005,0.5940062144528264,0.6253835558891296,0.8460710520149952,0.7116916588566072,1.4651372841860368,0.45373271144704935,0.4288536608219147,0.05989823862910271
h256_wd0.01_s0,l9,7,0.0005,0.5616143488365671,0.6226153373718262,0.8552161433926898,0.7229381443298967,1.1594157326448933,0.34888891376434517,0.4608005881309509,0.08304285258054733
h256_wd0.01_s0,l9,8,0.0005,0.540611119373985,0.6197003126144409,0.8710022258669167,0.7244611059044048,1.1655967273957306,0.31875199343477245,0.4894924461841583,0.10410119593143463
h256_wd0.01_s0,l9,9,0.0005,0.5713090779988662,0.6253530383110046,0.8797958645735708,0.7262183692596065,1.5582501170366094,0.36493219488690004,0.5189735889434814,0.11115437746047974
h256_wd0.01_s0,l9,10,0.0005,0.5349875235039255,0.6758527755737305,0.8791515346766635,0.7284442361761949,1.2093260483750583,0.3161293617049623,0.5452488660812378,0.12450611591339111
h256_wd0.01_s0,l9,11,0.0005,0.49315322222916974,0.6091791391372681,0.8919063378631678,0.7312558575445173,1.1871520978583894,0.3081714663342821,0.5698249936103821,0.15808682143688202
h256_wd0.01_s0,l9,12,0.0005,0.48154753057853034,0.6141480207443237,0.9045366682286785,0.7303186504217432,1.2108220104776435,0.27154855870706146,0.5920301675796509,0.18903784453868866
h256_wd0.01_s0,l9,13,0.0005,0.4744206265262935,0.6184494495391846,0.9126566893158388,0.7306701030927836,1.3374402726121983,0.2681043303114985,0.613547682762146,0.21363615989685059
h256_wd0.01_s0,l9,14,0.0005,0.44820132981175964,0.6471983194351196,0.9138062324273664,0.7268041237113403,1.3886280480527973,0.2834068793239935,0.6353622674942017,0.25032198429107666
h256_wd0.01_s0,l9,15,0.0005,0.4212744650633439,0.6601774096488953,0.9260997539831303,0.7327788191190253,1.4728351099934605,0.2562166837945306,0.6560673713684082,0.2850409150123596
h256_wd0.01_s0,l9,16,0.0005,0.4124817589054937,0.6641301512718201,0.9329677249297095,0.7376991565135895,1.3913840267125668,0.2443653835940213,0.6789037585258484,0.3149116635322571
h256_wd0.01_s0,l9,17,0.0005,0.3828713544037031,0.6520959734916687,0.9389717080599812,0.732427366447985,1.278096961199823,0.2014871963476373,0.6980379819869995,0.3525460660457611
h256_wd0.01_s0,l9,18,0.0005,0.3818661700124326,0.6760241389274597,0.95321286316776,0.7407450796626054,1.5928692351872844,0.23068496876076808,0.7179938554763794,0.3810446262359619
h256_wd0.01_s0,l9,19,0.0005,0.35301047822703485,0.7083485126495361,0.9497203022492972,0.7272727272727274,1.5803961770826382,0.23546104557528497,0.7390831708908081,0.42415252327919006
h256_wd0.01_s0,l9,20,0.0005,0.34562110188214673,0.683050274848938,0.9612450210871604,0.7304358013120898,1.6686957782559728,0.23101024468769232,0.7586448788642883,0.4631766974925995
h256_wd0.01_s0,l9,21,0.0005,0.32311124127844104,0.7130150198936462,0.971188202905342,0.7259840674789128,1.8364952137626083,0.2368142539305599,0.7766447067260742,0.5009335875511169
h256_wd0.01_s0,l9,22,0.0005,0.29303071874639264,0.7975797653198242,0.9712980318650422,0.7266869728209935,1.6632317513319348,0.21061824776266785,0.7941107153892517,0.5481643676757812
h256_wd0.01_s0,l9,23,0.0005,0.34563679021337756,0.7192182540893555,0.9772434395501406,0.7266869728209934,2.246874613473731,0.23482821885378008,0.8130818009376526,0.5657311677932739
h256_wd0.01_s0,l9,24,0.0005,0.32996707701164746,0.715445339679718,0.9796011012183692,0.7306701030927835,2.3544892070987156,0.2280187298942688,0.8302453756332397,0.5806925892829895
h256_wd0.01_s0,l9,25,0.0005,0.29692670443783636,0.7286585569381714,0.982383434864105,0.7351218369259607,1.723482305909658,0.16520111154449202,0.8451026082038879,0.6155231595039368
h256_wd0.01_s0,l9,26,0.0005,0.27742608604223834,0.7455819845199585,0.9824420103092784,0.7215323336457358,1.8800407780292339,0.18008380794582657,0.8600339889526367,0.6520094871520996
h256_wd0.01_s0,l9,27,0.0005,0.2594729548563128,0.738777220249176,0.985985824742268,0.7361761949390815,1.5331766039888282,0.1637162393549559,0.8733054995536804,0.6931461691856384
h256_wd0.01_s0,l9,28,0.0005,0.23514766408049542,0.8103034496307373,0.9885851101218369,0.7255154639175257,1.6573208508629562,0.15958224508209837,0.8864873051643372,0.736285388469696
h256_wd0.01_s0,l9,29,0.0005,0.23896043261756067,0.831193745136261,0.9891562207122775,0.7232895970009372,2.1441635610991443,0.17473635134597262,0.8993023037910461,0.7720223069190979
h256_wd0.01_s0,l9,30,0.0005,0.26206099274365796,0.8889535665512085,0.9942156747891284,0.7196579194001874,2.5982854468918104,0.18976944375390434,0.9133214950561523,0.7914279103279114
h256_wd0.01_s0,l9,31,0.0005,0.22040241535591043,0.7999347448348999,0.989990920805998,0.7193064667291471,1.8631435266930934,0.14727049362550587,0.9270206689834595,0.8167932629585266
h256_wd0.01_s0,l9,32,0.0005,0.23103470970755038,0.8129051327705383,0.9954237933458294,0.7225866916588566,1.917875375826353,0.14513364440799417,0.9375857710838318,0.8407431244850159
h256_wd0.01_s0,l9,33,0.0005,0.2400043347607488,1.0101211071014404,0.9892147961574508,0.7365276476101219,2.5768194108556677,0.20662078569666056,0.9483433961868286,0.8601091504096985
h256_wd0.01_s0,l9,34,0.0005,0.2618259939810504,0.897908627986908,0.9938495782567949,0.7237582005623242,2.7328183521366207,0.19589586169786471,0.9618589282035828,0.8620761036872864
h256_wd0.01_s0,l9,35,0.0005,0.21472712573797806,0.9852976202964783,0.9982427366447985,0.7125117150890347,2.1882510838335785,0.1515543217836417,0.9719234704971313,0.8915295004844666
h256_wd0.01_s0,l9,36,0.0005,0.23236834581779398,0.8241702318191528,0.9938349343955014,0.731958762886598,2.6952041453362803,0.20008990031079044,0.9833146929740906,0.9160458445549011
h256_wd0.01_s0,l9,37,0.0005,0.1999090093633403,0.9391899108886719,0.9947208880037488,0.7123945641986879,2.2476997230795406,0.1585850698140799,0.9942796230316162,0.9503628015518188
h256_wd0.01_s0,l9,38,0.0005,0.2062884838036869,0.9662007689476013,0.9950503748828492,0.7204779756326148,2.508780454783639,0.1731825980145693,1.0045207738876343,0.9843021035194397
h256_wd0.01_s0,l10,1,0.0005,0.70933983636939,0.6892337203025818,0.714455926157467,0.6522705992509363,0.7851041424327213,0.2559835411154932,0.2381516396999359,0.03572244569659233
h256_wd0.01_s0,l10,2,0.0005,0.6872145274411077,0.697813868522644,0.7470746147905711,0.6649110486891385,0.850558249230744,0.30565827760140224,0.27730822563171387,0.040382180362939835
h256_wd0.01_s0,l10,3,0.0005,0.6629648675089297,0.7032071352005005,0.7000698709226638,0.5709269662921349,0.5724855772241797,0.19967199051901266,0.3028188943862915,0.0370967797935009
h256_wd0.01_s0,l10,4,0.0005,0.6467750461205192,0.6611466407775879,0.763865700731806,0.6426732209737827,0.7038274813618561,0.24912174062441733,0.32969382405281067,0.03958018124103546
h256_wd0.01_s0,l10,5,0.0005,0.6190019871877588,0.6480491161346436,0.7882984591622845,0.6681882022471909,0.7219605500997761,0.2451698525934867,0.3637339472770691,0.06547479331493378
h256_wd0.01_s0,l10,6,0.0005,0.6370283753975577,0.6416751146316528,0.8160629573787371,0.7022471910112359,1.4134925808340322,0.4615683700110371,0.39293918013572693,0.07136991620063782
h256_wd0.01_s0,l10,7,0.0005,0.5943856641002323,0.6357249617576599,0.8206229544368036,0.6878511235955057,0.9722899882123772,0.2864533729751392,0.41910481452941895,0.08289310336112976
h256_wd0.01_s0,l10,8,0.0005,0.5981500019197878,0.654049277305603,0.8345897841356232,0.7023642322097379,1.3476378467531753,0.42566108101794103,0.44455137848854065,0.09989321976900101
h256_wd0.01_s0,l10,9,0.0005,0.5727010926474696,0.6495196223258972,0.8376641047328357,0.6924157303370787,1.1530772600561192,0.3548783579341415,0.470417320728302,0.11986430734395981
h256_wd0.01_s0,l10,10,0.0005,0.5607794367748759,0.6138769388198853,0.8595520906115545,0.7213249063670412,1.017399218925222,0.2858516615831107,0.4906582534313202,0.13526999950408936
h256_wd0.01_s0,l10,11,0.0005,0.5503643271715745,0.6084811091423035,0.8744676938918104,0.7283473782771536,1.1954131253576614,0.2981678041030441,0.5118443369865417,0.16028720140457153
h256_wd0.01_s0,l10,12,0.0005,0.520810199820477,0.6083822846412659,0.8826683337623654,0.7344335205992509,1.116618801566936,0.26523132513781494,0.5323976278305054,0.18244332075119019
h256_wd0.01_s0,l10,13,0.0005,0.4926411496556323,0.6186510920524597,0.8903541352553966,0.7274110486891386,1.0653659216405256,0.2385982611601984,0.5513145923614502,0.21770799160003662
h256_wd0.01_s0,l10,14,0.0005,0.5131166046080382,0.7735653519630432,0.8942521972566468,0.7340823970037453,1.464634681666886,0.3326707916245208,0.5696104168891907,0.24119561910629272
h256_wd0.01_s0,l10,15,0.0005,0.5364703341670658,0.6026377081871033,0.9102930901334902,0.7367743445692884,1.598882159209399,0.33573984955567887,0.5883494019508362,0.23601961135864258
h256_wd0.01_s0,l10,16,0.0005,0.5034005862215291,0.6183914542198181,0.906218512117089,0.7271769662921348,1.4453086797600279,0.2959495283560575,0.6056961417198181,0.25127965211868286
h256_wd0.01_s0,l10,17,0.0005,0.43236125292985333,0.6314266324043274,0.9157724414371344,0.7439138576779026,1.056329305039498,0.22758906084659752,0.6198957562446594,0.2883621156215668
h256_wd0.01_s0,l10,18,0.0005,0.4343329097913659,0.6171208024024963,0.9313058507704189,0.7461376404494382,1.3581994437891407,0.231063433795443,0.6352637410163879,0.3274146616458893
h256_wd0.01_s0,l10,19,0.0005,0.43807635747868084,0.6280723810195923,0.9343654616997021,0.7471910112359551,1.6596385164244036,0.2836333120996043,0.6494691967964172,0.36753129959106445
h256_wd0.01_s0,l10,20,0.0005,0.42938752537188324,0.7646008729934692,0.9307910123928953,0.7476591760299626,1.653714071929814,0.2584272303578246,0.6653509140014648,0.3841990828514099
h256_wd0.01_s0,l10,21,0.0005,0.4188130782998126,0.6308922171592712,0.9427352627514435,0.7460205992509362,1.5484074617916326,0.2574823138055353,0.6795148253440857,0.3911357820034027
h256_wd0.01_s0,l10,22,0.0005,0.3815337017826412,0.640742301940918,0.9479866142021844,0.749882958801498,1.4805683742199216,0.23233119539136618,0.6916329264640808,0.4275556206703186
h256_wd0.01_s0,l10,23,0.0005,0.37743636317875073,0.6370183229446411,0.9529069981245173,0.7484784644194757,1.5919086430616085,0.22632443148978867,0.7043135166168213,0.4540833830833435
h256_wd0.01_s0,l10,24,0.0005,0.36624947514223016,0.6614784598350525,0.9577832530430626,0.7478932584269662,1.6088419473963886,0.228167431004818,0.7163328528404236,0.4934651255607605
h256_wd0.01_s0,l10,25,0.0005,0.3575499692688818,0.6597756743431091,0.9633287978523885,0.7456694756554307,1.5090062922250735,0.19196510150470655,0.7277306914329529,0.5305302143096924
h256_wd0.01_s0,l10,26,0.0005,0.3176951745282049,0.7177448272705078,0.9694186003750965,0.7432116104868914,1.5259650196377776,0.16197410669439508,0.7397692203521729,0.5699430704116821
h256_wd0.01_s0,l10,27,0.0005,0.3244836686745934,0.6982283592224121,0.9692420843599455,0.7418071161048689,1.891938927747723,0.19294256560894207,0.7513639330863953,0.6066766381263733
h256_wd0.01_s0,l10,28,0.0005,0.31904414620088495,0.6856818199157715,0.9708380833302688,0.7474250936329587,1.9492171694593539,0.20034447924104035,0.7631067037582397,0.6371610760688782
h256_wd0.01_s0,l10,29,0.0005,0.31178736168405286,0.6799635887145996,0.9755525319015923,0.7470739700374532,1.8551636290046305,0.18059467848978747,0.7736272215843201,0.6669417023658752
h256_wd0.01_s0,l10,30,0.0005,0.3341520085282948,0.74745774269104,0.9766998860000735,0.7478932584269664,2.301234637620834,0.22565270172889274,0.7852829694747925,0.6804236173629761
h256_wd0.01_s0,l10,31,0.0005,0.3531688075998555,0.6668461561203003,0.9823483984849042,0.7440308988764045,2.562235076231452,0.23917490690400325,0.7989344000816345,0.6892422437667847
h256_wd0.01_s0,l10,32,0.0005,0.29977044657520624,0.7466643452644348,0.9722722759533704,0.7409878277153558,1.9144570235166334,0.18727372165951184,0.8113048672676086,0.7251487374305725
h256_wd0.01_s0,l10,33,0.0005,0.3024960561938908,0.7102356553077698,0.9819659471187437,0.7425093632958801,1.9773176007775697,0.17939752477847845,0.8236867785453796,0.7587818503379822
h256_wd0.01_s0,l10,34,0.0005,0.2638408450976662,0.749981164932251,0.9786342073327695,0.7474250936329588,1.9210644435518134,0.17266647057053794,0.8339413404464722,0.805691659450531
h256_wd0.01_s0,l10,35,0.0005,0.24980649222498355,0.756430447101593,0.9877247821130438,0.738998127340824,1.8773004444197148,0.14988869740847516,0.844691276550293,0.8381944298744202
h256_wd0.01_s0,l10,36,0.0005,0.263648364207019,0.8142840266227722,0.9859302026256758,0.747191011235955,2.240228139769786,0.1619308153082788,0.8548572659492493,0.8723365664482117
h256_wd0.01_s0,l10,37,0.0005,0.23175120224123416,0.8123040199279785,0.9866436215202441,0.7447331460674157,1.8429301681912937,0.1432287487412541,0.8648578524589539,0.9059131741523743
h256_wd0.01_s0,l10,38,0.0005,0.2105675355895706,0.8043752908706665,0.9900268451439709,0.7434456928838951,1.87985899391889,0.12566837513863355,0.8727359175682068,0.9351174235343933
h256_wd0.01_s0,l10,39,0.0005,0.2412495211414669,0.825298011302948,0.9917405214577282,0.7440308988764045,2.254438419532988,0.16135946033440693,0.8814632892608643,0.9606839418411255
h256_wd0.01_s0,l10,40,0.0005,0.22741895201413528,1.0023751258850098,0.9947045195454712,0.737125468164794,2.333303134432318,0.15266262271056272,0.8915881514549255,0.9754545092582703
h256_wd0.01_s0,l10,41,0.0005,0.27714991051217786,0.8530861735343933,0.9893502004192255,0.7394662921348315,2.925446578200051,0.18844648882513032,0.9022525548934937,0.9852179884910583
h256_wd0.01_s0,l10,42,0.0005,0.3006244700240052,0.7913549542427063,0.9913874894274262,0.7433286516853933,3.0034756203528965,0.2142804244838301,0.9140534996986389,0.9831734299659729
h256_wd0.01_s0,l11,1,0.0005,0.6889281868934631,0.7334182858467102,0.6684297545392655,0.5975814176245211,1.0344458249524946,0.304912059801797,0.24924813210964203,0.027467239648103714
h256_wd0.01_s0,l11,2,0.0005,0.6685601012273268,0.662602961063385,0.7694120463539991,0.6849856321839081,1.270761728065562,0.4237686454539727,0.2997925877571106,0.03525817021727562
h256_wd0.01_s0,l11,3,0.0005,0.64045050740242,0.687120258808136,0.7790479325487967,0.6851053639846744,1.0437445778310992,0.3358639931066617,0.33380523324012756,0.03444958105683327
h256_wd0.01_s0,l11,4,0.0005,0.633380348032171,0.6529895663261414,0.8049855237268736,0.7019875478927202,1.1377979487835401,0.3803251907954342,0.3642222583293915,0.03505219891667366
h256_wd0.01_s0,l11,5,0.0005,0.593288166956468,0.6347351670265198,0.8136263999341649,0.7011494252873564,1.0675503166869502,0.313990018751224,0.4012562930583954,0.04166918992996216
h256_wd0.01_s0,l11,6,0.0005,0.5802404650233008,0.7642207741737366,0.8031451293138919,0.6785201149425288,1.2108096345156054,0.3156781949492384,0.43528541922569275,0.052492655813694
h256_wd0.01_s0,l11,7,0.0005,0.5790379670533267,0.6229012608528137,0.8424068767908309,0.7134818007662834,1.2707315691264087,0.3496460503902456,0.467357873916626,0.05904968082904816
h256_wd0.01_s0,l11,8,0.0005,0.6160732737996362,0.6478894948959351,0.8621200445884175,0.7254549808429118,1.9765091515475284,0.5712431091771796,0.4987327754497528,0.06028861925005913
h256_wd0.01_s0,l11,9,0.0005,0.5642958838831295,0.6415016055107117,0.8581025982478847,0.720905172413793,1.18483150497445,0.3521523492552685,0.5262652039527893,0.05997331812977791
h256_wd0.01_s0,l11,10,0.0005,0.5566561763936823,0.6125229001045227,0.8693020715659063,0.7320402298850575,1.2817040588156907,0.3369082982782942,0.5516786575317383,0.07144898176193237
h256_wd0.01_s0,l11,11,0.0005,0.5057100626555356,0.5981759428977966,0.8842122588222971,0.7379070881226053,1.0034977061449728,0.2791903890030325,0.5749105215072632,0.09447228163480759
h256_wd0.01_s0,l11,12,0.0005,0.5110616223378615,0.604165256023407,0.8922471515033628,0.7441331417624522,1.480093821573655,0.37227998002444634,0.5999764800071716,0.11633196473121643
h256_wd0.01_s0,l11,13,0.0005,0.48127464137294074,0.6041854023933411,0.9046959982643434,0.7437739463601533,1.1697004165032345,0.25997417967865816,0.6213073134422302,0.13762205839157104
h256_wd0.01_s0,l11,14,0.0005,0.45435394888574426,0.5854254364967346,0.9145787666364921,0.748802681992337,1.134458973412356,0.2422641074487963,0.6430598497390747,0.17056232690811157
h256_wd0.01_s0,l11,15,0.0005,0.440767919475382,0.6151211261749268,0.9251722564282883,0.7544300766283525,1.284154934718703,0.26707150768289156,0.6629020571708679,0.198588028550148
h256_wd0.01_s0,l11,16,0.0005,0.4188311072913083,0.60875403881073,0.9328630103166825,0.7589798850574714,1.4486734247000383,0.3083945683841419,0.6842300295829773,0.23343922197818756
h256_wd0.01_s0,l11,17,0.0005,0.46127244152806024,0.6250766515731812,0.9328106413699717,0.7575431034482758,2.047577381928095,0.38431442885710465,0.706712007522583,0.2350345402956009
h256_wd0.01_s0,l11,18,0.0005,0.4213717593388124,0.6221891641616821,0.9422295704998243,0.7652059386973181,1.523358459330687,0.2830744728391425,0.7272040843963623,0.25269949436187744
h256_wd0.01_s0,l11,19,0.0005,0.4193158759312196,0.603360652923584,0.9477881601292765,0.7589798850574713,1.6397091303502156,0.2698641692719781,0.7460842728614807,0.27687567472457886
h256_wd0.01_s0,l11,20,0.0005,0.3629176901145415,0.6173954606056213,0.948027561028526,0.7599377394636015,1.2930163963759589,0.22642907394639347,0.7647703886032104,0.30950358510017395
h256_wd0.01_s0,l11,21,0.0005,0.3784219507466663,0.5920220017433167,0.9567731751292391,0.7629310344827586,1.9771693853357062,0.335544062054842,0.7820175290107727,0.33386826515197754
h256_wd0.01_s0,l11,22,0.0005,0.45806886933066626,0.7104688286781311,0.9633791436929084,0.7575431034482759,2.3192003475163294,0.3889597624780126,0.8039664626121521,0.3231499195098877
h256_wd0.01_s0,l11,23,0.0005,0.3644653165882284,0.5854512453079224,0.9623766524273007,0.7701149425287357,1.4800675033197341,0.2357092181518216,0.8240923285484314,0.3369719088077545
h256_wd0.01_s0,l11,24,0.0005,0.36660494045777753,0.6607680320739746,0.9652270193839916,0.7648467432950192,1.623284929414517,0.28152098745621895,0.84066241979599,0.3703988790512085
h256_wd0.01_s0,l11,25,0.0005,0.3368932049382817,0.6327724456787109,0.9684215251333538,0.7619731800766283,1.3333504312740825,0.22032171307034287,0.8554425239562988,0.4034738838672638
h256_wd0.01_s0,l11,26,0.0005,0.3487969007004391,0.6923472881317139,0.9729925860534013,0.7544300766283525,1.770931881279131,0.24040103264182197,0.8706955313682556,0.4339407980442047
h256_wd0.01_s0,l11,27,0.0005,0.334729981016029,0.7015239000320435,0.9751920818152574,0.7619731800766284,1.9318457278498549,0.2129641645119679,0.8868640065193176,0.4545935094356537
h256_wd0.01_s0,l11,28,0.0005,0.3863306953148408,0.6470828652381897,0.9720723888469107,0.7599377394636014,2.5195936058780757,0.34341481356613723,0.9041235446929932,0.45736077427864075
h256_wd0.01_s0,l11,29,0.0005,0.3259799968112599,0.6310909390449524,0.9779900798252372,0.752993295019157,1.7401119388041189,0.23439411116064635,0.9188525676727295,0.46445584297180176
h256_wd0.01_s0,l11,30,0.0005,0.2977908578785983,0.7087118625640869,0.9796658861199847,0.7525143678160919,1.6963352117723398,0.23386516015091877,0.9322092533111572,0.49902597069740295
h256_wd0.01_s0,l11,31,0.0005,0.3136237548156218,0.7458180785179138,0.9824938092423711,0.7561063218390804,2.0816308023489225,0.2345927924069776,0.9447950124740601,0.5277372002601624
h256_wd0.01_s0,l11,32,0.0005,0.2750231684608893,0.6923267841339111,0.9851721068027262,0.7569444444444445,1.5129314681544883,0.2091591768517044,0.9571030139923096,0.5549684166908264
h256_wd0.01_s0,l11,33,0.0005,0.29542054710063065,0.8271580934524536,0.9826359535263004,0.7448515325670498,2.3226025487247757,0.2401732296293653,0.9697245359420776,0.5827527642250061
h256_wd0.01_s0,l11,34,0.0005,0.32074143940752203,0.6727690696716309,0.986458886636193,0.751676245210728,2.5354511515744953,0.2603010412216593,0.9841187596321106,0.5908153057098389
h256_wd0.01_s0,l11,35,0.0005,0.2504303729669614,0.6897194385528564,0.9858529031099674,0.7614942528735632,1.5427695824878156,0.17264929964621134,0.9971109628677368,0.6062713265419006
h256_wd0.01_s0,l11,36,0.0005,0.24563905562866817,0.826661229133606,0.9871995331682465,0.7525143678160918,1.818053705787779,0.1793322520681682,1.0071351528167725,0.6378858089447021
h256_wd0.01_s0,l11,37,0.0005,0.22941778126088055,0.755532443523407,0.9905361832015381,0.7556273946360154,1.7335096428261805,0.1628150487383173,1.0179635286331177,0.6589856743812561
h256_wd0.01_s0,l11,38,0.0005,0.2673915357074954,0.8062775731086731,0.988306762327276,0.7424568965517241,2.3821721850217337,0.2217542194397299,1.0283740758895874,0.6711246967315674
h256_wd0.01_s0,l11,39,0.0005,0.2221226045353846,0.8927519917488098,0.9849102620691719,0.7482040229885057,1.6469328425917182,0.15134792750985285,1.0391204357147217,0.6968636512756348
h256_wd0.01_s0,l11,40,0.0005,0.1924863119016994,0.7811314463615417,0.9944339290924462,0.7488026819923372,1.5102045759104543,0.148686402368183,1.0487406253814697,0.7276041507720947
h256_wd0.01_s0,l11,41,0.0005,0.16496819613332098,0.8563016653060913,0.9921521392714732,0.750359195402299,1.4283518285025596,0.13485562031604512,1.0569818019866943,0.7659499049186707
h256_wd0.01_s0,l11,42,0.0005,0.19694390215656973,0.8326994776725769,0.9958404093755377,0.7405411877394636,1.913026610367095,0.15677101717904562,1.0655796527862549,0.7951159477233887
h256_wd0.01_s0,l11,43,0.0005,0.22204443405974994,0.819585919380188,0.9951222066777887,0.7527538314176245,2.2310181786500647,0.1769938141104796,1.0755804777145386,0.806943416595459
h256_wd0.01_s0,l12,1,0.0005,0.7174570695920424,0.6887267827987671,0.6933565903230698,0.596249243799153,0.6611637441799993,0.233304678602689,0.24278320372104645,0.02616259455680847
h256_wd0.01_s0,l12,2,0.0005,0.6842056892134927,0.6818837523460388,0.7441680570301836,0.6434361766485178,0.6093643242708687,0.2118612242209988,0.28052404522895813,0.029512764886021614
h256_wd0.01_s0,l12,3,0.0005,0.6773263080553575,0.6742492914199829,0.7447520097072652,0.6382335148215367,0.6094790402981167,0.2200545042961383,0.30257269740104675,0.027585316449403763
h256_wd0.01_s0,l12,4,0.0005,0.6488820043477145,0.6671025156974792,0.7660169877142424,0.6571082879612825,0.7261751939116577,0.231429308628815,0.3284110426902771,0.03377830982208252
h256_wd0.01_s0,l12,5,0.0005,0.6567110527645458,0.6784465312957764,0.7452525405733355,0.6349667271627344,0.9154850282772865,0.30662462779035987,0.35182929039001465,0.04119710624217987
h256_wd0.01_s0,l12,6,0.0005,0.6199459027160298,0.6660922765731812,0.792272106779918,0.6756200846944949,0.6512296700842315,0.2120374967649317,0.37622299790382385,0.05394753813743591
h256_wd0.01_s0,l12,7,0.0005,0.625018138777126,0.6509680151939392,0.7883892006673747,0.6658197217180883,0.8957718150313583,0.2770219808721188,0.39811331033706665,0.07125558704137802
h256_wd0.01_s0,l12,8,0.0005,0.5887511778961528,0.6290695667266846,0.8205824359168815,0.6898971566848154,0.7439042524378521,0.23003067380702324,0.41749340295791626,0.09052956104278564
h256_wd0.01_s0,l12,9,0.0005,0.5674900548024611,0.6821765303611755,0.8142423782799939,0.6757410768300061,0.9235978745593658,0.26489646065059486,0.43638327717781067,0.12687040865421295
h256_wd0.01_s0,l12,10,0.0005,0.564339052547108,0.6206521391868591,0.845343546185348,0.7004234724742892,0.9874837876063496,0.25109372825000453,0.45499685406684875,0.14929074048995972
h256_wd0.01_s0,l12,11,0.0005,0.5546153404495933,0.6202011108398438,0.8554527529197633,0.7036902601330913,1.0229347498138535,0.2294835524898662,0.47237783670425415,0.17423075437545776
h256_wd0.01_s0,l12,12,0.0005,0.5284348197958686,0.6197150349617004,0.8742757470043986,0.7201451905626134,0.8851496634473413,0.2016053925036357,0.4885598123073578,0.2123558223247528
h256_wd0.01_s0,l12,13,0.0005,0.5039551596749913,0.6099482774734497,0.8813514333383893,0.7200241984271022,0.9541202330344852,0.20201797147185346,0.5057263970375061,0.26269862055778503
h256_wd0.01_s0,l12,14,0.0005,0.5157739316875284,0.7030213475227356,0.8753829819505535,0.696551724137931,1.2619577192831772,0.22387459715919444,0.5219351649284363,0.28698113560676575
h256_wd0.01_s0,l12,15,0.0005,0.4801205938512629,0.6199612617492676,0.8920521765508873,0.7133696309739866,1.1645118561449364,0.20270519623102892,0.5372552275657654,0.32169604301452637
h256_wd0.01_s0,l12,16,0.0005,0.4605319689620625,0.6257320046424866,0.9003488548460488,0.7218390804597701,1.0668785696473362,0.19375204707699298,0.5519972443580627,0.3691662847995758
h256_wd0.01_s0,l12,17,0.0005,0.46653543277220294,0.634514331817627,0.9151827696041256,0.7180883242589231,1.39454557457279,0.19230316443690576,0.5657863020896912,0.4061296880245209
h256_wd0.01_s0,l12,18,0.0005,0.4557529647241939,0.6192624568939209,0.923691794327317,0.7301875378100424,1.4698824239240726,0.21365950340731948,0.5793400406837463,0.4394519627094269
h256_wd0.01_s0,l12,19,0.0005,0.4161815724589608,0.6244913339614868,0.9259593508266344,0.7299455535390199,1.1889172836176338,0.17041599554217787,0.592739462852478,0.4845926761627197
h256_wd0.01_s0,l12,20,0.0005,0.40383240986954083,0.6474723219871521,0.9327696041255877,0.7236539624924379,1.2645362527320445,0.14703125305211898,0.6067931652069092,0.5375059247016907
h256_wd0.01_s0,l12,21,0.0005,0.3868218118494207,0.6426800489425659,0.9388063097224328,0.7339382940108892,1.1979823838093973,0.16671737651362026,0.6199591159820557,0.5860887169837952
h256_wd0.01_s0,l12,22,0.0005,0.3744578429243781,0.6659680604934692,0.940171393902624,0.7326073805202661,1.6129663165805015,0.16592082230157879,0.6333034634590149,0.6307905316352844
h256_wd0.01_s0,l12,23,0.0005,0.4607482200319117,0.6153643131256104,0.9441756408311845,0.7335753176043557,2.4314476054908964,0.2620696953930684,0.6477489471435547,0.6254194974899292
h256_wd0.01_s0,l12,24,0.0005,0.4279108386148106,0.6485973000526428,0.9539359927195511,0.7265577737447066,1.98161017096567,0.18767647937425183,0.6643632054328918,0.6256749629974365
h256_wd0.01_s0,l12,25,0.0005,0.3943617736751383,0.6629413366317749,0.9454042165933566,0.7281306715063521,1.8044350572223136,0.1866554590244088,0.678022027015686,0.6573163270950317
h256_wd0.01_s0,l12,26,0.0005,0.3982921296899969,0.6542432308197021,0.9561580464128622,0.7247428917120387,2.1338635609460734,0.20793497864739566,0.690355122089386,0.6764252185821533
h256_wd0.01_s0,l12,27,0.0005,0.3551390902562575,0.671844482421875,0.9600030335204004,0.7339382940108893,1.5370794066592433,0.14525272913024725,0.7001386880874634,0.7043503522872925
h256_wd0.01_s0,l12,28,0.0005,0.3243334510109641,0.6934552192687988,0.9607234946155012,0.7286146400483968,1.649354959067778,0.1488536236617872,0.7091488838195801,0.7488782405853271
h256_wd0.01_s0,l12,29,0.0005,0.30894408510489896,0.6770951747894287,0.9706127711208858,0.7341802782819116,1.6397968585237856,0.11844847935446601,0.718351423740387,0.791933000087738
h256_wd0.01_s0,l12,30,0.0005,0.32896567474712024,0.8325766921043396,0.9665023509783104,0.7266787658802177,2.1331596216114366,0.15425185976288408,0.7281229496002197,0.8280321955680847
h256_wd0.01_s0,l12,31,0.0005,0.35154876722530887,0.6868458986282349,0.9758531776126194,0.7340592861464004,2.248795762926674,0.16133507095880983,0.7382451295852661,0.8406221270561218
h256_wd0.01_s0,l12,32,0.0005,0.30799480934034695,0.6906669735908508,0.9768618231457606,0.7415607985480943,1.9632160021174359,0.15149350233306907,0.7477837204933167,0.8798160552978516
h256_wd0.01_s0,l12,33,0.0005,0.3035990297794342,0.6906942129135132,0.973471864098286,0.7350272232304901,2.3099032761939156,0.1590411263645797,0.7571194767951965,0.9120500683784485
h256_wd0.01_s0,l12,34,0.0005,0.2819612994790077,0.7036731243133545,0.9791521310480813,0.728130671506352,1.6488855535693445,0.11711657370843595,0.7654687762260437,0.9534958600997925
h256_wd0.01_s0,l12,35,0.0005,0.28214244273575867,0.7550291419029236,0.9825269224935538,0.7336963097398669,2.0266601741807473,0.1390109383797349,0.7737622857093811,1.0078256130218506
h256_wd0.01_s0,l12,36,0.0005,0.2727104259485548,0.7332924008369446,0.9852798422569392,0.7403508771929824,2.1764383182267695,0.13903624330658157,0.781427800655365,1.0460388660430908
h256_wd0.01_s0,l12,37,0.0005,0.25007669018073514,0.8100926876068115,0.9840664340967692,0.7340592861464004,2.1135694313851356,0.13474482887217892,0.7896803021430969,1.0819501876831055
h256_wd0.01_s0,l12,38,0.0005,0.2624479207125577,0.8129962682723999,0.9874867283482481,0.7312764670296431,2.0929160695468347,0.11286852644038191,0.7968816161155701,1.112128734588623
h256_wd0.01_s0,l12,39,0.0005,0.24837194789539685,0.7254807353019714,0.9872288791142121,0.724258923169994,2.1070777655125177,0.12909508560065655,0.8033741116523743,1.1460548639297485
h256_wd0.01_s0,l12,40,0.0005,0.2824802581559528,0.7504159212112427,0.9883285302593661,0.7297035692679976,3.019933711901675,0.14796002626828833,0.8112120032310486,1.1723114252090454
h256_wd0.01_s0,l12,41,0.0005,0.24573163281787525,0.7841749787330627,0.9851585014409222,0.7366001209921355,1.9327720198260783,0.1107881554837511,0.818663477897644,1.2051783800125122
h256_wd0.01_s0,l12,42,0.0005,0.23939323018897662,0.8799758553504944,0.9905126649476718,0.7315184513006654,2.443941477024171,0.11968996013706419,0.8249443173408508,1.2327455282211304
h256_wd0.01_s0,l12,43,0.0005,0.26535168290138245,0.7657800316810608,0.9914682238738055,0.7209921355111918,2.9374155232968353,0.1388048781094207,0.8319386839866638,1.2502917051315308
h256_wd0.01_s0,l12,44,0.0005,0.22226410697806964,0.822933554649353,0.9882375246473534,0.7393829401088929,1.9584833283159553,0.11103517336401843,0.8382768630981445,1.284001111984253
h256_wd0.01_s0,l12,45,0.0005,0.23297760127620262,0.8566317558288574,0.9909752768087365,0.7421657592256504,2.2862185792373375,0.11702801268203179,0.8442686796188354,1.3134020566940308
h256_wd0.01_s0,l12,46,0.0005,0.205318728631193,0.8405066132545471,0.9931063248900349,0.7384150030248033,2.2132715337741917,0.09737417693739854,0.8494106531143188,1.3449113368988037
h256_wd0.01_s0,l12,47,0.0005,0.18055727603760632,0.9033005237579346,0.9936751099651144,0.733091349062311,1.9737603211009458,0.08595327667405722,0.8538453578948975,1.3754358291625977
h256_wd0.01_s0,l12,48,0.0005,0.17866514013572174,0.8860307335853577,0.9955028060063704,0.7364791288566243,2.229458727961317,0.09306543610947499,0.8599411845207214,1.4116590023040771
h256_wd0.01_s0,l12,49,0.0005,0.19530543718825688,0.9025228023529053,0.9969588957985742,0.7374470659407139,2.6886607045638593,0.09615706002427911,0.8672427535057068,1.4364769458770752
h256_wd0.01_s0,l12,50,0.0005,0.17235924913124603,0.8979650735855103,0.9945169118762324,0.7479733817301876,2.4132941585815795,0.08523186076608674,0.8724362850189209,1.474077820777893
h256_wd0.01_s0,l12,51,0.0005,0.16534507274627686,0.979083776473999,0.9957303200364023,0.7398669086509376,2.1854183250955024,0.08746883770943285,0.8775871396064758,1.508739948272705
h256_wd0.01_s0,l12,52,0.0005,0.1546912586147135,0.9756785035133362,0.9974973456696496,0.7442226255293406,2.02905226511174,0.07147597881461937,0.8826075792312622,1.543043851852417
h256_wd0.01_s0,l12,53,0.0005,0.18492168001830578,0.9096481800079346,0.9959805854694374,0.7392619479733815,2.962690368840828,0.11322010728719543,0.8876410126686096,1.5691369771957397
h256_wd0.01_s0,l12,54,0.0005,0.18823965097015555,0.8610596060752869,0.9964431973305021,0.7366001209921355,2.5834714713685942,0.08560851312564438,0.8943468928337097,1.5890023708343506
h256_wd0.01_s0,l12,55,0.0005,0.1827114187180996,1.0959696769714355,0.9949719399362962,0.7188142770719903,2.968395234254089,0.0976742415774833,0.8999651074409485,1.6174046993255615
h256_wd0.01_s0,l12,56,0.0005,0.17742256413806567,0.8567886352539062,0.9979523737297133,0.7358741681790683,2.787374065955025,0.08651276419515969,0.9055019617080688,1.6413483619689941
h256_wd0.01_s0,l12,57,0.0005,0.16952911256389183,1.0106639862060547,0.9968830577885637,0.7399879007864489,2.9284174985422142,0.09106779521177087,0.9102303385734558,1.6749873161315918
h256_wd0.01_s0,l12,58,0.0005,0.2060831275514581,0.7661957144737244,0.9974897618686485,0.7454325468844525,3.078043945337272,0.10497773049810083,0.9160683155059814,1.6964571475982666
h256_wd0.01_s0,l12,59,0.0005,0.17567582733251833,1.0528011322021484,0.9971181556195965,0.7479733817301875,2.8186907537909662,0.10155038718771356,0.9210837483406067,1.7345067262649536
h256_wd0.01_s0,l12,60,0.0005,0.17345359108664773,1.0371603965759277,0.9945396632792356,0.7364791288566243,2.7672033626680372,0.08895110325493505,0.9263805747032166,1.7549692392349243
h256_wd0.01_s0,l12,61,0.0005,0.17034357887777415,0.9649299383163452,0.9971105718185954,0.7352692075015123,2.6310401299209967,0.07744245146903515,0.9306132793426514,1.7818433046340942
h256_wd0.01_s0,l12,62,0.0005,0.14821411957117644,0.9104342460632324,0.9982481419687547,0.7387779794313369,2.467543598767472,0.07652866181930865,0.9344117045402527,1.8158862590789795
h256_wd0.01_s0,l12,63,0.0005,0.1639387243512002,0.9759572744369507,0.9983694827847717,0.738898971566848,2.675948992812099,0.07610715626956353,0.938325822353363,1.83927583694458
h256_wd0.01_s0,l12,64,0.0005,0.13008903000842442,1.0577040910720825,0.9982557257697557,0.7395039322444041,2.300773519254301,0.060488083680020295,0.9420478940010071,1.8665260076522827
h256_wd0.01_s0,l12,65,0.0005,0.14714259484952147,0.9648720622062683,0.9978462005156985,0.7278886872353297,2.9084160254291205,0.07821254459371908,0.946987509727478,1.8915778398513794
h256_wd0.01_s0,l12,66,0.0005,0.1335908438671719,1.07606041431427,0.9993402093129077,0.7351482153660012,2.675827052550708,0.0707536125424927,0.9512067437171936,1.9237284660339355
h256_wd0.01_s0,l12,67,0.0005,0.16721799918873745,0.9349294900894165,0.9994463825269224,0.7361161524500908,3.068911324109323,0.10010846660153604,0.9554694294929504,1.9404608011245728
h256_wd0.01_s0,l12,68,0.0005,0.14281229065223175,1.0437111854553223,0.9972319126346124,0.7289776164549304,2.5212412141208094,0.06670613291431153,0.9594649076461792,1.9783300161361694
h256_wd0.01_s0,l12,69,0.0005,0.19211437400769105,0.895434558391571,0.9985590778097982,0.7433756805807622,4.193709255290115,0.11103049928356022,0.9662778973579407,1.9905917644500732
h256_wd0.01_s0,l12,70,0.0005,0.22816639664498242,0.916170060634613,0.9993477931139088,0.7294615849969751,3.799127269752495,0.11409351331522279,0.9732188582420349,1.9820464849472046
h256_wd0.01_s0,l13,1,0.0005,0.6992955126545646,0.6899123191833496,0.7301328194674481,0.6296859169199595,0.9881106907150777,0.2920737126062277,0.2428053319454193,0.02539517916738987
h256_wd0.01_s0,l13,2,0.0005,0.6574208817698739,0.6828634738922119,0.7528745700089184,0.6479229989868287,0.9011670644122431,0.30985678142151624,0.2897711396217346,0.03300686180591583
h256_wd0.01_s0,l13,3,0.0005,0.6862414994023063,0.6841901540756226,0.7199404382723913,0.6394376899696048,1.5042174889415336,0.5149186968954642,0.324523001909256,0.053793709725141525
h256_wd0.01_s0,l13,4,0.0005,0.6625662093812769,0.65987229347229,0.7688638680086635,0.6624873353596757,0.785453535410652,0.28680668053088454,0.35007065534591675,0.06796151399612427
h256_wd0.01_s0,l13,5,0.0005,0.6276215016841888,0.7618296146392822,0.7512581220537649,0.6396909827760892,0.7609092811224131,0.2618090064985745,0.3768499195575714,0.0548221729695797
h256_wd0.01_s0,l13,6,0.0005,0.6423036808317358,0.6425784230232239,0.7818432284367435,0.6788247213779128,0.8796542714760975,0.30867022186151816,0.39607420563697815,0.0568525455892086
h256_wd0.01_s0,l13,7,0.0005,0.5943161899393256,0.6336054801940918,0.7951809147662123,0.6854103343465044,0.7507120586206125,0.24431244309948738,0.42091941833496094,0.04371952265501022
h256_wd0.01_s0,l13,8,0.0005,0.5973318246277896,0.6257797479629517,0.8164017709262326,0.6928824721377913,0.9275578774539284,0.26901059693470086,0.446535587310791,0.043168459087610245
h256_wd0.01_s0,l13,9,0.0005,0.6118176200173118,0.6808274388313293,0.8189498662249968,0.6855369807497467,1.2838109545855834,0.38248508855364816,0.4735599160194397,0.044519856572151184
h256_wd0.01_s0,l13,10,0.0005,0.5709544704719023,0.6171219348907471,0.8366670913492165,0.709726443768997,0.761189173128928,0.2466777622635075,0.49554309248924255,0.04900388419628143
h256_wd0.01_s0,l13,11,0.0005,0.5493516366590153,0.6574646830558777,0.8482131481717415,0.7074468085106382,0.8574251636434913,0.23179071330052398,0.5169744491577148,0.06530958414077759
h256_wd0.01_s0,l13,12,0.0005,0.535888214002956,0.6128014326095581,0.8624745190470124,0.7265704154002026,0.8854942873416056,0.2222279234535699,0.5381596684455872,0.0920630544424057
h256_wd0.01_s0,l13,13,0.0005,0.5405275225639343,0.6240828633308411,0.8702382469104344,0.7297365754812563,1.2926281005527465,0.29200622479814525,0.5608400702476501,0.1110244169831276
h256_wd0.01_s0,l13,14,0.0005,0.5022254992615093,0.6476849913597107,0.883623710026755,0.7240374873353597,0.96251730894363,0.250248644607248,0.5815199613571167,0.13472288846969604
h256_wd0.01_s0,l13,15,0.0005,0.4953998191790147,0.6000005602836609,0.9007755765065614,0.7346757852077,1.05034710831936,0.28434716894675655,0.6003146767616272,0.16626565158367157
h256_wd0.01_s0,l13,16,0.0005,0.49938311766494403,0.6098750829696655,0.9020018473690916,0.7287234042553191,1.3590281424280197,0.2536256002196687,0.6219937801361084,0.19403181970119476
h256_wd0.01_s0,l13,17,0.0005,0.4893429604443637,0.6300080418586731,0.9076713594088419,0.7292299898682878,1.3762438067045457,0.3100837892364478,0.6436418890953064,0.21008352935314178
h256_wd0.01_s0,l13,18,0.0005,0.5139005983417685,0.7493162751197815,0.9106255573958466,0.7235309017223912,1.848558799165309,0.3645719130370054,0.6622952818870544,0.21460363268852234
h256_wd0.01_s0,l13,19,0.0005,0.4602157907052474,0.6322343349456787,0.9197429608867371,0.7331560283687943,1.276519379684483,0.29246056980941804,0.6793651580810547,0.22438864409923553
h256_wd0.01_s0,l13,20,0.0005,0.4442177171056921,0.6816530823707581,0.9242578672442349,0.7317629179331306,1.3909306828195016,0.29454490969806135,0.6970167756080627,0.25635769963264465
h256_wd0.01_s0,l13,21,0.0005,0.41110149838707666,0.6239802837371826,0.9282711173397885,0.7458206686930091,1.1029423857768095,0.22698118786018415,0.7113808393478394,0.2971833646297455
h256_wd0.01_s0,l13,22,0.0005,0.3982677866112102,0.7640367150306702,0.9294973882023188,0.7358156028368795,1.3199266336777038,0.2191018041152411,0.7269365787506104,0.3342685401439667
h256_wd0.01_s0,l13,23,0.0005,0.41910324042493646,0.6260526776313782,0.9429306281054911,0.7487335359675785,1.5371186741912026,0.25973965640941094,0.7414391040802002,0.3525182604789734
h256_wd0.01_s0,l13,24,0.0005,0.3770275644280694,0.6334264278411865,0.9460201936552428,0.7493667679837892,1.3283204808480795,0.2037277204921795,0.756064772605896,0.3845498263835907
h256_wd0.01_s0,l13,25,0.0005,0.3512507595799186,0.7051315307617188,0.9467766594470632,0.7444275582573455,1.411344258333328,0.2145478546875489,0.7697206139564514,0.4229886531829834
h256_wd0.01_s0,l13,26,0.0005,0.39571641656485473,0.6469597220420837,0.956881449866225,0.7483535967578521,1.8771551535348545,0.2947473892276831,0.7860972881317139,0.44087469577789307
h256_wd0.01_s0,l13,27,0.0005,0.35756947709755466,0.6525927186012268,0.9627261434577654,0.7501266464032421,1.4826490437913564,0.19245572090914012,0.8001495599746704,0.47503992915153503
h256_wd0.01_s0,l13,28,0.0005,0.35360472717068414,0.6943627595901489,0.9651627595872085,0.7351823708206686,1.779854396204765,0.2161803186489508,0.8124278783798218,0.507753849029541
h256_wd0.01_s0,l13,29,0.0005,0.3708267184821042,0.6753671169281006,0.9649238756529493,0.7446808510638299,1.9015764006568274,0.22911003124842083,0.8269182443618774,0.5279375314712524
h256_wd0.01_s0,l13,30,0.0005,0.3207566270774061,0.7094912528991699,0.9742801630780991,0.7416413373860182,1.4837025352535098,0.15609607906188644,0.8385952711105347,0.5625309348106384
h256_wd0.01_s0,l13,31,0.0005,0.2961632738059217,0.7059130668640137,0.9791932093260287,0.7416413373860182,1.3556272599232757,0.16046505693590093,0.8492317795753479,0.6002396941184998
h256_wd0.01_s0,l13,32,0.0005,0.355001455003565,0.700568675994873,0.9724327939864952,0.742274569402229,2.24574539989212,0.22775147898952575,0.8623695373535156,0.6227443218231201
h256_wd0.01_s0,l13,33,0.0005,0.2960477498444644,0.7352268099784851,0.9781978595999491,0.7380952380952381,1.5162783169410565,0.17509262616148258,0.8742715716362,0.6555840969085693
h256_wd0.01_s0,l13,34,0.0005,0.2794406976212155,0.7680434584617615,0.9809609504395465,0.7459473150962513,1.6912451637216583,0.15008325794774777,0.885509729385376,0.6907965540885925
h256_wd0.01_s0,l13,35,0.0005,0.29638520018620923,0.7589800357818604,0.9844088418906868,0.7434143870314083,2.384952855922982,0.21032442206174842,0.895729660987854,0.7146844863891602
h256_wd0.01_s0,l13,36,0.0005,0.27225239236246457,0.7975512146949768,0.9834453433558414,0.7407548125633233,1.8617934379390968,0.17883901441429068,0.9054334759712219,0.7414933443069458
h256_wd0.01_s0,l13,37,0.0005,0.2918563485145569,0.7508202791213989,0.9876974773856542,0.7411347517730497,2.1251464361026478,0.17493449789828835,0.9163523316383362,0.7574837803840637
h256_wd0.01_s0,l13,38,0.0005,0.24138737334446472,0.8634455800056458,0.9860252898458404,0.742401215805471,1.7979619319901425,0.13421747264393627,0.9252411723136902,0.7932095527648926
h256_wd0.01_s0,l13,39,0.0005,0.249349059029059,0.7798807621002197,0.98941744171232,0.7387284701114488,1.7993390276913024,0.14162511321150187,0.9336240291595459,0.8236696124076843
h256_wd0.01_s0,l13,40,0.0005,0.23258440331979233,0.7608069777488708,0.9906118613836158,0.7470871327254307,1.6061879551593792,0.12625132018207763,0.9429391622543335,0.8599645495414734
h256_wd0.01_s0,l13,41,0.0005,0.22839778390797702,0.8322715163230896,0.9874108166645432,0.7486068895643365,1.8342336092710754,0.14164593745908352,0.9513654708862305,0.9007081985473633
h256_wd0.01_s0,l13,42,0.0005,0.26540939103473316,0.8229930996894836,0.9924831188686457,0.7342958459979737,2.4347013638269996,0.16362932974504316,0.961048424243927,0.9197518229484558
h256_wd0.01_s0,l13,43,0.0005,0.22248716313730588,0.880748987197876,0.992124792967257,0.7291033434650457,1.8603149629192623,0.13479165130124507,0.9696016311645508,0.9529679417610168
h256_wd0.01_s0,l13,44,0.0005,0.21214961937882684,0.90861976146698,0.9930245891196331,0.7398682877406283,1.7551777793529582,0.12765146575303674,0.9783135056495667,0.9896519184112549
h256_wd0.01_s0,l13,45,0.0005,0.27108005908402527,0.873935341835022,0.9918859090329979,0.7321428571428571,2.80062774048144,0.16602193996598008,0.9875011444091797,1.0061925649642944
h256_wd0.01_s0,l13,46,0.0005,0.3079741211100058,0.9157399535179138,0.9946171486813606,0.7326494427558257,3.2191180738027554,0.18549929678268884,1.0005905628204346,1.00259530544281
h256_wd0.01_s0,l13,47,0.0005,0.26474633474241605,0.811072587966919,0.995421391260033,0.7255572441742655,2.4897126810492924,0.17310853721749625,1.0106160640716553,1.017001986503601
h256_wd0.01_s0,l14,1,0.0005,0.7002910246019778,0.6910215020179749,0.6797028842812464,0.6107544141252006,0.6474050202768512,0.22706943851076933,0.25247833132743835,0.03712087124586105
h256_wd0.01_s0,l14,2,0.0005,0.6748015958329906,0.71664959192276,0.6378359203058033,0.5427654207750516,0.4507434005319566,0.15655409858281252,0.29223644733428955,0.03852803632616997
h256_wd0.01_s0,l14,3,0.0005,0.6919743859249613,0.6936526894569397,0.7212513031391173,0.6346021554689292,0.996848788507555,0.3605251074045625,0.31324541568756104,0.053367115557193756
h256_wd0.01_s0,l14,4,0.0005,0.6703077554702759,0.6728665232658386,0.7459313100891927,0.6261178628754872,0.5780525525960922,0.23140512010462497,0.3295848071575165,0.058229971677064896
h256_wd0.01_s0,l14,5,0.0005,0.6462624617244886,0.6685798168182373,0.7615545001737519,0.6357486814950699,0.5885658714155185,0.21407534548455495,0.3480558693408966,0.05219520628452301
h256_wd0.01_s0,l14,6,0.0005,0.6246187661005103,0.6571770906448364,0.7667598169813505,0.638614996560422,0.7917969737817409,0.2695642741366468,0.37082892656326294,0.0650620386004448
h256_wd0.01_s0,l14,7,0.0005,0.6168748606806216,0.6498628258705139,0.7848010540947526,0.651800045861041,0.9157600470137683,0.2795753447898814,0.3894241750240326,0.08527839928865433
h256_wd0.01_s0,l14,8,0.0005,0.6181811664415442,0.6470003724098206,0.8078883354569675,0.6722082091263473,0.8269104506537958,0.23945113374910132,0.4073713719844818,0.09606293588876724
h256_wd0.01_s0,l14,9,0.0005,0.582474234311477,0.6391037106513977,0.8199640912776553,0.6826415959642284,0.7091814200603208,0.2188475785907479,0.42662811279296875,0.12474475800991058
h256_wd0.01_s0,l14,10,0.0005,0.5573808537877124,0.6330333948135376,0.8372306845824162,0.696399908277918,0.9052360060818888,0.2614721070857194,0.4445245563983917,0.159493550658226
h256_wd0.01_s0,l14,11,0.0005,0.5567802307398423,0.6244063973426819,0.8462875014479323,0.6957119926622334,1.039050554917946,0.25330772318233186,0.4628981649875641,0.19030362367630005
h256_wd0.01_s0,l14,12,0.0005,0.5462847818499026,0.6339554786682129,0.8584790918568286,0.7091263471680808,1.0087091491079156,0.21407692418991275,0.4816758930683136,0.21906381845474243
h256_wd0.01_s0,l14,13,0.0005,0.5465764468130858,0.6982360482215881,0.8542076914166569,0.6894060995184591,1.167699587060324,0.27477095638693977,0.5024831891059875,0.25101760029792786
h256_wd0.01_s0,l14,14,0.0005,0.5252069636531498,0.6383352279663086,0.8738995714120237,0.7117633570282045,1.159878380827527,0.23924692813002987,0.5187283158302307,0.2643289566040039
h256_wd0.01_s0,l14,15,0.0005,0.502160185057184,0.6224055886268616,0.8890087455114096,0.719674386608576,1.0561894380059678,0.21390698616887024,0.5319725275039673,0.299998015165329
h256_wd0.01_s0,l14,16,0.0005,0.49965462477310846,0.625919759273529,0.901627475964323,0.7090116945654666,1.4310547083744767,0.24840449364845707,0.5469827651977539,0.3345535695552826
h256_wd0.01_s0,l14,17,0.0005,0.48406192660331726,0.6554171442985535,0.9026337889493803,0.7178399449667507,1.2398264886423227,0.2153150947259528,0.5613012313842773,0.37249571084976196
h256_wd0.01_s0,l14,18,0.0005,0.45157020247500873,0.628171443939209,0.9095187072859956,0.7223113964686998,1.1168754871105595,0.18191995494202653,0.5747237205505371,0.4116113781929016
h256_wd0.01_s0,l14,19,0.0005,0.4256994491038115,0.6222034096717834,0.9180180701957604,0.7289612474203165,1.2325322118025175,0.1765090648334682,0.587540864944458,0.45858505368232727
h256_wd0.01_s0,l14,20,0.0005,0.4667193371316661,0.6319161057472229,0.9238387582532144,0.7158908507223113,1.7228313593979279,0.23323991375604827,0.600334107875824,0.4762234091758728
h256_wd0.01_s0,l14,21,0.0005,0.42339132920555445,0.6917382478713989,0.9266694660025483,0.7257509745471223,1.4414564089508979,0.20497234673840914,0.6121783256530762,0.5036601424217224
h256_wd0.01_s0,l14,22,0.0005,0.4318080920240153,0.6397989988327026,0.9357842001621685,0.7247191011235955,1.8431228030802524,0.24397123679413557,0.6233986020088196,0.5244601368904114
h256_wd0.01_s0,l14,23,0.0005,0.42722887707793195,0.6244820356369019,0.937456562029422,0.732744783306581,1.5778903442987797,0.2070280045501475,0.6376771926879883,0.541087806224823
h256_wd0.01_s0,l14,24,0.0005,0.41124208336291107,0.639756441116333,0.9466654117919611,0.7352671405640907,1.4134552401879756,0.15375429097126908,0.6492041945457458,0.5862573385238647
h256_wd0.01_s0,l14,25,0.0005,0.3895754030217295,0.6700958609580994,0.9516028611143288,0.7342352671405641,1.680901995539702,0.20611623293014208,0.6599655151367188,0.6210436820983887
h256_wd0.01_s0,l14,26,0.0005,0.37017084463782934,0.6450713276863098,0.9513422332908605,0.7369869296033019,1.5346087977128688,0.16613115306148207,0.6702349781990051,0.6602373123168945
h256_wd0.01_s0,l14,27,0.0005,0.34005329855110333,0.6860962510108948,0.9508209776439245,0.7238018803026829,1.5427981755642657,0.16485937001130582,0.6808497309684753,0.7091563940048218
h256_wd0.01_s0,l14,28,0.0005,0.354856141883394,0.6550626754760742,0.9558525425692111,0.7322861728961247,1.617294839550743,0.15729902205409144,0.6909534335136414,0.7530826926231384
h256_wd0.01_s0,l14,29,0.0005,0.3462506739989571,0.6572632193565369,0.9679138190663733,0.7288465948177024,1.4513446221443507,0.14296048513916174,0.7008056640625,0.8067132234573364
h256_wd0.01_s0,l14,30,0.0005,0.3504756838083267,0.7016655206680298,0.9650613923317501,0.731254299472598,2.134394655276625,0.15862207860451963,0.7100675106048584,0.8455225825309753
h256_wd0.01_s0,l14,31,0.0005,0.30860470364923065,0.8529014587402344,0.9685509093015174,0.7291905526255447,1.7705436624090714,0.1551038077303677,0.7190263271331787,0.8797277808189392
h256_wd0.01_s0,l14,32,0.0005,0.31305610032185266,0.709846556186676,0.9747046218000694,0.7291905526255446,1.899013972895493,0.1398704610318192,0.7280445694923401,0.9058327078819275
h256_wd0.01_s0,l14,33,0.0005,0.3041846771603045,0.7746771574020386,0.978961542916715,0.7243751433157533,1.9696176921969883,0.14752744306492496,0.7368686199188232,0.9469430446624756
h256_wd0.01_s0,l14,34,0.0005,0.29934997791829315,0.7376372814178467,0.9716277655507934,0.7205916074294886,2.1595951557627204,0.14494815794634863,0.7461286187171936,0.9821385741233826
h256_wd0.01_s0,l14,35,0.0005,0.29027436479278235,0.729499340057373,0.9836890420479555,0.7140564090804861,1.7509200947390857,0.13018319194211067,0.7548829317092896,1.017255425453186
h256_wd0.01_s0,l14,36,0.0005,0.28073800387589826,0.8635172843933105,0.9736838294914861,0.7171520293510663,2.119119946228668,0.12305323650078968,0.7642619609832764,1.0617839097976685
h256_wd0.01_s0,l14,37,0.0005,0.260296749032062,0.7644709348678589,0.9867224603266536,0.7274707635863334,1.9429858951987495,0.11899130273924138,0.7725465893745422,1.1067887544631958
h256_wd0.01_s0,l14,38,0.0005,0.24838337917690692,1.0785620212554932,0.9770140739024673,0.7239165329052969,1.9578173946670234,0.12147795273917242,0.7805891633033752,1.1520799398422241
h256_wd0.01_s0,l14,39,0.0005,0.30749956550805463,0.7688344120979309,0.9744512336383644,0.7357257509745471,2.5606708772191062,0.13608058283800825,0.7922878861427307,1.1612799167633057
h256_wd0.01_s0,l14,40,0.0005,0.2960319616224455,0.7274554967880249,0.9720042279624697,0.7263242375601926,2.478090983151586,0.12312673230939458,0.8006294965744019,1.186655879020691
h256_wd0.01_s0,l14,41,0.0005,0.3269537829834482,0.7420784831047058,0.9838193559596895,0.7285026370098601,2.3041161670835013,0.12743542737342314,0.8082183003425598,1.2142690420150757
h256_wd0.01_s0,l14,42,0.0005,0.3057138064633245,0.7522408962249756,0.9782013784315997,0.7310249942673699,2.5359363965288133,0.12932664402175467,0.8161044716835022,1.251430869102478
h256_wd0.01_s0,l14,43,0.0005,0.25869537954745087,0.8123268485069275,0.9883875825321441,0.7204769548268747,1.9478334982419063,0.09406535201565537,0.8226021528244019,1.292987585067749
h256_wd0.01_s0,l14,44,0.0005,0.24196480149808136,0.8182027339935303,0.987902525194023,0.7216234808530153,2.136733763044899,0.09560819028976499,0.8287606239318848,1.3357977867126465
h256_wd0.01_s0,l14,45,0.0005,0.2249376372150753,0.9904094934463501,0.9753417120352137,0.7194450814033478,2.373767616718009,0.11058985049862086,0.8348406553268433,1.3796184062957764
h256_wd0.01_s0,l14,46,0.0005,0.3315678731254909,0.7811556458473206,0.9815026641955288,0.7199036918138041,2.9510027056352093,0.1254622146457786,0.843042254447937,1.405387043952942
h256_wd0.01_s0,l15,1,0.0005,0.7184554026240394,0.6869463920593262,0.732469512195122,0.6367208672086722,0.711939297932354,0.2298360224551877,0.23578642308712006,0.0432419516146183
h256_wd0.01_s0,l15,2,0.0005,0.6839534044265747,0.6803392171859741,0.7187842559605371,0.660840108401084,0.5396395428851998,0.18476366906337843,0.2760642468929291,0.05124373733997345
h256_wd0.01_s0,l15,3,0.0005,0.670948985077086,0.6660811305046082,0.7580415867360921,0.6833333333333333,0.6237329956454796,0.22340602230190024,0.2961638867855072,0.047920096665620804
h256_wd0.01_s0,l15,4,0.0005,0.664831933521089,0.6587426066398621,0.7730200054809537,0.6864498644986451,0.8341693766894496,0.26859796488782717,0.3221375644207001,0.049883682280778885
h256_wd0.01_s0,l15,5,0.0005,0.6566834393001738,0.6479877829551697,0.7759660180871472,0.697018970189702,0.8497198347149589,0.2583877609405037,0.34520506858825684,0.05124359577894211
h256_wd0.01_s0,l15,6,0.0005,0.6419307135400318,0.6748706698417664,0.7609019594409426,0.683739837398374,0.9727736680025318,0.29974065000414923,0.36863210797309875,0.055059731006622314
h256_wd0.01_s0,l15,7,0.0005,0.6129384125982013,0.6333320736885071,0.8072845300082214,0.7104336043360434,0.765694771597949,0.21613486597626036,0.39008668065071106,0.06877490878105164
h256_wd0.01_s0,l15,8,0.0005,0.5901153115999132,0.6166574358940125,0.8133135790627569,0.7168021680216803,0.9913965987009005,0.26811333906633245,0.41319018602371216,0.0917762815952301
h256_wd0.01_s0,l15,9,0.0005,0.5986089876719883,0.6148162484169006,0.8307156070156206,0.7203252032520324,1.0448961204203877,0.29398967245002866,0.4327053427696228,0.10007960349321365
h256_wd0.01_s0,l15,10,0.0005,0.5760375545138404,0.6564210653305054,0.8299534118936696,0.7292682926829268,0.885017694433576,0.25991134281844874,0.4517214000225067,0.11440558731555939
h256_wd0.01_s0,l15,11,0.0005,0.5492761163484483,0.6147099137306213,0.8506268840778295,0.7258807588075881,0.9697922073387124,0.24635670187665243,0.47156280279159546,0.14677980542182922
h256_wd0.01_s0,l15,12,0.0005,0.5390346192178272,0.6182703375816345,0.8708978487256781,0.7373983739837399,1.0101356806621884,0.22357124055564292,0.4885346591472626,0.18093249201774597
h256_wd0.01_s0,l15,13,0.0005,0.55844627675556,0.6000230312347412,0.8781087284187449,0.7383468834688347,1.2560596714132701,0.24621715197314809,0.5089513063430786,0.19914856553077698
h256_wd0.01_s0,l15,14,0.0005,0.5116715899535588,0.602050244808197,0.8853966840230201,0.7502710027100271,0.999849580180798,0.24491823258308654,0.5241503119468689,0.22703024744987488
h256_wd0.01_s0,l15,15,0.0005,0.48834955124627977,0.6067746877670288,0.8953223485886544,0.7475609756097561,1.1480920948706679,0.22863152156025215,0.5390040278434753,0.26727405190467834
h256_wd0.01_s0,l15,16,0.0005,0.46753909190495807,0.6412628889083862,0.9048540696081118,0.7578590785907859,1.194927545904516,0.21266832860050305,0.5529192090034485,0.3070666193962097
h256_wd0.01_s0,l15,17,0.0005,0.4962520187809354,0.6047362089157104,0.9102836393532475,0.7552845528455284,1.639154509601253,0.23389401466633775,0.5685663819313049,0.33078062534332275
h256_wd0.01_s0,l15,18,0.0005,0.4488902177129473,0.5882057547569275,0.9186506577144422,0.7558265582655826,1.2961832062538794,0.2108520934916731,0.5835011601448059,0.3659055233001709
h256_wd0.01_s0,l15,19,0.0005,0.426668609891619,0.5918914675712585,0.9260071252397919,0.7658536585365854,1.1455451326665678,0.18562913974202896,0.5954337120056152,0.40931206941604614
h256_wd0.01_s0,l15,20,0.0005,0.40459959563754855,0.6160376667976379,0.9265124006577146,0.7560975609756099,1.3959941037742405,0.19451280770918838,0.6084864735603333,0.45297712087631226
h256_wd0.01_s0,l15,21,0.0005,0.4084139501764661,0.6003236770629883,0.9390843381748425,0.762059620596206,1.6015265629068371,0.19043975613833938,0.6215051412582397,0.4929336905479431
h256_wd0.01_s0,l15,22,0.0005,0.39147336781024933,0.5922770500183105,0.9449592354069608,0.7657181571815719,1.5005575419945936,0.17817515685161278,0.6331096887588501,0.5271435976028442
h256_wd0.01_s0,l15,23,0.0005,0.38454854772204444,0.6204119920730591,0.9489072348588654,0.7516260162601625,1.627951461089152,0.18318486184977556,0.6453278660774231,0.566189169883728
h256_wd0.01_s0,l15,24,0.0005,0.37497597578026,0.6331312656402588,0.9540370649493012,0.7536585365853659,1.824058719513064,0.1924761706547017,0.6568616628646851,0.6062959432601929
h256_wd0.01_s0,l15,25,0.0005,0.34426458250908626,0.6165221333503723,0.9549534118936694,0.7578590785907859,1.5722518891033777,0.15410646883540857,0.6678550243377686,0.6412627100944519
h256_wd0.01_s0,l15,26,0.0005,0.3335108615103222,0.6546319127082825,0.9637400657714442,0.7417344173441734,1.7393085766905858,0.1396607264685765,0.6779488325119019,0.6813888549804688
h256_wd0.01_s0,l15,27,0.0005,0.33723958546207067,0.6439497470855713,0.9668830501507262,0.7552845528455284,1.774131810077805,0.14654191502410377,0.6882832050323486,0.713846743106842
h256_wd0.01_s0,l15,28,0.0005,0.33967966125124976,0.654457688331604,0.969897574677994,0.7448509485094852,2.005934356840155,0.1499590422653822,0.6985269784927368,0.7439167499542236
h256_wd0.01_s0,l15,29,0.0005,0.3494391774847394,0.6451054215431213,0.9760208276240067,0.7360433604336043,2.355708314964703,0.1888774498050907,0.7095737457275391,0.7649338245391846
h256_wd0.01_s0,l15,30,0.0005,0.3310041860455558,0.6651024222373962,0.9754556042751439,0.7565040650406505,2.1742628025852477,0.17086049158809088,0.7191744446754456,0.7927312850952148
h256_wd0.01_s0,l15,31,0.0005,0.2844094783067703,0.6879687905311584,0.9782560290490545,0.7548780487804877,1.661788900591379,0.13320375252699362,0.7284045219421387,0.8397167325019836
h256_wd0.01_s0,l15,32,0.0005,0.2783876011768977,0.9202178120613098,0.9816987530830363,0.7508130081300813,1.76059380294422,0.12989350584403858,0.7369149327278137,0.8814185857772827
h256_wd0.01_s0,l15,33,0.0005,0.30579068263371784,0.7097046375274658,0.980414154562894,0.7371273712737128,2.277646493148543,0.1585857863894277,0.7468821406364441,0.9077749848365784
h256_wd0.01_s0,l15,34,0.0005,0.30972596790109364,0.7473514676094055,0.986460331597698,0.7448509485094851,2.583864121737162,0.1525126417421747,0.755923330783844,0.9249722957611084
h256_wd0.01_s0,l15,35,0.0005,0.2804509827068874,0.8865821361541748,0.978238901068786,0.7281842818428185,2.281609565960552,0.1721070018727397,0.7653825283050537,0.9515360593795776
h256_wd0.01_s0,l15,36,0.0005,0.3219927889960153,0.6998720169067383,0.9857837763770896,0.7333333333333334,2.585792959002938,0.18434432801241454,0.775589644908905,0.9590441584587097
h256_wd0.01_s0,l15,37,0.0005,0.30753090551921297,0.8743321895599365,0.9813305015072623,0.7288617886178861,2.5040273704062597,0.18843399476385142,0.7845351099967957,0.9903177618980408
h256_wd0.01_s0,l15,38,0.0005,0.35905218763010843,0.7240049839019775,0.9803798986023569,0.7421409214092141,2.870545839295499,0.20173720594805247,0.7950497269630432,0.9754602313041687
h256_wd0.01_s0,l15,39,0.0005,0.2678985439595722,0.7721520066261292,0.9864860235681009,0.7357723577235773,1.8773165815277306,0.13371377281297558,0.8028770089149475,1.0040329694747925
h256_wd0.01_s0,l16,1,0.0005,0.7282562255859375,0.6919952630996704,0.6002633155570678,0.5660112359550561,0.7648726151530184,0.29559546508166523,0.24066217243671417,0.04456782341003418
h256_wd0.01_s0,l16,2,0.0005,0.6885669853376306,0.6869047284126282,0.7327938816115505,0.6783707865168538,0.3470268272075069,0.1454133215924547,0.274794340133667,0.053940143436193466
h256_wd0.01_s0,l16,3,0.0005,0.6833533100459886,0.681757926940918,0.6962625463206088,0.6423220973782772,0.3490151937653931,0.12831521087916542,0.28584519028663635,0.04887166619300842
h256_wd0.01_s0,l16,4,0.0005,0.6766900808914847,0.6860647797584534,0.6756780745419715,0.6278089887640449,0.39839872859736475,0.13082511876421818,0.2981496751308441,0.04264489933848381
h256_wd0.01_s0,l16,5,0.0005,0.6719577545705049,0.6656030416488647,0.7320912136924089,0.6709971910112359,0.5646041302155456,0.1844734432800407,0.31905314326286316,0.04067737236618996
h256_wd0.01_s0,l16,6,0.0005,0.664077209389728,0.6572042107582092,0.7491179668488672,0.6876170411985019,0.7649294628666665,0.24828770877876757,0.33872130513191223,0.04474436864256859
h256_wd0.01_s0,l16,7,0.0005,0.6348449276841205,0.652256429195404,0.7800575448043255,0.6996722846441948,0.5907407585568971,0.18363703934057007,0.3616912364959717,0.056659575551748276
h256_wd0.01_s0,l16,8,0.0005,0.6295068160347317,0.6318314075469971,0.7906715286355669,0.704119850187266,0.6991111281342127,0.21127633147113964,0.37979596853256226,0.07264146208763123
h256_wd0.01_s0,l16,9,0.0005,0.6023676058520442,0.6531510353088379,0.799710057027049,0.7104400749063671,0.7612325467817448,0.19802042972252207,0.4009307026863098,0.11298467963933945
h256_wd0.01_s0,l16,10,0.0005,0.6052458752756533,0.619235634803772,0.8149690456290358,0.7157069288389514,1.007095100002259,0.24977786018040107,0.42131584882736206,0.1244192123413086
h256_wd0.01_s0,l16,11,0.0005,0.5612136475417925,0.612605631351471,0.8344070592238108,0.723314606741573,0.7968640979827598,0.20332749470190067,0.4386656880378723,0.1638883501291275
h256_wd0.01_s0,l16,12,0.0005,0.5663854492747266,0.6065049767494202,0.8445180807550352,0.7301029962546817,0.912318898471917,0.20717871169329152,0.45380961894989014,0.19512327015399933
h256_wd0.01_s0,l16,13,0.0005,0.5414148556149524,0.6159379482269287,0.8546808778171437,0.7370084269662921,1.24589534178891,0.25923311084075346,0.4714690148830414,0.23519383370876312
h256_wd0.01_s0,l16,14,0.0005,0.5312312737755154,0.5976765751838684,0.8732904829177731,0.7444990636704121,1.050749988444382,0.22068091922409333,0.4849741756916046,0.266349732875824
h256_wd0.01_s0,l16,15,0.0005,0.5058114528656006,0.6012012958526611,0.8823512008224913,0.745318352059925,1.0034768492881114,0.18736748950737536,0.49859192967414856,0.3208337724208832
h256_wd0.01_s0,l16,16,0.0005,0.4946113980334738,0.6136772632598877,0.8966930228773881,0.7452013108614233,1.136576108010503,0.17633856095893394,0.5104840993881226,0.3679700493812561
h256_wd0.01_s0,l16,17,0.0005,0.4772253826908443,0.612102746963501,0.9040451482629309,0.75749063670412,1.303161237313162,0.17687117167976305,0.5237334370613098,0.4153311252593994
h256_wd0.01_s0,l16,18,0.0005,0.5218624265297599,0.5953159928321838,0.9101768504204912,0.7529260299625469,1.7779868675558728,0.23425770842261234,0.5392200946807861,0.43301647901535034
h256_wd0.01_s0,l16,19,0.0005,0.46776578089465265,0.588279664516449,0.9097700426778306,0.7600655430711611,1.1168459074739292,0.1661463334744579,0.5528715252876282,0.48027145862579346
h256_wd0.01_s0,l16,20,0.0005,0.45782675043396326,0.6119899153709412,0.9002507414995673,0.7524578651685393,1.4636593235039792,0.2174282660355422,0.5645204782485962,0.5378258228302002
h256_wd0.01_s0,l16,21,0.0005,0.4605513966601828,0.5978179574012756,0.9147626831559406,0.7599485018726592,1.5255753697555734,0.17380118271665831,0.5755782127380371,0.566655695438385
h256_wd0.01_s0,l16,22,0.0005,0.42431806870128796,0.6235674023628235,0.9255911656151303,0.7544475655430712,1.3967115858887171,0.14909437360959268,0.5850861072540283,0.5910605192184448
h256_wd0.01_s0,l16,23,0.0005,0.432322739906933,0.6155967712402344,0.9349847262183891,0.7642790262172285,1.7430897301192088,0.1872176220961225,0.5946024060249329,0.6153841614723206
h256_wd0.01_s0,l16,24,0.0005,0.41321660643038544,0.6125415563583374,0.9404655359876922,0.7547986891385767,1.5186044634843985,0.14995793912522448,0.6043647527694702,0.6532061100006104
h256_wd0.01_s0,l16,25,0.0005,0.39127427339553833,0.6836893558502197,0.940798378686233,0.7604166666666667,1.6675566634761756,0.17192762512828388,0.6128300428390503,0.6994526386260986
h256_wd0.01_s0,l16,26,0.0005,0.38633631882460223,0.655892014503479,0.9466564101805487,0.7643960674157303,1.773523014375057,0.15094432553653903,0.6209073066711426,0.7337919473648071
h256_wd0.01_s0,l16,27,0.0005,0.3880013849424279,0.6971007585525513,0.9450365757143174,0.7611189138576779,1.877193028061153,0.16177322369824818,0.6304011344909668,0.7692430019378662
h256_wd0.01_s0,l16,28,0.0005,0.3827445688455001,0.6331918239593506,0.9534611942396023,0.7624063670411984,1.852371309805401,0.1488740497941759,0.6390643119812012,0.8007526993751526
h256_wd0.01_s0,l16,29,0.0005,0.3873563486596812,0.6347205638885498,0.9565307435705885,0.7621722846441947,1.933225132002453,0.1497918940363993,0.6474443674087524,0.8334996700286865
h256_wd0.01_s0,l16,30,0.0005,0.36186418390792346,0.6279403567314148,0.962721617763445,0.7666198501872659,1.4938282563966545,0.13165610147426432,0.6555834412574768,0.883102297782898
h256_wd0.01_s0,l16,31,0.0005,0.33412823988043744,0.6465594172477722,0.9631728045325778,0.7698970037453184,1.5625205015318941,0.12964797217577556,0.6637292504310608,0.9429231286048889
h256_wd0.01_s0,l16,32,0.0005,0.3671967186357664,0.6473435759544373,0.9536461068499027,0.7640449438202247,2.384848513060006,0.17586356408380907,0.6728248000144958,0.9831559658050537
h256_wd0.01_s0,l16,33,0.0005,0.34099235223687213,0.6444030404090881,0.9626624457281489,0.7618211610486891,1.8181311727013456,0.12264855851330168,0.6826992034912109,1.0181241035461426
h256_wd0.01_s0,l16,34,0.0005,0.3418945508158725,0.6452203989028931,0.9615603665707587,0.7682584269662921,1.9082845334976717,0.11302632702573642,0.6905060410499573,1.051740050315857
h256_wd0.01_s0,l16,35,0.0005,0.31794342204280523,0.6651954650878906,0.965731995059135,0.7696629213483146,2.076206378940843,0.1390457387673132,0.6971009969711304,1.0780634880065918
h256_wd0.01_s0,l16,36,0.0005,0.29604462825733685,0.78220534324646,0.9747631269462053,0.7622893258426966,2.130183559159414,0.13484201895462108,0.703659176826477,1.1109040975570679
h256_wd0.01_s0,l16,37,0.0005,0.3366563896770063,0.6493848562240601,0.9761018942447799,0.7560861423220974,2.5535735350982915,0.13497839410513568,0.7104962468147278,1.1265009641647339
h256_wd0.01_s0,l16,38,0.0005,0.292398773457693,0.831146240234375,0.976168462784488,0.7502340823970037,2.114568102865752,0.11729214066755445,0.7169331908226013,1.1634994745254517
h256_wd0.01_s0,l16,39,0.0005,0.30579832261023315,0.6813114881515503,0.9737867883638193,0.7691947565543071,2.313367688738644,0.12430037409816001,0.7236602902412415,1.1981680393218994
h256_wd0.01_s0,l16,40,0.0005,0.2941764249749806,0.8077523708343506,0.9725737616402488,0.7618211610486891,2.440664255543374,0.13153169502851697,0.7297918200492859,1.2359278202056885
h256_wd0.01_s0,l16,41,0.0005,0.30983917544717376,0.6874204277992249,0.9804806248566926,0.7700140449438202,2.4835240673026204,0.13037662829201963,0.7369852066040039,1.2500768899917603
h256_wd0.01_s0,l16,42,0.0005,0.31257655633532483,0.73341965675354,0.9812720508287784,0.7695458801498127,1.9632531498677062,0.10480007263643697,0.743569016456604,1.2927392721176147
h256_wd0.01_s0,l16,43,0.0005,0.2878188063269076,0.693469762802124,0.9749776255741536,0.7655664794007491,2.215193106629956,0.11554999454471714,0.7499213814735413,1.3323156833648682
h256_wd0.01_s0,l16,44,0.0005,0.3033146618501,0.7266296148300171,0.987048720774562,0.7536282771535581,2.7486540446674623,0.11430306918444695,0.7559159398078918,1.3572720289230347
h256_wd0.01_s0,l16,45,0.0005,0.26942291791024414,0.8534184694290161,0.980621158440521,0.763810861423221,2.3684190482006606,0.10558112087865737,0.7616835236549377,1.3828219175338745
h256_wd0.01_s0,l16,46,0.0005,0.2605117339154948,0.7905198335647583,0.9852587667068544,0.7621722846441948,2.6362200096606365,0.12669688343909666,0.7667530179023743,1.4052797555923462
h256_wd0.01_s0,l16,47,0.0005,0.2472042091514753,0.8078185319900513,0.994075399965976,0.7696629213483146,2.5510941450865134,0.09693991370700565,0.7716572880744934,1.4429925680160522
h256_wd0.01_s0,l16,48,0.0005,0.2484246647876242,0.7837586402893066,0.990543569109239,0.7758661048689138,2.3379184574993968,0.1015017326307084,0.7768063545227051,1.4777615070343018
h256_wd0.01_s0,l16,49,0.0005,0.2555759588013525,0.8574584722518921,0.9917602940850154,0.772003745318352,2.587642233906372,0.11283522618462456,0.7819207906723022,1.5139216184616089
h256_wd0.01_s0,l16,50,0.0005,0.29010505909505097,0.7438595294952393,0.9868416186510255,0.7670880149812734,2.606122290541087,0.11761288568103763,0.7879364490509033,1.5432785749435425
h256_wd0.01_s0,l16,51,0.0005,0.257054742263711,0.7460213899612427,0.9918194661203116,0.7636938202247191,1.96929570168035,0.07938304948653578,0.7937259078025818,1.580857276916504
h256_wd0.01_s0,l16,52,0.0005,0.2850415933391322,0.7982847690582275,0.9870117382525019,0.7572565543071161,2.794877090871669,0.11051188007581096,0.7994256019592285,1.6178478002548218
h256_wd0.01_s0,l16,53,0.0005,0.27920580493367236,0.6904023885726929,0.9921523088188522,0.7552668539325843,2.5313748480371867,0.09731113824737027,0.805580735206604,1.6440037488937378
h256_wd0.01_s0,l16,54,0.0005,0.27026465146437934,0.6881264448165894,0.988113817409892,0.769311797752809,2.2801331508998506,0.09835203190924986,0.8107133507728577,1.685240387916565
h256_wd0.01_s0,l16,55,0.0005,0.24767343570356784,0.7245403528213501,0.9932987670027145,0.7697799625468165,2.2251107244606807,0.10477027357042953,0.8154938817024231,1.7273989915847778
h256_wd0.01_s0,l16,56,0.0005,0.24367307256097379,0.7720909118652344,0.9953697882380788,0.7610018726591761,2.2099307735261946,0.07538163320266121,0.8197035193443298,1.7669970989227295
h256_wd0.01_s0,l16,57,0.0005,0.2709142423194388,0.7440902590751648,0.9891419315231622,0.7718867041198502,3.1966724905128783,0.11332929977944298,0.8247848153114319,1.7989511489868164
h256_wd0.01_s0,l16,58,0.0005,0.22442171722650528,0.8783602118492126,0.9927292361629894,0.7624063670411985,2.7254280578113352,0.0842326092129171,0.8290925621986389,1.83031165599823
h256_wd0.01_s0,l16,59,0.0005,0.2367315276161484,0.8502534031867981,0.9894599812128788,0.7533941947565543,2.58357325969392,0.08208443848430476,0.8337397575378418,1.8567132949829102
h256_wd0.01_s0,l16,60,0.0005,0.27098595253799274,0.741520881652832,0.9880102663481238,0.7640449438202248,2.6361703304411703,0.08960254579677457,0.8387232422828674,1.8893182277679443
h256_wd0.01_s0,l16,61,0.0005,0.2429308735806009,0.8958817720413208,0.9778881500602816,0.7580758426966293,3.023785589992506,0.096292269111987,0.843337893486023,1.9221789836883545
h256_wd0.01_s0,l16,62,0.0005,0.2846186407234358,0.7690621018409729,0.9918342591291356,0.7525749063670412,3.4889255853044334,0.10790301008892132,0.8479777574539185,1.9228161573410034
h256_wd0.01_s0,l16,63,0.0005,0.24809855741003287,0.8074141144752502,0.9884096775863727,0.7604166666666666,2.3729833096186748,0.07170533747440713,0.8526968955993652,1.9416457414627075
h256_wd0.01_s0,l16,64,0.0005,0.2515023179028345,0.8753060698509216,0.9926848571365173,0.7641619850187266,3.267049822170871,0.09328582003785037,0.856417179107666,1.9677956104278564
h256_wd0.01_s0,l16,65,0.0005,0.21130453406468683,0.8933601379394531,0.9953180127071946,0.7738764044943821,2.9159610219142733,0.07908233091539486,0.8596569299697876,1.9955058097839355
h256_wd0.01_s0,l16,66,0.0005,0.1882181740973307,0.8600918054580688,0.9963831093425247,0.7715355805243447,2.864675295809265,0.06942879619027054,0.8628162741661072,2.0248923301696777
h256_wd0.01_s0,l16,67,0.0005,0.18907704463471536,0.8085095286369324,0.9953549952292546,0.7735252808988764,2.679534737780517,0.07173804072690951,0.8663576245307922,2.056694269180298
h256_wd0.01_s0,l16,68,0.0005,0.19149344122928122,0.9080793857574463,0.9938830908512637,0.7676732209737828,3.009241168655008,0.08181415297351517,0.8698204159736633,2.0959346294403076
h256_wd0.01_s0,l17,1,0.0005,0.709615861827677,0.6886879801750183,0.7185282017146386,0.5953786906290115,0.7062661132959158,0.25409074332896975,0.23483839631080627,0.037437766790390015
h256_wd0.01_s0,l17,2,0.0005,0.6811403009024534,0.680284857749939,0.7441114434883032,0.6166880616174581,0.6523909966945083,0.24087492080347211,0.2771342098712921,0.038952749222517014
h256_wd0.01_s0,l17,3,0.0005,0.6728485009887002,0.6753279566764832,0.7547697909231621,0.6346598202824134,0.7275376443015183,0.26455580198256123,0.2986070215702057,0.039917074143886566
h256_wd0.01_s0,l17,4,0.0005,0.6556301469152624,0.6682118773460388,0.7515618609201947,0.6255455712451862,0.684750170305986,0.26365538320572923,0.3211032748222351,0.04027592018246651
h256_wd0.01_s0,l17,5,0.0005,0.6454464820298281,0.6955358982086182,0.7676015109350314,0.6459563543003851,0.8990409588471594,0.33176177101266896,0.3488290309906006,0.04352013021707535
h256_wd0.01_s0,l17,6,0.0005,0.6381729353557933,0.6547268629074097,0.7833283877745787,0.6568677792041079,0.7729539254143911,0.2788517075900309,0.3710205554962158,0.04705704003572464
h256_wd0.01_s0,l17,7,0.0005,0.6066319956020876,0.6801782250404358,0.7771531225188666,0.6477535301668806,0.6071338077499067,0.20128421862824897,0.39455586671829224,0.07039760798215866
h256_wd0.01_s0,l17,8,0.0005,0.6166186359795657,0.6419184803962708,0.813603227177583,0.6740693196405648,0.8226770769510291,0.260015808801658,0.41586798429489136,0.08371995389461517
h256_wd0.01_s0,l17,9,0.0005,0.605046190998771,0.6757254600524902,0.8252480130883545,0.671630295250321,0.9785421249123473,0.2922930057389517,0.44029101729393005,0.09859919548034668
h256_wd0.01_s0,l17,10,0.0005,0.5752636898647655,0.648796796798706,0.8280629716659582,0.6844672657252888,0.8242084613863205,0.24762228825706692,0.46033674478530884,0.12144355475902557
h256_wd0.01_s0,l17,11,0.0005,0.5621649920940399,0.639050304889679,0.8402771651522565,0.6883183568677792,0.9780097322213166,0.2520477274860912,0.47962477803230286,0.1479097455739975
h256_wd0.01_s0,l17,12,0.0005,0.54472746767781,0.6344035267829895,0.85784860174351,0.6892169448010269,0.9480072757065169,0.24676459982294086,0.4981668293476105,0.1757330596446991
h256_wd0.01_s0,l17,13,0.0005,0.5516128783876245,0.6510359644889832,0.8651626821502756,0.6888318356867779,1.1180347660226244,0.29983066233179073,0.5141991376876831,0.1970725655555725
h256_wd0.01_s0,l17,14,0.0005,0.5363849116997286,0.6618397235870361,0.8740807275585247,0.6962772785622593,1.189780502890046,0.2723542377242578,0.5310306549072266,0.2230401337146759
h256_wd0.01_s0,l17,15,0.0005,0.5070614083246752,0.6826109886169434,0.8783312348124563,0.700385109114249,1.0912170390502287,0.259217455679876,0.5482924580574036,0.259982705116272
h256_wd0.01_s0,l17,16,0.0005,0.5249699719927527,0.6312888860702515,0.8902406749484727,0.7039794608472401,1.290711679082054,0.26142885133463084,0.5652682781219482,0.27077406644821167
h256_wd0.01_s0,l17,17,0.0005,0.4625160802494396,0.6604670882225037,0.8946996976525974,0.7084724005134789,0.9650476593360509,0.20935111180614668,0.5791868567466736,0.30995944142341614
h256_wd0.01_s0,l17,18,0.0005,0.4660540101203052,0.6395326852798462,0.9091033033659207,0.7156611039794608,1.2840816906056496,0.2447950056645806,0.5915678143501282,0.34339168667793274
h256_wd0.01_s0,l17,19,0.0005,0.4344851781021465,0.6401674747467041,0.916762236248005,0.7201540436456997,1.0044505136249589,0.17389601145401146,0.6039684414863586,0.3877771198749542
h256_wd0.01_s0,l17,20,0.0005,0.42156828398054297,0.6492282748222351,0.9218788846027381,0.7198973042362002,1.2147007186674887,0.18628568894532327,0.6165279746055603,0.42953208088874817
h256_wd0.01_s0,l17,21,0.0005,0.45079838552258233,0.6998878717422485,0.9294736588847632,0.7196405648267009,1.7810533611355603,0.26719690124638446,0.6300685405731201,0.45066994428634644
h256_wd0.01_s0,l17,22,0.0005,0.4447008655829863,0.6872578859329224,0.9320720821871668,0.7265725288831836,1.384126866293439,0.19677855098767852,0.6441773772239685,0.4640423655509949
h256_wd0.01_s0,l17,23,0.0005,0.4228352809494192,0.672931969165802,0.9396989357692216,0.7250320924261874,1.5801415383406288,0.23301916992438595,0.6553409099578857,0.48036494851112366
h256_wd0.01_s0,l17,24,0.0005,0.39098836752501404,0.685371458530426,0.9397390348942587,0.7269576379974326,1.3464880323744457,0.19909761122188663,0.6661738753318787,0.5220587849617004
h256_wd0.01_s0,l17,25,0.0005,0.37640066173943604,0.7222301363945007,0.943043202797315,0.7297817715019255,1.5082365558756896,0.18439019702053158,0.6771285533905029,0.5649810433387756
h256_wd0.01_s0,l17,26,0.0005,0.42002740231427277,0.635345995426178,0.9534609554819513,0.7305519897304236,2.0505854133565404,0.21049201366954592,0.689114511013031,0.5732674598693848
h256_wd0.01_s0,l17,27,0.0005,0.3639667040922425,0.696658730506897,0.9501247082788653,0.7318356867779203,1.7049482765144006,0.20691747716739944,0.7008284330368042,0.6130602359771729
h256_wd0.01_s0,l17,28,0.0005,0.3693670772693374,0.6945674419403076,0.9602296877882125,0.7346598202824133,1.7477944493164905,0.19711488223561247,0.7102358341217041,0.6383345127105713
h256_wd0.01_s0,l17,29,0.0005,0.3282353309067813,0.7179363965988159,0.9559791805342808,0.7310654685494223,1.2725808565832293,0.14760284587042996,0.7203613519668579,0.6785549521446228
h256_wd0.01_s0,l17,30,0.0005,0.3489162793213671,0.7951335906982422,0.9629564282907346,0.7338896020539153,1.883914389953602,0.16043671480585903,0.7304255366325378,0.7127662897109985
h256_wd0.01_s0,l17,31,0.0005,0.3471469296650453,0.7079712748527527,0.9649854440176115,0.7287548138639282,2.2009044472316224,0.20731613968161142,0.7417654991149902,0.7388123273849487
h256_wd0.01_s0,l17,32,0.0005,0.3822200338948857,0.6748895049095154,0.9670866381695552,0.7322207958921694,2.3508389799438816,0.2174979609670871,0.7523713111877441,0.7444062232971191
h256_wd0.01_s0,l17,33,0.0005,0.3197985894300721,0.7216793298721313,0.9672791139697332,0.7317073170731707,1.4200659519140377,0.13609571552905045,0.7614313364028931,0.7819845080375671
h256_wd0.01_s0,l17,34,0.0005,0.31634949147701263,0.6888925433158875,0.9727726940998148,0.7282413350449294,1.8235331436415712,0.14077553543270668,0.7695420980453491,0.8265475034713745
h256_wd0.01_s0,l17,35,0.0005,0.28616469488902524,0.7406670451164246,0.9754112165272555,0.727214377406932,1.5898679854288134,0.14775776238343413,0.7766109704971313,0.8656267523765564
h256_wd0.01_s0,l17,36,0.0005,0.2848468179052526,0.8030099868774414,0.9809849949074112,0.7335044929396661,1.755957018770198,0.13428656060254254,0.7828084826469421,0.8995144963264465
h256_wd0.01_s0,l17,37,0.0005,0.2931677204641429,0.7758006453514099,0.9779615208796144,0.7317073170731707,2.298541326187184,0.15127845914862129,0.7904952168464661,0.9240434169769287
h256_wd0.01_s0,l17,38,0.0005,0.330307870764624,0.7821750044822693,0.9823644048086871,0.7331193838254172,2.8852274279928807,0.18355743061390903,0.7990826368331909,0.9345166087150574
h256_wd0.01_s0,l17,39,0.0005,0.25993439622900705,0.8038136959075928,0.9846580747608088,0.7333761232349166,2.0218993021113074,0.1427546653075704,0.8065735101699829,0.9613391757011414
h256_wd0.01_s0,l17,40,0.0005,0.2538508799943057,0.8170598149299622,0.9855322356866174,0.7306803594351734,1.6755534394334604,0.120341362609962,0.8137137293815613,0.9896268248558044
h256_wd0.01_s0,l17,41,0.0005,0.2508153143254193,0.8304254412651062,0.9862780794123072,0.7392811296534019,1.9998970342295899,0.11948830939684994,0.8202319145202637,1.0156830549240112
h256_wd0.01_s0,l17,42,0.0005,0.2601460015231913,0.8126673102378845,0.9905045271912167,0.7372272143774069,2.236250649589011,0.1414273093211913,0.8267984390258789,1.043083667755127
h256_wd0.01_s0,l17,43,0.0005,0.23881992291320453,0.8287631273269653,0.9911060140667731,0.7363286264441591,2.075632593190758,0.13362039643695348,0.8340670466423035,1.0750583410263062
h256_wd0.01_s0,l17,44,0.0005,0.23051738772879948,0.8736943602561951,0.9873687756133162,0.7333761232349164,2.241356443947096,0.12928105005034135,0.8417545557022095,1.11678147315979
h256_wd0.01_s0,l17,45,0.0005,0.23297669332135806,0.8904488682746887,0.9890449190398666,0.7396662387676508,2.3128533073130244,0.12948459523642922,0.8520534634590149,1.1489448547363281
h256_wd0.01_s0,l17,46,0.0005,0.28016812896186655,0.8177488446235657,0.9878660047637761,0.744415917843389,2.8026095246291507,0.16716752989667194,0.860920786857605,1.1571965217590332
h256_wd0.01_s0,l17,47,0.0005,0.22139354422688484,0.8766751885414124,0.9854440176115358,0.7338896020539153,1.903127060117719,0.11237337073360888,0.868187427520752,1.192406177520752
h256_wd0.01_s0,l17,48,0.0005,0.1938722130249847,0.9496838450431824,0.9930548315435758,0.7418485237483954,1.9158241946013426,0.10527580122865164,0.8739885091781616,1.2347326278686523
h256_wd0.01_s0,l17,49,0.0005,0.19285290485078638,0.9101832509040833,0.9948111732202003,0.7401797175866496,2.3360520388077415,0.10835300587720753,0.8796163201332092,1.2720966339111328
h256_wd0.01_s0,l17,50,0.0005,0.22164867479692807,0.90082186460495,0.9926458204681974,0.7290115532734275,3.076138286832972,0.12612331056899867,0.8856884837150574,1.2955986261367798
h256_wd0.01_s0,l17,51,0.0005,0.18370253897526048,0.9871117472648621,0.9958778099461869,0.7333761232349165,2.1110147523026472,0.10056651752085073,0.8912022113800049,1.3235050439834595
h256_wd0.01_s0,l17,52,0.0005,0.18642452494664627,1.0415799617767334,0.9943059242447331,0.737612323491656,2.0723690141144355,0.09814688571000349,0.8968633413314819,1.3582772016525269
h256_wd0.01_s0,l17,53,0.0005,0.1582361346280033,0.9717150330543518,0.9968241492970623,0.7426187419768934,2.2375330766171384,0.09386595787196762,0.9018956422805786,1.392784833908081
h256_wd0.01_s0,l17,54,0.0005,0.1916754716499285,0.9310048222541809,0.9938728536943324,0.7364569961489089,2.4167115510145254,0.1058553562322043,0.9074326157569885,1.4204102754592896
h256_wd0.01_s0,l17,55,0.0005,0.17884634265845473,1.0333667993545532,0.9944903802199037,0.730038510911425,2.189825971656175,0.09116430787810498,0.9130425453186035,1.4558976888656616
h256_wd0.01_s0,l17,56,0.0005,0.16989584030075508,0.9620994925498962,0.9962948408465727,0.7249037227214378,2.5191601140735247,0.0982228215121085,0.9181478023529053,1.4913686513900757
h256_wd0.01_s0,l17,57,0.0005,0.19762859120965004,1.1496164798736572,0.9899992782157494,0.7414634146341462,2.6880338078804495,0.102338887070089,0.9233874678611755,1.51865816116333
h256_wd0.01_s0,l17,58,0.0005,0.2211292643438686,0.9432129263877869,0.9973053387975075,0.7269576379974326,3.0115664241589615,0.12319692541724993,0.9297261834144592,1.5213215351104736
h256_wd0.01_s0,l17,59,0.0005,0.15929123149676758,1.0401479005813599,0.997890786023049,0.723620025673941,2.09169248591218,0.07958008459459108,0.9352450370788574,1.5495494604110718
h256_wd0.01_s0,l17,60,0.0005,0.20775831016627225,1.0442718267440796,0.9982677177983976,0.7288831835686779,3.255291898684578,0.11514130745457712,0.9409258961677551,1.5720257759094238
h256_wd0.01_s0,l17,61,0.0005,0.19806467132134872,0.9367802739143372,0.9983960349985164,0.7329910141206675,3.17286641232467,0.1201581215012884,0.9474504590034485,1.592617154121399
h256_wd0.01_s0,l17,62,0.0005,0.1743716479025104,0.9358746409416199,0.9960061271463057,0.7291399229781771,2.497095609123553,0.09916636370454111,0.9526705145835876,1.6280280351638794
h256_wd0.01_s0,l17,63,0.0005,0.1572479768232866,1.041515588760376,0.9987970262488872,0.733632862644416,2.136612526426802,0.07980601040466632,0.957460880279541,1.6666010618209839
h256_wd0.01_s0,l17,64,0.0005,0.17878320762379604,1.2224476337432861,0.9966717726219214,0.7252888318356867,3.0149122668774666,0.10095512456804362,0.9619351029396057,1.6950280666351318
h256_wd0.01_s0,l17,65,0.0005,0.17773260616443373,1.008122205734253,0.9979308851480861,0.7274711168164313,2.822789012062034,0.09496332736325143,0.9698673486709595,1.7063931226730347
h256_wd0.01_s0,l17,66,0.0005,0.19440673291683197,1.0069619417190552,0.9960301866213279,0.7322207958921695,2.9230510542420145,0.10296172254947304,0.9754616618156433,1.7360049486160278
h256_wd0.01_s0,l18,1,0.0005,0.7137473740360953,0.6874609589576721,0.7079513549567995,0.6202375061850568,0.7506373613239975,0.27454537163064746,0.22769847512245178,0.03589504212141037
h256_wd0.01_s0,l18,2,0.0005,0.6849249547178095,0.6839402318000793,0.74135604262646,0.642380009896091,0.5221215739922246,0.18823502125035382,0.26247701048851013,0.045435864478349686
h256_wd0.01_s0,l18,3,0.0005,0.6706810160116716,0.6799962520599365,0.7537577365163572,0.6521523998020782,0.6214866215075954,0.2112586738818734,0.28133291006088257,0.042564257979393005
h256_wd0.01_s0,l18,4,0.0005,0.6555981906977567,0.6652619242668152,0.7494919881489754,0.6376793666501731,0.7232418292303003,0.23795942638066744,0.3051115572452545,0.03940169885754585
h256_wd0.01_s0,l18,5,0.0005,0.6345815360546112,0.6608197689056396,0.7550684846510618,0.6439881246907471,0.8165981012694631,0.25803918034443657,0.3304826319217682,0.04430915415287018
h256_wd0.01_s0,l18,6,0.0005,0.6447202048518441,0.6511441469192505,0.7871701800921401,0.6657595249876298,1.0280183101798357,0.32577069927998586,0.35316458344459534,0.05004337057471275
h256_wd0.01_s0,l18,7,0.0005,0.6066556600007144,0.6901946067810059,0.8005723858718414,0.669223156853043,0.7950254399865622,0.24199961181152083,0.3765667676925659,0.0557171069085598
h256_wd0.01_s0,l18,8,0.0005,0.6085406921126626,0.642156720161438,0.80911939441885,0.6730578921326076,0.9360000989276949,0.26561838781691444,0.3975585997104645,0.07358766347169876
h256_wd0.01_s0,l18,9,0.0005,0.5733075643127615,0.6382207870483398,0.8251198287495929,0.6803562592775854,0.9243679273277663,0.2743487674844885,0.4215458333492279,0.10070227831602097
h256_wd0.01_s0,l18,10,0.0005,0.5597769523208792,0.6486517786979675,0.8351249476476337,0.6922315685304304,1.1315217318370439,0.30272152656087054,0.44265300035476685,0.1326441615819931
h256_wd0.01_s0,l18,11,0.0005,0.5495933280749754,0.6456529498100281,0.8472939643538555,0.6904997525977238,1.0553629443180295,0.26493499540603427,0.4616420269012451,0.15769624710083008
h256_wd0.01_s0,l18,12,0.0005,0.528248739513484,0.6430523991584778,0.8711201079622133,0.6997773379515092,1.1192611528060556,0.2686613509037448,0.4812133312225342,0.19288869202136993
h256_wd0.01_s0,l18,13,0.0005,0.5379742817445234,0.6559297442436218,0.8797214078520794,0.7041068777832756,1.3830585594859028,0.3282814822295508,0.4991748631000519,0.21138699352741241
h256_wd0.01_s0,l18,14,0.0005,0.5248879329724745,0.6322760581970215,0.8859338886562117,0.706333498268184,1.339085951008891,0.3018332814114987,0.516960084438324,0.23091594874858856
h256_wd0.01_s0,l18,15,0.0005,0.47296483543786133,0.6301507353782654,0.8940698341787271,0.7102919346857991,1.1183007219098258,0.203316793465605,0.5348169207572937,0.2670677900314331
h256_wd0.01_s0,l18,16,0.0005,0.484531433744864,0.6353707909584045,0.9016551103665442,0.7057149925779317,1.2351622887518943,0.21625096656399778,0.5514758825302124,0.2971695363521576
h256_wd0.01_s0,l18,17,0.0005,0.4797671843658794,0.6550880074501038,0.9136845207625607,0.7112815437902029,1.3315066841337992,0.1984168981331522,0.5665246844291687,0.3371112644672394
h256_wd0.01_s0,l18,18,0.0005,0.4884011298418045,0.6806329488754272,0.9204554268075139,0.708931222167244,1.5662198380134464,0.2096975947206231,0.5826067328453064,0.36117178201675415
h256_wd0.01_s0,l18,19,0.0005,0.4710407826033505,0.6388016939163208,0.920850978019762,0.7133844631370609,1.3922074884751205,0.20053441492743032,0.59935462474823,0.3806108236312866
h256_wd0.01_s0,l18,20,0.0005,0.43839283287525177,0.6390300989151001,0.9282268447422712,0.714745175655616,1.2275426129674356,0.16712598823155836,0.6126654744148254,0.4198266267776489
h256_wd0.01_s0,l18,21,0.0005,0.4356680864637548,0.6505181789398193,0.9329269238525137,0.7198169223156853,1.6379566153593472,0.22339710998007237,0.626072883605957,0.4647618532180786
h256_wd0.01_s0,l18,22,0.0005,0.44437150115316565,0.7287697792053223,0.9341833806443608,0.7167243938644237,1.8624730952655555,0.22234807829976602,0.6392980813980103,0.4848194718360901
h256_wd0.01_s0,l18,23,0.0005,0.40581211041320453,0.6469822525978088,0.9441264522934214,0.7140029688273133,1.6061115045370966,0.18931856564848043,0.6519151926040649,0.5188808441162109
h256_wd0.01_s0,l18,24,0.0005,0.38334317911754956,0.7018264532089233,0.9457862162036391,0.7174666006927264,1.354261294759313,0.18579828448681396,0.6636566519737244,0.5634269118309021
h256_wd0.01_s0,l18,25,0.0005,0.3798692178997127,0.7107330560684204,0.9528363348690028,0.7125185551707076,1.7851730273884854,0.18528069192970512,0.6742830872535706,0.5915922522544861
h256_wd0.01_s0,l18,26,0.0005,0.36709703369574115,0.6899040341377258,0.9553802720771867,0.7125185551707075,1.6016175470935214,0.1691232749797778,0.6850497722625732,0.6245166063308716
h256_wd0.01_s0,l18,27,0.0005,0.349605839360844,0.7152165174484253,0.9643073200241984,0.7191984166254329,1.5647117923059601,0.15882652306312608,0.6953126192092896,0.6700348854064941
h256_wd0.01_s0,l18,28,0.0005,0.35712865401398053,0.7221229672431946,0.961561729256829,0.714745175655616,1.8185099095287172,0.15831086298250097,0.7061954140663147,0.7056854963302612
h256_wd0.01_s0,l18,29,0.0005,0.34208289804783737,0.7083181738853455,0.9670141312609553,0.7168480950024739,1.6403455739748076,0.14216118557590363,0.7159557342529297,0.752307116985321
h256_wd0.01_s0,l18,30,0.0005,0.32962300357493485,0.8028777837753296,0.97002342283649,0.7163532904502721,1.7846716001006113,0.14571974928540182,0.7259775996208191,0.7926672101020813
h256_wd0.01_s0,l18,31,0.0005,0.3264914852651683,0.7403395771980286,0.9735213364977431,0.7106630380999505,2.0176596465888763,0.15197341496351252,0.7360079288482666,0.8216907382011414
h256_wd0.01_s0,l18,32,0.0005,0.28615962036631326,0.7638011574745178,0.9753594862487784,0.7111578426521524,1.5786257796977736,0.1298580073513698,0.7452753186225891,0.872553288936615
h256_wd0.01_s0,l18,33,0.0005,0.2849417979067022,0.7683015465736389,0.9801914157631035,0.7140029688273133,1.9201860921573977,0.13692217649260646,0.7544190883636475,0.9254281520843506
h256_wd0.01_s0,l18,34,0.0005,0.32378383251753723,0.8428386449813843,0.973443777436518,0.7041068777832755,2.4810563631636438,0.16015885126499677,0.7632957100868225,0.9540221095085144
h256_wd0.01_s0,l18,35,0.0005,0.3283138783140616,0.8115613460540771,0.9815021638978083,0.7152399802078179,2.185004931714683,0.15928714784155773,0.7725630402565002,0.983091413974762
h256_wd0.01_s0,l18,36,0.0005,0.31946259804747323,0.7870768308639526,0.9817193292692385,0.7224146462147452,2.7374001994102035,0.15616436206150458,0.7819364070892334,0.9891819357872009
h256_wd0.01_s0,l18,37,0.0005,0.28056770021265204,0.848432183265686,0.9778568880202274,0.7184562097971302,2.4469871817587316,0.13217786774130588,0.7906069755554199,1.008394718170166
h256_wd0.01_s0,l18,38,0.0005,0.25641903653740883,0.8435677289962769,0.9835264553957839,0.7205591291439881,1.9520172474518278,0.12118642537187796,0.7970691323280334,1.0370405912399292
h256_wd0.01_s0,l18,39,0.0005,0.22720354185862976,0.8220005631446838,0.9891262196162378,0.7185799109351807,1.9405252667365338,0.1195599544274739,0.802993893623352,1.0795263051986694
h256_wd0.01_s0,l18,40,0.0005,0.2244015085426244,0.8159767389297485,0.987388896644795,0.7198169223156853,1.7500747315967018,0.09596593182623493,0.8091546893119812,1.1224204301834106
h256_wd0.01_s0,l18,41,0.0005,0.2575264105742628,0.8287686109542847,0.9882420463182714,0.7204354280059376,2.3507298243295423,0.12715570723486128,0.8149517178535461,1.1558417081832886
h256_wd0.01_s0,l18,42,0.0005,0.25559715723449533,0.8733096718788147,0.9868459832162191,0.7147451756556159,2.319625748894294,0.11886491049925386,0.821229100227356,1.1809461116790771
h256_wd0.01_s0,l18,43,0.0005,0.2555423710833896,0.9617875218391418,0.9909798811795183,0.7227857496288965,2.4296571623572607,0.12344574211181762,0.8284182548522949,1.2040114402770996
h256_wd0.01_s0,l18,44,0.0005,0.22621390358968216,0.8785712122917175,0.9867451564366264,0.7288471053933697,2.0514442304867626,0.10658906574701166,0.8346246480941772,1.245598554611206
h256_wd0.01_s0,l18,45,0.0005,0.21578819101507013,0.9009642004966736,0.992143267097895,0.7324344383968333,2.191801027916872,0.10607855571589804,0.8408835530281067,1.2910168170928955
h256_wd0.01_s0,l18,46,0.0005,0.26236613365736877,0.8587082028388977,0.9885600384692943,0.7175903018307768,3.1863182493608733,0.13405574769762582,0.847287118434906,1.314159870147705
h256_wd0.01_s0,l18,47,0.0005,0.24026553332805634,0.8578519821166992,0.9915770859509516,0.7196932211776348,2.2196913614842315,0.11477066461940066,0.8533920049667358,1.3411216735839844
h256_wd0.01_s0,l18,48,0.0005,0.22792713411829688,0.8426638245582581,0.9943614562489336,0.7243938644235526,2.291500977209317,0.11377673242766502,0.8595138788223267,1.377978801727295
h256_wd0.01_s0,l18,49,0.0005,0.22229709069837222,0.8700344562530518,0.9925931096530008,0.7167243938644235,2.5058307610945474,0.10863548330391536,0.8650020956993103,1.41193687915802
h256_wd0.01_s0,l18,50,0.0005,0.2024531035938046,0.9429781436920166,0.9966494485550748,0.723156853043048,2.276454328222521,0.08867184037655683,0.8701555132865906,1.4447251558303833
h256_wd0.01_s0,l18,51,0.0005,0.17443801123987546,1.027007818222046,0.9945475979958739,0.7214250371103414,2.2169378489700593,0.10244969049001812,0.8754823803901672,1.4865628480911255
h256_wd0.01_s0,l18,52,0.0005,0.22886788100004196,0.9345763325691223,0.9953464563264927,0.7154873824839189,3.4473107457746655,0.12188104081010821,0.8811079859733582,1.505699634552002
h256_wd0.01_s0,l18,53,0.0005,0.18006525188684464,1.0381336212158203,0.9966184249305847,0.7261256803562592,2.255375617166272,0.07958923004231813,0.8863232731819153,1.5416828393936157
h256_wd0.01_s0,l18,54,0.0005,0.16413166069171645,1.1389446258544922,0.995897125661191,0.7205591291439882,2.0626055323126073,0.08280334414564201,0.8909437656402588,1.5828386545181274
h256_wd0.01_s0,l18,55,0.0005,0.14654795690016312,1.1706148386001587,0.9974017714489584,0.7213013359722908,2.5067821583598175,0.07803831179499424,0.8955075740814209,1.621308445930481
h256_wd0.01_s0,l18,56,0.0005,0.16683218323371626,1.1458286046981812,0.9947880310856717,0.7183325086590798,2.9217482173364147,0.08719729211638215,0.8992407321929932,1.6428337097167969
h256_wd0.01_s0,l18,57,0.0005,0.22649191082878548,1.096874713897705,0.9954627949183303,0.7175903018307768,3.540826230915863,0.10320481866352722,0.9040902853012085,1.6468781232833862
h256_wd0.01_s0,l18,58,0.0005,0.1539058123122562,1.165750503540039,0.9942140940326059,0.7180851063829787,2.3379867597293353,0.0750480190870736,0.9087660312652588,1.667168140411377
h256_wd0.01_s0,l18,59,0.0005,0.18645570833574643,1.1305104494094849,0.9971613383591604,0.7203117268678871,2.951147408471176,0.08983966436604424,0.913886308670044,1.6918731927871704
h256_wd0.01_s0,l18,60,0.0005,0.18973496624014594,1.1320351362228394,0.9982006297795771,0.7195695200395844,3.368346850565079,0.08991879900038935,0.9183003306388855,1.7012338638305664
h256_wd0.01_s0,l18,61,0.0005,0.1457890902053226,1.2582236528396606,0.9980377557510043,0.7194458189015339,2.4019328103795767,0.07396672907191763,0.9220786690711975,1.7233766317367554
h256_wd0.01_s0,l18,62,0.0005,0.14767869307913564,1.0580178499221802,0.9991623621387686,0.7205591291439881,2.714075746308792,0.06898447712849125,0.926084041595459,1.742042899131775
h256_wd0.01_s0,l18,63,0.0005,0.12218739735809239,1.1916440725326538,0.9982626770285573,0.7283523008411679,2.4999952007603152,0.07390597738992968,0.9295718669891357,1.7651913166046143
h256_wd0.01_s0,l18,64,0.0005,0.12866745381192726,1.1723941564559937,0.9989684644857059,0.722662048490846,2.505576126053187,0.0741968184808503,0.9334309697151184,1.7963149547576904
h256_wd0.01_s0,l18,65,0.0005,0.12177489799532024,1.1578176021575928,0.9994338188530567,0.724764967837704,2.2289952945476625,0.07049572747836608,0.9365914463996887,1.8263012170791626
