unit,fold,epoch,lr,train_loss,val_loss,train_auc,val_auc,grad_net,grad_head,move_net,move_head
h256_wd1e-05_s1,o0,1,0.0005,0.7175566459956922,0.6864755153656006,0.6443245106593845,0.6388698630136985,1.0756377343602441,0.29557378657016775,0.22107093036174774,0.03320654481649399
h256_wd1e-05_s1,o0,2,0.0005,0.6759496644923562,0.6734479665756226,0.7320018528692541,0.6789383561643835,0.8315516983735626,0.25564086326109525,0.26651445031166077,0.04023047164082527
h256_wd1e-05_s1,o0,3,0.0005,0.6519345327427513,0.6623916029930115,0.7626172855465425,0.6801369863013699,0.8425974651974593,0.28168761219138855,0.29646578431129456,0.03563205525279045
h256_wd1e-05_s1,o0,4,0.0005,0.6550129150089464,0.6716547608375549,0.7742408083680746,0.6582191780821917,1.1089316508253138,0.3488655780499032,0.324993371963501,0.03722301498055458
h256_wd1e-05_s1,o0,5,0.0005,0.6175546175555179,0.6469733715057373,0.7965506468883646,0.6801369863013699,0.880604221950924,0.25111382720523096,0.3550224006175995,0.03529255464673042
h256_wd1e-05_s1,o0,6,0.0005,0.607807971929249,0.6916124820709229,0.7910674465953528,0.7142123287671233,1.2334904234481925,0.3595733785630982,0.38274750113487244,0.04056357592344284
h256_wd1e-05_s1,o0,7,0.0005,0.6234718765083113,0.7014203667640686,0.808066444753256,0.6818493150684931,1.5381969040301324,0.4371108807204929,0.4111035466194153,0.044289544224739075
h256_wd1e-05_s1,o0,8,0.0005,0.5888823129628834,0.6271975636482239,0.8414288638248824,0.7263698630136985,1.260172789834178,0.34288105929980955,0.43549710512161255,0.04581161588430405
h256_wd1e-05_s1,o0,9,0.0005,0.5523200317433006,0.6199919581413269,0.8492066056943413,0.7191780821917809,1.1227923273582538,0.3207043380394339,0.45976167917251587,0.052325423806905746
h256_wd1e-05_s1,o0,10,0.0005,0.5221372152629652,0.6805237531661987,0.8497667754688729,0.7147260273972602,1.2672717516161904,0.32484740184805483,0.48375630378723145,0.06925704330205917
h256_wd1e-05_s1,o0,11,0.0005,0.5556956372762981,0.6307664513587952,0.873315450990531,0.7530821917808219,1.7351412052447994,0.43858371268700647,0.5065966844558716,0.07272392511367798
h256_wd1e-05_s1,o0,12,0.0005,0.5671457930615074,0.5899489521980286,0.8860593133611264,0.7508561643835616,1.843133180735425,0.4670381581260249,0.5290886163711548,0.07179489731788635
h256_wd1e-05_s1,o0,13,0.0005,0.518495471853959,0.5908476114273071,0.8931045255254286,0.7541095890410959,1.250335372371231,0.3314573636387576,0.5498723387718201,0.07533397525548935
h256_wd1e-05_s1,o0,14,0.0005,0.47056767815037776,0.5934535264968872,0.8968210365295328,0.7577054794520548,1.097371789053686,0.2819625281600844,0.57036292552948,0.09883587062358856
h256_wd1e-05_s1,o0,15,0.0005,0.4797149222148092,0.5963560342788696,0.9061392452789538,0.7537671232876713,1.437034690629082,0.3020422415499581,0.589531660079956,0.11499463766813278
h256_wd1e-05_s1,o0,16,0.0005,0.45860095086850616,0.6031525135040283,0.9138846696614206,0.7542808219178082,1.2067211203182155,0.27432574717046493,0.6078236103057861,0.13286955654621124
h256_wd1e-05_s1,o0,17,0.0005,0.4323577849488509,0.6666187644004822,0.9162330737161878,0.7506849315068493,1.2325312685446288,0.2786350918349137,0.6264208555221558,0.1592831164598465
h256_wd1e-05_s1,o0,18,0.0005,0.44150326597063166,0.6704168319702148,0.9206174794514645,0.7501712328767123,1.5689690252433697,0.27042282381677124,0.6444899439811707,0.1743486076593399
h256_wd1e-05_s1,o0,19,0.0005,0.4279326137743498,0.5928823351860046,0.936129873207726,0.7633561643835616,1.511744181220994,0.26762378586891566,0.6626821160316467,0.19078700244426727
h256_wd1e-05_s1,o0,20,0.0005,0.41445132462601914,0.6844553351402283,0.9386937271757748,0.7580479452054794,1.6108059257592167,0.28460319435962456,0.6795207858085632,0.21212156116962433
h256_wd1e-05_s1,o0,21,0.0005,0.390362212532445,0.5972378253936768,0.9467300089411714,0.7647260273972603,1.454999262726882,0.22745719930068517,0.6940433382987976,0.23372329771518707
h256_wd1e-05_s1,o0,22,0.0005,0.36826622093978684,0.6838911175727844,0.948195068351485,0.7801369863013699,1.4537994685086584,0.24744486492164955,0.7086054682731628,0.26155680418014526
h256_wd1e-05_s1,o0,23,0.0005,0.37621076169766876,0.6382396221160889,0.9577394995098515,0.7667808219178082,1.7613382746469204,0.2652738532223163,0.7247689366340637,0.27821084856987
h256_wd1e-05_s1,o0,24,0.0005,0.35843847064595474,0.5793567895889282,0.9628348899589568,0.7763698630136986,1.6652232765536568,0.24637681160912114,0.7407010793685913,0.2969645857810974
h256_wd1e-05_s1,o0,25,0.0005,0.3358164547305358,0.5777885317802429,0.9663898135281,0.772945205479452,1.4524291480983884,0.23749785739361684,0.754859983921051,0.32677245140075684
h256_wd1e-05_s1,o0,26,0.0005,0.3301861152837151,0.6123907566070557,0.9681565028170076,0.7722602739726027,1.5100291234617707,0.222027088594439,0.7683992981910706,0.3518039286136627
h256_wd1e-05_s1,o0,27,0.0005,0.3619735248778996,0.5648254156112671,0.9683827252259531,0.7851027397260274,2.2223920200809157,0.30840249982843143,0.7827640771865845,0.36741697788238525
h256_wd1e-05_s1,o0,28,0.0005,0.29907674695316117,0.6202674508094788,0.9746738626937703,0.7679794520547945,1.4948476254381482,0.214527580993793,0.7958652377128601,0.3918677866458893
h256_wd1e-05_s1,o0,29,0.0005,0.34937913402130727,0.5849642157554626,0.9771084467138502,0.7758561643835615,2.3552563580981536,0.3054692216012589,0.809742271900177,0.40735578536987305
h256_wd1e-05_s1,o0,30,0.0005,0.27407300942822505,0.6063511967658997,0.9793275808206487,0.7770547945205479,1.5066328214265579,0.21435626992702272,0.8222234845161438,0.43415141105651855
h256_wd1e-05_s1,o0,31,0.0005,0.2977650745918876,0.6727442741394043,0.9832703142336986,0.7674657534246576,1.7762800599062154,0.20738181531739613,0.8341363668441772,0.45973435044288635
h256_wd1e-05_s1,o0,32,0.0005,0.28043628601651444,0.7422138452529907,0.9821607471802992,0.761472602739726,1.9523455611483562,0.22029068191594897,0.8462782502174377,0.4848015606403351
h256_wd1e-05_s1,o0,33,0.0005,0.2540205685715926,0.6484425067901611,0.9887750595180387,0.7690068493150685,1.8456974970988085,0.19506506961429074,0.8571889996528625,0.5055804252624512
h256_wd1e-05_s1,o0,34,0.0005,0.25078394695332173,0.6634944081306458,0.9903909338676492,0.7736301369863013,1.8995702630700706,0.19634900986544035,0.8678475618362427,0.5277631878852844
h256_wd1e-05_s1,o0,35,0.0005,0.25648719935040726,0.6652452945709229,0.9916944058430015,0.7595890410958903,2.1774052763525416,0.20746326386704242,0.8795124292373657,0.5504946112632751
h256_wd1e-05_s1,o0,36,0.0005,0.23786934818092145,0.6827258467674255,0.9912850510077669,0.7727739726027397,1.9011343292215916,0.1985190891140913,0.8894631266593933,0.5761311054229736
h256_wd1e-05_s1,o0,37,0.0005,0.21441733484205447,0.8481855392456055,0.9880748472998739,0.741095890410959,1.5999546931811317,0.15954817814698102,0.8993002772331238,0.603990912437439
h256_wd1e-05_s1,o0,38,0.0005,0.22929820183076358,0.7502862215042114,0.9925777504874556,0.7683219178082191,2.1392005670879386,0.1774926436473432,0.9102302193641663,0.6269227862358093
h256_wd1e-05_s1,o0,39,0.0005,0.210987283995277,0.7833794951438904,0.9948938370552305,0.7549657534246574,2.3365197628180785,0.19177030007180276,0.920903742313385,0.6495652794837952
h256_wd1e-05_s1,o0,40,0.0005,0.22018911336597644,0.7202118635177612,0.9951631494468324,0.7626712328767123,1.9165255899999172,0.15903335800314558,0.931320309638977,0.6675814390182495
h256_wd1e-05_s1,o0,41,0.0005,0.21540682645220505,0.8888923525810242,0.9954109168471059,0.7708904109589041,2.265948794921981,0.18160451290719423,0.9405016303062439,0.6935386061668396
h256_wd1e-05_s1,o0,42,0.0005,0.2860281734090102,0.7682805061340332,0.9937088625321828,0.760958904109589,3.209208745015065,0.26861935589729985,0.9519138932228088,0.6907067894935608
h256_wd1e-05_s1,o0,43,0.0005,0.3407043253904895,0.6917667984962463,0.9962727165002316,0.763013698630137,3.7905761933871323,0.3244555574756603,0.9642069935798645,0.6785942316055298
h256_wd1e-05_s1,o0,44,0.0005,0.2705705358009589,0.7194817066192627,0.9966066638658178,0.759417808219178,2.775469884326843,0.23793930636122723,0.9762241244316101,0.6734450459480286
h256_wd1e-05_s1,o0,45,0.0005,0.18517916649580002,0.9608911275863647,0.9934503226362452,0.7659246575342465,1.5779218003418618,0.14551769374381318,0.9845051765441895,0.6956827640533447
h256_wd1e-05_s1,o0,46,0.0005,0.2088388377114346,0.7544084191322327,0.9971129711620291,0.7650684931506849,1.846513497654068,0.15758189871291464,0.9924848079681396,0.7140820622444153
h256_wd1e-05_s1,o0,47,0.0005,0.19723523917951083,0.8746527433395386,0.9964989389091771,0.7628424657534246,2.399315964711885,0.1704623523607066,1.0004000663757324,0.7416627407073975
h256_wd1e-05_s1,o1,1,0.0005,0.7104978341805307,0.6808547377586365,0.6775145698003857,0.6172945205479452,0.9655081786911138,0.27605576596994363,0.22096814215183258,0.029127243906259537
h256_wd1e-05_s1,o1,2,0.0005,0.6785155534744263,0.6748452186584473,0.6987040687716124,0.6330479452054795,0.8267030571791997,0.2516501774974051,0.2647968530654907,0.034355469048023224
h256_wd1e-05_s1,o1,3,0.0005,0.6611171364784241,0.6818913221359253,0.7059755033448599,0.6306506849315069,0.9594588152048522,0.30421545417940027,0.2932868003845215,0.030728371813893318
h256_wd1e-05_s1,o1,4,0.0005,0.679081634471291,0.6632367372512817,0.7687576080750627,0.6957191780821917,1.1832305669424754,0.36705937760326,0.31860053539276123,0.03942512720823288
h256_wd1e-05_s1,o1,5,0.0005,0.6340332439071253,0.6496334075927734,0.7837313770481208,0.6955479452054795,0.7146279303271594,0.20803558225794141,0.3428800702095032,0.03526183217763901
h256_wd1e-05_s1,o1,6,0.0005,0.611520600946326,0.6578320264816284,0.786683040860076,0.6816780821917808,0.8015728985593888,0.2465656342492871,0.3694953918457031,0.03406238928437233
h256_wd1e-05_s1,o1,7,0.0005,0.612339437007904,0.6470577120780945,0.8281463766710834,0.7027397260273973,1.1974188348045816,0.3376130284129509,0.3992334306240082,0.03963411599397659
h256_wd1e-05_s1,o1,8,0.0005,0.6170830350173148,0.6329862475395203,0.839091232265779,0.7032534246575342,1.1566395920018706,0.31607433553460984,0.4247296452522278,0.04427458718419075
h256_wd1e-05_s1,o1,9,0.0005,0.5736542375464189,0.6188808679580688,0.8524168094022342,0.7133561643835618,0.9675651780438584,0.25056419548509923,0.45179322361946106,0.06014326214790344
h256_wd1e-05_s1,o1,10,0.0005,0.5486011222789162,0.7154037356376648,0.8492927856596538,0.7035958904109589,1.1174355410470553,0.289691003128218,0.475762277841568,0.08213397115468979
h256_wd1e-05_s1,o1,11,0.0005,0.5666788016494951,0.6298600435256958,0.865526936625408,0.7138698630136987,1.434728046128363,0.3311833095397147,0.49995845556259155,0.09379757195711136
h256_wd1e-05_s1,o1,12,0.0005,0.5459810777714378,0.6249210834503174,0.8868887955272599,0.7188356164383561,1.573193013570767,0.3685985674552693,0.5218231678009033,0.10661245137453079
h256_wd1e-05_s1,o1,13,0.0005,0.5017803781910947,0.6165858507156372,0.8956360620064849,0.7215753424657534,1.2791626084913363,0.30597809725172254,0.5430116653442383,0.12488594651222229
h256_wd1e-05_s1,o1,14,0.0005,0.4849527525274377,0.6378023028373718,0.9063870126792273,0.7200342465753424,1.224005578594126,0.27024536140590927,0.5622279047966003,0.1601407378911972
h256_wd1e-05_s1,o1,15,0.0005,0.4697947360967335,0.7116167545318604,0.9157806288982968,0.7207191780821917,1.283913193712669,0.26209391747351907,0.5815567970275879,0.18156640231609344
h256_wd1e-05_s1,o1,16,0.0005,0.4883603767344826,0.7049269080162048,0.9274687866938134,0.7113013698630137,1.907147972490932,0.37374514583625645,0.6014549136161804,0.19731885194778442
h256_wd1e-05_s1,o1,17,0.0005,0.4524854954920317,0.6489323377609253,0.9269301619106098,0.7147260273972602,1.3869311268409206,0.26587032204623734,0.620054304599762,0.22074531018733978
h256_wd1e-05_s1,o1,18,0.0005,0.42071249610499334,0.6541128754615784,0.9359790582684291,0.7179794520547945,1.3314622775245442,0.24619797890729522,0.637566328048706,0.25036385655403137
h256_wd1e-05_s1,o1,19,0.0005,0.4041553265170047,0.6765336394309998,0.9464068340712493,0.7198630136986301,1.417750475402551,0.23491419534863495,0.6523109674453735,0.2815140187740326
h256_wd1e-05_s1,o1,20,0.0005,0.40382574577080577,0.6392847299575806,0.9551971905331309,0.7193493150684931,1.7312109563993572,0.2671321070050907,0.668531596660614,0.3142595589160919
h256_wd1e-05_s1,o1,21,0.0005,0.3663315937707299,0.7982081174850464,0.957987266910125,0.7198630136986301,1.572614280193311,0.23675739583806485,0.6843323707580566,0.34995806217193604
h256_wd1e-05_s1,o1,22,0.0005,0.39221517349544327,0.7458775043487549,0.9667883958676706,0.7080479452054794,1.9451468252596227,0.24941633045655842,0.6977902054786682,0.37237748503685
h256_wd1e-05_s1,o1,23,0.0005,0.37388887060315984,0.6802941560745239,0.966691443406694,0.7049657534246575,1.8198378413627327,0.21921646602608388,0.71295166015625,0.39330974221229553
h256_wd1e-05_s1,o1,24,0.0005,0.3176687289225428,0.7225586175918579,0.9697077421926338,0.7125,1.4354113394753418,0.19984196023591508,0.7271438241004944,0.4296916723251343
h256_wd1e-05_s1,o1,25,0.0005,0.29734775894566584,0.7005409002304077,0.9771515366965066,0.7118150684931508,1.667188954257439,0.19731096474353776,0.740591287612915,0.46824586391448975
h256_wd1e-05_s1,o1,26,0.0005,0.29901004386575597,0.9731327891349792,0.9762897370433808,0.7172945205479452,1.6212248379820506,0.1962097474180934,0.7540279030799866,0.5046378970146179
h256_wd1e-05_s1,o1,27,0.0005,0.36684945617851455,0.7339163422584534,0.9763866895043575,0.7068493150684931,2.8631996166027434,0.2564066433472834,0.7687790989875793,0.5145483016967773
h256_wd1e-05_s1,o1,28,0.0005,0.31593468314722967,0.733714759349823,0.9848000086179965,0.7236301369863014,1.907808022213105,0.1899295838825216,0.7822637557983398,0.5376125574111938
h256_wd1e-05_s1,o1,29,0.0005,0.24586960908613706,0.7947158813476562,0.9858988031757318,0.7203767123287672,1.7182003642666932,0.17674504025374538,0.7941181063652039,0.5750343203544617
h256_wd1e-05_s1,o1,30,0.0005,0.2642330644946349,0.7347773909568787,0.9919314007476112,0.7089041095890412,2.128992429434659,0.1818018885488708,0.8053312301635742,0.6057643294334412
h256_wd1e-05_s1,o1,31,0.0005,0.24433672114422447,0.8094687461853027,0.990671018754915,0.7198630136986301,1.534757185136769,0.15617486042714915,0.8156812787055969,0.636674165725708
h256_wd1e-05_s1,o1,32,0.0005,0.230492690676137,0.8116627335548401,0.9935041851145655,0.708904109589041,1.8066334008285359,0.15090655859081428,0.8242575526237488,0.667472243309021
h256_wd1e-05_s1,o1,33,0.0005,0.23836234996193334,0.7642577886581421,0.995432461838434,0.7150684931506849,2.354001180536375,0.19531302028953057,0.8352936506271362,0.6934884190559387
h256_wd1e-05_s1,o1,34,0.0005,0.2136139712835613,0.8448625802993774,0.995098514472848,0.7041095890410958,1.9409800247258453,0.15871459315364622,0.8449325561523438,0.7221284508705139
h256_wd1e-05_s1,o1,35,0.0005,0.20923760768614316,0.8396421074867249,0.9966605263441382,0.7116438356164384,2.0939404757808444,0.14062512559913257,0.853986382484436,0.7509177923202515
h256_wd1e-05_s1,o1,36,0.0005,0.20602700937735408,0.8183361291885376,0.997393056049295,0.7095890410958904,2.089834318993886,0.15232881825854022,0.8630909323692322,0.7790881395339966
h256_wd1e-05_s1,o1,37,0.0005,0.22629530453368238,0.8572171330451965,0.9965204839005053,0.7166095890410958,2.3991231392019237,0.15730479088747473,0.8716461062431335,0.7986711263656616
h256_wd1e-05_s1,o1,38,0.0005,0.21666774937981054,0.9375571608543396,0.995249329412145,0.7195205479452055,2.0217098740220947,0.14920332909237305,0.8809634447097778,0.8228338360786438
h256_wd1e-05_s1,o1,39,0.0005,0.2762638502999356,0.7995227575302124,0.9978131833801938,0.7089041095890412,3.23527792294678,0.20534795827656588,0.8904709219932556,0.8278863430023193
h256_wd1e-05_s1,o1,40,0.0005,0.2524764490754981,1.116973638534546,0.9975654159799201,0.7051369863013698,2.845157069263256,0.2013163195025975,0.8997483849525452,0.8431054353713989
h256_wd1e-05_s1,o1,41,0.0005,0.27089215422931473,0.8140672445297241,0.9973499660666387,0.7077054794520548,3.3581332385003626,0.2146085723490303,0.9098923206329346,0.8363683223724365
h256_wd1e-05_s1,o1,42,0.0005,0.19972796189157585,0.8451979160308838,0.9978024108845296,0.711986301369863,1.8062884396347523,0.14393656911656252,0.9190770983695984,0.8648154735565186
h256_wd1e-05_s1,o1,43,0.0005,0.23200327138367452,0.7644367814064026,0.9983841256503895,0.7179794520547945,2.4364310922267043,0.19916685768172301,0.9272507429122925,0.8891475200653076
h256_wd1e-05_s1,o1,44,0.0005,0.20201590147457624,0.8899447321891785,0.9980932682674595,0.7133561643835616,2.278658168084853,0.16340336894080343,0.9343759417533875,0.9184780120849609
h256_wd1e-05_s1,o1,45,0.0005,0.1994979428617578,0.8706880211830139,0.9977593209018734,0.7178082191780822,2.311154315111197,0.14613847583935574,0.9416859149932861,0.9393046498298645
h256_wd1e-05_s1,o1,46,0.0005,0.18465073289055572,0.8790773153305054,0.9984272156330457,0.7215753424657534,2.1619919480846215,0.13274125739888015,0.9487007856369019,0.9708489179611206
h256_wd1e-05_s1,o1,47,0.0005,0.17033417915043078,0.890765905380249,0.9989658404162493,0.713527397260274,2.424091432138438,0.1306090184518242,0.9550416469573975,0.9999978542327881
h256_wd1e-05_s1,o1,48,0.0005,0.1850604148287522,0.8797897696495056,0.998922750433593,0.7195205479452055,2.4999560879487093,0.13352068501679284,0.9620057940483093,1.021014928817749
h256_wd1e-05_s1,o2,1,0.0005,0.710716586363943,0.682921290397644,0.6766096801646037,0.6123287671232877,0.9431911133294297,0.3131094517344584,0.21972616016864777,0.027121232822537422
h256_wd1e-05_s1,o2,2,0.0005,0.6716834871392501,0.6761473417282104,0.7109954863243167,0.6452054794520548,0.7135397365000223,0.26141667522950496,0.2639634311199188,0.027522306889295578
h256_wd1e-05_s1,o2,3,0.0005,0.6604115021856207,0.6679425835609436,0.7377866830408601,0.660958904109589,0.971536719901579,0.3829140299010954,0.2910001873970032,0.026801705360412598
h256_wd1e-05_s1,o2,4,0.0005,0.6562509223034507,0.6534221172332764,0.7848086266145277,0.7083904109589041,1.010000489258661,0.3664476198864081,0.3127953112125397,0.02976398542523384
h256_wd1e-05_s1,o2,5,0.0005,0.6272817442291662,0.6430296301841736,0.7993730407523512,0.7104452054794521,0.8125695242073687,0.2809533402354172,0.33872315287590027,0.029141336679458618
h256_wd1e-05_s1,o2,6,0.0005,0.5931963920593262,0.6464929580688477,0.807764814874662,0.6958904109589041,0.8534148417418461,0.28950193661296364,0.3661917746067047,0.04078291729092598
h256_wd1e-05_s1,o2,7,0.0005,0.6227864905407554,0.7087190747261047,0.8231802561699468,0.7082191780821918,1.4582462988076033,0.4941438014099681,0.39245545864105225,0.04857146739959717
h256_wd1e-05_s1,o2,8,0.0005,0.605628063804225,0.63987797498703,0.8480000861799653,0.7118150684931507,1.2741783029222715,0.401592509393328,0.4156556725502014,0.04685961455106735
h256_wd1e-05_s1,o2,9,0.0005,0.5694113844319394,0.6198123693466187,0.8591388466966142,0.7200342465753423,1.1976338648159643,0.3930840049550888,0.4384681284427643,0.056837763637304306
h256_wd1e-05_s1,o2,10,0.0005,0.5116619201082933,0.713012158870697,0.8637279298495084,0.7191780821917808,1.0569855974023856,0.338470440294772,0.461845338344574,0.08166580647230148
h256_wd1e-05_s1,o2,11,0.0005,0.5610501389754446,0.6672433018684387,0.8704822846308804,0.7068493150684931,1.8122556692494685,0.5571059228062313,0.48262226581573486,0.08958087861537933
h256_wd1e-05_s1,o2,12,0.0005,0.5527753328022204,0.6149035096168518,0.8945695849357421,0.7220890410958903,1.4556960901881424,0.40213545977295995,0.5010722875595093,0.09187008440494537
h256_wd1e-05_s1,o2,13,0.0005,0.4957158142014554,0.6436090469360352,0.8969395339818375,0.720890410958904,1.2190992806888215,0.3215112000185166,0.5208107829093933,0.11302227526903152
h256_wd1e-05_s1,o2,14,0.0005,0.4901681197317023,0.6239654421806335,0.9066455525751651,0.7222602739726027,1.4420436722129746,0.3335540520519233,0.5390786528587341,0.1337173730134964
h256_wd1e-05_s1,o2,15,0.0005,0.526206131044187,0.6270526051521301,0.917019465899665,0.7191780821917807,1.5571957243193288,0.39335074084662675,0.5576280355453491,0.1315516084432602
h256_wd1e-05_s1,o2,16,0.0005,0.4519966621147959,0.6341980695724487,0.9179997630050956,0.7241438356164384,1.0611572816158916,0.2765203427376855,0.575543999671936,0.1576155722141266
h256_wd1e-05_s1,o2,17,0.0005,0.44142020062396403,0.6510023474693298,0.9218239989658404,0.726027397260274,1.375581721404044,0.31473168633124243,0.5918449759483337,0.18482635915279388
h256_wd1e-05_s1,o2,18,0.0005,0.4409741351478978,0.6643768548965454,0.9308082603496753,0.7248287671232877,1.4032784213476557,0.2867114016465704,0.6081785559654236,0.20470063388347626
h256_wd1e-05_s1,o2,19,0.0005,0.4390910252144462,0.6577770709991455,0.9348802637106939,0.7219178082191781,1.6278650149807607,0.2702672361280312,0.6240918040275574,0.2203853726387024
h256_wd1e-05_s1,o2,20,0.0005,0.39775977479784114,0.6580302715301514,0.942851910502106,0.7164383561643834,1.4491088355717936,0.27826384022667805,0.6390519142150879,0.24469155073165894
h256_wd1e-05_s1,o2,21,0.0005,0.38849832117557526,0.6872526407241821,0.9460405692186709,0.7179794520547945,1.6698002309068536,0.26163592395060614,0.6527870297431946,0.27376627922058105
h256_wd1e-05_s1,o2,22,0.0005,0.4239666054123326,0.7303191423416138,0.9553156879854358,0.7154109589041096,1.9559277888159137,0.328955500463445,0.6689292788505554,0.2766973674297333
h256_wd1e-05_s1,o2,23,0.0005,0.370313446772726,0.6820168495178223,0.9514483620420343,0.7159246575342466,1.6255453153423356,0.28702069312034406,0.6838319301605225,0.2994462549686432
h256_wd1e-05_s1,o2,24,0.0005,0.35806846069662196,0.7697586417198181,0.9592368764071573,0.7046232876712327,1.6273408543286016,0.2762641789401944,0.6958036422729492,0.3203504681587219
h256_wd1e-05_s1,o2,25,0.0005,0.3586488648464805,0.7583017945289612,0.9667560783806785,0.7136986301369863,1.8170046928093797,0.2823911997807539,0.7077844738960266,0.3448796272277832
h256_wd1e-05_s1,o2,26,0.0005,0.3446683162137082,0.7013024091720581,0.9654956963879822,0.7116438356164384,1.8076317662961083,0.245673848498894,0.7204045057296753,0.3596509099006653
h256_wd1e-05_s1,o2,27,0.0005,0.3178218556077857,0.7278802394866943,0.9718514688297838,0.7080479452054794,1.4467102750158427,0.19813147270849346,0.731259286403656,0.3892376124858856
h256_wd1e-05_s1,o2,28,0.0005,0.2958293925774725,0.7337355017662048,0.9756326148078726,0.7101027397260273,1.6197507050863453,0.20551804618814754,0.7416045665740967,0.4184741675853729
h256_wd1e-05_s1,o2,29,0.0005,0.29869602071611506,0.765058159828186,0.9773131241314676,0.7049657534246575,1.8779222436525955,0.23070271746629467,0.7522442936897278,0.4501853287220001
h256_wd1e-05_s1,o2,30,0.0005,0.30202460132147135,0.7587884068489075,0.9783796012022106,0.7111301369863013,1.791722014887368,0.20839419441379187,0.7637893557548523,0.47155672311782837
h256_wd1e-05_s1,o2,31,0.0005,0.2941862250629224,0.799752950668335,0.9827747794331513,0.7054794520547945,1.8312410075351047,0.21275625348554908,0.7747707366943359,0.4975229799747467
h256_wd1e-05_s1,o2,32,0.0005,0.3010351650024715,0.803518533706665,0.9832595417380345,0.7075342465753425,2.3563550008263854,0.27262154691881707,0.7865869402885437,0.5112558603286743
h256_wd1e-05_s1,o2,33,0.0005,0.2657216489315033,0.9979385733604431,0.9777763414450226,0.7097602739726028,2.021967302967222,0.21470109467260495,0.7980974912643433,0.5352197289466858
h256_wd1e-05_s1,o2,34,0.0005,0.30745446603549154,0.8497868180274963,0.9883333871958117,0.6984589041095891,2.7135793545069604,0.24982238664081022,0.8094097375869751,0.5411545038223267
h256_wd1e-05_s1,o2,35,0.0005,0.2969781646603032,0.8159693479537964,0.9870406877161231,0.7035958904109589,2.591514819552925,0.24043563663070602,0.8209919929504395,0.5512047410011292
h256_wd1e-05_s1,o2,36,0.0005,0.21651563636566462,0.8434677720069885,0.988548837109093,0.7030821917808219,1.634997970090893,0.19274747467002498,0.8306531310081482,0.5816822052001953
h256_wd1e-05_s1,o2,37,0.0005,0.2500104190487611,0.8893208503723145,0.9926100679744476,0.6988013698630138,2.451494895160679,0.2159100370092287,0.8395472764968872,0.6065280437469482
h256_wd1e-05_s1,o3,1,0.0005,0.7139140869441786,0.6755478978157043,0.7031854269678657,0.6876712328767123,0.9378716778297288,0.2685938789158624,0.2190958708524704,0.02805052138864994
h256_wd1e-05_s1,o3,2,0.0005,0.6700158872102436,0.6635990142822266,0.7317971754516368,0.6952054794520547,0.7177813604035449,0.22270316030041126,0.2641557455062866,0.03074602596461773
h256_wd1e-05_s1,o3,3,0.0005,0.6704783314152768,0.6774077415466309,0.7324973876698015,0.6967465753424658,1.111331358505009,0.3700056866570969,0.2915518581867218,0.033834755420684814
h256_wd1e-05_s1,o3,4,0.0005,0.6739001556446678,0.655823826789856,0.7821909101681587,0.7147260273972602,1.027332121018517,0.35258689331837706,0.3156093955039978,0.0398450642824173
h256_wd1e-05_s1,o3,5,0.0005,0.6368307659500524,0.6409709453582764,0.7907119542384384,0.7236301369863014,0.7601497968889426,0.2397608330460222,0.3392522633075714,0.03940017893910408
h256_wd1e-05_s1,o3,6,0.0005,0.608555793762207,0.6916819214820862,0.7747471156642859,0.7126712328767123,0.8587955243327395,0.2627549402036912,0.36657047271728516,0.04490450397133827
h256_wd1e-05_s1,o3,7,0.0005,0.6301019379967138,0.632530689239502,0.8220706891165477,0.7306506849315069,1.2783534147527371,0.3856407368841662,0.39284229278564453,0.04973592609167099
h256_wd1e-05_s1,o3,8,0.0005,0.5827108386315798,0.6146485805511475,0.8333064020941732,0.7371575342465754,0.9398857716929061,0.2618323175757481,0.42039191722869873,0.055717241019010544
h256_wd1e-05_s1,o3,9,0.0005,0.5716957544025622,0.6205123662948608,0.8525460793502031,0.743835616438356,1.0801110147250477,0.3078027718132338,0.4468230605125427,0.06952391564846039
h256_wd1e-05_s1,o3,10,0.0005,0.5257067507819125,0.6981099843978882,0.861691928168999,0.7325342465753425,1.0821700740230509,0.3017286162149285,0.47318705916404724,0.09162097424268723
h256_wd1e-05_s1,o3,11,0.0005,0.5615124404430389,0.6005957126617432,0.8806946105204193,0.7438356164383562,1.5237630271124367,0.40499428381726627,0.4984911382198334,0.09760303050279617
h256_wd1e-05_s1,o3,12,0.0005,0.5032835790985509,0.5925060510635376,0.8855314610735869,0.7488013698630137,1.0220520628061487,0.2892728825222555,0.5225335359573364,0.11886117607355118
h256_wd1e-05_s1,o3,13,0.0005,0.4848568894361195,0.640157163143158,0.8943218175354684,0.7544520547945205,1.3241958927083526,0.3298072764646707,0.5459990501403809,0.14571785926818848
h256_wd1e-05_s1,o3,14,0.0005,0.4629428935678382,0.6003154516220093,0.9051266306865312,0.7549657534246575,1.2624448588552293,0.31950266113610976,0.5671991109848022,0.16992633044719696
h256_wd1e-05_s1,o3,15,0.0005,0.4591966396883914,0.6001225113868713,0.9247002553081473,0.7553082191780821,1.4448264110443136,0.2667669681773888,0.5880711078643799,0.1837717741727829
h256_wd1e-05_s1,o3,16,0.0005,0.4300065024902946,0.5926967263221741,0.9279320040073684,0.7589041095890411,1.162449752263413,0.22883032918446886,0.6077811121940613,0.2117340862751007
h256_wd1e-05_s1,o3,17,0.0005,0.4075850232651359,0.6395972967147827,0.9328658070215126,0.7422945205479452,1.1282731925650809,0.21772105505577935,0.6284871101379395,0.2480580359697342
h256_wd1e-05_s1,o3,18,0.0005,0.39683829169524343,0.7437331676483154,0.9320901873336995,0.7491438356164384,1.36551822966775,0.2480278494165519,0.6478801965713501,0.27426984906196594
h256_wd1e-05_s1,o3,19,0.0005,0.38493638760165166,0.6229392886161804,0.9531504163569574,0.7662671232876712,1.4283147400114713,0.2297530481868936,0.6653753519058228,0.2955484092235565
h256_wd1e-05_s1,o3,20,0.0005,0.3614655411557147,0.6179379820823669,0.9562313501168815,0.7621575342465753,1.4843619657115041,0.2519697319683316,0.6818732619285583,0.3223854899406433
h256_wd1e-05_s1,o3,21,0.0005,0.3598388582468033,0.774498462677002,0.9579010869448125,0.752054794520548,1.5390399074139647,0.24542806890605115,0.7008291482925415,0.35231101512908936
h256_wd1e-05_s1,o3,22,0.0005,0.34652025134939896,0.7232475280761719,0.9661959086061467,0.7573630136986301,1.528630980367794,0.22439674644575588,0.7184226512908936,0.3762405216693878
h256_wd1e-05_s1,o3,23,0.0005,0.3454793315184744,0.6690247654914856,0.9708496267330252,0.754623287671233,1.861146458631947,0.26840391032024313,0.7339963316917419,0.39690327644348145
h256_wd1e-05_s1,o3,24,0.0005,0.3066762670090324,0.6296204328536987,0.9786273686024841,0.7597602739726027,1.458171092689382,0.19105747494163794,0.7479445338249207,0.43074360489845276
h256_wd1e-05_s1,o3,25,0.0005,0.3227202711920989,0.6176959872245789,0.9812881750315094,0.7638698630136985,1.831648113068054,0.24059675793192847,0.7623798847198486,0.46339455246925354
h256_wd1e-05_s1,o3,26,0.0005,0.3300376997182244,0.6319637298583984,0.9771623091921706,0.7676369863013699,2.0126882027487123,0.253383330481681,0.7775795459747314,0.47764045000076294
h256_wd1e-05_s1,o3,27,0.0005,0.32946063421274485,0.6766312718391418,0.9843367913044414,0.7570205479452055,1.9525197564771128,0.2314569785074773,0.7919043302536011,0.49195292592048645
h256_wd1e-05_s1,o3,28,0.0005,0.2831628695130348,0.6704423427581787,0.9826024195025261,0.759417808219178,2.0075799539053407,0.21465224071604777,0.8051919937133789,0.5181156992912292
h256_wd1e-05_s1,o3,29,0.0005,0.2780585908576062,0.6387602686882019,0.9841213413911601,0.7671232876712328,1.6470672336736805,0.17974597032796708,0.8166830539703369,0.5483847260475159
h256_wd1e-05_s1,o3,30,0.0005,0.24937152940975993,0.6614862680435181,0.9879671223432333,0.7659246575342467,1.7011649768209323,0.1751569766768879,0.827720582485199,0.5788000226020813
h256_wd1e-05_s1,o3,31,0.0005,0.23469272922528417,0.6814128160476685,0.986717512846201,0.7664383561643835,1.3007489366639622,0.14601822694497943,0.8382589817047119,0.609765350818634
h256_wd1e-05_s1,o3,32,0.0005,0.25113707074993535,0.7255632281303406,0.9889581919443278,0.7635273972602739,2.1468085103309007,0.18866504224399944,0.849486768245697,0.6434032917022705
h256_wd1e-05_s1,o3,33,0.0005,0.27351994028216914,0.7119810581207275,0.9920068082172597,0.7611301369863013,2.4876984686345494,0.21312192126086116,0.8621711730957031,0.6517502069473267
h256_wd1e-05_s1,o3,34,0.0005,0.21258571430256493,0.733104407787323,0.9929978778183541,0.7660958904109588,1.7507730246482187,0.16962306228056367,0.8726809024810791,0.6699080467224121
h256_wd1e-05_s1,o3,35,0.0005,0.22311589004177795,0.7303318977355957,0.9909834211291729,0.7657534246575343,2.047607952719496,0.15955886555485302,0.8817753195762634,0.6954150199890137
h256_wd1e-05_s1,o3,36,0.0005,0.20442044342819013,0.7780817747116089,0.9949261545422228,0.7590753424657534,1.6898877940505244,0.1425379193272566,0.8910077810287476,0.7220465540885925
h256_wd1e-05_s1,o3,37,0.0005,0.18252941417066673,0.7777308821678162,0.9950231070031994,0.761472602739726,1.822278980798447,0.14042725744992104,0.8993307948112488,0.755737841129303
h256_wd1e-05_s1,o3,38,0.0005,0.2717640960687085,1.2027816772460938,0.9963696689612082,0.7554794520547945,3.310545972855905,0.23454433851345177,0.9094066619873047,0.7737593650817871
h256_wd1e-05_s1,o3,39,0.0005,0.3620902888084713,0.8991793990135193,0.9959172241433173,0.7539383561643835,3.7289439119579044,0.3152419887098084,0.923607349395752,0.7388201951980591
h256_wd1e-05_s1,o3,40,0.0005,0.23622498229930275,0.9216331243515015,0.9966605263441382,0.7565068493150685,2.3448553429224366,0.19043836209183415,0.9342401623725891,0.7447346448898315
h256_wd1e-05_s1,o3,41,0.0005,0.24603653503091713,1.059319257736206,0.9964773939178488,0.7469178082191781,2.556701866709647,0.2077479347175144,0.9444515109062195,0.7543544173240662
h256_wd1e-05_s1,o3,42,0.0005,0.23138066263575302,0.8145499229431152,0.9974253735362872,0.7601027397260274,2.185210002291502,0.1652981095943675,0.9550828337669373,0.7620140314102173
h256_wd1e-05_s1,o3,43,0.0005,0.1723198286796871,0.8626066446304321,0.9957664092040203,0.7556506849315068,1.720755154378448,0.12941175576925631,0.9618884325027466,0.7867280840873718
h256_wd1e-05_s1,o3,44,0.0005,0.15555412949700104,0.8498379588127136,0.9982764006937488,0.7535958904109589,1.9072017750938015,0.12810693295754927,0.9676978588104248,0.8093804121017456
h256_wd1e-05_s1,o3,45,0.0005,0.14983466895003067,0.841763973236084,0.9983733531547253,0.7575342465753424,1.7656234634415557,0.12738691310998926,0.9736660718917847,0.8367844820022583
h256_wd1e-05_s1,o3,46,0.0005,0.1830509018741156,0.8925890922546387,0.9985349405896865,0.7496575342465753,2.3365317356242032,0.13969558013237907,0.9801632761955261,0.8580984473228455
h256_wd1e-05_s1,o4,1,0.0005,0.7080010740380538,0.693069577217102,0.6654424398625429,0.5470890410958904,0.6466852975753788,0.20571793647508632,0.23070308566093445,0.0337396003305912
h256_wd1e-05_s1,o4,2,0.0005,0.6904745039186979,0.6860619783401489,0.7665700171821306,0.684931506849315,0.40611527188947855,0.13774250487359985,0.2696152329444885,0.042362309992313385
h256_wd1e-05_s1,o4,3,0.0005,0.684642421571832,0.678105354309082,0.7522766323024056,0.725,0.4049446954788068,0.13508586748712526,0.2822057604789734,0.0385097898542881
h256_wd1e-05_s1,o4,4,0.0005,0.6791219334853323,0.6685184836387634,0.7443621134020618,0.7248287671232877,0.44075886109587625,0.13818757255514424,0.29431605339050293,0.03499023616313934
h256_wd1e-05_s1,o4,5,0.0005,0.666751039655585,0.6621963381767273,0.7835158934707903,0.7097602739726027,0.5457671684105346,0.16443551375492446,0.30784353613853455,0.03468656912446022
h256_wd1e-05_s1,o4,6,0.0005,0.6445062756538391,0.6483561396598816,0.7774484536082473,0.7409246575342465,0.602234557488857,0.17488842479169892,0.32623404264450073,0.050757963210344315
h256_wd1e-05_s1,o4,7,0.0005,0.619796075318989,0.6496437191963196,0.8032646048109968,0.6820205479452055,0.7222507653204759,0.2131341676078017,0.34380319714546204,0.08425839990377426
h256_wd1e-05_s1,o4,8,0.0005,0.6111324147174233,0.6211448907852173,0.8195876288659794,0.7352739726027397,0.8442531086267746,0.21080793745252543,0.3611910045146942,0.12041283398866653
h256_wd1e-05_s1,o4,9,0.0005,0.5963181414102253,0.6368924379348755,0.8280820446735394,0.7527397260273972,0.8731005569211773,0.2173935530210489,0.37942034006118774,0.15681616961956024
h256_wd1e-05_s1,o4,10,0.0005,0.5685767766676451,0.6365561485290527,0.8367268041237114,0.7047945205479451,0.9741616249549873,0.21463271527069305,0.39588338136672974,0.1873866617679596
h256_wd1e-05_s1,o4,11,0.0005,0.559068330024418,0.6160377264022827,0.8614153780068728,0.7429794520547944,1.1679791661107195,0.25411373666417986,0.4102487564086914,0.20820561051368713
h256_wd1e-05_s1,o4,12,0.0005,0.5484128955163454,0.6256381273269653,0.869276202749141,0.751541095890411,1.3343234824401302,0.2615091406627899,0.423562228679657,0.2351427674293518
h256_wd1e-05_s1,o4,13,0.0005,0.5103277673846797,0.6019997596740723,0.8776847079037801,0.748972602739726,1.1528934314243346,0.21532254167547205,0.4360888600349426,0.26763612031936646
h256_wd1e-05_s1,o4,14,0.0005,0.5137680816022974,0.6235279440879822,0.8883913230240551,0.7299657534246575,1.0659734373439291,0.18712424330006713,0.4480912983417511,0.31013673543930054
h256_wd1e-05_s1,o4,15,0.0005,0.5087271458224246,0.6028842926025391,0.8938573883161511,0.7433219178082192,1.3190144703783167,0.18855537516227036,0.46025699377059937,0.3428988754749298
h256_wd1e-05_s1,o4,16,0.0005,0.4966282813172591,0.6063512563705444,0.9038552405498281,0.7462328767123287,1.316173902974594,0.1883035529632622,0.47099536657333374,0.37292537093162537
h256_wd1e-05_s1,o4,17,0.0005,0.4421237911048688,0.6277313232421875,0.9069050687285224,0.7332191780821917,1.4123859882958842,0.1889548576807831,0.48256999254226685,0.4170990586280823
h256_wd1e-05_s1,o4,18,0.0005,0.46987275073402807,0.6152088642120361,0.917310996563574,0.7457191780821918,1.629992711375984,0.18806410704866813,0.4935213029384613,0.44784030318260193
h256_wd1e-05_s1,o4,19,0.0005,0.4229739763234791,0.6452592015266418,0.9238831615120275,0.7465753424657533,1.392721325661278,0.1518082736220936,0.5043777823448181,0.48069143295288086
h256_wd1e-05_s1,o4,20,0.0005,0.41396787605787577,0.636284351348877,0.930981529209622,0.7357876712328767,1.4710795301511848,0.18742036362627684,0.5133751630783081,0.5079865455627441
h256_wd1e-05_s1,o4,21,0.0005,0.42998131482224716,0.665681004524231,0.9430412371134022,0.7440068493150684,1.9023199604445609,0.18569826871760134,0.5227723121643066,0.5391099452972412
h256_wd1e-05_s1,o4,22,0.0005,0.3985329270362854,0.6415172815322876,0.9416022336769758,0.7481164383561643,1.4895517512886092,0.1534913132826243,0.5327178835868835,0.5808444619178772
h256_wd1e-05_s1,o4,23,0.0005,0.3773123370973687,0.6761640310287476,0.9454359965635739,0.7364726027397259,1.6238361885196877,0.16084154946093082,0.542587399482727,0.6176781058311462
h256_wd1e-05_s1,o4,24,0.0005,0.40390104996530635,0.6422528624534607,0.9529209621993128,0.7482876712328768,2.250404822766225,0.181329819538832,0.5528879165649414,0.6497327089309692
h256_wd1e-05_s1,o4,25,0.0005,0.36843036272023855,0.7600916624069214,0.9579574742268041,0.7376712328767122,1.928083798188283,0.14383012583234528,0.5615543127059937,0.6813189387321472
h256_wd1e-05_s1,o4,26,0.0005,0.38262322152915756,0.6720432639122009,0.9574420103092783,0.7357876712328768,2.1034136827487977,0.16447577226331828,0.5700426697731018,0.7033735513687134
h256_wd1e-05_s1,o4,27,0.0005,0.34147425623316513,0.6580763459205627,0.9598797250859106,0.7441780821917808,1.6923462734286834,0.13156254575447382,0.5779159069061279,0.743324875831604
h256_wd1e-05_s1,o4,28,0.0005,0.33832890109012004,0.7062541842460632,0.9696628006872852,0.7256849315068493,1.8521170520460335,0.133894397709203,0.5865349769592285,0.7846788763999939
h256_wd1e-05_s1,o4,29,0.0005,0.38921234168504415,0.7552577257156372,0.9648732817869417,0.7277397260273972,2.4359307781900603,0.16619793841978958,0.5954753756523132,0.8107545375823975
h256_wd1e-05_s1,l0,1,0.0005,0.6966485562531844,0.6706976294517517,0.7270498521706039,0.684698250897718,0.7246591834571514,0.1995433102375004,0.24064086377620697,0.02540825866162777
h256_wd1e-05_s1,l0,2,0.0005,0.6685814442841903,0.6475237607955933,0.7744357600772811,0.7186377852426734,0.8062305393704253,0.24319790653065365,0.287138968706131,0.027961332350969315
h256_wd1e-05_s1,l0,3,0.0005,0.6315458287363467,0.6421055793762207,0.7819443224729955,0.7143519054789761,0.9456947058033396,0.31204825429233385,0.32604727149009705,0.03545372560620308
h256_wd1e-05_s1,l0,4,0.0005,0.6259230997251428,0.6479411721229553,0.7968736278211996,0.720375304065794,1.2859052765668968,0.392512977361887,0.3617476224899292,0.04292421415448189
h256_wd1e-05_s1,l0,5,0.0005,0.612769743670588,0.6892479658126831,0.8084145663183161,0.722923665006371,1.407296370018388,0.4034639421961983,0.39404723048210144,0.04848753660917282
h256_wd1e-05_s1,l0,6,0.0005,0.6061891861583876,0.6352115869522095,0.832491730335763,0.7371713193559596,1.4642971250004295,0.4082448065884608,0.42208531498908997,0.04652811214327812
h256_wd1e-05_s1,l0,7,0.0005,0.5546361376409945,0.6025260090827942,0.8521486490442316,0.7441213946484421,1.0143918118533488,0.3016887259367089,0.450886994600296,0.06409300863742828
h256_wd1e-05_s1,l0,8,0.0005,0.5503852069377899,0.6032639145851135,0.8693758964901497,0.7481756052357235,1.322243747255376,0.3416108414732108,0.4775869846343994,0.08468390256166458
h256_wd1e-05_s1,l0,9,0.0005,0.5233646540538125,0.5888525247573853,0.8825049032522467,0.7497972894706358,1.324962342757263,0.3386975159906239,0.5029364228248596,0.10262507200241089
h256_wd1e-05_s1,l0,10,0.0005,0.5344959005065586,0.6330293416976929,0.8863396856063932,0.7502606278234681,1.671240915447836,0.42378902774782895,0.5243426561355591,0.11493587493896484
h256_wd1e-05_s1,l0,11,0.0005,0.48463413767192676,0.5975990295410156,0.8986344076578554,0.7518823120583807,1.1890971223299047,0.28715726509717426,0.5450714230537415,0.13396142423152924
h256_wd1e-05_s1,l0,12,0.0005,0.4748446824757949,0.5955083966255188,0.9095459734785282,0.753272327116877,1.3229623863978253,0.29707169103675957,0.5628301501274109,0.15926647186279297
h256_wd1e-05_s1,l0,13,0.0005,0.4707548385081084,0.7664808630943298,0.90150317613653,0.737866326885208,1.6479011968522266,0.31609764503357063,0.5827872157096863,0.1799384504556656
h256_wd1e-05_s1,l0,14,0.0005,0.5037148478238479,0.7002509236335754,0.9116829132636632,0.7384454998262482,1.902880119091694,0.3641206437432724,0.6034397482872009,0.1823820024728775
h256_wd1e-05_s1,l0,15,0.0005,0.4660121202468872,0.6127200722694397,0.9253754281197857,0.7526931541758369,1.3910028470139668,0.2699673984531459,0.6222035884857178,0.2013666033744812
h256_wd1e-05_s1,l0,16,0.0005,0.46393882450850116,0.6598162651062012,0.9338573226779076,0.7436580562956099,1.8183844327833927,0.3102714066393448,0.6393206715583801,0.22486090660095215
h256_wd1e-05_s1,l0,17,0.0005,0.436034496711648,0.6313005685806274,0.9347428353970902,0.747017259353643,1.3457140225817446,0.26710394836909584,0.6574714183807373,0.24940244853496552
h256_wd1e-05_s1,l0,18,0.0005,0.3994263566058615,0.6348830461502075,0.9437809197623022,0.7482914398239314,1.2527467246848691,0.22873090811910213,0.6722836494445801,0.2826199531555176
h256_wd1e-05_s1,l0,19,0.0005,0.3977404703264651,0.641914427280426,0.9441248792482655,0.7437738908838178,1.6338696205165064,0.24864084029962277,0.6865408420562744,0.3148711025714874
h256_wd1e-05_s1,l0,20,0.0005,0.4031665040099103,0.6577739715576172,0.9549266707649073,0.7450480713541063,1.7136339776794787,0.2283723072764243,0.7017295956611633,0.3329579830169678
h256_wd1e-05_s1,l0,21,0.0005,0.3802915720835976,0.6455656886100769,0.9581028072948684,0.738213830649832,1.8564902719108531,0.25223194321351367,0.7168655395507812,0.36280184984207153
h256_wd1e-05_s1,l0,22,0.0005,0.33733541809994244,0.7043376564979553,0.9607593454524166,0.7402988532375768,1.4844735596978214,0.1947643431179149,0.7302960157394409,0.39158326387405396
h256_wd1e-05_s1,l0,23,0.0005,0.3702957351570544,0.7543456554412842,0.9671994379555634,0.7335804471215105,1.9251540041386823,0.2482252865180845,0.7441346645355225,0.414767324924469
h256_wd1e-05_s1,l0,24,0.0005,0.3246610579283341,0.7034135460853577,0.9681434969702292,0.7390246727672883,1.657877485995185,0.19503957377170786,0.7581226229667664,0.44767382740974426
h256_wd1e-05_s1,l0,25,0.0005,0.3056982211444689,0.6898291110992432,0.9733467989812945,0.7391405073554964,1.4199673913951723,0.16065492050909003,0.770697295665741,0.4813743531703949
h256_wd1e-05_s1,l0,26,0.0005,0.2872878611087799,0.7092241048812866,0.9769254412927022,0.7345071238271749,1.5301777189395338,0.18273297902672644,0.7830458879470825,0.5196305513381958
h256_wd1e-05_s1,l0,27,0.0005,0.2883434778322344,0.7303076982498169,0.9778914551681742,0.7368238155913355,1.990426906267915,0.22013521972958702,0.7951037287712097,0.5507447719573975
h256_wd1e-05_s1,l0,28,0.0005,0.28111865598222485,0.7418841123580933,0.9762814320423875,0.732306266651222,2.0080965220162477,0.18150220137917183,0.8069458603858948,0.5759746432304382
h256_wd1e-05_s1,l0,29,0.0005,0.2728490499050721,0.7528586983680725,0.9832630777787535,0.7268620410054443,2.099069071519994,0.18906283500765567,0.8189958333969116,0.6024773120880127
h256_wd1e-05_s1,l0,30,0.0005,0.2655167417681735,0.7994894981384277,0.9880638740083721,0.7296420711224372,1.761842332458041,0.15827335131159007,0.8306294679641724,0.6315909624099731
h256_wd1e-05_s1,l0,31,0.0005,0.28780797447847284,0.7308685183525085,0.9902081320804427,0.7230394995945789,2.599835734813374,0.2047514248147423,0.8430878520011902,0.6516051888465881
h256_wd1e-05_s1,l0,32,0.0005,0.23170720818250076,0.810975193977356,0.9884444249290126,0.7258195297115719,1.6297946007446757,0.15924632450708456,0.854783296585083,0.6866194605827332
h256_wd1e-05_s1,l1,1,0.0005,0.7246390244235164,0.6945314407348633,0.5470624147094735,0.49931208438431557,0.7497479978538352,0.27548865248962284,0.2508993148803711,0.043046735227108
h256_wd1e-05_s1,l1,2,0.0005,0.6904961026233175,0.6884348392486572,0.6828413416648711,0.6121302453565696,0.3083968727423031,0.12937890710969352,0.28364184498786926,0.05512708052992821
h256_wd1e-05_s1,l1,3,0.0005,0.6833353379498357,0.6846632361412048,0.6991668462256697,0.6230222426049071,0.3624533809590558,0.1440817858471542,0.2922920882701874,0.05157531797885895
h256_wd1e-05_s1,l1,4,0.0005,0.679018391215283,0.6764634847640991,0.7422035480859009,0.6725521669341894,0.5086595389209518,0.19940088638727027,0.3015359342098236,0.04865792393684387
h256_wd1e-05_s1,l1,5,0.0005,0.6752971229345902,0.6720173358917236,0.764490411549235,0.7103875257968355,0.6014769030531507,0.24370155717951017,0.3112887442111969,0.049095023423433304
h256_wd1e-05_s1,l1,6,0.0005,0.6509790653767793,0.6624355912208557,0.7752064928535517,0.7162348085301536,0.5487829424970602,0.21356781698847235,0.3255822956562042,0.06084185466170311
h256_wd1e-05_s1,l1,7,0.0005,0.643947984861291,0.6485300064086914,0.7881634705164117,0.7171520293510663,0.6370550718036742,0.22119185692328697,0.34058240056037903,0.08301166445016861
h256_wd1e-05_s1,l1,8,0.0005,0.6202816937280737,0.637991189956665,0.7917474682180565,0.7058014216922723,0.7674967425085941,0.24277678643737238,0.35765784978866577,0.11708076298236847
h256_wd1e-05_s1,l1,9,0.0005,0.6206159824910371,0.6455626487731934,0.7971270559505854,0.7000687915615684,0.73957348378556,0.19442272462655766,0.37247434258461,0.14297446608543396
h256_wd1e-05_s1,l1,10,0.0005,0.607806568560393,0.6391680836677551,0.8199669611434318,0.7321715202935106,0.7469617959104511,0.18128853697873173,0.3883574306964874,0.1760939359664917
h256_wd1e-05_s1,l1,11,0.0005,0.5890167614688044,0.6128583550453186,0.8296990591108238,0.7289612474203164,0.7679693167541247,0.1922174845984764,0.40369564294815063,0.21596650779247284
h256_wd1e-05_s1,l1,12,0.0005,0.5810430866220723,0.6522613763809204,0.8344035049917404,0.7110754414125201,1.0166730697066206,0.23566811164714183,0.4160149395465851,0.24627387523651123
h256_wd1e-05_s1,l1,13,0.0005,0.5492172513319098,0.608507513999939,0.8561804208863033,0.7310249942673699,1.0284080523963208,0.19568680480238387,0.429513156414032,0.2849183678627014
h256_wd1e-05_s1,l1,14,0.0005,0.5432553835537123,0.6154735088348389,0.8669898728722258,0.7273561109837193,0.8488029958649372,0.15316090159839965,0.4416981339454651,0.32774609327316284
h256_wd1e-05_s1,l1,15,0.0005,0.5449153742064601,0.6337496638298035,0.8731379731379731,0.7191011235955056,1.2341003371532262,0.20897627980707964,0.45362770557403564,0.35223105549812317
h256_wd1e-05_s1,l1,16,0.0005,0.5378330233304397,0.6053484082221985,0.8770523594053005,0.7401972024764962,1.3502563690890068,0.21971972990069707,0.46556898951530457,0.3814111351966858
h256_wd1e-05_s1,l1,17,0.0005,0.525940310695897,0.6071613430976868,0.8903038138332257,0.737101582205916,1.2269824895882515,0.18566723597010662,0.4760792553424835,0.4081406891345978
h256_wd1e-05_s1,l1,18,0.0005,0.47362227284389996,0.608956515789032,0.8922789628671981,0.738592066039899,1.177907948424313,0.1625015652657961,0.4864003658294678,0.45522117614746094
h256_wd1e-05_s1,l1,19,0.0005,0.49389924562495685,0.6121717095375061,0.8988149105796165,0.7396239394634258,1.2021144633554806,0.15998721325965626,0.49491313099861145,0.49021822214126587
h256_wd1e-05_s1,l1,20,0.0005,0.48472234218016913,0.6262797117233276,0.9073260073260074,0.7244897959183674,1.7335295142099987,0.19724391190278387,0.5035342574119568,0.521430253982544
h256_wd1e-05_s1,l1,21,0.0005,0.47143644094467163,0.6228160262107849,0.9128205128205128,0.7357257509745472,1.3972832741571433,0.1557776741171119,0.5120944976806641,0.554116427898407
h256_wd1e-05_s1,l1,22,0.0005,0.4391298164492068,0.6449449062347412,0.9147956618544854,0.7350378353588627,1.4957621775683014,0.14598392663527313,0.5200928449630737,0.59889155626297
h256_wd1e-05_s1,l1,23,0.0005,0.4338260953841002,0.6294149160385132,0.9253896430367019,0.7351524879614767,1.4089837343194946,0.1433585685815359,0.5283024311065674,0.6370304226875305
h256_wd1e-05_s1,l1,24,0.0005,0.4238822991433351,0.6397110819816589,0.927077497665733,0.7369869296033019,1.51598823899749,0.15227735173156812,0.5356857776641846,0.675818920135498
h256_wd1e-05_s1,l1,25,0.0005,0.39309678777404455,0.6692390441894531,0.9319327731092437,0.7272414583811052,1.478141936245762,0.12742249613227696,0.5430873036384583,0.7159748673439026
h256_wd1e-05_s1,l1,26,0.0005,0.41888398968655133,0.6528521180152893,0.9384974502621561,0.7361843613850034,1.9332185412894505,0.16399671221815668,0.5505541563034058,0.7496451735496521
h256_wd1e-05_s1,l1,27,0.0005,0.3759030621984731,0.6470301151275635,0.9414494002729298,0.7444393487732172,1.632829382745613,0.1306547322742794,0.5576015710830688,0.7910416126251221
h256_wd1e-05_s1,l1,28,0.0005,0.3662028694930284,0.6655250191688538,0.9494577318106731,0.7482228846594817,1.807519702078936,0.13019035198218987,0.5649275779724121,0.8223446011543274
h256_wd1e-05_s1,l1,29,0.0005,0.3760212996731634,0.6544589400291443,0.9498527616174676,0.7475349690437973,1.9588426358099746,0.13286953719480393,0.5721503496170044,0.8583753108978271
h256_wd1e-05_s1,l1,30,0.0005,0.39006434964097064,0.6164572238922119,0.952510234863176,0.7405411602843385,2.1464549509381268,0.14357346507113575,0.5792366862297058,0.8842683434486389
h256_wd1e-05_s1,l1,31,0.0005,0.4099195314490277,0.6728762984275818,0.9516842634489693,0.7337766567301077,2.3701480847504177,0.15029951148570042,0.5865833163261414,0.9142808318138123
h256_wd1e-05_s1,l1,32,0.0005,0.36682273123575293,0.6833931803703308,0.9592724269194858,0.7455858747993579,1.9931595030240132,0.1346049006264421,0.5937581658363342,0.9582682251930237
h256_wd1e-05_s1,l1,33,0.0005,0.3723714286866395,0.6862492561340332,0.9619694031458736,0.7381334556294428,1.9573808172659086,0.13060990060164296,0.6015642881393433,0.9992235898971558
h256_wd1e-05_s1,l1,34,0.0005,0.3527989212585532,0.703532338142395,0.9595776772247361,0.7440953909653749,2.2687507287113235,0.1280726163361341,0.6080140471458435,1.0432984828948975
h256_wd1e-05_s1,l1,35,0.0005,0.3546105163252872,0.6562354564666748,0.9603677368383251,0.7448979591836735,2.502042038079696,0.153448991071334,0.6143408417701721,1.0645684003829956
h256_wd1e-05_s1,l1,36,0.0005,0.33568133543366974,0.6997247338294983,0.9664799253034546,0.7381334556294428,2.0245546267196923,0.11280096583393048,0.6197447776794434,1.0904232263565063
h256_wd1e-05_s1,l1,37,0.0005,0.32610120203184045,0.6868465542793274,0.9674639086403793,0.7346938775510203,2.315948161068348,0.11637975511183338,0.6240199208259583,1.118943214416504
h256_wd1e-05_s1,l1,38,0.0005,0.34144385612529254,0.663471519947052,0.9725166989872873,0.745700527401972,2.6165872808987483,0.1373584191874196,0.6298120617866516,1.1427257061004639
h256_wd1e-05_s1,l1,39,0.0005,0.3411072661047396,0.6699953079223633,0.9667241255476551,0.7419169915157074,2.4835540219319303,0.12218201673462302,0.6355006694793701,1.1706056594848633
h256_wd1e-05_s1,l1,40,0.0005,0.3250074075615924,0.7603994607925415,0.9716799540328952,0.7388213712451273,2.1569146520951743,0.10455231032909727,0.6413743495941162,1.2149792909622192
h256_wd1e-05_s1,l1,41,0.0005,0.3029506329609,0.9362732768058777,0.9689362924657042,0.7405411602843385,2.7993536338573146,0.12051281696160628,0.6462700963020325,1.2489674091339111
h256_wd1e-05_s1,l1,42,0.0005,0.30943785931753076,0.6886711120605469,0.974470300940889,0.7400825498738822,2.3117506427370045,0.10388630567238534,0.651394784450531,1.2706983089447021
h256_wd1e-05_s1,l1,43,0.0005,0.3220429090054139,0.7936724424362183,0.9761401996696115,0.7392799816555835,3.0757510015076313,0.11709412343817405,0.6582698822021484,1.3091650009155273
h256_wd1e-05_s1,l1,44,0.0005,0.28884276488552924,0.7691579461097717,0.9760755584284995,0.744324696170603,2.3876934050105616,0.08895988721751824,0.6632056832313538,1.3317878246307373
h256_wd1e-05_s1,l1,45,0.0005,0.2971197826706845,0.7522876858711243,0.9792645263233498,0.7422609493235496,2.814806371731586,0.09956260498056978,0.6673915386199951,1.3543416261672974
h256_wd1e-05_s1,l1,46,0.0005,0.3047987877026848,0.8137974739074707,0.9817927170868348,0.7353817931667048,2.971833592214502,0.11192828511975429,0.6719274520874023,1.376624345779419
h256_wd1e-05_s1,l1,47,0.0005,0.2827584400125172,0.7145921587944031,0.9826689650219063,0.7328594359091951,2.322519040089598,0.09753300318964098,0.676089882850647,1.4080888032913208
h256_wd1e-05_s1,l1,48,0.0005,0.3056332909542581,0.7263878583908081,0.9800402212166919,0.7350378353588626,2.8413374254226778,0.10024197481619704,0.6803420186042786,1.4472801685333252
h256_wd1e-05_s1,l2,1,0.0005,0.6965318809856068,0.6660211682319641,0.7545875754435164,0.6992135511191774,0.9614383508587191,0.28084665588506047,0.23824423551559448,0.02296820841729641
h256_wd1e-05_s1,l2,2,0.0005,0.6651785698803988,0.6687957048416138,0.7534902152045357,0.7299455535390199,1.138139974926264,0.39538357881363956,0.2894631028175354,0.02505233883857727
h256_wd1e-05_s1,l2,3,0.0005,0.6741721738468517,0.6975211501121521,0.7580777906480521,0.6830006049606776,1.4295113586521764,0.5013752895360112,0.3255406320095062,0.03920953720808029
h256_wd1e-05_s1,l2,4,0.0005,0.6623414809053595,0.6386370658874512,0.7927589465341706,0.7430127041742287,0.9572272407378333,0.33828617743124456,0.35403627157211304,0.0536687858402729
h256_wd1e-05_s1,l2,5,0.0005,0.6233331859111786,0.6155909895896912,0.8008367371822227,0.7541439806412582,0.966263222075846,0.32959524696494913,0.37982046604156494,0.043626200407743454
h256_wd1e-05_s1,l2,6,0.0005,0.6006807847456499,0.6036590337753296,0.8155977565079557,0.7597096188747732,0.8610707250460023,0.2881849510615607,0.40704795718193054,0.03682264685630798
h256_wd1e-05_s1,l2,7,0.0005,0.5813110199841586,0.5912436246871948,0.8307093214655856,0.7819721718088325,1.0798283842926666,0.3404187450724038,0.43608880043029785,0.04396916925907135
h256_wd1e-05_s1,l2,8,0.0005,0.5739464814012701,0.5881208181381226,0.8455160641346096,0.7787053841500302,1.1942423653811842,0.3771212292823391,0.4622320830821991,0.052347294986248016
h256_wd1e-05_s1,l2,9,0.0005,0.5470915247093547,0.61934494972229,0.8488005242943364,0.7478523895946763,1.2747874727957826,0.4021079139033433,0.48962634801864624,0.07091861963272095
h256_wd1e-05_s1,l2,10,0.0005,0.5148863995617087,0.6280466318130493,0.8685072852526976,0.7840290381125228,1.2225434650568774,0.35482029861601744,0.5141134858131409,0.0843031108379364
h256_wd1e-05_s1,l2,11,0.0005,0.5233879089355469,0.6037226915359497,0.8734377857708955,0.7589836660617061,1.5031200540749006,0.39331167548413004,0.5403993725776672,0.10542093962430954
h256_wd1e-05_s1,l2,12,0.0005,0.49574699185111304,0.7449462413787842,0.8670669999390355,0.7304295220810647,1.3320647678395259,0.36227796822796743,0.5652420520782471,0.12361022084951401
h256_wd1e-05_s1,l2,13,0.0005,0.5489612302996896,0.5906045436859131,0.8878787416935928,0.7536600120992135,2.2096473592901718,0.5488320811398318,0.5893781781196594,0.12124859541654587
h256_wd1e-05_s1,l2,14,0.0005,0.5289357873526487,0.5731797218322754,0.9022587331585686,0.77664851784634,1.7429667119998067,0.47027056553158847,0.6113253235816956,0.12148568034172058
h256_wd1e-05_s1,l2,15,0.0005,0.4738963693380356,0.589706540107727,0.9097802231299152,0.7708408953418028,1.2178275166164476,0.31220170132377983,0.6322585940361023,0.13591888546943665
h256_wd1e-05_s1,l2,16,0.0005,0.45355368744243274,0.5950338244438171,0.9117463268914222,0.789957652752571,1.3247481593699644,0.3270490607645089,0.6518271565437317,0.16298562288284302
h256_wd1e-05_s1,l2,17,0.0005,0.45899740674278955,0.5754981637001038,0.9248308236298238,0.783545069570478,1.3976065563925635,0.3082632189756602,0.669017493724823,0.18115529417991638
h256_wd1e-05_s1,l2,18,0.0005,0.4624722342599522,0.5845098495483398,0.928130524903981,0.7703569267997581,1.6169891613451377,0.3397771867556333,0.6877551674842834,0.19420750439167023
h256_wd1e-05_s1,l2,19,0.0005,0.43307360193946143,0.5744912028312683,0.9328171675912943,0.7743496672716272,1.151413727770609,0.2777631383243389,0.7062233090400696,0.2136705070734024
h256_wd1e-05_s1,l2,20,0.0005,0.4139874550429257,0.6208871006965637,0.9328628909345852,0.7668481548699334,1.3905995500681663,0.2946182601746149,0.7231799364089966,0.24706706404685974
h256_wd1e-05_s1,l2,21,0.0005,0.41950874436985364,0.5710377097129822,0.9473343290861427,0.7830611010284332,1.5540054689053,0.26572951394514654,0.7394274473190308,0.2719309329986572
h256_wd1e-05_s1,l2,22,0.0005,0.37753865258260205,0.5915513634681702,0.9433106748765471,0.7782214156079855,1.4809016570859568,0.28001878669064645,0.7560007572174072,0.29396501183509827
h256_wd1e-05_s1,l2,23,0.0005,0.3915864567865025,0.6029530167579651,0.9537203560324331,0.7764065335753175,1.7903304625919736,0.331181523736197,0.7704322338104248,0.31522729992866516
h256_wd1e-05_s1,l2,24,0.0005,0.36432468552481045,0.6501307487487793,0.9489194049868926,0.7491833030852995,1.523911392569476,0.255927267975987,0.7852761149406433,0.3363915979862213
h256_wd1e-05_s1,l2,25,0.0005,0.3717384412884712,0.5889513492584229,0.9596415289885997,0.7856019358741682,1.6451149693374025,0.2803363431821463,0.8009432554244995,0.3560745120048523
h256_wd1e-05_s1,l2,26,0.0005,0.3572672957723791,0.6598078608512878,0.960616960312138,0.7756805807622504,1.8037706932422295,0.25676129614637466,0.8147343993186951,0.37481075525283813
h256_wd1e-05_s1,l2,27,0.0005,0.39486967433582654,0.5922433137893677,0.9683746875571542,0.7768905021173623,2.386494644207195,0.3082627715281729,0.8320040702819824,0.37600693106651306
h256_wd1e-05_s1,l2,28,0.0005,0.34952576187523926,0.6279299259185791,0.9638861793574346,0.7626134301270417,1.8371060644776265,0.26164412234851525,0.8484067916870117,0.3950519859790802
h256_wd1e-05_s1,l2,29,0.0005,0.3331486460837451,0.7903473377227783,0.9671020545022252,0.7732607380520266,1.706937030487726,0.23547105595105775,0.8626887798309326,0.422078937292099
h256_wd1e-05_s1,l2,30,0.0005,0.3354178612882441,0.8420042991638184,0.9716134243735901,0.7650332728372656,1.988428032624593,0.2620961392170791,0.8770986795425415,0.4356878995895386
h256_wd1e-05_s1,l2,31,0.0005,0.3019303699786013,0.6544108390808105,0.9743949277571176,0.7777374470659406,1.6109861157473737,0.21585460878640222,0.890229344367981,0.4625719487667084
h256_wd1e-05_s1,l2,32,0.0005,0.2894865856929259,0.71003657579422,0.9799960373102481,0.7691470054446461,1.8991949080359676,0.25464124865786003,0.9026003479957581,0.49212387204170227
h256_wd1e-05_s1,l2,33,0.0005,0.25455946542999963,0.6788745522499084,0.9841568615497165,0.7680580762250453,1.3646388591786633,0.1573170788890592,0.9131938815116882,0.5186737179756165
h256_wd1e-05_s1,l2,34,0.0005,0.29786983741955325,0.7471276521682739,0.9809257452904957,0.7788263762855414,2.3733241133470537,0.2465225997936277,0.9238625168800354,0.5427894592285156
h256_wd1e-05_s1,l2,35,0.0005,0.31180624121969397,0.733009934425354,0.9766887154788758,0.7479733817301876,1.9651340747078114,0.2509225995371854,0.9394147396087646,0.5389613509178162
h256_wd1e-05_s1,l2,36,0.0005,0.31273929503830994,0.7133316397666931,0.9862372736694507,0.7696309739866909,2.3699452493865674,0.2589360285048601,0.9514399170875549,0.547551691532135
h256_wd1e-05_s1,l3,1,0.0005,0.7052913023077924,0.6831547021865845,0.6789553069353327,0.5905247306845824,0.8488297604871845,0.26145536183626633,0.2372920662164688,0.029071206226944923
h256_wd1e-05_s1,l3,2,0.0005,0.665471815544626,0.6648234128952026,0.7503368088097471,0.6526120699640913,0.8265742796409228,0.2636622011856627,0.28297680616378784,0.031463321298360825
h256_wd1e-05_s1,l3,3,0.0005,0.6376610605613046,0.6510764360427856,0.7821945290534208,0.6697555890188811,0.9646741404708067,0.28878991420938677,0.3172866404056549,0.027188478037714958
h256_wd1e-05_s1,l3,4,0.0005,0.6195098679998646,0.6600639820098877,0.7968676780693533,0.6714931078420017,1.2567365055968336,0.3399411645075787,0.35400184988975525,0.03377924859523773
h256_wd1e-05_s1,l3,5,0.0005,0.5913122192673061,0.6473203897476196,0.823358423149016,0.6885207923085833,1.3662255393665264,0.37485599644240253,0.3874777853488922,0.048993248492479324
h256_wd1e-05_s1,l3,6,0.0005,0.6025275315927423,0.7284868955612183,0.8148869493908153,0.6661647167844318,1.4596906324381955,0.415471550898096,0.41680628061294556,0.054207660257816315
h256_wd1e-05_s1,l3,7,0.0005,0.6034164415753406,0.6990785598754883,0.8103619962511716,0.6588671377273254,1.5917404188758257,0.45711794431880454,0.443603515625,0.050271760672330856
h256_wd1e-05_s1,l3,8,0.0005,0.5690163386904675,0.6370074152946472,0.8576982778819119,0.6946600254836094,1.2185063085582075,0.3489153778924842,0.46858924627304077,0.057199250906705856
h256_wd1e-05_s1,l3,9,0.0005,0.5256375489027604,0.6263123154640198,0.8736893744142455,0.7058959805397892,1.1738770467611204,0.34203439888216636,0.49148058891296387,0.08292623609304428
h256_wd1e-05_s1,l3,10,0.0005,0.5393346107524374,0.6567906141281128,0.8763545571696345,0.6976717247770183,1.5070330896077222,0.4218614014719814,0.5127125978469849,0.09934485703706741
h256_wd1e-05_s1,l3,11,0.0005,0.48588869882666547,0.6235883831977844,0.8910496719775071,0.7128460558322715,0.9771693135250766,0.24832480832515705,0.5338202714920044,0.1320299357175827
h256_wd1e-05_s1,l3,12,0.0005,0.4716989320257436,0.6244423389434814,0.9032187207122774,0.714351905478976,1.2846560872521409,0.3104988313715484,0.5522188544273376,0.16223706305027008
h256_wd1e-05_s1,l3,13,0.0005,0.46671971937884454,0.6218422651290894,0.9108701382380506,0.7177111085370093,1.368647970356824,0.26567867084276126,0.5719326138496399,0.19318728148937225
h256_wd1e-05_s1,l3,14,0.0005,0.47584767186123395,0.6918239593505859,0.9108115627928772,0.7007992586586355,1.5587898061162628,0.3006410101252569,0.59125155210495,0.21373507380485535
h256_wd1e-05_s1,l3,15,0.0005,0.4490018499934155,0.639618992805481,0.9211501288659794,0.7165527626549287,1.3674672125698535,0.22588059726623588,0.6094999313354492,0.23937050998210907
h256_wd1e-05_s1,l3,16,0.0005,0.4583786013333694,0.7486293315887451,0.9231929475164012,0.7049693038341249,1.8295199367385375,0.31352825136433266,0.6277376413345337,0.2596611976623535
h256_wd1e-05_s1,l3,17,0.0005,0.4345114334769871,0.677302896976471,0.9306906044985942,0.7239661763002433,1.5764867917770888,0.28110532818378287,0.644658088684082,0.26685574650764465
h256_wd1e-05_s1,l3,18,0.0005,0.4258828538915385,0.6970968842506409,0.9359257849109652,0.7089076798331982,1.8726056921176109,0.3199769148734803,0.6599329113960266,0.2890615165233612
h256_wd1e-05_s1,l3,19,0.0005,0.44166477478068805,0.6480023264884949,0.9420029873477038,0.7152785821846404,1.8753113843831373,0.33242151605019676,0.6772552728652954,0.2948143780231476
h256_wd1e-05_s1,l3,20,0.0005,0.36560886191285175,0.7992551922798157,0.9408900538894095,0.7056643113633732,1.3832064167978715,0.216731869351479,0.6909734606742859,0.32697805762290955
h256_wd1e-05_s1,l3,21,0.0005,0.41310535695241846,0.6854713559150696,0.9499838917525774,0.7285995598285648,1.9911212072275644,0.2935406270229587,0.7055145502090454,0.34153783321380615
h256_wd1e-05_s1,l3,22,0.0005,0.36401227570098377,0.8458409309387207,0.9522317244611058,0.708560176068574,1.73072152140824,0.24252184420619538,0.7183369994163513,0.3635576665401459
h256_wd1e-05_s1,l3,23,0.0005,0.36139171278995014,0.7975022792816162,0.9610107193064668,0.7128460558322715,1.9212638080563467,0.25981035276807396,0.7314576506614685,0.38883090019226074
h256_wd1e-05_s1,l3,24,0.0005,0.35074146869389905,0.7240197062492371,0.9645838214620431,0.7215336499478744,1.942761565854108,0.24861172695604092,0.7440444231033325,0.4128165543079376
h256_wd1e-05_s1,l3,25,0.0005,0.31813697063404583,0.7540850043296814,0.9674833059981256,0.7191011235955056,1.4806625634495174,0.176388966349185,0.7552455067634583,0.4425656497478485
h256_wd1e-05_s1,l3,26,0.0005,0.3381064780380415,0.7326991558074951,0.9687207122774133,0.7208386424186263,2.044716827673306,0.24590463445115027,0.7671141028404236,0.4626324772834778
h256_wd1e-05_s1,l3,27,0.0005,0.3373833706845408,0.7257054448127747,0.9692259254920337,0.7236186725356192,2.2417987226617577,0.25957599766305345,0.7803664803504944,0.47453516721725464
h256_wd1e-05_s1,l3,28,0.0005,0.3117488337599713,0.8119964599609375,0.9767894798500468,0.7112243715973589,2.154119192687667,0.2256197760725843,0.7911031246185303,0.49662303924560547
h256_wd1e-05_s1,l3,29,0.0005,0.31208344386971515,0.8094539046287537,0.9795571696344892,0.7179427777134253,1.9095348479445489,0.22755126461079386,0.8020635843276978,0.5228219032287598
h256_wd1e-05_s1,l3,30,0.0005,0.2844776491756025,0.7915627956390381,0.9823907567947516,0.7217653191242905,1.6549590237318603,0.19020051916492825,0.813118040561676,0.5602680444717407
h256_wd1e-05_s1,l3,31,0.0005,0.30740874033907184,0.7421478629112244,0.9864251405810684,0.7178269431252172,2.425561781127395,0.23236082620161813,0.8267437219619751,0.5890399813652039
h256_wd1e-05_s1,l3,32,0.0005,0.264916959664096,0.786733090877533,0.9848069939081536,0.7209544770068341,1.8999680794337794,0.16809970588702877,0.839452862739563,0.6126981973648071
h256_wd1e-05_s1,l3,33,0.0005,0.2507130872944127,0.791760265827179,0.9893978444236177,0.7162052588903046,2.220451795964586,0.17464369157345871,0.8498497605323792,0.6462894082069397
h256_wd1e-05_s1,l3,34,0.0005,0.24675771658835205,0.7931908965110779,0.9900055646672915,0.7155102513610564,1.8993355369442708,0.169302088659281,0.8601029515266418,0.6740462779998779
h256_wd1e-05_s1,l3,35,0.0005,0.22313832362060962,0.7767741084098816,0.9915504920337394,0.7191011235955057,1.513307862004666,0.1402803321999673,0.8692479133605957,0.7124537825584412
h256_wd1e-05_s1,l3,36,0.0005,0.22879823167686877,0.9060912728309631,0.9900494962511714,0.7131935595968957,2.0508887562911498,0.14796247826947037,0.8794074654579163,0.7471646666526794
h256_wd1e-05_s1,l3,37,0.0005,0.21272525742002155,0.8743043541908264,0.9935786668228679,0.7163210934785127,1.8492886724606317,0.14612611436124504,0.8891183137893677,0.7816997766494751
h256_wd1e-05_s1,l3,38,0.0005,0.20387002177860425,0.920078456401825,0.9955995196813496,0.7187536198308815,1.9777006442206415,0.1392751209372309,0.8981653451919556,0.811802089214325
h256_wd1e-05_s1,l3,39,0.0005,0.2070387307068576,0.9537218809127808,0.9935713448922212,0.7185219506544653,2.7162105737628464,0.17936750468571463,0.9077443480491638,0.8444976210594177
h256_wd1e-05_s1,l3,40,0.0005,0.18368025869131088,1.0115989446640015,0.9930734536082474,0.7281362214757328,1.9028494936138685,0.12415574175275544,0.9181505441665649,0.8628937005996704
h256_wd1e-05_s1,l3,41,0.0005,0.25971875258761906,0.9680467844009399,0.9949551897844423,0.7270937101818603,3.099102659550866,0.2109953421136195,0.9279388189315796,0.8701491951942444
h256_wd1e-05_s1,l4,1,0.0005,0.688989924347919,0.684768795967102,0.725445371685606,0.671157450796626,0.9455254225949783,0.28782097360405495,0.24484606087207794,0.019579418003559113
h256_wd1e-05_s1,l4,2,0.0005,0.6549996526344962,0.6524511575698853,0.7790749289772727,0.6989222118088098,1.2575857198494296,0.41078662253464987,0.3038039207458496,0.023104669526219368
h256_wd1e-05_s1,l4,3,0.0005,0.6460126534752224,0.6528690457344055,0.7968897964015151,0.7091143392689785,1.3745694381323583,0.4585285445317599,0.3445436358451843,0.026822280138731003
h256_wd1e-05_s1,l4,4,0.0005,0.6122054017108419,0.6283108592033386,0.8219179095643939,0.7189550140581069,1.2742776171019174,0.446430472835797,0.38424280285835266,0.03258234262466431
h256_wd1e-05_s1,l4,5,0.0005,0.5795215782911881,0.6201552748680115,0.8396957859848485,0.7232895970009372,1.2832419144953133,0.4353303578053182,0.4240309000015259,0.04799332469701767
h256_wd1e-05_s1,l4,6,0.0005,0.5696231943109761,0.6523001790046692,0.8571703361742423,0.720946579194002,1.7663309704939534,0.5538788831292972,0.46453797817230225,0.05912052094936371
h256_wd1e-05_s1,l4,7,0.0005,0.53874053903248,0.6231796741485596,0.8754734848484849,0.7297328959700093,1.1800530311371247,0.33753650940887436,0.49962082505226135,0.07022473961114883
h256_wd1e-05_s1,l4,8,0.0005,0.5107647504495538,0.6221422553062439,0.8944794625946969,0.7272727272727273,1.3718744134131249,0.35359969636876504,0.5339066386222839,0.09401988238096237
h256_wd1e-05_s1,l4,9,0.0005,0.48114977712216583,0.6319209337234497,0.8985558712121212,0.7298500468603561,1.2388260042027037,0.32240193139190215,0.5687229037284851,0.12407236546278
h256_wd1e-05_s1,l4,10,0.0005,0.5152509082918582,0.6233490705490112,0.9116136955492424,0.7338331771321462,2.101397390489854,0.4955303733161269,0.6004904508590698,0.13425391912460327
h256_wd1e-05_s1,l4,11,0.0005,0.480546024830445,0.6338637471199036,0.9144989938446969,0.7296157450796626,1.6027999479081625,0.3848364673653724,0.6278781890869141,0.1433398723602295
h256_wd1e-05_s1,l4,12,0.0005,0.4411341483178346,0.6249797940254211,0.9241018584280303,0.7273898781630739,1.6419742555403696,0.37470700350215735,0.652174711227417,0.16258935630321503
h256_wd1e-05_s1,l4,13,0.0005,0.44252847329429956,0.7211506366729736,0.9261215672348485,0.7265698219306467,1.707957395294375,0.3710611301051346,0.6777818202972412,0.17862309515476227
h256_wd1e-05_s1,l4,14,0.0005,0.4459388411563376,0.6880871653556824,0.9407995975378788,0.7235238987816308,2.062550685057319,0.45255520875612393,0.70134037733078,0.1906569004058838
h256_wd1e-05_s1,l4,15,0.0005,0.4116119509157927,0.6253824830055237,0.9453938802083333,0.7319587628865978,1.684400935630208,0.3329175536794795,0.7229779958724976,0.20012807846069336
h256_wd1e-05_s1,l4,16,0.0005,0.3665280977021093,0.6944150328636169,0.9510239109848486,0.7256326148078726,1.3355732344945126,0.27022962322959143,0.7415716648101807,0.22836193442344666
h256_wd1e-05_s1,l4,17,0.0005,0.3740554957286171,0.6403481364250183,0.9560990767045454,0.729498594189316,1.76696566624303,0.3058327310935584,0.7606863975524902,0.2541649043560028
h256_wd1e-05_s1,l4,18,0.0005,0.3417464572450389,0.8041495084762573,0.9551077178030304,0.7273898781630741,1.4813887745327647,0.2698543619072034,0.7785553932189941,0.28165972232818604
h256_wd1e-05_s1,l4,19,0.0005,0.38284197255321173,0.6785727143287659,0.9607155539772727,0.7147375820056233,1.8801509296414856,0.3076384725351813,0.7957934141159058,0.2943021357059479
h256_wd1e-05_s1,l4,20,0.0005,0.37865967400695966,0.7526167631149292,0.9629128196022727,0.7343017806935334,2.1378304396794356,0.34094650077098304,0.8138313293457031,0.3052106201648712
h256_wd1e-05_s1,l4,21,0.0005,0.36042150077612506,0.7766435742378235,0.9665305397727273,0.7293814432989691,1.7657654565530374,0.2774229437769284,0.8322181701660156,0.32173430919647217
h256_wd1e-05_s1,l4,22,0.0005,0.3451047364784324,0.9168780446052551,0.9678178267045455,0.7265698219306467,1.6864617288093515,0.2549013291894642,0.8515983819961548,0.3437109589576721
h256_wd1e-05_s1,l4,23,0.0005,0.3481323945781459,0.6997255682945251,0.973092743844697,0.7268041237113403,2.209341135567748,0.3052159448011357,0.8677054047584534,0.3634963035583496
h256_wd1e-05_s1,l4,24,0.0005,0.2948473316171895,0.7153494954109192,0.9762369791666667,0.7266869728209936,1.4959840570965561,0.22280361505006416,0.8824846744537354,0.39433687925338745
h256_wd1e-05_s1,l4,25,0.0005,0.30262352720550867,0.7090994119644165,0.9795883641098485,0.7299671977507028,1.7684123649178694,0.24904394663834467,0.8971811532974243,0.41494888067245483
h256_wd1e-05_s1,l4,26,0.0005,0.2850217689638552,0.6908342838287354,0.9825772372159091,0.7302014995313966,1.9477101133432873,0.25846896851230744,0.9114108085632324,0.4375143349170685
h256_wd1e-05_s1,l4,27,0.0005,0.29932924262855365,0.7437331676483154,0.9829101562499999,0.7212980318650422,1.9799098185159674,0.30435867598007066,0.9249609708786011,0.4541167616844177
h256_wd1e-05_s1,l4,28,0.0005,0.2975823341504387,0.6996176838874817,0.9833762428977273,0.7167291471415183,2.13096465964244,0.26913608017033536,0.9402505159378052,0.4731450080871582
h256_wd1e-05_s1,l4,29,0.0005,0.29797170473181683,0.744970440864563,0.9836055871212122,0.7221180880974696,2.0398108997497424,0.2646619700905802,0.9555090069770813,0.49019622802734375
h256_wd1e-05_s1,l4,30,0.0005,0.269120076428289,1.008210301399231,0.9854995265151516,0.7223523898781632,2.2606955227298213,0.28590085798570347,0.9691811800003052,0.5113309621810913
h256_wd1e-05_s1,l4,31,0.0005,0.25706077205098193,0.8326095938682556,0.9865352746212122,0.7184864104967198,2.007665667218528,0.24749547949548992,0.9834089279174805,0.5223273038864136
h256_wd1e-05_s1,l4,32,0.0005,0.2775293799198192,0.7848530411720276,0.9896425189393939,0.7208294283036552,2.6028167436003757,0.2765101498141063,0.9975405931472778,0.5388802289962769
h256_wd1e-05_s1,l4,33,0.0005,0.22859381139278412,0.8015068173408508,0.988510594223485,0.7078256794751641,1.540316543921591,0.18837060376607823,1.0100266933441162,0.5598115921020508
h256_wd1e-05_s1,l4,34,0.0005,0.2815093362460966,1.044510006904602,0.9900272253787878,0.7020852858481724,2.5479651414189415,0.27251417030482916,1.0212117433547974,0.572140097618103
h256_wd1e-05_s1,l4,35,0.0005,0.22441864078459534,0.8184337019920349,0.9901381983901515,0.7175492033739456,1.647598521230462,0.1682623414054584,1.0337392091751099,0.584787905216217
h256_wd1e-05_s1,l4,36,0.0005,0.20059676435978516,0.8343273997306824,0.9930974786931818,0.7182521087160262,1.6681233168273757,0.16249586083558182,1.0436452627182007,0.6081433892250061
h256_wd1e-05_s1,l4,37,0.0005,0.18124021751725156,0.8452879786491394,0.9946584990530303,0.7310215557638237,1.8632624090447154,0.18394443929438142,1.053288221359253,0.6298829913139343
h256_wd1e-05_s1,l4,38,0.0005,0.31210952154968097,1.0580780506134033,0.9930308948863636,0.7272727272727273,3.3147258776569184,0.34119770308289826,1.0664472579956055,0.6305800676345825
h256_wd1e-05_s1,l4,39,0.0005,0.25882607374502264,0.8222149610519409,0.9947620738636364,0.7135660731021555,2.1158915743200066,0.21444563322007076,1.08053457736969,0.6267542839050293
h256_wd1e-05_s1,l4,40,0.0005,0.18731356185415518,0.8386370539665222,0.9961233428030303,0.7135660731021556,1.5708381141418555,0.15575440787640715,1.0902047157287598,0.6557556390762329
h256_wd1e-05_s1,l5,1,0.0005,0.7090766131877899,0.6768367886543274,0.7036348900510749,0.6796817625458996,1.0677932706415072,0.3327418349965316,0.244171142578125,0.037090472877025604
h256_wd1e-05_s1,l5,2,0.0005,0.6717008569023826,0.6894143223762512,0.7470639508211763,0.6705018359853121,0.8840753165891715,0.307967271879445,0.2907530665397644,0.046405624598264694
h256_wd1e-05_s1,l5,3,0.0005,0.6697132208130576,0.6628562808036804,0.7572254335260116,0.7077111383108934,0.9884436205558302,0.34335766515279387,0.3204123079776764,0.05440833792090416
h256_wd1e-05_s1,l5,4,0.0005,0.6420688683336432,0.6468912363052368,0.7803009450408295,0.7112607099143207,0.9448934968230642,0.3127882760828361,0.34717804193496704,0.041657865047454834
h256_wd1e-05_s1,l5,5,0.0005,0.6176104139197957,0.6359949707984924,0.7949123772823196,0.7195838433292534,1.0302348905059995,0.3355711835950213,0.3756963610649109,0.0306099783629179
h256_wd1e-05_s1,l5,6,0.0005,0.6011373834176497,0.6307481527328491,0.8173226901550601,0.7148102815177478,1.1269086891954283,0.31298906412345157,0.40528056025505066,0.03058771975338459
h256_wd1e-05_s1,l5,7,0.0005,0.5854655246842991,0.6157588362693787,0.835894730403401,0.724235006119951,1.3626886706672359,0.41289734301625847,0.43157830834388733,0.03986278548836708
h256_wd1e-05_s1,l5,8,0.0005,0.5510980947451158,0.6266059875488281,0.8479906413432425,0.7263157894736842,1.3221130518986153,0.37618308448778054,0.45932063460350037,0.05554888769984245
h256_wd1e-05_s1,l5,9,0.0005,0.5845562734387137,0.6897044777870178,0.8583815028901733,0.7244798041615668,1.6554591098121803,0.4435696583593117,0.48279282450675964,0.06170849874615669
h256_wd1e-05_s1,l5,10,0.0005,0.536341751163656,0.6148728728294373,0.874606232987736,0.7225214198286413,1.0760108483060629,0.3053369503819737,0.5044665336608887,0.06851495057344437
h256_wd1e-05_s1,l5,11,0.0005,0.49808878112923016,0.6118813753128052,0.8845306908890724,0.7265605875153,1.0158762089507822,0.23744405856877207,0.5281039476394653,0.10327818244695663
h256_wd1e-05_s1,l5,12,0.0005,0.48105335235595703,0.6210110187530518,0.8960990304920942,0.7250917992656057,1.3101950418818356,0.292652297659802,0.5509185194969177,0.132676899433136
h256_wd1e-05_s1,l5,13,0.0005,0.47900113327936694,0.623259425163269,0.9050753891794354,0.7239902080783354,1.5524074737919056,0.3172507128000963,0.5744971632957458,0.16093097627162933
h256_wd1e-05_s1,l5,14,0.0005,0.4616800126704303,0.631007730960846,0.9169954430070038,0.7313341493268054,1.2164891747592361,0.2538657993564188,0.5946915745735168,0.18524788320064545
h256_wd1e-05_s1,l5,15,0.0005,0.4528109702196988,0.6398209929466248,0.9214301006208521,0.738310893512852,1.3917726986942698,0.26397317542387044,0.6152241826057434,0.21328982710838318
h256_wd1e-05_s1,l5,16,0.0005,0.44163648106835107,0.68807452917099,0.9253830626662997,0.7363525091799266,1.7215740838400164,0.30281198542009524,0.6370983719825745,0.23388643562793732
h256_wd1e-05_s1,l5,17,0.0005,0.4476344714110548,0.6732771396636963,0.9306664219959017,0.7254589963280295,1.8259081265580936,0.3390774595466919,0.6575171947479248,0.2451411932706833
h256_wd1e-05_s1,l5,18,0.0005,0.4350396692752838,0.6363459825515747,0.9335718873291128,0.7186046511627907,1.5362560980595932,0.27371516894828557,0.6759799122810364,0.2647710144519806
h256_wd1e-05_s1,l5,19,0.0005,0.3918177065524188,0.6428284049034119,0.9418448175673609,0.7231334149326806,1.2334754638295409,0.21828314032965396,0.69305020570755,0.2988086938858032
h256_wd1e-05_s1,l5,20,0.0005,0.3817889019846916,0.7014381289482117,0.9493607976266936,0.7335373317013464,1.4258253998808115,0.23945705353676736,0.7080281972885132,0.3297114074230194
h256_wd1e-05_s1,l5,21,0.0005,0.39506039971655066,0.6867090463638306,0.9533978652475763,0.7313341493268054,2.038954093472979,0.2758534561733032,0.7234395146369934,0.3551250100135803
h256_wd1e-05_s1,l5,22,0.0005,0.4372288069941781,0.6410943269729614,0.9607685720402483,0.7244798041615667,2.1870727160754604,0.343383282292537,0.7410455346107483,0.3532216548919678
h256_wd1e-05_s1,l5,23,0.0005,0.3809265453707088,0.7506719827651978,0.9465164999847082,0.7057527539779682,1.8061783789967911,0.26367891097103496,0.7564305663108826,0.38047415018081665
h256_wd1e-05_s1,l5,24,0.0005,0.3636097508397969,0.6813562512397766,0.9640028137137964,0.7271725826193389,1.7363239801256976,0.25169966442010094,0.7720609307289124,0.40642446279525757
h256_wd1e-05_s1,l5,25,0.0005,0.32778294519944623,0.690980076789856,0.966480105208429,0.7166462668298653,1.739807074707353,0.2186440984740923,0.7862988710403442,0.4457826614379883
h256_wd1e-05_s1,l5,26,0.0005,0.3359067710963162,0.6858351230621338,0.9692250053521729,0.7206854345165239,1.8724890619395282,0.2358527924091442,0.7989900708198547,0.4805390536785126
h256_wd1e-05_s1,l5,27,0.0005,0.3245633393526077,0.7881538271903992,0.9757087806220753,0.7200734394124847,1.8743821544641948,0.20420431456430388,0.8115784525871277,0.5084825158119202
h256_wd1e-05_s1,l5,28,0.0005,0.3031044886870818,0.7918687462806702,0.9718475701134661,0.7134638922888616,1.9267562577129462,0.20484351393830214,0.8241032361984253,0.5316822528839111
h256_wd1e-05_s1,l5,29,0.0005,0.3516944809393449,0.7651805281639099,0.9783619292289811,0.7188494492044064,2.697510436808845,0.296786513957322,0.8367804288864136,0.539234459400177
h256_wd1e-05_s1,l5,30,0.0005,0.3150095844810659,0.7834765315055847,0.9763357494571367,0.7176254589963279,1.8598617391815713,0.21388347115977233,0.8500806093215942,0.5577680468559265
h256_wd1e-05_s1,l5,31,0.0005,0.25782384181564505,0.778863251209259,0.9835841208673578,0.7222766217870258,1.4664023418187049,0.1524575537296016,0.8607775568962097,0.5891240239143372
h256_wd1e-05_s1,l5,32,0.0005,0.25948705998334015,0.8008589148521423,0.9869254060005506,0.7123623011015913,1.9643134192291143,0.18367834627796675,0.8710513114929199,0.6162468791007996
h256_wd1e-05_s1,l5,33,0.0005,0.2543244727633216,0.7883009910583496,0.9865813377374071,0.7209302325581395,1.9219766893560715,0.1700501677342399,0.8814654350280762,0.6447522044181824
h256_wd1e-05_s1,l5,34,0.0005,0.2467890903353691,0.8645011782646179,0.9914671070740435,0.7086903304773561,1.8203276894812823,0.18551610714046662,0.8913329839706421,0.6709782481193542
h256_wd1e-05_s1,l5,35,0.0005,0.2533886781470342,1.0108972787857056,0.9926216472459247,0.7017135862913096,2.4132782065858382,0.21285945419447205,0.9011858105659485,0.6991123557090759
h256_wd1e-05_s1,l6,1,0.0005,0.7090860322902077,0.6819776296615601,0.7540501644736842,0.646590909090909,1.2905216834128983,0.43427812456477916,0.22743959724903107,0.01926303841173649
h256_wd1e-05_s1,l6,2,0.0005,0.7389118326337714,0.6785058379173279,0.7498149671052632,0.649512987012987,1.6183358456425518,0.6204050785698341,0.2689231038093567,0.046612970530986786
h256_wd1e-05_s1,l6,3,0.0005,0.6710275254751507,0.6725831031799316,0.7551603618421052,0.6547077922077922,0.6015066502527947,0.20514119469486927,0.28872621059417725,0.05360163375735283
h256_wd1e-05_s1,l6,4,0.0005,0.6653306672447606,0.6675843000411987,0.7446648848684211,0.6478896103896105,0.862817813662469,0.2748359211210878,0.30762743949890137,0.04765582084655762
h256_wd1e-05_s1,l6,5,0.0005,0.6411937851654855,0.6535966992378235,0.7812191611842104,0.6793831168831168,0.6735675487657913,0.21457950998646644,0.3285512328147888,0.03914432227611542
h256_wd1e-05_s1,l6,6,0.0005,0.6279229741347464,0.6479328870773315,0.7945826480263158,0.6821428571428572,0.8190267075792116,0.2575830128438322,0.3533622622489929,0.03129971772432327
h256_wd1e-05_s1,l6,7,0.0005,0.6118088803793255,0.6370774507522583,0.8170641447368421,0.696103896103896,0.9838284822619641,0.31763853126098385,0.38157519698143005,0.03509000316262245
h256_wd1e-05_s1,l6,8,0.0005,0.6069556882506922,0.6381425261497498,0.8291015625,0.6952922077922079,1.2379328283082764,0.37577997397026325,0.40943989157676697,0.04231802001595497
h256_wd1e-05_s1,l6,9,0.0005,0.6025290018633792,0.6287158727645874,0.8411698190789474,0.6967532467532468,1.328131865109179,0.3523831187372992,0.4350534975528717,0.05001700669527054
h256_wd1e-05_s1,l6,10,0.0005,0.5647702091618588,0.6279076933860779,0.8588199013157894,0.7008116883116883,1.1128343814947907,0.2901221389708382,0.45757120847702026,0.059631433337926865
h256_wd1e-05_s1,l6,11,0.0005,0.5542261647550684,0.713371217250824,0.852086759868421,0.698051948051948,1.2664339739487758,0.3314536191040155,0.48023995757102966,0.07089824974536896
h256_wd1e-05_s1,l6,12,0.0005,0.6188299404947382,0.6388156414031982,0.8692434210526316,0.7012987012987012,1.7732499695591144,0.5133600856684083,0.5014548897743225,0.05712432414293289
h256_wd1e-05_s1,l6,13,0.0005,0.5440975537425593,0.633450984954834,0.8721011513157895,0.7021103896103895,0.8517611823559538,0.2535229684906879,0.5210788249969482,0.06623397022485733
h256_wd1e-05_s1,l6,14,0.0005,0.5252817649590341,0.630153477191925,0.8838918585526317,0.7094155844155843,1.0058435823387855,0.2804993392757867,0.5387383103370667,0.08707741647958755
h256_wd1e-05_s1,l6,15,0.0005,0.5222467984023847,0.6423248648643494,0.8924239309210525,0.709577922077922,1.5294612353957011,0.3697955048968119,0.559601902961731,0.10796090960502625
h256_wd1e-05_s1,l6,16,0.0005,0.5145373846355238,0.6971169114112854,0.8920127467105264,0.691396103896104,1.2198107055373175,0.2975960129369551,0.5777766108512878,0.11556536704301834
h256_wd1e-05_s1,l6,17,0.0005,0.4917504018858859,0.6257988214492798,0.9080592105263159,0.7079545454545454,1.2191525125568925,0.2807503958065915,0.5973169207572937,0.14189684391021729
h256_wd1e-05_s1,l6,18,0.0005,0.4580493522317786,0.6386605501174927,0.9143914473684209,0.7115259740259741,1.2016848135130243,0.2797278449456156,0.6157073378562927,0.16590546071529388
h256_wd1e-05_s1,l6,19,0.0005,0.45560261920878764,0.7660510540008545,0.9203227796052632,0.6902597402597401,1.2352528773158216,0.24323907498643632,0.6331068277359009,0.19162289798259735
h256_wd1e-05_s1,l6,20,0.0005,0.47145582029694005,0.6622308492660522,0.9252981085526316,0.6995129870129869,1.752056908274514,0.2863387280028627,0.6501975655555725,0.2054937332868576
h256_wd1e-05_s1,l6,21,0.0005,0.428742002499731,0.6498085856437683,0.9347347861842106,0.700974025974026,1.3820003586496759,0.2749929237912064,0.667532205581665,0.22138452529907227
h256_wd1e-05_s1,l6,22,0.0005,0.42507066538459376,0.6722815036773682,0.9368832236842105,0.7162337662337662,1.6317634862389654,0.28935198738300155,0.6829942464828491,0.24727824330329895
h256_wd1e-05_s1,l6,23,0.0005,0.4193318878349505,0.7294854521751404,0.9305304276315788,0.7003246753246752,1.4059472506756752,0.2630315691705946,0.7008301615715027,0.26238304376602173
h256_wd1e-05_s1,l6,24,0.0005,0.3931704006697002,0.6591134667396545,0.947008634868421,0.7108766233766233,1.8818738567056286,0.33708588035796216,0.715512216091156,0.28551918268203735
h256_wd1e-05_s1,l6,25,0.0005,0.4023606965416356,0.6722089052200317,0.9574321546052632,0.7003246753246753,1.5296070090705247,0.2547909862874076,0.7305089831352234,0.307926207780838
h256_wd1e-05_s1,l6,26,0.0005,0.3640112163204896,0.6843457221984863,0.9589740953947368,0.7069805194805195,1.3377391476198586,0.19431342290658102,0.7426369786262512,0.33570918440818787
h256_wd1e-05_s1,l6,27,0.0005,0.3325162326034747,0.6963844299316406,0.9593338815789474,0.7068181818181818,1.2329720352697384,0.20380496511457213,0.7552268505096436,0.3662566542625427
h256_wd1e-05_s1,l6,28,0.0005,0.38551241708429235,0.8202463984489441,0.9554379111842105,0.6970779220779221,2.3689124491792297,0.3154951186182346,0.7693182229995728,0.38163578510284424
h256_wd1e-05_s1,l6,29,0.0005,0.37259578391125325,0.6981649994850159,0.964196134868421,0.7027597402597403,1.9071227355300173,0.2903336391997601,0.7831042408943176,0.396579384803772
h256_wd1e-05_s1,l6,30,0.0005,0.35942392521782923,0.7084072828292847,0.964391447368421,0.7125,1.9622470242262124,0.24820387139973532,0.7970685958862305,0.416831910610199
h256_wd1e-05_s1,l6,31,0.0005,0.3295951501319283,0.7363043427467346,0.972861842105263,0.7064935064935065,1.8331566347495267,0.21898453673499005,0.8091540932655334,0.43918097019195557
h256_wd1e-05_s1,l6,32,0.0005,0.3205115959832543,0.6899804472923279,0.9757606907894738,0.7077922077922078,1.7771586658182672,0.20564717137903973,0.8201082944869995,0.4620571732521057
h256_wd1e-05_s1,l6,33,0.0005,0.26673105202223124,0.7582772970199585,0.9805407072368421,0.7042207792207792,1.3195868427059207,0.1714841784332417,0.8309600353240967,0.49467140436172485
h256_wd1e-05_s1,l6,34,0.0005,0.27457519032453237,0.7541486620903015,0.983069490131579,0.6998376623376624,1.7536962263423648,0.19092206372409815,0.841039776802063,0.5253855586051941
h256_wd1e-05_s1,l6,35,0.0005,0.27380869968941335,0.747276782989502,0.9832545230263158,0.7060064935064935,1.7310229114598035,0.1634493604873824,0.8506693243980408,0.5541406869888306
h256_wd1e-05_s1,l6,36,0.0005,0.253933358741434,0.7924052476882935,0.9858861019736842,0.7040584415584417,1.7885943783166767,0.16949236398286827,0.8594521880149841,0.5817987322807312
h256_wd1e-05_s1,l6,37,0.0005,0.2262816982049691,0.9340153336524963,0.9836965460526315,0.703409090909091,1.931297542738546,0.1886488173987548,0.8698928356170654,0.6105387210845947
h256_wd1e-05_s1,l6,38,0.0005,0.2604431745253111,0.7649631500244141,0.9872532894736843,0.7113636363636364,2.151441079941552,0.19072242896894695,0.878774106502533,0.6222219467163086
h256_wd1e-05_s1,l6,39,0.0005,0.2764924113687716,0.9106659293174744,0.9915398848684209,0.6961038961038961,2.5983817895225116,0.2004167130841193,0.8898552656173706,0.6365072131156921
h256_wd1e-05_s1,l6,40,0.0005,0.19918159199388405,0.8194504380226135,0.9909231085526315,0.7024350649350649,1.526166903208484,0.15470272551706243,0.8989918828010559,0.6627810001373291
h256_wd1e-05_s1,l6,41,0.0005,0.22210443255148435,0.830041766166687,0.9928556743421053,0.7056818181818182,2.0514086142508696,0.1516451210060387,0.9075449109077454,0.6863763928413391
h256_wd1e-05_s1,l6,42,0.0005,0.21374393372159256,1.0086816549301147,0.9928865131578948,0.699512987012987,2.093953068133215,0.16236207957880938,0.9157953262329102,0.7115381956100464
h256_wd1e-05_s1,l7,1,0.0005,0.7003183986829675,0.6771353483200073,0.7133782012838452,0.6696344892221181,0.7874214768269105,0.2275727693806796,0.2401765137910843,0.03189880773425102
h256_wd1e-05_s1,l7,2,0.0005,0.6675739003264386,0.6681431531906128,0.7597343461939983,0.6821696344892222,0.6407447655839175,0.21585647671726846,0.28803184628486633,0.0321693941950798
h256_wd1e-05_s1,l7,3,0.0005,0.6522218688674595,0.6752713322639465,0.7697518935607827,0.669634489222118,0.948240524468402,0.3221071138046509,0.32377374172210693,0.034973666071891785
h256_wd1e-05_s1,l7,4,0.0005,0.6462992740714032,0.6442693471908569,0.7802284859658086,0.7059512652296157,1.0324854622141615,0.3136250626304981,0.35323190689086914,0.034424521028995514
h256_wd1e-05_s1,l7,5,0.0005,0.6395061275233394,0.636634886264801,0.796813338960337,0.7091143392689785,1.2405152706463825,0.353354170953515,0.38154298067092896,0.03993300348520279
h256_wd1e-05_s1,l7,6,0.0005,0.6156886401383773,0.6473138332366943,0.8079710949704954,0.7092314901593253,0.8973800196328306,0.25222765157045585,0.4059443175792694,0.0482584685087204
h256_wd1e-05_s1,l7,7,0.0005,0.5956188764261163,0.6252123713493347,0.8214314801240902,0.7152061855670103,0.9642083414274115,0.2725319602798131,0.43159157037734985,0.05594061315059662
h256_wd1e-05_s1,l7,8,0.0005,0.5683135377324146,0.6135343909263611,0.8332741017154958,0.729381443298969,1.072542433548128,0.2973163886472362,0.45666730403900146,0.07587844133377075
h256_wd1e-05_s1,l7,9,0.0005,0.5520375798577848,0.6120707988739014,0.8508621902371486,0.7386363636363636,1.0670612856400206,0.2829755535543873,0.47934961318969727,0.09789916127920151
h256_wd1e-05_s1,l7,10,0.0005,0.5843051296213398,0.640276312828064,0.8499515041128954,0.7551546391752577,1.5324467107749578,0.38237759272579,0.5029385685920715,0.09684332460165024
h256_wd1e-05_s1,l7,11,0.0005,0.5726869365443354,0.6026538610458374,0.8678838764132294,0.7458997188378631,1.1201443149069525,0.30511204891248245,0.5267510414123535,0.0909859761595726
h256_wd1e-05_s1,l7,12,0.0005,0.5204830519531084,0.5969276428222656,0.8716154683369983,0.7511715089034677,0.9242888376331567,0.26143159289276513,0.5475248098373413,0.12213023006916046
h256_wd1e-05_s1,l7,13,0.0005,0.5115706531897836,0.5950242877006531,0.8828768796783724,0.7522258669165885,1.0921417048934983,0.2658957468958706,0.5665780901908875,0.15599100291728973
h256_wd1e-05_s1,l7,14,0.0005,0.5218971047712408,0.5944611430168152,0.8953821549943359,0.7525773195876289,1.5363340217891328,0.33543839842965234,0.5871306657791138,0.17431533336639404
h256_wd1e-05_s1,l7,15,0.0005,0.4716781714688177,0.5947906970977783,0.9002983792748569,0.7560918462980318,0.9462557657133466,0.21346020598974888,0.605629563331604,0.20888260006904602
h256_wd1e-05_s1,l7,16,0.0005,0.45632096088450885,0.6548132300376892,0.9015718590583652,0.76558106841612,1.1451717051095833,0.23498161130509695,0.6230850219726562,0.2424228936433792
h256_wd1e-05_s1,l7,17,0.0005,0.4739813104919765,0.6501277685165405,0.9107823756321124,0.7544517338331772,1.566831671682398,0.28957743291020727,0.6428070664405823,0.2591644525527954
h256_wd1e-05_s1,l7,18,0.0005,0.4568754926971767,0.6104933619499207,0.9208887704256532,0.7512886597938144,1.484037745773124,0.2592053920245384,0.6572965383529663,0.27038317918777466
h256_wd1e-05_s1,l7,19,0.0005,0.404513488645139,0.6096016764640808,0.9265379859769145,0.7583177132146205,1.2381460400288804,0.22930440192444776,0.6717396974563599,0.30243346095085144
h256_wd1e-05_s1,l7,20,0.0005,0.42155766357546265,0.6068530082702637,0.9396355774712543,0.7632380506091846,1.4482536789981328,0.24397462424551544,0.6852715015411377,0.33314016461372375
h256_wd1e-05_s1,l7,21,0.0005,0.41277018319005554,0.638007640838623,0.9399761592738203,0.7579662605435802,1.5560136165977303,0.22700544737927608,0.7005913257598877,0.36327338218688965
h256_wd1e-05_s1,l7,22,0.0005,0.432122141122818,0.6313747763633728,0.9460029763887964,0.7709700093720712,2.1319337918557757,0.2973017337988025,0.7178153395652771,0.3798528015613556
h256_wd1e-05_s1,l7,23,0.0005,0.38285308817158575,0.6049363613128662,0.9490682126118923,0.7681583880037488,1.6615993021387359,0.2191789925402342,0.7324262261390686,0.39618077874183655
h256_wd1e-05_s1,l7,24,0.0005,0.43103112733882404,0.8668397665023804,0.9360816804009983,0.7354732895970009,2.226366427250793,0.2933602456844837,0.7507591843605042,0.4081587493419647
h256_wd1e-05_s1,l7,25,0.0005,0.4182515377583711,0.6560858488082886,0.9507711216247232,0.7734301780693533,2.05727751118035,0.270771808755059,0.7672678232192993,0.41230759024620056
h256_wd1e-05_s1,l7,26,0.0005,0.37024072719656903,0.5992399454116821,0.9574050628225347,0.76558106841612,1.603118921554446,0.2240217925143284,0.7790498733520508,0.4368027448654175
h256_wd1e-05_s1,l7,27,0.0005,0.3427645810272383,0.6535486578941345,0.9613735812176539,0.764995313964386,1.3825213835869374,0.18253259090840504,0.789219319820404,0.4802214205265045
h256_wd1e-05_s1,l7,28,0.0005,0.373614344259967,0.6190522313117981,0.9599816381984703,0.76558106841612,1.9426143508522418,0.22840970952645692,0.8022820949554443,0.5024307370185852
h256_wd1e-05_s1,l7,29,0.0005,0.33452649544114654,0.6721674203872681,0.9604110674277929,0.7494142455482662,1.61215716838223,0.19936927165903237,0.8132765293121338,0.5369980335235596
h256_wd1e-05_s1,l7,30,0.0005,0.3460156256737916,0.641968846321106,0.9667488505364163,0.7587863167760075,1.9477637105931438,0.21281478103305898,0.824210524559021,0.5675645470619202
h256_wd1e-05_s1,l7,31,0.0005,0.31477918184321857,0.6953647136688232,0.9718353657182204,0.7535145267104031,1.5707126129606537,0.16558760644046985,0.8337494730949402,0.6015591025352478
h256_wd1e-05_s1,l7,32,0.0005,0.3226552689852922,0.6817262172698975,0.979698362986162,0.7682755388940956,2.0763222794475507,0.19710197158301382,0.8444576263427734,0.6319079995155334
h256_wd1e-05_s1,l7,33,0.0005,0.297841753648675,0.7217450141906738,0.9754114746451656,0.7611293345829429,1.859979312992045,0.1778031244476106,0.856355607509613,0.6627367734909058
h256_wd1e-05_s1,l7,34,0.0005,0.2818683133177135,0.6740310192108154,0.9800167329320392,0.7608950328022492,1.8361090483802365,0.16248732557840095,0.8670464754104614,0.6943058967590332
h256_wd1e-05_s1,l7,35,0.0005,0.3197853597609893,0.7273485064506531,0.9835484181456061,0.7503514526710403,2.703110857986274,0.23731158673449002,0.8769557476043701,0.7105262875556946
h256_wd1e-05_s1,l7,36,0.0005,0.2476155511710955,0.7924686670303345,0.9811643455276426,0.7591377694470478,1.646257832063399,0.15575490166126343,0.8863518238067627,0.7374204397201538
h256_wd1e-05_s1,l7,37,0.0005,0.26668046026126196,0.7132841348648071,0.9877908827732242,0.7592549203373946,1.9859892928621843,0.15515931528046592,0.898587703704834,0.7612692713737488
h256_wd1e-05_s1,l7,38,0.0005,0.2579122360633767,0.7319866418838501,0.9870726994069434,0.7587863167760075,2.4664925833990425,0.17005989392429635,0.9085643887519836,0.7889543771743774
h256_wd1e-05_s1,l7,39,0.0005,0.23930696948714877,0.7398316860198975,0.9903304383880116,0.7530459231490161,1.7039228185853488,0.13817723131747853,0.9167274236679077,0.8227795958518982
h256_wd1e-05_s1,l7,40,0.0005,0.2322551815406136,0.752387285232544,0.9885831056618023,0.7577319587628867,2.1914460176617263,0.13711942666263893,0.9254799485206604,0.8489848375320435
h256_wd1e-05_s1,l7,41,0.0005,0.21440509123646695,0.9146812558174133,0.9895160036427445,0.7409793814432991,1.8156756810753922,0.13256437511404526,0.9330145120620728,0.8793706893920898
h256_wd1e-05_s1,l7,42,0.0005,0.2196365879929584,0.904895544052124,0.991255932416724,0.7485941893158388,2.4139293222479683,0.13621934239172004,0.9415680766105652,0.9078956842422485
h256_wd1e-05_s1,l7,43,0.0005,0.22748065480719443,0.7989803552627563,0.9919370960218565,0.7517572633552014,2.362036424118215,0.1359744557504193,0.9509279727935791,0.9305182695388794
h256_wd1e-05_s1,l7,44,0.0005,0.24153123536835547,0.8059473037719727,0.9900564921555126,0.7360590440487349,2.544655249235809,0.14633112808237456,0.9604335427284241,0.9455662369728088
h256_wd1e-05_s1,l7,45,0.0005,0.19679264724254608,0.8582650423049927,0.994691366251305,0.7458997188378631,2.069182275110035,0.12475492973395863,0.9683295488357544,0.9731061458587646
h256_wd1e-05_s1,l8,1,0.0005,0.7035333270376379,0.6854589581489563,0.6754875948424336,0.6095356037151703,0.7566521840269327,0.24556527606780437,0.23430871963500977,0.03147997707128525
h256_wd1e-05_s1,l8,2,0.0005,0.6774722608652982,0.6742048263549805,0.7558069170972397,0.6661300309597523,0.670825597154919,0.2518478528040886,0.277413010597229,0.03576120734214783
h256_wd1e-05_s1,l8,3,0.0005,0.652270951054313,0.6805943250656128,0.770733448152803,0.6744272445820434,0.8076224980237492,0.3006241059068821,0.30922049283981323,0.03126907721161842
h256_wd1e-05_s1,l8,4,0.0005,0.6359260190616954,0.6608400344848633,0.7862573507734798,0.6801238390092879,0.9837767939007915,0.34323055913617034,0.3400901257991791,0.03639640286564827
h256_wd1e-05_s1,l8,5,0.0005,0.618950984694741,0.6782031655311584,0.802719980139335,0.6842105263157894,0.9479081684766406,0.3137904164768866,0.3712286353111267,0.04505682364106178
h256_wd1e-05_s1,l8,6,0.0005,0.6098488975654949,0.6392084956169128,0.8187016090241896,0.6892879256965944,1.219088729939035,0.36240973632927576,0.40349099040031433,0.056563012301921844
h256_wd1e-05_s1,l8,7,0.0005,0.5797111527486281,0.6450898051261902,0.8311222827351861,0.6875541795665636,1.007288732473049,0.30819462615494336,0.43084728717803955,0.06511929631233215
h256_wd1e-05_s1,l8,8,0.0005,0.5681209496476434,0.6380203366279602,0.8506726248661733,0.6953560371517028,1.114333000533695,0.3205197023548494,0.45531997084617615,0.08306188881397247
h256_wd1e-05_s1,l8,9,0.0005,0.5453999557278373,0.6401219964027405,0.8651259135130104,0.7081114551083592,1.010515365720516,0.24813630639636172,0.47911760210990906,0.10608264803886414
h256_wd1e-05_s1,l8,10,0.0005,0.5248989151282744,0.7491250038146973,0.8650483327902684,0.7050154798761611,1.2928652991072944,0.2731079451447455,0.5038743019104004,0.1302737444639206
h256_wd1e-05_s1,l8,11,0.0005,0.5335080095312812,0.6347504258155823,0.887391580939968,0.7046439628482972,1.2854287786059346,0.3007539521681944,0.5246536135673523,0.14245404303073883
h256_wd1e-05_s1,l8,12,0.0005,0.5380127091299404,0.6752020716667175,0.8806575742059614,0.6923839009287925,1.5660574193951868,0.34369480387959456,0.5447152256965637,0.15480419993400574
h256_wd1e-05_s1,l8,13,0.0005,0.5071319219740954,0.6533949375152588,0.897950317305156,0.7009287925696595,1.2849416492815444,0.28077835773995313,0.5639872550964355,0.16452153027057648
h256_wd1e-05_s1,l8,14,0.0005,0.4797109487381848,0.7679247260093689,0.9004639327219972,0.6951083591331271,1.4550432649944502,0.3332490604712197,0.5806055665016174,0.19300518929958344
h256_wd1e-05_s1,l8,15,0.0005,0.47410099479285156,0.6593881249427795,0.9123725736628963,0.7147987616099072,1.192164663844168,0.24441639994074196,0.5980412364006042,0.2147420048713684
h256_wd1e-05_s1,l8,16,0.0005,0.5010826221921227,0.7251406908035278,0.9138388493227204,0.7221052631578947,1.7216404383341761,0.2979219755235938,0.6164663434028625,0.22882725298404694
h256_wd1e-05_s1,l8,17,0.0005,0.5028969753872264,0.6291693449020386,0.9233502459308911,0.7119504643962847,1.5003802149310657,0.29119564489464034,0.6346601247787476,0.2290101796388626
h256_wd1e-05_s1,l8,18,0.0005,0.42375263842669403,0.6599612832069397,0.9253440705053608,0.7154179566563467,1.0861227315126205,0.22626155793323274,0.6493743658065796,0.263965368270874
h256_wd1e-05_s1,l8,19,0.0005,0.4132883982224898,0.6630317568778992,0.9378888733727444,0.7170278637770898,1.2523993205980852,0.20831059376199287,0.6634460091590881,0.30020856857299805
h256_wd1e-05_s1,l8,20,0.0005,0.3792993155392734,0.672343373298645,0.9423885552917811,0.7181424148606811,1.1604180330734244,0.19494530803696783,0.6766205430030823,0.33760225772857666
h256_wd1e-05_s1,l8,21,0.0005,0.3804014406420968,0.6665828824043274,0.9484786420270293,0.7223529411764706,1.578586485160116,0.2132042433632404,0.6898804306983948,0.3698621690273285
h256_wd1e-05_s1,l8,22,0.0005,0.37308351356874814,0.7129287123680115,0.9522025167186459,0.7141795665634675,1.5774970851982821,0.2100261924719174,0.7032309174537659,0.4022592008113861
h256_wd1e-05_s1,l8,23,0.0005,0.34664917195385153,0.7206917405128479,0.9579590063461031,0.7217337461300309,1.3970920995988458,0.1793350769750902,0.7165064811706543,0.4433007538318634
h256_wd1e-05_s1,l8,24,0.0005,0.39634132182056253,0.7213580012321472,0.9635525764558023,0.7176470588235294,2.0792091555757435,0.2497586067101774,0.7310292720794678,0.4566905200481415
h256_wd1e-05_s1,l8,25,0.0005,0.3372146731073206,0.7153222560882568,0.9656705301866593,0.7228482972136222,1.594144055750068,0.17261991787677977,0.743756890296936,0.48520368337631226
h256_wd1e-05_s1,l8,26,0.0005,0.33629540557211096,0.7237920761108398,0.9698288569256311,0.7181424148606811,1.7905457342170372,0.20653795630346464,0.7561410665512085,0.5163827538490295
h256_wd1e-05_s1,l8,27,0.0005,0.3104450926184654,0.7722979187965393,0.9723890207761176,0.7146749226006192,1.6195112258789537,0.16682853454958593,0.7684100866317749,0.5590591430664062
h256_wd1e-05_s1,l8,28,0.0005,0.3304555348374627,0.7285696864128113,0.9765240732982668,0.7203715170278638,2.084658227044697,0.20750587968842557,0.7816427946090698,0.577726423740387
h256_wd1e-05_s1,l8,29,0.0005,0.3064816858280789,0.7499229311943054,0.9771602352247513,0.7188854489164086,2.0562441429998777,0.17945021729915916,0.7954298853874207,0.602989137172699
h256_wd1e-05_s1,l8,30,0.0005,0.2925685312260281,0.7946779131889343,0.9805893031699483,0.7208668730650155,1.9880886188743396,0.18055516420335083,0.8063514828681946,0.6311048865318298
h256_wd1e-05_s1,l8,31,0.0005,0.3352508856491609,0.7408836483955383,0.9833744511163867,0.719876160990712,2.446357618659631,0.209893203015497,0.8184574246406555,0.6433415412902832
h256_wd1e-05_s1,l8,32,0.0005,0.2889976372772997,0.7807700037956238,0.9804341417244643,0.7224767801857586,2.0501819566058965,0.18349790941532562,0.8299585580825806,0.6666843295097351
h256_wd1e-05_s1,l8,33,0.0005,0.27141833169893786,0.8269703984260559,0.9838554515973872,0.7229721362229103,1.9712173693084862,0.18170840187169182,0.8412854671478271,0.6875414848327637
h256_wd1e-05_s1,l8,34,0.0005,0.2447877743027427,0.839269757270813,0.9879051653245202,0.7172755417956655,1.7329069012457656,0.15755147869448927,0.8511490225791931,0.7194045782089233
h256_wd1e-05_s1,l8,35,0.0005,0.27583190256899054,0.8214157223701477,0.9908842650778135,0.7039009287925697,2.2450033118748043,0.17013973380098563,0.8600267171859741,0.7503349184989929
h256_wd1e-05_s1,l8,36,0.0005,0.2585490183396773,0.8548240065574646,0.9877267296622136,0.7151702786377709,1.8540811494184213,0.14895146944089802,0.869936466217041,0.7799474000930786
h256_wd1e-05_s1,l8,37,0.0005,0.22905061224644835,0.7837353944778442,0.98989898989899,0.7197523219814241,2.013635503965312,0.13735781264215646,0.878153920173645,0.8156901001930237
h256_wd1e-05_s1,l8,38,0.0005,0.20937328853390433,0.8716761469841003,0.9922574438703471,0.7093498452012384,1.7777872034448767,0.12301167617689557,0.8864986300468445,0.8563163876533508
h256_wd1e-05_s1,l8,39,0.0005,0.20540504733269865,0.9424161314964294,0.9935452838678646,0.7113312693498453,2.108202462373238,0.14042549955284953,0.8953070640563965,0.8950597047805786
h256_wd1e-05_s1,l8,40,0.0005,0.22172714634375137,0.9305306077003479,0.9925212183276699,0.7022910216718267,2.594232594489634,0.15542905096582593,0.9038816094398499,0.9256100654602051
h256_wd1e-05_s1,l8,41,0.0005,0.28601633486422623,0.766707718372345,0.994026284348865,0.701795665634675,3.0049480176043506,0.1777694308073761,0.9149851202964783,0.920071542263031
h256_wd1e-05_s1,l8,42,0.0005,0.23292476683855057,0.8445743322372437,0.9937314776024453,0.7152941176470589,2.0677340390391965,0.14020318613681065,0.9236744046211243,0.9446637630462646
h256_wd1e-05_s1,l8,43,0.0005,0.19801973178982735,0.8826914429664612,0.9940030101320424,0.7152941176470589,2.1497906274112197,0.13089157172978733,0.9311873316764832,0.9827674031257629
h256_wd1e-05_s1,l8,44,0.0005,0.21083703874187035,0.8122013807296753,0.995872705550125,0.7102167182662539,2.5838767035689494,0.139801107169605,0.9386829137802124,1.0164611339569092
h256_wd1e-05_s1,l8,45,0.0005,0.2004454183307561,0.8881211876869202,0.9955934149482537,0.7144272445820434,1.9520915277404014,0.11355689077293242,0.9459924697875977,1.0488803386688232
h256_wd1e-05_s1,l8,46,0.0005,0.1696563491767103,0.9563096761703491,0.9973234650654006,0.6999380804953561,1.747722108045091,0.10314180248535293,0.9523681998252869,1.0850059986114502
h256_wd1e-05_s1,l8,47,0.0005,0.18662894449450754,0.9131593704223633,0.9983940790392404,0.7076160990712074,2.3930974654645913,0.11159137713279071,0.9591860175132751,1.111158847808838
h256_wd1e-05_s1,l8,48,0.0005,0.1540011689066887,0.9807618856430054,0.9978975624136914,0.7055108359133128,2.167931716182261,0.11275363991601385,0.9666234850883484,1.1506222486495972
h256_wd1e-05_s1,l8,49,0.0005,0.1533776167780161,0.9989752769470215,0.9988983537370634,0.7039009287925696,1.8762580090652095,0.08777790046507261,0.97281414270401,1.1812163591384888
h256_wd1e-05_s1,l8,50,0.0005,0.15417709438638252,0.926636278629303,0.9986423373520148,0.7093498452012384,2.2370922365954895,0.101882238581932,0.9792423844337463,1.2165231704711914
h256_wd1e-05_s1,l8,51,0.0005,0.13673243366859175,1.0804831981658936,0.9972691585594811,0.7181424148606812,2.1532168413270365,0.09240045816936115,0.9858766794204712,1.2516167163848877
h256_wd1e-05_s1,l8,52,0.0005,0.1475716345012188,1.0116993188858032,0.9989449021707086,0.7056346749226007,2.403536787246244,0.09661204059169527,0.9925969243049622,1.2766351699829102
h256_wd1e-05_s1,l8,53,0.0005,0.16133592650294304,0.9508405923843384,0.998456143617434,0.6986996904024768,2.4837343153241354,0.09175470218159082,0.9990501999855042,1.3013876676559448
h256_wd1e-05_s1,l9,1,0.0005,0.7270722155985625,0.7193202376365662,0.6040080248359888,0.5268275538894096,1.1508150415794496,0.41803245263366723,0.24145826697349548,0.04372706636786461
h256_wd1e-05_s1,l9,2,0.0005,0.6873021462689275,0.6828559041023254,0.7404595243673853,0.6807638238050608,0.5634050002567834,0.2076915668687553,0.2784503996372223,0.06674353778362274
h256_wd1e-05_s1,l9,3,0.0005,0.6785936692486638,0.6866338849067688,0.6677600749765698,0.634020618556701,0.5244460971744686,0.2048938950612284,0.29276296496391296,0.0655076652765274
h256_wd1e-05_s1,l9,4,0.0005,0.6709317513134169,0.6613796949386597,0.7628792760074976,0.6996251171508903,0.599458734375555,0.2244114511337362,0.3087385594844818,0.06285309046506882
h256_wd1e-05_s1,l9,5,0.0005,0.6445032591405122,0.646350085735321,0.7753045923149015,0.7029053420805997,0.572366522934106,0.1999214276769145,0.3314092755317688,0.05416133627295494
h256_wd1e-05_s1,l9,6,0.0005,0.6241479516029358,0.6724972128868103,0.7646365393626993,0.6906044985941892,0.7125390936745866,0.2373028105938712,0.3591100871562958,0.05565093457698822
h256_wd1e-05_s1,l9,7,0.0005,0.6118726497111113,0.6268119812011719,0.8126171508903468,0.7079428303655108,0.8717700247377675,0.28400349314772877,0.3846833407878876,0.06657535582780838
h256_wd1e-05_s1,l9,8,0.0005,0.5863014032011447,0.6918046474456787,0.8030839971883788,0.7048969072164948,1.0512179716114394,0.33206072732153447,0.41215410828590393,0.08821095526218414
h256_wd1e-05_s1,l9,9,0.0005,0.5703356615875078,0.6221079230308533,0.8414362699156513,0.71485473289597,1.1233747035853423,0.3378407497617432,0.4357447624206543,0.10690567642450333
h256_wd1e-05_s1,l9,10,0.0005,0.5566397970137389,0.6311905980110168,0.8535613870665417,0.7195407685098407,1.1656731803748535,0.30221639289131197,0.4568594992160797,0.1337614208459854
h256_wd1e-05_s1,l9,11,0.0005,0.5416370604349219,0.6228832602500916,0.8687690370196814,0.7261012183692596,1.1520515777839184,0.279670580373693,0.4749830663204193,0.1485385149717331
h256_wd1e-05_s1,l9,12,0.0005,0.507494489783826,0.6075313091278076,0.8816556349578257,0.7310215557638239,0.9945268205781993,0.23129768050046914,0.49294859170913696,0.1820519119501114
h256_wd1e-05_s1,l9,13,0.0005,0.5017813159071881,0.678623616695404,0.8824097938144331,0.7191893158388004,1.3479566926910642,0.2798561502140535,0.5111871361732483,0.2145761400461197
h256_wd1e-05_s1,l9,14,0.0005,0.5341755760752637,0.6096331477165222,0.8961677014995313,0.7330131208997187,1.373947383180024,0.2925803974188968,0.5282325148582458,0.21809230744838715
h256_wd1e-05_s1,l9,15,0.0005,0.4876049795876379,0.610881507396698,0.9047343603561386,0.7337160262417994,1.2879214524770408,0.250266802789857,0.5439964532852173,0.25450244545936584
h256_wd1e-05_s1,l9,16,0.0005,0.49670124831406964,0.6097556352615356,0.9073995431115278,0.732427366447985,1.500037562935731,0.2697712306700267,0.560569167137146,0.2723392844200134
h256_wd1e-05_s1,l9,17,0.0005,0.5204110184441442,0.6170523166656494,0.9120343252108715,0.7280927835051547,1.7948021407668555,0.2883335663779434,0.5760790705680847,0.2801821529865265
h256_wd1e-05_s1,l9,18,0.0005,0.47641752854637476,0.622846782207489,0.916119962511715,0.7371134020618557,1.3475558150836233,0.24116944917618505,0.5933292508125305,0.30824512243270874
h256_wd1e-05_s1,l9,19,0.0005,0.4342721402645111,0.6139222383499146,0.9214869376757263,0.738519212746017,1.1383779167360728,0.20507996889655503,0.6063324213027954,0.35133665800094604
h256_wd1e-05_s1,l9,20,0.0005,0.43024251124133234,0.6544908881187439,0.9310859887535146,0.7362933458294282,1.3494404651804994,0.1966699295361673,0.6175604462623596,0.3910163342952728
h256_wd1e-05_s1,l9,21,0.0005,0.4241387170294057,0.639323890209198,0.9385250702905341,0.7371134020618556,1.330522639577931,0.17297809155883206,0.6285701394081116,0.4250851273536682
h256_wd1e-05_s1,l9,22,0.0005,0.41762228763621784,0.642902672290802,0.9428596532333646,0.7396907216494845,1.5540965766041857,0.20923360719459314,0.6399065256118774,0.46056461334228516
h256_wd1e-05_s1,l9,23,0.0005,0.38506915258324664,0.6542901992797852,0.9420029873477038,0.7311387066541706,1.5337682932078536,0.18565353137908785,0.6511000990867615,0.49104195833206177
h256_wd1e-05_s1,l9,24,0.0005,0.48518640580384625,0.6329361200332642,0.9455541237113403,0.7387535145267105,2.3183482565682754,0.28815595421478674,0.6641721725463867,0.4787450134754181
h256_wd1e-05_s1,l9,25,0.0005,0.38023881290269934,0.7321372628211975,0.9505037488284911,0.7421508903467666,1.483128788165252,0.17118886407860703,0.6754023432731628,0.5101147294044495
h256_wd1e-05_s1,l9,26,0.0005,0.37808016720025434,0.6743610501289368,0.9500863987816307,0.7400421743205248,1.7405466224067783,0.19890422960406756,0.6859126091003418,0.5464310050010681
h256_wd1e-05_s1,l9,27,0.0005,0.3893007176077884,0.6332586407661438,0.9593706068416119,0.738987816307404,2.202529250057046,0.2361836482697109,0.6956672072410583,0.5640385746955872
h256_wd1e-05_s1,l9,28,0.0005,0.3516887815102287,0.6744550466537476,0.9598611761949392,0.7365276476101219,1.6704343077151784,0.1884108126260356,0.7050372362136841,0.6052753925323486
h256_wd1e-05_s1,l9,29,0.0005,0.39454328949036804,0.6534057855606079,0.9597220595126523,0.721883786316776,2.289567669938109,0.21223497747210796,0.7149987816810608,0.6146571636199951
h256_wd1e-05_s1,l9,30,0.0005,0.3298855676599171,0.6940810084342957,0.9647595477975632,0.7347703842549204,1.5745114193307235,0.15847409591301187,0.7234923839569092,0.6483926177024841
h256_wd1e-05_s1,l9,31,0.0005,0.33078775522501574,0.7744749188423157,0.9732603092783505,0.7282099343955014,1.8979061568407938,0.16441593206486654,0.7311469912528992,0.678612232208252
h256_wd1e-05_s1,l9,32,0.0005,0.4016694627378298,0.6868586540222168,0.9692918228678538,0.732895970009372,2.514362218075093,0.24472432289277596,0.741431713104248,0.6752942800521851
h256_wd1e-05_s1,l9,33,0.0005,0.31698128969773004,0.7478880882263184,0.9690355552952202,0.729381443298969,1.4820354040390842,0.14038535478343905,0.7506704330444336,0.7071126103401184
h256_wd1e-05_s1,l9,34,0.0005,0.2979716218036154,0.7308335304260254,0.977302014995314,0.7300843486410497,1.8746508342252441,0.16197157540643203,0.7580124735832214,0.7425370812416077
h256_wd1e-05_s1,l9,35,0.0005,0.32154553739920905,0.7282088994979858,0.9775729264292409,0.733833177132146,2.207155512982813,0.17098704982207566,0.7661105990409851,0.7750552892684937
h256_wd1e-05_s1,l9,36,0.0005,0.27782202479632007,0.6933724284172058,0.9810361996251171,0.7373477038425492,2.2299403948676964,0.14993360363027833,0.7745266556739807,0.8086091876029968
h256_wd1e-05_s1,l9,37,0.0005,0.3112742622261462,0.7586695551872253,0.9775729264292408,0.7224695407685097,2.2883473313172886,0.15416029821039354,0.7825909852981567,0.8336175680160522
h256_wd1e-05_s1,l9,38,0.0005,0.2643263709285985,0.8403200507164001,0.9798427249297095,0.726921274601687,2.025388899765323,0.15688826165235323,0.7905681729316711,0.87413489818573
h256_wd1e-05_s1,l9,39,0.0005,0.32481118647948554,0.7312338948249817,0.9879407802249297,0.7207122774133083,2.7687612551040606,0.18947193245664448,0.7986190319061279,0.8889018297195435
h256_wd1e-05_s1,l9,40,0.0005,0.2543286480333494,0.7565069198608398,0.9868058809746953,0.7277413308341142,1.684807749849341,0.12735483120486268,0.8062582612037659,0.9302639365196228
h256_wd1e-05_s1,l9,41,0.0005,0.26069064697493677,0.7890253663063049,0.9866740862230553,0.7264526710402999,2.3228729259180136,0.13696660376510342,0.8132184743881226,0.9700185656547546
h256_wd1e-05_s1,l9,42,0.0005,0.2393878627082576,0.8178075551986694,0.9904229147141519,0.7200093720712277,2.0778901162200514,0.12122550278140114,0.8198749423027039,1.0014557838439941
h256_wd1e-05_s1,l9,43,0.0005,0.2591109528489735,0.8389661908149719,0.9933882966260543,0.7204779756326148,2.6942438736591976,0.13335946322516543,0.8266229033470154,1.02899169921875
h256_wd1e-05_s1,l9,44,0.0005,0.28423900124819385,0.7764808535575867,0.9923046508903468,0.7341846298031864,3.051461054559002,0.1667403309989455,0.834723174571991,1.0443285703659058
h256_wd1e-05_s1,l9,45,0.0005,0.24779691838699838,0.7327876091003418,0.99223143158388,0.73043580131209,2.43025018351949,0.12604805548120132,0.8421424627304077,1.0628587007522583
h256_wd1e-05_s1,l10,1,0.0005,0.7026533147563105,0.6831830739974976,0.7265399183613429,0.6065074906367041,0.9546595977694047,0.24701993593211985,0.23743657767772675,0.032761089503765106
h256_wd1e-05_s1,l10,2,0.0005,0.6632841359014097,0.6830539107322693,0.7228036627073144,0.5939840823970037,0.8276203835362361,0.23606656302359252,0.28276580572128296,0.03433578833937645
h256_wd1e-05_s1,l10,3,0.0005,0.650022830652154,0.659628689289093,0.7745302099805096,0.6560159176029963,0.8963893972239956,0.2638476372361017,0.31549519300460815,0.027744615450501442
h256_wd1e-05_s1,l10,4,0.0005,0.6556400501209757,0.6495848298072815,0.794594197036002,0.6752106741573035,1.3215836016074032,0.4245724347985187,0.34840908646583557,0.033866722136735916
h256_wd1e-05_s1,l10,5,0.0005,0.6230464318524236,0.6485217213630676,0.7998602581546721,0.6688904494382023,1.0994039388631303,0.35816237249577854,0.37603968381881714,0.03287088871002197
h256_wd1e-05_s1,l10,6,0.0005,0.5902327610098798,0.6342138051986694,0.8210642444746808,0.6889044943820225,0.9444987276167182,0.2701937798262443,0.4048802852630615,0.038433559238910675
h256_wd1e-05_s1,l10,7,0.0005,0.5713616803936337,0.6308930516242981,0.8383113301217225,0.6956928838951311,1.0863260729924624,0.29033811926515785,0.43350186944007874,0.05329414829611778
h256_wd1e-05_s1,l10,8,0.0005,0.5684211461440377,0.6172722578048706,0.8574338984297429,0.7150046816479401,1.410590723089391,0.3530397164782652,0.4596949815750122,0.06622187048196793
h256_wd1e-05_s1,l10,9,0.0005,0.6127730400665946,0.6185141801834106,0.8616335086235427,0.7143024344569289,1.7537048639731654,0.4511360043989286,0.4869031608104706,0.05240240693092346
h256_wd1e-05_s1,l10,10,0.0005,0.531248759964238,0.6105327010154724,0.8750045967712279,0.7295177902621723,0.9231985908026499,0.2545265085333817,0.5094873905181885,0.0639592781662941
h256_wd1e-05_s1,l10,11,0.0005,0.5298820980217146,0.7461302280426025,0.8727613724120178,0.7377106741573034,1.290332881807545,0.3041185538033347,0.5346906781196594,0.0875445008277893
h256_wd1e-05_s1,l10,12,0.0005,0.5735679800095765,0.6493561863899231,0.8889052329643659,0.7363061797752809,1.87315560896107,0.41030006068622216,0.5600083470344543,0.08288586139678955
h256_wd1e-05_s1,l10,13,0.0005,0.4946860204572263,0.6022390723228455,0.899753613062185,0.739700374531835,1.0808863613291375,0.26792124255165156,0.5824951529502869,0.09541451930999756
h256_wd1e-05_s1,l10,14,0.0005,0.4655927536280259,0.6002180576324463,0.9115581215754054,0.7447331460674158,1.1977272139826618,0.249039173117962,0.6042106747627258,0.12597639858722687
h256_wd1e-05_s1,l10,15,0.0005,0.49303417879602185,0.6505633592605591,0.90502702901482,0.74812734082397,1.7463919942459643,0.34540117193131586,0.6282927989959717,0.14292319118976593
h256_wd1e-05_s1,l10,16,0.0005,0.4553811200287031,0.6683406829833984,0.9193468907439414,0.7466058052434458,1.1949739800003993,0.24961768867503456,0.6482134461402893,0.1670045256614685
h256_wd1e-05_s1,l10,17,0.0005,0.4676347038020258,0.642515242099762,0.927827014305152,0.739934456928839,1.7877921873388578,0.31836696809633475,0.6688261032104492,0.18498101830482483
h256_wd1e-05_s1,l10,18,0.0005,0.4273692926634913,0.6224388480186462,0.9311513992571617,0.7528089887640449,1.6637874383667206,0.26766066185384707,0.6873675584793091,0.21183544397354126
h256_wd1e-05_s1,l10,19,0.0005,0.49274615749068884,0.7709676623344421,0.9316809473026146,0.7406367041198503,2.1291505417394405,0.3813209411665067,0.7071362137794495,0.19807294011116028
h256_wd1e-05_s1,l10,20,0.0005,0.4642691521540932,0.6162941455841064,0.937822233663075,0.7487125468164794,1.9360413943281163,0.3285212884350249,0.7282102704048157,0.19809158146381378
h256_wd1e-05_s1,l10,21,0.0005,0.3924766584582951,0.6432039737701416,0.946530357077189,0.7437968164794007,1.3246587035445339,0.25899071609635166,0.7441713809967041,0.2275392860174179
h256_wd1e-05_s1,l10,22,0.0005,0.37043309211730957,0.6765862703323364,0.9553561578347369,0.7395833333333334,1.2645579587808715,0.22153748407378485,0.7586942315101624,0.25791630148887634
h256_wd1e-05_s1,l10,23,0.0005,0.352096992990245,0.6788128018379211,0.9571875114919282,0.7447331460674157,1.5414542064640258,0.2166632254213755,0.7732730507850647,0.29150593280792236
h256_wd1e-05_s1,l10,24,0.0005,0.3368501663208008,0.6908429861068726,0.9661677637627331,0.7388810861423222,1.2502112771716356,0.1906649218241191,0.7883161306381226,0.3189603090286255
h256_wd1e-05_s1,l10,25,0.0005,0.3412808439005976,0.7345055937767029,0.9638436362299121,0.7327949438202248,1.6043710152325519,0.22115269346644814,0.8030745387077332,0.3500201404094696
h256_wd1e-05_s1,l10,26,0.0005,0.3399599842403246,0.7222511172294617,0.9674254403706837,0.739934456928839,1.7229456957249076,0.24259463919898738,0.8204149007797241,0.3686826229095459
h256_wd1e-05_s1,l10,27,0.0005,0.3181360778601273,0.7826834321022034,0.9769940793586585,0.7357209737827716,1.7851943917087605,0.20922539975904877,0.8358047008514404,0.39311009645462036
h256_wd1e-05_s1,l10,28,0.0005,0.30103555192118103,0.7378650307655334,0.9771779502077741,0.7338483146067416,1.3677634304768371,0.18004400878003277,0.850457489490509,0.4239599406719208
h256_wd1e-05_s1,l10,29,0.0005,0.2880474879689839,0.7834154963493347,0.9774647887323944,0.7333801498127341,1.8723207050160142,0.1979040184146521,0.8653530478477478,0.4532322883605957
h256_wd1e-05_s1,l10,30,0.0005,0.3185864900765212,0.7406550049781799,0.9808259478542272,0.7303370786516854,2.257007424233009,0.2226974473362007,0.8810417056083679,0.472112238407135
h256_wd1e-05_s1,l10,31,0.0005,0.2600402287814928,0.7996690273284912,0.9789945941970359,0.7249531835205992,1.504599894958572,0.16287523934999462,0.8939271569252014,0.5004196166992188
h256_wd1e-05_s1,l10,32,0.0005,0.2521072541889937,0.7860502600669861,0.9857831059463833,0.7286985018726593,1.5253533369793957,0.16170293753189877,0.9052359461784363,0.5330663919448853
h256_wd1e-05_s1,l10,33,0.0005,0.2525558183374612,0.8452476859092712,0.9884749751774353,0.7257724719101124,1.6158748534985923,0.1554741008520993,0.9160701632499695,0.560591459274292
h256_wd1e-05_s1,l10,34,0.0005,0.23898721194785574,0.8486505746841431,0.9894605229286948,0.7222612359550563,1.7982653750250004,0.15664009592308864,0.9273831248283386,0.5939947366714478
h256_wd1e-05_s1,l10,35,0.0005,0.24254302032615827,1.0236825942993164,0.9910638767329827,0.7180477528089888,1.9546039569739926,0.1758627137868865,0.9387083053588867,0.6234192252159119
h256_wd1e-05_s1,l10,36,0.0005,0.31579330822695856,0.7429792881011963,0.9878498142904424,0.7180477528089888,3.045979133529689,0.27913149550968275,0.9532443284988403,0.6257606148719788
h256_wd1e-05_s1,l10,37,0.0005,0.2831269709960274,1.1359745264053345,0.9881734269848859,0.7235486891385767,2.1134318837143606,0.199043845778605,0.9695671796798706,0.6306837797164917
h256_wd1e-05_s1,l10,38,0.0005,0.2749360754438069,0.7943052649497986,0.9909094252197257,0.7311563670411985,1.9708617354979012,0.19136035814124658,0.9841954112052917,0.645728588104248
h256_wd1e-05_s1,l11,1,0.0005,0.6986965509978208,0.6882045269012451,0.685344924326872,0.5926724137931034,1.141066584613897,0.34610664195328567,0.23021119832992554,0.01745910756289959
h256_wd1e-05_s1,l11,2,0.0005,0.6758537780154835,0.6627060770988464,0.7579881346929309,0.6649904214559388,1.332262043029472,0.4428255545138739,0.27607014775276184,0.024158751592040062
h256_wd1e-05_s1,l11,3,0.0005,0.6573283103379336,0.6939218044281006,0.7708035640808876,0.6829501915708811,1.0758634841679322,0.33985081213827933,0.307752788066864,0.027328509837388992
h256_wd1e-05_s1,l11,4,0.0005,0.6459001140160994,0.6550955176353455,0.7759057957461453,0.6770833333333333,1.1273069714470945,0.39046958595393666,0.3376757502555847,0.030182333663105965
h256_wd1e-05_s1,l11,5,0.0005,0.6125818870284341,0.6794189214706421,0.8030329101423688,0.7019875478927203,1.1451172956786015,0.3678685963475424,0.3724116086959839,0.029520293697714806
h256_wd1e-05_s1,l11,6,0.0005,0.6036487059159712,0.628260612487793,0.8247061728025618,0.7150383141762453,1.3560960045906454,0.421396052161105,0.4049871861934662,0.03452746942639351
h256_wd1e-05_s1,l11,7,0.0005,0.5553222149610519,0.6119334101676941,0.8425864274652681,0.7212643678160918,1.0815931368560892,0.355139779114587,0.43904998898506165,0.045889049768447876
h256_wd1e-05_s1,l11,8,0.0005,0.5815587192773819,0.6495868563652039,0.8509654589390052,0.7273706896551724,1.6673798675807807,0.5377148343352053,0.4716950058937073,0.05089998617768288
h256_wd1e-05_s1,l11,9,0.0005,0.5643360343846408,0.6153673529624939,0.8588357635018367,0.725095785440613,1.6322589900468574,0.4940408668756969,0.5024806261062622,0.05548088252544403
h256_wd1e-05_s1,l11,10,0.0005,0.5321916152130474,0.5947731137275696,0.8766037989930199,0.7400622605363986,1.1808649701308573,0.3464265963165447,0.5306726694107056,0.06344394385814667
h256_wd1e-05_s1,l11,11,0.0005,0.4976800016381524,0.6167145371437073,0.8866361929271996,0.7418582375478927,1.2412315760997403,0.37711754194421354,0.5565662384033203,0.08491557836532593
h256_wd1e-05_s1,l11,12,0.0005,0.49526253884488886,0.6147555708885193,0.8985014999962594,0.7503591954022988,1.4010189168513003,0.3910930127360883,0.5826984643936157,0.10323145240545273
h256_wd1e-05_s1,l11,13,0.0005,0.48105625672773883,0.7039895057678223,0.8909154840012867,0.7306034482758621,1.3527190362291248,0.35191128088758916,0.6067305207252502,0.12066039443016052
h256_wd1e-05_s1,l11,14,0.0005,0.47720251841978595,0.5913327932357788,0.9142196652876178,0.7529932950191571,1.5547952124504365,0.37167079123952784,0.631321907043457,0.13110429048538208
h256_wd1e-05_s1,l11,15,0.0005,0.4404137974435633,0.6324798464775085,0.9219403442884182,0.755028735632184,1.4340016925296168,0.34284332659539923,0.6550684571266174,0.1518678069114685
h256_wd1e-05_s1,l11,16,0.0005,0.5207759832794016,0.5882389545440674,0.9296909484016248,0.7629310344827587,2.1544361973438244,0.4590799136671426,0.6815230846405029,0.14837050437927246
h256_wd1e-05_s1,l11,17,0.0005,0.4770934974605387,0.6062974333763123,0.925209662818796,0.757183908045977,1.6289862297531654,0.3908752848466225,0.7065505981445312,0.1514902412891388
h256_wd1e-05_s1,l11,18,0.0005,0.43294460800561035,0.5833917260169983,0.9348979179603043,0.7641283524904214,1.3890275950821438,0.31482224071528947,0.724716067314148,0.17034679651260376
h256_wd1e-05_s1,l11,19,0.0005,0.39756363359364594,0.5915634036064148,0.9411148600626931,0.7625718390804598,1.24423061747088,0.26273212465923745,0.7413739562034607,0.20128346979618073
h256_wd1e-05_s1,l11,20,0.0005,0.3888010836460374,0.6496660709381104,0.9478330477978858,0.7570641762452107,1.4561850034950743,0.284644601487542,0.7592898011207581,0.22928577661514282
h256_wd1e-05_s1,l11,21,0.0005,0.3651821423660625,0.6113147139549255,0.9546410108702971,0.7598180076628351,1.3047047978112793,0.27384490644154486,0.7768713235855103,0.26018741726875305
h256_wd1e-05_s1,l11,22,0.0005,0.3785896443507888,0.6038318872451782,0.958905339388181,0.7601772030651341,1.8050673940661233,0.32105821769561643,0.794059693813324,0.2840005159378052
h256_wd1e-05_s1,l11,23,0.0005,0.4071975580670617,0.6370403170585632,0.956526292951888,0.7573036398467433,2.1855088823581736,0.37221963819263376,0.8145559430122375,0.2874143421649933
h256_wd1e-05_s1,l11,24,0.0005,0.45785496858033264,0.64118891954422,0.9523816648836287,0.7521551724137931,2.3531399115696847,0.4042515020731292,0.8348405361175537,0.27953001856803894
h256_wd1e-05_s1,l11,25,0.0005,0.34313755346970126,0.6762482523918152,0.958239505637143,0.7608955938697318,1.140125603103447,0.2502751609991567,0.8517776131629944,0.3067883253097534
h256_wd1e-05_s1,l11,26,0.0005,0.33645574206655676,0.6156884431838989,0.9649726559285389,0.7625718390804599,1.7223023689292278,0.29715131002949285,0.865109920501709,0.3345172703266144
h256_wd1e-05_s1,l11,27,0.0005,0.3253045319156213,0.6385949850082397,0.9647407363073908,0.7610153256704981,1.5572569385006276,0.24607883597532448,0.8792420625686646,0.35849499702453613
h256_wd1e-05_s1,l11,28,0.0005,0.31144757026975806,0.6565305590629578,0.9743466973897821,0.7628113026819924,1.4531485862459055,0.22577460888371512,0.8915330767631531,0.38745370507240295
h256_wd1e-05_s1,l11,29,0.0005,0.35340703346512536,0.6218244433403015,0.977945192156628,0.7606561302681992,2.2975195877476637,0.3058307844179074,0.905343234539032,0.402182400226593
h256_wd1e-05_s1,l11,30,0.0005,0.3045746386051178,0.6474828720092773,0.9772269894588792,0.7579022988505747,1.7320957628163312,0.22534657640558312,0.9192789793014526,0.41479119658470154
h256_wd1e-05_s1,l11,31,0.0005,0.28754214671525086,0.6642911434173584,0.977428983967621,0.7598180076628352,1.673859399869704,0.2222509309393079,0.9322117567062378,0.43945035338401794
h256_wd1e-05_s1,l11,32,0.0005,0.3181892911141569,0.642052173614502,0.9851122565779138,0.759698275862069,2.074500477011255,0.27503067145383836,0.9442640542984009,0.4516252279281616
h256_wd1e-05_s1,l11,33,0.0005,0.24163851616057483,0.7039648294448853,0.9855312081516006,0.7605363984674329,1.4388618756547418,0.19274346379511018,0.9561545848846436,0.48043394088745117
h256_wd1e-05_s1,l11,34,0.0005,0.24513877386396582,0.6820045709609985,0.9857706090508502,0.7686781609195402,1.551404462594403,0.17164425326266305,0.9664090871810913,0.5076373815536499
h256_wd1e-05_s1,l11,35,0.0005,0.30669339813969354,0.6549577713012695,0.9898179805037893,0.7605363984674329,2.4571196421131543,0.2737100682947843,0.9780527353286743,0.519136369228363
h256_wd1e-05_s1,l11,36,0.0005,0.24987764588811182,0.6815388202667236,0.9874613779018007,0.7695162835249042,1.5657889941698477,0.18627512968595408,0.9903186559677124,0.5340234041213989
h256_wd1e-05_s1,l11,37,0.0005,0.2458533515984362,0.7616949677467346,0.991471342964232,0.7626915708812261,1.7736123413340392,0.19418351162593311,0.9998939633369446,0.5597066283226013
h256_wd1e-05_s1,l11,38,0.0005,0.2399105043573813,0.7350149750709534,0.9918603694255127,0.7608955938697317,1.9065226606587353,0.20644556097355427,1.011610746383667,0.5817258358001709
h256_wd1e-05_s1,l11,39,0.0005,0.24952308698133988,1.059743046760559,0.9932818122648073,0.7538314176245211,2.0705435555141265,0.22794179323557054,1.0218732357025146,0.6075387597084045
h256_wd1e-05_s1,l11,40,0.0005,0.2563608112660321,0.8838958740234375,0.9901696005745622,0.7574233716475096,2.22311394699377,0.20605761450469445,1.033753514289856,0.6124927401542664
h256_wd1e-05_s1,l11,41,0.0005,0.2710156301883134,0.8539117574691772,0.9927581227976987,0.7550287356321839,2.401276669880824,0.22332286059594886,1.0456974506378174,0.6165986061096191
h256_wd1e-05_s1,l11,42,0.0005,0.20177410475232385,0.7610580921173096,0.9956010084762881,0.7582614942528736,1.7378900632294632,0.15509540121262239,1.0559264421463013,0.6395150423049927
h256_wd1e-05_s1,l11,43,0.0005,0.22818729687820782,0.7884029746055603,0.9942917848085167,0.7564655172413792,2.248258039843682,0.18182261641800437,1.0646378993988037,0.6603390574455261
h256_wd1e-05_s1,l11,44,0.0005,0.2356686063788154,1.0162625312805176,0.9920399200999499,0.7559865900383141,2.515798420045206,0.20039523740684764,1.0741976499557495,0.6763514876365662
h256_wd1e-05_s1,l11,45,0.0005,0.20993134785782208,0.7641810774803162,0.9953840514113431,0.7628113026819923,1.8866636751352872,0.16319819900998483,1.0849992036819458,0.6894453167915344
h256_wd1e-05_s1,l11,46,0.0005,0.17646177079189906,0.807704746723175,0.9972244458243247,0.7620929118773946,1.586241881719745,0.1328942751348545,1.0930882692337036,0.7151320576667786
h256_wd1e-05_s1,l11,47,0.0005,0.1834536496211182,0.8084768652915955,0.9971571143214106,0.7581417624521072,1.9606759986882525,0.15030884839302597,1.1015328168869019,0.7386388778686523
h256_wd1e-05_s1,l11,48,0.0005,0.14015870134938846,0.9748534560203552,0.9940224587968608,0.7629310344827586,1.4244219592082394,0.11809127691048582,1.1085989475250244,0.7682797312736511
h256_wd1e-05_s1,l11,49,0.0005,0.19582211023027246,0.8234239816665649,0.9967755691382315,0.761015325670498,2.411893552368888,0.16833653434811324,1.117318868637085,0.780311107635498
h256_wd1e-05_s1,l11,50,0.0005,0.1876744716004892,0.8633959889411926,0.9980249425811906,0.7632902298850576,2.406830698271473,0.15469684806775819,1.1259691715240479,0.7981240749359131
h256_wd1e-05_s1,l11,51,0.0005,0.1383635008876974,0.9358169436454773,0.99676808786013,0.7666427203065134,1.4604283900450348,0.10856925939651431,1.1330350637435913,0.8194767832756042
h256_wd1e-05_s1,l11,52,0.0005,0.16066585244102913,0.9805005788803101,0.9980399051373936,0.7610153256704981,1.90024344937882,0.12576599011072703,1.142654538154602,0.8409526348114014
h256_wd1e-05_s1,l11,53,0.0005,0.18258614008399573,0.8792772889137268,0.9980473864154953,0.7567049808429119,2.449952570879417,0.1450058457532931,1.1514077186584473,0.8558467030525208
h256_wd1e-05_s1,l11,54,0.0005,0.13940198584036392,0.9055939316749573,0.9983690813738619,0.7623323754789271,1.5808374361055646,0.10608194770267497,1.1584985256195068,0.8786448240280151
h256_wd1e-05_s1,l11,55,0.0005,0.15341271764852785,0.8618170022964478,0.9990648402373061,0.7490421455938696,2.1548400428808874,0.13454108069332305,1.1657018661499023,0.8964962363243103
h256_wd1e-05_s1,l11,56,0.0005,0.14749861830337482,0.8950945734977722,0.9983915252081665,0.7638888888888888,1.9645326364953386,0.14746869290198752,1.1740802526474,0.9173070192337036
h256_wd1e-05_s1,l12,1,0.0005,0.7017294033007189,0.6821373105049133,0.6956165630213864,0.5920145190562613,0.9226929486344513,0.2733589935822471,0.24113965034484863,0.03081365115940571
h256_wd1e-05_s1,l12,2,0.0005,0.680562824010849,0.6724915504455566,0.7488017594418324,0.6370235934664247,0.8264088947700411,0.26031806740406793,0.28284475207328796,0.04120777174830437
h256_wd1e-05_s1,l12,3,0.0005,0.6495857672257856,0.6669257283210754,0.7782648263309571,0.6574712643678161,0.7220395780874229,0.23830286391079133,0.31482118368148804,0.03475559130311012
h256_wd1e-05_s1,l12,4,0.0005,0.6434309509667483,0.6486690044403076,0.7864098286060974,0.6625529340592861,1.078826040714804,0.31040047856350644,0.3457289934158325,0.031228182837367058
h256_wd1e-05_s1,l12,5,0.0005,0.603084230964834,0.6427822113037109,0.8010086455331411,0.67005444646098,0.8117805978285012,0.2612254134169373,0.3791305720806122,0.03603583946824074
h256_wd1e-05_s1,l12,6,0.0005,0.5730907402255319,0.6510269641876221,0.832185651448506,0.6983666061705989,1.0827695755417608,0.3173057152968208,0.413650780916214,0.05566498264670372
h256_wd1e-05_s1,l12,7,0.0005,0.5653562681241469,0.6493746638298035,0.8540725011375703,0.7056261343012703,1.2634706042385584,0.35848321532161653,0.4463673532009125,0.07454226166009903
h256_wd1e-05_s1,l12,8,0.0005,0.5747645063833757,0.6309430599212646,0.8692780221446991,0.7157894736842105,1.710017525525892,0.4179469508102827,0.47347331047058105,0.08035624027252197
h256_wd1e-05_s1,l12,9,0.0005,0.5393332107500597,0.6055213809013367,0.8787881086000302,0.7155474894131882,1.4839073860316736,0.37791698780523447,0.4991509020328522,0.09207158535718918
h256_wd1e-05_s1,l12,10,0.0005,0.5165261775255203,0.6141830682754517,0.8876535719702716,0.7102238354506957,1.1281987327203262,0.2725301126451833,0.5234807133674622,0.11347030103206635
h256_wd1e-05_s1,l12,11,0.0005,0.47200217707590625,0.6203985810279846,0.8957909904444107,0.7150635208711433,1.1035075933373664,0.269735821744373,0.5463172197341919,0.1487533003091812
h256_wd1e-05_s1,l12,12,0.0005,0.5160858333110809,0.6842970848083496,0.9070832701349917,0.7196612220205687,1.98309307795612,0.4002082049780004,0.5691474676132202,0.16576364636421204
h256_wd1e-05_s1,l12,13,0.0005,0.4677553556182168,0.6147612929344177,0.914371302897012,0.7203871748336359,1.5254944679590539,0.2888357638698895,0.5892794728279114,0.17897135019302368
h256_wd1e-05_s1,l12,14,0.0005,0.4403589801354842,0.6262388825416565,0.9176095859244654,0.7293405928614639,1.2785313418936008,0.24025044873244028,0.6067864298820496,0.2129247635602951
h256_wd1e-05_s1,l12,15,0.0005,0.43877114220099017,0.6779506802558899,0.9249052024874868,0.7329703569267998,1.4978140439134167,0.2672083191118139,0.6243799328804016,0.23649314045906067
h256_wd1e-05_s1,l12,16,0.0005,0.4386977499181574,0.6347883343696594,0.9317002881844381,0.7320024198427103,1.7792698034678849,0.2881393138119211,0.6433911323547363,0.2546199858188629
h256_wd1e-05_s1,l12,17,0.0005,0.40158751471476123,0.6270155310630798,0.938700136508418,0.7380520266182697,1.5156730067213582,0.23028281741043297,0.6611344218254089,0.2856040894985199
h256_wd1e-05_s1,l12,18,0.0005,0.41393179446458817,0.6385123133659363,0.9409525254057335,0.7326073805202662,1.7035963646035719,0.2528737117455571,0.6762241721153259,0.3081660866737366
h256_wd1e-05_s1,l12,19,0.0005,0.4461616033857519,0.6268393397331238,0.9494084635219172,0.7304295220810646,1.927035362223411,0.2761542641212296,0.6920105218887329,0.3150850832462311
h256_wd1e-05_s1,l12,20,0.0005,0.41005428812720557,0.8243864178657532,0.9388669801304415,0.7334543254688445,1.7550567126449956,0.25691118925691675,0.7086979150772095,0.33359527587890625
h256_wd1e-05_s1,l12,21,0.0005,0.38165370984510943,0.6542989611625671,0.9498255725769755,0.7275257108287961,1.5848083434568843,0.22602549467078886,0.7243346571922302,0.35570845007896423
h256_wd1e-05_s1,l12,22,0.0005,0.36173956299369986,0.6357031464576721,0.959456999848324,0.736963097398669,1.4458598531842224,0.2064065587538825,0.7378947734832764,0.3838784992694855
h256_wd1e-05_s1,l12,23,0.0005,0.3488114482977174,0.6625799536705017,0.9591157288032761,0.7317604355716877,1.411186938782716,0.19782701290725752,0.7515833377838135,0.420583039522171
h256_wd1e-05_s1,l12,24,0.0005,0.34904449162158097,0.7134642004966736,0.9582815106931595,0.7410768300060497,1.8658322647718273,0.2388755285917224,0.7642713785171509,0.45088326930999756
h256_wd1e-05_s1,l12,25,0.0005,0.3541962971741503,0.7715485692024231,0.9644698923100258,0.736963097398669,2.120862879627332,0.25010976188887235,0.7802305221557617,0.4712982773780823
h256_wd1e-05_s1,l12,26,0.0005,0.3863539709286256,0.6614577770233154,0.9664340967693008,0.7411978221415607,2.6567497678478262,0.32611466499055153,0.794826865196228,0.47507354617118835
h256_wd1e-05_s1,l12,27,0.0005,0.40423947979103436,0.6984766721725464,0.9745108448354315,0.7364791288566243,2.568954391262278,0.3034324171341101,0.8081004023551941,0.45581573247909546
h256_wd1e-05_s1,l12,28,0.0005,0.3342463726347143,0.7553529143333435,0.9695055361747307,0.7407138535995159,1.866297862839523,0.23341249022045743,0.8214461207389832,0.4648864269256592
h256_wd1e-05_s1,l12,29,0.0005,0.2875827435742725,0.7042126655578613,0.9782648263309571,0.7382940108892921,1.476007407439863,0.1858407216596344,0.8322629332542419,0.49686577916145325
h256_wd1e-05_s1,l12,30,0.0005,0.2900580167770386,0.7374092936515808,0.9689443349006522,0.7349062310949789,1.8845654180140217,0.20506815994931948,0.8432367444038391,0.5313302278518677
h256_wd1e-05_s1,l12,31,0.0005,0.32494443451816385,0.6587662696838379,0.9782269073259517,0.7422867513611614,2.1648865515520166,0.1988828571463834,0.8552836775779724,0.5536930561065674
h256_wd1e-05_s1,l12,32,0.0005,0.27406985041770066,0.6882103681564331,0.9804792962232671,0.7447065940713854,1.484777930073826,0.16885082510423913,0.8653277158737183,0.5863217711448669
h256_wd1e-05_s1,l12,33,0.0005,0.2503791478547183,0.7476031184196472,0.9847262247838617,0.7384150030248033,1.8265860301590706,0.1789000194211631,0.874825656414032,0.6235368847846985
h256_wd1e-05_s1,l12,34,0.0005,0.22438281029462814,0.7262863516807556,0.9886849689064159,0.7388989715668481,1.3663089915104505,0.12805592066470847,0.8839619755744934,0.6560622453689575
h256_wd1e-05_s1,l12,35,0.0005,0.23036451637744904,0.8254848718643188,0.9868193538601546,0.7396249243799153,1.7217708828722822,0.16426487140431834,0.8926543593406677,0.6914348006248474
h256_wd1e-05_s1,l12,36,0.0005,0.23791644417426802,0.7660401463508606,0.9875549825572577,0.7398669086509376,1.814880329227897,0.13245648087053777,0.9018422961235046,0.7179306745529175
h256_wd1e-05_s1,l12,37,0.0005,0.24263884601267902,0.723229706287384,0.9941908084331867,0.7451905626134302,1.9813149927789915,0.14827518689193211,0.9106493592262268,0.7404777407646179
h256_wd1e-05_s1,l12,38,0.0005,0.20294531400908122,0.7883527874946594,0.993250417109055,0.7516031457955233,1.9611450713205132,0.14948684092977865,0.9196412563323975,0.7706395387649536
h256_wd1e-05_s1,l12,39,0.0005,0.19122500175779517,0.8679640889167786,0.9942059760351889,0.7384150030248035,2.0510200024031864,0.16262635490767147,0.9292162656784058,0.8005534410476685
h256_wd1e-05_s1,l12,40,0.0005,0.20462674308906903,0.788413405418396,0.9953738813893523,0.7364791288566243,2.3099385256917264,0.16897643343022226,0.9380471706390381,0.8204110860824585
h256_wd1e-05_s1,l12,41,0.0005,0.18918165361339395,0.8557920455932617,0.9970878204155923,0.737568058076225,2.0194473780448323,0.1350910757855193,0.9466366171836853,0.856386125087738
h256_wd1e-05_s1,l12,42,0.0005,0.2071602022783323,0.7768675684928894,0.9961701804944638,0.7375680580762249,2.1302377883127694,0.13497409970432306,0.9566437005996704,0.8820500373840332
h256_wd1e-05_s1,l12,43,0.0005,0.18913006985729391,0.8540807962417603,0.9952373729713331,0.7418027828191167,2.4244797385998713,0.14848162775669685,0.9658829569816589,0.9078954458236694
h256_wd1e-05_s1,l12,44,0.0005,0.1856912730092352,0.7989875674247742,0.9973456696496283,0.7472474289171203,2.320272685685262,0.13393379530110397,0.9747685194015503,0.9314483404159546
h256_wd1e-05_s1,l12,45,0.0005,0.24222923070192337,0.7330362796783447,0.9979902927347186,0.7430127041742286,2.9781864116188,0.19172277555400336,0.9851809740066528,0.9499344229698181
h256_wd1e-05_s1,l12,46,0.0005,0.21073851903731172,0.8006483912467957,0.9982405581677536,0.7471264367816092,2.2809233936828552,0.1545430923189585,0.9946098923683167,0.9631757140159607
h256_wd1e-05_s1,l12,47,0.0005,0.20626863786442715,0.772511899471283,0.9963446079174882,0.7563218390804598,2.4955547567161216,0.15159416194924102,1.0033093690872192,0.9782265424728394
h256_wd1e-05_s1,l12,48,0.0005,0.18097387525168332,0.8012393712997437,0.9976717730926741,0.7449485783424077,2.3076557559330664,0.13666995207082988,1.0117053985595703,1.0061874389648438
h256_wd1e-05_s1,l12,49,0.0005,0.13480032980442047,0.8229223489761353,0.9981268011527378,0.7430127041742287,1.539243456825728,0.10842989173778043,1.0190749168395996,1.0466086864471436
h256_wd1e-05_s1,l12,50,0.0005,0.15259512242945758,0.8400318622589111,0.9986197482178069,0.7438596491228069,2.038201233430658,0.10870931580397984,1.0261425971984863,1.083268165588379
h256_wd1e-05_s1,l12,51,0.0005,0.2289475371891802,0.8045656085014343,0.9983467313817685,0.7422867513611615,3.4107714372296765,0.1747043024004278,1.035277009010315,1.0951063632965088
h256_wd1e-05_s1,l12,52,0.0005,0.2138352861458605,0.9463030695915222,0.9976945244956772,0.7431336963097398,2.785253278404213,0.14350313464328132,1.045719861984253,1.1010291576385498
h256_wd1e-05_s1,l12,53,0.0005,0.16658351401036436,0.799797534942627,0.9990065220688609,0.7455535390199637,2.2145532512862895,0.10626982917998622,1.0530108213424683,1.1240668296813965
h256_wd1e-05_s1,l12,54,0.0005,0.16900211115452377,0.8964224457740784,0.9993250417109055,0.7329703569267998,2.3325072838329697,0.12036982359381311,1.0605034828186035,1.1551475524902344
h256_wd1e-05_s1,l12,55,0.0005,0.1750760195268826,0.8946100473403931,0.9993174579099044,0.7393829401088929,2.555015874610205,0.1472983430899049,1.0680313110351562,1.175734043121338
h256_wd1e-05_s1,l12,56,0.0005,0.14828015051104806,0.8965998888015747,0.9995298043379343,0.7379310344827585,1.992383346889744,0.1012186944187682,1.0748662948608398,1.207370638847351
h256_wd1e-05_s1,l12,57,0.0005,0.14787883971902457,0.9573009014129639,0.998157136356742,0.7378100423472475,2.296782382656646,0.10843989736596753,1.0814441442489624,1.2350174188613892
h256_wd1e-05_s1,l12,58,0.0005,0.1470971256494522,0.8683287501335144,0.9998331563779767,0.7456745311554748,2.5282572178699843,0.10706736153748508,1.0877758264541626,1.2568023204803467
h256_wd1e-05_s1,l12,59,0.0005,0.13706634125926279,1.0911918878555298,0.999378128317913,0.7362371445856019,2.587940980782007,0.11933136128279012,1.0951875448226929,1.2789908647537231
h256_wd1e-05_s1,l12,60,0.0005,0.1454415936022997,0.9945210218429565,0.9995601395419385,0.7352692075015124,2.3455977623076567,0.09705082910409661,1.1018155813217163,1.2979477643966675
h256_wd1e-05_s1,l12,61,0.0005,0.18767789378762245,1.13176429271698,0.9989989382678598,0.7172413793103447,3.795634421923373,0.12601625483317622,1.1103063821792603,1.3085750341415405
h256_wd1e-05_s1,l12,62,0.0005,0.1883499544452537,0.941814661026001,0.9995904747459426,0.7374470659407139,3.2133364815742693,0.12738200661824353,1.1178175210952759,1.3154079914093018
h256_wd1e-05_s1,l12,63,0.0005,0.17239866490391167,1.0103732347488403,0.9995753071439406,0.7345432546884453,3.288746143325147,0.13972315348701245,1.1247559785842896,1.3266385793685913
h256_wd1e-05_s1,l12,64,0.0005,0.14775505966760896,0.8906270265579224,0.9993098741089034,0.7474894131881428,2.420204730869125,0.0974278584516492,1.1307717561721802,1.343928337097168
h256_wd1e-05_s1,l12,65,0.0005,0.15669645233587784,0.8572839498519897,0.9983922341877749,0.7468844525105868,2.4840199602788897,0.10096856257204213,1.1368218660354614,1.3695276975631714
h256_wd1e-05_s1,l12,66,0.0005,0.17011171545494685,0.966853141784668,0.9997876535719702,0.7323653962492438,2.8847403030165544,0.10841719171361669,1.1428053379058838,1.3913697004318237
h256_wd1e-05_s1,l12,67,0.0005,0.13628275506198406,0.9635696411132812,0.99949946913393,0.731881427707199,2.3978781375862854,0.09318635884943366,1.1484676599502563,1.4181817770004272
h256_wd1e-05_s1,l13,1,0.0005,0.7141168280081316,0.6930652260780334,0.5980777806089947,0.5728216818642351,0.8225090094473297,0.26362243658092877,0.24247495830059052,0.03918228670954704
h256_wd1e-05_s1,l13,2,0.0005,0.6947068951346658,0.6825951933860779,0.7375143330360555,0.6369047619047619,0.7384176997453337,0.2961150289581067,0.279659628868103,0.053907159715890884
h256_wd1e-05_s1,l13,3,0.0005,0.6764987625859,0.685974657535553,0.7425945980379667,0.6280395136778115,0.5075864282994483,0.20355452518624234,0.2948581576347351,0.05534067004919052
h256_wd1e-05_s1,l13,4,0.0005,0.667140624739907,0.6767548322677612,0.7092384380175819,0.6260131712259371,0.5237279988032858,0.1974399036672982,0.3113018572330475,0.04851855710148811
h256_wd1e-05_s1,l13,5,0.0005,0.6581247340549122,0.6804707646369934,0.7621034526691298,0.6472897669706179,0.7211136196709593,0.25628950876988915,0.3315601944923401,0.04907762631773949
h256_wd1e-05_s1,l13,6,0.0005,0.6461333740841259,0.6764237284660339,0.7728611925085999,0.6569148936170214,0.7640575958267154,0.239149540007406,0.35396522283554077,0.05314654856920242
h256_wd1e-05_s1,l13,7,0.0005,0.6315247443589297,0.6650123000144958,0.7598181296980508,0.6603343465045594,0.8383656875965042,0.27786866255849596,0.3762279450893402,0.054595328867435455
h256_wd1e-05_s1,l13,8,0.0005,0.6212066655809229,0.6532318592071533,0.7951968403618295,0.672112462006079,0.9226676223633153,0.2793843063563384,0.3965672254562378,0.059763550758361816
h256_wd1e-05_s1,l13,9,0.0005,0.6001795828342438,0.6383709907531738,0.7982943687093897,0.6842705167173253,0.9738220164602797,0.2861675338151244,0.41575849056243896,0.07382247596979141
h256_wd1e-05_s1,l13,10,0.0005,0.5735415599562905,0.6218593716621399,0.819762071601478,0.7013677811550152,0.7916193758628723,0.21199042337809615,0.43224474787712097,0.08778255432844162
h256_wd1e-05_s1,l13,11,0.0005,0.5593598823655735,0.6131516098976135,0.8320805198114408,0.711499493414387,0.9014289446850365,0.24288468046675937,0.4481949508190155,0.11138737946748734
h256_wd1e-05_s1,l13,12,0.0005,0.5660206499424848,0.6337887644767761,0.849152758313161,0.7078267477203647,1.1268748793800742,0.27155500613805583,0.4637130796909332,0.1294262558221817
h256_wd1e-05_s1,l13,13,0.0005,0.5315029363740574,0.6102815866470337,0.8654207542362085,0.7222644376899696,0.8682801574367268,0.20290405849509457,0.48044997453689575,0.1612285077571869
h256_wd1e-05_s1,l13,14,0.0005,0.5147365209731188,0.6050969958305359,0.8745859345139507,0.726190476190476,0.9091937824879477,0.2023026988522908,0.496337354183197,0.20079554617404938
h256_wd1e-05_s1,l13,15,0.0005,0.5051961879838597,0.6448047757148743,0.8731048541215441,0.7296099290780144,1.2135662629847712,0.23803765813908467,0.5136185884475708,0.2354615479707718
h256_wd1e-05_s1,l13,16,0.0005,0.5017625703053041,0.6184545159339905,0.8816728245636387,0.7353090172239108,1.329536980319236,0.2276180264199542,0.5301787257194519,0.2587868273258209
h256_wd1e-05_s1,l13,17,0.0005,0.4980958632447503,0.6279524564743042,0.8967225124219647,0.7358156028368794,1.1482445394242087,0.2023498185298749,0.5449758768081665,0.2782478630542755
h256_wd1e-05_s1,l13,18,0.0005,0.4743052057244561,0.7114211916923523,0.8918333545674609,0.71757852077001,1.3186279395054132,0.1922751452241297,0.5607959032058716,0.314520001411438
h256_wd1e-05_s1,l13,19,0.0005,0.5028361082077026,0.6030421853065491,0.9130303223340553,0.741388044579534,1.4956135259732635,0.21521501103503018,0.5763850808143616,0.3278313875198364
h256_wd1e-05_s1,l13,20,0.0005,0.441429005427794,0.6067314743995667,0.9144317747483756,0.7443009118541034,0.9904909751671807,0.15412938519013852,0.5897142291069031,0.36543843150138855
h256_wd1e-05_s1,l13,21,0.0005,0.41148989173499023,0.619344174861908,0.9200535100012741,0.7435410334346504,1.1262277286445115,0.16648961891477201,0.6016230583190918,0.41048431396484375
h256_wd1e-05_s1,l13,22,0.0005,0.4394878013567491,0.6143277883529663,0.9282392661485539,0.7391084093211752,1.6875836299106444,0.22477201847564895,0.6136428117752075,0.43549415469169617
h256_wd1e-05_s1,l13,23,0.0005,0.4704550531777469,0.6311712265014648,0.9271483628487704,0.7477203647416414,2.118308966662167,0.2623126514093176,0.6272038221359253,0.4400862753391266
h256_wd1e-05_s1,l13,24,0.0005,0.5470147105780515,0.6186172366142273,0.9271881768378136,0.7272036474164134,2.3417860775068275,0.33252667293992044,0.6411697268486023,0.40578553080558777
h256_wd1e-05_s1,l13,25,0.0005,0.44081299006938934,0.6520141363143921,0.9299831188686456,0.7230243161094224,1.4681205515701825,0.21811119602860424,0.6522725820541382,0.4102640151977539
h256_wd1e-05_s1,l13,26,0.0005,0.4595066999847239,0.6458612084388733,0.943352656389349,0.7307497467071935,1.91460019289931,0.2635638500681003,0.6633002161979675,0.42990827560424805
h256_wd1e-05_s1,l13,27,0.0005,0.3963241671974009,0.6665924787521362,0.938447572939228,0.7283434650455928,1.1076565984862121,0.16803907729900544,0.6747334003448486,0.4609203338623047
h256_wd1e-05_s1,l13,28,0.0005,0.3585760417309674,0.6648691892623901,0.9476525672060134,0.7392350557244173,1.1379179149547336,0.14506807150349085,0.684080958366394,0.506560206413269
h256_wd1e-05_s1,l13,29,0.0005,0.35133852335539734,0.6764979362487793,0.9477720091731432,0.733789260385005,1.1999772740780739,0.1465017066183136,0.6928644776344299,0.5518159866333008
h256_wd1e-05_s1,l13,30,0.0005,0.35830880430611695,0.6845153570175171,0.9561170212765958,0.7369554204660588,1.3860115171389193,0.15808270704357671,0.7014422416687012,0.590033769607544
h256_wd1e-05_s1,l13,31,0.0005,0.3393853130665692,0.7458212375640869,0.953799847114282,0.754305977710233,1.543858609220522,0.14685272798270235,0.7104281783103943,0.6270124912261963
h256_wd1e-05_s1,l13,32,0.0005,0.321011792529713,0.7233487367630005,0.9632437253153268,0.7418946301925025,1.515990695668477,0.15433932258902236,0.7194623351097107,0.651750385761261
h256_wd1e-05_s1,l13,33,0.0005,0.3252402882684361,0.7104558348655701,0.9677506688750159,0.7398682877406282,1.6154329434764585,0.12534563324058232,0.7283636331558228,0.6841307878494263
h256_wd1e-05_s1,l13,34,0.0005,0.31340289454568515,0.6980233192443848,0.9718355841508473,0.7412613981762918,1.48698729638202,0.13651178891658777,0.7365404367446899,0.7163665294647217
h256_wd1e-05_s1,l13,35,0.0005,0.3143181902441112,0.8137602210044861,0.9724487195821124,0.7363221884498481,1.7955068997023318,0.13879684918254226,0.7439476251602173,0.7538492679595947
h256_wd1e-05_s1,l13,36,0.0005,0.28552238033576444,0.7438587546348572,0.9798381959485284,0.7444275582573455,1.6813375025055626,0.1305293575134658,0.7525495290756226,0.7840918302536011
h256_wd1e-05_s1,l13,37,0.0005,0.27794375067407434,0.7824572324752808,0.9753949547713084,0.7315096251266465,1.8745121521008696,0.1277053716899511,0.7618854641914368,0.8216142654418945
h256_wd1e-05_s1,l13,38,0.0005,0.2921162796291438,0.7855113744735718,0.9778793476876035,0.7453140830800405,1.8733216177196432,0.1364687922163834,0.7705702185630798,0.8524423837661743
h256_wd1e-05_s1,l13,39,0.0005,0.2776370034976439,0.7606285214424133,0.9843053255191744,0.7440476190476192,1.8839346788533253,0.12892872325187332,0.7790411710739136,0.8821336030960083
h256_wd1e-05_s1,l13,40,0.0005,0.28316489539363165,0.8805419206619263,0.9790021021786215,0.7296099290780141,2.1737658864499356,0.13261729816684112,0.7877386212348938,0.9173381328582764
h256_wd1e-05_s1,l13,41,0.0005,0.2717647545716979,0.8434610366821289,0.9813511275321698,0.7367021276595745,2.1654106692407478,0.13876395037422562,0.7963700294494629,0.9535154700279236
h256_wd1e-05_s1,l13,42,0.0005,0.346455763686787,0.8059743046760559,0.9830790546566442,0.7316362715298886,3.227000423161316,0.18003770524289198,0.8065028786659241,0.9435312151908875
h256_wd1e-05_s1,l13,43,0.0005,0.23990682410922917,0.8392003178596497,0.9864313925340807,0.7443009118541033,1.5492066102156798,0.11771777222257201,0.8146511316299438,0.9625810384750366
h256_wd1e-05_s1,l13,44,0.0005,0.2541142641143365,0.8023279309272766,0.9916390623009301,0.727710233029382,2.2024517377558905,0.126609764871254,0.8215287327766418,0.9959786534309387
h256_wd1e-05_s1,l13,45,0.0005,0.23808331110260703,0.8936984539031982,0.9877611797681233,0.742401215805471,1.9240180541669807,0.11494404112194,0.8290497064590454,1.0309191942214966
h256_wd1e-05_s1,l13,46,0.0005,0.22283428433266553,0.8824605345726013,0.9902216842909923,0.7398682877406282,1.9389657690839257,0.10571839627047419,0.8358151316642761,1.0708563327789307
h256_wd1e-05_s1,l13,47,0.0005,0.2402402125298977,0.9280713796615601,0.9825694355968912,0.741388044579534,1.99970237107647,0.11582641988350298,0.8427609205245972,1.1039599180221558
h256_wd1e-05_s1,l13,48,0.0005,0.3030495914545926,0.8171212673187256,0.9833338641865206,0.7245440729483282,3.178240504820373,0.16903064939687024,0.851815402507782,1.103411316871643
h256_wd1e-05_s1,l13,49,0.0005,0.28022782843221317,0.8401021957397461,0.9911055548477513,0.7266970618034448,2.5056935253606727,0.14643812777545007,0.8596146106719971,1.1084678173065186
h256_wd1e-05_s1,l13,50,0.0005,0.253275491297245,0.8400875329971313,0.9849343865460569,0.7364488348530901,2.4770292797279208,0.1333420598679787,0.8666014075279236,1.1388049125671387
h256_wd1e-05_s1,l13,51,0.0005,0.2602196193554185,0.8165417909622192,0.9893776277232769,0.7386018237082067,2.1639539667480108,0.11980594139494012,0.8735578060150146,1.166853427886963
h256_wd1e-05_s1,l14,1,0.0005,0.7129873892535334,0.7000325918197632,0.7072932352600485,0.6072001834441642,0.9759288215155704,0.29572449948194973,0.24668516218662262,0.03772607073187828
h256_wd1e-05_s1,l14,2,0.0005,0.6780302628226902,0.6822832226753235,0.7420146530754084,0.6117862875487273,0.6862561704435024,0.22242080028280106,0.28207334876060486,0.047298651188611984
h256_wd1e-05_s1,l14,3,0.0005,0.6530226028483846,0.6744306683540344,0.756139233175026,0.6254299472598028,0.7430587557020807,0.2476429759245854,0.305841863155365,0.03943806514143944
h256_wd1e-05_s1,l14,4,0.0005,0.6404382897459943,0.6705955266952515,0.7739632804355381,0.6536344875028662,1.0185630105264116,0.3168722113000239,0.3323756754398346,0.0410076379776001
h256_wd1e-05_s1,l14,5,0.0005,0.6307645543761875,0.6599409580230713,0.7754980887292945,0.6372391653290529,1.0248792057125662,0.2809032254117383,0.356955349445343,0.0439252033829689
h256_wd1e-05_s1,l14,6,0.0005,0.6090430772822836,0.6451935172080994,0.7985853700915093,0.6586792020178858,0.9988454267345566,0.29799835028413335,0.380568265914917,0.055076658725738525
h256_wd1e-05_s1,l14,7,0.0005,0.5976630656615548,0.6392975449562073,0.824286169350168,0.6801192387067186,1.1245487316404155,0.3237019351150311,0.4023914635181427,0.06635482609272003
h256_wd1e-05_s1,l14,8,0.0005,0.5573098400364751,0.6268357634544373,0.8369121394648442,0.6888328365053886,1.053175087059585,0.2873939187323735,0.42728105187416077,0.09498871862888336
h256_wd1e-05_s1,l14,9,0.0005,0.5566956284253494,0.6281934976577759,0.8507833314027569,0.6847053428112818,0.9758021278195844,0.24373782490181026,0.45005694031715393,0.12161463499069214
h256_wd1e-05_s1,l14,10,0.0005,0.5233645141124725,0.6198053359985352,0.8707503185451176,0.705228158679202,1.1979996924259708,0.2839193424805397,0.47567319869995117,0.16325415670871735
h256_wd1e-05_s1,l14,11,0.0005,0.5381195467451344,0.647060215473175,0.8703810957952044,0.6985783077275854,1.4308044605233217,0.3072041317904896,0.49656566977500916,0.1823098212480545
h256_wd1e-05_s1,l14,12,0.0005,0.5389406110929407,0.6305250525474548,0.8817546044248814,0.7045402430635176,1.5913368997207813,0.3341661117463702,0.5184376239776611,0.18432295322418213
h256_wd1e-05_s1,l14,13,0.0005,0.5080408570559128,0.6376767754554749,0.89031188462875,0.7157761981196973,1.2322507385411512,0.24877144128353645,0.5372408032417297,0.20295536518096924
h256_wd1e-05_s1,l14,14,0.0005,0.4766805016476175,0.6105452179908752,0.9024165990964903,0.723916532905297,1.133363979006259,0.24204008216318557,0.5539129376411438,0.2327229231595993
h256_wd1e-05_s1,l14,15,0.0005,0.4623340394185937,0.617816150188446,0.9049649600370671,0.7202476496216464,1.2958949316386303,0.23066568839660204,0.5708960890769958,0.2630624771118164
h256_wd1e-05_s1,l14,16,0.0005,0.45677555903144507,0.6406858563423157,0.9188723502837948,0.722655354276542,1.2561573826325718,0.215018318499054,0.5871120691299438,0.30217432975769043
h256_wd1e-05_s1,l14,17,0.0005,0.4208061410033185,0.6258903741836548,0.9245699640912777,0.7392799816555835,1.2280352018803187,0.18539991913668677,0.6018140912055969,0.33286768198013306
h256_wd1e-05_s1,l14,18,0.0005,0.42243069410324097,0.6533905267715454,0.9360158693385845,0.7259802797523504,1.4936025240020239,0.21348617333790967,0.6172027587890625,0.362518310546875
h256_wd1e-05_s1,l14,19,0.0005,0.44047593681708624,0.6359273195266724,0.9376592725587861,0.7274707635863334,1.8418105075485127,0.23441811344430433,0.6348235011100769,0.37533310055732727
h256_wd1e-05_s1,l14,20,0.0005,0.39531662930612976,0.6358377933502197,0.9475269315417585,0.7338913093327217,1.5501438395832228,0.1884829198638102,0.6494351029396057,0.4042375087738037
h256_wd1e-05_s1,l14,21,0.0005,0.37754725826823193,0.6503077745437622,0.9507413413645315,0.7312542994725979,1.5297394387552057,0.2029780816337002,0.6638944149017334,0.4360366463661194
h256_wd1e-05_s1,l14,22,0.0005,0.40306474981100665,0.7364369630813599,0.9483305339974516,0.7334326989222656,1.983478913260403,0.2350522448463502,0.6806983947753906,0.4562186896800995
h256_wd1e-05_s1,l14,23,0.0005,0.40687026990496594,0.6563135385513306,0.9549548245105989,0.7296491630360008,1.8758412154661133,0.23827896434123175,0.6981886625289917,0.48214346170425415
h256_wd1e-05_s1,l14,24,0.0005,0.36071770087532373,0.6575468182563782,0.9575611027452798,0.7286172896124743,1.6694198174713395,0.18773270519488705,0.7119852304458618,0.5093256235122681
h256_wd1e-05_s1,l14,25,0.0005,0.34627722203731537,0.7113938927650452,0.9621510483030233,0.7259802797523504,1.7792046001218407,0.18227245496682756,0.7237276434898376,0.5439884066581726
h256_wd1e-05_s1,l14,26,0.0005,0.31926826679188275,0.7331802248954773,0.973213251476891,0.7263242375601926,1.44426778514799,0.14563266419501755,0.7354048490524292,0.5813674926757812
h256_wd1e-05_s1,l14,27,0.0005,0.3026233986020088,0.7055283784866333,0.972938144329897,0.7226553542765419,1.8039612067151776,0.15935148280722644,0.7461938261985779,0.6156364679336548
h256_wd1e-05_s1,l14,28,0.0005,0.3236303381297899,0.7387089729309082,0.9698757674041469,0.7260949323549644,2.0306165560155516,0.17604189209908028,0.7578293681144714,0.6486991047859192
h256_wd1e-05_s1,l14,29,0.0005,0.3142936955327573,0.7131491899490356,0.9752113981234797,0.7197890392111901,2.017003491234856,0.1794005635166759,0.7698290348052979,0.6815881133079529
h256_wd1e-05_s1,l14,30,0.0005,0.33422627656356146,0.8634548783302307,0.9713381790802733,0.7337766567301078,2.566853613940603,0.19851077857252875,0.7820440530776978,0.7052944898605347
h256_wd1e-05_s1,l14,31,0.0005,0.3384452514026476,1.0162773132324219,0.9784258079462528,0.7163494611327677,2.4160668284289604,0.20443012317896955,0.7951894998550415,0.7105569243431091
h256_wd1e-05_s1,l14,32,0.0005,0.33330322996429773,0.7845814824104309,0.9752475964322946,0.7215088282504013,2.341275783598564,0.1932350484331592,0.808763325214386,0.7328281998634338
h256_wd1e-05_s1,l14,33,0.0005,0.36828320764977,0.753955066204071,0.9832908606509904,0.7126805778491172,2.935061457099241,0.2466409484577419,0.8214723467826843,0.7274282574653625
h256_wd1e-05_s1,l14,34,0.0005,0.2739868403776832,0.7493621706962585,0.9851804123711341,0.7243751433157531,1.8211977030727555,0.14973518869836044,0.8325246572494507,0.7516019940376282
h256_wd1e-05_s1,l14,35,0.0005,0.2522161794097527,0.8011630177497864,0.9841958183713656,0.7215088282504014,1.6098005936702209,0.14138054532241198,0.8410829305648804,0.7904273271560669
h256_wd1e-05_s1,l14,36,0.0005,0.316237039540125,0.9519427418708801,0.9750955635352717,0.7148589772987847,2.829927794371433,0.1991765928800433,0.8505819439888,0.8103199005126953
h256_wd1e-05_s1,l14,37,0.0005,0.268714488848396,0.7619049549102783,0.9853324452681571,0.7291905526255446,1.8924475921202446,0.14821837892889977,0.8610185980796814,0.8343490958213806
h256_wd1e-05_s1,l15,1,0.0005,0.7020408227330163,0.709301769733429,0.5699849273773637,0.5880758807588076,0.8537245392893763,0.2657082042205634,0.2300504744052887,0.027604717761278152
h256_wd1e-05_s1,l15,2,0.0005,0.6880290735335577,0.679339587688446,0.7019303233762675,0.6504065040650406,0.749930086336508,0.2763116658154625,0.26946887373924255,0.03999180719256401
h256_wd1e-05_s1,l15,3,0.0005,0.6730544964472452,0.6670699119567871,0.7446475061660729,0.6803523035230352,0.6912275016414661,0.22947112124935104,0.28933820128440857,0.041479118168354034
h256_wd1e-05_s1,l15,4,0.0005,0.6546766729581923,0.6552796959877014,0.7697057412989861,0.6902439024390243,0.7024800263275847,0.23283704172234473,0.31166744232177734,0.03792945295572281
h256_wd1e-05_s1,l15,5,0.0005,0.6296498207818895,0.6332767605781555,0.7914925322006029,0.7077235772357724,0.7958804153044745,0.2518451535485915,0.33902212977409363,0.0444517508149147
h256_wd1e-05_s1,l15,6,0.0005,0.6181110115278334,0.6270813345909119,0.7978470128802411,0.7092140921409213,0.9971150320851198,0.30351462506929117,0.3677603006362915,0.05662505328655243
h256_wd1e-05_s1,l15,7,0.0005,0.6032712459564209,0.62473464012146,0.8196594957522609,0.7113821138211383,0.92476444389961,0.23870381365860208,0.39609307050704956,0.0715683177113533
h256_wd1e-05_s1,l15,8,0.0005,0.5713346472808293,0.6374387741088867,0.8353144697177308,0.7329268292682926,0.8259247468167085,0.20807112863122657,0.4222295582294464,0.09776873886585236
h256_wd1e-05_s1,l15,9,0.0005,0.5650213559468588,0.6006077527999878,0.8499075089065499,0.7361788617886179,1.0804033084720936,0.2549417143066537,0.4473375976085663,0.12370995432138443
h256_wd1e-05_s1,l15,10,0.0005,0.5362952238037473,0.6483795046806335,0.8619484790353521,0.7265582655826559,1.02369732804128,0.2758442457641869,0.47199204564094543,0.1547234058380127
h256_wd1e-05_s1,l15,11,0.0005,0.5201436834675925,0.65456223487854,0.879804398465333,0.748780487804878,1.2476115480310117,0.2791826803979939,0.49430760741233826,0.18462668359279633
h256_wd1e-05_s1,l15,12,0.0005,0.505055478640965,0.5906662344932556,0.8939349821869005,0.7459349593495934,1.225797560775074,0.25749376593197676,0.5159807801246643,0.2137989103794098
h256_wd1e-05_s1,l15,13,0.0005,0.483957595768429,0.5949033498764038,0.9061986160591943,0.760840108401084,1.3615516873348799,0.25670099147402176,0.5370244979858398,0.2328956574201584
h256_wd1e-05_s1,l15,14,0.0005,0.4988857252257211,0.5935500860214233,0.9114740339819128,0.755962059620596,1.5442469451925567,0.24389215982726375,0.5604236125946045,0.2616007626056671
h256_wd1e-05_s1,l15,15,0.0005,0.4719292407944089,0.5862104296684265,0.9180854343655797,0.7531165311653116,1.259730008732413,0.23764110974987004,0.5793154835700989,0.2865191400051117
h256_wd1e-05_s1,l15,16,0.0005,0.42619486933662776,0.5879277586936951,0.9296810770073993,0.7525745257452575,1.2709114760501234,0.1891956143677855,0.596259593963623,0.32192033529281616
h256_wd1e-05_s1,l15,17,0.0005,0.44430492179734365,0.6205812692642212,0.9310770073992876,0.7471544715447155,1.7064392560472261,0.24871774971015553,0.6132144927978516,0.3570926785469055
h256_wd1e-05_s1,l15,18,0.0005,0.4319436280500321,0.597825288772583,0.940279014798575,0.7474254742547425,1.7112416725862392,0.24240568241651514,0.6301642060279846,0.38046908378601074
h256_wd1e-05_s1,l15,19,0.0005,0.4297653039296468,0.6499311923980713,0.9416535352151274,0.747289972899729,1.6510910521571869,0.23936532353043102,0.6448579430580139,0.41112664341926575
h256_wd1e-05_s1,l15,20,0.0005,0.4207516738346645,0.6554358005523682,0.9442826801863524,0.7463414634146341,2.0315681216608628,0.2843759770748063,0.6591845750808716,0.4304639995098114
h256_wd1e-05_s1,l15,21,0.0005,0.37424129247665405,0.6139304637908936,0.9579336804604001,0.747289972899729,1.5257262089306156,0.19170199251282996,0.6718403100967407,0.46127626299858093
h256_wd1e-05_s1,l15,22,0.0005,0.3389615175269899,0.6316525340080261,0.9555271992326665,0.7543360433604337,1.4867136622370343,0.174799353477464,0.6850029826164246,0.5052691102027893
h256_wd1e-05_s1,l15,23,0.0005,0.327556930127598,0.6359665989875793,0.9670971499040832,0.7448509485094851,1.4624743131537958,0.1672538811800859,0.6968535780906677,0.5413340926170349
h256_wd1e-05_s1,l15,24,0.0005,0.3060995198431469,0.6447098255157471,0.970471362016991,0.7505420054200541,1.3703287825193495,0.14879333823408006,0.7088554501533508,0.5896756649017334
h256_wd1e-05_s1,l15,25,0.0005,0.3161149408136095,0.6790828108787537,0.9718073444779392,0.7390243902439024,1.6954051575049802,0.17615315139117751,0.7206133008003235,0.6271868348121643
h256_wd1e-05_s1,l15,26,0.0005,0.3390510756345022,0.6511178016662598,0.9773739380652233,0.7422764227642276,2.356952487033478,0.19707202667130005,0.732989490032196,0.6485695838928223
h256_wd1e-05_s1,l15,27,0.0005,0.28440255920092267,0.7499651312828064,0.9748818169361468,0.7394308943089432,1.634438656306768,0.15196271830922314,0.7447150349617004,0.6792750358581543
h256_wd1e-05_s1,l15,28,0.0005,0.3316977449825832,0.8819303512573242,0.9830604275143875,0.7460704607046071,2.5990527798312306,0.22727540763605697,0.7580214142799377,0.694219172000885
h256_wd1e-05_s1,l15,29,0.0005,0.3125705477737245,0.6812614798545837,0.9800630309673883,0.7467479674796749,1.9296449495317787,0.18116163855201228,0.770287275314331,0.7163017392158508
h256_wd1e-05_s1,l15,30,0.0005,0.27778481656596776,0.7305812835693359,0.9814846533296793,0.7447154471544717,2.142489333200539,0.16647550077987777,0.7809748649597168,0.7499069571495056
h256_wd1e-05_s1,l15,31,0.0005,0.30902400612831116,0.6901021003723145,0.9812191696355165,0.7433604336043361,2.284770533231158,0.202518196680756,0.7927954792976379,0.7687519788742065
h256_wd1e-05_s1,l15,32,0.0005,0.2989239139216287,0.7184041738510132,0.988181693614689,0.734959349593496,2.260029493455584,0.15771237328917703,0.8035517334938049,0.7937932014465332
h256_wd1e-05_s1,l15,33,0.0005,0.24248616042591276,0.7325925827026367,0.9875137023842149,0.7311653116531165,1.7854191454534845,0.1362681476793279,0.8126795887947083,0.8348116278648376
h256_wd1e-05_s1,l16,1,0.0005,0.7057350562966388,0.6728448271751404,0.7313885457732676,0.6590589887640449,1.1941302407813885,0.36743967357400065,0.23502305150032043,0.023339513689279556
h256_wd1e-05_s1,l16,2,0.0005,0.6803630253543025,0.6641149520874023,0.7410927595618311,0.6720505617977529,1.280073832721877,0.4450775987482372,0.277575820684433,0.03822632506489754
h256_wd1e-05_s1,l16,3,0.0005,0.6734064402787582,0.6624988913536072,0.766004186421497,0.6887874531835205,1.2360465004884067,0.44252255537346546,0.30826619267463684,0.04674586281180382
h256_wd1e-05_s1,l16,4,0.0005,0.6282334509103195,0.6469529271125793,0.7615662837742883,0.6870318352059925,0.756243712339295,0.26805520384876635,0.338990181684494,0.04156511649489403
h256_wd1e-05_s1,l16,5,0.0005,0.6131443484969761,0.6368865966796875,0.7855161650603925,0.702130149812734,1.0086942345362337,0.3243484954895952,0.3738977313041687,0.03737543523311615
h256_wd1e-05_s1,l16,6,0.0005,0.5985175474830295,0.615759015083313,0.8154794044334647,0.7213249063670412,1.292224596555279,0.4499344544219906,0.41007909178733826,0.042065609246492386
h256_wd1e-05_s1,l16,7,0.0005,0.5852864462396373,0.6103915572166443,0.8413006013358086,0.7294007490636705,1.3067095036340186,0.4347726535942401,0.44478896260261536,0.047020189464092255
h256_wd1e-05_s1,l16,8,0.0005,0.5657543643661167,0.6018215417861938,0.8580906663510826,0.7349016853932584,1.4333846905700323,0.437648849840764,0.48025867342948914,0.06201506033539772
h256_wd1e-05_s1,l16,9,0.0005,0.6250839907190074,0.6337520480155945,0.8482533154831026,0.731624531835206,2.0606339717507676,0.6910818909093426,0.5113199353218079,0.05367543175816536
h256_wd1e-05_s1,l16,10,0.0005,0.5675964731237163,0.6054162383079529,0.8639782838630463,0.7459035580524345,1.2773145799212606,0.41859993643326737,0.539129376411438,0.05587565153837204
h256_wd1e-05_s1,l16,11,0.0005,0.5588091585947119,0.5917871594429016,0.8710937211074046,0.7516385767790261,1.2987500271331214,0.37036447170743153,0.5653146505355835,0.05916983634233475
h256_wd1e-05_s1,l16,12,0.0005,0.5131323972473973,0.6180873513221741,0.8814118447621653,0.7461376404494382,1.1278136787188906,0.34522926833712825,0.5904136300086975,0.07066717743873596
h256_wd1e-05_s1,l16,13,0.0005,0.5005109012126923,0.5993413329124451,0.8948365002699724,0.7514044943820225,1.2747454142804273,0.3423086839449005,0.6168837547302246,0.09033194929361343
h256_wd1e-05_s1,l16,14,0.0005,0.5085149964560634,0.600249171257019,0.8923660677963594,0.7497659176029963,1.4896334786830812,0.3993476235773233,0.6423883438110352,0.10578596591949463
h256_wd1e-05_s1,l16,15,0.0005,0.485391220320826,0.5915910005569458,0.9084682579013159,0.7553838951310862,1.1966649685076391,0.3167780773523232,0.6661830544471741,0.11611684411764145
h256_wd1e-05_s1,l16,16,0.0005,0.4538985244605852,0.6006410121917725,0.9136901900161983,0.7627574906367042,1.4269456867629804,0.30091612326775097,0.6898378729820251,0.14179392158985138
h256_wd1e-05_s1,l16,17,0.0005,0.45562047025431757,0.6362559795379639,0.9163825176221718,0.7540964419475656,1.664402960426989,0.3871971291014347,0.7119250297546387,0.1598438024520874
h256_wd1e-05_s1,l16,18,0.0005,0.44544826642326685,0.7992932200431824,0.9231725086724015,0.7533941947565543,1.5448292370488832,0.36595728200594274,0.7331876158714294,0.17301054298877716
h256_wd1e-05_s1,l16,19,0.0005,0.4905438189921172,0.6108242273330688,0.9376696573199506,0.7610018726591761,2.0155289591724745,0.4422229089745486,0.7561568021774292,0.16721384227275848
h256_wd1e-05_s1,l16,20,0.0005,0.4490672634995502,0.6152794361114502,0.9336089763977544,0.7715355805243445,1.383774876293599,0.28615131158317486,0.7757793664932251,0.17301712930202484
h256_wd1e-05_s1,l16,21,0.0005,0.4289953682733619,0.6533787250518799,0.9379433279831952,0.7687265917602997,1.4628826395110008,0.29436347449730305,0.7943068742752075,0.1932177096605301
h256_wd1e-05_s1,l16,22,0.0005,0.4225954478201659,0.7106054425239563,0.9369891789140452,0.7662687265917603,1.6577515098314106,0.3214028206724263,0.8150674700737,0.20955026149749756
h256_wd1e-05_s1,l16,23,0.0005,0.42147952966068103,0.6036302447319031,0.9484463642482563,0.7654494382022472,1.7756744407564933,0.35875126050672557,0.8329206705093384,0.22298546135425568
h256_wd1e-05_s1,l16,24,0.0005,0.3606396816346956,0.6142259240150452,0.9523887010998602,0.7696629213483146,1.2810426259522245,0.246311933929153,0.8492614030838013,0.250431627035141
h256_wd1e-05_s1,l16,25,0.0005,0.3554321333118107,0.627105712890625,0.9575292716662106,0.7670880149812733,1.3173156227425429,0.24167888991653272,0.8643450140953064,0.2745727598667145
h256_wd1e-05_s1,l16,26,0.0005,0.39998443100763403,0.6236147284507751,0.9606505965280808,0.7635767790262173,1.991155525963936,0.3535228261777481,0.8809025287628174,0.2925716042518616
h256_wd1e-05_s1,l16,27,0.0005,0.3590561533751695,0.7003384828567505,0.9588088669294891,0.7676732209737828,1.4729386149631747,0.22737161604813225,0.8968766927719116,0.3109191954135895
h256_wd1e-05_s1,l16,28,0.0005,0.32590415749860846,0.6524732708930969,0.9669598147915295,0.7686095505617977,1.6195635882095925,0.25259969282095623,0.9106603264808655,0.33696651458740234
h256_wd1e-05_s1,l16,29,0.0005,0.30176382544248,0.6764844059944153,0.9659390971826715,0.7697799625468165,1.237913248209945,0.20702459147949015,0.923163890838623,0.3705279231071472
h256_wd1e-05_s1,l16,30,0.0005,0.3105122200820757,0.6835453510284424,0.9728326392946693,0.7683754681647941,1.5159104649973465,0.20027381699525967,0.9367813467979431,0.3968062400817871
h256_wd1e-05_s1,l16,31,0.0005,0.312857351873232,0.7220993638038635,0.9794599072478347,0.7566713483146067,1.8373226796396542,0.2514416899349624,0.9517393112182617,0.41875532269477844
h256_wd1e-05_s1,l16,32,0.0005,0.3047446368829064,0.7498630285263062,0.9788386008772254,0.7611189138576779,1.8762732904135901,0.23925196077518762,0.9663848876953125,0.43587276339530945
h256_wd1e-05_s1,l16,33,0.0005,0.2744978232228238,0.7018584609031677,0.9822335964023403,0.7667368913857678,1.4618804273978498,0.18276257769630283,0.9789467453956604,0.4603177011013031
h256_wd1e-05_s1,l16,34,0.0005,0.2529518422873124,0.7379967570304871,0.9833060895420824,0.7640449438202247,1.387521248345091,0.16865234204647273,0.990031898021698,0.4895825982093811
h256_wd1e-05_s1,l16,35,0.0005,0.2739084732273351,0.7040923237800598,0.9867380675892574,0.7663857677902622,1.7490893525290434,0.18953851756433565,1.0060452222824097,0.5091239809989929
h256_wd1e-05_s1,l16,36,0.0005,0.26865575106247613,0.7073052525520325,0.9889126398863897,0.7604166666666666,2.0634133278067925,0.2063177184435793,1.0189852714538574,0.5301470756530762
h256_wd1e-05_s1,l16,37,0.0005,0.2773397506579109,0.7245005965232849,0.9867158780760212,0.7642790262172284,1.883945942895032,0.21997089035188594,1.0320807695388794,0.5442456007003784
h256_wd1e-05_s1,l16,38,0.0005,0.22756072392930154,0.7508548498153687,0.989585721787883,0.7613529962546817,1.6064699944644758,0.18085506505016366,1.0435909032821655,0.5755032300949097
h256_wd1e-05_s1,l16,39,0.0005,0.23243148722078488,0.7793600559234619,0.9915531919614791,0.7559691011235956,1.8745430428492982,0.17457978643882352,1.0550018548965454,0.6048813462257385
h256_wd1e-05_s1,l16,40,0.0005,0.301538220566252,0.8592495322227478,0.990096080592312,0.750936329588015,2.752662970115882,0.2855945445177849,1.0712946653366089,0.6117611527442932
h256_wd1e-05_s1,l17,1,0.0005,0.7162098017605868,0.68153315782547,0.7392514295338075,0.6170731707317073,1.0806855825908188,0.324642598206174,0.23802433907985687,0.03626999258995056
h256_wd1e-05_s1,l17,2,0.0005,0.6800123696977441,0.6774805188179016,0.7540159273724647,0.6446726572528884,0.6886422445113556,0.21380262173106973,0.2782493829727173,0.049796078354120255
h256_wd1e-05_s1,l17,3,0.0005,0.660065081986514,0.6659443378448486,0.7625490211803579,0.6385109114249038,0.9164934075172355,0.26780545919802096,0.3046460449695587,0.04235111549496651
h256_wd1e-05_s1,l17,4,0.0005,0.6396938101811842,0.6731496453285217,0.7758859901676947,0.6539152759948652,0.9167056690728983,0.2920552426596302,0.3318963646888733,0.04004690796136856
h256_wd1e-05_s1,l17,5,0.0005,0.6225375722755085,0.6456036567687988,0.7940829731095267,0.6680359435173299,1.0941779078825287,0.31688153767690574,0.36382731795310974,0.04867502674460411
h256_wd1e-05_s1,l17,6,0.0005,0.6036104966293682,0.643642008304596,0.8203960189588663,0.6790757381258022,1.0055145503666003,0.28906422486114247,0.38893070816993713,0.05846589058637619
h256_wd1e-05_s1,l17,7,0.0005,0.5680517296899449,0.641315758228302,0.8366602240739108,0.6810012836970475,1.025268123998656,0.2614456757185835,0.4197550117969513,0.08384795486927032
h256_wd1e-05_s1,l17,8,0.0005,0.5750834819945422,0.6668407917022705,0.8486979814100457,0.6912708600770218,1.2940633115247615,0.2993179556348644,0.4483646750450134,0.10024689137935638
h256_wd1e-05_s1,l17,9,0.0005,0.5533692267808047,0.627572238445282,0.8625241597228348,0.6974326059050064,1.343367078311303,0.35924107204696276,0.47527042031288147,0.10983756929636002
h256_wd1e-05_s1,l17,10,0.0005,0.5286017128012397,0.6311468482017517,0.8711695310808317,0.7021822849807445,1.3608218549882127,0.31735714749273797,0.49805229902267456,0.13231484591960907
h256_wd1e-05_s1,l17,11,0.0005,0.525441122325984,0.619444727897644,0.8857335332943035,0.7129653401797176,1.0722491630045672,0.22717692935513345,0.5183903574943542,0.1485534906387329
h256_wd1e-05_s1,l17,12,0.0005,0.48331343043934216,0.6233918070793152,0.8953733629532205,0.7173299101412065,1.1022521477132254,0.2441101868531246,0.5418696403503418,0.18341201543807983
h256_wd1e-05_s1,l17,13,0.0005,0.4933900399641557,0.6238868236541748,0.9048046771619443,0.717201540436457,1.5575119094594359,0.28465264197048584,0.5636582970619202,0.20156411826610565
h256_wd1e-05_s1,l17,14,0.0005,0.473802311853929,0.6552473902702332,0.9111483587428123,0.7197689345314506,1.265298362009947,0.24931652240812968,0.5846300721168518,0.2280922681093216
h256_wd1e-05_s1,l17,15,0.0005,0.45143174447796564,0.6465686559677124,0.9177085755988804,0.7192554557124519,1.3644375122405143,0.2519552403401455,0.6030519008636475,0.25549501180648804
h256_wd1e-05_s1,l17,16,0.0005,0.43294403092427686,0.6839725375175476,0.9203230385512986,0.7161745827984596,1.1345001882330268,0.21176199966579806,0.6209080815315247,0.28860875964164734
h256_wd1e-05_s1,l17,17,0.0005,0.4294244376095859,0.711469829082489,0.9224643318282795,0.7175866495507061,1.7345320998206395,0.296030908591151,0.6372131705284119,0.3143217861652374
h256_wd1e-05_s1,l17,18,0.0005,0.42017634212970734,0.6384478807449341,0.9356088250154382,0.7315789473684211,1.5592797750691945,0.2421278286755659,0.6531475186347961,0.33040598034858704
h256_wd1e-05_s1,l17,19,0.0005,0.4082299078052694,0.6660881638526917,0.9387365567683313,0.7269576379974326,1.640595946325899,0.2150952843560202,0.6695092916488647,0.36048150062561035
h256_wd1e-05_s1,l17,20,0.0005,0.41269679773937573,0.6362583637237549,0.9473979677763431,0.7331193838254172,1.6734660569970934,0.20392112742254592,0.6852604746818542,0.3794008493423462
h256_wd1e-05_s1,l17,21,0.0005,0.39638517932458356,0.6535844802856445,0.9518730301304825,0.7284980744544287,1.451459287817299,0.1987441964874939,0.7023661732673645,0.4096691310405731
h256_wd1e-05_s1,l17,22,0.0005,0.39696706560525025,0.6587003469467163,0.9586898813867881,0.7337612323491656,1.8721159768207982,0.23928572736586567,0.7171238660812378,0.42921513319015503
h256_wd1e-05_s1,l17,23,0.0005,0.3488073023882779,0.7022031545639038,0.9531000633566175,0.7295250320924261,1.3948957519874885,0.18167224968233073,0.7304969429969788,0.45746171474456787
h256_wd1e-05_s1,l17,24,0.0005,0.35612365874377166,0.6927921175956726,0.9625153379153266,0.740821566110398,1.947005328291403,0.2139719016367646,0.7433351278305054,0.4819132685661316
h256_wd1e-05_s1,l17,25,0.0005,0.358012701977383,0.6633703112602234,0.9659237635434795,0.7358151476251605,2.0111287306936263,0.20557528818790818,0.7565479278564453,0.5000073909759521
h256_wd1e-05_s1,l17,26,0.0005,0.3117708584124392,0.6989104747772217,0.9673833716948297,0.7399229781771502,1.6618687287796292,0.1774345996043127,0.76935213804245,0.5343478918075562
h256_wd1e-05_s1,l17,27,0.0005,0.344630128280683,0.6687495112419128,0.9742643815511945,0.7332477535301668,2.1135768997951105,0.20400704973016,0.7831428647041321,0.55450838804245
h256_wd1e-05_s1,l17,28,0.0005,0.34637832032008603,0.7085259556770325,0.9663087151438357,0.7306803594351732,2.2121807322385476,0.2170689975935358,0.7973520755767822,0.57236248254776
h256_wd1e-05_s1,l17,29,0.0005,0.31627899408340454,0.7154662609100342,0.9771033996038205,0.7353016688061619,1.5515595472899653,0.1600109657422187,0.8088676333427429,0.5929651856422424
h256_wd1e-05_s1,l17,30,0.0005,0.2853332588618452,0.7449899315834045,0.9773921133040877,0.7332477535301669,1.836879782915907,0.17087833453206294,0.8201797604560852,0.6278745532035828
h256_wd1e-05_s1,l17,31,0.0005,0.2888572107661854,0.8264343738555908,0.9775284503292139,0.7317073170731707,2.15463011968043,0.18818662162724165,0.8316544890403748,0.6628509163856506
h256_wd1e-05_s1,l17,32,0.0005,0.28961483998732135,0.7367860674858093,0.9838721319100818,0.7369704749679075,2.2744755064211333,0.182071390241231,0.8425765633583069,0.6797680258750916
h256_wd1e-05_s1,l17,33,0.0005,0.28284101255915384,0.7364086508750916,0.983799953485015,0.735173299101412,1.917014526545871,0.16749733010983187,0.8531464338302612,0.7020886540412903
h256_wd1e-05_s1,l17,34,0.0005,0.2563608911904422,0.7854760885238647,0.9851633237362761,0.7365853658536585,1.7975196696841393,0.1414497025124368,0.8644678592681885,0.7385594248771667
h256_wd1e-05_s1,l17,35,0.0005,0.25432693687352265,0.8138372302055359,0.9878419452887537,0.7385109114249038,2.169241159750453,0.16521334422606695,0.8754732012748718,0.7681580781936646
h256_wd1e-05_s1,l17,36,0.0005,0.2876556082205339,0.764957845211029,0.9903120513910386,0.7360718870346599,2.529454298724131,0.18660573841178255,0.8880406022071838,0.7790966033935547
h256_wd1e-05_s1,l17,37,0.0005,0.2334256490523165,0.8809816241264343,0.9881787779390654,0.737997432605905,1.8755442948180923,0.15174995267656305,0.8982769846916199,0.8119710683822632
h256_wd1e-05_s1,l17,38,0.0005,0.2673563151197,0.7527837157249451,0.9919801749925817,0.7445442875481387,2.3752997812892698,0.1760362644569348,0.9083237648010254,0.8388504981994629
h256_wd1e-05_s1,l17,39,0.0005,0.21322171864184467,0.7673541307449341,0.9925896816931454,0.7445442875481386,1.6780112668002254,0.1275410703873706,0.917609453201294,0.8811267614364624
h256_wd1e-05_s1,l17,40,0.0005,0.2332461340860887,0.8279345631599426,0.9934077038439022,0.7399229781771501,2.386655169674919,0.16600940411850232,0.9268044829368591,0.9150030016899109
h256_wd1e-05_s1,l17,41,0.0005,0.281327062709765,0.8056873679161072,0.990127595415868,0.7317073170731708,3.2269932866755724,0.19086998025218394,0.938149094581604,0.9359863996505737
h256_wd1e-05_s1,l17,42,0.0005,0.28820743547244504,0.9987532496452332,0.9946427568950446,0.7388960205391527,3.0042801490454765,0.19698132301879004,0.9483776688575745,0.9489942789077759
h256_wd1e-05_s1,l17,43,0.0005,0.2835831232368946,0.7886797189712524,0.9921004723676929,0.7413350449293967,3.0188314436193524,0.19208297348536735,0.9582371115684509,0.9555410742759705
h256_wd1e-05_s1,l17,44,0.0005,0.25957956639203156,0.7859802842140198,0.9927019592432493,0.7234916559691913,2.8854486464273825,0.1873310909533975,0.9671563506126404,0.974536120891571
h256_wd1e-05_s1,l17,45,0.0005,0.19415352358059448,1.0101526975631714,0.9891090776399258,0.730808729139923,1.8727701987308913,0.12710635125223435,0.9753183126449585,1.0078696012496948
h256_wd1e-05_s1,l17,46,0.0005,0.2293495830487121,0.8109234571456909,0.993616219294095,0.7333761232349166,2.518488857301077,0.14828773947580978,0.9833092093467712,1.0381615161895752
h256_wd1e-05_s1,l17,47,0.0005,0.18848809532143854,0.9307830929756165,0.995933948721239,0.7259306803594351,2.2915394981610877,0.13684791405403732,0.989598274230957,1.0739619731903076
h256_wd1e-05_s1,l17,48,0.0005,0.17530014450577172,0.959485650062561,0.9953324618456826,0.7327342747111681,1.6445040424465953,0.10809799706531535,0.995579719543457,1.1108742952346802
h256_wd1e-05_s1,l17,49,0.0005,0.20474159243431958,0.9643997550010681,0.9943700828447923,0.7383825417201539,2.8548481168927657,0.13572512646751242,1.0029380321502686,1.131272792816162
h256_wd1e-05_s1,l17,50,0.0005,0.20238055356524207,0.8778964877128601,0.996318900321595,0.7365853658536585,2.50958504412627,0.11740201837683774,1.0108833312988281,1.1437839269638062
h256_wd1e-05_s1,l17,51,0.0005,0.18564039502631535,0.8693743944168091,0.9980993014732418,0.7378690629011554,2.64868444106289,0.11328873240107652,1.0167665481567383,1.1660975217819214
h256_wd1e-05_s1,l17,52,0.0005,0.20144664733247322,0.9596088528633118,0.9958697901211796,0.7356867779204108,2.8122177647222197,0.1282289852609032,1.0222971439361572,1.1851240396499634
h256_wd1e-05_s1,l17,53,0.0005,0.1960170011628758,0.9699457287788391,0.9952282041205861,0.7224646983311939,2.606262095589275,0.1056505391525805,1.027931571006775,1.1962158679962158
h256_wd1e-05_s1,l17,54,0.0005,0.15951143509962343,0.9670700430870056,0.9973855370475817,0.7428754813863928,2.178584110395075,0.10248134204032465,1.0337778329849243,1.2220165729522705
h256_wd1e-05_s1,l17,55,0.0005,0.14354675940491937,1.0078402757644653,0.9987890064238798,0.7454428754813863,1.9030428136937652,0.08846981926464104,1.0390740633010864,1.253494143486023
h256_wd1e-05_s1,l17,56,0.0005,0.15131948414173993,0.984870970249176,0.9987649469488575,0.7305519897304236,2.234966915740245,0.09871338733412847,1.0445107221603394,1.2789775133132935
h256_wd1e-05_s1,l17,57,0.0005,0.1320090168579058,1.025700569152832,0.9986526693987537,0.7385109114249037,2.0677400320207417,0.08207027881142731,1.050536036491394,1.308539867401123
h256_wd1e-05_s1,l17,58,0.0005,0.14169128476218742,1.0590168237686157,0.9986606892237611,0.7363286264441592,2.5366841588356746,0.08798266828258691,1.0565729141235352,1.336343765258789
h256_wd1e-05_s1,l17,59,0.0005,0.1278313977474516,1.106036901473999,0.9986446495737462,0.734788189987163,2.051520702032019,0.08519066530112102,1.0618195533752441,1.3671984672546387
h256_wd1e-05_s1,l17,60,0.0005,0.1906493158841675,0.9289923310279846,0.9966557329719066,0.734788189987163,3.505408342307956,0.1191388510624071,1.0685665607452393,1.3824255466461182
h256_wd1e-05_s1,l17,61,0.0005,0.2390071763233705,0.8879804611206055,0.9981394005982789,0.7251604621309372,4.220926570579656,0.15645815831852034,1.0777398347854614,1.3832786083221436
h256_wd1e-05_s1,l17,62,0.0005,0.1895257942378521,0.9926393032073975,0.9987248478238204,0.7310654685494222,2.7880111180764566,0.1201099370303171,1.0851924419403076,1.3980354070663452
h256_wd1e-05_s1,l17,63,0.0005,0.13982436060905457,1.072202205657959,0.9994225725994659,0.7261874197689345,1.986102448646046,0.07920810798604726,1.0903443098068237,1.4266064167022705
h256_wd1e-05_s1,l17,64,0.0005,0.10378121059726585,1.1022405624389648,0.9994466320744881,0.734403080872914,1.7651783202472535,0.07437419285128974,1.0941047668457031,1.4608904123306274
h256_wd1e-05_s1,l17,65,0.0005,0.1196439117193222,1.1732341051101685,0.9986526693987537,0.7270860077021822,2.2279791850953097,0.06793375342652014,1.097901701927185,1.487204909324646
h256_wd1e-05_s1,l17,66,0.0005,0.14498186246915298,1.0827304124832153,0.9997193061247404,0.7282413350449294,2.87898338308709,0.09016296197658098,1.1027847528457642,1.508880376815796
h256_wd1e-05_s1,l17,67,0.0005,0.10637235827744007,1.237615704536438,0.9990536606491246,0.7327342747111681,2.087922251549081,0.0735412406998569,1.1065549850463867,1.5350397825241089
h256_wd1e-05_s1,l17,68,0.0005,0.09540494370528242,1.049870252609253,0.9997112862997329,0.7305519897304237,2.0035547577259885,0.063338500493483,1.1112849712371826,1.5595266819000244
h256_wd1e-05_s1,l17,69,0.0005,0.13317920911041173,1.0626575946807861,0.9993824734744288,0.7313222079589218,3.02322733031947,0.08807611134328351,1.1158729791641235,1.5810778141021729
h256_wd1e-05_s1,l17,70,0.0005,0.124061498621648,1.076870083808899,0.9998396034998517,0.7265725288831837,2.392859908031385,0.07313615759865714,1.1211179494857788,1.5993200540542603
h256_wd1e-05_s1,l17,71,0.0005,0.11032807691530748,1.0300980806350708,0.9993343545243842,0.7151476251604623,2.4944475259991785,0.07790735709091269,1.1256340742111206,1.630771517753601
h256_wd1e-05_s1,l17,72,0.0005,0.14454566628079524,1.1285417079925537,0.9989895020490653,0.7323491655969191,2.6555285171861738,0.0844533067118524,1.130872368812561,1.656394600868225
h256_wd1e-05_s1,l17,73,0.0005,0.15440739183263344,1.0603673458099365,0.9989413830990208,0.7191270860077023,3.1509180223711635,0.08760100886014686,1.136329174041748,1.67600417137146
h256_wd1e-05_s1,l17,74,0.0005,0.19195179624313657,1.0904825925827026,0.9994305924244733,0.7281129653401798,3.6725004736617706,0.1075021925013133,1.1418203115463257,1.6949125528335571
h256_wd1e-05_s1,l17,75,0.0005,0.19686748172071847,1.1758079528808594,0.9996792069997033,0.7251604621309371,4.123615627382385,0.11774478832907707,1.1478224992752075,1.6942803859710693
h256_wd1e-05_s1,l18,1,0.0005,0.6987422758882696,0.6850973963737488,0.7229512773977383,0.6399059871350816,1.1218272452871791,0.37351326901775717,0.24058301746845245,0.026895374059677124
h256_wd1e-05_s1,l18,2,0.0005,0.6807710555466738,0.6676088571548462,0.7446523027285278,0.6416378030677882,1.1810211811463713,0.41720261290198263,0.284991979598999,0.036753978580236435
h256_wd1e-05_s1,l18,3,0.0005,0.6418638879602606,0.6859964728355408,0.7636077372919479,0.6554923305294408,0.9319274604677521,0.2960577559741082,0.31935590505599976,0.02985209971666336
h256_wd1e-05_s1,l18,4,0.0005,0.6492788168517026,0.7357243299484253,0.7599547055082445,0.6432459178624443,1.5568183793991048,0.4753733597522516,0.35347262024879456,0.03290380537509918
h256_wd1e-05_s1,l18,5,0.0005,0.6709319786591963,0.6591658592224121,0.7781888408022709,0.6537605145967343,1.6040789441127132,0.529474954370912,0.3798118829727173,0.04595702886581421
h256_wd1e-05_s1,l18,6,0.0005,0.613917971199209,0.6463407874107361,0.7995873857942823,0.6712023750618507,0.9422003276739869,0.33247108148122595,0.410327672958374,0.046102095395326614
h256_wd1e-05_s1,l18,7,0.0005,0.6077834421938116,0.6402695775032043,0.8174880171250407,0.677387431964374,1.1923429894449782,0.43071129359754484,0.4366127550601959,0.04298437386751175
h256_wd1e-05_s1,l18,8,0.0005,0.6002067828720267,0.6365786790847778,0.830603254378209,0.6861702127659575,1.2954329979675983,0.4616302813345953,0.46368464827537537,0.042796798050403595
h256_wd1e-05_s1,l18,9,0.0005,0.577117223631252,0.6421622633934021,0.8388865621170521,0.6856754082137555,1.1117276717909041,0.38128820704206895,0.4937257468700409,0.0424528568983078
h256_wd1e-05_s1,l18,10,0.0005,0.5658666450868953,0.6276910305023193,0.8560658941784169,0.696313706086096,1.4371969521121735,0.4625834937534203,0.5208369493484497,0.049954548478126526
h256_wd1e-05_s1,l18,11,0.0005,0.5783497636968439,0.6755596995353699,0.8576403431212869,0.6874072241464622,1.5701250802488331,0.5199907128827335,0.5481022596359253,0.05097566917538643
h256_wd1e-05_s1,l18,12,0.0005,0.574914428320798,0.6869857311248779,0.8649231389703258,0.6901286491835725,1.6622359555708532,0.5439717400174866,0.5724740028381348,0.053423184901475906
h256_wd1e-05_s1,l18,13,0.0005,0.517986076799306,0.6258168816566467,0.8739122341663177,0.7008906481939634,0.9765837795247582,0.3365707385733778,0.5932253003120422,0.06011805310845375
h256_wd1e-05_s1,l18,14,0.0005,0.533519449559125,0.7323358058929443,0.8778367226643089,0.6928500742206828,1.5324927891223126,0.4818637269492258,0.6131524443626404,0.07440382987260818
h256_wd1e-05_s1,l18,15,0.0005,0.4949844764037566,0.622942328453064,0.8977461336807979,0.7093023255813954,1.0479884277468747,0.3410720244823569,0.6347023248672485,0.08938633650541306
h256_wd1e-05_s1,l18,16,0.0005,0.5145793679085645,0.6540148854255676,0.9018567639257293,0.7089312221672439,1.5679499371122403,0.41890910359907296,0.6562301516532898,0.10205420851707458
h256_wd1e-05_s1,l18,17,0.0005,0.4883614331483841,0.6694320440292358,0.900732157537965,0.7076942107867392,1.400149046666179,0.366241509042553,0.6779690384864807,0.11365824192762375
h256_wd1e-05_s1,l18,18,0.0005,0.4830232154239308,0.6634318828582764,0.9098531031380396,0.7159821870361206,1.4706818270616175,0.3612127006221038,0.6974498629570007,0.12427400052547455
h256_wd1e-05_s1,l18,19,0.0005,0.42374786057255487,0.6433805823326111,0.9211301906401723,0.7167243938644235,1.003470689982535,0.27657572200211594,0.7142170667648315,0.14785654842853546
h256_wd1e-05_s1,l18,20,0.0005,0.42628885399211536,0.6576058864593506,0.9254424744442893,0.7164769915883227,1.222782188031662,0.29201917178418574,0.7317309379577637,0.17336085438728333
h256_wd1e-05_s1,l18,21,0.0005,0.4032178968191147,0.6752194166183472,0.936021530395396,0.7191984166254329,1.109144216023192,0.24068450040238165,0.7481777667999268,0.20029258728027344
h256_wd1e-05_s1,l18,22,0.0005,0.39062963832508435,0.6857592463493347,0.9423581056974887,0.7203117268678871,1.3420034379587646,0.278089692290248,0.7639888525009155,0.2243535816669464
h256_wd1e-05_s1,l18,23,0.0005,0.3704428442499854,0.6768308877944946,0.948330153411823,0.7235279564571995,1.3953962426016597,0.27337769917087046,0.7816619277000427,0.24852469563484192
h256_wd1e-05_s1,l18,24,0.0005,0.40073053674264386,0.7526228427886963,0.9534800750771713,0.7215487382483919,1.8992423950119837,0.38760818646488815,0.8006152510643005,0.2679142951965332
h256_wd1e-05_s1,l18,25,0.0005,0.400502740659497,0.7427641153335571,0.9579242092853708,0.7206828302820386,1.957596605096058,0.3984956002825078,0.8197264671325684,0.2803145945072174
h256_wd1e-05_s1,l18,26,0.0005,0.40482633222233166,0.6898766160011292,0.9492065708036671,0.718951014349332,1.8831488625341466,0.30594840826447955,0.8370774984359741,0.2828419506549835
h256_wd1e-05_s1,l18,27,0.0005,0.34544595263221045,0.7092404961585999,0.9611273985139683,0.7261256803562592,1.312477335291687,0.22432892500719223,0.8519741892814636,0.30103805661201477
h256_wd1e-05_s1,l18,28,0.0005,0.3309183493256569,0.7628386616706848,0.9668124777017699,0.7267441860465116,1.5128932556002281,0.2437675182922132,0.8680642247200012,0.3308659493923187
h256_wd1e-05_s1,l18,29,0.0005,0.3510037118738348,0.6946083307266235,0.9698062574650597,0.7247649678377042,1.828030476623722,0.3042851452873212,0.8819481134414673,0.3485325574874878
h256_wd1e-05_s1,l18,30,0.0005,0.42096930742263794,0.7146588563919067,0.9728775962895745,0.7204354280059376,2.3148783478897124,0.3830318852859332,0.9010583162307739,0.3428698182106018
h256_wd1e-05_s1,l18,31,0.0005,0.331905528225682,0.689538836479187,0.9706128717018009,0.7304552201880257,1.4632825313550726,0.26155368918990746,0.9173862934112549,0.36067453026771545
h256_wd1e-05_s1,l18,32,0.0005,0.30790780958804215,0.7225195169448853,0.977321730497774,0.7263730826323603,1.3631241405541854,0.2045155400298491,0.9295951128005981,0.39077356457710266
h256_wd1e-05_s1,l18,33,0.0005,0.27454259991645813,0.7616309523582458,0.9786479904447236,0.7283523008411678,1.3820283611943949,0.21613701023367834,0.9408169984817505,0.42270976305007935
h256_wd1e-05_s1,l18,34,0.0005,0.3109372732314197,0.7261372804641724,0.9810755890610701,0.7272389905987136,2.003324132263755,0.25005976555537573,0.9529363512992859,0.44312646985054016
h256_wd1e-05_s1,l18,35,0.0005,0.3683538701046597,0.7071037888526917,0.9827353529712877,0.7250123701138049,2.3801140141044463,0.3164934156263644,0.9681237936019897,0.44755592942237854
h256_wd1e-05_s1,l18,36,0.0005,0.27649774131449784,0.767507791519165,0.9722571237997736,0.7276100940128648,1.5624411590277274,0.20717958365547123,0.9805080890655518,0.47259408235549927
h256_wd1e-05_s1,l18,37,0.0005,0.26531919701532886,0.7707344889640808,0.9873113375835698,0.7251360712518555,1.5736208563542207,0.2161253892735801,0.9915093779563904,0.49974313378334045
h256_wd1e-05_s1,l18,38,0.0005,0.2553360319950364,0.7693535685539246,0.9879705896039834,0.7276100940128649,1.6507149570783326,0.20764832103957653,1.0028818845748901,0.5318629145622253
h256_wd1e-05_s1,l18,39,0.0005,0.27358836748383264,0.8661925196647644,0.9850776366202864,0.7238990598713508,2.067761012883206,0.21301505830065437,1.014007806777954,0.5604403018951416
h256_wd1e-05_s1,l18,40,0.0005,0.25300717760216107,0.8300608396530151,0.9899328338529791,0.7290945076694706,1.9725895429314726,0.20546857020817494,1.0258870124816895,0.5762284994125366
h256_wd1e-05_s1,l18,41,0.0005,0.34959784082391043,0.859584391117096,0.9847674003753858,0.7224146462147452,2.7053419170173494,0.28592418792267715,1.0400028228759766,0.5704506039619446
h256_wd1e-05_s1,l18,42,0.0005,0.3405301706357436,0.8027454614639282,0.9911272433958459,0.7200643245917863,2.7643552752788128,0.2916376020917633,1.0538862943649292,0.5694873332977295
h256_wd1e-05_s1,l18,43,0.0005,0.2692404951561581,0.8269870281219482,0.9895915739835884,0.7267441860465117,2.081649140686115,0.2126597043935413,1.064911961555481,0.5862040519714355
h256_wd1e-05_s1,l18,44,0.0005,0.2358335954221812,0.7911252379417419,0.9913831882978887,0.7256308758040575,1.8544669172591666,0.18151067962502143,1.074092149734497,0.6103026270866394
h256_wd1e-05_s1,l18,45,0.0005,0.20364368639209054,0.837160050868988,0.9931049994570866,0.7282285997031173,1.3509062775261471,0.15299184203059998,1.0812714099884033,0.6468420624732971
h256_wd1e-05_s1,l18,46,0.0005,0.1902163533324545,0.8367683291435242,0.9942451176570959,0.7278574962889659,1.6205143662949661,0.1564359735905032,1.0887706279754639,0.6798375844955444
h256_wd1e-05_s1,l18,47,0.0005,0.2155617827718908,0.8443320393562317,0.9951060232366946,0.7298367144977734,1.8049748578355775,0.1642043838125006,1.0969847440719604,0.7046234011650085
h256_wd1e-05_s1,l18,48,0.0005,0.22403870489109645,0.8944946527481079,0.9940357081917881,0.7303315190499752,2.1886380361970135,0.180523082937189,1.10580575466156,0.7246942520141602
h256_wd1e-05_s1,l18,49,0.0005,0.18204805085604842,0.8571842908859253,0.9935470861060698,0.7326818406729343,1.352447839624443,0.12321183920361421,1.1144527196884155,0.7469054460525513
h256_wd1e-05_s1,l18,50,0.0005,0.21660736067728562,0.9360174536705017,0.9960599996897637,0.7274863928748145,2.3936676764331715,0.17856546167236165,1.1228468418121338,0.7687626481056213
h256_wd1e-05_s1,l18,51,0.0005,0.19607792659239334,0.914502739906311,0.9959824406285386,0.7243938644235527,2.0498199636631935,0.16229278333724562,1.133187174797058,0.791218101978302
h256_wd1e-05_s1,l18,52,0.0005,0.24113783511248502,0.8224203586578369,0.9950982673305723,0.7179614052449282,2.8059440061947565,0.18516406655995601,1.144041657447815,0.8072678446769714
h256_wd1e-05_s1,l18,53,0.0005,0.19713661887428977,0.9152966141700745,0.9960367319713962,0.7224146462147452,2.0382791941523357,0.15322419151509387,1.152967095375061,0.8258382081985474
h256_wd1e-05_s1,l18,54,0.0005,0.19442398846149445,0.933989942073822,0.9969674407060978,0.7201880257298366,2.1578703064783444,0.1557017378099517,1.1604511737823486,0.8411561250686646
h256_wd1e-05_s1,l18,55,0.0005,0.17668456177819858,0.9128146767616272,0.997743031318349,0.7200643245917864,1.7662782770373544,0.12072014916275192,1.1670176982879639,0.864301860332489
h256_wd1e-05_s1,l18,56,0.0005,0.17114221406253902,0.9903520941734314,0.9953619681387377,0.7255071746660069,1.8824523513840241,0.13498092665703293,1.1747827529907227,0.8875845670700073
h256_wd1e-05_s1,l18,57,0.0005,0.19173920120705257,0.9496901631355286,0.9960599996897637,0.7153636813458684,2.407640133996555,0.1495466751341282,1.182499647140503,0.9057634472846985
h256_wd1e-05_s1,l18,58,0.0005,0.1481714082712477,0.996654748916626,0.9980687793754944,0.7182088075210291,1.6967169265697748,0.11705929836285277,1.1890860795974731,0.9307215809822083
h256_wd1e-05_s1,l18,59,0.0005,0.15453731268644333,0.9677895307540894,0.9983557479020274,0.7152399802078179,1.643496655373091,0.10435946620440689,1.1946561336517334,0.9572333693504333
h256_wd1e-05_s1,l18,60,0.0005,0.19077273187312213,0.9964499473571777,0.997789566755084,0.7132607619990103,2.604327218252031,0.14647442132709065,1.2020074129104614,0.9738724231719971
h256_wd1e-05_s1,l18,61,0.0005,0.15882242809642444,1.0732134580612183,0.9988133463632556,0.716848095002474,1.9985597894751344,0.12370040781032539,1.2085500955581665,0.9952071905136108
h256_wd1e-05_s1,l18,62,0.0005,0.13657763329419223,1.0504882335662842,0.9993950393224441,0.7157347847600197,1.8677631834439348,0.11228042096081726,1.2150975465774536,1.0230437517166138
h256_wd1e-05_s1,l18,63,0.0005,0.24432844363830306,1.1997616291046143,0.9990692912652985,0.723156853043048,3.8875863907506645,0.1993810809608842,1.2227096557617188,1.02386474609375
h256_wd1e-05_s1,l18,64,0.0005,0.1819173348220912,0.9872086644172668,0.9988443699877457,0.7224146462147452,2.6299836134243577,0.15780561258084602,1.23102605342865,1.0262794494628906
h256_wd1e-05_s1,l18,65,0.0005,0.15194909172979268,1.0404365062713623,0.9985496455550902,0.7227857496288965,1.8671594370624904,0.10167128259341073,1.237563967704773,1.0442811250686646
h256_wd1e-05_s1,l18,66,0.0005,0.134961289269003,1.1050924062728882,0.998138582530597,0.7167243938644237,1.6346124294594546,0.09647783206500979,1.243443489074707,1.065481424331665
h256_wd1e-05_s1,l18,67,0.0005,0.1339771400459788,1.3409818410873413,0.9992554330122388,0.7188273132112815,2.127266045526347,0.10421746806840626,1.24921715259552,1.0905705690383911
h256_wd1e-05_s1,l18,68,0.0005,0.16505367241122507,1.0702087879180908,0.9987357873020305,0.7216724393864423,2.587306547411973,0.12219538094642753,1.2560017108917236,1.1007297039031982
h256_wd1e-05_s1,l18,69,0.0005,0.132784730670127,1.1436811685562134,0.9986582282408054,0.7230331519049975,2.1442079494121242,0.10391974746674998,1.2617512941360474,1.117545485496521
