unit,fold,epoch,lr,train_loss,val_loss,train_auc,val_auc,grad_net,grad_head,move_net,move_head
h512_wd0.001_s0,o0,1,0.0005,0.738576634934074,0.6935811042785645,0.5995863361664996,0.49845890410958904,1.051750733943308,0.3365013722088985,0.24461804330348969,0.03911420702934265
h512_wd0.001_s0,o0,2,0.0005,0.6901365079377827,0.6993440985679626,0.6351786618405886,0.5219178082191782,0.5681315452288921,0.1625556671377975,0.28679215908050537,0.04963532090187073
h512_wd0.001_s0,o0,3,0.0005,0.6810867253102755,0.6857011318206787,0.7148843572590462,0.5893835616438357,0.533032011364195,0.15690592647108,0.29816803336143494,0.05217711254954338
h512_wd0.001_s0,o0,4,0.0005,0.6627931312510842,0.6846540570259094,0.727520494673001,0.6030821917808218,0.5048901934324931,0.1467726430886724,0.30920207500457764,0.040108822286129
h512_wd0.001_s0,o0,5,0.0005,0.6576170042941445,0.6854316592216492,0.7564985080093506,0.6393835616438357,0.7163454609011692,0.19592182487369264,0.32267239689826965,0.03041088953614235
h512_wd0.001_s0,o0,6,0.0005,0.6569276828514902,0.6610742807388306,0.7910351291083606,0.6868150684931507,0.9331331461470453,0.2682701036427712,0.3362254202365875,0.03233150765299797
h512_wd0.001_s0,o0,7,0.0005,0.6178311642847563,0.6508280038833618,0.7972077691238729,0.6851027397260273,0.6265832629239557,0.18211924524606513,0.35102027654647827,0.032185155898332596
h512_wd0.001_s0,o0,8,0.0005,0.6085459182136937,0.6646713614463806,0.7977571664027405,0.707876712328767,0.8569731342256344,0.22216941910083868,0.36599817872047424,0.050458479672670364
h512_wd0.001_s0,o0,9,0.0005,0.5661283543235377,0.638648509979248,0.8229432612653375,0.7035958904109589,0.8877815235790089,0.22463227876010988,0.3811257779598236,0.0795859694480896
h512_wd0.001_s0,o0,10,0.0005,0.624122331016942,0.6297621130943298,0.8424307059216408,0.7130136986301371,1.4330645552038255,0.3855811677597804,0.3921392261981964,0.07322940975427628
h512_wd0.001_s0,o0,11,0.0005,0.5646518657082006,0.6181475520133972,0.8486141184328173,0.7198630136986301,0.8943016001750785,0.23089334672322814,0.40336933732032776,0.08563918620347977
h512_wd0.001_s0,o0,12,0.0005,0.5365136124585804,0.6133439540863037,0.8608409010115374,0.7280821917808219,1.0121692211186488,0.2511532537342161,0.4136704206466675,0.11293385177850723
h512_wd0.001_s0,o0,13,0.0005,0.5567406525737361,0.6062461733818054,0.8703314696915834,0.7337328767123287,1.0586597402190463,0.23326080783730513,0.4231814742088318,0.13097207248210907
h512_wd0.001_s0,o0,14,0.0005,0.5079771327344995,0.606051504611969,0.8778075816824484,0.7441780821917808,0.936382408427007,0.2063828736304499,0.4334167242050171,0.16814956068992615
h512_wd0.001_s0,o0,15,0.0005,0.5024772051133608,0.6144779324531555,0.8935461978476553,0.7496575342465753,1.1698540618937272,0.20259982869099377,0.4422123432159424,0.19658005237579346
h512_wd0.001_s0,o0,16,0.0005,0.4886426000218642,0.59202641248703,0.9004836850553167,0.7529109589041095,0.9191981872240464,0.17471380264366285,0.45169204473495483,0.22889797389507294
h512_wd0.001_s0,o0,17,0.0005,0.4673847430630734,0.5952977538108826,0.9030152215363734,0.7470890410958905,1.1596073902080821,0.18660453702133925,0.4609183371067047,0.2697456479072571
h512_wd0.001_s0,o0,18,0.0005,0.44806722590797826,0.5808903574943542,0.9152204591237653,0.761472602739726,1.1114400352116651,0.17159943101998879,0.4694187343120575,0.3035261332988739
h512_wd0.001_s0,o0,19,0.0005,0.44408933426204483,0.7265063524246216,0.9155867239763437,0.747945205479452,1.4528993346331442,0.21224952543531733,0.47829174995422363,0.33165061473846436
h512_wd0.001_s0,o0,20,0.0005,0.45807416972361115,0.5661945939064026,0.925734414891898,0.7732876712328767,1.5322943443761285,0.21698854413289814,0.4863114655017853,0.3432225286960602
h512_wd0.001_s0,o0,21,0.0005,0.40807417819374486,0.6116682291030884,0.9334367492917084,0.7648972602739725,1.136159737956481,0.1732150621680776,0.49526238441467285,0.37878769636154175
h512_wd0.001_s0,o0,22,0.0005,0.39436138146801997,0.5849949717521667,0.9397386592551896,0.7640410958904109,1.2827395966902004,0.16889556526435034,0.5031700730323792,0.4151943624019623
h512_wd0.001_s0,o0,23,0.0005,0.3729017392585152,0.582634449005127,0.9493477253875405,0.7684931506849315,1.241391231760066,0.14391990086801834,0.510947048664093,0.4570458233356476
h512_wd0.001_s0,o0,24,0.0005,0.361302007970057,0.6058757305145264,0.9505650173975805,0.7667808219178082,1.4045137015345317,0.17060729131527652,0.518118143081665,0.49660757184028625
h512_wd0.001_s0,o0,25,0.0005,0.3501339460674085,0.5867814421653748,0.9576856370315311,0.7688356164383561,1.4959569076620127,0.1602187461601057,0.5259343981742859,0.5304943919181824
h512_wd0.001_s0,o0,26,0.0005,0.348578227193732,0.6079341769218445,0.960723480808799,0.7678082191780822,1.5545073852458617,0.16681841047811632,0.5337281227111816,0.5607615113258362
h512_wd0.001_s0,o0,27,0.0005,0.3923279611687911,0.5990232825279236,0.9632226998028633,0.774486301369863,1.8928757487810497,0.21282028751382198,0.5405997633934021,0.5788002610206604
h512_wd0.001_s0,o0,28,0.0005,0.3676272026802364,0.6045050621032715,0.9612836505833307,0.7654109589041096,2.0892711264010084,0.18955445663051623,0.5484343767166138,0.5912885069847107
h512_wd0.001_s0,o0,29,0.0005,0.3249368926412181,0.5788573026657104,0.9733165282400974,0.7736301369863013,1.4561880989768636,0.14224547329499743,0.5554767847061157,0.624300479888916
h512_wd0.001_s0,o0,30,0.0005,0.3038627952337265,0.6081224083900452,0.9757618847558414,0.7690068493150685,1.5582541437560653,0.14890572354758153,0.5615459084510803,0.6683849096298218
h512_wd0.001_s0,o0,31,0.0005,0.3315639393894296,0.6155434846878052,0.9747169526764266,0.7619863013698629,2.0975193678065307,0.16243439529284975,0.5683861970901489,0.7006829380989075
h512_wd0.001_s0,o0,32,0.0005,0.32572252342575475,0.653368353843689,0.97311185082248,0.7647260273972603,1.7272601251859652,0.11782374250319334,0.5750132203102112,0.7288535237312317
h512_wd0.001_s0,o0,33,0.0005,0.30903901473471995,0.6445812582969666,0.9812450850488532,0.7659246575342467,1.8646144558987474,0.15933159927446436,0.5806614756584167,0.7588948607444763
h512_wd0.001_s0,o0,34,0.0005,0.2903732335881183,0.6302086710929871,0.9815790324144394,0.7660958904109588,1.9658797486997426,0.1505256814620358,0.5863825082778931,0.7740622758865356
h512_wd0.001_s0,o0,35,0.0005,0.2492029572788038,0.7034731507301331,0.9840567064171757,0.767123287671233,1.3979038838176472,0.1191242272327771,0.5917015075683594,0.8117554783821106
h512_wd0.001_s0,o0,36,0.0005,0.2435263297275493,0.6813221573829651,0.9876224024819829,0.7710616438356164,1.573263948911054,0.13110069417342415,0.5964350700378418,0.847735583782196
h512_wd0.001_s0,o0,37,0.0005,0.2177469350005451,0.7027475237846375,0.9870406877161232,0.7696917808219177,1.70689074094567,0.11355313971774703,0.6010417342185974,0.8834104537963867
h512_wd0.001_s0,o0,38,0.0005,0.22684940068345322,0.6994621157646179,0.9907787437115557,0.767123287671233,2.006779681611248,0.1275094105729048,0.6060516834259033,0.9141575694084167
h512_wd0.001_s0,o0,39,0.0005,0.24493924332292458,0.765591561794281,0.9910480561031575,0.771917808219178,2.3010657370122076,0.13359906809968233,0.6116755604743958,0.9405001401901245
h512_wd0.001_s0,o0,40,0.0005,0.24102589017466494,0.7003791332244873,0.9887535145267103,0.7787671232876712,2.1136762224087193,0.10875075218763768,0.6177297830581665,0.9602275490760803
h512_wd0.001_s0,o0,41,0.0005,0.22127425278487958,0.7121276259422302,0.9931056027749949,0.7640410958904109,1.8244867382306602,0.10927346389892814,0.6225233674049377,0.9901754856109619
h512_wd0.001_s0,o0,42,0.0005,0.21964457003693832,0.8676705956459045,0.9917159508343298,0.7650684931506848,2.297188522669712,0.12375563401404358,0.6268165111541748,1.0177903175354004
h512_wd0.001_s0,o0,43,0.0005,0.20483368635177612,0.7466687560081482,0.9962619440045676,0.7625000000000001,2.057058945404486,0.12138549177882628,0.6306093335151672,1.043984293937683
h512_wd0.001_s0,o0,44,0.0005,0.19465918368414828,0.7539293169975281,0.9958956791519892,0.7626712328767122,1.9466515082461004,0.09890423196551473,0.6349445581436157,1.0752570629119873
h512_wd0.001_s0,o0,45,0.0005,0.21620011015942223,0.8285829424858093,0.9938381324801517,0.7470890410958904,2.366931320730179,0.11770238372249808,0.638960063457489,1.101897120475769
h512_wd0.001_s0,o0,46,0.0005,0.16467612001456713,0.8621812462806702,0.9965420288918333,0.7710616438356163,1.8010028990709002,0.09244635953448788,0.6431381106376648,1.1359596252441406
h512_wd0.001_s0,o0,47,0.0005,0.17953099310398102,0.8374878168106079,0.9962080815262472,0.7571917808219177,2.202206720377986,0.1058575470627952,0.6474262475967407,1.1607551574707031
h512_wd0.001_s0,o0,48,0.0005,0.17770321765228322,0.8059573769569397,0.9972637861013262,0.7633561643835617,2.5350535141428026,0.10866111594075945,0.6519328355789185,1.1880271434783936
h512_wd0.001_s0,o0,49,0.0005,0.2136019182048346,0.8125061988830566,0.9958956791519892,0.7518835616438355,2.7820455133251647,0.11425725003236128,0.6562087535858154,1.1986533403396606
h512_wd0.001_s0,o0,50,0.0005,0.17894634408386131,0.9986400604248047,0.9974146010406231,0.7672945205479452,2.0067668795668867,0.09932795595078941,0.6601164937019348,1.2243746519088745
h512_wd0.001_s0,o0,51,0.0005,0.2298522152398762,0.8162687420845032,0.9968652037617555,0.7460616438356164,3.0982360838018375,0.1311313816026305,0.664601743221283,1.2317605018615723
h512_wd0.001_s0,o0,52,0.0005,0.17237890080401772,0.7763729691505432,0.997867045858514,0.7484589041095889,2.090590432428474,0.08933052854457381,0.6686833500862122,1.2562669515609741
h512_wd0.001_s0,o0,53,0.0005,0.20112981294330798,0.8216595649719238,0.9976192784582405,0.7700342465753424,2.3999921043614623,0.10376453916296938,0.6722894310951233,1.281769037246704
h512_wd0.001_s0,o0,54,0.0005,0.1880996074331434,0.8324562907218933,0.9973284210753106,0.7571917808219178,2.5007500036631476,0.1198966390573903,0.6760188341140747,1.2872451543807983
h512_wd0.001_s0,o0,55,0.0005,0.19298678283628665,1.0742526054382324,0.9970914261707009,0.7595890410958904,2.972908849490339,0.10122964514459269,0.6795860528945923,1.3051278591156006
h512_wd0.001_s0,o0,56,0.0005,0.2508215966977571,0.7637926936149597,0.9984164431373816,0.759417808219178,3.3608762892998145,0.13904310577690973,0.6848106980323792,1.3103893995285034
h512_wd0.001_s0,o0,57,0.0005,0.1676452520646547,0.8354136943817139,0.9976839134322248,0.7589041095890411,1.7872928971614495,0.08412099317919375,0.6885980367660522,1.3427149057388306
h512_wd0.001_s0,o0,58,0.0005,0.15868128287164787,0.8630062937736511,0.9986642105376553,0.7614726027397261,2.5117653023403435,0.09150971583733887,0.691684901714325,1.374551773071289
h512_wd0.001_s0,o0,59,0.0005,0.14009524136781693,1.03862726688385,0.9990412478858978,0.7607876712328766,1.9599334761235903,0.0862174463920181,0.6945911645889282,1.4062047004699707
h512_wd0.001_s0,o0,60,0.0005,0.12650127532450775,0.9360326528549194,0.9990735653728899,0.7609589041095891,1.8170543227455236,0.0740108909752224,0.6973227262496948,1.4394543170928955
h512_wd0.001_s0,o1,1,0.0005,0.7311031441939505,0.6903901696205139,0.6868327785498066,0.6229452054794521,0.8487260809933402,0.2826442381028785,0.24613381922245026,0.03840531036257744
h512_wd0.001_s0,o1,2,0.0005,0.695398139326196,0.6852461099624634,0.6770082625041743,0.6361301369863014,0.5573792101929612,0.15709746246802095,0.2880929112434387,0.04852661117911339
h512_wd0.001_s0,o1,3,0.0005,0.6817497673787569,0.6815125942230225,0.7330252399573409,0.6676369863013698,0.44812606122694104,0.1278482661166742,0.29987144470214844,0.04963894560933113
h512_wd0.001_s0,o1,4,0.0005,0.6659990643200121,0.6746108531951904,0.7637699425825981,0.6861301369863013,0.46920981856326094,0.13086619347997464,0.31036219000816345,0.044291287660598755
h512_wd0.001_s0,o1,5,0.0005,0.6684082809247469,0.6825486421585083,0.7621002057546672,0.6809931506849315,0.7402588685126499,0.1916377168823829,0.32226455211639404,0.03902779147028923
h512_wd0.001_s0,o1,6,0.0005,0.6718326807022095,0.6679439544677734,0.7766538473968264,0.6957191780821919,0.8812641590565113,0.2538748597606119,0.33437326550483704,0.04671357199549675
h512_wd0.001_s0,o1,7,0.0005,0.6483875952268902,0.693989098072052,0.7761690850919433,0.6878424657534248,0.5870307191504393,0.15759995734163382,0.34591996669769287,0.04730256646871567
h512_wd0.001_s0,o1,8,0.0005,0.6365070844951429,0.6454898715019226,0.7676372685259994,0.6803082191780822,0.7500823390364985,0.20615065087223447,0.3568740487098694,0.05063324794173241
h512_wd0.001_s0,o1,9,0.0005,0.6058825254440308,0.6491944789886475,0.7764168524922169,0.6787671232876712,0.7508013672604935,0.21647709134369889,0.36830833554267883,0.06317835301160812
h512_wd0.001_s0,o1,10,0.0005,0.6147904176461069,0.6576588153839111,0.808249577179545,0.698972602739726,1.0937017757404321,0.26706283672977504,0.37814533710479736,0.07342298328876495
h512_wd0.001_s0,o1,11,0.0005,0.5903662098081488,0.6379980444908142,0.8204224972799448,0.7041095890410959,0.9412593767920964,0.22950272549061723,0.38729289174079895,0.08666674047708511
h512_wd0.001_s0,o1,12,0.0005,0.589001643030267,0.642480194568634,0.8179879132598649,0.6967465753424658,0.9934584401813052,0.22176636255120852,0.3961113691329956,0.10552851855754852
h512_wd0.001_s0,o1,13,0.0005,0.5691978115784494,0.6404228806495667,0.8447791099764083,0.711986301369863,0.8661967763200079,0.2059895342759753,0.4055873155593872,0.12669096887111664
h512_wd0.001_s0,o1,14,0.0005,0.5546040378118816,0.6205002665519714,0.8519212746016869,0.7136986301369863,0.9681549959139245,0.2126116217196651,0.41520336270332336,0.1574385017156601
h512_wd0.001_s0,o1,15,0.0005,0.539460710789028,0.634971559047699,0.8559501879800493,0.7063356164383562,1.0002939317256536,0.22418865361646648,0.4247500002384186,0.18937721848487854
h512_wd0.001_s0,o1,16,0.0005,0.5154869995619121,0.6346034407615662,0.8801021232588954,0.7215753424657534,0.843359761703612,0.18643326869611443,0.434052437543869,0.223767951130867
h512_wd0.001_s0,o1,17,0.0005,0.5001182901231866,0.6231523752212524,0.8936000603259757,0.7231164383561643,1.094564070571741,0.19696993785897984,0.44467228651046753,0.2772250473499298
h512_wd0.001_s0,o1,18,0.0005,0.48546104368410614,0.6218978762626648,0.8986739057837528,0.7226027397260274,1.1768494354054972,0.20727435688434584,0.4547223746776581,0.31702303886413574
h512_wd0.001_s0,o1,19,0.0005,0.48266466824631943,0.6170927286148071,0.915812946385289,0.7227739726027397,1.2114606854081011,0.1852450533358997,0.4634879529476166,0.352546364068985
h512_wd0.001_s0,o1,20,0.0005,0.46364538920553106,0.6839717030525208,0.91504809919314,0.722431506849315,1.2709291966695637,0.19532603630865875,0.4724429249763489,0.3906497657299042
h512_wd0.001_s0,o1,21,0.0005,0.4567081238094129,0.6986573934555054,0.9250234301780693,0.7181506849315069,1.40042345593086,0.21088005547491298,0.48065677285194397,0.41417911648750305
h512_wd0.001_s0,o1,22,0.0005,0.4157885454202953,0.6652361154556274,0.9355158409548741,0.7229452054794521,1.252290650381326,0.16575153281588187,0.48937636613845825,0.45300260186195374
h512_wd0.001_s0,o1,23,0.0005,0.3866481984916486,0.6576050519943237,0.9467946439151558,0.7191780821917808,1.270141867455915,0.15198341534554205,0.4977841377258301,0.49867337942123413
h512_wd0.001_s0,o1,24,0.0005,0.4282114858690061,0.6397798657417297,0.9507589223195339,0.7155821917808219,2.2363432276920943,0.23391657303184638,0.5060365200042725,0.5236891508102417
h512_wd0.001_s0,o1,25,0.0005,0.4005089276715329,0.6508411765098572,0.9487767831173448,0.7212328767123288,1.7733237796332675,0.18182497761438893,0.5153413414955139,0.5510804653167725
h512_wd0.001_s0,o1,26,0.0005,0.3994697959799516,0.6629277467727661,0.9591614689375088,0.7116438356164384,1.717789502963333,0.1695774418233536,0.523233950138092,0.5768573880195618
h512_wd0.001_s0,o1,27,0.0005,0.3810796792569913,0.6617885828018188,0.9641491344299734,0.7102739726027397,1.7458179699502043,0.16872184831820602,0.5305203199386597,0.6169654726982117
h512_wd0.001_s0,o1,28,0.0005,0.34325053895774643,0.7070199847221375,0.9642999493692704,0.7195205479452055,1.716960117376606,0.1674945971446752,0.5369574427604675,0.6608459949493408
h512_wd0.001_s0,o1,29,0.0005,0.3271140816964601,0.7772228121757507,0.9668961208243114,0.7205479452054794,1.7372771221870222,0.13587462265427164,0.5427679419517517,0.7014579772949219
h512_wd0.001_s0,o1,30,0.0005,0.3197866764507796,0.7311509847640991,0.9723254586390029,0.7155821917808219,1.8544475732401278,0.14925802461053297,0.5487443804740906,0.7420660257339478
h512_wd0.001_s0,o1,31,0.0005,0.31890230508227096,0.705507218837738,0.9818914347886976,0.7113013698630136,2.02827820325238,0.1527167557019171,0.5544691681861877,0.7745499014854431
h512_wd0.001_s0,o1,32,0.0005,0.31953138583584834,0.7576509118080139,0.9774531665751005,0.7171232876712329,2.4283103956055454,0.164805947703438,0.5605453252792358,0.8072089552879333
h512_wd0.001_s0,o1,33,0.0005,0.2904745042324066,0.8009697198867798,0.9850693210095983,0.7140410958904109,2.095341243904016,0.1559287727135254,0.5663315057754517,0.8478318452835083
h512_wd0.001_s0,o1,34,0.0005,0.2566385175052442,0.7862234711647034,0.9872776826207327,0.7179794520547945,1.9229979996108766,0.1352178032059209,0.571376383304596,0.8889468908309937
h512_wd0.001_s0,o1,35,0.0005,0.25783758649700567,0.738434910774231,0.9894321817535469,0.7191780821917808,2.2801693739093607,0.1390225967543828,0.576718270778656,0.9245001077651978
h512_wd0.001_s0,o1,36,0.0005,0.22995102797683917,0.7686969041824341,0.9895937691885079,0.7205479452054793,1.7210389907398527,0.12684934426825925,0.5816078782081604,0.971583366394043
h512_wd0.001_s0,o1,37,0.0005,0.23055997647737203,0.8735765218734741,0.9878486248909285,0.7236301369863013,1.877354501399421,0.12458679232367893,0.5868277549743652,1.0158452987670898
h512_wd0.001_s0,o1,38,0.0005,0.24061351230269984,0.8060267567634583,0.9907248812332352,0.7217465753424657,2.157517172864947,0.1288233172405281,0.5917825698852539,1.0489840507507324
h512_wd0.001_s0,o1,39,0.0005,0.2214910352700635,0.7892587780952454,0.9937304075235109,0.720890410958904,1.9433464201935253,0.10231806455421001,0.596617579460144,1.0890700817108154
h512_wd0.001_s0,o1,40,0.0005,0.20031149567742096,0.8508053421974182,0.9956371392560515,0.7101027397260273,1.7937466143294538,0.11321079433689087,0.6013908982276917,1.1315175294876099
h512_wd0.001_s0,o1,41,0.0005,0.1711690225883534,0.9013621211051941,0.9942259423240583,0.7184931506849315,1.819396809380269,0.10656224451969272,0.6060754060745239,1.1823804378509521
h512_wd0.001_s0,o1,42,0.0005,0.19493256823012703,0.8543431758880615,0.9977270034148812,0.7042808219178083,2.5887968277051963,0.11108590292829838,0.6114130020141602,1.2218587398529053
h512_wd0.001_s0,o1,43,0.0005,0.17169925021497826,0.819438099861145,0.9976408234495686,0.7154109589041096,2.027592528965808,0.09810364300640127,0.6175023317337036,1.2619291543960571
h512_wd0.001_s0,o1,44,0.0005,0.17408186001212975,0.878917932510376,0.9982117657197643,0.7135273972602739,1.936097569284378,0.11209564813160051,0.622099757194519,1.3041352033615112
h512_wd0.001_s0,o1,45,0.0005,0.17393002737509577,0.8699044585227966,0.9950985144728479,0.7152397260273973,2.3065451738332103,0.09768274210789767,0.6262100338935852,1.345160722732544
h512_wd0.001_s0,o1,46,0.0005,0.19503944524024663,0.8425722718238831,0.9988581154596086,0.7111301369863013,2.3046148690364765,0.1102833176624243,0.6304281949996948,1.3813068866729736
h512_wd0.001_s0,o1,47,0.0005,0.2224207645968387,0.9044185280799866,0.9981579032414439,0.7032534246575342,3.2021288370569265,0.11927184826826732,0.6362854838371277,1.396765112876892
h512_wd0.001_s0,o1,48,0.0005,0.22060110694483706,0.9340547323226929,0.9934826401232373,0.7285958904109588,2.790417184529356,0.10484240862282039,0.6410536766052246,1.4219619035720825
h512_wd0.001_s0,o1,49,0.0005,0.18845461857946297,0.9140925407409668,0.9991597453382025,0.7152397260273973,2.5376617172591014,0.0993374395786391,0.6449160575866699,1.4520686864852905
h512_wd0.001_s0,o1,50,0.0005,0.12988591821570145,1.0219215154647827,0.9992890152861713,0.7179794520547944,2.164494148578429,0.09840990095375603,0.6480233073234558,1.491692066192627
h512_wd0.001_s0,o1,51,0.0005,0.13510048448255188,1.151979923248291,0.9895614517015157,0.7232876712328766,2.437354494983953,0.0735783854853088,0.6508744359016418,1.5221902132034302
h512_wd0.001_s0,o1,52,0.0005,0.15846071745219983,0.9835428595542908,0.9993428777644917,0.7157534246575341,2.562700566063862,0.08571489132605312,0.6542984843254089,1.5508266687393188
h512_wd0.001_s0,o1,53,0.0005,0.18940754901421697,1.0117042064666748,0.9997199151127342,0.7092465753424657,3.2341835974186592,0.10204438058209185,0.6578786969184875,1.5754910707473755
h512_wd0.001_s0,o1,54,0.0005,0.18369117496829285,0.8568102121353149,0.9994721477124606,0.7202054794520548,3.0150037486535295,0.11142146476709797,0.661786675453186,1.587550401687622
h512_wd0.001_s0,o1,55,0.0005,0.1766269367776419,0.9313318729400635,0.9983948981460534,0.7181506849315069,2.9238466566578043,0.1008239525176991,0.6659985184669495,1.6131235361099243
h512_wd0.001_s0,o1,56,0.0005,0.1397424018696735,0.9902253746986389,0.9995044651994528,0.7053082191780823,2.1556704401569684,0.08086834724865292,0.6692113876342773,1.6499167680740356
h512_wd0.001_s0,o1,57,0.0005,0.11615719567788274,1.0743529796600342,0.9996121901560935,0.7104452054794521,1.8064410610655683,0.072843453714842,0.6722496151924133,1.6882708072662354
h512_wd0.001_s0,o1,58,0.0005,0.11052915434304036,1.1054298877716064,0.9997953225823827,0.7106164383561644,2.4016525983915766,0.0652287237152994,0.6746236681938171,1.7219289541244507
h512_wd0.001_s0,o1,59,0.0005,0.13360049555960454,1.6762858629226685,0.9958202716823407,0.7251712328767123,3.0155850839539324,0.07513347156291587,0.6777722239494324,1.742571234703064
h512_wd0.001_s0,o1,60,0.0005,0.152910686441158,0.8868199586868286,0.9998168675737108,0.7155821917808219,3.2812086114373855,0.08963455803847971,0.6811351180076599,1.7436610460281372
h512_wd0.001_s0,o1,61,0.0005,0.12423194513509148,0.9412432909011841,0.9998168675737108,0.7089041095890412,2.3475517880734724,0.08953333722514277,0.684725284576416,1.7747457027435303
h512_wd0.001_s0,o1,62,0.0005,0.13441786444500872,1.1378496885299683,0.9985349405896864,0.7327054794520548,2.974737575328519,0.08379792416030384,0.6879990100860596,1.8085159063339233
h512_wd0.001_s0,o1,63,0.0005,0.13025759709508797,0.9958995580673218,0.999859957556367,0.7258561643835616,2.533641961072083,0.07084150784601044,0.690786600112915,1.8314718008041382
h512_wd0.001_s0,o1,64,0.0005,0.11056295860754817,1.0801501274108887,0.9998384125650389,0.7291095890410958,2.1759996329307856,0.06340426538410171,0.6929966807365417,1.8619744777679443
h512_wd0.001_s0,o1,65,0.0005,0.09396080751168101,1.1158133745193481,0.9999461375216796,0.7154109589041096,2.153166676519825,0.0617439731190455,0.6954537630081177,1.8929208517074585
h512_wd0.001_s0,o1,66,0.0005,0.09218070754095127,1.0781464576721191,0.9997845500867186,0.7207191780821918,1.8712903958023572,0.0543588114011127,0.6977323889732361,1.9264233112335205
h512_wd0.001_s0,o1,67,0.0005,0.10879949597935927,0.970251739025116,0.9999245925303516,0.7200342465753424,2.663603798473207,0.06512567892124817,0.7001561522483826,1.9535348415374756
h512_wd0.001_s0,o1,68,0.0005,0.11379113126742213,1.0585576295852661,0.9999676825130078,0.7160958904109589,2.356945788761458,0.05505100509469304,0.702536940574646,1.9810864925384521
h512_wd0.001_s0,o1,69,0.0005,0.08486616278165265,1.1308398246765137,0.999838412565039,0.7157534246575342,2.042589304949479,0.048649742027410924,0.7044714093208313,2.008598804473877
h512_wd0.001_s0,o1,70,0.0005,0.08578856642308988,1.1182658672332764,0.9999892275043359,0.7186643835616437,1.8460406077246205,0.04971122335888671,0.7068464159965515,2.037479877471924
h512_wd0.001_s0,o1,71,0.0005,0.10075529522605632,1.1778876781463623,0.9993751952514839,0.7270547945205479,2.6447876658785447,0.06554294612335929,0.7090792655944824,2.0686728954315186
h512_wd0.001_s0,o1,72,0.0005,0.13292358227466283,1.1498243808746338,0.9980286332934751,0.733904109589041,3.0016790047584827,0.07083025653298902,0.7116827964782715,2.0894410610198975
h512_wd0.001_s0,o1,73,0.0005,0.12709747764625048,1.3435263633728027,0.9996660526344139,0.7102739726027398,3.3420746226229454,0.06703071975800708,0.7142360210418701,2.1013431549072266
h512_wd0.001_s0,o1,74,0.0005,0.2022618033776158,0.8672550916671753,0.99878270798996,0.7226027397260273,4.307016498320003,0.10313930025195499,0.7178403735160828,2.103598117828369
h512_wd0.001_s0,o1,75,0.0005,0.18014426980363696,1.0275131464004517,0.9996768251300778,0.7178082191780821,3.6183605649854265,0.09077927882510077,0.721261203289032,2.1153604984283447
h512_wd0.001_s0,o1,76,0.0005,0.13538091786597906,1.0040355920791626,0.9999892275043359,0.7116438356164383,2.6715002879051215,0.07248444732274568,0.7242553234100342,2.13143253326416
h512_wd0.001_s0,o1,77,0.0005,0.08260439659811948,1.160421371459961,1.0,0.7066780821917809,1.7523320631949484,0.04950219988766634,0.7264457941055298,2.166426658630371
h512_wd0.001_s0,o1,78,0.0005,0.10010301360958501,1.1528698205947876,0.9999461375216796,0.7190068493150685,2.378615576340767,0.056837060608189695,0.7285130620002747,2.1930737495422363
h512_wd0.001_s0,o1,79,0.0005,0.08259475221367259,1.2340223789215088,0.9999353650260155,0.7214041095890411,2.1126198647253376,0.049282925817590584,0.7302076816558838,2.2201993465423584
h512_wd0.001_s0,o1,80,0.0005,0.08742422061531167,1.2645204067230225,0.9999569100173437,0.7095890410958904,2.6254876647449676,0.05249877221043847,0.7319424748420715,2.2436742782592773
h512_wd0.001_s0,o1,81,0.0005,0.1488343224321541,1.0265567302703857,0.9999784550086719,0.7023972602739725,3.860871758106818,0.07996741060840616,0.734636664390564,2.2613396644592285
h512_wd0.001_s0,o1,82,0.0005,0.128507756873181,1.2369033098220825,1.0,0.7059931506849315,2.724589837759404,0.06112975679573214,0.73703533411026,2.275597333908081
h512_wd0.001_s0,o1,83,0.0005,0.18632348626852036,0.9663205742835999,0.9998815025476951,0.7205479452054795,4.3725994919063575,0.10406538286929443,0.7395888566970825,2.279320240020752
h512_wd0.001_s0,o1,84,0.0005,0.14707846821923004,0.9201587438583374,0.9998922750433592,0.711986301369863,2.446837559443868,0.06452921427803505,0.7418770790100098,2.305401086807251
h512_wd0.001_s0,o1,85,0.0005,0.1357298213008203,1.048752784729004,0.9999892275043359,0.7077054794520548,2.6521918409978547,0.06406797227010581,0.7441949248313904,2.340578317642212
h512_wd0.001_s0,o1,86,0.0005,0.12719873691859998,1.1110763549804688,0.9999569100173437,0.7095890410958903,2.3675977958096626,0.055528382283395114,0.7465155720710754,2.371098518371582
h512_wd0.001_s0,o1,87,0.0005,0.08641939894541313,1.235924243927002,0.9999784550086718,0.7001712328767123,1.9844548418011594,0.047985236757932793,0.7480668425559998,2.3996078968048096
h512_wd0.001_s0,o1,88,0.0005,0.11641961434169819,1.0936155319213867,0.9997953225823826,0.709417808219178,2.5572107779987165,0.055625724267879345,0.7498483061790466,2.421811103820801
h512_wd0.001_s0,o1,89,0.0005,0.09586946372138827,1.1381604671478271,0.9995044651994528,0.7162671232876711,2.0543740406167226,0.04421766226141404,0.7515366077423096,2.447958469390869
h512_wd0.001_s0,o1,90,0.0005,0.09881956836110667,1.4041348695755005,0.9993751952514839,0.7236301369863014,2.2833466578781296,0.046874941930256334,0.7531891465187073,2.472442865371704
h512_wd0.001_s0,o1,91,0.0005,0.1224131642007514,1.1185343265533447,1.0,0.7106164383561643,3.4944033888830672,0.06243761717958076,0.7555229067802429,2.491163730621338
h512_wd0.001_s0,o1,92,0.0005,0.11117963041914136,1.3161728382110596,0.9992890152861713,0.7330479452054794,3.113464554267264,0.06390687436272942,0.7585422396659851,2.517514228820801
h512_wd0.001_s0,o2,1,0.0005,0.7387723922729492,0.6889335513114929,0.6043262342586907,0.564554794520548,0.8974448091698212,0.29141034009081307,0.23936860263347626,0.0366177000105381
h512_wd0.001_s0,o2,2,0.0005,0.6940383440569827,0.688184380531311,0.6518221676415775,0.6008561643835616,0.6024903701808015,0.17302270732950203,0.281182199716568,0.046467237174510956
h512_wd0.001_s0,o2,3,0.0005,0.6783461978561,0.6817750334739685,0.7402966745305883,0.6707191780821918,0.48764525118701196,0.13950677380128854,0.2941724956035614,0.0480651892721653
h512_wd0.001_s0,o2,4,0.0005,0.6586833627600419,0.6824913620948792,0.7635329476779885,0.6886986301369862,0.5693662419125762,0.15418339834810035,0.306650847196579,0.040848031640052795
h512_wd0.001_s0,o2,5,0.0005,0.657231773200788,0.6607076525688171,0.7825248575337448,0.6991438356164383,0.9122147182405563,0.24178680656918342,0.3184767961502075,0.036671340465545654
h512_wd0.001_s0,o2,6,0.0005,0.6388389970126905,0.6451941728591919,0.792327828588049,0.69486301369863,0.8764165171113213,0.24600579009745208,0.33078157901763916,0.03982645645737648
h512_wd0.001_s0,o2,7,0.0005,0.6072612185227243,0.6348875761032104,0.8061273955337234,0.7078767123287671,0.7443907745199935,0.19887797608537494,0.34406498074531555,0.04496283084154129
h512_wd0.001_s0,o2,8,0.0005,0.6023519541087904,0.6528382897377014,0.8098439065378277,0.6886986301369864,0.9104886035776433,0.22602381370939914,0.3564038872718811,0.06411593407392502
h512_wd0.001_s0,o2,9,0.0005,0.5796015842964775,0.6437843441963196,0.8389727348134742,0.7183219178082192,0.8648503171429904,0.2183261377302632,0.3695264160633087,0.08924112468957901
h512_wd0.001_s0,o2,10,0.0005,0.6054970967142206,0.625760018825531,0.8446821575154315,0.7054794520547946,1.3464277611179767,0.29186446561593155,0.38242483139038086,0.09258732199668884
h512_wd0.001_s0,o2,11,0.0005,0.5725457119314294,0.6415970325469971,0.8581046871128634,0.7196917808219179,1.1512827565400978,0.26349435680923444,0.3926651179790497,0.10097276419401169
h512_wd0.001_s0,o2,12,0.0005,0.547296122500771,0.6526119112968445,0.8582878195391527,0.7032534246575342,1.0515400355899782,0.23833377399505318,0.4020242989063263,0.12859953939914703
h512_wd0.001_s0,o2,13,0.0005,0.5353210066494188,0.6307255625724792,0.8769350095336587,0.7227739726027397,0.9900120063575347,0.21436779336053602,0.4116019010543823,0.1530337929725647
h512_wd0.001_s0,o2,14,0.0005,0.514103541248723,0.617670476436615,0.8882999924592531,0.7196917808219179,1.1611049207270552,0.2390302646179598,0.4210303723812103,0.188670352101326
h512_wd0.001_s0,o2,15,0.0005,0.5397200678524218,0.645268976688385,0.8928028956468345,0.7148972602739725,1.4951038054321715,0.2573447275890796,0.4297472834587097,0.19566506147384644
h512_wd0.001_s0,o2,16,0.0005,0.4729106112530357,0.617951512336731,0.9044910534423509,0.7261986301369863,0.8495229453230202,0.1756859845609353,0.4385167062282562,0.22758209705352783
h512_wd0.001_s0,o2,17,0.0005,0.443394284499319,0.6304194331169128,0.9120425729028644,0.7241438356164384,0.9130280754682036,0.19362307111002872,0.44646111130714417,0.2780267596244812
h512_wd0.001_s0,o2,18,0.0005,0.42500255296104833,0.6408243179321289,0.92177013648752,0.7238013698630136,1.102186191815761,0.16925124885005513,0.4543417692184448,0.32888320088386536
h512_wd0.001_s0,o2,19,0.0005,0.44423359789346395,0.6760774254798889,0.9272964267631882,0.7215753424657534,1.4299033290725438,0.17740977194727595,0.4620169401168823,0.35957199335098267
h512_wd0.001_s0,o2,20,0.0005,0.4115427183477502,0.6581977009773254,0.9371424878001487,0.7095890410958904,1.3387379693736576,0.19666943031826,0.4703056812286377,0.39444100856781006
h512_wd0.001_s0,o2,21,0.0005,0.39733155150162547,0.6638194918632507,0.9433689902939815,0.7126712328767122,1.2011080451356555,0.15190306325285227,0.477597177028656,0.43949180841445923
h512_wd0.001_s0,o2,22,0.0005,0.3811900098072855,0.6757350564002991,0.9481735233601569,0.7111301369863012,1.4310650071818884,0.173481684074288,0.4848695695400238,0.4828733503818512
h512_wd0.001_s0,o2,23,0.0005,0.3563019797990197,0.7432330250740051,0.9488629630826574,0.7101027397260273,1.277734261282985,0.17666664132132123,0.49198082089424133,0.5316103100776672
h512_wd0.001_s0,o2,24,0.0005,0.379949772044232,0.7137404084205627,0.9604218509302049,0.6996575342465754,2.0807895409069226,0.2000743537980421,0.49927201867103577,0.5692552328109741
h512_wd0.001_s0,o2,25,0.0005,0.3230195845428266,0.7766929268836975,0.9633088797681759,0.7003424657534246,1.5820379202272605,0.15106077413507493,0.5053964257240295,0.6070622205734253
h512_wd0.001_s0,o2,26,0.0005,0.33357503304356023,0.780418336391449,0.9654849238923182,0.7017123287671232,1.9206500447032182,0.16185664706456096,0.5119563341140747,0.6424257755279541
h512_wd0.001_s0,o2,27,0.0005,0.3245481433052766,0.7673813700675964,0.9713236165422443,0.7049657534246575,1.7291744054448575,0.17249154504105516,0.5189414620399475,0.6742944121360779
h512_wd0.001_s0,o2,28,0.0005,0.33640156607878835,0.7661192417144775,0.9703864094194703,0.6965753424657534,2.298702760989777,0.1767784200307061,0.525246262550354,0.698865532875061
h512_wd0.001_s0,o2,29,0.0005,0.2834242284297943,0.8025737404823303,0.9750509000420128,0.6993150684931507,1.463803256664109,0.13899971061271524,0.5312086939811707,0.7386502027511597
h512_wd0.001_s0,o2,30,0.0005,0.28410448682935613,0.8104698657989502,0.9789289984810781,0.6998287671232877,1.6429094729448004,0.12720552600369728,0.5366214513778687,0.7820775508880615
h512_wd0.001_s0,o2,31,0.0005,0.3005674873527728,0.8091034889221191,0.9836688965732692,0.6952054794520547,2.363486748890215,0.1480488202256858,0.5423063039779663,0.8149459362030029
h512_wd0.001_s0,o2,32,0.0005,0.3186929061224586,0.8346096277236938,0.9795430307339301,0.6989726027397261,2.565425902739431,0.17253266880719473,0.5482423901557922,0.8393978476524353
h512_wd0.001_s0,o2,33,0.0005,0.2632852431974913,0.8566374182701111,0.9826131919981903,0.6981164383561642,1.72337177026101,0.12928219201859018,0.5540308952331543,0.8778313398361206
h512_wd0.001_s0,o2,34,0.0005,0.26661623700668935,0.8440899848937988,0.9863835654806149,0.6931506849315069,2.1653425093559666,0.12921338367697846,0.5591848492622375,0.9136686325073242
h512_wd0.001_s0,o2,35,0.0005,0.2371281934411902,0.970498263835907,0.9863297030022945,0.6897260273972603,2.0148165579618773,0.12825952808775387,0.5643668174743652,0.952890932559967
h512_wd0.001_s0,o2,36,0.0005,0.21901406347751617,0.9071066975593567,0.9903262988936647,0.690068493150685,2.0448733785434383,0.117612343774427,0.5688759088516235,0.9854080080986023
h512_wd0.001_s0,o3,1,0.0005,0.7439411251168502,0.6938608288764954,0.574281743851598,0.5065068493150684,1.0053789225956495,0.3382601691819205,0.24244265258312225,0.03639376536011696
h512_wd0.001_s0,o3,2,0.0005,0.6888713021027414,0.6852043867111206,0.7216710295274107,0.6597602739726028,0.4794612148283221,0.1536653890885226,0.28395214676856995,0.04565732553601265
h512_wd0.001_s0,o3,3,0.0005,0.6761904923539412,0.6802855134010315,0.7463831345807883,0.6842465753424657,0.5000085442321389,0.1536750579636993,0.29694676399230957,0.043861959129571915
h512_wd0.001_s0,o3,4,0.0005,0.657377933201037,0.6689809560775757,0.77597518016999,0.7095890410958904,0.6087506455581093,0.17029165550742947,0.308561772108078,0.04125794395804405
h512_wd0.001_s0,o3,5,0.0005,0.6570912129000613,0.653186023235321,0.7799502310700319,0.7167808219178082,0.8217480247454297,0.2215802878944932,0.32071131467819214,0.038390595465898514
h512_wd0.001_s0,o3,6,0.0005,0.6435903781338742,0.6372603178024292,0.7959904771138329,0.7296232876712329,0.850238791856213,0.24708147398089966,0.3331638276576996,0.04034097492694855
h512_wd0.001_s0,o3,7,0.0005,0.601343644292731,0.6236751079559326,0.8032080492087602,0.7291095890410958,0.676038699888213,0.1931382365280557,0.3483794033527374,0.04829256609082222
h512_wd0.001_s0,o3,8,0.0005,0.5990355140284488,0.6641963124275208,0.7983711986555926,0.7315068493150685,1.0626327850990318,0.24502356528421074,0.36240270733833313,0.06588723510503769
h512_wd0.001_s0,o3,9,0.0005,0.5862733564878765,0.6337745189666748,0.8338234818860485,0.7383561643835616,0.9489180482001197,0.2355843207607037,0.3760054409503937,0.07771044969558716
h512_wd0.001_s0,o3,10,0.0005,0.5929750376626065,0.6097708940505981,0.8409656465113272,0.7436643835616438,1.133195647704559,0.2710236228256532,0.3886493444442749,0.07989824563264847
h512_wd0.001_s0,o3,11,0.0005,0.5397599935531616,0.600401759147644,0.8511995173921942,0.7443493150684931,0.8455403580683462,0.22656161276808665,0.39974531531333923,0.10364680737257004
h512_wd0.001_s0,o3,12,0.0005,0.5300759139813875,0.6014220118522644,0.8647836344245872,0.7460616438356165,0.9836017422641244,0.227433861262124,0.4109452962875366,0.1365414708852768
h512_wd0.001_s0,o3,13,0.0005,0.49990344204400716,0.6083649396896362,0.8681985155500975,0.7539383561643835,0.998708202535878,0.23288868152557723,0.4210551679134369,0.170249342918396
h512_wd0.001_s0,o3,14,0.0005,0.49917151896577133,0.6086546778678894,0.8882676749722609,0.7518835616438356,1.2640733385482785,0.25656434720611077,0.4318425953388214,0.2049642652273178
h512_wd0.001_s0,o3,15,0.0005,0.48462140560150146,0.6234105825424194,0.8916933285934353,0.7547945205479453,1.2715380658038626,0.23742754220303494,0.4415378272533417,0.23358170688152313
h512_wd0.001_s0,o3,16,0.0005,0.47186226123257685,0.613332211971283,0.9093494489868468,0.7542808219178082,1.0452814460184725,0.19020843703816867,0.45150235295295715,0.2658582329750061
h512_wd0.001_s0,o3,17,0.0005,0.4371066391468048,0.6131705045700073,0.917159508343298,0.7553082191780822,1.1021931695661007,0.19635705312780807,0.4612582325935364,0.3138500452041626
h512_wd0.001_s0,o3,18,0.0005,0.4243486115806981,0.6080516576766968,0.9290200260694395,0.7594178082191781,1.1308786905355643,0.16395101982061897,0.470478355884552,0.35873427987098694
h512_wd0.001_s0,o3,19,0.0005,0.45178643025849996,0.6302751302719116,0.9298495082355729,0.7404109589041096,1.6811956248181636,0.23418679076828205,0.48048755526542664,0.389186292886734
h512_wd0.001_s0,o3,20,0.0005,0.4248072661851582,0.6281943917274475,0.935052623641319,0.7583904109589041,1.5043127701024508,0.1933641822501003,0.48968377709388733,0.4159988760948181
h512_wd0.001_s0,o3,21,0.0005,0.38827917450352717,0.5910725593566895,0.9434120802766377,0.7583904109589041,1.3809683626852716,0.18955700331869968,0.49755197763442993,0.4578259587287903
h512_wd0.001_s0,o3,22,0.0005,0.4014078033597846,0.5919700264930725,0.9516745844509797,0.7607876712328767,1.757961802856772,0.17479030605913884,0.50553959608078,0.48888707160949707
h512_wd0.001_s0,o3,23,0.0005,0.35307728616814865,0.616979718208313,0.949423132857189,0.7590753424657535,1.15282952969721,0.15786767261533616,0.512948215007782,0.5376137495040894
h512_wd0.001_s0,o3,24,0.0005,0.38596835654032857,0.5974162817001343,0.9595492787814153,0.7654109589041096,2.1889872905568195,0.22301158329683174,0.5199764370918274,0.5693222284317017
h512_wd0.001_s0,o3,25,0.0005,0.33613666421488714,0.6016222238540649,0.9615098729922761,0.7655821917808219,1.430898734967671,0.14406915820965524,0.5269047617912292,0.6012358069419861
h512_wd0.001_s0,o3,26,0.0005,0.3449940822626415,0.6558818221092224,0.9661312736321623,0.7621575342465754,1.7288259669466666,0.16453465909264522,0.5331506729125977,0.6410783529281616
h512_wd0.001_s0,o3,27,0.0005,0.3419464857954728,0.6267125010490417,0.965915823718881,0.7640410958904109,1.7230182385345545,0.1658204438973625,0.5399490594863892,0.6800321340560913
h512_wd0.001_s0,o3,28,0.0005,0.3349887038532056,0.6365871429443359,0.9704618168891186,0.763013698630137,1.8469604337937369,0.1592249944689691,0.5465492010116577,0.724618136882782
h512_wd0.001_s0,o3,29,0.0005,0.3292754402286128,0.6651642918586731,0.9719376487950964,0.7501712328767123,2.334367693870335,0.16424873467398382,0.5525304675102234,0.755268931388855
h512_wd0.001_s0,o3,30,0.0005,0.31877311828889343,0.651714563369751,0.971269754063924,0.75,2.0414372709845603,0.15726389413135242,0.5586801767349243,0.7860869765281677
h512_wd0.001_s0,o3,31,0.0005,0.3433675687564047,0.6534428000450134,0.9781749237845933,0.7558219178082193,2.6105310677489904,0.16678415481445052,0.5648854374885559,0.809340238571167
h512_wd0.001_s0,o3,32,0.0005,0.27831594724404185,0.6546239256858826,0.9791767658813517,0.7592465753424656,1.734131294837626,0.14621372735580848,0.5716257095336914,0.8384097218513489
h512_wd0.001_s0,o3,33,0.0005,0.2865678150402872,0.6469869613647461,0.9829255943724483,0.7640410958904108,2.3899555150750516,0.1423746080852276,0.57708740234375,0.874406099319458
h512_wd0.001_s0,o3,34,0.0005,0.27498899282593475,0.896007239818573,0.9859418931583881,0.7529109589041095,2.3348546322808628,0.14433509638811923,0.5823315382003784,0.9078053832054138
h512_wd0.001_s0,o3,35,0.0005,0.33558709292035355,0.6483698487281799,0.9836688965732692,0.7647260273972603,2.992707472294621,0.18405156218509633,0.5879315137863159,0.9093136787414551
h512_wd0.001_s0,o3,36,0.0005,0.24109735026171333,0.6704968810081482,0.9880317573172177,0.7566780821917807,1.719341531366259,0.1287927122010959,0.5922341346740723,0.9436560273170471
h512_wd0.001_s0,o3,37,0.0005,0.2462168712365,0.6818885803222656,0.9896260866755001,0.7556506849315069,2.0649184631659607,0.121458131478999,0.5962287187576294,0.9833276271820068
h512_wd0.001_s0,o3,38,0.0005,0.24583180640873156,0.6975876688957214,0.9832272242510423,0.7621575342465753,1.8692968756400892,0.12094287636549028,0.6011193990707397,1.012406349182129
h512_wd0.001_s0,o3,39,0.0005,0.2323003713237612,0.6896708607673645,0.9888289219963589,0.7585616438356164,1.842562854848723,0.0953643109096568,0.604873776435852,1.0457082986831665
h512_wd0.001_s0,o3,40,0.0005,0.23183228428426542,0.6793724298477173,0.9919637182346035,0.765068493150685,2.0401262033051317,0.11156170150731855,0.6089511513710022,1.0826027393341064
h512_wd0.001_s0,o3,41,0.0005,0.2097906415399752,0.7859414219856262,0.9902401189283521,0.7582191780821917,2.075265137018611,0.10911722157389941,0.6130151748657227,1.122987985610962
h512_wd0.001_s0,o3,42,0.0005,0.2407858834454888,0.7090569734573364,0.9939350849411284,0.7595890410958903,2.7361635213065676,0.1349570792439269,0.6177725791931152,1.1535643339157104
h512_wd0.001_s0,o3,43,0.0005,0.19544405686227898,0.9291965961456299,0.990067758997727,0.751541095890411,2.130291498034057,0.11005319067524894,0.6221864223480225,1.1936357021331787
h512_wd0.001_s0,o3,44,0.0005,0.2227528016818197,0.7702839374542236,0.9959172241433173,0.7643835616438356,2.9061253254925212,0.12862260502052572,0.6261885762214661,1.220979928970337
h512_wd0.001_s0,o3,45,0.0005,0.19828224770332636,0.7801893949508667,0.9925777504874554,0.7597602739726027,2.488473596249442,0.11138237764762418,0.6299892663955688,1.2574213743209839
h512_wd0.001_s0,o4,1,0.0005,0.7355657627708033,0.6663559675216675,0.7463058419243986,0.685958904109589,2.0119939898229355,0.49776295528105763,0.23162437975406647,0.030856622382998466
h512_wd0.001_s0,o4,2,0.0005,0.6932492444389745,0.6663422584533691,0.769276202749141,0.7424657534246575,1.601635698693866,0.39899688562279517,0.27255794405937195,0.06240673363208771
h512_wd0.001_s0,o4,3,0.0005,0.6644160904382405,0.6547137498855591,0.7799828178694158,0.7212328767123287,1.0605761484980025,0.2860770557521238,0.292047381401062,0.06900188326835632
h512_wd0.001_s0,o4,4,0.0005,0.6357356404003344,0.6362809538841248,0.7833333333333334,0.7434931506849315,0.8743949878747405,0.22955699271358632,0.31070244312286377,0.060461100190877914
h512_wd0.001_s0,o4,5,0.0005,0.6401251460376539,0.6333186626434326,0.8094179553264604,0.709931506849315,1.4079413145012523,0.33960285598734463,0.3326548933982849,0.05423763021826744
h512_wd0.001_s0,o4,6,0.0005,0.631114661693573,0.6334137916564941,0.8254402920962198,0.7465753424657533,1.4562518262144177,0.3836718015194269,0.3540073037147522,0.05845643952488899
h512_wd0.001_s0,o4,7,0.0005,0.5859760014634383,0.6134485006332397,0.8359213917525773,0.7457191780821917,1.018235873057489,0.2545870959271188,0.3781271278858185,0.048370275646448135
h512_wd0.001_s0,o4,8,0.0005,0.5582468321448878,0.6091877818107605,0.8567439862542956,0.7498287671232876,1.312943891493709,0.3288988759166744,0.40240317583084106,0.0376683846116066
h512_wd0.001_s0,o4,9,0.0005,0.5497374864001023,0.6047276258468628,0.8732603092783505,0.7446917808219178,1.654860119188145,0.4021952861612893,0.4261185824871063,0.039667896926403046
h512_wd0.001_s0,o4,10,0.0005,0.5327661257041129,0.6255455613136292,0.8881872852233678,0.7506849315068492,1.7504925354877536,0.42203449921464903,0.44658464193344116,0.04534125700592995
h512_wd0.001_s0,o4,11,0.0005,0.4981338052373183,0.6076745390892029,0.8980455326460481,0.7517123287671232,1.4128489251018976,0.3218305998619538,0.4674367606639862,0.05710635334253311
h512_wd0.001_s0,o4,12,0.0005,0.4811990339505045,0.676119327545166,0.9005798969072165,0.7272260273972602,1.5773743220100431,0.349837309621478,0.4883337616920471,0.07924044877290726
h512_wd0.001_s0,o4,13,0.0005,0.476756204115717,0.6613256931304932,0.9118234536082473,0.7513698630136986,1.7299174091111322,0.3564039090000253,0.5077384114265442,0.09411022812128067
h512_wd0.001_s0,o4,14,0.0005,0.45154955355744614,0.6091893315315247,0.9259235395189004,0.7577054794520547,1.820943691075893,0.36584328743301137,0.5273597836494446,0.10762249678373337
h512_wd0.001_s0,o4,15,0.0005,0.44109371775075007,0.6299620270729065,0.9334621993127148,0.7453767123287671,1.8144862329529057,0.35069817927567615,0.5460609197616577,0.12169847637414932
h512_wd0.001_s0,o4,16,0.0005,0.4421876715986352,0.6320698857307434,0.939551116838488,0.7575342465753424,2.168891400110937,0.372147151436202,0.563081681728363,0.13577286899089813
h512_wd0.001_s0,o4,17,0.0005,0.48069041026265996,0.6115401387214661,0.9465420962199314,0.7534246575342466,2.6631199804682035,0.4482684030251405,0.5796528458595276,0.1331804245710373
h512_wd0.001_s0,o4,18,0.0005,0.4174874017113133,0.7155782580375671,0.9548002577319588,0.7517123287671232,1.9443296630069937,0.39751976203412365,0.5949354767799377,0.14563986659049988
h512_wd0.001_s0,o4,19,0.0005,0.37647199630737305,0.6345642805099487,0.9595897766323024,0.751541095890411,1.4419076967024838,0.2671566193125787,0.6101397275924683,0.16297213733196259
h512_wd0.001_s0,o4,20,0.0005,0.3502204826003627,0.6271286606788635,0.9643578178694158,0.7517123287671234,1.5095394903110992,0.2759341795523851,0.6234015226364136,0.19577312469482422
h512_wd0.001_s0,o4,21,0.0005,0.35793681364310415,1.0363245010375977,0.9565399484536083,0.7488013698630137,2.1149510514077683,0.31864438156700176,0.6364115476608276,0.2250196486711502
h512_wd0.001_s0,o4,22,0.0005,0.3762536386125966,0.7052746415138245,0.9674291237113402,0.7424657534246575,2.1664164407592814,0.3340289128450235,0.6515686511993408,0.23241974413394928
h512_wd0.001_s0,o4,23,0.0005,0.4829852957474558,0.7026602029800415,0.9661941580756014,0.7316780821917808,3.3756214515759098,0.5481468541683383,0.6676351428031921,0.2091471552848816
h512_wd0.001_s0,o4,24,0.0005,0.3499327560788707,0.7282538414001465,0.9692439862542956,0.7448630136986301,1.877264760896741,0.3361109752279611,0.6819725036621094,0.21225674450397491
h512_wd0.001_s0,o4,25,0.0005,0.34598714583798457,0.6673787832260132,0.9724871134020618,0.7496575342465753,1.9935756514420984,0.29364578699062804,0.6928302049636841,0.22653116285800934
h512_wd0.001_s0,o4,26,0.0005,0.32964131079222025,0.7136726379394531,0.9783827319587629,0.7398972602739725,1.6864482301921087,0.251142530096494,0.7039169073104858,0.24422602355480194
h512_wd0.001_s0,o4,27,0.0005,0.28886774417601135,0.6739324331283569,0.98303264604811,0.7489726027397261,1.5551650984340015,0.25288892998603985,0.7147945165634155,0.2702672779560089
h512_wd0.001_s0,o4,28,0.0005,0.26643083911193044,0.7000254988670349,0.9845253436426116,0.7443493150684932,1.4685476705531813,0.2230331494753255,0.7253404855728149,0.3042025864124298
h512_wd0.001_s0,o4,29,0.0005,0.2986752367333362,0.7499217391014099,0.9866194158075601,0.7515410958904108,2.3248726560677597,0.31465866646496266,0.7357727885246277,0.32846376299858093
h512_wd0.001_s0,o4,30,0.0005,0.30017312733750595,0.6843093633651733,0.9878543814432991,0.7469178082191781,2.2254401318382917,0.30974265530922174,0.7481681108474731,0.33407631516456604
h512_wd0.001_s0,o4,31,0.0005,0.26273166152991745,0.7364349961280823,0.9888423539518901,0.7505136986301371,1.5286372263946553,0.23658179053612874,0.7582643032073975,0.3602658212184906
h512_wd0.001_s0,o4,32,0.0005,0.228522799516979,0.7452468872070312,0.9899054982817869,0.7476027397260274,1.4505526796258252,0.2240060100530876,0.7681955695152283,0.388064444065094
h512_wd0.001_s0,o4,33,0.0005,0.24667551642970034,0.7922109365463257,0.9930841924398626,0.7428082191780822,2.082232867010013,0.2595937336894593,0.7779183983802795,0.4178318381309509
h512_wd0.001_s0,o4,34,0.0005,0.22692545189669258,0.7733741998672485,0.9921069587628866,0.7388698630136986,2.0301907418407446,0.2415804045865506,0.7887734174728394,0.4374822676181793
h512_wd0.001_s0,l0,1,0.0005,0.7183297639307769,0.6948074698448181,0.6562234712098592,0.6483261902003938,1.227160695915511,0.3138161787042489,0.2387034296989441,0.03937351331114769
h512_wd0.001_s0,l0,2,0.0005,0.6659660313440405,0.6472530961036682,0.7723500483006939,0.7174794393605931,0.8900316944664364,0.22677383528719502,0.2774706780910492,0.046950604766607285
h512_wd0.001_s0,l0,3,0.0005,0.6616241050803143,0.6754662990570068,0.7676151166534937,0.705432642186957,1.1666136365617603,0.3111214940187378,0.30364495515823364,0.04746429994702339
h512_wd0.001_s0,l0,4,0.0005,0.6321671216384225,0.6187096834182739,0.8014402388688856,0.7316112591219739,1.0678621215875352,0.2812963355806886,0.33262306451797485,0.047800611704587936
h512_wd0.001_s0,l0,5,0.0005,0.6118216799653095,0.661354660987854,0.8025526184830656,0.7247770184176995,1.3963667427067008,0.3293543039253482,0.36316177248954773,0.04395876079797745
h512_wd0.001_s0,l0,6,0.0005,0.5721365783525549,0.6016407012939453,0.842795878340798,0.7402988532375766,1.0680881230150163,0.2575568876429603,0.39151009917259216,0.04465325176715851
h512_wd0.001_s0,l0,7,0.0005,0.557642796765203,0.7048908472061157,0.8453060507596383,0.7363604772385035,1.425907198827925,0.3381634594653363,0.4222806692123413,0.054623547941446304
h512_wd0.001_s0,l0,8,0.0005,0.5658763945102692,0.6040318012237549,0.8759330815842629,0.7472489285300591,1.6139249954055814,0.38809507603937343,0.449959933757782,0.05361117795109749
h512_wd0.001_s0,l0,9,0.0005,0.5301399049551591,0.8644155859947205,0.8536854893006645,0.7179427777134252,1.638456460396534,0.38851571608425195,0.4760042130947113,0.0638347789645195
h512_wd0.001_s0,l0,10,0.0005,0.532766536526058,0.6327505111694336,0.891499077895846,0.7552415151164138,1.794544040168099,0.4411786898302939,0.5037859678268433,0.06486047804355621
h512_wd0.001_s0,l0,11,0.0005,0.49457562358483026,0.5899580121040344,0.904715904101168,0.7544306729989574,1.4701576277085342,0.3372260765207162,0.526729941368103,0.08043069392442703
h512_wd0.001_s0,l0,12,0.0005,0.46147930233374884,0.6260634064674377,0.9134466204150933,0.7555890188810379,1.406867251639126,0.3270126623150285,0.5477817058563232,0.10447428375482559
h512_wd0.001_s0,l0,13,0.0005,0.44646238762399426,0.6094895005226135,0.921350370305319,0.7552415151164138,1.6115556836658695,0.2946234973804103,0.56657874584198,0.12483086436986923
h512_wd0.001_s0,l0,14,0.0005,0.47776688311410986,0.6017573475837708,0.9297664002810223,0.7477122668828913,1.9189388799597387,0.38129070187208297,0.585557222366333,0.12973307073116302
h512_wd0.001_s0,l0,15,0.0005,0.5423761748749277,0.6074056029319763,0.9348233365533796,0.7416888682960732,2.3602600007239154,0.4821621949200479,0.6058793663978577,0.10709591209888458
h512_wd0.001_s0,l0,16,0.0005,0.45986489498096966,0.6500908136367798,0.9282807880331372,0.7420363720606973,1.6719971619062028,0.32039913809820003,0.6268129348754883,0.11732449382543564
h512_wd0.001_s0,l0,17,0.0005,0.4169938318107439,0.6291494965553284,0.9360601270454614,0.7489864473531797,1.3434049045032777,0.28714633251287686,0.6458865404129028,0.13796763122081757
h512_wd0.001_s0,l0,18,0.0005,0.3899352472761403,0.6386885643005371,0.9475791106817716,0.7426155450017375,1.228306946590698,0.24162414093264206,0.659732460975647,0.16847151517868042
h512_wd0.001_s0,l0,19,0.0005,0.36764529865720996,0.6655166149139404,0.9495989578759405,0.7450480713541064,1.4628419498774554,0.2686863003839314,0.674391508102417,0.2067466676235199
h512_wd0.001_s0,l0,20,0.0005,0.41890658762144006,0.6671095490455627,0.9574514797576182,0.7413413645314492,2.183219588632338,0.3848780912639263,0.6914387345314026,0.22008809447288513
h512_wd0.001_s0,l0,21,0.0005,0.3884621165368868,0.6705082058906555,0.9603129299493575,0.7475964322946832,1.9260593955747418,0.2945798702383185,0.7076894044876099,0.2301272302865982
h512_wd0.001_s0,l0,22,0.0005,0.4399922535471294,0.7929456830024719,0.9667237493047627,0.7390246727672883,2.3990030915048606,0.3911871793999533,0.7233719229698181,0.20976610481739044
h512_wd0.001_s0,l0,23,0.0005,0.3834991455078125,0.6765905022621155,0.9642428500336642,0.7474805977064751,1.7541274029967528,0.32125113315108406,0.7390576601028442,0.21118098497390747
h512_wd0.001_s0,l0,24,0.0005,0.3769109184327333,0.6811107397079468,0.9703536196247182,0.7420363720606973,1.826021029144572,0.30155770940809073,0.752496600151062,0.22663019597530365
h512_wd0.001_s0,l0,25,0.0005,0.3500410188799319,0.6767407655715942,0.9720148707590527,0.7434263871191938,1.9473760340596544,0.29783722720159533,0.7667961716651917,0.2440331131219864
h512_wd0.001_s0,l0,26,0.0005,0.3428452390691508,0.7062920928001404,0.9730760223646848,0.7363604772385034,1.8878729705089865,0.2956019279793699,0.7801556587219238,0.26293694972991943
h512_wd0.001_s0,l0,27,0.0005,0.36252195290897204,0.6907829642295837,0.9763033869031937,0.7413413645314492,2.1134144287695653,0.3099107767003353,0.7965838313102722,0.2660790979862213
h512_wd0.001_s0,l0,28,0.0005,0.29774847950624383,0.7928279042243958,0.9781549134978484,0.7369396501795437,1.4078211433668866,0.20544882271795387,0.8102833032608032,0.2941330671310425
h512_wd0.001_s0,l0,29,0.0005,0.2874391869358394,0.729606568813324,0.9817628289569977,0.7365921464149195,1.6732473251459905,0.24849270491908704,0.8223922252655029,0.32638996839523315
h512_wd0.001_s0,l0,30,0.0005,0.2901160179272942,0.7274222373962402,0.9818140569655456,0.7330012741804703,1.8205311745572572,0.2465700015418664,0.8345931172370911,0.3496771454811096
h512_wd0.001_s0,l0,31,0.0005,0.2694348747963491,0.7444071769714355,0.9812725037323262,0.7356654697092552,1.8367050116076453,0.23116023640431588,0.8447892069816589,0.37628012895584106
h512_wd0.001_s0,l0,32,0.0005,0.2546237350805946,0.763191819190979,0.9845145048447059,0.7340437854743427,1.7800128046520904,0.21304875886567942,0.8558215498924255,0.3998732566833496
h512_wd0.001_s0,l1,1,0.0005,0.7073110756666764,0.7174755334854126,0.6196293902176255,0.6241687686310479,0.8847127682013808,0.22719007852309117,0.23689386248588562,0.030991828069090843
h512_wd0.001_s0,l1,2,0.0005,0.6839131116867065,0.6855835318565369,0.6951303598362422,0.6137353817931667,1.062359279236713,0.29908497318291477,0.2733694016933441,0.04112951084971428
h512_wd0.001_s0,l1,3,0.0005,0.6567074164100315,0.6672773957252502,0.7767363355598649,0.7054574638844302,0.9030760586784978,0.2416097348294163,0.29650571942329407,0.03796524927020073
h512_wd0.001_s0,l1,4,0.0005,0.638212844081547,0.6826361417770386,0.7618329383035266,0.6663609263930291,1.0869650027178173,0.27759474503503506,0.3210826516151428,0.03979973495006561
h512_wd0.001_s0,l1,5,0.0005,0.6035162910171177,0.6361050009727478,0.8115923292393883,0.7236872277000688,1.1575077489256567,0.29290320932904107,0.3521021604537964,0.03954128921031952
h512_wd0.001_s0,l1,6,0.0005,0.5798284359600233,0.6712555289268494,0.8157868275515335,0.6953680348543912,1.236512134200169,0.30980982688711317,0.3788459599018097,0.048751670867204666
h512_wd0.001_s0,l1,7,0.0005,0.6070189644461093,0.6550753712654114,0.8432809021044315,0.7039669800504471,1.793316841118488,0.43115948997164144,0.40254396200180054,0.04592382162809372
h512_wd0.001_s0,l1,8,0.0005,0.5852828064690465,0.6624785661697388,0.8535229476405947,0.7113047466177481,1.5562988050763293,0.38695225485772794,0.423372358083725,0.0504835806787014
h512_wd0.001_s0,l1,9,0.0005,0.5282086911408798,0.6253892779350281,0.869281045751634,0.747076358633341,1.0200260196151576,0.2514906058699903,0.44457370042800903,0.06814396381378174
h512_wd0.001_s0,l1,10,0.0005,0.528834475123364,0.6411688327789307,0.8770236299648064,0.7249484063288236,1.4443632949356406,0.3147292024717177,0.46300381422042847,0.08628395944833755
h512_wd0.001_s0,l1,11,0.0005,0.49392921250799426,0.6078974008560181,0.8938734468146232,0.7351524879614767,1.220866588676094,0.2744028246850521,0.48009631037712097,0.10047407448291779
h512_wd0.001_s0,l1,12,0.0005,0.49567365128061047,0.6199379563331604,0.905875170581053,0.7288465948177024,1.4998447460180464,0.31652526008591875,0.4974135458469391,0.11565949767827988
h512_wd0.001_s0,l1,13,0.0005,0.4434274318425552,0.6172682642936707,0.9140271493212669,0.7328594359091951,1.313532857936535,0.2532138231673159,0.513673722743988,0.14892753958702087
h512_wd0.001_s0,l1,14,0.0005,0.48157769312029297,0.6714944243431091,0.9205774617539324,0.7376748452189864,1.938064374495547,0.32614414646944867,0.5308275818824768,0.16694922745227814
h512_wd0.001_s0,l1,15,0.0005,0.448020928579828,0.6118389964103699,0.9264526323349853,0.7457005274019719,1.552982593450589,0.2977906285353877,0.5484592914581299,0.1855989694595337
h512_wd0.001_s0,l1,16,0.0005,0.4358492156733637,0.6192039251327515,0.9324355383178912,0.7406558128869525,1.3981380650309956,0.2580784276474199,0.5639440417289734,0.21370190382003784
h512_wd0.001_s0,l1,17,0.0005,0.41827419918516406,0.7594690918922424,0.930115635997989,0.7481082320568676,1.575252440199289,0.29504848826572877,0.5793116092681885,0.2379729449748993
h512_wd0.001_s0,l1,18,0.0005,0.43658107907875726,0.6648786664009094,0.9436112906701142,0.7278147213941757,1.839530051570832,0.2965402644529725,0.5940531492233276,0.2542325258255005
h512_wd0.001_s0,l1,19,0.0005,0.38809611745502637,0.6691495180130005,0.9472240178122531,0.7218527860582435,1.324260229656611,0.21055406385485434,0.6068634390830994,0.28396889567375183
h512_wd0.001_s0,l1,20,0.0005,0.37853216671425366,0.6720229387283325,0.9530201824319471,0.7242604907131392,1.6463634638395666,0.21601181531924268,0.6204841136932373,0.3111502528190613
h512_wd0.001_s0,l1,21,0.0005,0.35583874453669007,0.6593999862670898,0.9505997270703153,0.7398532446686539,1.501816764387003,0.21080798217514207,0.6323347091674805,0.34609028697013855
h512_wd0.001_s0,l1,22,0.0005,0.4999770910843559,0.6210830807685852,0.9468864468864469,0.7430635175418482,2.8878611819269615,0.4156293053351193,0.6494017839431763,0.3242751359939575
h512_wd0.001_s0,l1,23,0.0005,0.41819611062174256,0.6458061337471008,0.9552323493499965,0.7362990139876174,1.7545982335686015,0.24328493159089024,0.665052592754364,0.3129165470600128
h512_wd0.001_s0,l1,24,0.0005,0.3493832310904627,0.6672447323799133,0.9585936938878116,0.7375601926163723,1.4609993007306492,0.24391970067574056,0.6752231121063232,0.3577938675880432
h512_wd0.001_s0,l1,25,0.0005,0.36323283224002173,0.7876363396644592,0.9660992602169072,0.709584957578537,1.9870557814969558,0.25423135995491986,0.6848986744880676,0.384240061044693
h512_wd0.001_s0,l1,26,0.0005,0.3411578568427459,0.7133243083953857,0.9663003663003663,0.7271268057784912,1.6138032500747685,0.2202768958267671,0.694457471370697,0.41801950335502625
h512_wd0.001_s0,l1,27,0.0005,0.3309760197349217,0.716240644454956,0.9715434891905481,0.7251777115340517,1.7600880217027766,0.22654614880269716,0.7040524482727051,0.4525219798088074
h512_wd0.001_s0,l1,28,0.0005,0.311215930658838,0.715211033821106,0.9731020613373554,0.7332033937170372,1.5472955943985949,0.18896498312084278,0.7123308181762695,0.4824962913990021
h512_wd0.001_s0,l1,29,0.0005,0.30027634164561395,0.7225031852722168,0.9788479494361848,0.7380188030268287,1.6276791154689274,0.16480561986733516,0.7201988101005554,0.5030595064163208
h512_wd0.001_s0,l1,30,0.0005,0.2586637223544328,0.7236586809158325,0.9770308123249298,0.7473056638385691,1.4676484209981127,0.16142183335802618,0.7286179661750793,0.5361247658729553
h512_wd0.001_s0,l1,31,0.0005,0.25892336115888925,0.7743138670921326,0.9814407814407814,0.7353817931667048,1.5271609137979922,0.1593656859402125,0.7361381649971008,0.567354142665863
h512_wd0.001_s0,l1,32,0.0005,0.289839002425256,0.8353437781333923,0.9803346979817568,0.7234579224948406,2.0233740251390286,0.19282472813900597,0.7446485161781311,0.5832078456878662
h512_wd0.001_s0,l1,33,0.0005,0.2987212849699933,0.8179219365119934,0.9858004740357682,0.7307956890621417,2.3766340466174483,0.1911814281668523,0.7534396648406982,0.5942254662513733
h512_wd0.001_s0,l1,34,0.0005,0.27099920679693634,0.8234744668006897,0.9862242332830569,0.7259802797523504,2.0903766650055893,0.18896637346984177,0.7624691128730774,0.6166663765907288
h512_wd0.001_s0,l1,35,0.0005,0.25104839613904123,0.806216299533844,0.9865187100481219,0.7389360238477414,1.805774321969183,0.15219049749288743,0.7700140476226807,0.6422871351242065
h512_wd0.001_s0,l1,36,0.0005,0.25393227001895075,0.8539311289787292,0.9899016016663075,0.7221967438660857,1.9675124837290627,0.159896399126932,0.778354823589325,0.665847897529602
h512_wd0.001_s0,l1,37,0.0005,0.20864283001941183,0.8722313046455383,0.9909358615240969,0.7302224260490713,1.8247845658338349,0.14617556316905905,0.7854021191596985,0.6997377872467041
h512_wd0.001_s0,l2,1,0.0005,0.7359916594895449,0.7203018069267273,0.5309851856367738,0.6029038112522686,1.1156768451565031,0.3325807277783237,0.24007253348827362,0.04689301922917366
h512_wd0.001_s0,l2,2,0.0005,0.6989822252230211,0.6874420046806335,0.726490580991282,0.6477918935269208,0.7135273862834115,0.19285655631280385,0.2728082537651062,0.07324137538671494
h512_wd0.001_s0,l2,3,0.0005,0.6839082647453655,0.6899693012237549,0.6734515027738829,0.5749546279491833,0.4173412040025377,0.12229340558987,0.2826811969280243,0.07913471758365631
h512_wd0.001_s0,l2,4,0.0005,0.6851327446374026,0.6825557947158813,0.7149987807108455,0.6286751361161524,0.46831131472470666,0.15977586881788974,0.29124295711517334,0.07996100187301636
h512_wd0.001_s0,l2,5,0.0005,0.6716929267753254,0.6699759364128113,0.7430576723770042,0.6613430127041742,0.6326960670862019,0.2035752701817332,0.3030800521373749,0.07628435641527176
h512_wd0.001_s0,l2,6,0.0005,0.655448314818469,0.6460809111595154,0.7632445284399195,0.733091349062311,0.6826407233659729,0.1812253596659949,0.3175322115421295,0.06818453222513199
h512_wd0.001_s0,l2,7,0.0005,0.6485587439753793,0.6393942832946777,0.7875312442845821,0.7359951603145796,0.7560345483906622,0.2209004763031649,0.33364686369895935,0.06887733191251755
h512_wd0.001_s0,l2,8,0.0005,0.6116992031986063,0.6247208118438721,0.7933533499969517,0.7333333333333333,0.7669742828907258,0.2088352999824522,0.34856268763542175,0.06262937188148499
h512_wd0.001_s0,l2,9,0.0005,0.6092250550335104,0.6095601320266724,0.7990078034505883,0.7689050211736237,0.9182173674654137,0.2164746237479377,0.36350443959236145,0.0762098878622055
h512_wd0.001_s0,l2,10,0.0005,0.5816261605782942,0.5982062220573425,0.8208178382003293,0.756442831215971,0.8170552912484301,0.2040321207126485,0.3773427903652191,0.09234539419412613
h512_wd0.001_s0,l2,11,0.0005,0.584929424253377,0.5877784490585327,0.8367981466804852,0.7758015728977616,1.1410747633626366,0.27223706898494554,0.3889380693435669,0.10173963010311127
h512_wd0.001_s0,l2,12,0.0005,0.5541438460350037,0.6041244864463806,0.84182771444248,0.7501512401693889,0.7823679454742488,0.1839390882361342,0.40159544348716736,0.1320408284664154
h512_wd0.001_s0,l2,13,0.0005,0.5588898902589624,0.6028393507003784,0.8546378711211363,0.7560798548094374,1.026384316910488,0.22305136505604972,0.4156741797924042,0.15730738639831543
h512_wd0.001_s0,l2,14,0.0005,0.5380720970305529,0.5740383267402649,0.8616183015302079,0.7705989110707804,0.9400248519694739,0.17234630288162212,0.4282134771347046,0.19556038081645966
h512_wd0.001_s0,l2,15,0.0005,0.5171093696897681,0.5741002559661865,0.875434371761263,0.7822141560798548,0.9678276380357709,0.18345518409520506,0.43937841057777405,0.23935483396053314
h512_wd0.001_s0,l2,16,0.0005,0.4907074584202333,0.5667023062705994,0.8835655063098213,0.775438596491228,1.013629388334966,0.16637041470825156,0.4500463604927063,0.28298303484916687
h512_wd0.001_s0,l2,17,0.0005,0.474773107604547,0.5611319541931152,0.9001097360238981,0.7840290381125227,1.1135018752923147,0.1696494391441839,0.45981666445732117,0.3248863220214844
h512_wd0.001_s0,l2,18,0.0005,0.49133284796367993,0.6293545961380005,0.9076312259952448,0.7825771324863884,1.46648550577103,0.20596660467581246,0.4718977212905884,0.35249724984169006
h512_wd0.001_s0,l2,19,0.0005,0.48100718449462543,0.559891402721405,0.9082180089008107,0.7865698729582578,1.3363378064912346,0.17349203530740517,0.4814543128013611,0.37504902482032776
h512_wd0.001_s0,l2,20,0.0005,0.44953086565841327,0.571010172367096,0.9186429311711273,0.7857229280096794,1.1094269367712721,0.14901481078986786,0.48948046565055847,0.40705713629722595
h512_wd0.001_s0,l2,21,0.0005,0.45638988505710254,0.560634434223175,0.9201746631713712,0.7901996370235934,1.497160320363803,0.19607725310022522,0.4977407455444336,0.44373196363449097
h512_wd0.001_s0,l2,22,0.0005,0.4218715618957173,0.6083065271377563,0.927711394257148,0.7802782819116757,1.3290788183790143,0.16036351013718564,0.5053707957267761,0.48412224650382996
h512_wd0.001_s0,l2,23,0.0005,0.4134386019273238,0.5904125571250916,0.9329695787355972,0.7750756200846945,1.508457718419559,0.1701825395093917,0.5141737461090088,0.5219588279724121
h512_wd0.001_s0,l2,24,0.0005,0.4183616475625472,0.5964812636375427,0.9372066085472169,0.7882637628554143,1.5656408562603203,0.1681342019231781,0.523358941078186,0.5482543110847473
h512_wd0.001_s0,l2,25,0.0005,0.4069960957223719,0.5804521441459656,0.9473190879717125,0.7808832425892317,1.8134414174328866,0.16833071678740977,0.5310221314430237,0.5696514844894409
h512_wd0.001_s0,l2,26,0.0005,0.41517588225277985,0.5698534250259399,0.9467170639517162,0.7839080459770115,1.84132444423227,0.15785412265702484,0.5387794971466064,0.5880363583564758
h512_wd0.001_s0,l2,27,0.0005,0.3755915693261407,0.5759479999542236,0.954040419435469,0.7833030852994556,1.3519060011420785,0.14283787214969706,0.5457326173782349,0.6359511017799377
h512_wd0.001_s0,l2,28,0.0005,0.3588705144145272,0.5959786176681519,0.9506416509175151,0.7781004234724743,1.4602885283477078,0.14122526701010069,0.5528921484947205,0.6867621541023254
h512_wd0.001_s0,l2,29,0.0005,0.3470477576960217,0.5985410213470459,0.9527677863805402,0.7814882032667876,1.5748546030780695,0.13938521960501807,0.5604248046875,0.7376888990402222
h512_wd0.001_s0,l2,30,0.0005,0.3478385162624446,0.6059594750404358,0.9621334511979516,0.7888687235329703,1.6923045353544282,0.1376866042521322,0.5668954253196716,0.7791710495948792
h512_wd0.001_s0,l2,31,0.0005,0.35835677114399994,0.6302782893180847,0.9629793330488327,0.7649122807017543,2.271515795470933,0.165841570931677,0.5734289288520813,0.7973159551620483
h512_wd0.001_s0,l2,32,0.0005,0.3518374941565774,0.5928327441215515,0.9674449795769067,0.7816091954022988,1.851137716791572,0.13296462723198324,0.579874575138092,0.832539439201355
h512_wd0.001_s0,l2,33,0.0005,0.34912738474932586,0.7033334374427795,0.9605102725111261,0.7744706594071386,2.120493621471156,0.14948131575001034,0.5856602191925049,0.8627723455429077
h512_wd0.001_s0,l2,34,0.0005,0.32001348584890366,0.6234871745109558,0.9711942937267574,0.7725347852389595,1.8510406745351622,0.11953602121411099,0.59157794713974,0.8924386501312256
h512_wd0.001_s0,l2,35,0.0005,0.32233275744048034,0.669728696346283,0.9713619459854905,0.7781004234724742,1.9930599022760875,0.1303588119125425,0.5972639918327332,0.921352207660675
h512_wd0.001_s0,l2,36,0.0005,0.30177857794544916,0.647325336933136,0.9751036395781261,0.7818511796733212,1.919597536515531,0.12930362496812237,0.603493869304657,0.9537038207054138
h512_wd0.001_s0,l2,37,0.0005,0.26851796900684183,0.7264366745948792,0.9768030238371029,0.7744706594071386,1.7845111318121314,0.11950924756908007,0.6087523698806763,0.9940152168273926
h512_wd0.001_s0,l2,38,0.0005,0.28791404041376983,0.6977342367172241,0.9773288422849479,0.7701149425287355,2.5305960540929773,0.1340572388830716,0.6143115758895874,1.0231902599334717
h512_wd0.001_s0,l2,39,0.0005,0.28805346516045655,0.7694035768508911,0.9762543437176125,0.7788263762855414,1.957172043750768,0.13086138122596455,0.6204904317855835,1.0605673789978027
h512_wd0.001_s0,l2,40,0.0005,0.305793398483233,0.6266304850578308,0.9845378894104737,0.7883847549909256,2.1008936457539518,0.11965897455681072,0.6269237995147705,1.08980131149292
h512_wd0.001_s0,l2,41,0.0005,0.26954909854314546,0.7107771039009094,0.9785252697677254,0.7634603750756201,1.9399102477917156,0.0889719919653542,0.6318017840385437,1.1155059337615967
h512_wd0.001_s0,l3,1,0.0005,0.7073452472686768,0.6952881217002869,0.6934600515463918,0.6008340090350979,1.123647054960402,0.26338613335573413,0.23989775776863098,0.038508519530296326
h512_wd0.001_s0,l3,2,0.0005,0.6640556091847627,0.662678599357605,0.7513911668228679,0.6484420247886018,1.1607779549708446,0.28053321166789047,0.2879621684551239,0.04243869706988335
h512_wd0.001_s0,l3,3,0.0005,0.659183673236681,0.6676624417304993,0.7994816073102154,0.6908374840727441,1.419762422861213,0.3441106470289634,0.31696364283561707,0.048632074147462845
h512_wd0.001_s0,l3,4,0.0005,0.6392014726348545,0.6446675062179565,0.8132541588566073,0.687594115602919,1.3751485332429192,0.3351146322062528,0.3444148004055023,0.05499117448925972
h512_wd0.001_s0,l3,5,0.0005,0.5998821569525677,0.6350160241127014,0.8202319587628867,0.687130777250087,1.1013989110505813,0.26750879915919423,0.37094104290008545,0.042789243161678314
h512_wd0.001_s0,l3,6,0.0005,0.5636281604352205,0.6445126533508301,0.8402208294283038,0.6910691532491602,1.2682026215135758,0.31175060250765735,0.39952102303504944,0.03793785348534584
h512_wd0.001_s0,l3,7,0.0005,0.5884540767773337,0.7432843446731567,0.838265873945642,0.6768214988995713,1.9017396293655981,0.49823518506945613,0.42767709493637085,0.0435837097465992
h512_wd0.001_s0,l3,8,0.0005,0.5658684321071791,0.6188891530036926,0.8740481490159325,0.7060118151279973,1.725603070405971,0.4134114258163526,0.4558103680610657,0.04880516231060028
h512_wd0.001_s0,l3,9,0.0005,0.538811250873234,0.7569102048873901,0.8680661316776007,0.7162052588903045,1.7088064032114252,0.38453547286714557,0.4801434874534607,0.05367172881960869
h512_wd0.001_s0,l3,10,0.0005,0.5403790240702422,0.6255382299423218,0.8890214971883786,0.7138885671261439,1.8909965096795136,0.41857973945937543,0.5052614212036133,0.05592656880617142
h512_wd0.001_s0,l3,11,0.0005,0.4985741247301516,0.6156942844390869,0.90237669868791,0.7174794393605931,1.4502846980328072,0.32348558719973614,0.5269529223442078,0.06423109769821167
h512_wd0.001_s0,l3,12,0.0005,0.47644960750704224,0.6324496865272522,0.907414186972821,0.7111085370091509,1.34895107848818,0.2950946985619619,0.5467504858970642,0.07858045399188995
h512_wd0.001_s0,l3,13,0.0005,0.45358394928600476,0.6504318714141846,0.9162517572633553,0.7217653191242906,1.5275314275892762,0.3471004087340576,0.5674036145210266,0.10864079743623734
h512_wd0.001_s0,l3,14,0.0005,0.5064529919106028,0.6235487461090088,0.92577026710403,0.7160894243020967,2.2999546371527333,0.4585637467406516,0.5884413719177246,0.1050201952457428
h512_wd0.001_s0,l3,15,0.0005,0.5384760706321053,0.6245219111442566,0.9267953373945642,0.7153944167728483,2.3431776623822067,0.4954174030398677,0.6095675230026245,0.0881609097123146
h512_wd0.001_s0,l3,16,0.0005,0.4480202521966851,0.6373130083084106,0.9275128865979382,0.7164369280667209,1.6108310413694564,0.3560559797387054,0.6261290311813354,0.0995083674788475
h512_wd0.001_s0,l3,17,0.0005,0.4565596321354742,0.6757491230964661,0.9296289245548267,0.7241978454766594,1.8519476106255004,0.40889641713597114,0.6436867117881775,0.10619406402111053
h512_wd0.001_s0,l3,18,0.0005,0.42109437869942706,0.6351458430290222,0.9351862699156515,0.7255878605351559,1.7023085719853583,0.35433089987029165,0.6585296392440796,0.12309954315423965
h512_wd0.001_s0,l3,19,0.0005,0.41206135827562085,0.6725981831550598,0.9442215323336457,0.7254720259469477,1.613394222830664,0.28349816728083105,0.6730343103408813,0.1396733969449997
h512_wd0.001_s0,l3,20,0.0005,0.40969082972277765,0.6894559264183044,0.9428889409559513,0.7215336499478745,1.6379524222401922,0.2939070741851322,0.6884308457374573,0.14632868766784668
h512_wd0.001_s0,l3,21,0.0005,0.35263623880303424,0.6951029896736145,0.9490027530459231,0.7284837252403568,1.131538476120516,0.21678999951363556,0.701529860496521,0.17875367403030396
h512_wd0.001_s0,l3,22,0.0005,0.3541598669860674,0.7160742282867432,0.9554753397375819,0.7174794393605931,1.5110885432372672,0.25157070958760347,0.7164413928985596,0.2107764184474945
h512_wd0.001_s0,l3,23,0.0005,0.3473265624564627,0.6923646926879883,0.9607544517338332,0.7312637553573498,1.6149270217355518,0.2650588132541529,0.7312419414520264,0.23244331777095795
h512_wd0.001_s0,l3,24,0.0005,0.3135220602802608,0.7083356380462646,0.9670000585754452,0.7275570485346925,1.3992177977277414,0.21522553889554596,0.7442952990531921,0.2633742094039917
h512_wd0.001_s0,l3,25,0.0005,0.31499578512233234,0.7455348372459412,0.973384782099344,0.7215336499478745,1.8788099219273318,0.2561595662709011,0.7570177316665649,0.28964704275131226
h512_wd0.001_s0,l3,26,0.0005,0.3159310195756995,0.7517478466033936,0.9739266049671977,0.7179427777134253,1.8318585065721746,0.2665335561835562,0.7706025838851929,0.31150633096694946
h512_wd0.001_s0,l3,27,0.0005,0.2941446770792422,0.7454180717468262,0.9788103327085286,0.7243136800648673,1.3914572561883807,0.18335653141847355,0.782647430896759,0.33400535583496094
h512_wd0.001_s0,l3,28,0.0005,0.29441039847291034,0.7598429918289185,0.9812558575445174,0.7265145372408202,1.8469881416715126,0.2493378339752546,0.7940685749053955,0.36196979880332947
h512_wd0.001_s0,l3,29,0.0005,0.46268830869508826,0.6822447180747986,0.9834963683223992,0.7248928530059076,3.041452104467219,0.4991097912798789,0.8107974529266357,0.31655892729759216
h512_wd0.001_s0,l3,30,0.0005,0.2965840457574181,0.7940803170204163,0.9788322985004686,0.7115718753619832,1.5347234810934958,0.2396016163522616,0.8251459002494812,0.344011127948761
h512_wd0.001_s0,l3,31,0.0005,0.31397439345069555,0.7292528748512268,0.9820539479850048,0.7257036951233639,2.0931917024632343,0.25769935888501694,0.8384312391281128,0.36626821756362915
h512_wd0.001_s0,l3,32,0.0005,0.3020934650431509,0.7748591899871826,0.9795791354264293,0.7124985520676473,1.9033427992298761,0.23645317619979886,0.8503654599189758,0.3856162428855896
h512_wd0.001_s0,l3,33,0.0005,0.2712958779024041,0.8752336502075195,0.9796303889409559,0.7072859955982856,1.7343058428679525,0.20958870132577792,0.861164927482605,0.41652196645736694
h512_wd0.001_s0,l3,34,0.0005,0.26958014783651935,0.7877159714698792,0.9862567361761949,0.7244295146530754,1.8588307861535613,0.24003956319155584,0.8718839883804321,0.44311681389808655
h512_wd0.001_s0,l3,35,0.0005,0.27152763242306915,0.8035110831260681,0.9877430880974696,0.7215336499478744,2.0917956434110727,0.22685976939741598,0.8827861547470093,0.4639906883239746
h512_wd0.001_s0,l3,36,0.0005,0.229876432729804,0.780678391456604,0.9914553069353327,0.7263987026526121,1.4245417497175112,0.17597219902538394,0.8925290107727051,0.49089667201042175
h512_wd0.001_s0,l3,37,0.0005,0.251054765737575,0.82878178358078,0.9934029404873477,0.7224603266535389,1.9326306168353264,0.21337197645752318,0.9012977480888367,0.5180941224098206
h512_wd0.001_s0,l3,38,0.0005,0.2194497086431669,0.8662717938423157,0.9949478678537957,0.7144677400671842,1.4782796761291668,0.1571585062517033,0.9103737473487854,0.5450798273086548
h512_wd0.001_s0,l3,39,0.0005,0.22814644322447156,1.2616668939590454,0.9956727389878164,0.7153944167728483,2.1423296892611656,0.18896589403710243,0.9196369051933289,0.5685330629348755
h512_wd0.001_s0,l3,40,0.0005,0.2519483459384545,0.9225037097930908,0.9964049320524836,0.7165527626549287,2.4038201386722555,0.21425491265200855,0.9317566156387329,0.5714426040649414
h512_wd0.001_s0,l3,41,0.0005,0.1888243656443513,0.952232301235199,0.9952261012183693,0.722923665006371,1.7207891899966423,0.16662725966406208,0.9407302737236023,0.5940675139427185
h512_wd0.001_s0,l3,42,0.0005,0.19550929898801056,0.9205226302146912,0.9954164714151827,0.7152785821846402,1.9552849712069793,0.16612825108658108,0.9493922591209412,0.6205827593803406
h512_wd0.001_s0,l3,43,0.0005,0.17630225679148798,0.9572624564170837,0.9973055295220243,0.7163210934785127,1.6504432831755764,0.15867457894309206,0.9568451642990112,0.6423036456108093
h512_wd0.001_s0,l4,1,0.0005,0.7431557152582251,0.6945065855979919,0.5814098011363636,0.5022258669165885,0.9731474690208107,0.31382613091853145,0.2561379075050354,0.04128965362906456
h512_wd0.001_s0,l4,2,0.0005,0.6863025763760442,0.6869488954544067,0.7041681463068182,0.605904404873477,0.4413765944706603,0.13301678533677208,0.286138653755188,0.048771753907203674
h512_wd0.001_s0,l4,3,0.0005,0.6804185665172079,0.6788747906684875,0.7393687855113636,0.6784208059981256,0.5285828941049767,0.1640345148182677,0.2967168688774109,0.047189634293317795
h512_wd0.001_s0,l4,4,0.0005,0.6628769921219867,0.6721979975700378,0.7339237097537878,0.6760777881911902,0.6394785872611383,0.17555587957466884,0.3104586601257324,0.04691658541560173
h512_wd0.001_s0,l4,5,0.0005,0.6530177696891453,0.6517593860626221,0.7748135653409091,0.6971649484536083,0.7488730963353144,0.18829934839029172,0.32499876618385315,0.04930818825960159
h512_wd0.001_s0,l4,6,0.0005,0.6423961131469064,0.6745197176933289,0.766549775094697,0.6894329896907218,0.9242837095132872,0.24108132320203002,0.3394157886505127,0.05432110279798508
h512_wd0.001_s0,l4,7,0.0005,0.6118708667547806,0.6336029767990112,0.8095999053030304,0.7101686972820994,0.7108691848264937,0.17125073277734942,0.3538280427455902,0.06800885498523712
h512_wd0.001_s0,l4,8,0.0005,0.5970143105672754,0.6227980852127075,0.8235973011363636,0.7224695407685098,0.8097963372399404,0.19232554916817254,0.3694237768650055,0.09148533642292023
h512_wd0.001_s0,l4,9,0.0005,0.561885847993519,0.6196780800819397,0.8393628669507576,0.7244611059044048,0.9023304097120375,0.22659880950248318,0.384062260389328,0.1300031691789627
h512_wd0.001_s0,l4,10,0.0005,0.5494929850101471,0.6111622452735901,0.8579397490530303,0.7292642924086222,0.9571630463903903,0.19037404178430584,0.39800894260406494,0.16319765150547028
h512_wd0.001_s0,l4,11,0.0005,0.5257632550985917,0.6078682541847229,0.8754512902462122,0.7263355201499532,1.0619921731364448,0.214020993596978,0.41083478927612305,0.19721069931983948
h512_wd0.001_s0,l4,12,0.0005,0.5229904159255649,0.6207278370857239,0.8840332031250001,0.7258669165885661,1.1077145558724575,0.20141987803718023,0.4253544211387634,0.23455381393432617
h512_wd0.001_s0,l4,13,0.0005,0.5082044925378717,0.6152336597442627,0.8937322443181818,0.7355904404873478,1.2756728715822987,0.21129357056507364,0.43848738074302673,0.268043577671051
h512_wd0.001_s0,l4,14,0.0005,0.4732415727947069,0.6147048473358154,0.9085878314393939,0.7289128397375819,1.2432307508514497,0.18769682940199553,0.4500048756599426,0.3022604286670685
h512_wd0.001_s0,l4,15,0.0005,0.44345332099043805,0.6194950342178345,0.9152906013257576,0.7312558575445173,1.1573682138130263,0.1762764366830763,0.4606510400772095,0.3506665825843811
h512_wd0.001_s0,l4,16,0.0005,0.46600701886674634,0.7287907004356384,0.9234138257575757,0.7215323336457355,1.576399681260542,0.19969887898129593,0.4721945524215698,0.382615327835083
h512_wd0.001_s0,l4,17,0.0005,0.439814031124115,0.7277320027351379,0.9329279119318182,0.7177835051546392,1.4742243377201267,0.19350175188444968,0.4831638038158417,0.412870854139328
h512_wd0.001_s0,l4,18,0.0005,0.42171347789142444,0.6619322896003723,0.9325727982954545,0.7355904404873477,1.3725229174994973,0.1881077306899139,0.49337658286094666,0.4381115734577179
h512_wd0.001_s0,l4,19,0.0005,0.4178561270236969,0.6845144629478455,0.9436109138257577,0.7204779756326148,1.636868264418803,0.19199721505694195,0.502292811870575,0.4708464741706848
h512_wd0.001_s0,l4,20,0.0005,0.40270529363466345,0.6454189419746399,0.9399266098484849,0.73441893158388,1.6014717532988811,0.15825295534721615,0.5111519694328308,0.506366491317749
h512_wd0.001_s0,l4,21,0.0005,0.3752421205458434,0.658855140209198,0.9477761008522727,0.7255154639175257,1.383398098846898,0.13945711466444335,0.5189747214317322,0.553737998008728
h512_wd0.001_s0,l4,22,0.0005,0.37170378086359607,0.6801033616065979,0.9518895004734849,0.7271555763823805,1.5174908190305834,0.14760932928501888,0.5264081954956055,0.5888992547988892
h512_wd0.001_s0,l4,23,0.0005,0.4249017445937447,0.6665332913398743,0.9562322443181818,0.7229381443298969,2.2688657994227506,0.21734304316688072,0.5346038341522217,0.5919733643531799
h512_wd0.001_s0,l4,24,0.0005,0.3663303456876589,0.6552380323410034,0.9578524502840909,0.7225866916588566,1.6677589215631732,0.14412283952785418,0.5426661968231201,0.6275497674942017
h512_wd0.001_s0,l4,25,0.0005,0.3466907007538754,0.7422911524772644,0.9562766335227273,0.7097000937207123,1.850259897410519,0.15337178867908668,0.5485483407974243,0.6714774370193481
h512_wd0.001_s0,l4,26,0.0005,0.36494355162848596,0.7209738492965698,0.9585848721590909,0.7147375820056233,1.9572124891310214,0.1603906811915056,0.555764377117157,0.6989875435829163
h512_wd0.001_s0,l4,27,0.0005,0.35646601280440454,0.7103609442710876,0.960693359375,0.722938144329897,1.915479518220333,0.15118540046648232,0.5630897879600525,0.7254151701927185
h512_wd0.001_s0,l4,28,0.0005,0.34603633699209796,0.6997057795524597,0.9702740293560606,0.7115745079662605,2.1145454797821803,0.17747182425221641,0.5693743228912354,0.7572632431983948
h512_wd0.001_s0,l4,29,0.0005,0.38322057801744214,0.8289580345153809,0.9692826704545454,0.7162605435801312,2.602152094398661,0.19487996489571321,0.5768111944198608,0.7756675481796265
h512_wd0.001_s0,l4,30,0.0005,0.3300431973260382,0.720353901386261,0.968994140625,0.7138003748828491,1.6440476581197212,0.15758495612791057,0.5830184817314148,0.8034475445747375
h512_wd0.001_s0,l4,31,0.0005,0.31932135638983355,0.722100555896759,0.9695342092803031,0.729381443298969,1.537043319177363,0.12345034163629254,0.5878233909606934,0.8481051325798035
h512_wd0.001_s0,l4,32,0.0005,0.3119761558330577,0.7704392671585083,0.9723455255681819,0.7114573570759138,1.9167073443934166,0.14166080395413977,0.5934110283851624,0.8875223994255066
h512_wd0.001_s0,l4,33,0.0005,0.27183007481305493,0.8151664733886719,0.9750828598484849,0.7162605435801312,1.7051053514344716,0.11918903531357464,0.5984954237937927,0.9238524436950684
h512_wd0.001_s0,l5,1,0.0005,0.7113271951675415,0.6826542615890503,0.7207312597486009,0.7113831089351286,0.9050471918020093,0.25461095088919133,0.24059242010116577,0.03646469488739967
h512_wd0.001_s0,l5,2,0.0005,0.696400290185755,0.6772820353507996,0.7354650273725418,0.6780905752753977,0.9734658883552734,0.2770367247022035,0.27544790506362915,0.048895079642534256
h512_wd0.001_s0,l5,3,0.0005,0.6656207767399874,0.6578143239021301,0.749220111936875,0.7112607099143207,0.6343175131721002,0.195425719830011,0.29205065965652466,0.047342028468847275
h512_wd0.001_s0,l5,4,0.0005,0.6491967087442224,0.6407914161682129,0.7780683243110988,0.7116279069767442,0.8625450219054513,0.23045250925322638,0.3119075894355774,0.0390748456120491
h512_wd0.001_s0,l5,5,0.0005,0.6519502618096091,0.6525971293449402,0.7823577086582867,0.7157894736842105,1.387601847147031,0.3906134908861463,0.33264949917793274,0.03691231086850166
h512_wd0.001_s0,l5,6,0.0005,0.6291538368571888,0.6368100047111511,0.8003792396855982,0.7069767441860465,1.1028800822311382,0.3236807999657063,0.3537036180496216,0.03872302919626236
h512_wd0.001_s0,l5,7,0.0005,0.5992873690345071,0.623713493347168,0.8203199070251093,0.7110159118727051,0.9644624583170146,0.26609450715636246,0.37059271335601807,0.045627716928720474
h512_wd0.001_s0,l5,8,0.0005,0.6080218309705908,0.7048850059509277,0.8022142704223632,0.7107711138310894,1.366901237932929,0.35044475455286456,0.387362539768219,0.05000055581331253
h512_wd0.001_s0,l5,9,0.0005,0.6041772853244435,0.6167564392089844,0.8413463008838732,0.7188494492044064,1.3536383555176885,0.4011064405300475,0.4055129885673523,0.05345059931278229
h512_wd0.001_s0,l5,10,0.0005,0.5420058274810965,0.6325072050094604,0.851201945132581,0.7177478580171359,0.9115620233241035,0.24752054114696723,0.422329306602478,0.07622070610523224
h512_wd0.001_s0,l5,11,0.0005,0.5488484705036337,0.6071213483810425,0.8640012845215157,0.7260709914320685,1.3216049404488102,0.31780548022832383,0.43669211864471436,0.08712735772132874
h512_wd0.001_s0,l5,12,0.0005,0.5097086565061049,0.6083325743675232,0.8781463131174113,0.7276621787025703,0.8639529977727176,0.2092751590038016,0.45101216435432434,0.11551732569932938
h512_wd0.001_s0,l5,13,0.0005,0.5101719783111052,0.6073155999183655,0.8880707710187479,0.7241126070991432,1.3655124826772627,0.2864038019510958,0.46859899163246155,0.14683464169502258
h512_wd0.001_s0,l5,14,0.0005,0.5148675793951208,0.6097723841667175,0.8949139064746001,0.7290085679314565,1.1969260032957225,0.25544916384842375,0.4850519895553589,0.1597953587770462
h512_wd0.001_s0,l5,15,0.0005,0.47878438369794324,0.6274828910827637,0.8969859620148637,0.7247246022031825,1.2154743425124874,0.25311085857507426,0.4997812509536743,0.19370172917842865
h512_wd0.001_s0,l5,16,0.0005,0.4691192629662427,0.6225598454475403,0.9055417928250299,0.7238678090575276,1.3270417696917247,0.24029437066674053,0.5135707855224609,0.21406421065330505
h512_wd0.001_s0,l5,17,0.0005,0.4564462182196704,0.6342505812644958,0.9168272318561336,0.7319461444308446,1.3779324420291117,0.2580375818585885,0.5253297090530396,0.23847559094429016
h512_wd0.001_s0,l5,18,0.0005,0.46056105264208536,0.655823826789856,0.9207037342875494,0.7219094247246023,1.5297843424723971,0.2592532064577273,0.5363982915878296,0.2667788565158844
h512_wd0.001_s0,l5,19,0.0005,0.4218575209379196,0.6366540789604187,0.9279138758907546,0.7302325581395349,1.31842580757931,0.23051851901075368,0.5479562282562256,0.3021835386753082
h512_wd0.001_s0,l5,20,0.0005,0.40265398675745184,0.6543141007423401,0.9346270300027526,0.7275397796817625,1.4193265922951352,0.2140906833403556,0.5569214820861816,0.3321962356567383
h512_wd0.001_s0,l5,21,0.0005,0.40842155841263855,0.6544012427330017,0.9435116371532557,0.7261933904528763,1.6176766205923292,0.23536752272206093,0.5659958124160767,0.3553576171398163
h512_wd0.001_s0,l5,22,0.0005,0.40995385294610803,0.633759617805481,0.9461418478759519,0.7320685434516524,1.62963382792875,0.22518566429798847,0.5757578015327454,0.3774867653846741
h512_wd0.001_s0,l5,23,0.0005,0.42997863414612686,0.9411680102348328,0.9392451906902775,0.7254589963280293,2.083279346387353,0.29666052389540815,0.5879291296005249,0.38948148488998413
h512_wd0.001_s0,l5,24,0.0005,0.4566272781653838,0.6851419806480408,0.9503012508792856,0.7320685434516524,2.1072956209063545,0.30634114273768503,0.6017946004867554,0.3679317235946655
h512_wd0.001_s0,l5,25,0.0005,0.41034644774415274,0.6715121865272522,0.95355078447564,0.7237454100367197,1.8208929317363454,0.26421076245456676,0.6122481822967529,0.38546645641326904
h512_wd0.001_s0,l5,26,0.0005,0.44535222175446426,0.6507479548454285,0.9578172309386181,0.733047735618115,2.2568254960583984,0.2825226659811354,0.6233105659484863,0.3739372193813324
h512_wd0.001_s0,l5,27,0.0005,0.36125886982137506,0.7076193690299988,0.9607532801174419,0.7363525091799266,1.2569802300903217,0.17625778919217747,0.6310047507286072,0.4040648341178894
h512_wd0.001_s0,l5,28,0.0005,0.3924989043311639,0.6948269009590149,0.9677416888399547,0.7318237454100367,1.9428741018375677,0.21993523387640224,0.6390774846076965,0.4189624488353729
h512_wd0.001_s0,l5,29,0.0005,0.3611300438642502,0.6820801496505737,0.9630241306541885,0.7201958384332925,1.808037671922022,0.22899973024823064,0.6486015915870667,0.44384899735450745
h512_wd0.001_s0,l5,30,0.0005,0.31833015043627133,0.7091529965400696,0.9683151359451938,0.7347613219094248,1.2335872992820585,0.175128391685348,0.6568531394004822,0.47811511158943176
h512_wd0.001_s0,l5,31,0.0005,0.3087822828780521,0.6966975927352905,0.9750282900571918,0.7332925336597307,1.6834223151676253,0.18871290709758728,0.6642641425132751,0.5156760811805725
h512_wd0.001_s0,l5,32,0.0005,0.27711979096586054,0.7144914269447327,0.9795546992078784,0.7257037943696452,1.3540138187510502,0.15847887034339836,0.6713289022445679,0.5626865029335022
h512_wd0.001_s0,l5,33,0.0005,0.27646464041688223,0.7692389488220215,0.9798223078569899,0.7326805385556915,1.3985817349004124,0.14207819664969568,0.678996741771698,0.608640730381012
h512_wd0.001_s0,l5,34,0.0005,0.2957598560235717,0.8183536529541016,0.9841957977796127,0.7350061199510405,2.020662909948158,0.18939843023523117,0.6866801381111145,0.6382598280906677
h512_wd0.001_s0,l5,35,0.0005,0.2841539897701957,0.7817506790161133,0.9847768908462551,0.7200734394124846,1.9040328943638611,0.1562051391014071,0.69437575340271,0.6680222153663635
h512_wd0.001_s0,l5,36,0.0005,0.2607978301292116,0.8716320395469666,0.9905572376670644,0.7215422276621787,1.9923167223060005,0.16198600644510489,0.7026339173316956,0.7009128332138062
h512_wd0.001_s0,l5,37,0.0005,0.25247726115313446,0.9031568765640259,0.985510903140961,0.7179926560587514,2.011506628299964,0.16219348878145368,0.7099830508232117,0.7339587211608887
h512_wd0.001_s0,l5,38,0.0005,0.24251757596026768,0.805044949054718,0.992430498210845,0.7241126070991433,2.0228238612871294,0.15338418527532927,0.7171812653541565,0.7560026049613953
h512_wd0.001_s0,l5,39,0.0005,0.20801742713559757,0.8841931223869324,0.9908172003547726,0.7280293757649938,1.8188292171377236,0.1412237294821177,0.7232701182365417,0.7950900197029114
h512_wd0.001_s0,l5,40,0.0005,0.2525860047475858,0.8819134831428528,0.990710156895128,0.7105263157894737,2.7051515106032897,0.1715158701448242,0.7300788760185242,0.8181526064872742
h512_wd0.001_s0,l5,41,0.0005,0.23647800934585658,0.8824172616004944,0.9936003303055327,0.7276621787025703,2.057520190207682,0.1593237378870269,0.7378773093223572,0.8392044305801392
h512_wd0.001_s0,l5,42,0.0005,0.2773012908344919,0.8003382682800293,0.9949613114352998,0.7159118727050184,2.7329824170351915,0.1725051054852999,0.7454051971435547,0.8515658378601074
h512_wd0.001_s0,l5,43,0.0005,0.23397766900333491,0.88311767578125,0.9938144172248219,0.7248470012239902,1.8038937315620984,0.13591256155592568,0.752977728843689,0.8809037208557129
h512_wd0.001_s0,l5,44,0.0005,0.1984582015059211,0.860752522945404,0.9972321619720463,0.7201958384332925,1.9276637449877334,0.11844034059024539,0.7599036693572998,0.9195889234542847
h512_wd0.001_s0,l5,45,0.0005,0.16792179813439195,0.9298017024993896,0.9974156650457229,0.7215422276621787,1.373883331435598,0.12186762131623521,0.765958309173584,0.9699916839599609
h512_wd0.001_s0,l5,46,0.0005,0.21843697774139317,1.0354554653167725,0.9976068140808025,0.7106487148102816,2.5884786792523147,0.13646283189281402,0.771868884563446,1.002706527709961
h512_wd0.001_s0,l5,47,0.0005,0.204610060561787,0.9722857475280762,0.996765758326452,0.70734394124847,2.2006620052264654,0.11979941794602075,0.7786888480186462,1.030072569847107
h512_wd0.001_s0,l6,1,0.0005,0.7511794786704215,0.7196113467216492,0.6257504111842105,0.575487012987013,1.8197601505155538,0.46832547316529644,0.22985446453094482,0.03648349270224571
h512_wd0.001_s0,l6,2,0.0005,0.7080901171031752,0.6880954504013062,0.6920230263157895,0.609577922077922,1.3678869511647616,0.36019072898716553,0.2729547321796417,0.06179120019078255
h512_wd0.001_s0,l6,3,0.0005,0.6679865341437491,0.6727002263069153,0.7680818256578947,0.6636363636363636,0.7610392109029112,0.20143792559504417,0.28979960083961487,0.06801801174879074
h512_wd0.001_s0,l6,4,0.0005,0.6552852831388775,0.6660168766975403,0.7572368421052632,0.6459415584415584,0.8405179103393469,0.21580914140479668,0.3047865927219391,0.06214290112257004
h512_wd0.001_s0,l6,5,0.0005,0.6435695604274148,0.6759008169174194,0.7881784539473684,0.6758116883116884,1.077759406986682,0.2549021319426793,0.32260820269584656,0.05410720780491829
h512_wd0.001_s0,l6,6,0.0005,0.6166440750423231,0.6400700211524963,0.8098684210526317,0.6881493506493507,1.0765687330271219,0.24866439963668324,0.34403088688850403,0.04507836326956749
h512_wd0.001_s0,l6,7,0.0005,0.598059826775601,0.6325169205665588,0.8293277138157896,0.6956168831168831,1.240553862037195,0.27410307372217296,0.3686681389808655,0.038209039717912674
h512_wd0.001_s0,l6,8,0.0005,0.5844226746182692,0.6628148555755615,0.8461040296052632,0.6928571428571428,1.4575593716611104,0.29513024198243665,0.39246365427970886,0.03862535580992699
h512_wd0.001_s0,l6,9,0.0005,0.5613026666013818,0.6241421103477478,0.8659642269736842,0.6985389610389611,1.319424541412254,0.30000187514587073,0.4153679311275482,0.04338045418262482
h512_wd0.001_s0,l6,10,0.0005,0.5273356876875225,0.623373806476593,0.8798930921052631,0.7034090909090909,1.0206736427868353,0.22761939402186743,0.43798285722732544,0.06124911829829216
h512_wd0.001_s0,l6,11,0.0005,0.5111612536405262,0.65461665391922,0.8935238486842105,0.7025974025974027,1.6952794882390494,0.29932432529848707,0.46014493703842163,0.08454020321369171
h512_wd0.001_s0,l6,12,0.0005,0.49894865249332626,0.6717939376831055,0.9021689967105263,0.698538961038961,1.4513644300849609,0.25467845282119145,0.47873425483703613,0.10376628488302231
h512_wd0.001_s0,l6,13,0.0005,0.5061924316381153,0.6467528939247131,0.9121710526315788,0.7037337662337662,1.88690649575224,0.31801862477322473,0.49754849076271057,0.11254329234361649
h512_wd0.001_s0,l6,14,0.0005,0.4891045862122586,0.8006439208984375,0.9012952302631578,0.6897727272727273,1.778277196610999,0.2896693034595237,0.5152883529663086,0.1223350539803505
h512_wd0.001_s0,l6,15,0.0005,0.5014654680302268,0.6622167825698853,0.9232216282894737,0.7053571428571428,1.9504419587899318,0.3143830678984858,0.5340138673782349,0.12047097086906433
h512_wd0.001_s0,l6,16,0.0005,0.4553801684003127,0.6366070508956909,0.929553865131579,0.7121753246753247,1.6610142481041101,0.2447204889110354,0.5499167442321777,0.13404616713523865
h512_wd0.001_s0,l6,17,0.0005,0.43782404535695124,0.6392784118652344,0.933264802631579,0.7107142857142857,1.807259783474479,0.30350061683703117,0.5649408102035522,0.15366996824741364
h512_wd0.001_s0,l6,18,0.0005,0.5232194097418534,0.6596957445144653,0.9374280427631579,0.7030844155844155,2.6886686857696533,0.41806878261224645,0.5800923705101013,0.14358706772327423
h512_wd0.001_s0,l6,19,0.0005,0.45593066278256866,0.6882843971252441,0.9344572368421054,0.706655844155844,1.7753387941169685,0.30819510945029904,0.5944845676422119,0.13978728652000427
h512_wd0.001_s0,l6,20,0.0005,0.4179719655137313,0.668513834476471,0.9421361019736842,0.7073051948051949,1.7249909872374758,0.26033133372921197,0.6067178845405579,0.1604447066783905
h512_wd0.001_s0,l6,21,0.0005,0.3827633151882573,0.6882542371749878,0.9528474506578948,0.7051948051948052,1.3894470892464106,0.24494290532116123,0.6169682145118713,0.18509787321090698
h512_wd0.001_s0,l6,22,0.0005,0.36210285597725916,0.6898058652877808,0.9544510690789474,0.7021103896103896,1.1692583419632947,0.21925249690651266,0.6265221834182739,0.2164931446313858
h512_wd0.001_s0,l6,23,0.0005,0.34545994824484777,0.7165029048919678,0.9619860197368422,0.700974025974026,1.4463549868188823,0.2053370363401884,0.6368844509124756,0.252895325422287
h512_wd0.001_s0,l6,24,0.0005,0.3408674872235248,0.7037734389305115,0.9654399671052633,0.7037337662337663,1.3346864008038002,0.2002023932777217,0.6470403671264648,0.2852567732334137
h512_wd0.001_s0,l6,25,0.0005,0.3266711313473551,0.6946901679039001,0.9706825657894738,0.7022727272727273,1.655152044586731,0.23184237252533527,0.6573143005371094,0.3100605905056
h512_wd0.001_s0,l6,26,0.0005,0.2999506843717475,0.7159695625305176,0.97265625,0.706655844155844,1.5239339745387166,0.20669426469106425,0.6671764254570007,0.344775527715683
h512_wd0.001_s0,l6,27,0.0005,0.3089794689103177,0.8440960645675659,0.9729337993421052,0.7032467532467532,1.7749707218442323,0.22152477809742413,0.6769106388092041,0.37650883197784424
h512_wd0.001_s0,l6,28,0.0005,0.305991488851999,0.7677192091941833,0.9782380756578948,0.6970779220779221,1.8203434360291213,0.23433824038331375,0.6880502104759216,0.3887596130371094
h512_wd0.001_s0,l6,29,0.0005,0.2826607862585469,0.871807336807251,0.9812088815789474,0.6862012987012986,2.0750349913345723,0.26882847946639704,0.6996187567710876,0.42144975066185
h512_wd0.001_s0,l6,30,0.0005,0.3708370273050509,0.7095565795898438,0.9835731907894737,0.6878246753246754,2.887263374272792,0.34702048722031614,0.709811806678772,0.42768925428390503
h512_wd0.001_s0,l6,31,0.0005,0.31732233574515895,0.7942147254943848,0.986328125,0.6926948051948052,1.9916446102072392,0.2395030262914489,0.7207479476928711,0.43281856179237366
h512_wd0.001_s0,l6,32,0.0005,0.31049096349038574,0.7511726021766663,0.9850226151315791,0.6855519480519481,2.003235621782465,0.21346459740840837,0.7309138178825378,0.45328977704048157
h512_wd0.001_s0,l6,33,0.0005,0.2578111149762806,0.8452789187431335,0.9817639802631579,0.6858766233766233,1.4224982079185895,0.1816388860236729,0.7398374080657959,0.48209017515182495
h512_wd0.001_s0,l6,34,0.0005,0.2962329626867646,0.9775756001472473,0.9876027960526316,0.6801948051948051,2.4540889124219216,0.25646412789282746,0.7494093179702759,0.5008846521377563
h512_wd0.001_s0,l6,35,0.0005,0.3075413539221412,0.87989342212677,0.9878083881578947,0.692857142857143,2.243957046709177,0.23797170200455126,0.7589423656463623,0.5049622654914856
h512_wd0.001_s0,l6,36,0.0005,0.2679906252183412,0.8234733939170837,0.9873869243421054,0.6844155844155844,2.078711029182022,0.20330453610824883,0.7684528231620789,0.5212262868881226
h512_wd0.001_s0,l7,1,0.0005,0.6953565763390582,0.7053318619728088,0.7272606117145333,0.6152764761012184,1.1585770603835035,0.29679144218506315,0.24204513430595398,0.022418607026338577
h512_wd0.001_s0,l7,2,0.0005,0.6741944292317266,0.655087411403656,0.7667755047644431,0.6846298031865042,1.4082578717480132,0.3589430267067374,0.2861552834510803,0.03824707120656967
h512_wd0.001_s0,l7,3,0.0005,0.6649065250935762,0.7408127188682556,0.7502054596743741,0.6294517338331771,1.5282896215668702,0.40402693608973295,0.3138757050037384,0.046910230070352554
h512_wd0.001_s0,l7,4,0.0005,0.6169495271599811,0.6381927728652954,0.7941108963964965,0.7061855670103093,1.0259958189470622,0.2599873613368281,0.3392024338245392,0.05055832490324974
h512_wd0.001_s0,l7,5,0.0005,0.5993930321672688,0.6260480284690857,0.8155231262447895,0.7167291471415184,1.2140232425708104,0.28021333606316134,0.36805734038352966,0.04318522661924362
h512_wd0.001_s0,l7,6,0.0005,0.5628515481948853,0.6225250363349915,0.8364392912936927,0.7292642924086223,1.3276748447678786,0.32214234365860916,0.4001295566558838,0.04508117213845253
h512_wd0.001_s0,l7,7,0.0005,0.5579953349154928,0.6045212745666504,0.8558154342788181,0.7443767572633553,1.4847894037834195,0.353852347888342,0.4306586980819702,0.05301399156451225
h512_wd0.001_s0,l7,8,0.0005,0.5557094592115154,0.600043535232544,0.8742660832352309,0.7494142455482662,1.7681398441137852,0.3710848819684803,0.4562961161136627,0.05867923051118851
h512_wd0.001_s0,l7,9,0.0005,0.5144484496634939,0.5994893312454224,0.88515729696512,0.7518744142455482,1.2763692458327467,0.2842836361057669,0.48478084802627563,0.07157178968191147
h512_wd0.001_s0,l7,10,0.0005,0.515286931525106,0.5978410243988037,0.896988812628181,0.7514058106841611,1.8854417782170163,0.4150076280244331,0.5092090368270874,0.081423319876194
h512_wd0.001_s0,l7,11,0.0005,0.49652034562567005,0.5974456071853638,0.906865684902601,0.7512886597938143,1.9380929375045188,0.404281501008639,0.5330528616905212,0.09352540969848633
h512_wd0.001_s0,l7,12,0.0005,0.4835234439891318,0.5919672846794128,0.910523237304073,0.7644095595126523,1.7415331453488216,0.33517957335113635,0.5548757314682007,0.10084259510040283
h512_wd0.001_s0,l7,13,0.0005,0.49351565475049225,0.5908622741699219,0.9189859547026203,0.7542174320524836,1.9259114776301856,0.36439999126217354,0.578010618686676,0.09988418221473694
h512_wd0.001_s0,l7,14,0.0005,0.4410904905070429,0.6235951781272888,0.9257753788972554,0.7514058106841612,1.5482058125798817,0.3190211943524873,0.5979381203651428,0.12462715804576874
h512_wd0.001_s0,l7,15,0.0005,0.4531368224517159,0.5936148762702942,0.9263454832189423,0.7632380506091846,1.8838024549594896,0.3781802871692821,0.6170918941497803,0.1339624524116516
h512_wd0.001_s0,l7,16,0.0005,0.39522291266399884,0.5994438529014587,0.9380881514552468,0.7623008434864105,1.098184718616017,0.2349480411792925,0.6346037983894348,0.15989957749843597
h512_wd0.001_s0,l7,17,0.0005,0.45591151325599005,0.5963768362998962,0.9480686790608827,0.7577319587628866,2.2807735057502105,0.3882844041206574,0.6510715484619141,0.17109225690364838
h512_wd0.001_s0,l7,18,0.0005,0.41435121712477313,0.6066718697547913,0.9489423454239874,0.7621836925960638,1.9404627839219786,0.34927749286979765,0.6689910888671875,0.1824377328157425
h512_wd0.001_s0,l7,19,0.0005,0.3677607917267343,0.6487368941307068,0.9571163086855764,0.7646438612933458,1.4384011419789566,0.2701098580311247,0.6848967671394348,0.20745401084423065
h512_wd0.001_s0,l7,20,0.0005,0.35827814107355865,0.6121131777763367,0.9635873629343344,0.7625351452671041,1.518115754949361,0.24916419042303498,0.7002912759780884,0.22935636341571808
h512_wd0.001_s0,l7,21,0.0005,0.3547989661278932,0.6060683131217957,0.9684295476925583,0.7633552014995315,1.8176700237929537,0.262701393240518,0.7160356640815735,0.2576148808002472
h512_wd0.001_s0,l7,22,0.0005,0.34125288478706195,0.781470000743866,0.9638465012623738,0.7680412371134021,1.9651032549898844,0.3002598423491727,0.7332335114479065,0.28297749161720276
h512_wd0.001_s0,l7,23,0.0005,0.3856178949708524,0.6768672466278076,0.973205096880715,0.7569119025304593,2.334398685576288,0.35475930903936365,0.7508916258811951,0.2927592396736145
h512_wd0.001_s0,l7,24,0.0005,0.3403154378351958,0.6526237726211548,0.9741009751005085,0.7623008434864105,1.9983822377591887,0.2780206139120875,0.7692006230354309,0.30854079127311707
h512_wd0.001_s0,l7,25,0.0005,0.2992075351269349,0.6569452285766602,0.9784915187727209,0.7586691658856606,1.497501199141918,0.23146517544977266,0.7834924459457397,0.33818233013153076
h512_wd0.001_s0,l7,26,0.0005,0.3143490637126176,0.6487502455711365,0.9827265794481094,0.7628865979381443,2.0124470889047785,0.22815538651391518,0.7966368794441223,0.36131590604782104
h512_wd0.001_s0,l7,27,0.0005,0.28224612254163495,0.670531153678894,0.9843258331297247,0.7545688847235238,1.8143057125032618,0.21053753102308145,0.8096187710762024,0.3834163546562195
h512_wd0.001_s0,l7,28,0.0005,0.2564473080894221,0.8113671541213989,0.9815419470913573,0.7448453608247422,1.3904959082534014,0.18412656865230798,0.821260392665863,0.4172701835632324
h512_wd0.001_s0,l7,29,0.0005,0.26198725143204565,0.6952255368232727,0.9871393349770108,0.7593720712277412,1.8756249496920343,0.2143600490248234,0.8330355286598206,0.44390422105789185
h512_wd0.001_s0,l7,30,0.0005,0.24830742893011673,0.7538602948188782,0.9865025950852564,0.7435567010309279,2.0900188029326054,0.22080645194051,0.8451921939849854,0.4771502614021301
h512_wd0.001_s0,l7,31,0.0005,0.2984462101822314,0.7384869456291199,0.9892716732191644,0.7563261480787254,2.6041163645975414,0.27596481019079855,0.8601391911506653,0.48525476455688477
h512_wd0.001_s0,l7,32,0.0005,0.2575561883656875,0.7494207620620728,0.9880870408624125,0.7542174320524836,2.0830890770021244,0.217896994052228,0.8739109635353088,0.500731885433197
h512_wd0.001_s0,l7,33,0.0005,0.22937371484611346,0.8539384007453918,0.9883535831426816,0.7365276476101219,1.7671428057244116,0.1747931427310918,0.8848738074302673,0.5291860103607178
h512_wd0.001_s0,l7,34,0.0005,0.2330589992520602,0.7496700882911682,0.9924775845346245,0.7492970946579194,1.903670327184186,0.1948241007375072,0.8944185972213745,0.5496359467506409
h512_wd0.001_s0,l7,35,0.0005,0.21575736465013545,0.7335894703865051,0.9934475022767153,0.7605435801312089,1.9821617864626728,0.19848511540111372,0.9042628407478333,0.5778399705886841
h512_wd0.001_s0,l7,36,0.0005,0.19733680881883786,0.7446093559265137,0.9946987702035347,0.7579662605435802,2.0218526121299614,0.17333139650173732,0.9139222502708435,0.5980679392814636
h512_wd0.001_s0,l7,37,0.0005,0.20255040312590805,0.7890731692314148,0.9944840555888733,0.7482427366447986,1.864379021658419,0.17152368048290012,0.9225737452507019,0.6283296346664429
h512_wd0.001_s0,l7,38,0.0005,0.15129290521144867,0.9327489733695984,0.9960759053182588,0.7503514526710403,1.4799620645838911,0.14904061616135197,0.9318472743034363,0.6609447598457336
h512_wd0.001_s0,l7,39,0.0005,0.23538590449353922,0.8221207857131958,0.9939287591716458,0.7398078725398314,2.5633204013876854,0.21481963790965491,0.941897451877594,0.6694982647895813
h512_wd0.001_s0,l7,40,0.0005,0.24172040107457535,0.8576468825340271,0.9965127384998111,0.7498828491096533,2.7311170917310155,0.22693464944936262,0.950696587562561,0.6722508668899536
h512_wd0.001_s0,l7,41,0.0005,0.15869616117814314,0.8514818549156189,0.9976381392387257,0.7490627928772259,1.4372544644449083,0.13994711995302672,0.9587451815605164,0.6931833028793335
h512_wd0.001_s0,l7,42,0.0005,0.1347642090657483,0.8713385462760925,0.9984081502706145,0.7553889409559512,1.3525131303447764,0.11176862951053806,0.965225100517273,0.726006805896759
h512_wd0.001_s0,l8,1,0.0005,0.7104211991483514,0.6913532018661499,0.7277770019705503,0.6365325077399381,0.8243462779727626,0.2404303272756857,0.24245388805866241,0.033577386289834976
h512_wd0.001_s0,l8,2,0.0005,0.6840287853371013,0.6773386001586914,0.7675293643035579,0.6580804953560372,0.7740696868998239,0.21590143517796054,0.28023406863212585,0.04492701217532158
h512_wd0.001_s0,l8,3,0.0005,0.6630496518178419,0.6708498001098633,0.7693913016493661,0.6630340557275543,0.704582427017066,0.2017664633404573,0.300570547580719,0.045614879578351974
h512_wd0.001_s0,l8,4,0.0005,0.6443704718893225,0.6734945774078369,0.7532855436081244,0.6491640866873066,0.9559492898377715,0.24995181496025437,0.323665589094162,0.04571729898452759
h512_wd0.001_s0,l8,5,0.0005,0.6144264042377472,0.6466662287712097,0.8075067107325172,0.6788854489164087,0.9379499869603266,0.24253826019181324,0.34615397453308105,0.04684610292315483
h512_wd0.001_s0,l8,6,0.0005,0.6163804070516066,0.6770532131195068,0.8186240283014476,0.683095975232198,1.2097673140969898,0.3095203221402636,0.368118017911911,0.05328064784407616
h512_wd0.001_s0,l8,7,0.0005,0.5977835059165955,0.7346388101577759,0.8250632282890348,0.6899071207430341,1.3143261423223618,0.3325892416242849,0.3905072510242462,0.05910005420446396
h512_wd0.001_s0,l8,8,0.0005,0.6066995561122894,0.6365342140197754,0.8449238933109899,0.691517027863777,1.5001317960431237,0.35951223158550466,0.4103812575340271,0.063880555331707
h512_wd0.001_s0,l8,9,0.0005,0.5473302033814517,0.6441711783409119,0.8593228754519078,0.6956037151702786,1.0374176291222246,0.25670482607982825,0.429681658744812,0.070265032351017
h512_wd0.001_s0,l8,10,0.0005,0.5439244644208387,0.6453870534896851,0.8669878508588186,0.6939938080495355,1.2952692075986239,0.2991991636935588,0.4467252194881439,0.08114774525165558
h512_wd0.001_s0,l8,11,0.0005,0.507394174283201,0.6386958360671997,0.87829136216233,0.7052631578947368,0.8552211464730509,0.20561808137186557,0.4644380211830139,0.10555624961853027
h512_wd0.001_s0,l8,12,0.0005,0.4828000447966836,0.6582282185554504,0.8898431317786157,0.7110835913312694,0.9822404464399277,0.20212971083118472,0.47985467314720154,0.14014875888824463
h512_wd0.001_s0,l8,13,0.0005,0.5111836154352535,0.6859385371208191,0.89902868935127,0.7077399380804954,1.3524513148737116,0.2546250234553366,0.4957748353481293,0.16152624785900116
h512_wd0.001_s0,l8,14,0.0005,0.4722192951224067,0.6616870164871216,0.9057782122298251,0.7117027863777089,1.1693961907292356,0.21778609359543666,0.5111739635467529,0.19633059203624725
h512_wd0.001_s0,l8,15,0.0005,0.5079993307590485,0.6775025725364685,0.9121631057114928,0.7130650154798762,1.7309700185071648,0.3050213288782575,0.5262379050254822,0.19482199847698212
h512_wd0.001_s0,l8,16,0.0005,0.46042038093913684,0.6415548324584961,0.9246380859284086,0.7170278637770897,1.3617039264536963,0.23658928618463254,0.5395859479904175,0.2217465490102768
h512_wd0.001_s0,l8,17,0.0005,0.41778210482814093,0.6516491770744324,0.9285947027882513,0.7221052631578947,1.0767855423570614,0.20488956387658827,0.5520741939544678,0.2595902681350708
h512_wd0.001_s0,l8,18,0.0005,0.42464224181391974,0.6829933524131775,0.9357631615696133,0.7092260061919505,1.6744919030611898,0.2664061514789232,0.5651261806488037,0.29522228240966797
h512_wd0.001_s0,l8,19,0.0005,0.42693979089910333,0.6612409949302673,0.9453986873341713,0.714922600619195,1.5546200469146625,0.2362928398253892,0.5769053101539612,0.3078998625278473
h512_wd0.001_s0,l8,20,0.0005,0.4155207032507116,0.6804395318031311,0.950053530698692,0.7141795665634675,1.6128944201382047,0.25195376485647253,0.5887285470962524,0.3307601511478424
h512_wd0.001_s0,l8,21,0.0005,0.3762423795732585,0.6807975172996521,0.957912457912458,0.7135603715170278,1.5401238734217857,0.20595522554153314,0.6004545092582703,0.3643909692764282
h512_wd0.001_s0,l8,22,0.0005,0.35560044104402716,0.8160289525985718,0.946352930223898,0.7120743034055728,1.318632997693542,0.1738265564615652,0.6109751462936401,0.4056921899318695
h512_wd0.001_s0,l8,23,0.0005,0.35761666094714945,0.6833714246749878,0.9620552685068814,0.7183900928792569,1.6021031775094323,0.1900998404978866,0.6216341853141785,0.43509936332702637
h512_wd0.001_s0,l8,24,0.0005,0.3429282592101531,0.6852525472640991,0.9678350323511613,0.7140557275541795,1.5581186673460452,0.16397016213425356,0.6317648887634277,0.4668460190296173
h512_wd0.001_s0,l8,25,0.0005,0.3355259190906178,0.7952567338943481,0.9669894024732735,0.7164086687306501,1.554098442482084,0.1694081389801436,0.6416230201721191,0.506310760974884
h512_wd0.001_s0,l8,26,0.0005,0.33472776209766214,0.734342634677887,0.975143136433459,0.716780185758514,1.839672814471046,0.1852953025109394,0.6516707539558411,0.5342614054679871
h512_wd0.001_s0,l8,27,0.0005,0.313993128863248,0.714059591293335,0.9789368337755434,0.7173993808049535,1.8866419670035006,0.17547530486307805,0.6612536311149597,0.566692590713501
h512_wd0.001_s0,l8,28,0.0005,0.28703915260054846,0.7854442000389099,0.9781377523313006,0.7154179566563468,1.7342281905300787,0.1536574156748719,0.6703148484230042,0.6111065745353699
h512_wd0.001_s0,l8,29,0.0005,0.3328754509037191,0.8055054545402527,0.9825288212384987,0.7083591331269351,2.572983133363725,0.23179633584264508,0.6809025406837463,0.6212129592895508
h512_wd0.001_s0,l8,30,0.0005,0.3365976031530987,0.781801164150238,0.9798755605207218,0.7229721362229102,2.4494809985838795,0.21373074922045882,0.6922319531440735,0.6178191304206848
h512_wd0.001_s0,l8,31,0.0005,0.27992838756604627,0.7820703387260437,0.9842278390665488,0.7135603715170278,1.765792161342113,0.16756648943707536,0.6995974779129028,0.6482165455818176
h512_wd0.001_s0,l8,32,0.0005,0.30496843226931314,0.7599316239356995,0.9848019364148396,0.7175232198142415,1.9642887660029096,0.17355387162073774,0.708967924118042,0.6696606278419495
h512_wd0.001_s0,l8,33,0.0005,0.2521421875466,0.7530806660652161,0.9860897764123571,0.7216099071207431,1.873668146380294,0.1501535583188229,0.7167593836784363,0.7073264718055725
h512_wd0.001_s0,l8,34,0.0005,0.2783443528142842,0.817122757434845,0.9865087123151639,0.7178947368421053,2.036871621161824,0.15573256243352432,0.7261545658111572,0.7334718108177185
h512_wd0.001_s0,l8,35,0.0005,0.2866361439228058,0.787265419960022,0.9894257474902637,0.720123839009288,2.158355453115682,0.18287713616717793,0.7335814833641052,0.7672724723815918
h512_wd0.001_s0,l8,36,0.0005,0.3233603367751295,0.7580239176750183,0.9856320501481792,0.7130650154798761,2.8567741186689197,0.2125494427037199,0.7419964671134949,0.7683357000350952
h512_wd0.001_s0,l8,37,0.0005,0.25329274413260544,0.7662854790687561,0.9924436376049279,0.7159133126934984,1.778955645778821,0.14758081417927285,0.7490556836128235,0.7946770787239075
h512_wd0.001_s0,l8,38,0.0005,0.21218232505700804,0.8332357406616211,0.9916290400161368,0.716656346749226,1.5094969160756444,0.1265998705645358,0.7543243765830994,0.8401803970336914
h512_wd0.001_s0,l8,39,0.0005,0.19655697860501029,0.9229317307472229,0.9917066207388788,0.7208668730650154,1.6048471116816478,0.1188380261177757,0.7591517567634583,0.8879624605178833
h512_wd0.001_s0,l8,40,0.0005,0.2269513373347846,0.8562168478965759,0.993180654470977,0.7186377708978328,2.3272439241020195,0.13268083715904003,0.7645661234855652,0.9217153191566467
h512_wd0.001_s0,l8,41,0.0005,0.24716497856107625,0.774852991104126,0.9945383171189623,0.7102167182662538,2.437872365842065,0.15348371565114358,0.7704814672470093,0.9467328786849976
h512_wd0.001_s0,l8,42,0.0005,0.25015953149307857,0.8270107507705688,0.9956477214541731,0.7027863777089784,2.2826025302675386,0.13799658774741522,0.7772935032844543,0.9649994969367981
h512_wd0.001_s0,l8,43,0.0005,0.20170536637306213,0.8793841600418091,0.9958804636223991,0.7120743034055728,1.820122791816439,0.1187004633585989,0.7827837467193604,1.0015147924423218
h512_wd0.001_s0,l8,44,0.0005,0.23931926488876343,0.8856239318847656,0.9924979441108474,0.7076160990712074,2.7551075699101037,0.1477789631601046,0.7886210680007935,1.021281361579895
h512_wd0.001_s0,l8,45,0.0005,0.20573429356921802,0.9468477964401245,0.9967416096448355,0.7036532507739939,2.201011282371576,0.11403530001799672,0.7939266562461853,1.046312928199768
h512_wd0.001_s0,l8,46,0.0005,0.17740146849643101,0.9778837561607361,0.9945848655526075,0.710092879256966,1.701902758437447,0.09780643309309672,0.7989981770515442,1.0810415744781494
h512_wd0.001_s0,l8,47,0.0005,0.1882113299586556,1.0342144966125488,0.9955546245868827,0.7051393188854489,2.1877082983540035,0.10553372416436742,0.8037698268890381,1.110581398010254
h512_wd0.001_s0,l8,48,0.0005,0.1812142516401681,0.9751532673835754,0.9964778351875127,0.7092260061919504,2.1214374981295503,0.11280010869616107,0.8097585439682007,1.1389446258544922
h512_wd0.001_s0,l8,49,0.0005,0.1575944603166797,0.9777476191520691,0.9977811913295784,0.6998142414860681,1.7574678798439423,0.08940551531395789,0.8144416213035583,1.1726503372192383
h512_wd0.001_s0,l8,50,0.0005,0.14193760078739037,1.0626896619796753,0.9973079489208522,0.7010526315789474,1.6572512520266274,0.09059110836672882,0.8180554509162903,1.2100743055343628
h512_wd0.001_s0,l9,1,0.0005,0.697813622329546,0.6700165867805481,0.7316073102155576,0.6793580131208997,1.0511969910192076,0.2771086836459807,0.24235302209854126,0.028252646327018738
h512_wd0.001_s0,l9,2,0.0005,0.6752041267312091,0.7074422240257263,0.7292862582005623,0.6554592314901594,1.2852743220743137,0.31964822110784535,0.2865513861179352,0.03932010382413864
h512_wd0.001_s0,l9,3,0.0005,0.6547418625458427,0.6428254842758179,0.7797709700093721,0.7050140581068416,1.2836958909710898,0.3002149190230598,0.3113654553890228,0.04572590813040733
h512_wd0.001_s0,l9,4,0.0005,0.6034282057181649,0.627880334854126,0.7946564550140582,0.7064198687910029,0.8972818991850326,0.25667298142099965,0.3377973437309265,0.03452492505311966
h512_wd0.001_s0,l9,5,0.0005,0.613160112629766,0.6308093667030334,0.8187968603561386,0.7122774133083412,1.5763893832125384,0.41447589668358437,0.3689994812011719,0.031193673610687256
h512_wd0.001_s0,l9,6,0.0005,0.6223966038745382,0.6425957679748535,0.8361498359887535,0.7082942830365512,1.7219870280787029,0.4377170012089473,0.39322352409362793,0.041050683706998825
h512_wd0.001_s0,l9,7,0.0005,0.5598762488883474,0.6392362713813782,0.8449288308341143,0.7169634489222116,1.0746693697781153,0.2748784047596241,0.4191102087497711,0.04148559272289276
h512_wd0.001_s0,l9,8,0.0005,0.5557003656159276,0.6086041331291199,0.8627064784442361,0.7280927835051546,1.4979991078107229,0.3592936777306487,0.44359901547431946,0.04777876287698746
h512_wd0.001_s0,l9,9,0.0005,0.5450654923915863,0.7457133531570435,0.8620621485473289,0.7249297094657919,1.7933464804299075,0.41618583556584887,0.4669381380081177,0.06004805862903595
h512_wd0.001_s0,l9,10,0.0005,0.5593229286048723,0.6619697213172913,0.8784339854732897,0.729967197750703,1.8837391619977935,0.4171322210639129,0.4879976212978363,0.052567075937986374
h512_wd0.001_s0,l9,11,0.0005,0.510788575462673,0.6118252873420715,0.8956478444236177,0.7325445173383318,1.2274777949445719,0.30079267759077405,0.5093846321105957,0.05911377817392349
h512_wd0.001_s0,l9,12,0.0005,0.5045767154382623,0.6531140804290771,0.8978004920337395,0.7320759137769447,1.5569794829044905,0.34504538295978343,0.5281316637992859,0.07370763272047043
h512_wd0.001_s0,l9,13,0.0005,0.4891414940357208,0.61812424659729,0.9098304240862232,0.7332474226804123,1.4450073189650365,0.32802115980877883,0.5471895933151245,0.07955266535282135
h512_wd0.001_s0,l9,14,0.0005,0.4526855543903682,0.6592614054679871,0.9133229850046861,0.7257497656982193,1.4509446282119671,0.31888654518183485,0.5634779334068298,0.10313282161951065
h512_wd0.001_s0,l9,15,0.0005,0.4489098567029704,0.6346508860588074,0.9243351686972823,0.7323102155576382,1.6686164873169205,0.34667239953555484,0.5794713497161865,0.12885142862796783
h512_wd0.001_s0,l9,16,0.0005,0.4387532822463823,0.6290909051895142,0.9332752460168697,0.7340674789128397,1.5031628182937455,0.3528695062321204,0.596020519733429,0.13987359404563904
h512_wd0.001_s0,l9,17,0.0005,0.3991679814846619,0.6335142254829407,0.9343881794751641,0.73043580131209,1.1912676661264343,0.23709461118730393,0.6106860637664795,0.17127466201782227
h512_wd0.001_s0,l9,18,0.0005,0.3794255373270615,0.7278472781181335,0.943613812089972,0.7366447985004686,1.3122312941976852,0.23498847645006665,0.625027060508728,0.20678360760211945
h512_wd0.001_s0,l9,19,0.0005,0.382648308639941,0.6858190894126892,0.9503939198687911,0.7287956888472352,1.63155728418953,0.2685392588655022,0.6397300362586975,0.23382648825645447
h512_wd0.001_s0,l9,20,0.0005,0.3467682016932446,0.6733119487762451,0.9594950796626054,0.7312558575445174,1.4670511611653432,0.25540512826916556,0.6540206074714661,0.26878467202186584
h512_wd0.001_s0,l9,21,0.0005,0.32803430958934454,0.7013685703277588,0.9649352741330834,0.7362933458294283,1.5360612106590532,0.2515898855339924,0.6677587032318115,0.30087339878082275
h512_wd0.001_s0,l9,22,0.0005,0.36179162302742834,0.8417826890945435,0.9690428772258669,0.7354732895970009,2.428100492526186,0.29559028866134274,0.6828663945198059,0.31876060366630554
h512_wd0.001_s0,l9,23,0.0005,0.3580335585967354,0.7121728658676147,0.9707122774133083,0.7420337394564198,2.078689761746084,0.25586489400110696,0.6974120140075684,0.3257046639919281
h512_wd0.001_s0,l9,24,0.0005,0.3328548281089119,0.7353774905204773,0.9770018158388004,0.732895970009372,1.9985831550626645,0.23973276597851734,0.7104067206382751,0.34163227677345276
h512_wd0.001_s0,l9,25,0.0005,0.28464398176773736,0.721566915512085,0.9818123242736645,0.732895970009372,1.4825146722377813,0.21341647755327903,0.7227550745010376,0.3724440038204193
h512_wd0.001_s0,l9,26,0.0005,0.28040386542030005,0.7285226583480835,0.9841480201499531,0.7297328959700095,1.68359323529186,0.19766018330821292,0.7343290448188782,0.4107275903224945
h512_wd0.001_s0,l9,27,0.0005,0.2699485181466393,0.851740300655365,0.9842139175257731,0.7367619493908153,1.8167241302813202,0.2159366234862801,0.7463372349739075,0.4409327805042267
h512_wd0.001_s0,l9,28,0.0005,0.27271131037370017,0.9293097257614136,0.9892806935332707,0.7276241799437676,1.8187636626621622,0.19150301999902397,0.7580543756484985,0.4562399387359619
h512_wd0.001_s0,l9,29,0.0005,0.2833803600591162,0.8421478867530823,0.9904668462980319,0.729381443298969,2.4047725637155484,0.22705863332840687,0.7706665396690369,0.4744381606578827
h512_wd0.001_s0,l9,30,0.0005,0.2991770169009333,0.9383519887924194,0.9911331419868791,0.7345360824742267,2.4390388788489674,0.2565890075134444,0.7833589315414429,0.48843464255332947
h512_wd0.001_s0,l9,31,0.0005,0.28437291020932404,0.8060711622238159,0.9917555060918464,0.7284442361761949,2.171744015780724,0.19722128013861304,0.79587322473526,0.501036524772644
h512_wd0.001_s0,l9,32,0.0005,0.2244973564925401,0.7992562055587769,0.9930222000937207,0.7239925023430178,1.5146348318641016,0.1601361033143003,0.8056880235671997,0.5306999087333679
h512_wd0.001_s0,l9,33,0.0005,0.21511987143236658,0.9033048152923584,0.9908329428303655,0.7310215557638238,1.6210115045803544,0.16595515901805133,0.8149681687355042,0.5656903982162476
h512_wd0.001_s0,l9,34,0.0005,0.21764880483565124,0.9521324634552002,0.9957752460168697,0.7223523898781632,2.3336025425641513,0.17410347483117447,0.8249086141586304,0.5956095457077026
h512_wd0.001_s0,l9,35,0.0005,0.2189333610560583,0.988577663898468,0.9964415417057169,0.7179006560449861,2.1559258371203462,0.17516202301687994,0.8343190550804138,0.6162541508674622
h512_wd0.001_s0,l9,36,0.0005,0.29311562102773914,0.8213794827461243,0.9950943064667291,0.7241096532333645,3.1293843941542083,0.2568455852175098,0.8464834690093994,0.6169722080230713
h512_wd0.001_s0,l9,37,0.0005,0.22700323812339618,0.8261520862579346,0.9967051312089972,0.7214151827553891,2.0518012350096337,0.2015643454733764,0.857966959476471,0.63206946849823
h512_wd0.001_s0,l9,38,0.0005,0.22024782196335171,0.9314936995506287,0.9940106607310215,0.7218837863167761,2.3320670122679856,0.19797934700296083,0.8678759336471558,0.6669745445251465
h512_wd0.001_s0,l9,39,0.0005,0.29527438496765884,0.8173213601112366,0.9967637066541706,0.7115745079662605,3.1789420525965757,0.2513469448189066,0.8801077008247375,0.663024365901947
h512_wd0.001_s0,l9,40,0.0005,0.1958529145821281,0.9500438570976257,0.9961852741330834,0.717432052483599,1.9965624623389382,0.16984534150073025,0.8886950016021729,0.6864830255508423
h512_wd0.001_s0,l9,41,0.0005,0.16628238850313684,0.8997983932495117,0.9977814550140581,0.7121602624179942,1.8060680468967467,0.1538867659493009,0.8958389163017273,0.7194364070892334
h512_wd0.001_s0,l9,42,0.0005,0.1438431315447973,1.0100008249282837,0.9984038191190253,0.7157919400187441,1.4338397157554212,0.1271667819297232,0.901705265045166,0.7632374167442322
h512_wd0.001_s0,l9,43,0.0005,0.14047567740730618,1.0806993246078491,0.9993849578256795,0.7019681349578256,1.6144895811344482,0.11310702996774133,0.9082701802253723,0.8014619946479797
h512_wd0.001_s0,l10,1,0.0005,0.7159941792488098,0.6842384934425354,0.7009598058323834,0.6501638576779026,0.8723393934191009,0.2440626089191902,0.24624155461788177,0.03561309725046158
h512_wd0.001_s0,l10,2,0.0005,0.689670337283093,0.6935714483261108,0.7356819769793698,0.6652621722846441,0.9554712955564554,0.24989799354647524,0.28145819902420044,0.03946424275636673
h512_wd0.001_s0,l10,3,0.0005,0.6685561537742615,0.6852831840515137,0.7249365645570551,0.5944522471910113,0.6552729475522101,0.17719475780370222,0.297929972410202,0.04194776341319084
h512_wd0.001_s0,l10,4,0.0005,0.6455939489862194,0.6607630848884583,0.7668591181554077,0.6385767790262172,0.7954355762275399,0.21326421547436789,0.3172858655452728,0.03268346190452576
h512_wd0.001_s0,l10,5,0.0005,0.6191823378853176,0.6497921347618103,0.7906887802007869,0.6623361423220974,0.8052300296831452,0.199107941715303,0.3397063612937927,0.03459979593753815
h512_wd0.001_s0,l10,6,0.0005,0.6227584118428438,0.6424750089645386,0.816791085941235,0.6925327715355806,1.4581847295250443,0.35477690730978856,0.361480712890625,0.04120407998561859
h512_wd0.001_s0,l10,7,0.0005,0.5922491692978403,0.6317957043647766,0.8287132717978892,0.6911282771535581,1.2115221589906249,0.30592652660573155,0.3812309205532074,0.050217218697071075
h512_wd0.001_s0,l10,8,0.0005,0.5968789419402247,0.6218989491462708,0.8490052587062846,0.7064606741573034,1.4643152699524837,0.33881013144197303,0.3999561071395874,0.06283852458000183
h512_wd0.001_s0,l10,9,0.0005,0.5638389367124309,0.6478093862533569,0.8420990696135034,0.6904260299625469,1.1885988904517284,0.29043686539031527,0.41702160239219666,0.07816433161497116
h512_wd0.001_s0,l10,10,0.0005,0.5394707386908324,0.6152402758598328,0.8682896333615269,0.7308052434456929,1.1248006558433439,0.23364775302151414,0.43141990900039673,0.09384670853614807
h512_wd0.001_s0,l10,11,0.0005,0.542838568272798,0.6108841300010681,0.884529106755415,0.7268258426966292,1.2769324840722656,0.28597906520290695,0.4465658962726593,0.11496001482009888
h512_wd0.001_s0,l10,12,0.0005,0.5090691460215527,0.6094299554824829,0.8901996837421394,0.7330290262172284,1.2242472113510114,0.2782191416112883,0.4618983566761017,0.13792523741722107
h512_wd0.001_s0,l10,13,0.0005,0.47035126712011255,0.6451545357704163,0.8926856176221822,0.7203885767790263,1.0926167812917549,0.23297838298881957,0.47579318284988403,0.1834365576505661
h512_wd0.001_s0,l10,14,0.0005,0.48001305823740753,0.8098413348197937,0.8980399367484279,0.7386470037453183,1.534660776922566,0.2799230541153752,0.48997873067855835,0.20928627252578735
h512_wd0.001_s0,l10,15,0.0005,0.4996106300664985,0.61867356300354,0.9138381201044387,0.7322097378277154,1.6347909903748183,0.31122937847709936,0.5042747855186462,0.20546367764472961
h512_wd0.001_s0,l10,16,0.0005,0.44370461028555164,0.6516270041465759,0.9184937300040452,0.7419241573033708,1.3636789330132197,0.22438470422087067,0.5171931385993958,0.2382403463125229
h512_wd0.001_s0,l10,17,0.0005,0.47591408439304517,0.6338122487068176,0.9271503695804068,0.7372425093632957,1.8085768690614297,0.2867903475713205,0.5294291973114014,0.24253420531749725
h512_wd0.001_s0,l10,18,0.0005,0.41824660353038623,0.6146295070648193,0.9388151362482992,0.7439138576779025,1.2476151811678613,0.20434223342248678,0.5402261018753052,0.27390649914741516
h512_wd0.001_s0,l10,19,0.0005,0.4087293459021527,0.6447619199752808,0.9406979737432427,0.7467228464419476,1.6581221639062365,0.2341471500308989,0.5517125725746155,0.3185413181781769
h512_wd0.001_s0,l10,20,0.0005,0.40811077796894574,0.7235907316207886,0.9418085536719009,0.7433286516853932,1.669948418834854,0.23147440872766561,0.5630564093589783,0.33765432238578796
h512_wd0.001_s0,l10,21,0.0005,0.3783135154972906,0.6494730114936829,0.9535100945096164,0.7430945692883896,1.385306610591336,0.19924106663059107,0.5730210542678833,0.35903188586235046
h512_wd0.001_s0,l10,22,0.0005,0.34865965661795245,0.6737071871757507,0.9594895745228551,0.7419241573033708,1.4096007133510398,0.2097513661150028,0.5823072195053101,0.4041428565979004
h512_wd0.001_s0,l10,23,0.0005,0.3669136011082193,0.6418073177337646,0.9643290552715773,0.7440308988764045,1.6464650646318233,0.18316603459322006,0.5917003154754639,0.4372568726539612
h512_wd0.001_s0,l10,24,0.0005,0.33883349208728125,0.7223172783851624,0.9672856985253558,0.7455524344569289,1.8442957057399756,0.19164944163106484,0.6013777852058411,0.4778989255428314
h512_wd0.001_s0,l10,25,0.0005,0.33170030687166296,0.7787256240844727,0.971536792556908,0.7370084269662922,1.929481536430221,0.18466719831301678,0.6105766296386719,0.5079393982887268
h512_wd0.001_s0,l10,26,0.0005,0.3319722180781157,0.7470486164093018,0.9743978229691465,0.7411048689138577,2.0115718263070366,0.1771149649000902,0.6194004416465759,0.528303325176239
h512_wd0.001_s0,l10,27,0.0005,0.3282122897065204,0.7815811038017273,0.9684771816276248,0.7437968164794008,2.1924243839813506,0.20894603932450836,0.6288326978683472,0.5573517084121704
h512_wd0.001_s0,l10,28,0.0005,0.3414799830187922,0.693453311920166,0.9766336924943919,0.7441479400749064,2.2974563669356733,0.21920681421028268,0.6387261748313904,0.5568336248397827
h512_wd0.001_s0,l10,29,0.0005,0.3164331414129423,0.6933396458625793,0.9802375611370574,0.7359550561797753,2.1976824429242674,0.18311768345575566,0.647683322429657,0.589201033115387
h512_wd0.001_s0,l10,30,0.0005,0.32132335979005566,0.7549707889556885,0.9746331776560144,0.743562734082397,2.3482172075398955,0.20035665842198663,0.6559340953826904,0.6137576103210449
h512_wd0.001_s0,l10,31,0.0005,0.30683106313581054,0.7671782374382019,0.9840473651307322,0.728932584269663,2.450729502622839,0.1964818164966395,0.6651791334152222,0.6369879841804504
h512_wd0.001_s0,l10,32,0.0005,0.28533021069091297,0.8653234243392944,0.9709778251755965,0.730805243445693,1.9788643848016731,0.15436929036911906,0.6741288304328918,0.6707504987716675
h512_wd0.001_s0,l10,33,0.0005,0.29637259050555853,0.7633478045463562,0.9844739455006803,0.7388810861423222,2.041181792833715,0.155455843846758,0.6813357472419739,0.6938298940658569
h512_wd0.001_s0,l10,34,0.0005,0.2876094774059627,0.7949214577674866,0.985106461221638,0.7386470037453186,2.0971730688833556,0.17191759219090938,0.687725305557251,0.7209432125091553
h512_wd0.001_s0,l10,35,0.0005,0.2275497440410697,0.8934053778648376,0.9885485235170817,0.7315074906367042,1.7704731161911063,0.13854482961209758,0.6936783194541931,0.7585130333900452
h512_wd0.001_s0,l10,36,0.0005,0.2499809602032537,0.7683595418930054,0.9873423307468834,0.7386470037453184,2.0390874896641167,0.12901444323747324,0.6995406150817871,0.7887123823165894
h512_wd0.001_s0,l10,37,0.0005,0.2326239930546802,0.9360125660896301,0.9876659434413269,0.736189138576779,2.0216426901462894,0.1471490274289258,0.7062162160873413,0.8255047798156738
h512_wd0.001_s0,l10,38,0.0005,0.2392275527767513,0.8056047558784485,0.9902033611591219,0.7346676029962547,2.1577018471515417,0.12730332042871298,0.7118731737136841,0.8430294394493103
h512_wd0.001_s0,l10,39,0.0005,0.21873084909242133,0.9431599974632263,0.992483359688155,0.7265917602996256,2.0036520509490052,0.1379492342444301,0.7184343338012695,0.871529757976532
h512_wd0.001_s0,l11,1,0.0005,0.6791845207864587,0.669435441493988,0.7422849319577757,0.6612787356321839,1.3707104341058476,0.30158125044094836,0.25123274326324463,0.024100488051772118
h512_wd0.001_s0,l11,2,0.0005,0.6473892466588453,0.6634033918380737,0.7609956084897544,0.6636733716475096,1.796751518186136,0.42793303915989966,0.3022553026676178,0.027334686368703842
h512_wd0.001_s0,l11,3,0.0005,0.6280147406187925,0.6381288170814514,0.8116513425153553,0.6980363984674329,1.9898678637900602,0.4423279577633817,0.33246517181396484,0.031692780554294586
h512_wd0.001_s0,l11,4,0.0005,0.5875054137273268,0.6639158725738525,0.8181076855169938,0.6982758620689655,1.7037345297970141,0.4036760195547609,0.3611151874065399,0.03519207984209061
h512_wd0.001_s0,l11,5,0.0005,0.5898916098204526,0.6095863580703735,0.8505390260872168,0.7255747126436782,2.1650468843676993,0.5026941794398868,0.3938033878803253,0.041105981916189194
h512_wd0.001_s0,l11,6,0.0005,0.5619755522771315,0.7779971361160278,0.8294642656751479,0.6969588122605364,1.9857024649495072,0.4507958964533582,0.4207491874694824,0.043328966945409775
h512_wd0.001_s0,l11,7,0.0005,0.5684017119082537,0.5978652238845825,0.8741274959414067,0.7345545977011494,2.0345138956879207,0.5038251341535888,0.4438256621360779,0.047705937176942825
h512_wd0.001_s0,l11,8,0.0005,0.6127870286052878,0.7574254274368286,0.8615963551213089,0.7268917624521073,2.6033069879739448,0.6713019432759865,0.4681504964828491,0.05254824459552765
h512_wd0.001_s0,l11,9,0.0005,0.543687564405528,0.6003891825675964,0.8778232473235728,0.738625478927203,1.642948290045414,0.4043677403490037,0.48907390236854553,0.059695854783058167
h512_wd0.001_s0,l11,10,0.0005,0.5323267470706593,0.5959757566452026,0.8876536467490106,0.747485632183908,1.6079748878589506,0.41589104405590843,0.5089794397354126,0.058038752526044846
h512_wd0.001_s0,l11,11,0.0005,0.484133931723508,0.5928254723548889,0.8988157136765245,0.7468869731800766,1.124946775038215,0.2989190043764227,0.526396632194519,0.056817859411239624
h512_wd0.001_s0,l11,12,0.0005,0.4805465611544522,0.6359296441078186,0.9051748000628427,0.7504789272030651,1.706179427036225,0.38840868639908577,0.5457766652107239,0.0616033673286438
h512_wd0.001_s0,l11,13,0.0005,0.4466280165043744,0.5863261222839355,0.9176460906581281,0.7581417624521072,1.4259903839845511,0.3365780746307428,0.563386082649231,0.07270460575819016
h512_wd0.001_s0,l11,14,0.0005,0.42026929692788556,0.6196417212486267,0.9266759933266999,0.7583812260536399,1.4612045623525214,0.30748652912472124,0.5803081393241882,0.09198099374771118
h512_wd0.001_s0,l11,15,0.0005,0.47611128335649316,0.5969380140304565,0.9390500273066651,0.7622126436781609,2.179042154572029,0.403961694127112,0.596991240978241,0.0968613550066948
h512_wd0.001_s0,l11,16,0.0005,0.4220212399959564,0.6071344017982483,0.9408904217196467,0.7674808429118775,1.6558685525125711,0.3402490469146687,0.6165562272071838,0.11385694891214371
h512_wd0.001_s0,l11,17,0.0005,0.47455074164000427,0.5829806923866272,0.9419976508786763,0.7641283524904214,2.320625587795171,0.44322983955873396,0.6350005269050598,0.11256194114685059
h512_wd0.001_s0,l11,18,0.0005,0.4013929624449123,0.6088077425956726,0.948229555537268,0.7679597701149425,1.4025628718805487,0.3149844422490537,0.6522443890571594,0.12503719329833984
h512_wd0.001_s0,l11,19,0.0005,0.37773344394835556,0.6548774838447571,0.9498155864947967,0.7702346743295019,1.522916223720528,0.2962631151093279,0.6675048470497131,0.1459541618824005
h512_wd0.001_s0,l11,20,0.0005,0.36453751813281665,0.6195628643035889,0.9559053468694593,0.7662835249042146,1.5524268764842242,0.25637612298706836,0.6822572946548462,0.16497738659381866
h512_wd0.001_s0,l11,21,0.0005,0.3680063452232968,0.6112922430038452,0.9600424936596168,0.7679597701149425,2.054084939458006,0.30936605858715827,0.6976765990257263,0.18500788509845734
h512_wd0.001_s0,l11,22,0.0005,0.47930361195044086,0.6564264893531799,0.9631771491841665,0.7617337164750957,3.024690851621284,0.489965170363585,0.7161394953727722,0.1723179817199707
h512_wd0.001_s0,l11,23,0.0005,0.3590955422683196,0.5939704775810242,0.9641646778935712,0.7734674329501917,1.6264787286343811,0.3177218051883561,0.7329035401344299,0.1669924408197403
h512_wd0.001_s0,l11,24,0.0005,0.39478357949040155,0.7780325412750244,0.9678005790509252,0.771551724137931,2.289718977137661,0.38829972447135314,0.7475190758705139,0.17998754978179932
h512_wd0.001_s0,l11,25,0.0005,0.37023384191773157,0.6207014918327332,0.9672544457495118,0.7702346743295019,1.6978545787604156,0.3078636344917406,0.763521671295166,0.1817457526922226
h512_wd0.001_s0,l11,26,0.0005,0.3138469565998424,0.6703959703445435,0.9718853568943718,0.7714319923371648,1.4753353989066889,0.2569934234087793,0.7760428786277771,0.21333712339401245
h512_wd0.001_s0,l11,27,0.0005,0.32253736325285653,0.6183717250823975,0.9749152745255,0.7674808429118775,1.7917652991981996,0.3072097963310868,0.7885796427726746,0.2313379943370819
h512_wd0.001_s0,l11,28,0.0005,0.38961531492796814,0.6243306398391724,0.9793741162740243,0.7629310344827587,2.4862227228221987,0.3671926129922783,0.8018963932991028,0.2288609892129898
h512_wd0.001_s0,l11,29,0.0005,0.2894896411082961,0.6432673931121826,0.9783117747836041,0.7642480842911877,1.5326420852141767,0.251624023961777,0.8146616816520691,0.23747844994068146
h512_wd0.001_s0,l11,30,0.0005,0.2888694493608041,0.7172275185585022,0.9825536594671833,0.7666427203065134,1.7965563746620312,0.2594223034817595,0.8261907696723938,0.26105713844299316
h512_wd0.001_s0,l11,31,0.0005,0.31916922330856323,0.6792656779289246,0.9860100099500999,0.763888888888889,2.414229204070089,0.33722979488971644,0.8381993174552917,0.27568474411964417
h512_wd0.001_s0,l11,32,0.0005,0.30893834273923526,0.693869411945343,0.9830474238218857,0.7632902298850575,1.9890914949225105,0.2931340593094298,0.8518076539039612,0.2779087424278259
h512_wd0.001_s0,l11,33,0.0005,0.33271789889444003,0.7236323356628418,0.9831671242715105,0.7611350574712643,2.5110572728964553,0.32386780657921027,0.8637170195579529,0.28481388092041016
h512_wd0.001_s0,l11,34,0.0005,0.352735237641768,0.6727448105812073,0.988987558634517,0.7611350574712644,2.544747092235952,0.34322874706276585,0.8767211437225342,0.2806722819805145
h512_wd0.001_s0,l11,35,0.0005,0.27941095625812357,0.6594530344009399,0.9864888117485991,0.768079501915709,1.7048662218067383,0.24596150676918152,0.8888916373252869,0.2875598967075348
h512_wd0.001_s0,l11,36,0.0005,0.23405216363343326,0.8157263398170471,0.9875960409076286,0.7649664750957854,1.4678144708904506,0.21524579825109338,0.8981003165245056,0.31605228781700134
h512_wd0.001_s0,l11,37,0.0005,0.22846736217086966,0.7013602256774902,0.9916733374729738,0.7649664750957855,1.619007149734645,0.20410675330680794,0.908312976360321,0.34361177682876587
h512_wd0.001_s0,l11,38,0.0005,0.26517063785683026,0.8831164240837097,0.9888828207410955,0.7643678160919541,2.2774916888450774,0.2472370500751227,0.9182060956954956,0.3601365387439728
h512_wd0.001_s0,l11,39,0.0005,0.24676278402859514,0.7656376957893372,0.9912992735678963,0.7659243295019158,2.0351614350628,0.21950987861761587,0.9295716285705566,0.3733278512954712
h512_wd0.001_s0,l11,40,0.0005,0.2064055319536816,0.7510614991188049,0.9934164752706353,0.7662835249042145,1.7418240468638984,0.17913042196422183,0.9386541843414307,0.39699786901474
h512_wd0.001_s0,l11,41,0.0005,0.17006104947491127,0.7691238522529602,0.9946808112697973,0.7629310344827587,1.2596095763033885,0.16180564882605367,0.9471845626831055,0.42515096068382263
h512_wd0.001_s0,l11,42,0.0005,0.1660772335122932,0.8058289289474487,0.9950922815653827,0.7601772030651341,1.4149181083330378,0.1632932710464939,0.9550735354423523,0.45877525210380554
h512_wd0.001_s0,l11,43,0.0005,0.2537500560283661,0.7743542790412903,0.996536168238982,0.758022030651341,2.5310002091956108,0.26883752818046625,0.9671131372451782,0.46276000142097473
h512_wd0.001_s0,l12,1,0.0005,0.7320393296805295,0.6843205094337463,0.7356741999089944,0.6538415003024802,0.9418501104577461,0.282272482035111,0.2436821609735489,0.0315094068646431
h512_wd0.001_s0,l12,2,0.0005,0.6821354112841866,0.6763253211975098,0.7431518276960413,0.6407743496672715,0.8280424151001036,0.25081591657232205,0.2791002094745636,0.03541001304984093
h512_wd0.001_s0,l12,3,0.0005,0.6636817346919667,0.667195737361908,0.7592294858182921,0.6525105868118573,0.8200106497571781,0.23958950524169723,0.2969742715358734,0.03410474956035614
h512_wd0.001_s0,l12,4,0.0005,0.6429651054469022,0.6625931262969971,0.7774609434248444,0.6601330913490623,0.9715678420449386,0.25975182038222877,0.31560757756233215,0.03502471372485161
h512_wd0.001_s0,l12,5,0.0005,0.6273530423641205,0.6500142216682434,0.7807826482633095,0.6607380520266183,1.1886102198359234,0.2883227993820286,0.33315035700798035,0.038858622312545776
h512_wd0.001_s0,l12,6,0.0005,0.6255633505907926,0.6396147608757019,0.8028970119824058,0.6774349667271627,1.2999243571822825,0.31992862697340096,0.3506225645542145,0.04204609990119934
h512_wd0.001_s0,l12,7,0.0005,0.5998403890566393,0.6380732655525208,0.8124526012437434,0.678886872353297,0.8458698533214787,0.2101806915093861,0.3665810823440552,0.05029762536287308
h512_wd0.001_s0,l12,8,0.0005,0.5718706155365164,0.6200207471847534,0.8371151220991961,0.7012704174228676,0.862407834600626,0.2177908625273859,0.38152939081192017,0.0682903528213501
h512_wd0.001_s0,l12,9,0.0005,0.5635443356904116,0.6589858531951904,0.8382981950553617,0.6886872353297036,1.144779686497887,0.24862959749392302,0.39694562554359436,0.0950980857014656
h512_wd0.001_s0,l12,10,0.0005,0.5341160798614676,0.6279558539390564,0.860192628545427,0.7075620084694495,1.1994043475502194,0.25008194118874105,0.4130081534385681,0.11705390363931656
h512_wd0.001_s0,l12,11,0.0005,0.5680557584220712,0.6521653532981873,0.868307295616563,0.7047791893526921,1.5013106584886535,0.31417560620615653,0.42742934823036194,0.12517639994621277
h512_wd0.001_s0,l12,12,0.0005,0.5189884481104937,0.6035062670707703,0.8832777187926589,0.7274047186932849,0.9769562172813362,0.20458083441738859,0.441521018743515,0.14667068421840668
h512_wd0.001_s0,l12,13,0.0005,0.4930579255927693,0.6044943928718567,0.8947747611102684,0.7263157894736841,1.0887930775791308,0.20967354049768294,0.4541966915130615,0.18364301323890686
h512_wd0.001_s0,l12,14,0.0005,0.4996145015413111,0.651032567024231,0.8946989231002579,0.7114337568058076,1.268713259799722,0.22496841296965878,0.46747300028800964,0.21040134131908417
h512_wd0.001_s0,l12,15,0.0005,0.4680308604782278,0.6114649176597595,0.9061959654178675,0.7242589231699939,1.2050475144841724,0.2155849651182442,0.48137134313583374,0.24306100606918335
h512_wd0.001_s0,l12,16,0.0005,0.44650228727947583,0.6188685894012451,0.9148263309570756,0.7278886872353297,1.49594335117537,0.22922049618569182,0.49343690276145935,0.279656320810318
h512_wd0.001_s0,l12,17,0.0005,0.4291267706589265,0.6275573372840881,0.9181025329895345,0.7266787658802177,1.2861290750424903,0.19737759642138206,0.5045189261436462,0.3140503466129303
h512_wd0.001_s0,l12,18,0.0005,0.4727348482066935,0.6123382449150085,0.9377521613832853,0.7384150030248033,1.905480747879852,0.297358861725541,0.51540607213974,0.3308606445789337
h512_wd0.001_s0,l12,19,0.0005,0.4171666299754923,0.6251957416534424,0.932807523130593,0.7344222625529341,1.0954803958419903,0.19032811790892523,0.5273950695991516,0.3577800393104553
h512_wd0.001_s0,l12,20,0.0005,0.3913964182138443,0.6724598407745361,0.9332701349916578,0.7397459165154264,1.4289025392799983,0.17751216779169365,0.5373321175575256,0.3994378447532654
h512_wd0.001_s0,l12,21,0.0005,0.39232935959642584,0.6672362089157104,0.9451994539663279,0.7367211131276468,1.6818624952619279,0.21104160785537002,0.547784686088562,0.4204736053943634
h512_wd0.001_s0,l12,22,0.0005,0.3647403500296853,0.6821265816688538,0.9468830577885636,0.7373260738052027,1.3754040066295057,0.17079500889796928,0.556745707988739,0.4522756040096283
h512_wd0.001_s0,l12,23,0.0005,0.4643998430533843,0.6906029582023621,0.9451160321553161,0.7398669086509376,2.4373464448556152,0.2928619375219945,0.5672160983085632,0.446889191865921
h512_wd0.001_s0,l12,24,0.0005,0.4295136752453717,0.653437077999115,0.9543227665706052,0.7384150030248033,1.8772998642843646,0.22912158724399703,0.5784419775009155,0.4500448703765869
h512_wd0.001_s0,l12,25,0.0005,0.36670487306334754,0.6747414469718933,0.9546716214166541,0.730550514216576,1.579220332097833,0.19688335789053085,0.5873739123344421,0.4918357729911804
h512_wd0.001_s0,l12,26,0.0005,0.37278035350821237,0.6689822673797607,0.9575382981950553,0.7332123411978222,1.8069602907599558,0.18642864491764238,0.5950437784194946,0.5215339660644531
h512_wd0.001_s0,l12,27,0.0005,0.3474333760413257,0.661220908164978,0.9646443197330503,0.7370840895341803,1.4887529965881325,0.16536955476757,0.6025510430335999,0.5549646615982056
h512_wd0.001_s0,l12,28,0.0005,0.3030735430392352,0.7419434189796448,0.9622175034127104,0.7372050816696915,1.5344525221305128,0.1536041447305931,0.6091377139091492,0.5958230495452881
h512_wd0.001_s0,l12,29,0.0005,0.30905908210711047,0.7037329077720642,0.9772106779918095,0.741318814277072,1.9523948300616554,0.15990173465013655,0.6163725256919861,0.6269623041152954
h512_wd0.001_s0,l12,30,0.0005,0.3215287307446653,0.7341709136962891,0.9710829667829517,0.7346642468239564,1.948052103830748,0.15452243657990736,0.6234986782073975,0.654190182685852
h512_wd0.001_s0,l12,31,0.0005,0.30876284499060025,0.6735715866088867,0.9797740027301685,0.7372050816696915,1.8934874378225275,0.1561207162716281,0.630730152130127,0.6868744492530823
h512_wd0.001_s0,l12,32,0.0005,0.29888988083059137,0.6967728734016418,0.9818064613984528,0.7393829401088929,1.944219821146058,0.1547762143170125,0.6378000974655151,0.7270992398262024
h512_wd0.001_s0,l12,33,0.0005,0.30633707818659867,0.6825270056724548,0.981935386015471,0.7443436176648518,2.1418410134229444,0.15665842781484984,0.6445792317390442,0.7538663744926453
h512_wd0.001_s0,l12,34,0.0005,0.2681226970797235,0.7115699052810669,0.9847034733808585,0.7461584996975197,1.714357163725641,0.15975447314565674,0.6510238647460938,0.79095059633255
h512_wd0.001_s0,l12,35,0.0005,0.2775421603159471,0.8434190154075623,0.9900045502806006,0.7410768300060496,2.4659170226844696,0.158593039423797,0.6577329635620117,0.8227524757385254
h512_wd0.001_s0,l12,36,0.0005,0.30047412690791214,0.7500460147857666,0.9827316851205825,0.7415607985480944,2.3302471126487316,0.15297857982544646,0.6644131541252136,0.8365287184715271
h512_wd0.001_s0,l12,37,0.0005,0.28606263209473004,0.7449387907981873,0.9933793417260731,0.7410768300060495,2.2332609345957666,0.15707439663927517,0.6705558896064758,0.8470560312271118
h512_wd0.001_s0,l12,38,0.0005,0.21816784685308283,0.9383202195167542,0.9863719096010921,0.742649727767695,1.7773066029458404,0.12099629802911217,0.6762827634811401,0.8854929208755493
h512_wd0.001_s0,l12,39,0.0005,0.26067412678490987,0.7903060913085938,0.9896632792355529,0.738173018753781,2.4987614914882346,0.1605314900728677,0.6823272705078125,0.9106011986732483
h512_wd0.001_s0,l12,40,0.0005,0.26134003631093283,0.753888726234436,0.9902548157136357,0.7505142165759225,2.6818864682262475,0.17152860463413624,0.6880536079406738,0.9330790638923645
h512_wd0.001_s0,l12,41,0.0005,0.24851585789160294,0.7531189918518066,0.9914758076748067,0.755232909860859,2.3797143719344334,0.15189465613763295,0.6941449642181396,0.9439887404441833
h512_wd0.001_s0,l12,42,0.0005,0.20686745948412202,0.8186470866203308,0.9958895798574245,0.7489413188142771,1.7936005182290835,0.11525524585232438,0.6990458369255066,0.9752751588821411
h512_wd0.001_s0,l12,43,0.0005,0.23567028546875174,0.8439071774482727,0.9935537691490975,0.7486993345432548,2.701946984573445,0.14123234833414186,0.7036633491516113,1.0029045343399048
h512_wd0.001_s0,l12,44,0.0005,0.2891515486619689,0.883318305015564,0.9955255574093737,0.7529340592861464,3.0443335093086987,0.16710124756414635,0.7097124457359314,1.0014630556106567
h512_wd0.001_s0,l12,45,0.0005,0.23249641873619772,0.787878155708313,0.9941301380251782,0.7503932244404113,2.3418387292515392,0.1261947271961491,0.7149267792701721,1.0165297985076904
h512_wd0.001_s0,l12,46,0.0005,0.18522317097945648,0.798741340637207,0.9951387835583194,0.7560798548094374,1.7051442359903297,0.10543460849259333,0.7193305492401123,1.0557739734649658
h512_wd0.001_s0,l12,47,0.0005,0.1831450607966293,0.763513445854187,0.9974670104656453,0.75837870538415,1.7487470723098133,0.10725498974460103,0.7235134840011597,1.0952035188674927
h512_wd0.001_s0,l12,48,0.0005,0.17319895631887697,0.8054473996162415,0.9973987562566358,0.7522081064730792,2.0991563013732972,0.10520091689008032,0.7278652787208557,1.1315433979034424
h512_wd0.001_s0,l12,49,0.0005,0.157100802118128,0.8959424495697021,0.9986728348248142,0.7434966727162734,1.9265457152120284,0.0923248571380812,0.732088565826416,1.1683766841888428
h512_wd0.001_s0,l12,50,0.0005,0.1601181673732671,1.0374544858932495,0.9977172758986803,0.7479733817301876,2.4458094038471314,0.10979824368326133,0.7359012961387634,1.20319664478302
h512_wd0.001_s0,l12,51,0.0005,0.1834896228868853,0.9454578757286072,0.9959199150614287,0.7300665456745312,2.9020504894571957,0.1212302856040851,0.7406690120697021,1.219739317893982
h512_wd0.001_s0,l12,52,0.0005,0.16834686222401532,0.8284883499145508,0.99778553010769,0.7519661222020568,2.1735698369368137,0.10076403246923071,0.7454639673233032,1.239545464515686
h512_wd0.001_s0,l12,53,0.0005,0.1727134422822432,0.8034266233444214,0.996920976793569,0.7607985480943739,2.2560158856540253,0.09780462607466953,0.7501230835914612,1.2729023694992065
h512_wd0.001_s0,l12,54,0.0005,0.14434888247739186,0.888689398765564,0.999271955103898,0.7501512401693889,1.7754676925743953,0.0859729218708506,0.754535973072052,1.3117972612380981
h512_wd0.001_s0,l12,55,0.0005,0.11722004447471011,1.0010993480682373,0.9994918853329289,0.7341802782819117,1.6708155685207573,0.08567738169495598,0.7585404515266418,1.3547576665878296
h512_wd0.001_s0,l12,56,0.0005,0.13644555532796818,0.958437979221344,0.9992795389048992,0.7459165154264973,2.2392337963546534,0.0831528273857882,0.7629022002220154,1.387500524520874
h512_wd0.001_s0,l12,57,0.0005,0.2243010587990284,0.9282867312431335,0.9973760048536326,0.7462794918330309,3.98378727139651,0.15483746257607175,0.7679318189620972,1.390401005744934
h512_wd0.001_s0,l12,58,0.0005,0.22964805500073868,0.8514367341995239,0.9967920521765509,0.7323653962492437,3.2847510042537778,0.12992140626526705,0.7745669484138489,1.3810874223709106
h512_wd0.001_s0,l12,59,0.0005,0.16573463718999515,0.8463926911354065,0.9982708933717579,0.7562008469449486,2.1299618206398874,0.0985313511695496,0.778927206993103,1.4115240573883057
h512_wd0.001_s0,l12,60,0.0005,0.13645168326117776,0.8725035786628723,0.9991657818898831,0.7470054446460982,1.7392944857209451,0.08146688790729545,0.7825257182121277,1.457418441772461
h512_wd0.001_s0,l12,61,0.0005,0.13888877697966315,0.8886734843254089,0.9994312149249204,0.7485783424077435,2.1373038462310094,0.08184326382605843,0.7857816815376282,1.4972381591796875
h512_wd0.001_s0,l12,62,0.0005,0.13137392259456895,0.9342324137687683,0.9992264522978916,0.7480943738656988,1.8722300471657873,0.07653630870325227,0.789025604724884,1.534019112586975
h512_wd0.001_s0,l12,63,0.0005,0.19154631566594948,0.9806225299835205,0.999757318367966,0.7416817906836055,3.4552242157900896,0.12466504166233894,0.7931931018829346,1.5486167669296265
h512_wd0.001_s0,l12,64,0.0005,0.16373011029579423,0.9693154692649841,0.9992112846958896,0.7438596491228069,2.7577433919400596,0.09561694956591939,0.7975664734840393,1.5530720949172974
h512_wd0.001_s0,l12,65,0.0005,0.14112920195541598,1.0118874311447144,0.9996511451539513,0.7497882637628555,2.2248744919127152,0.084959292302998,0.8014588356018066,1.5800279378890991
h512_wd0.001_s0,l12,66,0.0005,0.13274807990951973,0.9870830774307251,0.9990975276808737,0.7479733817301875,2.1926235313039144,0.0886743483040538,0.8047002553939819,1.611012578010559
h512_wd0.001_s0,l12,67,0.0005,0.11245051381940191,0.9976311326026917,0.9998255725769756,0.7557168784029038,1.8961258126540648,0.06560680428751092,0.8080816864967346,1.6432586908340454
h512_wd0.001_s0,l12,68,0.0005,0.11171403865922581,1.0339444875717163,0.999635977551949,0.7519661222020567,1.7651854387346142,0.06714613577552157,0.8109988570213318,1.6782402992248535
h512_wd0.001_s0,l12,69,0.0005,0.17077377607876604,1.072385311126709,0.9986197482178067,0.7461584996975197,3.0858369985516845,0.08861041280595504,0.8147281408309937,1.7002222537994385
h512_wd0.001_s0,l12,70,0.0005,0.11551305787129836,1.1510868072509766,0.9993250417109055,0.7403508771929824,2.2330097800590356,0.07542049362130569,0.8187897205352783,1.7165186405181885
h512_wd0.001_s0,l12,71,0.0005,0.10156797194345431,1.0601526498794556,0.9997952373729713,0.7581367211131277,2.3391348899610116,0.06677170102369653,0.8218144178390503,1.7392175197601318
h512_wd0.001_s0,l12,72,0.0005,0.12576019594615157,1.067683458328247,0.999635977551949,0.7454325468844525,2.558153891576908,0.07277132417452098,0.8251513242721558,1.762776494026184
h512_wd0.001_s0,l12,73,0.0005,0.20437865534966643,0.9145742654800415,0.9983163961777644,0.7484573502722323,4.12949608423725,0.1273034278201182,0.8303048610687256,1.766000747680664
h512_wd0.001_s0,l13,1,0.0005,0.7105888047001578,0.6768257021903992,0.736272136577908,0.6356382978723403,1.1794345208967802,0.30018646542072397,0.23215459287166595,0.03402172774076462
h512_wd0.001_s0,l13,2,0.0005,0.6570921675725416,0.6870687007904053,0.7463052618167919,0.6376646403242148,1.1947306727170657,0.2975953317674487,0.2750127613544464,0.03606971353292465
h512_wd0.001_s0,l13,3,0.0005,0.6828027069568634,0.7202701568603516,0.7080280927506688,0.6317122593718338,1.8420289930137488,0.47919372775796565,0.300336092710495,0.0561458095908165
h512_wd0.001_s0,l13,4,0.0005,0.6560224565592679,0.6605509519577026,0.7690947891451141,0.653242147922999,1.150490794615225,0.28539418923216553,0.3185364007949829,0.06978370249271393
h512_wd0.001_s0,l13,5,0.0005,0.6201265264641155,0.7546242475509644,0.7549289718435469,0.6356382978723404,0.835980090762241,0.21016465745300172,0.3381132483482361,0.059565845876932144
h512_wd0.001_s0,l13,6,0.0005,0.6414304131811316,0.6383717060089111,0.7897025098738693,0.6795845997973657,1.1079121508685004,0.2973992927952859,0.3541029095649719,0.06343952566385269
h512_wd0.001_s0,l13,7,0.0005,0.5867230079390786,0.634010910987854,0.8009220919862403,0.6862968591691996,0.9377573014221151,0.2528987658046058,0.3738192319869995,0.0512063167989254
h512_wd0.001_s0,l13,8,0.0005,0.5951293896545063,0.6213873624801636,0.8246114154669385,0.7009878419452887,1.5960111069521041,0.37414693135965377,0.39731794595718384,0.048065733164548874
h512_wd0.001_s0,l13,9,0.0005,0.6039210002530705,0.7533946633338928,0.8224853484520321,0.6860435663627154,1.693082005485509,0.4076636141532875,0.41738876700401306,0.0536939799785614
h512_wd0.001_s0,l13,10,0.0005,0.5624086274342104,0.6239319443702698,0.8501719964326666,0.7137791286727457,1.0592961421485054,0.2607385769148733,0.4353104531764984,0.0533951036632061
h512_wd0.001_s0,l13,11,0.0005,0.530897319316864,0.6232708692550659,0.8655242706077206,0.7222644376899695,1.0511330120672369,0.26839024965031616,0.4547435939311981,0.04877221956849098
h512_wd0.001_s0,l13,12,0.0005,0.5136689015410163,0.6492893099784851,0.8728659701872851,0.7307497467071934,1.078799222896386,0.24580225589124305,0.47445833683013916,0.05996248871088028
h512_wd0.001_s0,l13,13,0.0005,0.5264511257410049,0.6317588686943054,0.8899063574977705,0.7331560283687943,1.5938394841840635,0.33972780109402934,0.4965530037879944,0.07192728668451309
h512_wd0.001_s0,l13,14,0.0005,0.5043386830524965,0.6983556151390076,0.8843801758185755,0.7239108409321175,1.4907895992144022,0.29921529612548575,0.5160094499588013,0.07735676318407059
h512_wd0.001_s0,l13,15,0.0005,0.4813291918147694,0.6007952094078064,0.902718499171869,0.7401215805471125,1.3546770403476631,0.3068229086960575,0.5328419804573059,0.09157785028219223
h512_wd0.001_s0,l13,16,0.0005,0.4879535301165147,0.703937828540802,0.9055691807873615,0.7275835866261399,1.7180746242227778,0.3392948132804941,0.5506063103675842,0.10016626864671707
h512_wd0.001_s0,l13,17,0.0005,0.46194391494447534,0.6277589201927185,0.9149095426168938,0.7378419452887537,1.3839810896860458,0.2887733180396983,0.5701614618301392,0.11432898789644241
h512_wd0.001_s0,l13,18,0.0005,0.5109215107831088,0.6283504962921143,0.9161278506816155,0.7396149949341438,2.118187939060378,0.3986035777704986,0.5862478017807007,0.1175079494714737
h512_wd0.001_s0,l13,19,0.0005,0.4558378051627766,0.6003552675247192,0.9246560071346668,0.744047619047619,1.3330844049116128,0.25651591115810457,0.6022079586982727,0.115072101354599
h512_wd0.001_s0,l13,20,0.0005,0.4294214655052532,0.6359224319458008,0.9278490890559306,0.7426545086119555,1.3904923202300836,0.2743399422964878,0.6164026260375977,0.14257296919822693
h512_wd0.001_s0,l13,21,0.0005,0.3962193944237449,0.624996542930603,0.9370540833227162,0.7446808510638298,1.2130934068552248,0.21550668858103494,0.6283190250396729,0.17554427683353424
h512_wd0.001_s0,l13,22,0.0005,0.3836079957810315,0.6793025732040405,0.9391244107529622,0.7373353596757852,1.235274570361337,0.20001912368308838,0.6407259106636047,0.20251300930976868
h512_wd0.001_s0,l13,23,0.0005,0.40110196444121277,0.6215035319328308,0.9512517518155179,0.7454407294832828,1.5981228923625836,0.270842337116765,0.6548842787742615,0.2198725789785385
h512_wd0.001_s0,l13,24,0.0005,0.36854399605230853,0.6465839743614197,0.9531468976939738,0.7489868287740629,1.308280342603253,0.21576132449456623,0.6696954965591431,0.24745158851146698
h512_wd0.001_s0,l13,25,0.0005,0.3345099254087968,0.7116314172744751,0.9538954006879857,0.7435410334346504,1.3581107068850682,0.2098492503537262,0.6819448471069336,0.2820117175579071
h512_wd0.001_s0,l13,26,0.0005,0.4151353341611949,0.7023642063140869,0.9594852847496498,0.7501266464032421,2.452378344551419,0.3396481294136005,0.6967776417732239,0.2836124002933502
h512_wd0.001_s0,l13,27,0.0005,0.37296889315951953,0.6486825346946716,0.9640877818830424,0.7518996960486322,2.0102418261485218,0.2824099614486516,0.7107176780700684,0.2907071113586426
h512_wd0.001_s0,l13,28,0.0005,0.3940753787755966,0.7224966287612915,0.9580440183462862,0.7306231003039514,2.1503622688358415,0.2974354583200513,0.7236507534980774,0.30174848437309265
h512_wd0.001_s0,l13,29,0.0005,0.45319873094558716,0.6386418342590332,0.9699882150592433,0.7401215805471125,2.569838717485142,0.3929796401553228,0.7388856410980225,0.2785102128982544
h512_wd0.001_s0,l13,30,0.0005,0.34806939417665655,0.694209098815918,0.9705296853102306,0.7516464032421479,1.635620765364601,0.22463761945010025,0.7505156993865967,0.3006758689880371
h512_wd0.001_s0,l13,31,0.0005,0.2994675968181003,0.7092627882957458,0.971708179385909,0.7511398176291793,1.261434217856616,0.1804191605040934,0.7597563862800598,0.335872620344162
h512_wd0.001_s0,l13,32,0.0005,0.3758524378592318,0.6727439165115356,0.9751162568480061,0.7436676798378926,2.3663159630360004,0.2588570053800628,0.7712036967277527,0.34706589579582214
h512_wd0.001_s0,l13,33,0.0005,0.3175904466347261,0.7033880352973938,0.9789941393808129,0.7450607902735563,1.6222421958281947,0.22386412212656745,0.7812394499778748,0.3665677607059479
h512_wd0.001_s0,l13,34,0.0005,0.2648531198501587,0.831451416015625,0.9763743789017709,0.7460739614994935,1.431804769201573,0.20029193146045118,0.7903952598571777,0.40305206179618835
h512_wd0.001_s0,l13,35,0.0005,0.3281388851729306,0.727666974067688,0.9816696394445152,0.7458206686930091,2.588997325297802,0.27443472491085813,0.8002801537513733,0.41439059376716614
h512_wd0.001_s0,l13,36,0.0005,0.26183338327841327,0.786546528339386,0.9838594088418906,0.7465805471124621,1.3871821944783032,0.1832180643694243,0.8089523911476135,0.4369516670703888
h512_wd0.001_s0,l13,37,0.0005,0.2548110661181537,0.7459300756454468,0.9846636514205631,0.74822695035461,1.6456648553168778,0.17936532057842272,0.8176356554031372,0.4664602279663086
h512_wd0.001_s0,l13,38,0.0005,0.22694637355479327,0.8242754936218262,0.9877611797681234,0.7407548125633232,1.2920538135914283,0.14410002543851816,0.8247427940368652,0.5047205090522766
h512_wd0.001_s0,l13,39,0.0005,0.23315603827888315,0.8105539679527283,0.9907950057332144,0.7335359675785206,1.5303888582195262,0.15839488334338883,0.8318746089935303,0.5365237593650818
h512_wd0.001_s0,l13,40,0.0005,0.1922670037231662,0.8518363833427429,0.9906676009682763,0.7436676798378925,1.2215890493027528,0.1392290818362204,0.8387308716773987,0.5753001570701599
h512_wd0.001_s0,l13,41,0.0005,0.20389960570768875,0.863370418548584,0.9919177602242324,0.7424012158054711,1.3784546816738812,0.12420957016760185,0.8465285301208496,0.6084444522857666
h512_wd0.001_s0,l13,42,0.0005,0.23899900913238525,0.8231744766235352,0.9923477513058987,0.741388044579534,2.324744805853691,0.17606801031513492,0.8552378416061401,0.6264161467552185
h512_wd0.001_s0,l13,43,0.0005,0.1997991996732625,0.9948703646659851,0.9910737036565167,0.7435410334346506,1.7079007017950583,0.1573941086708698,0.8626463413238525,0.6527186632156372
h512_wd0.001_s0,l13,44,0.0005,0.20315145023844458,0.9317087531089783,0.9931918078736145,0.7420212765957447,1.6839505780372688,0.1548342541181361,0.8704621195793152,0.6713964343070984
h512_wd0.001_s0,l13,45,0.0005,0.20008502528071404,0.9219095706939697,0.9945852974901261,0.7440476190476191,1.885941221068592,0.15058636528489247,0.8777243494987488,0.6899192929267883
h512_wd0.001_s0,l13,46,0.0005,0.20608242431824858,0.9368917942047119,0.996217671040897,0.7370820668693009,2.032285742757118,0.17608842665247848,0.8848721981048584,0.7111557722091675
h512_wd0.001_s0,l13,47,0.0005,0.18582062592560594,0.9313315749168396,0.9958274939482736,0.7396149949341438,1.8706150877409764,0.13678881483338798,0.8914725184440613,0.7328364849090576
h512_wd0.001_s0,l14,1,0.0005,0.7048006057739258,0.6871541738510132,0.6589902119772963,0.6044485209814263,0.7932257720366509,0.21588240824695087,0.26125356554985046,0.040663499385118484
h512_wd0.001_s0,l14,2,0.0005,0.6705360749493474,0.7254395484924316,0.6426502953782,0.54047236872277,0.5466564034131575,0.1504764852903758,0.2968181371688843,0.0456794835627079
h512_wd0.001_s0,l14,3,0.0005,0.6921222391335861,0.6960163712501526,0.7193979497277887,0.6367805549185966,1.0593233122483758,0.31093193080466675,0.3115537762641907,0.05632507801055908
h512_wd0.001_s0,l14,4,0.0005,0.671633217645728,0.6743149161338806,0.758810668365574,0.6412520064205457,0.6979240344065145,0.22206150289262275,0.3243536651134491,0.06664419919252396
h512_wd0.001_s0,l14,5,0.0005,0.6397764008978138,0.6689018607139587,0.7602006834240705,0.6327677138271038,0.5893758882446345,0.17470939741559108,0.33778396248817444,0.052502334117889404
h512_wd0.001_s0,l14,6,0.0005,0.6311398550220157,0.6573993563652039,0.7642259353642998,0.637239165329053,0.7549711884713336,0.21103053707455613,0.35289400815963745,0.04273565113544464
h512_wd0.001_s0,l14,7,0.0005,0.6124418662941974,0.6500281095504761,0.7863141434032201,0.6544370557211648,0.8181936596740462,0.21370355053642043,0.3676290512084961,0.04755783826112747
h512_wd0.001_s0,l14,8,0.0005,0.5999816941178363,0.6467585563659668,0.8096982508977181,0.6770236184361385,0.9218789977594539,0.23082049347833758,0.38322019577026367,0.06413844227790833
h512_wd0.001_s0,l14,9,0.0005,0.5781617864318516,0.6337952017784119,0.8261684814085486,0.6812657647328595,0.8835089778088452,0.21682652982766448,0.3977336585521698,0.08338019996881485
h512_wd0.001_s0,l14,10,0.0005,0.5565094209235647,0.6252945065498352,0.8452811884628749,0.695138729649163,0.8962607046337849,0.2131233092744222,0.41245147585868835,0.11636802554130554
h512_wd0.001_s0,l14,11,0.0005,0.5442760858846747,0.6204990744590759,0.8578275222981583,0.7031644118321485,1.1525620562085732,0.2568335924005264,0.42721763253211975,0.15227125585079193
h512_wd0.001_s0,l14,12,0.0005,0.5381719858750053,0.7236795425415039,0.8622799142824047,0.7105021783994496,1.2023355751312996,0.252976738947992,0.44276028871536255,0.17567208409309387
h512_wd0.001_s0,l14,13,0.0005,0.5238870887652688,0.6386070251464844,0.8792569211166454,0.70236184361385,1.3012577287805456,0.25010896661755455,0.4578246474266052,0.1921311914920807
h512_wd0.001_s0,l14,14,0.0005,0.5103502817775892,0.674879252910614,0.8858450133209776,0.7140564090804862,1.2282881741769338,0.22297438243797185,0.4713016152381897,0.21773871779441833
h512_wd0.001_s0,l14,15,0.0005,0.4723783783290697,0.7064680457115173,0.8948077145835747,0.7219674386608574,1.0580701518998712,0.19506426139358216,0.4822089970111847,0.25344333052635193
h512_wd0.001_s0,l14,16,0.0005,0.49729806443919305,0.6294472217559814,0.9097865747712267,0.7255216693418941,1.5409844424807346,0.2505944946723715,0.4939504563808441,0.27931827306747437
h512_wd0.001_s0,l14,17,0.0005,0.47109396302181744,0.6254842877388,0.9132616124174678,0.7186425131850493,1.1890601603831954,0.19335544831728563,0.505205512046814,0.31405511498451233
h512_wd0.001_s0,l14,18,0.0005,0.4320228151653124,0.62806236743927,0.9177502027105294,0.7252923641366659,1.206353001326861,0.17262067155752728,0.5151110887527466,0.36165159940719604
h512_wd0.001_s0,l14,19,0.0005,0.41735164108483686,0.6250132322311401,0.9282042742963049,0.7293052052281587,1.2976609035685052,0.17401884663459188,0.5251290798187256,0.4084417223930359
h512_wd0.001_s0,l14,20,0.0005,0.4289048663947893,0.6261858344078064,0.937471041352948,0.7286172896124742,1.5659594743752596,0.20803209547676638,0.5352012515068054,0.44610390067100525
h512_wd0.001_s0,l14,21,0.0005,0.4166785880275395,0.6621527671813965,0.9348864821035561,0.7160055033249255,1.4358533679878092,0.17440791422015267,0.5452413558959961,0.47712358832359314
h512_wd0.001_s0,l14,22,0.0005,0.39151375319646753,0.6368284821510315,0.9419958299548246,0.7325154781013529,1.4464301850746395,0.17306970252048232,0.5543552041053772,0.5226802825927734
h512_wd0.001_s0,l14,23,0.0005,0.39312315764634503,0.6719395518302917,0.9488083516738097,0.7295345104333869,1.6977701798221652,0.15370327406384818,0.562990128993988,0.5597220063209534
h512_wd0.001_s0,l14,24,0.0005,0.39293385588604474,0.639998197555542,0.9469694775860071,0.7306810364595276,1.7031553999290734,0.1776800434506862,0.572113037109375,0.5860561728477478
h512_wd0.001_s0,l14,25,0.0005,0.37241392874199414,0.714169979095459,0.958241630951002,0.7223113964686999,1.7445626128335656,0.18611025778459003,0.5803210139274597,0.6214984059333801
h512_wd0.001_s0,l14,26,0.0005,0.3493240650581277,0.667452335357666,0.9623971968029653,0.7242604907131392,1.4654129455411016,0.12951136159523582,0.5872448682785034,0.6566767692565918
h512_wd0.001_s0,l14,27,0.0005,0.3392189553250437,0.7073795199394226,0.9564823931425924,0.7224260490713138,1.644641958009981,0.1497224908433629,0.5944004654884338,0.6994085907936096
h512_wd0.001_s0,l14,28,0.0005,0.3416377746540567,0.7034040093421936,0.955591914745743,0.7256363219445082,1.6714342285316557,0.14812774034336113,0.6014675498008728,0.7360838055610657
h512_wd0.001_s0,l14,29,0.0005,0.3162760922442312,0.7159875631332397,0.973184292829839,0.7234579224948406,1.9146527281063102,0.13411935651835677,0.6092711091041565,0.7826780676841736
h512_wd0.001_s0,l14,30,0.0005,0.3587537692940753,0.6986820697784424,0.9739299779914281,0.7294198578307728,2.4292541219663337,0.19306838505469132,0.6166955828666687,0.7991116046905518
h512_wd0.001_s0,l14,31,0.0005,0.2861532497665156,0.8497915863990784,0.9772819413876983,0.7242604907131391,1.7266482613360248,0.15812802464819264,0.6232935786247253,0.8341436386108398
h512_wd0.001_s0,l14,32,0.0005,0.3255138228768888,0.7128075361251831,0.9755009845939998,0.7266681953680348,2.374305902003137,0.17752411084130634,0.6303028464317322,0.8593378067016602
h512_wd0.001_s0,l14,33,0.0005,0.28660593732543616,0.7841233611106873,0.9822917873276961,0.7234579224948408,1.8547600200450143,0.1445597652656162,0.636609673500061,0.9039242267608643
h512_wd0.001_s0,l14,34,0.0005,0.2784240064413651,0.7341071963310242,0.9759932815938841,0.7215088282504013,2.013710912816106,0.1378083820789224,0.6424057483673096,0.9369887709617615
h512_wd0.001_s0,l14,35,0.0005,0.27214848412119824,0.8215460181236267,0.9844202478860187,0.7247191011235956,1.7561758779992005,0.10286778181212611,0.64820396900177,0.9740005731582642
h512_wd0.001_s0,l14,36,0.0005,0.2595544476871905,0.8688529133796692,0.9792945673578131,0.725292364136666,2.036152208344065,0.11172520843379116,0.654041588306427,1.0084288120269775
h512_wd0.001_s0,l14,37,0.0005,0.26889663805132324,0.8362451195716858,0.9849197845476659,0.7212795230451731,2.499743456927983,0.13117849372980928,0.6600680351257324,1.0390336513519287
h512_wd0.001_s0,l14,38,0.0005,0.28046423909456836,0.9324654936790466,0.9807135410633616,0.7185278605824351,2.5249944600671785,0.1317818184758831,0.6663309335708618,1.0641814470291138
h512_wd0.001_s0,l14,39,0.0005,0.2612422464982323,0.788151204586029,0.9875984593999768,0.729763815638615,2.36619466536173,0.11580808132759765,0.6734492778778076,1.0821453332901
h512_wd0.001_s0,l14,40,0.0005,0.2549750565186791,0.8227040767669678,0.9834863315185914,0.7158908507223113,2.387208454373446,0.12013752209911618,0.6793971657752991,1.117566704750061
h512_wd0.001_s0,l14,41,0.0005,0.2537680527438288,0.7944716215133667,0.9863749565620294,0.7302224260490712,2.2667692116585783,0.1082879955305224,0.6852074861526489,1.1514124870300293
h512_wd0.001_s0,l14,42,0.0005,0.27390427045200183,0.8698387742042542,0.9903060928993398,0.7330887411144233,2.6736344700576766,0.1368441453620175,0.692223072052002,1.172110915184021
h512_wd0.001_s0,l14,43,0.0005,0.2163428113512371,0.8601230978965759,0.9934770647515347,0.722426049071314,1.9003799132657806,0.09672444515761697,0.6973555684089661,1.204262137413025
h512_wd0.001_s0,l14,44,0.0005,0.20710841048022974,0.8926867246627808,0.9929051314722577,0.7224260490713139,2.0162402492799845,0.09215220748833426,0.7014946937561035,1.2440327405929565
h512_wd0.001_s0,l14,45,0.0005,0.21734201389810312,1.1373915672302246,0.9887206069732422,0.710960788809906,2.7468469887622957,0.11592531054084758,0.7062473297119141,1.277212381362915
h512_wd0.001_s0,l14,46,0.0005,0.2920402498996776,0.8101682662963867,0.993715973589714,0.7157761981196973,3.1969584200201555,0.1460376412842335,0.712559700012207,1.2845489978790283
h512_wd0.001_s0,l14,47,0.0005,0.27026435149752576,0.8452768325805664,0.9933974284721417,0.704998853473974,2.6397757680680884,0.1224372864800654,0.7177552580833435,1.3037999868392944
h512_wd0.001_s0,l14,48,0.0005,0.22972462002349936,1.0349065065383911,0.9922101239430093,0.7085530841550103,2.322430245654119,0.1044654460832882,0.7229881286621094,1.3361155986785889
h512_wd0.001_s0,l14,49,0.0005,0.20649238157531488,0.8580207824707031,0.9953521371481524,0.7124512726438891,1.990136921066089,0.09648290903483818,0.7278628945350647,1.373092532157898
h512_wd0.001_s0,l14,50,0.0005,0.2148989639852358,0.859180212020874,0.9892346229584154,0.7220820912634718,2.7085922498559305,0.1141828516653469,0.7320870161056519,1.416848063468933
h512_wd0.001_s0,l14,51,0.0005,0.23943257655786432,0.8928825855255127,0.9927603382369975,0.7204769548268746,2.8034308674791646,0.11556062733847167,0.7372609376907349,1.4347655773162842
h512_wd0.001_s0,l14,52,0.0005,0.19344197084074435,0.9483129382133484,0.9948743194717944,0.7107314836046779,2.309672301747634,0.08933730316803352,0.7415993213653564,1.4700164794921875
h512_wd0.001_s0,l14,53,0.0005,0.18760420479204343,1.1094346046447754,0.9950480713541063,0.7106168310020636,2.54468807079844,0.08876897478872844,0.745228111743927,1.502677083015442
h512_wd0.001_s0,l14,54,0.0005,0.19971368947754736,1.2138875722885132,0.9945123363836441,0.6988076129328135,3.0915091534332277,0.10740412689805924,0.7494097352027893,1.5255059003829956
h512_wd0.001_s0,l14,55,0.0005,0.2385861183638158,0.891727864742279,0.9961340206185567,0.7000687915615684,3.66116899044271,0.12200289809878742,0.7539423108100891,1.529195785522461
h512_wd0.001_s0,l14,56,0.0005,0.23131914825543112,0.985724151134491,0.9971186146183251,0.7011006649850952,2.3994777448254068,0.09180045565214554,0.7582976222038269,1.547800898551941
h512_wd0.001_s0,l14,57,0.0005,0.21378450743530109,1.018081784248352,0.9965611606625739,0.699610181151112,2.7329532846514404,0.1068951793939237,0.7618070840835571,1.5732489824295044
h512_wd0.001_s0,l14,58,0.0005,0.2103999053006587,0.8999969959259033,0.9976688289123131,0.6986929603301995,2.7097014169744913,0.09111483232550821,0.7660748362541199,1.5889610052108765
h512_wd0.001_s0,l14,59,0.0005,0.1537833693234817,1.0346171855926514,0.9975819529711571,0.7148589772987847,1.8424272836564513,0.09205044477420414,0.7696006298065186,1.6384297609329224
h512_wd0.001_s0,l14,60,0.0005,0.1419104431634364,1.0676920413970947,0.9987620178385266,0.7191011235955056,2.0541706903370014,0.07170816719854745,0.772594690322876,1.6803617477416992
h512_wd0.001_s0,l14,61,0.0005,0.14182723702295966,0.9977155327796936,0.9974733580447122,0.7138271038752579,2.0383638256109156,0.07134844398482215,0.7756774425506592,1.7180185317993164
h512_wd0.001_s0,l14,62,0.0005,0.16129386295442996,1.1730637550354004,0.9959819877215336,0.7194450814033478,2.3929528515142864,0.07583264539666439,0.7791554927825928,1.7514266967773438
h512_wd0.001_s0,l15,1,0.0005,0.7332361794653393,0.6851080656051636,0.7081820361742943,0.6094850948509485,0.9646205828689342,0.2848971429683008,0.24346327781677246,0.04073295742273331
h512_wd0.001_s0,l15,2,0.0005,0.6824309627215067,0.6783359050750732,0.7542049191559331,0.6722222222222223,0.7398615267100142,0.20535432538161352,0.2816365361213684,0.04887773096561432
h512_wd0.001_s0,l15,3,0.0005,0.6729017467725844,0.6668920516967773,0.759009317621266,0.6789972899728998,0.6445972745625144,0.17259410985175305,0.2948443293571472,0.04555606096982956
h512_wd0.001_s0,l15,4,0.0005,0.6545864968072801,0.6524021029472351,0.7695515894765689,0.6886178861788619,0.8239914577959345,0.22086324067619234,0.3115394413471222,0.036816585808992386
h512_wd0.001_s0,l15,5,0.0005,0.6531330063229516,0.6433517336845398,0.7747927514387504,0.694579945799458,0.8992007648638676,0.21882168664667165,0.3275841176509857,0.042725685983896255
h512_wd0.001_s0,l15,6,0.0005,0.6425411190305438,0.6718931198120117,0.7601055083584544,0.6829268292682926,1.0337205128929055,0.27086812878639965,0.34447431564331055,0.040844570845365524
h512_wd0.001_s0,l15,7,0.0005,0.6044821441173553,0.6302981972694397,0.8040901616881337,0.7088075880758808,0.8720358326720249,0.22684816787875356,0.3610890209674835,0.03962480649352074
h512_wd0.001_s0,l15,8,0.0005,0.5995511128788903,0.6180433034896851,0.8151462729514936,0.7150406504065041,0.9227930877784066,0.22155673909722032,0.37608659267425537,0.046363718807697296
h512_wd0.001_s0,l15,9,0.0005,0.5925161313442957,0.6259394884109497,0.8316919018909291,0.7181571815718157,1.023156000844223,0.24732356931523583,0.39246872067451477,0.055553991347551346
h512_wd0.001_s0,l15,10,0.0005,0.5799082773072379,0.6685572266578674,0.8255515209646479,0.7228997289972899,0.9900170420003318,0.23026084380548878,0.40835171937942505,0.06596299260854721
h512_wd0.001_s0,l15,11,0.0005,0.5455753590379443,0.6129118800163269,0.8576065360372704,0.7292682926829268,0.9964590463794567,0.20964399805714168,0.4233187735080719,0.09063120931386948
h512_wd0.001_s0,l15,12,0.0005,0.5455649126143682,0.6537500619888306,0.868105987941902,0.7386178861788617,1.2838773159569012,0.28801097097605105,0.4376732110977173,0.11670345067977905
h512_wd0.001_s0,l15,13,0.0005,0.561437801236198,0.6101680397987366,0.8815086325020552,0.7311653116531165,1.5577046569659627,0.3016117212776138,0.45432233810424805,0.11250916123390198
h512_wd0.001_s0,l15,14,0.0005,0.5004856018793016,0.6075710654258728,0.894371745683749,0.746070460704607,1.0551963767387316,0.24640014479968958,0.4689461290836334,0.1343194544315338
h512_wd0.001_s0,l15,15,0.0005,0.4901959967045557,0.5909926891326904,0.9004264867086874,0.7497289972899728,1.1446386695686475,0.25093946247476057,0.483824223279953,0.17276228964328766
h512_wd0.001_s0,l15,16,0.0005,0.4611542991229466,0.6172025203704834,0.9119364894491642,0.7548780487804878,1.1460741003436592,0.228928664887027,0.49617376923561096,0.21273522078990936
h512_wd0.001_s0,l15,17,0.0005,0.49313714106877643,0.5896564722061157,0.9164925322006029,0.7508130081300812,1.5924466430786628,0.25507443022040377,0.5092805027961731,0.22571416199207306
h512_wd0.001_s0,l15,18,0.0005,0.4532351962157658,0.5973857641220093,0.9210742669224447,0.7491869918699187,1.3824559710053836,0.2347663084859763,0.5223568677902222,0.2546001374721527
h512_wd0.001_s0,l15,19,0.0005,0.407314114627384,0.6064350008964539,0.931154083310496,0.7623306233062331,0.992068434808498,0.17754933448957974,0.532071053981781,0.2894773483276367
h512_wd0.001_s0,l15,20,0.0005,0.407932657571066,0.6077131628990173,0.9357015620718006,0.7579945799457994,1.364951310065343,0.19710214855405941,0.5420259833335876,0.3310210406780243
h512_wd0.001_s0,l15,21,0.0005,0.40764700656845454,0.6172870993614197,0.944334064127158,0.7584010840108402,1.6580590785098759,0.20935505188406375,0.5528333783149719,0.36811327934265137
h512_wd0.001_s0,l15,22,0.0005,0.38242161983535405,0.5992599129676819,0.9522814469717731,0.7548780487804878,1.2208240082898516,0.15427573815370083,0.5629923343658447,0.39893513917922974
h512_wd0.001_s0,l15,23,0.0005,0.34782172242800397,0.6156662106513977,0.9572057412989861,0.7588075880758808,1.4198387294528783,0.18003242945935607,0.5730658769607544,0.44335684180259705
h512_wd0.001_s0,l15,24,0.0005,0.3694918077616465,0.6305138468742371,0.960982460948205,0.7467479674796748,1.75298211748588,0.19236164178278725,0.5827513933181763,0.48046374320983887
h512_wd0.001_s0,l15,25,0.0005,0.3371398484423047,0.6466269493103027,0.9663520827624006,0.7634146341463415,1.6399375909887575,0.17071974111749932,0.5926949977874756,0.51936936378479
h512_wd0.001_s0,l15,26,0.0005,0.3337344910417284,0.6470953226089478,0.9673455056179775,0.7440379403794037,1.7032007573902905,0.1683362395240548,0.6025456190109253,0.5494440793991089
h512_wd0.001_s0,l15,27,0.0005,0.3124610497837975,0.6529389023780823,0.9677565771444231,0.7554200542005419,1.4662133265049697,0.13924622846775234,0.6122040152549744,0.5782557129859924
h512_wd0.001_s0,l15,28,0.0005,0.33148518417562756,0.6300526857376099,0.9727236914223074,0.7441734417344174,1.9217336204613809,0.14701530351265965,0.6216561198234558,0.6059210300445557
h512_wd0.001_s0,l15,29,0.0005,0.3251806433711733,0.7008360028266907,0.9752757604823239,0.75420054200542,2.134068340994514,0.18621933436530547,0.6306762099266052,0.633357584476471
h512_wd0.001_s0,l15,30,0.0005,0.33436868375255946,0.6431991457939148,0.9820413126884078,0.7467479674796748,2.1118318217102954,0.21256189236754625,0.6400989890098572,0.6490394473075867
h512_wd0.001_s0,l15,31,0.0005,0.30505345052196864,0.6537885069847107,0.9799260071252398,0.7510840108401083,1.8981223661538111,0.1540895813153814,0.6486830711364746,0.6850835084915161
h512_wd0.001_s0,l15,32,0.0005,0.31408332217307317,0.893121600151062,0.9837626747053987,0.7498644986449865,2.095921117682651,0.16914127041711347,0.6571902632713318,0.7073813080787659
h512_wd0.001_s0,l15,33,0.0005,0.31368098088673185,0.6769049763679504,0.9802685667306111,0.7452574525745257,2.1337738935729798,0.1548024381060576,0.6660540103912354,0.7365850806236267
h512_wd0.001_s0,l15,34,0.0005,0.28318090169202714,0.7712318301200867,0.9843621540147987,0.7329268292682927,1.8954419506210891,0.14206924370622678,0.6729333400726318,0.770965039730072
h512_wd0.001_s0,l15,35,0.0005,0.25405912030310857,0.8080253601074219,0.9850558372156756,0.7359078590785908,1.7408628307490865,0.12886420465559992,0.68061363697052,0.8031312823295593
h512_wd0.001_s0,l15,36,0.0005,0.24848775672061102,0.8279281258583069,0.990151411345574,0.7326558265582656,1.9296504204383966,0.15218224505273784,0.6869832873344421,0.8344074487686157
h512_wd0.001_s0,l15,37,0.0005,0.26529697080453235,1.1162317991256714,0.9888839408057002,0.7346883468834688,2.158432677273904,0.1617231964826097,0.6933130621910095,0.8699774742126465
h512_wd0.001_s0,l15,38,0.0005,0.2800674878415607,0.8246335983276367,0.9895262400657714,0.7373983739837398,2.436470112324171,0.1654014753115311,0.7010557055473328,0.8752465844154358
h512_wd0.001_s0,l15,39,0.0005,0.2151692658662796,0.7986588478088379,0.9929518361194849,0.7386178861788617,1.6461738743911607,0.12142971483914226,0.7072277665138245,0.9048641920089722
h512_wd0.001_s0,l15,40,0.0005,0.21020207021917617,0.8388568758964539,0.988455741298986,0.744579945799458,1.7465029633587628,0.10976141001648188,0.7122765779495239,0.9448662400245667
h512_wd0.001_s0,l15,41,0.0005,0.21243471758706228,0.814884603023529,0.9883701013976431,0.7258807588075882,2.2377396782161547,0.13113320421807043,0.7173277139663696,0.9665015339851379
h512_wd0.001_s0,l15,42,0.0005,0.21097746810742787,0.8059908747673035,0.9955295971499041,0.7359078590785908,1.6591456525287078,0.10927520064454961,0.7229493260383606,0.9904034733772278
h512_wd0.001_s0,l15,43,0.0005,0.18941173418646767,0.8460306525230408,0.9955210331597698,0.7336043360433605,1.9474043482460026,0.11272035092742454,0.7286542057991028,1.0339611768722534
h512_wd0.001_s0,l15,44,0.0005,0.19229318733726228,0.8636347651481628,0.9936455193203617,0.7341463414634146,1.9692627404167569,0.10425849039692821,0.7343207597732544,1.0658390522003174
h512_wd0.001_s0,l15,45,0.0005,0.176375376504092,1.0478153228759766,0.9965144560153466,0.744579945799458,2.190011810336494,0.1126756812068621,0.7393296957015991,1.098183512687683
h512_wd0.001_s0,l16,1,0.0005,0.7451520095700803,0.6926191449165344,0.5570159542600168,0.52563202247191,0.9644492396103518,0.3083441000193342,0.2524796426296234,0.044396914541721344
h512_wd0.001_s0,l16,2,0.0005,0.6938181208527606,0.6864796280860901,0.6977196576897757,0.6281601123595505,0.4842246294595424,0.1435643490942852,0.28410887718200684,0.05575640872120857
h512_wd0.001_s0,l16,3,0.0005,0.6833506356114927,0.6881178617477417,0.6849163085525781,0.6329588014981273,0.3954171663054306,0.12157358211220655,0.292705774307251,0.05631285160779953
h512_wd0.001_s0,l16,4,0.0005,0.6810934154883675,0.6861381530761719,0.6975199520706514,0.6362359550561798,0.5447199158872859,0.15680156382449734,0.300460547208786,0.056719452142715454
h512_wd0.001_s0,l16,5,0.0005,0.6702489386434141,0.6627307534217834,0.7501238914489011,0.673689138576779,0.5762818521470436,0.16821243417619416,0.3137272596359253,0.05252354219555855
h512_wd0.001_s0,l16,6,0.0005,0.6582252953363501,0.6571236848831177,0.750493716669502,0.6772003745318352,0.7105158663317692,0.21693958697495327,0.32760271430015564,0.054319094866514206
h512_wd0.001_s0,l16,7,0.0005,0.6402287768281024,0.658273458480835,0.7778238004718969,0.6959269662921348,0.5877937840432054,0.14574410721793013,0.3416825532913208,0.05278535559773445
h512_wd0.001_s0,l16,8,0.0005,0.638180452844371,0.6361543536186218,0.7798060636543169,0.6979166666666666,0.7233730385189712,0.18593552295682908,0.35575464367866516,0.06145676597952843
h512_wd0.001_s0,l16,9,0.0005,0.6127751262291617,0.6639208197593689,0.784754325105955,0.697565543071161,0.8086297537912105,0.1953764722533159,0.3720233738422394,0.0823705717921257
h512_wd0.001_s0,l16,10,0.0005,0.6096473323262256,0.6345260739326477,0.814621409921671,0.7195692883895132,0.9379065216594087,0.23590229900024054,0.3878982365131378,0.08461111038923264
h512_wd0.001_s0,l16,11,0.0005,0.5853339861268583,0.6165961623191833,0.8238300579146296,0.7174625468164793,0.9556701930718884,0.2299982844792426,0.40045982599258423,0.10751023143529892
h512_wd0.001_s0,l16,12,0.0005,0.5786792117616405,0.6157516241073608,0.8421216133255425,0.7208567415730338,0.9474385151358475,0.21950523988821688,0.41013893485069275,0.12161116302013397
h512_wd0.001_s0,l16,13,0.0005,0.5491213591202445,0.6209293007850647,0.8529279062714961,0.7192181647940076,0.8576539028350717,0.20204718450313533,0.421333372592926,0.16635803878307343
h512_wd0.001_s0,l16,14,0.0005,0.5350290394347647,0.6057620644569397,0.8646217797468916,0.7320926966292135,0.9656985702912767,0.18561483691773747,0.43071648478507996,0.20216794312000275
h512_wd0.001_s0,l16,15,0.0005,0.5013358178346053,0.6107654571533203,0.8831056442725169,0.7394662921348315,0.9861644162881917,0.18482095760745407,0.44019752740859985,0.254514217376709
h512_wd0.001_s0,l16,16,0.0005,0.49271225410958996,0.6338009238243103,0.8888897107227125,0.739934456928839,1.0844525965946923,0.17953380520946935,0.4498451054096222,0.3081095516681671
h512_wd0.001_s0,l16,17,0.0005,0.4862146364605945,0.6172352433204651,0.9020480920716869,0.7425093632958801,1.1450275796994562,0.16162628284755523,0.4590892195701599,0.3454371690750122
h512_wd0.001_s0,l16,18,0.0005,0.4759958230930826,0.6045222282409668,0.9001767764554471,0.7539794007490637,1.4222033646242778,0.21126172777733365,0.46989089250564575,0.38336920738220215
h512_wd0.001_s0,l16,19,0.0005,0.4644099759018939,0.6020064949989319,0.9109386903749288,0.7522237827715357,1.3131139337806272,0.15483808366210985,0.4787715673446655,0.4153567850589752
h512_wd0.001_s0,l16,20,0.0005,0.4352974489979122,0.602809488773346,0.9121813031161473,0.7570224719101123,1.3093870295749264,0.17591023356758445,0.4885239005088806,0.467337429523468
h512_wd0.001_s0,l16,21,0.0005,0.43967857438585034,0.6201276779174805,0.9181502821766433,0.7393492509363296,1.0917284571949128,0.12751962759013227,0.49767717719078064,0.5110446214675903
h512_wd0.001_s0,l16,22,0.0005,0.4208018183708191,0.6281682252883911,0.9303767039697038,0.7538623595505619,1.2117157281174746,0.12740197916178048,0.5065097808837891,0.5541248321533203
h512_wd0.001_s0,l16,23,0.0005,0.4249826676171759,0.6390165686607361,0.9279654435313871,0.7538623595505617,1.692209429877207,0.19014722341121754,0.5143612623214722,0.5800912976264954
h512_wd0.001_s0,l16,24,0.0005,0.409604338200196,0.6374130249023438,0.942336851603932,0.7447331460674157,1.5529109280777402,0.1440006089102373,0.521896481513977,0.6094133257865906
h512_wd0.001_s0,l16,25,0.0005,0.3966193957173306,0.6746441721916199,0.9429729509833653,0.7526919475655431,1.6549757120703887,0.14074488797166373,0.528972327709198,0.6442757844924927
h512_wd0.001_s0,l16,26,0.0005,0.3886033167009768,0.6771507859230042,0.950251111324788,0.755500936329588,1.6600644330349665,0.15322322092809232,0.5361625552177429,0.6839783787727356
h512_wd0.001_s0,l16,27,0.0005,0.3742850792148839,0.6561145186424255,0.9509833652615773,0.7504681647940075,1.844105036484577,0.14429968642796898,0.5432695150375366,0.7181804776191711
h512_wd0.001_s0,l16,28,0.0005,0.369166959239089,0.6505700349807739,0.9535425557881346,0.764747191011236,1.5461178192346066,0.10908593286489729,0.5508080124855042,0.7439641356468201
h512_wd0.001_s0,l16,29,0.0005,0.3855139937089837,0.6457730531692505,0.9599109460868793,0.7533941947565543,2.136507101580638,0.15480940598967965,0.558925449848175,0.7708296775817871
h512_wd0.001_s0,l16,30,0.0005,0.3646491357813711,0.6551188826560974,0.9608724916604412,0.7460205992509363,1.5404167892202794,0.11904329712817965,0.5665918588638306,0.8071582913398743
h512_wd0.001_s0,l16,31,0.0005,0.34422027805577154,0.6894633769989014,0.9630840464796337,0.7551498127340823,1.5077007041777015,0.11761195257095612,0.5736327767372131,0.8520814180374146
h512_wd0.001_s0,l16,32,0.0005,0.336769488842591,0.6761618852615356,0.9689050954518894,0.7549157303370787,1.9281148951921128,0.14228999119983923,0.5803713798522949,0.9000123739242554
h512_wd0.001_s0,l16,33,0.0005,0.31661719861237897,0.6926778554916382,0.9706062914666528,0.7442649812734082,1.6103378675517204,0.12150341636198099,0.5862361192703247,0.9389488101005554
h512_wd0.001_s0,l16,34,0.0005,0.3066704292660174,0.6876686215400696,0.9705027404048846,0.7385299625468165,1.8626421453573605,0.1024182870361288,0.5929758548736572,0.9838931560516357
h512_wd0.001_s0,l16,35,0.0005,0.30993667115335877,0.7333442568778992,0.9759761536697757,0.7475421348314607,1.9761252578269346,0.11566842756341213,0.6005264520645142,1.0324349403381348
h512_wd0.001_s0,l16,36,0.0005,0.29052324722642486,0.8091740608215332,0.9739643044697076,0.7457865168539326,2.076049800774492,0.11129455304277108,0.606549859046936,1.0757384300231934
h512_wd0.001_s0,l16,37,0.0005,0.29139512647753174,0.7130325436592102,0.9775146265874748,0.7432116104868913,2.0256516689250215,0.09840972785906688,0.6131276488304138,1.1121000051498413
h512_wd0.001_s0,l16,38,0.0005,0.2861808998429257,0.7746337652206421,0.9805619864052249,0.75374531835206,1.879682896667974,0.10078658359330649,0.6191799640655518,1.1523956060409546
h512_wd0.001_s0,l16,39,0.0005,0.31510612498158996,0.7261543273925781,0.981597497022907,0.7522237827715356,2.6055247714053174,0.12429655394473901,0.6246650218963623,1.178049087524414
h512_wd0.001_s0,l16,40,0.0005,0.28870440566021466,0.7344846725463867,0.9791714435757661,0.7565543071161048,2.1270598345919023,0.1102748346336244,0.6315701007843018,1.2142757177352905
h512_wd0.001_s0,l16,41,0.0005,0.266562199463015,0.7487204074859619,0.98315076294943,0.7545646067415731,2.07559021705442,0.11367134021282889,0.6373581290245056,1.252341866493225
h512_wd0.001_s0,l16,42,0.0005,0.2632896530887355,0.7750347256660461,0.9883652985599005,0.747191011235955,2.2583481871671967,0.09598009246924846,0.6422315239906311,1.286910057067871
h512_wd0.001_s0,l16,43,0.0005,0.26816675131735596,0.8412097692489624,0.9841492910450522,0.7439138576779026,2.355435314040746,0.10308854354775329,0.6466914415359497,1.331476092338562
h512_wd0.001_s0,l16,44,0.0005,0.2533414337946021,0.7681925892829895,0.9923889969600367,0.7409878277153558,2.260355132989819,0.08828020190562297,0.6509869694709778,1.362983226776123
h512_wd0.001_s0,l16,45,0.0005,0.2301065753335538,0.8513074517250061,0.9906656114320372,0.7387640449438202,1.9777728852156466,0.07847144735653448,0.6545909643173218,1.398182988166809
h512_wd0.001_s0,l16,46,0.0005,0.20883433779944544,0.8200232982635498,0.9886019867010851,0.7437968164794008,2.0489125445904084,0.08639778790484691,0.6589646339416504,1.4331891536712646
h512_wd0.001_s0,l16,47,0.0005,0.25583119690418243,0.7753105163574219,0.9909022995732217,0.7492977528089888,2.6884944197963248,0.10088315488686873,0.6638299822807312,1.464253306388855
h512_wd0.001_s0,l16,48,0.0005,0.24933648498161978,0.8546282649040222,0.991575381474715,0.7372425093632958,2.41839376487425,0.08815424792439666,0.6684746742248535,1.4908409118652344
h512_wd0.001_s0,l17,1,0.0005,0.7318191067738966,0.685316801071167,0.6860158311345647,0.5849807445442876,0.9972506360907492,0.2856948783064116,0.23899111151695251,0.04164894297719002
h512_wd0.001_s0,l17,2,0.0005,0.677499074827541,0.6803423762321472,0.7469985804909737,0.6173299101412066,0.5999269146546148,0.16030959210323129,0.27611905336380005,0.04492010176181793
h512_wd0.001_s0,l17,3,0.0005,0.6608707986094735,0.6814406514167786,0.7516179996952467,0.6333761232349165,0.7523388228423329,0.21280936395019223,0.29289665818214417,0.03696625679731369
h512_wd0.001_s0,l17,4,0.0005,0.6417738822373477,0.6603790521621704,0.766310319108837,0.6378690629011554,0.7946672717598037,0.2124098792708141,0.31016314029693604,0.029343433678150177
h512_wd0.001_s0,l17,5,0.0005,0.6317741599949923,0.6517237424850464,0.7850686898011886,0.6491655969191271,0.9854586553944508,0.2649916285745609,0.33000150322914124,0.026118434965610504
h512_wd0.001_s0,l17,6,0.0005,0.6251343488693237,0.6821712255477905,0.7967936739620342,0.6539152759948652,1.292910173879664,0.3541762431959828,0.3500348627567291,0.03179403394460678
h512_wd0.001_s0,l17,7,0.0005,0.5907331813465465,0.6807205080986023,0.794395746284816,0.6578947368421052,0.8685897951694845,0.22859811374814562,0.3683256506919861,0.041635047644376755
h512_wd0.001_s0,l17,8,0.0005,0.6150549297982996,0.6457580924034119,0.8327946684203351,0.682798459563543,1.2914321635627788,0.34756135778085456,0.3839613199234009,0.04227656126022339
h512_wd0.001_s0,l17,9,0.0005,0.6096882657571272,0.6837702393531799,0.836090816498384,0.6768934531450578,1.273736996746151,0.3410623792082703,0.40256938338279724,0.04262590408325195
h512_wd0.001_s0,l17,10,0.0005,0.5674711438742551,0.6420015692710876,0.8409829097529092,0.6887034659820283,0.9420904000110562,0.2614755238045603,0.41791635751724243,0.05050070211291313
h512_wd0.001_s0,l17,11,0.0005,0.5511289604685523,0.6393710374832153,0.852964528313992,0.694351732991014,1.024716483759945,0.24062625155084244,0.4338492751121521,0.07275892049074173
h512_wd0.001_s0,l17,12,0.0005,0.5299470763314854,0.6244648098945618,0.8765428138358021,0.7066752246469833,1.0573658453486627,0.2566501564075635,0.44846394658088684,0.0979413166642189
h512_wd0.001_s0,l17,13,0.0005,0.5471105534921993,0.6232708692550659,0.8842097665428941,0.7093709884467266,1.5203928420243926,0.34484696589485,0.46360430121421814,0.10712826251983643
h512_wd0.001_s0,l17,14,0.0005,0.5296526239676909,0.7184902429580688,0.8746822144340811,0.7029525032092426,1.326270336029186,0.28539570769793626,0.47889044880867004,0.11650315672159195
h512_wd0.001_s0,l17,15,0.0005,0.53998118232597,0.6948317885398865,0.8877625490211803,0.700385109114249,1.3992815965469427,0.3100312885802505,0.4932573139667511,0.12726318836212158
h512_wd0.001_s0,l17,16,0.0005,0.5113573291084983,0.6254528760910034,0.9003937734078643,0.7137355584082157,1.267629916359634,0.2809364117117128,0.5073652863502502,0.142170712351799
h512_wd0.001_s0,l17,17,0.0005,0.4509363919496536,0.6592118740081787,0.9063444835633686,0.7146341463414635,0.9691110382607846,0.21588063045165648,0.5188750624656677,0.1808376908302307
h512_wd0.001_s0,l17,18,0.0005,0.4621444344520569,0.6292951107025146,0.9164013441226714,0.72400513478819,1.3032125944265889,0.225128976902145,0.5283352136611938,0.20697222650051117
h512_wd0.001_s0,l17,19,0.0005,0.42573377896438946,0.6423833966255188,0.924332951055008,0.7216944801026958,1.0708844268506044,0.17670609945555088,0.5387969613075256,0.24324670433998108
h512_wd0.001_s0,l17,20,0.0005,0.4012899859385057,0.6578735709190369,0.9305884145607943,0.7195121951219513,1.2347286164728097,0.19987542320561255,0.5497088432312012,0.2768382132053375
h512_wd0.001_s0,l17,21,0.0005,0.4408785809170116,0.6492698192596436,0.9366995212164471,0.7245186136071886,1.7517970593035004,0.25396388723890007,0.562601625919342,0.29672008752822876
h512_wd0.001_s0,l17,22,0.0005,0.4152666967023503,0.6605978608131409,0.9361060541658982,0.7255455712451861,1.4270806799760065,0.22058154876032665,0.5753915309906006,0.3236580789089203
h512_wd0.001_s0,l17,23,0.0005,0.3936463255773891,0.6489901542663574,0.9465478663255568,0.7296534017971759,1.4001044277594128,0.22296732799134167,0.585145115852356,0.35053637623786926
h512_wd0.001_s0,l17,24,0.0005,0.38014385171911935,0.6692990064620972,0.9482801485271591,0.7304236200256738,1.4918907661168739,0.21147570285828587,0.5949240326881409,0.38479429483413696
h512_wd0.001_s0,l17,25,0.0005,0.37183655256574805,0.7172080278396606,0.9557385857840582,0.7295250320924263,1.533193056661773,0.20673905865134518,0.6048360466957092,0.41405028104782104
h512_wd0.001_s0,l17,26,0.0005,0.42115000838583166,0.697501540184021,0.9474701462014098,0.7216944801026958,2.220879652944025,0.2814434982886134,0.616637110710144,0.4165688753128052
h512_wd0.001_s0,l17,27,0.0005,0.40061925622549927,0.6686556935310364,0.9571821542853935,0.7318356867779203,1.8871103203073487,0.2239022685464116,0.6268308162689209,0.4288318455219269
h512_wd0.001_s0,l17,28,0.0005,0.36284163323315705,0.7251198887825012,0.9647047501423518,0.7341463414634146,1.6338935403109593,0.20611826096870234,0.6355544328689575,0.45648860931396484
h512_wd0.001_s0,l17,29,0.0005,0.32673119685866614,0.7017832398414612,0.9587380003368327,0.7324775353016688,1.3651433349713826,0.1746061830542155,0.6448839902877808,0.48670417070388794
h512_wd0.001_s0,l17,30,0.0005,0.3262909332459623,0.7353515625,0.9698614976221219,0.7322207958921695,1.5971069540380443,0.1638898636579085,0.6529536247253418,0.5206882357597351
h512_wd0.001_s0,l17,31,0.0005,0.3070309873331677,0.7255944609642029,0.9759645844527671,0.7306803594351733,1.5106285457295399,0.16959202410247193,0.6626541018486023,0.5570105314254761
h512_wd0.001_s0,l17,32,0.0005,0.2986737631938674,0.8029778003692627,0.976325476578101,0.7363286264441592,1.821181669022527,0.1841941248544827,0.6716760396957397,0.590522050857544
h512_wd0.001_s0,l17,33,0.0005,0.2922192764553157,0.7397513389587402,0.9739676480259201,0.7397946084724005,1.698416918520676,0.1745262101140397,0.6804458498954773,0.6147652864456177
h512_wd0.001_s0,l17,34,0.0005,0.2975771955468438,0.7894289493560791,0.9759726042777748,0.7305519897304236,1.9871721810745768,0.19167313897284294,0.6892972588539124,0.6418552398681641
h512_wd0.001_s0,l17,35,0.0005,0.27382166954604065,0.7635346055030823,0.9818671756582271,0.742362002567394,1.5415353975854416,0.1533111400614989,0.6980357766151428,0.6642070412635803
h512_wd0.001_s0,l17,36,0.0005,0.2373724603517489,0.8328639268875122,0.9880504607389466,0.7368421052631579,1.3794026896418983,0.13058956816081518,0.7050747275352478,0.7053401470184326
h512_wd0.001_s0,l17,37,0.0005,0.25617417896335776,0.800275444984436,0.9854841167365729,0.7301668806161746,2.082612828581428,0.16585912706111425,0.7122591733932495,0.7417781352996826
h512_wd0.001_s0,l17,38,0.0005,0.2832533209161325,0.7758215665817261,0.9856685727117435,0.7365853658536584,2.2816242927822197,0.18589138762781984,0.7210826873779297,0.7580395340919495
h512_wd0.001_s0,l17,39,0.0005,0.2783031470396302,0.8998362421989441,0.9908012607164912,0.7410783055198974,2.378953053240272,0.1880201311936082,0.7294750213623047,0.7824403643608093
h512_wd0.001_s0,l17,40,0.0005,0.26914023303172807,0.7263404130935669,0.9883953132142657,0.7435173299101412,1.8117882731636543,0.15283599400394576,0.7389919757843018,0.8075796365737915
h512_wd0.001_s0,l17,41,0.0005,0.24726126343011856,0.7968601584434509,0.9875371919384719,0.7432605905006417,1.8688109548297271,0.1264222620021709,0.7463423013687134,0.8509654998779297
h512_wd0.001_s0,l17,42,0.0005,0.297576675360853,0.7484001517295837,0.9884514519893177,0.7369704749679076,2.9211281426461153,0.19335080135340735,0.7542492151260376,0.8676801919937134
h512_wd0.001_s0,l17,43,0.0005,0.3158073323694142,0.7933534383773804,0.9898950204906529,0.7270860077021823,2.8132216859661123,0.20656941123012665,0.7630434632301331,0.8602145910263062
h512_wd0.001_s0,l17,44,0.0005,0.2340993264859373,0.9312264919281006,0.9853076805864096,0.7309370988446727,1.744583825173928,0.13323925362284939,0.7703981995582581,0.892495334148407
h512_wd0.001_s0,l17,45,0.0005,0.2549105774272572,0.8355236053466797,0.9905125470162242,0.7359435173299101,2.240961888638887,0.14849015226693815,0.7771497368812561,0.9219332933425903
h512_wd0.001_s0,l17,46,0.0005,0.22710783373225818,0.8837340474128723,0.9870720420880417,0.7370988446726573,2.1956631733761585,0.14738791137822568,0.784037709236145,0.9493541121482849
h512_wd0.001_s0,l17,47,0.0005,0.19061098992824554,0.8781210780143738,0.9922769085178562,0.7436456996148909,1.77159796677944,0.10356118424351429,0.7892905473709106,0.98763507604599
h512_wd0.001_s0,l17,48,0.0005,0.19811881469054657,0.9958128929138184,0.9948512723452375,0.7373555840821566,2.127643497168251,0.11776201478632181,0.7939606308937073,1.0201534032821655
h512_wd0.001_s0,l17,49,0.0005,0.21914012933319266,0.9069195985794067,0.991659381992285,0.7385109114249037,2.4328472999297612,0.13301417132526383,0.7993549704551697,1.040435791015625
h512_wd0.001_s0,l17,50,0.0005,0.18879668414592743,0.9428545236587524,0.9948111732202003,0.7381258023106546,2.203876372204195,0.11207693589805237,0.8052752017974854,1.0714356899261475
h512_wd0.001_s0,l17,51,0.0005,0.16450524973598393,1.0582016706466675,0.9965835545468398,0.7415917843388962,2.0716974264084977,0.10035361879844301,0.809561014175415,1.0987730026245117
h512_wd0.001_s0,l17,52,0.0005,0.21604714136232028,0.9885058999061584,0.9951560256955193,0.7335044929396662,2.709882215701514,0.1388581215348717,0.8152359127998352,1.1138094663619995
h512_wd0.001_s0,l17,53,0.0005,0.20150396058505232,1.0267252922058105,0.9973213784475223,0.7365853658536585,2.741597730021742,0.11764886221679866,0.8205360770225525,1.1316519975662231
h512_wd0.001_s0,l17,54,0.0005,0.17647743529894136,0.9158881306648254,0.9969845457972107,0.7378690629011554,1.9704621959817827,0.1005665953914146,0.8257870078086853,1.1489545106887817
h512_wd0.001_s0,l17,55,0.0005,0.16386710920117117,0.9706830978393555,0.9971369224723516,0.7337612323491656,2.096380352442349,0.0965247392518155,0.8302831649780273,1.18080735206604
h512_wd0.001_s0,l17,56,0.0005,0.15950820019299333,1.0439631938934326,0.9976902903978636,0.7388960205391528,1.9874729803620304,0.09544122495144158,0.8348994255065918,1.2077652215957642
h512_wd0.001_s0,l17,57,0.0005,0.1488847896795381,1.0539072751998901,0.9976582110978339,0.7403080872913993,2.18195598316055,0.08160589191940054,0.838554859161377,1.2334504127502441
h512_wd0.001_s0,l17,58,0.0005,0.14754525334997612,1.0488578081130981,0.9988291055489169,0.7399229781771501,2.066383676484262,0.08374502572299071,0.8421557545661926,1.2600011825561523
h512_wd0.001_s0,l17,59,0.0005,0.1303625147451054,1.012294054031372,0.9988050460738946,0.7260590500641849,1.6939404611668216,0.07789794423018559,0.8459283709526062,1.2875914573669434
h512_wd0.001_s0,l17,60,0.0005,0.15427111292427237,1.1843808889389038,0.9988531650239392,0.7409499358151477,2.3134832116855253,0.0846434110185777,0.8502025008201599,1.3161851167678833
h512_wd0.001_s0,l17,61,0.0005,0.2037858306006952,1.0230499505996704,0.998331876398457,0.7399229781771502,3.219697386953536,0.13868038754545756,0.8559668660163879,1.3231201171875
h512_wd0.001_s0,l17,62,0.0005,0.13614865798841824,1.0407612323760986,0.9985724711486795,0.7409499358151476,2.005698542431988,0.0791943758687366,0.8609798550605774,1.3454163074493408
h512_wd0.001_s0,l17,63,0.0005,0.12323399582369761,1.076591968536377,0.9987569271238502,0.7337612323491656,1.8890437684919943,0.06842489738628446,0.8648364543914795,1.376293420791626
h512_wd0.001_s0,l17,64,0.0005,0.1367220070890405,1.3365156650543213,0.9970487043972701,0.735173299101412,2.37393669792643,0.08717516393616215,0.8687072992324829,1.4043811559677124
h512_wd0.001_s0,l17,65,0.0005,0.23668815601955762,1.1272839307785034,0.9989333632740134,0.7268292682926829,3.716583455840158,0.14197696527391143,0.8767787218093872,1.404299020767212
h512_wd0.001_s0,l17,66,0.0005,0.21264313025908035,0.9555988311767578,0.9984601935985757,0.7277278562259307,3.0931491335814756,0.11461580628560807,0.8825937509536743,1.4041835069656372
h512_wd0.001_s0,l17,67,0.0005,0.1634392555464398,1.0909948348999023,0.9992621760993176,0.7335044929396662,2.083456107908287,0.09490495635700752,0.8870578408241272,1.4321308135986328
h512_wd0.001_s0,l18,1,0.0005,0.7244568412954157,0.6882354021072388,0.7399056881815502,0.6498020781791192,0.8169100657484095,0.24827548578428732,0.2386472523212433,0.031930096447467804
h512_wd0.001_s0,l18,2,0.0005,0.6811442212624983,0.6846799850463867,0.7050739137853477,0.6138050470064325,0.5058058397373064,0.1567724406324483,0.27254509925842285,0.03689621016383171
h512_wd0.001_s0,l18,3,0.0005,0.6694323989478025,0.674623429775238,0.7563326973490312,0.6583374567046018,0.6389780816597956,0.17803714856296943,0.2874607741832733,0.034164007753133774
h512_wd0.001_s0,l18,4,0.0005,0.661649760874835,0.6633104681968689,0.7482200195448834,0.6434933201385453,0.8104285516500952,0.2180860842555668,0.3031865060329437,0.032344136387109756
h512_wd0.001_s0,l18,5,0.0005,0.6362140368331562,0.655160665512085,0.7683698636511703,0.6527709054923306,0.8292692920078928,0.20063842502726406,0.3195038139820099,0.03252624347805977
h512_wd0.001_s0,l18,6,0.0005,0.635424865917726,0.649543285369873,0.7868909674717297,0.6641514101929737,0.9863128020715505,0.2657291194332479,0.3372379541397095,0.03406187891960144
h512_wd0.001_s0,l18,7,0.0005,0.6020408354022286,0.681140124797821,0.8053422681371865,0.675284512617516,0.9939409367606323,0.25249313965187736,0.35544201731681824,0.047370195388793945
h512_wd0.001_s0,l18,8,0.0005,0.6051012819463556,0.6420949101448059,0.8124621899576527,0.6796140524492824,1.0538668639883033,0.2482696569969236,0.3690260648727417,0.05989829823374748
h512_wd0.001_s0,l18,9,0.0005,0.5784999132156372,0.6321868300437927,0.828997781810849,0.6898812469074715,1.0970314284878064,0.2459279668389325,0.3833721876144409,0.07459315657615662
h512_wd0.001_s0,l18,10,0.0005,0.575060638514432,0.6453285217285156,0.8351482153660014,0.6929737753587333,1.106955004845239,0.2805273679103684,0.39503684639930725,0.0910160019993782
h512_wd0.001_s0,l18,11,0.0005,0.5404082834720612,0.6259948015213013,0.8568337288845456,0.7037357743691242,0.8730359885988862,0.19754064814414232,0.40748661756515503,0.11402260512113571
h512_wd0.001_s0,l18,12,0.0005,0.5271792411804199,0.643666684627533,0.8717095568275243,0.7049727857496288,0.9042627502238503,0.2097824010399102,0.4203841984272003,0.15457923710346222
h512_wd0.001_s0,l18,13,0.0005,0.5201626243916425,0.6742013096809387,0.8832038097010874,0.7063334982681841,1.1373615905146093,0.2193419907157882,0.4331217408180237,0.18643486499786377
h512_wd0.001_s0,l18,14,0.0005,0.4991533566604961,0.683493435382843,0.8856934555664139,0.7057149925779318,1.156914254324321,0.19622030133874782,0.44603654742240906,0.21936532855033875
h512_wd0.001_s0,l18,15,0.0005,0.494656503200531,0.6235568523406982,0.9016008190236866,0.7157347847600197,1.2775635958972968,0.2291681233957668,0.4576137959957123,0.24399812519550323
h512_wd0.001_s0,l18,16,0.0005,0.4780845655636354,0.6221194863319397,0.9094265283013016,0.7199406234537358,1.224750005397267,0.19274184718267537,0.46937915682792664,0.2763894200325012
h512_wd0.001_s0,l18,17,0.0005,0.4396786784583872,0.6497909426689148,0.9098065677013045,0.7133844631370608,1.115811255227655,0.17136424481011794,0.48051244020462036,0.3203192353248596
h512_wd0.001_s0,l18,18,0.0005,0.4571946452964436,0.6728695631027222,0.9207113717095567,0.7199406234537358,1.5226606564372198,0.21225359108597744,0.4928615093231201,0.352089524269104
h512_wd0.001_s0,l18,19,0.0005,0.49100806360894983,0.6418555378913879,0.920246017342206,0.7137555665512124,1.8079332084262227,0.24347186097082849,0.5061066746711731,0.34179410338401794
h512_wd0.001_s0,l18,20,0.0005,0.4486130259253762,0.6365397572517395,0.9312283804116834,0.7180851063829787,1.421908571145155,0.17484178613968562,0.5157791376113892,0.3607608377933502
h512_wd0.001_s0,l18,21,0.0005,0.44696065512570465,0.7152107357978821,0.9273814509749174,0.7174666006927264,1.696743980992615,0.23121403536170843,0.5262980461120605,0.391121506690979
h512_wd0.001_s0,l18,22,0.0005,0.4684277447787198,0.6522858738899231,0.9364093257015218,0.7246412666996536,1.9804729056333736,0.2301410672961057,0.5371965169906616,0.38972872495651245
h512_wd0.001_s0,l18,23,0.0005,0.40525454960086127,0.6649123430252075,0.9399460188933874,0.7248886689757547,1.303885821536144,0.17051827792539165,0.5461090207099915,0.43287473917007446
h512_wd0.001_s0,l18,24,0.0005,0.38322232257236133,0.6591658592224121,0.9455147594893512,0.7229094507669471,1.4152497101564792,0.16075988889893036,0.5532659292221069,0.4704922139644623
h512_wd0.001_s0,l18,25,0.0005,0.37602571465752344,0.6819657683372498,0.9491833030852995,0.7187036120732312,1.472621311043792,0.17772574936307328,0.5615214109420776,0.5106143951416016
h512_wd0.001_s0,l18,26,0.0005,0.37259960580955853,0.6473987102508545,0.960561217367025,0.7219198416625433,1.637442847432144,0.14502785308110835,0.5699248313903809,0.5474113821983337
h512_wd0.001_s0,l18,27,0.0005,0.3638301823626865,0.6960724592208862,0.9571020832363845,0.7282285997031173,1.6828272199488468,0.15619083805159345,0.5791120529174805,0.58597332239151
h512_wd0.001_s0,l18,28,0.0005,0.3478318913416429,0.7512785792350769,0.9591651542649727,0.7253834735279565,1.5135066398791748,0.13686406512452592,0.586542010307312,0.6217578649520874
h512_wd0.001_s0,l18,29,0.0005,0.3472572388974103,0.6966223120689392,0.9669133044813625,0.7284760019792182,1.9887471102243561,0.1624931529447331,0.5941381454467773,0.6644173860549927
h512_wd0.001_s0,l18,30,0.0005,0.35798291726545856,0.7646448612213135,0.9679525959017792,0.7268678871845622,2.1082907467026506,0.16475904556457935,0.6020921468734741,0.6788799166679382
h512_wd0.001_s0,l18,31,0.0005,0.3402032303539189,0.7635253071784973,0.968464485705865,0.720806531420089,2.0943066241651014,0.1524796798071391,0.6094214916229248,0.712444543838501
h512_wd0.001_s0,l18,32,0.0005,0.2968214526772499,0.7297068238258362,0.9741340530814215,0.7250123701138049,1.549470476681455,0.13872544205334997,0.6156474351882935,0.7538366317749023
h512_wd0.001_s0,l18,33,0.0005,0.30510212684219534,0.7469353675842285,0.9759954705508245,0.7158584858980702,1.6913986567291333,0.11680147596776673,0.6221420168876648,0.7979738712310791
h512_wd0.001_s0,l18,34,0.0005,0.30385028367692773,0.8284149169921875,0.9760652737059271,0.7225383473527957,2.1701347845327423,0.1540122690631482,0.6296656131744385,0.837065577507019
h512_wd0.001_s0,l18,35,0.0005,0.28222471340136096,0.7749741673469543,0.9815176757100532,0.7283523008411678,1.7674538912533657,0.13427183024632294,0.6372953653335571,0.8660120368003845
h512_wd0.001_s0,l18,36,0.0005,0.2751868265596303,0.7766357660293579,0.9831386600896582,0.7262493814943097,1.8433374934646716,0.12857086766455175,0.6428355574607849,0.8955503106117249
h512_wd0.001_s0,l18,37,0.0005,0.3340349597009746,0.6909804344177246,0.9817193292692385,0.7235279564571994,2.8124726834945037,0.16876464201570848,0.6494108438491821,0.9135193228721619
h512_wd0.001_s0,l18,38,0.0005,0.2654591412706809,0.8179005980491638,0.9855274791753921,0.7279811974270164,1.7807563370663488,0.11766865851033102,0.6554242372512817,0.9539545774459839
h512_wd0.001_s0,l18,39,0.0005,0.2409880625253374,0.7618992924690247,0.9877844478570431,0.7302078179119248,1.997612848380684,0.11804600718004242,0.661286473274231,0.9932003021240234
h512_wd0.001_s0,l18,40,0.0005,0.24542964656244626,0.7895635962486267,0.9894286999550157,0.7299604156358239,2.09244616302706,0.11206567776592471,0.6662711501121521,1.030266284942627
h512_wd0.001_s0,l18,41,0.0005,0.23474134707992728,0.8570350408554077,0.9917554717917694,0.7290945076694705,1.7961966382048404,0.10371777496571045,0.6710478663444519,1.0727077722549438
h512_wd0.001_s0,l18,42,0.0005,0.19427244365215302,0.9174884557723999,0.9911194874897234,0.7257545769421079,1.8765423619561494,0.10412956658092141,0.6763627529144287,1.1187894344329834
h512_wd0.001_s0,l18,43,0.0005,0.19012044031511655,0.9719968438148499,0.9934617711387221,0.7269915883226126,1.9083469866156868,0.09464043987086002,0.6807878613471985,1.162557601928711
h512_wd0.001_s0,l18,44,0.0005,0.18751968104730954,0.9477493166923523,0.9920424403183024,0.7260019792182087,1.952567059898415,0.08557028203356626,0.6852168440818787,1.2021257877349854
h512_wd0.001_s0,l18,45,0.0005,0.22115675258365544,0.9198395013809204,0.9948578342407745,0.7271152894606631,2.6015182209281615,0.10511699838773204,0.6906225085258484,1.2302132844924927
h512_wd0.001_s0,l18,46,0.0005,0.23525431582873518,0.9588921666145325,0.9903516527835947,0.7279811974270164,3.056557703649822,0.1287110005341456,0.6972411870956421,1.257736086845398
h512_wd0.001_s0,l18,47,0.0005,0.22735277089205655,0.8919627070426941,0.9947802751795491,0.729465611083622,2.478815176246966,0.11545919202540382,0.7029419541358948,1.281590223312378
h512_wd0.001_s0,l18,48,0.0005,0.22771975804458966,0.88697350025177,0.9960212201591513,0.7206828302820386,2.624889642575854,0.10903133690892135,0.707513689994812,1.3132151365280151
h512_wd0.001_s0,l18,49,0.0005,0.18097107925198294,1.0651487112045288,0.9945863775264865,0.7274863928748143,2.2149151208639983,0.08750016587437304,0.7117956876754761,1.352250337600708
h512_wd0.001_s0,l18,50,0.0005,0.21996538815173236,0.925844669342041,0.9965718894938496,0.7324344383968332,2.9421298831388514,0.10774442039783821,0.7165663242340088,1.3854087591171265
h512_wd0.001_s0,l18,51,0.0005,0.184621584686366,0.9663448929786682,0.9967270076162997,0.727362691736764,2.3740668671844407,0.0979562857347236,0.7211552858352661,1.4258471727371216
h512_wd0.001_s0,l18,52,0.0005,0.21615392748605122,0.8990215063095093,0.9975568895714086,0.723156853043048,3.0198858828417894,0.10375846524803359,0.7262004613876343,1.4553121328353882
h512_wd0.001_s0,l18,53,0.0005,0.19176628711548718,1.0210503339767456,0.9958583461305783,0.7318159327065809,2.3467116481490633,0.09347895560754003,0.7303296327590942,1.4944502115249634
h512_wd0.001_s0,l18,54,0.0005,0.17148238589817827,1.0438625812530518,0.9973319682938557,0.7168480950024739,2.6134692193243985,0.0797235290503209,0.7346875667572021,1.5238890647888184
h512_wd0.001_s0,l18,55,0.0005,0.16045852869071744,0.9781889915466309,0.9986427164285604,0.7234042553191489,2.26248341972854,0.07790075877504725,0.7380613088607788,1.5560657978057861
h512_wd0.001_s0,l18,56,0.0005,0.21191845055330882,1.2909107208251953,0.9960134642530286,0.7177140029688273,3.4400670192926244,0.11004623568586958,0.7417747974395752,1.571799635887146
h512_wd0.001_s0,l18,57,0.0005,0.21346960419958289,0.8263332843780518,0.9979291730652892,0.7328055418109847,3.683088415485675,0.1046339006351757,0.7464914917945862,1.5700833797454834
h512_wd0.001_s0,l18,58,0.0005,0.15721249444918198,1.0696940422058105,0.9981618502489645,0.7276100940128649,1.9699001730716177,0.07943392884184425,0.7506070137023926,1.61188805103302
h512_wd0.001_s0,l18,59,0.0005,0.13925168273801153,1.070279836654663,0.9989994881101959,0.722909450766947,2.2120521338114023,0.07459660886555973,0.7543613314628601,1.6443382501602173
h512_wd0.001_s0,l18,60,0.0005,0.1613578735427423,1.1591466665267944,0.9989762203918284,0.7289708065314201,2.9539130892638528,0.08684242473920334,0.7577708959579468,1.6795145273208618
h512_wd0.001_s0,l18,61,0.0005,0.13326941193504768,1.125717043876648,0.9992709448244839,0.7235279564571994,2.4545337786338384,0.07203186751124264,0.7614067196846008,1.7115566730499268
h512_wd0.001_s0,l18,62,0.0005,0.12881061925806783,1.1162573099136353,0.9990537794530535,0.7222909450766947,1.98659227468275,0.0712180672048389,0.7643848061561584,1.7441807985305786
h512_wd0.001_s0,l18,63,0.0005,0.15093973651528358,1.1371015310287476,0.9980299998448818,0.7367639782285997,2.289902078323931,0.06860818236402433,0.7676011323928833,1.771494746208191
h512_wd0.001_s0,l18,64,0.0005,0.15120452269911766,1.1242915391921997,0.9990305117346859,0.7246412666996537,2.7202037416031755,0.08595189010341933,0.7715222835540771,1.8017691373825073
h512_wd0.001_s0,l18,65,0.0005,0.1423340653153983,1.1260236501693726,0.9995501574448943,0.7258782780801583,2.720756439123647,0.07005778580665714,0.7754371762275696,1.8268458843231201
h512_wd0.001_s0,l18,66,0.0005,0.16293671320785175,1.1992385387420654,0.9982859447469248,0.7175903018307769,3.629208459650005,0.08332516141500597,0.7786812782287598,1.8472537994384766
h512_wd0.001_s0,l18,67,0.0005,0.17096984758973122,1.3480896949768066,0.9954317712938403,0.7235279564571994,3.7306191092328302,0.09309725059617135,0.7820720076560974,1.8672027587890625
h512_wd0.001_s0,l18,68,0.0005,0.18640797212719917,1.1185098886489868,0.9981540943428421,0.7300841167738743,3.514785690695237,0.08959516380528915,0.7861871123313904,1.864640474319458
h512_wd0.001_s0,l18,69,0.0005,0.1648338037458333,1.2030014991760254,0.9988831495183582,0.7221672439386443,2.7331273387742137,0.06758428172070123,0.7892746925354004,1.879944086074829
h512_wd0.001_s0,l18,70,0.0005,0.22350186160342259,0.931635856628418,0.9991390944204012,0.73156853043048,3.9692939282171156,0.11218504428206563,0.7934107780456543,1.8714911937713623
h512_wd0.001_s0,l18,71,0.0005,0.20035169239748607,0.9325377345085144,0.9988676377061132,0.7245175655616032,3.499471238675761,0.08167025900290113,0.7975285053253174,1.888831615447998
h512_wd0.001_s0,l18,72,0.0005,0.23001076416535812,0.865985095500946,0.998107558906107,0.7307026224641268,4.108377661910025,0.10860979258297315,0.801540732383728,1.887965202331543
h512_wd0.001_s0,l18,73,0.0005,0.14731562781062993,1.0556563138961792,0.9976577163510013,0.7190747154873826,2.060861959945629,0.07073088613130275,0.8044379949569702,1.929140329360962
h512_wd0.001_s0,l18,74,0.0005,0.15425186536528848,1.0460975170135498,0.9969674407060977,0.7195695200395843,2.557726275284059,0.06652748273858601,0.8069107532501221,1.9640579223632812
h512_wd0.001_s0,l18,75,0.0005,0.14545158533887428,1.0217227935791016,0.9994493306653016,0.7240227610094011,2.4265192360604613,0.07307129061872154,0.8094421029090881,2.0001556873321533
h512_wd0.001_s0,l18,76,0.0005,0.12587683512405914,1.1766377687454224,0.9988443699877456,0.7251360712518555,2.4428980689029047,0.05922371766970167,0.8120411038398743,2.0394630432128906
h512_wd0.001_s0,l18,77,0.0005,0.1441247652877461,1.2545254230499268,0.9993019684489739,0.7169717961405245,2.7331776369550003,0.07409152389332835,0.8151117563247681,2.0669052600860596
h512_wd0.001_s0,l18,78,0.0005,0.18464790758761493,1.293765902519226,0.9974327950734484,0.7205591291439881,4.329145799707127,0.09139521507710892,0.8195978999137878,2.078447103500366
h512_wd0.001_s0,l18,79,0.0005,0.14165971834551205,1.1567450761795044,0.9991313385142787,0.7219198416625433,2.6767418713633253,0.06264717147762548,0.8233943581581116,2.100393295288086
h512_wd0.001_s0,l18,80,0.0005,0.12289329440417615,1.182776689529419,0.9997905905346921,0.7248886689757545,2.770556377567924,0.054987729844479284,0.8256466388702393,2.1299543380737305
h512_wd0.001_s0,l18,81,0.0005,0.1086743925274773,1.252792477607727,0.999364015697954,0.7178377041068776,2.494457544209286,0.055643250225380324,0.8277052640914917,2.1623406410217285
h512_wd0.001_s0,l18,82,0.0005,0.1198373714631254,1.3361358642578125,0.9990692912652985,0.721301335972291,2.3871065763576413,0.055466375010850034,0.8300265073776245,2.1927573680877686
h512_wd0.001_s0,l18,83,0.0005,0.11708488315343857,1.2420510053634644,0.9995966928816293,0.7257545769421079,2.2599832872480174,0.05239349473922025,0.83183354139328,2.225112199783325
