23:09:05 | INFO | Loading edge_weight + labels from ABIDEDataset...
/users/3171356m/A-GCL/.venv/lib/python3.12/site-packages/torch_geometric/data/in_memory_dataset.py:300: UserWarning: It is not recommended to directly access the internal storage format `data` of an 'InMemoryDataset'. If you are absolutely certain what you are doing, access the internal storage via `InMemoryDataset._data` instead to suppress this warning. Alternatively, you can access stacked individual attributes of every graph via `dataset.{attr_name}`.
  warnings.warn(msg)
/users/3171356m/A-GCL/.venv/lib/python3.12/site-packages/torch_geometric/deprecation.py:26: UserWarning: 'data.DataLoader' is deprecated, use 'loader.DataLoader' instead
  warnings.warn(out)
23:09:06 | INFO | N=956, ASD=455, NC=501
23:09:06 | INFO | Unique undirected edges: 4005
23:09:06 | INFO | ==============================================================================
23:09:06 | INFO | Step 1: nested CV, L1-penalized Logistic Regression, honest accuracy/AUC
23:09:06 | INFO | ==============================================================================
/users/3171356m/A-GCL/.venv/lib/python3.12/site-packages/sklearn/linear_model/_logistic.py:1403: FutureWarning: 'penalty' was deprecated in version 1.8 and will be removed in 1.10. To avoid this warning, leave 'penalty' set to its default value and use 'l1_ratio' or 'C' instead. Use l1_ratio=0 instead of penalty='l2', l1_ratio=1 instead of penalty='l1', l1_ratio set to a float between 0 and 1 instead of penalty='elasticnet', and C=np.inf instead of penalty=None.
  warnings.warn(
/users/3171356m/A-GCL/.venv/lib/python3.12/site-packages/sklearn/linear_model/_logistic.py:1429: UserWarning: Inconsistent values: penalty=l1 with l1_ratio=0.0. penalty is deprecated. Please use l1_ratio only.
  warnings.warn(
/users/3171356m/A-GCL/.venv/lib/python3.12/site-packages/sklearn/linear_model/_logistic.py:1403: FutureWarning: 'penalty' was deprecated in version 1.8 and will be removed in 1.10. To avoid this warning, leave 'penalty' set to its default value and use 'l1_ratio' or 'C' instead. Use l1_ratio=0 instead of penalty='l2', l1_ratio=1 instead of penalty='l1', l1_ratio set to a float between 0 and 1 instead of penalty='elasticnet', and C=np.inf instead of penalty=None.
  warnings.warn(
/users/3171356m/A-GCL/.venv/lib/python3.12/site-packages/sklearn/linear_model/_logistic.py:1429: UserWarning: Inconsistent values: penalty=l1 with l1_ratio=0.0. penalty is deprecated. Please use l1_ratio only.
  warnings.warn(
/users/3171356m/A-GCL/.venv/lib/python3.12/site-packages/sklearn/linear_model/_logistic.py:1403: FutureWarning: 'penalty' was deprecated in version 1.8 and will be removed in 1.10. To avoid this warning, leave 'penalty' set to its default value and use 'l1_ratio' or 'C' instead. Use l1_ratio=0 instead of penalty='l2', l1_ratio=1 instead of penalty='l1', l1_ratio set to a float between 0 and 1 instead of penalty='elasticnet', and C=np.inf instead of penalty=None.
  warnings.warn(
/users/3171356m/A-GCL/.venv/lib/python3.12/site-packages/sklearn/linear_model/_logistic.py:1429: UserWarning: Inconsistent values: penalty=l1 with l1_ratio=0.0. penalty is deprecated. Please use l1_ratio only.
  warnings.warn(
/users/3171356m/A-GCL/.venv/lib/python3.12/site-packages/sklearn/linear_model/_logistic.py:1403: FutureWarning: 'penalty' was deprecated in version 1.8 and will be removed in 1.10. To avoid this warning, leave 'penalty' set to its default value and use 'l1_ratio' or 'C' instead. Use l1_ratio=0 instead of penalty='l2', l1_ratio=1 instead of penalty='l1', l1_ratio set to a float between 0 and 1 instead of penalty='elasticnet', and C=np.inf instead of penalty=None.
  warnings.warn(
/users/3171356m/A-GCL/.venv/lib/python3.12/site-packages/sklearn/linear_model/_logistic.py:1429: UserWarning: Inconsistent values: penalty=l1 with l1_ratio=0.0. penalty is deprecated. Please use l1_ratio only.
  warnings.warn(
/users/3171356m/A-GCL/.venv/lib/python3.12/site-packages/sklearn/linear_model/_logistic.py:1403: FutureWarning: 'penalty' was deprecated in version 1.8 and will be removed in 1.10. To avoid this warning, leave 'penalty' set to its default value and use 'l1_ratio' or 'C' instead. Use l1_ratio=0 instead of penalty='l2', l1_ratio=1 instead of penalty='l1', l1_ratio set to a float between 0 and 1 instead of penalty='elasticnet', and C=np.inf instead of penalty=None.
  warnings.warn(
/users/3171356m/A-GCL/.venv/lib/python3.12/site-packages/sklearn/linear_model/_logistic.py:1429: UserWarning: Inconsistent values: penalty=l1 with l1_ratio=0.0. penalty is deprecated. Please use l1_ratio only.
  warnings.warn(
/users/3171356m/A-GCL/.venv/lib/python3.12/site-packages/sklearn/linear_model/_logistic.py:1403: FutureWarning: 'penalty' was deprecated in version 1.8 and will be removed in 1.10. To avoid this warning, leave 'penalty' set to its default value and use 'l1_ratio' or 'C' instead. Use l1_ratio=0 instead of penalty='l2', l1_ratio=1 instead of penalty='l1', l1_ratio set to a float between 0 and 1 instead of penalty='elasticnet', and C=np.inf instead of penalty=None.
  warnings.warn(
/users/3171356m/A-GCL/.venv/lib/python3.12/site-packages/sklearn/linear_model/_logistic.py:1429: UserWarning: Inconsistent values: penalty=l1 with l1_ratio=0.0. penalty is deprecated. Please use l1_ratio only.
  warnings.warn(
/users/3171356m/A-GCL/.venv/lib/python3.12/site-packages/sklearn/linear_model/_logistic.py:1403: FutureWarning: 'penalty' was deprecated in version 1.8 and will be removed in 1.10. To avoid this warning, leave 'penalty' set to its default value and use 'l1_ratio' or 'C' instead. Use l1_ratio=0 instead of penalty='l2', l1_ratio=1 instead of penalty='l1', l1_ratio set to a float between 0 and 1 instead of penalty='elasticnet', and C=np.inf instead of penalty=None.
  warnings.warn(
/users/3171356m/A-GCL/.venv/lib/python3.12/site-packages/sklearn/linear_model/_logistic.py:1429: UserWarning: Inconsistent values: penalty=l1 with l1_ratio=0.0. penalty is deprecated. Please use l1_ratio only.
  warnings.warn(
/users/3171356m/A-GCL/.venv/lib/python3.12/site-packages/sklearn/linear_model/_logistic.py:1403: FutureWarning: 'penalty' was deprecated in version 1.8 and will be removed in 1.10. To avoid this warning, leave 'penalty' set to its default value and use 'l1_ratio' or 'C' instead. Use l1_ratio=0 instead of penalty='l2', l1_ratio=1 instead of penalty='l1', l1_ratio set to a float between 0 and 1 instead of penalty='elasticnet', and C=np.inf instead of penalty=None.
  warnings.warn(
/users/3171356m/A-GCL/.venv/lib/python3.12/site-packages/sklearn/linear_model/_logistic.py:1429: UserWarning: Inconsistent values: penalty=l1 with l1_ratio=0.0. penalty is deprecated. Please use l1_ratio only.
  warnings.warn(
/users/3171356m/A-GCL/.venv/lib/python3.12/site-packages/sklearn/linear_model/_logistic.py:1403: FutureWarning: 'penalty' was deprecated in version 1.8 and will be removed in 1.10. To avoid this warning, leave 'penalty' set to its default value and use 'l1_ratio' or 'C' instead. Use l1_ratio=0 instead of penalty='l2', l1_ratio=1 instead of penalty='l1', l1_ratio set to a float between 0 and 1 instead of penalty='elasticnet', and C=np.inf instead of penalty=None.
  warnings.warn(
/users/3171356m/A-GCL/.venv/lib/python3.12/site-packages/sklearn/linear_model/_logistic.py:1429: UserWarning: Inconsistent values: penalty=l1 with l1_ratio=0.0. penalty is deprecated. Please use l1_ratio only.
  warnings.warn(
/users/3171356m/A-GCL/.venv/lib/python3.12/site-packages/sklearn/linear_model/_logistic.py:1403: FutureWarning: 'penalty' was deprecated in version 1.8 and will be removed in 1.10. To avoid this warning, leave 'penalty' set to its default value and use 'l1_ratio' or 'C' instead. Use l1_ratio=0 instead of penalty='l2', l1_ratio=1 instead of penalty='l1', l1_ratio set to a float between 0 and 1 instead of penalty='elasticnet', and C=np.inf instead of penalty=None.
  warnings.warn(
/users/3171356m/A-GCL/.venv/lib/python3.12/site-packages/sklearn/linear_model/_logistic.py:1429: UserWarning: Inconsistent values: penalty=l1 with l1_ratio=0.0. penalty is deprecated. Please use l1_ratio only.
  warnings.warn(
/users/3171356m/A-GCL/.venv/lib/python3.12/site-packages/sklearn/linear_model/_logistic.py:1403: FutureWarning: 'penalty' was deprecated in version 1.8 and will be removed in 1.10. To avoid this warning, leave 'penalty' set to its default value and use 'l1_ratio' or 'C' instead. Use l1_ratio=0 instead of penalty='l2', l1_ratio=1 instead of penalty='l1', l1_ratio set to a float between 0 and 1 instead of penalty='elasticnet', and C=np.inf instead of penalty=None.
  warnings.warn(
/users/3171356m/A-GCL/.venv/lib/python3.12/site-packages/sklearn/linear_model/_logistic.py:1429: UserWarning: Inconsistent values: penalty=l1 with l1_ratio=0.0. penalty is deprecated. Please use l1_ratio only.
  warnings.warn(
/users/3171356m/A-GCL/.venv/lib/python3.12/site-packages/sklearn/linear_model/_logistic.py:1403: FutureWarning: 'penalty' was deprecated in version 1.8 and will be removed in 1.10. To avoid this warning, leave 'penalty' set to its default value and use 'l1_ratio' or 'C' instead. Use l1_ratio=0 instead of penalty='l2', l1_ratio=1 instead of penalty='l1', l1_ratio set to a float between 0 and 1 instead of penalty='elasticnet', and C=np.inf instead of penalty=None.
  warnings.warn(
/users/3171356m/A-GCL/.venv/lib/python3.12/site-packages/sklearn/linear_model/_logistic.py:1429: UserWarning: Inconsistent values: penalty=l1 with l1_ratio=0.0. penalty is deprecated. Please use l1_ratio only.
  warnings.warn(
/users/3171356m/A-GCL/.venv/lib/python3.12/site-packages/sklearn/linear_model/_logistic.py:1403: FutureWarning: 'penalty' was deprecated in version 1.8 and will be removed in 1.10. To avoid this warning, leave 'penalty' set to its default value and use 'l1_ratio' or 'C' instead. Use l1_ratio=0 instead of penalty='l2', l1_ratio=1 instead of penalty='l1', l1_ratio set to a float between 0 and 1 instead of penalty='elasticnet', and C=np.inf instead of penalty=None.
  warnings.warn(
/users/3171356m/A-GCL/.venv/lib/python3.12/site-packages/sklearn/linear_model/_logistic.py:1429: UserWarning: Inconsistent values: penalty=l1 with l1_ratio=0.0. penalty is deprecated. Please use l1_ratio only.
  warnings.warn(
/users/3171356m/A-GCL/.venv/lib/python3.12/site-packages/sklearn/linear_model/_logistic.py:1403: FutureWarning: 'penalty' was deprecated in version 1.8 and will be removed in 1.10. To avoid this warning, leave 'penalty' set to its default value and use 'l1_ratio' or 'C' instead. Use l1_ratio=0 instead of penalty='l2', l1_ratio=1 instead of penalty='l1', l1_ratio set to a float between 0 and 1 instead of penalty='elasticnet', and C=np.inf instead of penalty=None.
  warnings.warn(
/users/3171356m/A-GCL/.venv/lib/python3.12/site-packages/sklearn/linear_model/_logistic.py:1429: UserWarning: Inconsistent values: penalty=l1 with l1_ratio=0.0. penalty is deprecated. Please use l1_ratio only.
  warnings.warn(
/users/3171356m/A-GCL/.venv/lib/python3.12/site-packages/sklearn/linear_model/_logistic.py:1403: FutureWarning: 'penalty' was deprecated in version 1.8 and will be removed in 1.10. To avoid this warning, leave 'penalty' set to its default value and use 'l1_ratio' or 'C' instead. Use l1_ratio=0 instead of penalty='l2', l1_ratio=1 instead of penalty='l1', l1_ratio set to a float between 0 and 1 instead of penalty='elasticnet', and C=np.inf instead of penalty=None.
  warnings.warn(
/users/3171356m/A-GCL/.venv/lib/python3.12/site-packages/sklearn/linear_model/_logistic.py:1429: UserWarning: Inconsistent values: penalty=l1 with l1_ratio=0.0. penalty is deprecated. Please use l1_ratio only.
  warnings.warn(
/users/3171356m/A-GCL/.venv/lib/python3.12/site-packages/sklearn/linear_model/_logistic.py:1403: FutureWarning: 'penalty' was deprecated in version 1.8 and will be removed in 1.10. To avoid this warning, leave 'penalty' set to its default value and use 'l1_ratio' or 'C' instead. Use l1_ratio=0 instead of penalty='l2', l1_ratio=1 instead of penalty='l1', l1_ratio set to a float between 0 and 1 instead of penalty='elasticnet', and C=np.inf instead of penalty=None.
  warnings.warn(
/users/3171356m/A-GCL/.venv/lib/python3.12/site-packages/sklearn/linear_model/_logistic.py:1429: UserWarning: Inconsistent values: penalty=l1 with l1_ratio=0.0. penalty is deprecated. Please use l1_ratio only.
  warnings.warn(
/users/3171356m/A-GCL/.venv/lib/python3.12/site-packages/sklearn/linear_model/_logistic.py:1403: FutureWarning: 'penalty' was deprecated in version 1.8 and will be removed in 1.10. To avoid this warning, leave 'penalty' set to its default value and use 'l1_ratio' or 'C' instead. Use l1_ratio=0 instead of penalty='l2', l1_ratio=1 instead of penalty='l1', l1_ratio set to a float between 0 and 1 instead of penalty='elasticnet', and C=np.inf instead of penalty=None.
  warnings.warn(
/users/3171356m/A-GCL/.venv/lib/python3.12/site-packages/sklearn/linear_model/_logistic.py:1429: UserWarning: Inconsistent values: penalty=l1 with l1_ratio=0.0. penalty is deprecated. Please use l1_ratio only.
  warnings.warn(
/users/3171356m/A-GCL/.venv/lib/python3.12/site-packages/sklearn/linear_model/_logistic.py:1403: FutureWarning: 'penalty' was deprecated in version 1.8 and will be removed in 1.10. To avoid this warning, leave 'penalty' set to its default value and use 'l1_ratio' or 'C' instead. Use l1_ratio=0 instead of penalty='l2', l1_ratio=1 instead of penalty='l1', l1_ratio set to a float between 0 and 1 instead of penalty='elasticnet', and C=np.inf instead of penalty=None.
  warnings.warn(
/users/3171356m/A-GCL/.venv/lib/python3.12/site-packages/sklearn/linear_model/_logistic.py:1429: UserWarning: Inconsistent values: penalty=l1 with l1_ratio=0.0. penalty is deprecated. Please use l1_ratio only.
  warnings.warn(
/users/3171356m/A-GCL/.venv/lib/python3.12/site-packages/sklearn/linear_model/_logistic.py:1403: FutureWarning: 'penalty' was deprecated in version 1.8 and will be removed in 1.10. To avoid this warning, leave 'penalty' set to its default value and use 'l1_ratio' or 'C' instead. Use l1_ratio=0 instead of penalty='l2', l1_ratio=1 instead of penalty='l1', l1_ratio set to a float between 0 and 1 instead of penalty='elasticnet', and C=np.inf instead of penalty=None.
  warnings.warn(
/users/3171356m/A-GCL/.venv/lib/python3.12/site-packages/sklearn/linear_model/_logistic.py:1429: UserWarning: Inconsistent values: penalty=l1 with l1_ratio=0.0. penalty is deprecated. Please use l1_ratio only.
  warnings.warn(
/users/3171356m/A-GCL/.venv/lib/python3.12/site-packages/sklearn/linear_model/_logistic.py:1403: FutureWarning: 'penalty' was deprecated in version 1.8 and will be removed in 1.10. To avoid this warning, leave 'penalty' set to its default value and use 'l1_ratio' or 'C' instead. Use l1_ratio=0 instead of penalty='l2', l1_ratio=1 instead of penalty='l1', l1_ratio set to a float between 0 and 1 instead of penalty='elasticnet', and C=np.inf instead of penalty=None.
  warnings.warn(
/users/3171356m/A-GCL/.venv/lib/python3.12/site-packages/sklearn/linear_model/_logistic.py:1429: UserWarning: Inconsistent values: penalty=l1 with l1_ratio=0.0. penalty is deprecated. Please use l1_ratio only.
  warnings.warn(
/users/3171356m/A-GCL/.venv/lib/python3.12/site-packages/sklearn/linear_model/_logistic.py:1403: FutureWarning: 'penalty' was deprecated in version 1.8 and will be removed in 1.10. To avoid this warning, leave 'penalty' set to its default value and use 'l1_ratio' or 'C' instead. Use l1_ratio=0 instead of penalty='l2', l1_ratio=1 instead of penalty='l1', l1_ratio set to a float between 0 and 1 instead of penalty='elasticnet', and C=np.inf instead of penalty=None.
  warnings.warn(
/users/3171356m/A-GCL/.venv/lib/python3.12/site-packages/sklearn/linear_model/_logistic.py:1429: UserWarning: Inconsistent values: penalty=l1 with l1_ratio=0.0. penalty is deprecated. Please use l1_ratio only.
  warnings.warn(
/users/3171356m/A-GCL/.venv/lib/python3.12/site-packages/sklearn/linear_model/_logistic.py:1403: FutureWarning: 'penalty' was deprecated in version 1.8 and will be removed in 1.10. To avoid this warning, leave 'penalty' set to its default value and use 'l1_ratio' or 'C' instead. Use l1_ratio=0 instead of penalty='l2', l1_ratio=1 instead of penalty='l1', l1_ratio set to a float between 0 and 1 instead of penalty='elasticnet', and C=np.inf instead of penalty=None.
  warnings.warn(
/users/3171356m/A-GCL/.venv/lib/python3.12/site-packages/sklearn/linear_model/_logistic.py:1429: UserWarning: Inconsistent values: penalty=l1 with l1_ratio=0.0. penalty is deprecated. Please use l1_ratio only.
  warnings.warn(
/users/3171356m/A-GCL/.venv/lib/python3.12/site-packages/sklearn/linear_model/_logistic.py:1403: FutureWarning: 'penalty' was deprecated in version 1.8 and will be removed in 1.10. To avoid this warning, leave 'penalty' set to its default value and use 'l1_ratio' or 'C' instead. Use l1_ratio=0 instead of penalty='l2', l1_ratio=1 instead of penalty='l1', l1_ratio set to a float between 0 and 1 instead of penalty='elasticnet', and C=np.inf instead of penalty=None.
  warnings.warn(
/users/3171356m/A-GCL/.venv/lib/python3.12/site-packages/sklearn/linear_model/_logistic.py:1429: UserWarning: Inconsistent values: penalty=l1 with l1_ratio=0.0. penalty is deprecated. Please use l1_ratio only.
  warnings.warn(
/users/3171356m/A-GCL/.venv/lib/python3.12/site-packages/sklearn/linear_model/_logistic.py:1403: FutureWarning: 'penalty' was deprecated in version 1.8 and will be removed in 1.10. To avoid this warning, leave 'penalty' set to its default value and use 'l1_ratio' or 'C' instead. Use l1_ratio=0 instead of penalty='l2', l1_ratio=1 instead of penalty='l1', l1_ratio set to a float between 0 and 1 instead of penalty='elasticnet', and C=np.inf instead of penalty=None.
  warnings.warn(
/users/3171356m/A-GCL/.venv/lib/python3.12/site-packages/sklearn/linear_model/_logistic.py:1429: UserWarning: Inconsistent values: penalty=l1 with l1_ratio=0.0. penalty is deprecated. Please use l1_ratio only.
  warnings.warn(
/users/3171356m/A-GCL/.venv/lib/python3.12/site-packages/sklearn/linear_model/_logistic.py:1403: FutureWarning: 'penalty' was deprecated in version 1.8 and will be removed in 1.10. To avoid this warning, leave 'penalty' set to its default value and use 'l1_ratio' or 'C' instead. Use l1_ratio=0 instead of penalty='l2', l1_ratio=1 instead of penalty='l1', l1_ratio set to a float between 0 and 1 instead of penalty='elasticnet', and C=np.inf instead of penalty=None.
  warnings.warn(
/users/3171356m/A-GCL/.venv/lib/python3.12/site-packages/sklearn/linear_model/_logistic.py:1429: UserWarning: Inconsistent values: penalty=l1 with l1_ratio=0.0. penalty is deprecated. Please use l1_ratio only.
  warnings.warn(
/users/3171356m/A-GCL/.venv/lib/python3.12/site-packages/sklearn/linear_model/_logistic.py:1403: FutureWarning: 'penalty' was deprecated in version 1.8 and will be removed in 1.10. To avoid this warning, leave 'penalty' set to its default value and use 'l1_ratio' or 'C' instead. Use l1_ratio=0 instead of penalty='l2', l1_ratio=1 instead of penalty='l1', l1_ratio set to a float between 0 and 1 instead of penalty='elasticnet', and C=np.inf instead of penalty=None.
  warnings.warn(
/users/3171356m/A-GCL/.venv/lib/python3.12/site-packages/sklearn/linear_model/_logistic.py:1429: UserWarning: Inconsistent values: penalty=l1 with l1_ratio=0.0. penalty is deprecated. Please use l1_ratio only.
  warnings.warn(
/users/3171356m/A-GCL/.venv/lib/python3.12/site-packages/sklearn/linear_model/_logistic.py:1403: FutureWarning: 'penalty' was deprecated in version 1.8 and will be removed in 1.10. To avoid this warning, leave 'penalty' set to its default value and use 'l1_ratio' or 'C' instead. Use l1_ratio=0 instead of penalty='l2', l1_ratio=1 instead of penalty='l1', l1_ratio set to a float between 0 and 1 instead of penalty='elasticnet', and C=np.inf instead of penalty=None.
  warnings.warn(
/users/3171356m/A-GCL/.venv/lib/python3.12/site-packages/sklearn/linear_model/_logistic.py:1429: UserWarning: Inconsistent values: penalty=l1 with l1_ratio=0.0. penalty is deprecated. Please use l1_ratio only.
  warnings.warn(
/users/3171356m/A-GCL/.venv/lib/python3.12/site-packages/sklearn/linear_model/_logistic.py:1403: FutureWarning: 'penalty' was deprecated in version 1.8 and will be removed in 1.10. To avoid this warning, leave 'penalty' set to its default value and use 'l1_ratio' or 'C' instead. Use l1_ratio=0 instead of penalty='l2', l1_ratio=1 instead of penalty='l1', l1_ratio set to a float between 0 and 1 instead of penalty='elasticnet', and C=np.inf instead of penalty=None.
  warnings.warn(
/users/3171356m/A-GCL/.venv/lib/python3.12/site-packages/sklearn/linear_model/_logistic.py:1429: UserWarning: Inconsistent values: penalty=l1 with l1_ratio=0.0. penalty is deprecated. Please use l1_ratio only.
  warnings.warn(
/users/3171356m/A-GCL/.venv/lib/python3.12/site-packages/sklearn/linear_model/_logistic.py:1403: FutureWarning: 'penalty' was deprecated in version 1.8 and will be removed in 1.10. To avoid this warning, leave 'penalty' set to its default value and use 'l1_ratio' or 'C' instead. Use l1_ratio=0 instead of penalty='l2', l1_ratio=1 instead of penalty='l1', l1_ratio set to a float between 0 and 1 instead of penalty='elasticnet', and C=np.inf instead of penalty=None.
  warnings.warn(
/users/3171356m/A-GCL/.venv/lib/python3.12/site-packages/sklearn/linear_model/_logistic.py:1429: UserWarning: Inconsistent values: penalty=l1 with l1_ratio=0.0. penalty is deprecated. Please use l1_ratio only.
  warnings.warn(
/users/3171356m/A-GCL/.venv/lib/python3.12/site-packages/sklearn/linear_model/_logistic.py:1403: FutureWarning: 'penalty' was deprecated in version 1.8 and will be removed in 1.10. To avoid this warning, leave 'penalty' set to its default value and use 'l1_ratio' or 'C' instead. Use l1_ratio=0 instead of penalty='l2', l1_ratio=1 instead of penalty='l1', l1_ratio set to a float between 0 and 1 instead of penalty='elasticnet', and C=np.inf instead of penalty=None.
  warnings.warn(
/users/3171356m/A-GCL/.venv/lib/python3.12/site-packages/sklearn/linear_model/_logistic.py:1429: UserWarning: Inconsistent values: penalty=l1 with l1_ratio=0.0. penalty is deprecated. Please use l1_ratio only.
  warnings.warn(
/users/3171356m/A-GCL/.venv/lib/python3.12/site-packages/sklearn/linear_model/_logistic.py:1403: FutureWarning: 'penalty' was deprecated in version 1.8 and will be removed in 1.10. To avoid this warning, leave 'penalty' set to its default value and use 'l1_ratio' or 'C' instead. Use l1_ratio=0 instead of penalty='l2', l1_ratio=1 instead of penalty='l1', l1_ratio set to a float between 0 and 1 instead of penalty='elasticnet', and C=np.inf instead of penalty=None.
  warnings.warn(
/users/3171356m/A-GCL/.venv/lib/python3.12/site-packages/sklearn/linear_model/_logistic.py:1429: UserWarning: Inconsistent values: penalty=l1 with l1_ratio=0.0. penalty is deprecated. Please use l1_ratio only.
  warnings.warn(
/users/3171356m/A-GCL/.venv/lib/python3.12/site-packages/sklearn/linear_model/_logistic.py:1403: FutureWarning: 'penalty' was deprecated in version 1.8 and will be removed in 1.10. To avoid this warning, leave 'penalty' set to its default value and use 'l1_ratio' or 'C' instead. Use l1_ratio=0 instead of penalty='l2', l1_ratio=1 instead of penalty='l1', l1_ratio set to a float between 0 and 1 instead of penalty='elasticnet', and C=np.inf instead of penalty=None.
  warnings.warn(
/users/3171356m/A-GCL/.venv/lib/python3.12/site-packages/sklearn/linear_model/_logistic.py:1429: UserWarning: Inconsistent values: penalty=l1 with l1_ratio=0.0. penalty is deprecated. Please use l1_ratio only.
  warnings.warn(
/users/3171356m/A-GCL/.venv/lib/python3.12/site-packages/sklearn/linear_model/_logistic.py:1403: FutureWarning: 'penalty' was deprecated in version 1.8 and will be removed in 1.10. To avoid this warning, leave 'penalty' set to its default value and use 'l1_ratio' or 'C' instead. Use l1_ratio=0 instead of penalty='l2', l1_ratio=1 instead of penalty='l1', l1_ratio set to a float between 0 and 1 instead of penalty='elasticnet', and C=np.inf instead of penalty=None.
  warnings.warn(
/users/3171356m/A-GCL/.venv/lib/python3.12/site-packages/sklearn/linear_model/_logistic.py:1429: UserWarning: Inconsistent values: penalty=l1 with l1_ratio=0.0. penalty is deprecated. Please use l1_ratio only.
  warnings.warn(
/users/3171356m/A-GCL/.venv/lib/python3.12/site-packages/sklearn/linear_model/_logistic.py:1403: FutureWarning: 'penalty' was deprecated in version 1.8 and will be removed in 1.10. To avoid this warning, leave 'penalty' set to its default value and use 'l1_ratio' or 'C' instead. Use l1_ratio=0 instead of penalty='l2', l1_ratio=1 instead of penalty='l1', l1_ratio set to a float between 0 and 1 instead of penalty='elasticnet', and C=np.inf instead of penalty=None.
  warnings.warn(
/users/3171356m/A-GCL/.venv/lib/python3.12/site-packages/sklearn/linear_model/_logistic.py:1429: UserWarning: Inconsistent values: penalty=l1 with l1_ratio=0.0. penalty is deprecated. Please use l1_ratio only.
  warnings.warn(
/users/3171356m/A-GCL/.venv/lib/python3.12/site-packages/sklearn/linear_model/_logistic.py:1403: FutureWarning: 'penalty' was deprecated in version 1.8 and will be removed in 1.10. To avoid this warning, leave 'penalty' set to its default value and use 'l1_ratio' or 'C' instead. Use l1_ratio=0 instead of penalty='l2', l1_ratio=1 instead of penalty='l1', l1_ratio set to a float between 0 and 1 instead of penalty='elasticnet', and C=np.inf instead of penalty=None.
  warnings.warn(
/users/3171356m/A-GCL/.venv/lib/python3.12/site-packages/sklearn/linear_model/_logistic.py:1429: UserWarning: Inconsistent values: penalty=l1 with l1_ratio=0.0. penalty is deprecated. Please use l1_ratio only.
  warnings.warn(
/users/3171356m/A-GCL/.venv/lib/python3.12/site-packages/sklearn/linear_model/_logistic.py:1403: FutureWarning: 'penalty' was deprecated in version 1.8 and will be removed in 1.10. To avoid this warning, leave 'penalty' set to its default value and use 'l1_ratio' or 'C' instead. Use l1_ratio=0 instead of penalty='l2', l1_ratio=1 instead of penalty='l1', l1_ratio set to a float between 0 and 1 instead of penalty='elasticnet', and C=np.inf instead of penalty=None.
  warnings.warn(
/users/3171356m/A-GCL/.venv/lib/python3.12/site-packages/sklearn/linear_model/_logistic.py:1429: UserWarning: Inconsistent values: penalty=l1 with l1_ratio=0.0. penalty is deprecated. Please use l1_ratio only.
  warnings.warn(
/users/3171356m/A-GCL/.venv/lib/python3.12/site-packages/sklearn/linear_model/_logistic.py:1403: FutureWarning: 'penalty' was deprecated in version 1.8 and will be removed in 1.10. To avoid this warning, leave 'penalty' set to its default value and use 'l1_ratio' or 'C' instead. Use l1_ratio=0 instead of penalty='l2', l1_ratio=1 instead of penalty='l1', l1_ratio set to a float between 0 and 1 instead of penalty='elasticnet', and C=np.inf instead of penalty=None.
  warnings.warn(
/users/3171356m/A-GCL/.venv/lib/python3.12/site-packages/sklearn/linear_model/_logistic.py:1429: UserWarning: Inconsistent values: penalty=l1 with l1_ratio=0.0. penalty is deprecated. Please use l1_ratio only.
  warnings.warn(
/users/3171356m/A-GCL/.venv/lib/python3.12/site-packages/sklearn/linear_model/_logistic.py:1403: FutureWarning: 'penalty' was deprecated in version 1.8 and will be removed in 1.10. To avoid this warning, leave 'penalty' set to its default value and use 'l1_ratio' or 'C' instead. Use l1_ratio=0 instead of penalty='l2', l1_ratio=1 instead of penalty='l1', l1_ratio set to a float between 0 and 1 instead of penalty='elasticnet', and C=np.inf instead of penalty=None.
  warnings.warn(
/users/3171356m/A-GCL/.venv/lib/python3.12/site-packages/sklearn/linear_model/_logistic.py:1429: UserWarning: Inconsistent values: penalty=l1 with l1_ratio=0.0. penalty is deprecated. Please use l1_ratio only.
  warnings.warn(
/users/3171356m/A-GCL/.venv/lib/python3.12/site-packages/sklearn/linear_model/_logistic.py:1403: FutureWarning: 'penalty' was deprecated in version 1.8 and will be removed in 1.10. To avoid this warning, leave 'penalty' set to its default value and use 'l1_ratio' or 'C' instead. Use l1_ratio=0 instead of penalty='l2', l1_ratio=1 instead of penalty='l1', l1_ratio set to a float between 0 and 1 instead of penalty='elasticnet', and C=np.inf instead of penalty=None.
  warnings.warn(
/users/3171356m/A-GCL/.venv/lib/python3.12/site-packages/sklearn/linear_model/_logistic.py:1429: UserWarning: Inconsistent values: penalty=l1 with l1_ratio=0.0. penalty is deprecated. Please use l1_ratio only.
  warnings.warn(
/users/3171356m/A-GCL/.venv/lib/python3.12/site-packages/sklearn/linear_model/_logistic.py:1403: FutureWarning: 'penalty' was deprecated in version 1.8 and will be removed in 1.10. To avoid this warning, leave 'penalty' set to its default value and use 'l1_ratio' or 'C' instead. Use l1_ratio=0 instead of penalty='l2', l1_ratio=1 instead of penalty='l1', l1_ratio set to a float between 0 and 1 instead of penalty='elasticnet', and C=np.inf instead of penalty=None.
  warnings.warn(
/users/3171356m/A-GCL/.venv/lib/python3.12/site-packages/sklearn/linear_model/_logistic.py:1429: UserWarning: Inconsistent values: penalty=l1 with l1_ratio=0.0. penalty is deprecated. Please use l1_ratio only.
  warnings.warn(
/users/3171356m/A-GCL/.venv/lib/python3.12/site-packages/sklearn/linear_model/_logistic.py:1403: FutureWarning: 'penalty' was deprecated in version 1.8 and will be removed in 1.10. To avoid this warning, leave 'penalty' set to its default value and use 'l1_ratio' or 'C' instead. Use l1_ratio=0 instead of penalty='l2', l1_ratio=1 instead of penalty='l1', l1_ratio set to a float between 0 and 1 instead of penalty='elasticnet', and C=np.inf instead of penalty=None.
  warnings.warn(
/users/3171356m/A-GCL/.venv/lib/python3.12/site-packages/sklearn/linear_model/_logistic.py:1429: UserWarning: Inconsistent values: penalty=l1 with l1_ratio=0.0. penalty is deprecated. Please use l1_ratio only.
  warnings.warn(
/users/3171356m/A-GCL/.venv/lib/python3.12/site-packages/sklearn/linear_model/_logistic.py:1403: FutureWarning: 'penalty' was deprecated in version 1.8 and will be removed in 1.10. To avoid this warning, leave 'penalty' set to its default value and use 'l1_ratio' or 'C' instead. Use l1_ratio=0 instead of penalty='l2', l1_ratio=1 instead of penalty='l1', l1_ratio set to a float between 0 and 1 instead of penalty='elasticnet', and C=np.inf instead of penalty=None.
  warnings.warn(
/users/3171356m/A-GCL/.venv/lib/python3.12/site-packages/sklearn/linear_model/_logistic.py:1429: UserWarning: Inconsistent values: penalty=l1 with l1_ratio=0.0. penalty is deprecated. Please use l1_ratio only.
  warnings.warn(
/users/3171356m/A-GCL/.venv/lib/python3.12/site-packages/sklearn/linear_model/_logistic.py:1403: FutureWarning: 'penalty' was deprecated in version 1.8 and will be removed in 1.10. To avoid this warning, leave 'penalty' set to its default value and use 'l1_ratio' or 'C' instead. Use l1_ratio=0 instead of penalty='l2', l1_ratio=1 instead of penalty='l1', l1_ratio set to a float between 0 and 1 instead of penalty='elasticnet', and C=np.inf instead of penalty=None.
  warnings.warn(
/users/3171356m/A-GCL/.venv/lib/python3.12/site-packages/sklearn/linear_model/_logistic.py:1429: UserWarning: Inconsistent values: penalty=l1 with l1_ratio=0.0. penalty is deprecated. Please use l1_ratio only.
  warnings.warn(
/users/3171356m/A-GCL/.venv/lib/python3.12/site-packages/sklearn/linear_model/_logistic.py:1403: FutureWarning: 'penalty' was deprecated in version 1.8 and will be removed in 1.10. To avoid this warning, leave 'penalty' set to its default value and use 'l1_ratio' or 'C' instead. Use l1_ratio=0 instead of penalty='l2', l1_ratio=1 instead of penalty='l1', l1_ratio set to a float between 0 and 1 instead of penalty='elasticnet', and C=np.inf instead of penalty=None.
  warnings.warn(
/users/3171356m/A-GCL/.venv/lib/python3.12/site-packages/sklearn/linear_model/_logistic.py:1429: UserWarning: Inconsistent values: penalty=l1 with l1_ratio=0.0. penalty is deprecated. Please use l1_ratio only.
  warnings.warn(
/users/3171356m/A-GCL/.venv/lib/python3.12/site-packages/sklearn/linear_model/_logistic.py:1403: FutureWarning: 'penalty' was deprecated in version 1.8 and will be removed in 1.10. To avoid this warning, leave 'penalty' set to its default value and use 'l1_ratio' or 'C' instead. Use l1_ratio=0 instead of penalty='l2', l1_ratio=1 instead of penalty='l1', l1_ratio set to a float between 0 and 1 instead of penalty='elasticnet', and C=np.inf instead of penalty=None.
  warnings.warn(
/users/3171356m/A-GCL/.venv/lib/python3.12/site-packages/sklearn/linear_model/_logistic.py:1429: UserWarning: Inconsistent values: penalty=l1 with l1_ratio=0.0. penalty is deprecated. Please use l1_ratio only.
  warnings.warn(
/users/3171356m/A-GCL/.venv/lib/python3.12/site-packages/sklearn/linear_model/_logistic.py:1403: FutureWarning: 'penalty' was deprecated in version 1.8 and will be removed in 1.10. To avoid this warning, leave 'penalty' set to its default value and use 'l1_ratio' or 'C' instead. Use l1_ratio=0 instead of penalty='l2', l1_ratio=1 instead of penalty='l1', l1_ratio set to a float between 0 and 1 instead of penalty='elasticnet', and C=np.inf instead of penalty=None.
  warnings.warn(
/users/3171356m/A-GCL/.venv/lib/python3.12/site-packages/sklearn/linear_model/_logistic.py:1429: UserWarning: Inconsistent values: penalty=l1 with l1_ratio=0.0. penalty is deprecated. Please use l1_ratio only.
  warnings.warn(
23:09:10 | INFO |   fold 1/5: acc=0.6406 auc=0.6748 best_C=10
/users/3171356m/A-GCL/.venv/lib/python3.12/site-packages/sklearn/linear_model/_logistic.py:1403: FutureWarning: 'penalty' was deprecated in version 1.8 and will be removed in 1.10. To avoid this warning, leave 'penalty' set to its default value and use 'l1_ratio' or 'C' instead. Use l1_ratio=0 instead of penalty='l2', l1_ratio=1 instead of penalty='l1', l1_ratio set to a float between 0 and 1 instead of penalty='elasticnet', and C=np.inf instead of penalty=None.
  warnings.warn(
/users/3171356m/A-GCL/.venv/lib/python3.12/site-packages/sklearn/linear_model/_logistic.py:1429: UserWarning: Inconsistent values: penalty=l1 with l1_ratio=0.0. penalty is deprecated. Please use l1_ratio only.
  warnings.warn(
/users/3171356m/A-GCL/.venv/lib/python3.12/site-packages/sklearn/linear_model/_logistic.py:1403: FutureWarning: 'penalty' was deprecated in version 1.8 and will be removed in 1.10. To avoid this warning, leave 'penalty' set to its default value and use 'l1_ratio' or 'C' instead. Use l1_ratio=0 instead of penalty='l2', l1_ratio=1 instead of penalty='l1', l1_ratio set to a float between 0 and 1 instead of penalty='elasticnet', and C=np.inf instead of penalty=None.
  warnings.warn(
/users/3171356m/A-GCL/.venv/lib/python3.12/site-packages/sklearn/linear_model/_logistic.py:1429: UserWarning: Inconsistent values: penalty=l1 with l1_ratio=0.0. penalty is deprecated. Please use l1_ratio only.
  warnings.warn(
/users/3171356m/A-GCL/.venv/lib/python3.12/site-packages/sklearn/linear_model/_logistic.py:1403: FutureWarning: 'penalty' was deprecated in version 1.8 and will be removed in 1.10. To avoid this warning, leave 'penalty' set to its default value and use 'l1_ratio' or 'C' instead. Use l1_ratio=0 instead of penalty='l2', l1_ratio=1 instead of penalty='l1', l1_ratio set to a float between 0 and 1 instead of penalty='elasticnet', and C=np.inf instead of penalty=None.
  warnings.warn(
/users/3171356m/A-GCL/.venv/lib/python3.12/site-packages/sklearn/linear_model/_logistic.py:1429: UserWarning: Inconsistent values: penalty=l1 with l1_ratio=0.0. penalty is deprecated. Please use l1_ratio only.
  warnings.warn(
/users/3171356m/A-GCL/.venv/lib/python3.12/site-packages/sklearn/linear_model/_logistic.py:1403: FutureWarning: 'penalty' was deprecated in version 1.8 and will be removed in 1.10. To avoid this warning, leave 'penalty' set to its default value and use 'l1_ratio' or 'C' instead. Use l1_ratio=0 instead of penalty='l2', l1_ratio=1 instead of penalty='l1', l1_ratio set to a float between 0 and 1 instead of penalty='elasticnet', and C=np.inf instead of penalty=None.
  warnings.warn(
/users/3171356m/A-GCL/.venv/lib/python3.12/site-packages/sklearn/linear_model/_logistic.py:1429: UserWarning: Inconsistent values: penalty=l1 with l1_ratio=0.0. penalty is deprecated. Please use l1_ratio only.
  warnings.warn(
/users/3171356m/A-GCL/.venv/lib/python3.12/site-packages/sklearn/linear_model/_logistic.py:1403: FutureWarning: 'penalty' was deprecated in version 1.8 and will be removed in 1.10. To avoid this warning, leave 'penalty' set to its default value and use 'l1_ratio' or 'C' instead. Use l1_ratio=0 instead of penalty='l2', l1_ratio=1 instead of penalty='l1', l1_ratio set to a float between 0 and 1 instead of penalty='elasticnet', and C=np.inf instead of penalty=None.
  warnings.warn(
/users/3171356m/A-GCL/.venv/lib/python3.12/site-packages/sklearn/linear_model/_logistic.py:1429: UserWarning: Inconsistent values: penalty=l1 with l1_ratio=0.0. penalty is deprecated. Please use l1_ratio only.
  warnings.warn(
/users/3171356m/A-GCL/.venv/lib/python3.12/site-packages/sklearn/linear_model/_logistic.py:1403: FutureWarning: 'penalty' was deprecated in version 1.8 and will be removed in 1.10. To avoid this warning, leave 'penalty' set to its default value and use 'l1_ratio' or 'C' instead. Use l1_ratio=0 instead of penalty='l2', l1_ratio=1 instead of penalty='l1', l1_ratio set to a float between 0 and 1 instead of penalty='elasticnet', and C=np.inf instead of penalty=None.
  warnings.warn(
/users/3171356m/A-GCL/.venv/lib/python3.12/site-packages/sklearn/linear_model/_logistic.py:1429: UserWarning: Inconsistent values: penalty=l1 with l1_ratio=0.0. penalty is deprecated. Please use l1_ratio only.
  warnings.warn(
/users/3171356m/A-GCL/.venv/lib/python3.12/site-packages/sklearn/linear_model/_logistic.py:1403: FutureWarning: 'penalty' was deprecated in version 1.8 and will be removed in 1.10. To avoid this warning, leave 'penalty' set to its default value and use 'l1_ratio' or 'C' instead. Use l1_ratio=0 instead of penalty='l2', l1_ratio=1 instead of penalty='l1', l1_ratio set to a float between 0 and 1 instead of penalty='elasticnet', and C=np.inf instead of penalty=None.
  warnings.warn(
/users/3171356m/A-GCL/.venv/lib/python3.12/site-packages/sklearn/linear_model/_logistic.py:1429: UserWarning: Inconsistent values: penalty=l1 with l1_ratio=0.0. penalty is deprecated. Please use l1_ratio only.
  warnings.warn(
/users/3171356m/A-GCL/.venv/lib/python3.12/site-packages/sklearn/linear_model/_logistic.py:1403: FutureWarning: 'penalty' was deprecated in version 1.8 and will be removed in 1.10. To avoid this warning, leave 'penalty' set to its default value and use 'l1_ratio' or 'C' instead. Use l1_ratio=0 instead of penalty='l2', l1_ratio=1 instead of penalty='l1', l1_ratio set to a float between 0 and 1 instead of penalty='elasticnet', and C=np.inf instead of penalty=None.
  warnings.warn(
/users/3171356m/A-GCL/.venv/lib/python3.12/site-packages/sklearn/linear_model/_logistic.py:1429: UserWarning: Inconsistent values: penalty=l1 with l1_ratio=0.0. penalty is deprecated. Please use l1_ratio only.
  warnings.warn(
/users/3171356m/A-GCL/.venv/lib/python3.12/site-packages/sklearn/linear_model/_logistic.py:1403: FutureWarning: 'penalty' was deprecated in version 1.8 and will be removed in 1.10. To avoid this warning, leave 'penalty' set to its default value and use 'l1_ratio' or 'C' instead. Use l1_ratio=0 instead of penalty='l2', l1_ratio=1 instead of penalty='l1', l1_ratio set to a float between 0 and 1 instead of penalty='elasticnet', and C=np.inf instead of penalty=None.
  warnings.warn(
/users/3171356m/A-GCL/.venv/lib/python3.12/site-packages/sklearn/linear_model/_logistic.py:1429: UserWarning: Inconsistent values: penalty=l1 with l1_ratio=0.0. penalty is deprecated. Please use l1_ratio only.
  warnings.warn(
/users/3171356m/A-GCL/.venv/lib/python3.12/site-packages/sklearn/linear_model/_logistic.py:1403: FutureWarning: 'penalty' was deprecated in version 1.8 and will be removed in 1.10. To avoid this warning, leave 'penalty' set to its default value and use 'l1_ratio' or 'C' instead. Use l1_ratio=0 instead of penalty='l2', l1_ratio=1 instead of penalty='l1', l1_ratio set to a float between 0 and 1 instead of penalty='elasticnet', and C=np.inf instead of penalty=None.
  warnings.warn(
/users/3171356m/A-GCL/.venv/lib/python3.12/site-packages/sklearn/linear_model/_logistic.py:1429: UserWarning: Inconsistent values: penalty=l1 with l1_ratio=0.0. penalty is deprecated. Please use l1_ratio only.
  warnings.warn(
/users/3171356m/A-GCL/.venv/lib/python3.12/site-packages/sklearn/linear_model/_logistic.py:1403: FutureWarning: 'penalty' was deprecated in version 1.8 and will be removed in 1.10. To avoid this warning, leave 'penalty' set to its default value and use 'l1_ratio' or 'C' instead. Use l1_ratio=0 instead of penalty='l2', l1_ratio=1 instead of penalty='l1', l1_ratio set to a float between 0 and 1 instead of penalty='elasticnet', and C=np.inf instead of penalty=None.
  warnings.warn(
/users/3171356m/A-GCL/.venv/lib/python3.12/site-packages/sklearn/linear_model/_logistic.py:1429: UserWarning: Inconsistent values: penalty=l1 with l1_ratio=0.0. penalty is deprecated. Please use l1_ratio only.
  warnings.warn(
/users/3171356m/A-GCL/.venv/lib/python3.12/site-packages/sklearn/linear_model/_logistic.py:1403: FutureWarning: 'penalty' was deprecated in version 1.8 and will be removed in 1.10. To avoid this warning, leave 'penalty' set to its default value and use 'l1_ratio' or 'C' instead. Use l1_ratio=0 instead of penalty='l2', l1_ratio=1 instead of penalty='l1', l1_ratio set to a float between 0 and 1 instead of penalty='elasticnet', and C=np.inf instead of penalty=None.
  warnings.warn(
/users/3171356m/A-GCL/.venv/lib/python3.12/site-packages/sklearn/linear_model/_logistic.py:1429: UserWarning: Inconsistent values: penalty=l1 with l1_ratio=0.0. penalty is deprecated. Please use l1_ratio only.
  warnings.warn(
/users/3171356m/A-GCL/.venv/lib/python3.12/site-packages/sklearn/linear_model/_logistic.py:1403: FutureWarning: 'penalty' was deprecated in version 1.8 and will be removed in 1.10. To avoid this warning, leave 'penalty' set to its default value and use 'l1_ratio' or 'C' instead. Use l1_ratio=0 instead of penalty='l2', l1_ratio=1 instead of penalty='l1', l1_ratio set to a float between 0 and 1 instead of penalty='elasticnet', and C=np.inf instead of penalty=None.
  warnings.warn(
/users/3171356m/A-GCL/.venv/lib/python3.12/site-packages/sklearn/linear_model/_logistic.py:1429: UserWarning: Inconsistent values: penalty=l1 with l1_ratio=0.0. penalty is deprecated. Please use l1_ratio only.
  warnings.warn(
/users/3171356m/A-GCL/.venv/lib/python3.12/site-packages/sklearn/linear_model/_logistic.py:1403: FutureWarning: 'penalty' was deprecated in version 1.8 and will be removed in 1.10. To avoid this warning, leave 'penalty' set to its default value and use 'l1_ratio' or 'C' instead. Use l1_ratio=0 instead of penalty='l2', l1_ratio=1 instead of penalty='l1', l1_ratio set to a float between 0 and 1 instead of penalty='elasticnet', and C=np.inf instead of penalty=None.
  warnings.warn(
/users/3171356m/A-GCL/.venv/lib/python3.12/site-packages/sklearn/linear_model/_logistic.py:1429: UserWarning: Inconsistent values: penalty=l1 with l1_ratio=0.0. penalty is deprecated. Please use l1_ratio only.
  warnings.warn(
/users/3171356m/A-GCL/.venv/lib/python3.12/site-packages/sklearn/linear_model/_logistic.py:1403: FutureWarning: 'penalty' was deprecated in version 1.8 and will be removed in 1.10. To avoid this warning, leave 'penalty' set to its default value and use 'l1_ratio' or 'C' instead. Use l1_ratio=0 instead of penalty='l2', l1_ratio=1 instead of penalty='l1', l1_ratio set to a float between 0 and 1 instead of penalty='elasticnet', and C=np.inf instead of penalty=None.
  warnings.warn(
/users/3171356m/A-GCL/.venv/lib/python3.12/site-packages/sklearn/linear_model/_logistic.py:1429: UserWarning: Inconsistent values: penalty=l1 with l1_ratio=0.0. penalty is deprecated. Please use l1_ratio only.
  warnings.warn(
/users/3171356m/A-GCL/.venv/lib/python3.12/site-packages/sklearn/linear_model/_logistic.py:1403: FutureWarning: 'penalty' was deprecated in version 1.8 and will be removed in 1.10. To avoid this warning, leave 'penalty' set to its default value and use 'l1_ratio' or 'C' instead. Use l1_ratio=0 instead of penalty='l2', l1_ratio=1 instead of penalty='l1', l1_ratio set to a float between 0 and 1 instead of penalty='elasticnet', and C=np.inf instead of penalty=None.
  warnings.warn(
/users/3171356m/A-GCL/.venv/lib/python3.12/site-packages/sklearn/linear_model/_logistic.py:1429: UserWarning: Inconsistent values: penalty=l1 with l1_ratio=0.0. penalty is deprecated. Please use l1_ratio only.
  warnings.warn(
/users/3171356m/A-GCL/.venv/lib/python3.12/site-packages/sklearn/linear_model/_logistic.py:1403: FutureWarning: 'penalty' was deprecated in version 1.8 and will be removed in 1.10. To avoid this warning, leave 'penalty' set to its default value and use 'l1_ratio' or 'C' instead. Use l1_ratio=0 instead of penalty='l2', l1_ratio=1 instead of penalty='l1', l1_ratio set to a float between 0 and 1 instead of penalty='elasticnet', and C=np.inf instead of penalty=None.
  warnings.warn(
/users/3171356m/A-GCL/.venv/lib/python3.12/site-packages/sklearn/linear_model/_logistic.py:1429: UserWarning: Inconsistent values: penalty=l1 with l1_ratio=0.0. penalty is deprecated. Please use l1_ratio only.
  warnings.warn(
/users/3171356m/A-GCL/.venv/lib/python3.12/site-packages/sklearn/linear_model/_logistic.py:1403: FutureWarning: 'penalty' was deprecated in version 1.8 and will be removed in 1.10. To avoid this warning, leave 'penalty' set to its default value and use 'l1_ratio' or 'C' instead. Use l1_ratio=0 instead of penalty='l2', l1_ratio=1 instead of penalty='l1', l1_ratio set to a float between 0 and 1 instead of penalty='elasticnet', and C=np.inf instead of penalty=None.
  warnings.warn(
/users/3171356m/A-GCL/.venv/lib/python3.12/site-packages/sklearn/linear_model/_logistic.py:1429: UserWarning: Inconsistent values: penalty=l1 with l1_ratio=0.0. penalty is deprecated. Please use l1_ratio only.
  warnings.warn(
/users/3171356m/A-GCL/.venv/lib/python3.12/site-packages/sklearn/linear_model/_logistic.py:1403: FutureWarning: 'penalty' was deprecated in version 1.8 and will be removed in 1.10. To avoid this warning, leave 'penalty' set to its default value and use 'l1_ratio' or 'C' instead. Use l1_ratio=0 instead of penalty='l2', l1_ratio=1 instead of penalty='l1', l1_ratio set to a float between 0 and 1 instead of penalty='elasticnet', and C=np.inf instead of penalty=None.
  warnings.warn(
/users/3171356m/A-GCL/.venv/lib/python3.12/site-packages/sklearn/linear_model/_logistic.py:1429: UserWarning: Inconsistent values: penalty=l1 with l1_ratio=0.0. penalty is deprecated. Please use l1_ratio only.
  warnings.warn(
/users/3171356m/A-GCL/.venv/lib/python3.12/site-packages/sklearn/linear_model/_logistic.py:1403: FutureWarning: 'penalty' was deprecated in version 1.8 and will be removed in 1.10. To avoid this warning, leave 'penalty' set to its default value and use 'l1_ratio' or 'C' instead. Use l1_ratio=0 instead of penalty='l2', l1_ratio=1 instead of penalty='l1', l1_ratio set to a float between 0 and 1 instead of penalty='elasticnet', and C=np.inf instead of penalty=None.
  warnings.warn(
/users/3171356m/A-GCL/.venv/lib/python3.12/site-packages/sklearn/linear_model/_logistic.py:1429: UserWarning: Inconsistent values: penalty=l1 with l1_ratio=0.0. penalty is deprecated. Please use l1_ratio only.
  warnings.warn(
/users/3171356m/A-GCL/.venv/lib/python3.12/site-packages/sklearn/linear_model/_logistic.py:1403: FutureWarning: 'penalty' was deprecated in version 1.8 and will be removed in 1.10. To avoid this warning, leave 'penalty' set to its default value and use 'l1_ratio' or 'C' instead. Use l1_ratio=0 instead of penalty='l2', l1_ratio=1 instead of penalty='l1', l1_ratio set to a float between 0 and 1 instead of penalty='elasticnet', and C=np.inf instead of penalty=None.
  warnings.warn(
/users/3171356m/A-GCL/.venv/lib/python3.12/site-packages/sklearn/linear_model/_logistic.py:1429: UserWarning: Inconsistent values: penalty=l1 with l1_ratio=0.0. penalty is deprecated. Please use l1_ratio only.
  warnings.warn(
/users/3171356m/A-GCL/.venv/lib/python3.12/site-packages/sklearn/linear_model/_logistic.py:1403: FutureWarning: 'penalty' was deprecated in version 1.8 and will be removed in 1.10. To avoid this warning, leave 'penalty' set to its default value and use 'l1_ratio' or 'C' instead. Use l1_ratio=0 instead of penalty='l2', l1_ratio=1 instead of penalty='l1', l1_ratio set to a float between 0 and 1 instead of penalty='elasticnet', and C=np.inf instead of penalty=None.
  warnings.warn(
/users/3171356m/A-GCL/.venv/lib/python3.12/site-packages/sklearn/linear_model/_logistic.py:1429: UserWarning: Inconsistent values: penalty=l1 with l1_ratio=0.0. penalty is deprecated. Please use l1_ratio only.
  warnings.warn(
/users/3171356m/A-GCL/.venv/lib/python3.12/site-packages/sklearn/linear_model/_logistic.py:1403: FutureWarning: 'penalty' was deprecated in version 1.8 and will be removed in 1.10. To avoid this warning, leave 'penalty' set to its default value and use 'l1_ratio' or 'C' instead. Use l1_ratio=0 instead of penalty='l2', l1_ratio=1 instead of penalty='l1', l1_ratio set to a float between 0 and 1 instead of penalty='elasticnet', and C=np.inf instead of penalty=None.
  warnings.warn(
/users/3171356m/A-GCL/.venv/lib/python3.12/site-packages/sklearn/linear_model/_logistic.py:1429: UserWarning: Inconsistent values: penalty=l1 with l1_ratio=0.0. penalty is deprecated. Please use l1_ratio only.
  warnings.warn(
/users/3171356m/A-GCL/.venv/lib/python3.12/site-packages/sklearn/linear_model/_logistic.py:1403: FutureWarning: 'penalty' was deprecated in version 1.8 and will be removed in 1.10. To avoid this warning, leave 'penalty' set to its default value and use 'l1_ratio' or 'C' instead. Use l1_ratio=0 instead of penalty='l2', l1_ratio=1 instead of penalty='l1', l1_ratio set to a float between 0 and 1 instead of penalty='elasticnet', and C=np.inf instead of penalty=None.
  warnings.warn(
/users/3171356m/A-GCL/.venv/lib/python3.12/site-packages/sklearn/linear_model/_logistic.py:1429: UserWarning: Inconsistent values: penalty=l1 with l1_ratio=0.0. penalty is deprecated. Please use l1_ratio only.
  warnings.warn(
/users/3171356m/A-GCL/.venv/lib/python3.12/site-packages/sklearn/linear_model/_logistic.py:1403: FutureWarning: 'penalty' was deprecated in version 1.8 and will be removed in 1.10. To avoid this warning, leave 'penalty' set to its default value and use 'l1_ratio' or 'C' instead. Use l1_ratio=0 instead of penalty='l2', l1_ratio=1 instead of penalty='l1', l1_ratio set to a float between 0 and 1 instead of penalty='elasticnet', and C=np.inf instead of penalty=None.
  warnings.warn(
/users/3171356m/A-GCL/.venv/lib/python3.12/site-packages/sklearn/linear_model/_logistic.py:1429: UserWarning: Inconsistent values: penalty=l1 with l1_ratio=0.0. penalty is deprecated. Please use l1_ratio only.
  warnings.warn(
/users/3171356m/A-GCL/.venv/lib/python3.12/site-packages/sklearn/linear_model/_logistic.py:1403: FutureWarning: 'penalty' was deprecated in version 1.8 and will be removed in 1.10. To avoid this warning, leave 'penalty' set to its default value and use 'l1_ratio' or 'C' instead. Use l1_ratio=0 instead of penalty='l2', l1_ratio=1 instead of penalty='l1', l1_ratio set to a float between 0 and 1 instead of penalty='elasticnet', and C=np.inf instead of penalty=None.
  warnings.warn(
/users/3171356m/A-GCL/.venv/lib/python3.12/site-packages/sklearn/linear_model/_logistic.py:1429: UserWarning: Inconsistent values: penalty=l1 with l1_ratio=0.0. penalty is deprecated. Please use l1_ratio only.
  warnings.warn(
/users/3171356m/A-GCL/.venv/lib/python3.12/site-packages/sklearn/linear_model/_logistic.py:1403: FutureWarning: 'penalty' was deprecated in version 1.8 and will be removed in 1.10. To avoid this warning, leave 'penalty' set to its default value and use 'l1_ratio' or 'C' instead. Use l1_ratio=0 instead of penalty='l2', l1_ratio=1 instead of penalty='l1', l1_ratio set to a float between 0 and 1 instead of penalty='elasticnet', and C=np.inf instead of penalty=None.
  warnings.warn(
/users/3171356m/A-GCL/.venv/lib/python3.12/site-packages/sklearn/linear_model/_logistic.py:1429: UserWarning: Inconsistent values: penalty=l1 with l1_ratio=0.0. penalty is deprecated. Please use l1_ratio only.
  warnings.warn(
/users/3171356m/A-GCL/.venv/lib/python3.12/site-packages/sklearn/linear_model/_logistic.py:1403: FutureWarning: 'penalty' was deprecated in version 1.8 and will be removed in 1.10. To avoid this warning, leave 'penalty' set to its default value and use 'l1_ratio' or 'C' instead. Use l1_ratio=0 instead of penalty='l2', l1_ratio=1 instead of penalty='l1', l1_ratio set to a float between 0 and 1 instead of penalty='elasticnet', and C=np.inf instead of penalty=None.
  warnings.warn(
/users/3171356m/A-GCL/.venv/lib/python3.12/site-packages/sklearn/linear_model/_logistic.py:1429: UserWarning: Inconsistent values: penalty=l1 with l1_ratio=0.0. penalty is deprecated. Please use l1_ratio only.
  warnings.warn(
/users/3171356m/A-GCL/.venv/lib/python3.12/site-packages/sklearn/linear_model/_logistic.py:1403: FutureWarning: 'penalty' was deprecated in version 1.8 and will be removed in 1.10. To avoid this warning, leave 'penalty' set to its default value and use 'l1_ratio' or 'C' instead. Use l1_ratio=0 instead of penalty='l2', l1_ratio=1 instead of penalty='l1', l1_ratio set to a float between 0 and 1 instead of penalty='elasticnet', and C=np.inf instead of penalty=None.
  warnings.warn(
/users/3171356m/A-GCL/.venv/lib/python3.12/site-packages/sklearn/linear_model/_logistic.py:1429: UserWarning: Inconsistent values: penalty=l1 with l1_ratio=0.0. penalty is deprecated. Please use l1_ratio only.
  warnings.warn(
/users/3171356m/A-GCL/.venv/lib/python3.12/site-packages/sklearn/linear_model/_logistic.py:1403: FutureWarning: 'penalty' was deprecated in version 1.8 and will be removed in 1.10. To avoid this warning, leave 'penalty' set to its default value and use 'l1_ratio' or 'C' instead. Use l1_ratio=0 instead of penalty='l2', l1_ratio=1 instead of penalty='l1', l1_ratio set to a float between 0 and 1 instead of penalty='elasticnet', and C=np.inf instead of penalty=None.
  warnings.warn(
/users/3171356m/A-GCL/.venv/lib/python3.12/site-packages/sklearn/linear_model/_logistic.py:1429: UserWarning: Inconsistent values: penalty=l1 with l1_ratio=0.0. penalty is deprecated. Please use l1_ratio only.
  warnings.warn(
/users/3171356m/A-GCL/.venv/lib/python3.12/site-packages/sklearn/linear_model/_logistic.py:1403: FutureWarning: 'penalty' was deprecated in version 1.8 and will be removed in 1.10. To avoid this warning, leave 'penalty' set to its default value and use 'l1_ratio' or 'C' instead. Use l1_ratio=0 instead of penalty='l2', l1_ratio=1 instead of penalty='l1', l1_ratio set to a float between 0 and 1 instead of penalty='elasticnet', and C=np.inf instead of penalty=None.
  warnings.warn(
/users/3171356m/A-GCL/.venv/lib/python3.12/site-packages/sklearn/linear_model/_logistic.py:1429: UserWarning: Inconsistent values: penalty=l1 with l1_ratio=0.0. penalty is deprecated. Please use l1_ratio only.
  warnings.warn(
/users/3171356m/A-GCL/.venv/lib/python3.12/site-packages/sklearn/linear_model/_logistic.py:1403: FutureWarning: 'penalty' was deprecated in version 1.8 and will be removed in 1.10. To avoid this warning, leave 'penalty' set to its default value and use 'l1_ratio' or 'C' instead. Use l1_ratio=0 instead of penalty='l2', l1_ratio=1 instead of penalty='l1', l1_ratio set to a float between 0 and 1 instead of penalty='elasticnet', and C=np.inf instead of penalty=None.
  warnings.warn(
/users/3171356m/A-GCL/.venv/lib/python3.12/site-packages/sklearn/linear_model/_logistic.py:1429: UserWarning: Inconsistent values: penalty=l1 with l1_ratio=0.0. penalty is deprecated. Please use l1_ratio only.
  warnings.warn(
/users/3171356m/A-GCL/.venv/lib/python3.12/site-packages/sklearn/linear_model/_logistic.py:1403: FutureWarning: 'penalty' was deprecated in version 1.8 and will be removed in 1.10. To avoid this warning, leave 'penalty' set to its default value and use 'l1_ratio' or 'C' instead. Use l1_ratio=0 instead of penalty='l2', l1_ratio=1 instead of penalty='l1', l1_ratio set to a float between 0 and 1 instead of penalty='elasticnet', and C=np.inf instead of penalty=None.
  warnings.warn(
/users/3171356m/A-GCL/.venv/lib/python3.12/site-packages/sklearn/linear_model/_logistic.py:1429: UserWarning: Inconsistent values: penalty=l1 with l1_ratio=0.0. penalty is deprecated. Please use l1_ratio only.
  warnings.warn(
/users/3171356m/A-GCL/.venv/lib/python3.12/site-packages/sklearn/linear_model/_logistic.py:1403: FutureWarning: 'penalty' was deprecated in version 1.8 and will be removed in 1.10. To avoid this warning, leave 'penalty' set to its default value and use 'l1_ratio' or 'C' instead. Use l1_ratio=0 instead of penalty='l2', l1_ratio=1 instead of penalty='l1', l1_ratio set to a float between 0 and 1 instead of penalty='elasticnet', and C=np.inf instead of penalty=None.
  warnings.warn(
/users/3171356m/A-GCL/.venv/lib/python3.12/site-packages/sklearn/linear_model/_logistic.py:1429: UserWarning: Inconsistent values: penalty=l1 with l1_ratio=0.0. penalty is deprecated. Please use l1_ratio only.
  warnings.warn(
/users/3171356m/A-GCL/.venv/lib/python3.12/site-packages/sklearn/linear_model/_logistic.py:1403: FutureWarning: 'penalty' was deprecated in version 1.8 and will be removed in 1.10. To avoid this warning, leave 'penalty' set to its default value and use 'l1_ratio' or 'C' instead. Use l1_ratio=0 instead of penalty='l2', l1_ratio=1 instead of penalty='l1', l1_ratio set to a float between 0 and 1 instead of penalty='elasticnet', and C=np.inf instead of penalty=None.
  warnings.warn(
/users/3171356m/A-GCL/.venv/lib/python3.12/site-packages/sklearn/linear_model/_logistic.py:1429: UserWarning: Inconsistent values: penalty=l1 with l1_ratio=0.0. penalty is deprecated. Please use l1_ratio only.
  warnings.warn(
/users/3171356m/A-GCL/.venv/lib/python3.12/site-packages/sklearn/linear_model/_logistic.py:1403: FutureWarning: 'penalty' was deprecated in version 1.8 and will be removed in 1.10. To avoid this warning, leave 'penalty' set to its default value and use 'l1_ratio' or 'C' instead. Use l1_ratio=0 instead of penalty='l2', l1_ratio=1 instead of penalty='l1', l1_ratio set to a float between 0 and 1 instead of penalty='elasticnet', and C=np.inf instead of penalty=None.
  warnings.warn(
/users/3171356m/A-GCL/.venv/lib/python3.12/site-packages/sklearn/linear_model/_logistic.py:1429: UserWarning: Inconsistent values: penalty=l1 with l1_ratio=0.0. penalty is deprecated. Please use l1_ratio only.
  warnings.warn(
/users/3171356m/A-GCL/.venv/lib/python3.12/site-packages/sklearn/linear_model/_logistic.py:1403: FutureWarning: 'penalty' was deprecated in version 1.8 and will be removed in 1.10. To avoid this warning, leave 'penalty' set to its default value and use 'l1_ratio' or 'C' instead. Use l1_ratio=0 instead of penalty='l2', l1_ratio=1 instead of penalty='l1', l1_ratio set to a float between 0 and 1 instead of penalty='elasticnet', and C=np.inf instead of penalty=None.
  warnings.warn(
/users/3171356m/A-GCL/.venv/lib/python3.12/site-packages/sklearn/linear_model/_logistic.py:1429: UserWarning: Inconsistent values: penalty=l1 with l1_ratio=0.0. penalty is deprecated. Please use l1_ratio only.
  warnings.warn(
/users/3171356m/A-GCL/.venv/lib/python3.12/site-packages/sklearn/linear_model/_logistic.py:1403: FutureWarning: 'penalty' was deprecated in version 1.8 and will be removed in 1.10. To avoid this warning, leave 'penalty' set to its default value and use 'l1_ratio' or 'C' instead. Use l1_ratio=0 instead of penalty='l2', l1_ratio=1 instead of penalty='l1', l1_ratio set to a float between 0 and 1 instead of penalty='elasticnet', and C=np.inf instead of penalty=None.
  warnings.warn(
/users/3171356m/A-GCL/.venv/lib/python3.12/site-packages/sklearn/linear_model/_logistic.py:1429: UserWarning: Inconsistent values: penalty=l1 with l1_ratio=0.0. penalty is deprecated. Please use l1_ratio only.
  warnings.warn(
/users/3171356m/A-GCL/.venv/lib/python3.12/site-packages/sklearn/linear_model/_logistic.py:1403: FutureWarning: 'penalty' was deprecated in version 1.8 and will be removed in 1.10. To avoid this warning, leave 'penalty' set to its default value and use 'l1_ratio' or 'C' instead. Use l1_ratio=0 instead of penalty='l2', l1_ratio=1 instead of penalty='l1', l1_ratio set to a float between 0 and 1 instead of penalty='elasticnet', and C=np.inf instead of penalty=None.
  warnings.warn(
/users/3171356m/A-GCL/.venv/lib/python3.12/site-packages/sklearn/linear_model/_logistic.py:1429: UserWarning: Inconsistent values: penalty=l1 with l1_ratio=0.0. penalty is deprecated. Please use l1_ratio only.
  warnings.warn(
/users/3171356m/A-GCL/.venv/lib/python3.12/site-packages/sklearn/linear_model/_logistic.py:1403: FutureWarning: 'penalty' was deprecated in version 1.8 and will be removed in 1.10. To avoid this warning, leave 'penalty' set to its default value and use 'l1_ratio' or 'C' instead. Use l1_ratio=0 instead of penalty='l2', l1_ratio=1 instead of penalty='l1', l1_ratio set to a float between 0 and 1 instead of penalty='elasticnet', and C=np.inf instead of penalty=None.
  warnings.warn(
/users/3171356m/A-GCL/.venv/lib/python3.12/site-packages/sklearn/linear_model/_logistic.py:1429: UserWarning: Inconsistent values: penalty=l1 with l1_ratio=0.0. penalty is deprecated. Please use l1_ratio only.
  warnings.warn(
/users/3171356m/A-GCL/.venv/lib/python3.12/site-packages/sklearn/linear_model/_logistic.py:1403: FutureWarning: 'penalty' was deprecated in version 1.8 and will be removed in 1.10. To avoid this warning, leave 'penalty' set to its default value and use 'l1_ratio' or 'C' instead. Use l1_ratio=0 instead of penalty='l2', l1_ratio=1 instead of penalty='l1', l1_ratio set to a float between 0 and 1 instead of penalty='elasticnet', and C=np.inf instead of penalty=None.
  warnings.warn(
/users/3171356m/A-GCL/.venv/lib/python3.12/site-packages/sklearn/linear_model/_logistic.py:1429: UserWarning: Inconsistent values: penalty=l1 with l1_ratio=0.0. penalty is deprecated. Please use l1_ratio only.
  warnings.warn(
/users/3171356m/A-GCL/.venv/lib/python3.12/site-packages/sklearn/linear_model/_logistic.py:1403: FutureWarning: 'penalty' was deprecated in version 1.8 and will be removed in 1.10. To avoid this warning, leave 'penalty' set to its default value and use 'l1_ratio' or 'C' instead. Use l1_ratio=0 instead of penalty='l2', l1_ratio=1 instead of penalty='l1', l1_ratio set to a float between 0 and 1 instead of penalty='elasticnet', and C=np.inf instead of penalty=None.
  warnings.warn(
/users/3171356m/A-GCL/.venv/lib/python3.12/site-packages/sklearn/linear_model/_logistic.py:1429: UserWarning: Inconsistent values: penalty=l1 with l1_ratio=0.0. penalty is deprecated. Please use l1_ratio only.
  warnings.warn(
/users/3171356m/A-GCL/.venv/lib/python3.12/site-packages/sklearn/linear_model/_logistic.py:1403: FutureWarning: 'penalty' was deprecated in version 1.8 and will be removed in 1.10. To avoid this warning, leave 'penalty' set to its default value and use 'l1_ratio' or 'C' instead. Use l1_ratio=0 instead of penalty='l2', l1_ratio=1 instead of penalty='l1', l1_ratio set to a float between 0 and 1 instead of penalty='elasticnet', and C=np.inf instead of penalty=None.
  warnings.warn(
/users/3171356m/A-GCL/.venv/lib/python3.12/site-packages/sklearn/linear_model/_logistic.py:1429: UserWarning: Inconsistent values: penalty=l1 with l1_ratio=0.0. penalty is deprecated. Please use l1_ratio only.
  warnings.warn(
/users/3171356m/A-GCL/.venv/lib/python3.12/site-packages/sklearn/linear_model/_logistic.py:1403: FutureWarning: 'penalty' was deprecated in version 1.8 and will be removed in 1.10. To avoid this warning, leave 'penalty' set to its default value and use 'l1_ratio' or 'C' instead. Use l1_ratio=0 instead of penalty='l2', l1_ratio=1 instead of penalty='l1', l1_ratio set to a float between 0 and 1 instead of penalty='elasticnet', and C=np.inf instead of penalty=None.
  warnings.warn(
/users/3171356m/A-GCL/.venv/lib/python3.12/site-packages/sklearn/linear_model/_logistic.py:1429: UserWarning: Inconsistent values: penalty=l1 with l1_ratio=0.0. penalty is deprecated. Please use l1_ratio only.
  warnings.warn(
/users/3171356m/A-GCL/.venv/lib/python3.12/site-packages/sklearn/linear_model/_logistic.py:1403: FutureWarning: 'penalty' was deprecated in version 1.8 and will be removed in 1.10. To avoid this warning, leave 'penalty' set to its default value and use 'l1_ratio' or 'C' instead. Use l1_ratio=0 instead of penalty='l2', l1_ratio=1 instead of penalty='l1', l1_ratio set to a float between 0 and 1 instead of penalty='elasticnet', and C=np.inf instead of penalty=None.
  warnings.warn(
/users/3171356m/A-GCL/.venv/lib/python3.12/site-packages/sklearn/linear_model/_logistic.py:1429: UserWarning: Inconsistent values: penalty=l1 with l1_ratio=0.0. penalty is deprecated. Please use l1_ratio only.
  warnings.warn(
/users/3171356m/A-GCL/.venv/lib/python3.12/site-packages/sklearn/linear_model/_logistic.py:1403: FutureWarning: 'penalty' was deprecated in version 1.8 and will be removed in 1.10. To avoid this warning, leave 'penalty' set to its default value and use 'l1_ratio' or 'C' instead. Use l1_ratio=0 instead of penalty='l2', l1_ratio=1 instead of penalty='l1', l1_ratio set to a float between 0 and 1 instead of penalty='elasticnet', and C=np.inf instead of penalty=None.
  warnings.warn(
/users/3171356m/A-GCL/.venv/lib/python3.12/site-packages/sklearn/linear_model/_logistic.py:1429: UserWarning: Inconsistent values: penalty=l1 with l1_ratio=0.0. penalty is deprecated. Please use l1_ratio only.
  warnings.warn(
23:09:11 | INFO |   fold 2/5: acc=0.6859 auc=0.7456 best_C=0.1
/users/3171356m/A-GCL/.venv/lib/python3.12/site-packages/sklearn/linear_model/_logistic.py:1403: FutureWarning: 'penalty' was deprecated in version 1.8 and will be removed in 1.10. To avoid this warning, leave 'penalty' set to its default value and use 'l1_ratio' or 'C' instead. Use l1_ratio=0 instead of penalty='l2', l1_ratio=1 instead of penalty='l1', l1_ratio set to a float between 0 and 1 instead of penalty='elasticnet', and C=np.inf instead of penalty=None.
  warnings.warn(
/users/3171356m/A-GCL/.venv/lib/python3.12/site-packages/sklearn/linear_model/_logistic.py:1429: UserWarning: Inconsistent values: penalty=l1 with l1_ratio=0.0. penalty is deprecated. Please use l1_ratio only.
  warnings.warn(
/users/3171356m/A-GCL/.venv/lib/python3.12/site-packages/sklearn/linear_model/_logistic.py:1403: FutureWarning: 'penalty' was deprecated in version 1.8 and will be removed in 1.10. To avoid this warning, leave 'penalty' set to its default value and use 'l1_ratio' or 'C' instead. Use l1_ratio=0 instead of penalty='l2', l1_ratio=1 instead of penalty='l1', l1_ratio set to a float between 0 and 1 instead of penalty='elasticnet', and C=np.inf instead of penalty=None.
  warnings.warn(
/users/3171356m/A-GCL/.venv/lib/python3.12/site-packages/sklearn/linear_model/_logistic.py:1429: UserWarning: Inconsistent values: penalty=l1 with l1_ratio=0.0. penalty is deprecated. Please use l1_ratio only.
  warnings.warn(
/users/3171356m/A-GCL/.venv/lib/python3.12/site-packages/sklearn/linear_model/_logistic.py:1403: FutureWarning: 'penalty' was deprecated in version 1.8 and will be removed in 1.10. To avoid this warning, leave 'penalty' set to its default value and use 'l1_ratio' or 'C' instead. Use l1_ratio=0 instead of penalty='l2', l1_ratio=1 instead of penalty='l1', l1_ratio set to a float between 0 and 1 instead of penalty='elasticnet', and C=np.inf instead of penalty=None.
  warnings.warn(
/users/3171356m/A-GCL/.venv/lib/python3.12/site-packages/sklearn/linear_model/_logistic.py:1429: UserWarning: Inconsistent values: penalty=l1 with l1_ratio=0.0. penalty is deprecated. Please use l1_ratio only.
  warnings.warn(
/users/3171356m/A-GCL/.venv/lib/python3.12/site-packages/sklearn/linear_model/_logistic.py:1403: FutureWarning: 'penalty' was deprecated in version 1.8 and will be removed in 1.10. To avoid this warning, leave 'penalty' set to its default value and use 'l1_ratio' or 'C' instead. Use l1_ratio=0 instead of penalty='l2', l1_ratio=1 instead of penalty='l1', l1_ratio set to a float between 0 and 1 instead of penalty='elasticnet', and C=np.inf instead of penalty=None.
  warnings.warn(
/users/3171356m/A-GCL/.venv/lib/python3.12/site-packages/sklearn/linear_model/_logistic.py:1429: UserWarning: Inconsistent values: penalty=l1 with l1_ratio=0.0. penalty is deprecated. Please use l1_ratio only.
  warnings.warn(
/users/3171356m/A-GCL/.venv/lib/python3.12/site-packages/sklearn/linear_model/_logistic.py:1403: FutureWarning: 'penalty' was deprecated in version 1.8 and will be removed in 1.10. To avoid this warning, leave 'penalty' set to its default value and use 'l1_ratio' or 'C' instead. Use l1_ratio=0 instead of penalty='l2', l1_ratio=1 instead of penalty='l1', l1_ratio set to a float between 0 and 1 instead of penalty='elasticnet', and C=np.inf instead of penalty=None.
  warnings.warn(
/users/3171356m/A-GCL/.venv/lib/python3.12/site-packages/sklearn/linear_model/_logistic.py:1429: UserWarning: Inconsistent values: penalty=l1 with l1_ratio=0.0. penalty is deprecated. Please use l1_ratio only.
  warnings.warn(
/users/3171356m/A-GCL/.venv/lib/python3.12/site-packages/sklearn/linear_model/_logistic.py:1403: FutureWarning: 'penalty' was deprecated in version 1.8 and will be removed in 1.10. To avoid this warning, leave 'penalty' set to its default value and use 'l1_ratio' or 'C' instead. Use l1_ratio=0 instead of penalty='l2', l1_ratio=1 instead of penalty='l1', l1_ratio set to a float between 0 and 1 instead of penalty='elasticnet', and C=np.inf instead of penalty=None.
  warnings.warn(
/users/3171356m/A-GCL/.venv/lib/python3.12/site-packages/sklearn/linear_model/_logistic.py:1429: UserWarning: Inconsistent values: penalty=l1 with l1_ratio=0.0. penalty is deprecated. Please use l1_ratio only.
  warnings.warn(
/users/3171356m/A-GCL/.venv/lib/python3.12/site-packages/sklearn/linear_model/_logistic.py:1403: FutureWarning: 'penalty' was deprecated in version 1.8 and will be removed in 1.10. To avoid this warning, leave 'penalty' set to its default value and use 'l1_ratio' or 'C' instead. Use l1_ratio=0 instead of penalty='l2', l1_ratio=1 instead of penalty='l1', l1_ratio set to a float between 0 and 1 instead of penalty='elasticnet', and C=np.inf instead of penalty=None.
  warnings.warn(
/users/3171356m/A-GCL/.venv/lib/python3.12/site-packages/sklearn/linear_model/_logistic.py:1429: UserWarning: Inconsistent values: penalty=l1 with l1_ratio=0.0. penalty is deprecated. Please use l1_ratio only.
  warnings.warn(
/users/3171356m/A-GCL/.venv/lib/python3.12/site-packages/sklearn/linear_model/_logistic.py:1403: FutureWarning: 'penalty' was deprecated in version 1.8 and will be removed in 1.10. To avoid this warning, leave 'penalty' set to its default value and use 'l1_ratio' or 'C' instead. Use l1_ratio=0 instead of penalty='l2', l1_ratio=1 instead of penalty='l1', l1_ratio set to a float between 0 and 1 instead of penalty='elasticnet', and C=np.inf instead of penalty=None.
  warnings.warn(
/users/3171356m/A-GCL/.venv/lib/python3.12/site-packages/sklearn/linear_model/_logistic.py:1429: UserWarning: Inconsistent values: penalty=l1 with l1_ratio=0.0. penalty is deprecated. Please use l1_ratio only.
  warnings.warn(
/users/3171356m/A-GCL/.venv/lib/python3.12/site-packages/sklearn/linear_model/_logistic.py:1403: FutureWarning: 'penalty' was deprecated in version 1.8 and will be removed in 1.10. To avoid this warning, leave 'penalty' set to its default value and use 'l1_ratio' or 'C' instead. Use l1_ratio=0 instead of penalty='l2', l1_ratio=1 instead of penalty='l1', l1_ratio set to a float between 0 and 1 instead of penalty='elasticnet', and C=np.inf instead of penalty=None.
  warnings.warn(
/users/3171356m/A-GCL/.venv/lib/python3.12/site-packages/sklearn/linear_model/_logistic.py:1429: UserWarning: Inconsistent values: penalty=l1 with l1_ratio=0.0. penalty is deprecated. Please use l1_ratio only.
  warnings.warn(
/users/3171356m/A-GCL/.venv/lib/python3.12/site-packages/sklearn/linear_model/_logistic.py:1403: FutureWarning: 'penalty' was deprecated in version 1.8 and will be removed in 1.10. To avoid this warning, leave 'penalty' set to its default value and use 'l1_ratio' or 'C' instead. Use l1_ratio=0 instead of penalty='l2', l1_ratio=1 instead of penalty='l1', l1_ratio set to a float between 0 and 1 instead of penalty='elasticnet', and C=np.inf instead of penalty=None.
  warnings.warn(
/users/3171356m/A-GCL/.venv/lib/python3.12/site-packages/sklearn/linear_model/_logistic.py:1429: UserWarning: Inconsistent values: penalty=l1 with l1_ratio=0.0. penalty is deprecated. Please use l1_ratio only.
  warnings.warn(
/users/3171356m/A-GCL/.venv/lib/python3.12/site-packages/sklearn/linear_model/_logistic.py:1403: FutureWarning: 'penalty' was deprecated in version 1.8 and will be removed in 1.10. To avoid this warning, leave 'penalty' set to its default value and use 'l1_ratio' or 'C' instead. Use l1_ratio=0 instead of penalty='l2', l1_ratio=1 instead of penalty='l1', l1_ratio set to a float between 0 and 1 instead of penalty='elasticnet', and C=np.inf instead of penalty=None.
  warnings.warn(
/users/3171356m/A-GCL/.venv/lib/python3.12/site-packages/sklearn/linear_model/_logistic.py:1429: UserWarning: Inconsistent values: penalty=l1 with l1_ratio=0.0. penalty is deprecated. Please use l1_ratio only.
  warnings.warn(
/users/3171356m/A-GCL/.venv/lib/python3.12/site-packages/sklearn/linear_model/_logistic.py:1403: FutureWarning: 'penalty' was deprecated in version 1.8 and will be removed in 1.10. To avoid this warning, leave 'penalty' set to its default value and use 'l1_ratio' or 'C' instead. Use l1_ratio=0 instead of penalty='l2', l1_ratio=1 instead of penalty='l1', l1_ratio set to a float between 0 and 1 instead of penalty='elasticnet', and C=np.inf instead of penalty=None.
  warnings.warn(
/users/3171356m/A-GCL/.venv/lib/python3.12/site-packages/sklearn/linear_model/_logistic.py:1429: UserWarning: Inconsistent values: penalty=l1 with l1_ratio=0.0. penalty is deprecated. Please use l1_ratio only.
  warnings.warn(
/users/3171356m/A-GCL/.venv/lib/python3.12/site-packages/sklearn/linear_model/_logistic.py:1403: FutureWarning: 'penalty' was deprecated in version 1.8 and will be removed in 1.10. To avoid this warning, leave 'penalty' set to its default value and use 'l1_ratio' or 'C' instead. Use l1_ratio=0 instead of penalty='l2', l1_ratio=1 instead of penalty='l1', l1_ratio set to a float between 0 and 1 instead of penalty='elasticnet', and C=np.inf instead of penalty=None.
  warnings.warn(
/users/3171356m/A-GCL/.venv/lib/python3.12/site-packages/sklearn/linear_model/_logistic.py:1429: UserWarning: Inconsistent values: penalty=l1 with l1_ratio=0.0. penalty is deprecated. Please use l1_ratio only.
  warnings.warn(
/users/3171356m/A-GCL/.venv/lib/python3.12/site-packages/sklearn/linear_model/_logistic.py:1403: FutureWarning: 'penalty' was deprecated in version 1.8 and will be removed in 1.10. To avoid this warning, leave 'penalty' set to its default value and use 'l1_ratio' or 'C' instead. Use l1_ratio=0 instead of penalty='l2', l1_ratio=1 instead of penalty='l1', l1_ratio set to a float between 0 and 1 instead of penalty='elasticnet', and C=np.inf instead of penalty=None.
  warnings.warn(
/users/3171356m/A-GCL/.venv/lib/python3.12/site-packages/sklearn/linear_model/_logistic.py:1403: FutureWarning: 'penalty' was deprecated in version 1.8 and will be removed in 1.10. To avoid this warning, leave 'penalty' set to its default value and use 'l1_ratio' or 'C' instead. Use l1_ratio=0 instead of penalty='l2', l1_ratio=1 instead of penalty='l1', l1_ratio set to a float between 0 and 1 instead of penalty='elasticnet', and C=np.inf instead of penalty=None.
  warnings.warn(
/users/3171356m/A-GCL/.venv/lib/python3.12/site-packages/sklearn/linear_model/_logistic.py:1429: UserWarning: Inconsistent values: penalty=l1 with l1_ratio=0.0. penalty is deprecated. Please use l1_ratio only.
  warnings.warn(
/users/3171356m/A-GCL/.venv/lib/python3.12/site-packages/sklearn/linear_model/_logistic.py:1429: UserWarning: Inconsistent values: penalty=l1 with l1_ratio=0.0. penalty is deprecated. Please use l1_ratio only.
  warnings.warn(
/users/3171356m/A-GCL/.venv/lib/python3.12/site-packages/sklearn/linear_model/_logistic.py:1403: FutureWarning: 'penalty' was deprecated in version 1.8 and will be removed in 1.10. To avoid this warning, leave 'penalty' set to its default value and use 'l1_ratio' or 'C' instead. Use l1_ratio=0 instead of penalty='l2', l1_ratio=1 instead of penalty='l1', l1_ratio set to a float between 0 and 1 instead of penalty='elasticnet', and C=np.inf instead of penalty=None.
  warnings.warn(
/users/3171356m/A-GCL/.venv/lib/python3.12/site-packages/sklearn/linear_model/_logistic.py:1429: UserWarning: Inconsistent values: penalty=l1 with l1_ratio=0.0. penalty is deprecated. Please use l1_ratio only.
  warnings.warn(
/users/3171356m/A-GCL/.venv/lib/python3.12/site-packages/sklearn/linear_model/_logistic.py:1403: FutureWarning: 'penalty' was deprecated in version 1.8 and will be removed in 1.10. To avoid this warning, leave 'penalty' set to its default value and use 'l1_ratio' or 'C' instead. Use l1_ratio=0 instead of penalty='l2', l1_ratio=1 instead of penalty='l1', l1_ratio set to a float between 0 and 1 instead of penalty='elasticnet', and C=np.inf instead of penalty=None.
  warnings.warn(
/users/3171356m/A-GCL/.venv/lib/python3.12/site-packages/sklearn/linear_model/_logistic.py:1429: UserWarning: Inconsistent values: penalty=l1 with l1_ratio=0.0. penalty is deprecated. Please use l1_ratio only.
  warnings.warn(
/users/3171356m/A-GCL/.venv/lib/python3.12/site-packages/sklearn/linear_model/_logistic.py:1403: FutureWarning: 'penalty' was deprecated in version 1.8 and will be removed in 1.10. To avoid this warning, leave 'penalty' set to its default value and use 'l1_ratio' or 'C' instead. Use l1_ratio=0 instead of penalty='l2', l1_ratio=1 instead of penalty='l1', l1_ratio set to a float between 0 and 1 instead of penalty='elasticnet', and C=np.inf instead of penalty=None.
  warnings.warn(
/users/3171356m/A-GCL/.venv/lib/python3.12/site-packages/sklearn/linear_model/_logistic.py:1429: UserWarning: Inconsistent values: penalty=l1 with l1_ratio=0.0. penalty is deprecated. Please use l1_ratio only.
  warnings.warn(
/users/3171356m/A-GCL/.venv/lib/python3.12/site-packages/sklearn/linear_model/_logistic.py:1403: FutureWarning: 'penalty' was deprecated in version 1.8 and will be removed in 1.10. To avoid this warning, leave 'penalty' set to its default value and use 'l1_ratio' or 'C' instead. Use l1_ratio=0 instead of penalty='l2', l1_ratio=1 instead of penalty='l1', l1_ratio set to a float between 0 and 1 instead of penalty='elasticnet', and C=np.inf instead of penalty=None.
  warnings.warn(
/users/3171356m/A-GCL/.venv/lib/python3.12/site-packages/sklearn/linear_model/_logistic.py:1429: UserWarning: Inconsistent values: penalty=l1 with l1_ratio=0.0. penalty is deprecated. Please use l1_ratio only.
  warnings.warn(
/users/3171356m/A-GCL/.venv/lib/python3.12/site-packages/sklearn/linear_model/_logistic.py:1403: FutureWarning: 'penalty' was deprecated in version 1.8 and will be removed in 1.10. To avoid this warning, leave 'penalty' set to its default value and use 'l1_ratio' or 'C' instead. Use l1_ratio=0 instead of penalty='l2', l1_ratio=1 instead of penalty='l1', l1_ratio set to a float between 0 and 1 instead of penalty='elasticnet', and C=np.inf instead of penalty=None.
  warnings.warn(
/users/3171356m/A-GCL/.venv/lib/python3.12/site-packages/sklearn/linear_model/_logistic.py:1429: UserWarning: Inconsistent values: penalty=l1 with l1_ratio=0.0. penalty is deprecated. Please use l1_ratio only.
  warnings.warn(
/users/3171356m/A-GCL/.venv/lib/python3.12/site-packages/sklearn/linear_model/_logistic.py:1403: FutureWarning: 'penalty' was deprecated in version 1.8 and will be removed in 1.10. To avoid this warning, leave 'penalty' set to its default value and use 'l1_ratio' or 'C' instead. Use l1_ratio=0 instead of penalty='l2', l1_ratio=1 instead of penalty='l1', l1_ratio set to a float between 0 and 1 instead of penalty='elasticnet', and C=np.inf instead of penalty=None.
  warnings.warn(
/users/3171356m/A-GCL/.venv/lib/python3.12/site-packages/sklearn/linear_model/_logistic.py:1429: UserWarning: Inconsistent values: penalty=l1 with l1_ratio=0.0. penalty is deprecated. Please use l1_ratio only.
  warnings.warn(
/users/3171356m/A-GCL/.venv/lib/python3.12/site-packages/sklearn/linear_model/_logistic.py:1403: FutureWarning: 'penalty' was deprecated in version 1.8 and will be removed in 1.10. To avoid this warning, leave 'penalty' set to its default value and use 'l1_ratio' or 'C' instead. Use l1_ratio=0 instead of penalty='l2', l1_ratio=1 instead of penalty='l1', l1_ratio set to a float between 0 and 1 instead of penalty='elasticnet', and C=np.inf instead of penalty=None.
  warnings.warn(
/users/3171356m/A-GCL/.venv/lib/python3.12/site-packages/sklearn/linear_model/_logistic.py:1429: UserWarning: Inconsistent values: penalty=l1 with l1_ratio=0.0. penalty is deprecated. Please use l1_ratio only.
  warnings.warn(
/users/3171356m/A-GCL/.venv/lib/python3.12/site-packages/sklearn/linear_model/_logistic.py:1403: FutureWarning: 'penalty' was deprecated in version 1.8 and will be removed in 1.10. To avoid this warning, leave 'penalty' set to its default value and use 'l1_ratio' or 'C' instead. Use l1_ratio=0 instead of penalty='l2', l1_ratio=1 instead of penalty='l1', l1_ratio set to a float between 0 and 1 instead of penalty='elasticnet', and C=np.inf instead of penalty=None.
  warnings.warn(
/users/3171356m/A-GCL/.venv/lib/python3.12/site-packages/sklearn/linear_model/_logistic.py:1429: UserWarning: Inconsistent values: penalty=l1 with l1_ratio=0.0. penalty is deprecated. Please use l1_ratio only.
  warnings.warn(
/users/3171356m/A-GCL/.venv/lib/python3.12/site-packages/sklearn/linear_model/_logistic.py:1403: FutureWarning: 'penalty' was deprecated in version 1.8 and will be removed in 1.10. To avoid this warning, leave 'penalty' set to its default value and use 'l1_ratio' or 'C' instead. Use l1_ratio=0 instead of penalty='l2', l1_ratio=1 instead of penalty='l1', l1_ratio set to a float between 0 and 1 instead of penalty='elasticnet', and C=np.inf instead of penalty=None.
  warnings.warn(
/users/3171356m/A-GCL/.venv/lib/python3.12/site-packages/sklearn/linear_model/_logistic.py:1429: UserWarning: Inconsistent values: penalty=l1 with l1_ratio=0.0. penalty is deprecated. Please use l1_ratio only.
  warnings.warn(
/users/3171356m/A-GCL/.venv/lib/python3.12/site-packages/sklearn/linear_model/_logistic.py:1403: FutureWarning: 'penalty' was deprecated in version 1.8 and will be removed in 1.10. To avoid this warning, leave 'penalty' set to its default value and use 'l1_ratio' or 'C' instead. Use l1_ratio=0 instead of penalty='l2', l1_ratio=1 instead of penalty='l1', l1_ratio set to a float between 0 and 1 instead of penalty='elasticnet', and C=np.inf instead of penalty=None.
  warnings.warn(
/users/3171356m/A-GCL/.venv/lib/python3.12/site-packages/sklearn/linear_model/_logistic.py:1429: UserWarning: Inconsistent values: penalty=l1 with l1_ratio=0.0. penalty is deprecated. Please use l1_ratio only.
  warnings.warn(
/users/3171356m/A-GCL/.venv/lib/python3.12/site-packages/sklearn/linear_model/_logistic.py:1403: FutureWarning: 'penalty' was deprecated in version 1.8 and will be removed in 1.10. To avoid this warning, leave 'penalty' set to its default value and use 'l1_ratio' or 'C' instead. Use l1_ratio=0 instead of penalty='l2', l1_ratio=1 instead of penalty='l1', l1_ratio set to a float between 0 and 1 instead of penalty='elasticnet', and C=np.inf instead of penalty=None.
  warnings.warn(
/users/3171356m/A-GCL/.venv/lib/python3.12/site-packages/sklearn/linear_model/_logistic.py:1429: UserWarning: Inconsistent values: penalty=l1 with l1_ratio=0.0. penalty is deprecated. Please use l1_ratio only.
  warnings.warn(
/users/3171356m/A-GCL/.venv/lib/python3.12/site-packages/sklearn/linear_model/_logistic.py:1403: FutureWarning: 'penalty' was deprecated in version 1.8 and will be removed in 1.10. To avoid this warning, leave 'penalty' set to its default value and use 'l1_ratio' or 'C' instead. Use l1_ratio=0 instead of penalty='l2', l1_ratio=1 instead of penalty='l1', l1_ratio set to a float between 0 and 1 instead of penalty='elasticnet', and C=np.inf instead of penalty=None.
  warnings.warn(
/users/3171356m/A-GCL/.venv/lib/python3.12/site-packages/sklearn/linear_model/_logistic.py:1429: UserWarning: Inconsistent values: penalty=l1 with l1_ratio=0.0. penalty is deprecated. Please use l1_ratio only.
  warnings.warn(
/users/3171356m/A-GCL/.venv/lib/python3.12/site-packages/sklearn/linear_model/_logistic.py:1403: FutureWarning: 'penalty' was deprecated in version 1.8 and will be removed in 1.10. To avoid this warning, leave 'penalty' set to its default value and use 'l1_ratio' or 'C' instead. Use l1_ratio=0 instead of penalty='l2', l1_ratio=1 instead of penalty='l1', l1_ratio set to a float between 0 and 1 instead of penalty='elasticnet', and C=np.inf instead of penalty=None.
  warnings.warn(
/users/3171356m/A-GCL/.venv/lib/python3.12/site-packages/sklearn/linear_model/_logistic.py:1429: UserWarning: Inconsistent values: penalty=l1 with l1_ratio=0.0. penalty is deprecated. Please use l1_ratio only.
  warnings.warn(
/users/3171356m/A-GCL/.venv/lib/python3.12/site-packages/sklearn/linear_model/_logistic.py:1403: FutureWarning: 'penalty' was deprecated in version 1.8 and will be removed in 1.10. To avoid this warning, leave 'penalty' set to its default value and use 'l1_ratio' or 'C' instead. Use l1_ratio=0 instead of penalty='l2', l1_ratio=1 instead of penalty='l1', l1_ratio set to a float between 0 and 1 instead of penalty='elasticnet', and C=np.inf instead of penalty=None.
  warnings.warn(
/users/3171356m/A-GCL/.venv/lib/python3.12/site-packages/sklearn/linear_model/_logistic.py:1429: UserWarning: Inconsistent values: penalty=l1 with l1_ratio=0.0. penalty is deprecated. Please use l1_ratio only.
  warnings.warn(
/users/3171356m/A-GCL/.venv/lib/python3.12/site-packages/sklearn/linear_model/_logistic.py:1403: FutureWarning: 'penalty' was deprecated in version 1.8 and will be removed in 1.10. To avoid this warning, leave 'penalty' set to its default value and use 'l1_ratio' or 'C' instead. Use l1_ratio=0 instead of penalty='l2', l1_ratio=1 instead of penalty='l1', l1_ratio set to a float between 0 and 1 instead of penalty='elasticnet', and C=np.inf instead of penalty=None.
  warnings.warn(
/users/3171356m/A-GCL/.venv/lib/python3.12/site-packages/sklearn/linear_model/_logistic.py:1429: UserWarning: Inconsistent values: penalty=l1 with l1_ratio=0.0. penalty is deprecated. Please use l1_ratio only.
  warnings.warn(
/users/3171356m/A-GCL/.venv/lib/python3.12/site-packages/sklearn/linear_model/_logistic.py:1403: FutureWarning: 'penalty' was deprecated in version 1.8 and will be removed in 1.10. To avoid this warning, leave 'penalty' set to its default value and use 'l1_ratio' or 'C' instead. Use l1_ratio=0 instead of penalty='l2', l1_ratio=1 instead of penalty='l1', l1_ratio set to a float between 0 and 1 instead of penalty='elasticnet', and C=np.inf instead of penalty=None.
  warnings.warn(
/users/3171356m/A-GCL/.venv/lib/python3.12/site-packages/sklearn/linear_model/_logistic.py:1429: UserWarning: Inconsistent values: penalty=l1 with l1_ratio=0.0. penalty is deprecated. Please use l1_ratio only.
  warnings.warn(
/users/3171356m/A-GCL/.venv/lib/python3.12/site-packages/sklearn/linear_model/_logistic.py:1403: FutureWarning: 'penalty' was deprecated in version 1.8 and will be removed in 1.10. To avoid this warning, leave 'penalty' set to its default value and use 'l1_ratio' or 'C' instead. Use l1_ratio=0 instead of penalty='l2', l1_ratio=1 instead of penalty='l1', l1_ratio set to a float between 0 and 1 instead of penalty='elasticnet', and C=np.inf instead of penalty=None.
  warnings.warn(
/users/3171356m/A-GCL/.venv/lib/python3.12/site-packages/sklearn/linear_model/_logistic.py:1429: UserWarning: Inconsistent values: penalty=l1 with l1_ratio=0.0. penalty is deprecated. Please use l1_ratio only.
  warnings.warn(
/users/3171356m/A-GCL/.venv/lib/python3.12/site-packages/sklearn/linear_model/_logistic.py:1403: FutureWarning: 'penalty' was deprecated in version 1.8 and will be removed in 1.10. To avoid this warning, leave 'penalty' set to its default value and use 'l1_ratio' or 'C' instead. Use l1_ratio=0 instead of penalty='l2', l1_ratio=1 instead of penalty='l1', l1_ratio set to a float between 0 and 1 instead of penalty='elasticnet', and C=np.inf instead of penalty=None.
  warnings.warn(
/users/3171356m/A-GCL/.venv/lib/python3.12/site-packages/sklearn/linear_model/_logistic.py:1429: UserWarning: Inconsistent values: penalty=l1 with l1_ratio=0.0. penalty is deprecated. Please use l1_ratio only.
  warnings.warn(
/users/3171356m/A-GCL/.venv/lib/python3.12/site-packages/sklearn/linear_model/_logistic.py:1403: FutureWarning: 'penalty' was deprecated in version 1.8 and will be removed in 1.10. To avoid this warning, leave 'penalty' set to its default value and use 'l1_ratio' or 'C' instead. Use l1_ratio=0 instead of penalty='l2', l1_ratio=1 instead of penalty='l1', l1_ratio set to a float between 0 and 1 instead of penalty='elasticnet', and C=np.inf instead of penalty=None.
  warnings.warn(
/users/3171356m/A-GCL/.venv/lib/python3.12/site-packages/sklearn/linear_model/_logistic.py:1429: UserWarning: Inconsistent values: penalty=l1 with l1_ratio=0.0. penalty is deprecated. Please use l1_ratio only.
  warnings.warn(
/users/3171356m/A-GCL/.venv/lib/python3.12/site-packages/sklearn/linear_model/_logistic.py:1403: FutureWarning: 'penalty' was deprecated in version 1.8 and will be removed in 1.10. To avoid this warning, leave 'penalty' set to its default value and use 'l1_ratio' or 'C' instead. Use l1_ratio=0 instead of penalty='l2', l1_ratio=1 instead of penalty='l1', l1_ratio set to a float between 0 and 1 instead of penalty='elasticnet', and C=np.inf instead of penalty=None.
  warnings.warn(
/users/3171356m/A-GCL/.venv/lib/python3.12/site-packages/sklearn/linear_model/_logistic.py:1429: UserWarning: Inconsistent values: penalty=l1 with l1_ratio=0.0. penalty is deprecated. Please use l1_ratio only.
  warnings.warn(
/users/3171356m/A-GCL/.venv/lib/python3.12/site-packages/sklearn/linear_model/_logistic.py:1403: FutureWarning: 'penalty' was deprecated in version 1.8 and will be removed in 1.10. To avoid this warning, leave 'penalty' set to its default value and use 'l1_ratio' or 'C' instead. Use l1_ratio=0 instead of penalty='l2', l1_ratio=1 instead of penalty='l1', l1_ratio set to a float between 0 and 1 instead of penalty='elasticnet', and C=np.inf instead of penalty=None.
  warnings.warn(
/users/3171356m/A-GCL/.venv/lib/python3.12/site-packages/sklearn/linear_model/_logistic.py:1429: UserWarning: Inconsistent values: penalty=l1 with l1_ratio=0.0. penalty is deprecated. Please use l1_ratio only.
  warnings.warn(
/users/3171356m/A-GCL/.venv/lib/python3.12/site-packages/sklearn/linear_model/_logistic.py:1403: FutureWarning: 'penalty' was deprecated in version 1.8 and will be removed in 1.10. To avoid this warning, leave 'penalty' set to its default value and use 'l1_ratio' or 'C' instead. Use l1_ratio=0 instead of penalty='l2', l1_ratio=1 instead of penalty='l1', l1_ratio set to a float between 0 and 1 instead of penalty='elasticnet', and C=np.inf instead of penalty=None.
  warnings.warn(
/users/3171356m/A-GCL/.venv/lib/python3.12/site-packages/sklearn/linear_model/_logistic.py:1429: UserWarning: Inconsistent values: penalty=l1 with l1_ratio=0.0. penalty is deprecated. Please use l1_ratio only.
  warnings.warn(
/users/3171356m/A-GCL/.venv/lib/python3.12/site-packages/sklearn/linear_model/_logistic.py:1403: FutureWarning: 'penalty' was deprecated in version 1.8 and will be removed in 1.10. To avoid this warning, leave 'penalty' set to its default value and use 'l1_ratio' or 'C' instead. Use l1_ratio=0 instead of penalty='l2', l1_ratio=1 instead of penalty='l1', l1_ratio set to a float between 0 and 1 instead of penalty='elasticnet', and C=np.inf instead of penalty=None.
  warnings.warn(
/users/3171356m/A-GCL/.venv/lib/python3.12/site-packages/sklearn/linear_model/_logistic.py:1429: UserWarning: Inconsistent values: penalty=l1 with l1_ratio=0.0. penalty is deprecated. Please use l1_ratio only.
  warnings.warn(
/users/3171356m/A-GCL/.venv/lib/python3.12/site-packages/sklearn/linear_model/_logistic.py:1403: FutureWarning: 'penalty' was deprecated in version 1.8 and will be removed in 1.10. To avoid this warning, leave 'penalty' set to its default value and use 'l1_ratio' or 'C' instead. Use l1_ratio=0 instead of penalty='l2', l1_ratio=1 instead of penalty='l1', l1_ratio set to a float between 0 and 1 instead of penalty='elasticnet', and C=np.inf instead of penalty=None.
  warnings.warn(
/users/3171356m/A-GCL/.venv/lib/python3.12/site-packages/sklearn/linear_model/_logistic.py:1429: UserWarning: Inconsistent values: penalty=l1 with l1_ratio=0.0. penalty is deprecated. Please use l1_ratio only.
  warnings.warn(
/users/3171356m/A-GCL/.venv/lib/python3.12/site-packages/sklearn/linear_model/_logistic.py:1403: FutureWarning: 'penalty' was deprecated in version 1.8 and will be removed in 1.10. To avoid this warning, leave 'penalty' set to its default value and use 'l1_ratio' or 'C' instead. Use l1_ratio=0 instead of penalty='l2', l1_ratio=1 instead of penalty='l1', l1_ratio set to a float between 0 and 1 instead of penalty='elasticnet', and C=np.inf instead of penalty=None.
  warnings.warn(
/users/3171356m/A-GCL/.venv/lib/python3.12/site-packages/sklearn/linear_model/_logistic.py:1429: UserWarning: Inconsistent values: penalty=l1 with l1_ratio=0.0. penalty is deprecated. Please use l1_ratio only.
  warnings.warn(
/users/3171356m/A-GCL/.venv/lib/python3.12/site-packages/sklearn/linear_model/_logistic.py:1403: FutureWarning: 'penalty' was deprecated in version 1.8 and will be removed in 1.10. To avoid this warning, leave 'penalty' set to its default value and use 'l1_ratio' or 'C' instead. Use l1_ratio=0 instead of penalty='l2', l1_ratio=1 instead of penalty='l1', l1_ratio set to a float between 0 and 1 instead of penalty='elasticnet', and C=np.inf instead of penalty=None.
  warnings.warn(
/users/3171356m/A-GCL/.venv/lib/python3.12/site-packages/sklearn/linear_model/_logistic.py:1429: UserWarning: Inconsistent values: penalty=l1 with l1_ratio=0.0. penalty is deprecated. Please use l1_ratio only.
  warnings.warn(
/users/3171356m/A-GCL/.venv/lib/python3.12/site-packages/sklearn/linear_model/_logistic.py:1403: FutureWarning: 'penalty' was deprecated in version 1.8 and will be removed in 1.10. To avoid this warning, leave 'penalty' set to its default value and use 'l1_ratio' or 'C' instead. Use l1_ratio=0 instead of penalty='l2', l1_ratio=1 instead of penalty='l1', l1_ratio set to a float between 0 and 1 instead of penalty='elasticnet', and C=np.inf instead of penalty=None.
  warnings.warn(
/users/3171356m/A-GCL/.venv/lib/python3.12/site-packages/sklearn/linear_model/_logistic.py:1429: UserWarning: Inconsistent values: penalty=l1 with l1_ratio=0.0. penalty is deprecated. Please use l1_ratio only.
  warnings.warn(
/users/3171356m/A-GCL/.venv/lib/python3.12/site-packages/sklearn/linear_model/_logistic.py:1403: FutureWarning: 'penalty' was deprecated in version 1.8 and will be removed in 1.10. To avoid this warning, leave 'penalty' set to its default value and use 'l1_ratio' or 'C' instead. Use l1_ratio=0 instead of penalty='l2', l1_ratio=1 instead of penalty='l1', l1_ratio set to a float between 0 and 1 instead of penalty='elasticnet', and C=np.inf instead of penalty=None.
  warnings.warn(
/users/3171356m/A-GCL/.venv/lib/python3.12/site-packages/sklearn/linear_model/_logistic.py:1429: UserWarning: Inconsistent values: penalty=l1 with l1_ratio=0.0. penalty is deprecated. Please use l1_ratio only.
  warnings.warn(
/users/3171356m/A-GCL/.venv/lib/python3.12/site-packages/sklearn/linear_model/_logistic.py:1403: FutureWarning: 'penalty' was deprecated in version 1.8 and will be removed in 1.10. To avoid this warning, leave 'penalty' set to its default value and use 'l1_ratio' or 'C' instead. Use l1_ratio=0 instead of penalty='l2', l1_ratio=1 instead of penalty='l1', l1_ratio set to a float between 0 and 1 instead of penalty='elasticnet', and C=np.inf instead of penalty=None.
  warnings.warn(
/users/3171356m/A-GCL/.venv/lib/python3.12/site-packages/sklearn/linear_model/_logistic.py:1429: UserWarning: Inconsistent values: penalty=l1 with l1_ratio=0.0. penalty is deprecated. Please use l1_ratio only.
  warnings.warn(
/users/3171356m/A-GCL/.venv/lib/python3.12/site-packages/sklearn/linear_model/_logistic.py:1403: FutureWarning: 'penalty' was deprecated in version 1.8 and will be removed in 1.10. To avoid this warning, leave 'penalty' set to its default value and use 'l1_ratio' or 'C' instead. Use l1_ratio=0 instead of penalty='l2', l1_ratio=1 instead of penalty='l1', l1_ratio set to a float between 0 and 1 instead of penalty='elasticnet', and C=np.inf instead of penalty=None.
  warnings.warn(
/users/3171356m/A-GCL/.venv/lib/python3.12/site-packages/sklearn/linear_model/_logistic.py:1429: UserWarning: Inconsistent values: penalty=l1 with l1_ratio=0.0. penalty is deprecated. Please use l1_ratio only.
  warnings.warn(
/users/3171356m/A-GCL/.venv/lib/python3.12/site-packages/sklearn/linear_model/_logistic.py:1403: FutureWarning: 'penalty' was deprecated in version 1.8 and will be removed in 1.10. To avoid this warning, leave 'penalty' set to its default value and use 'l1_ratio' or 'C' instead. Use l1_ratio=0 instead of penalty='l2', l1_ratio=1 instead of penalty='l1', l1_ratio set to a float between 0 and 1 instead of penalty='elasticnet', and C=np.inf instead of penalty=None.
  warnings.warn(
/users/3171356m/A-GCL/.venv/lib/python3.12/site-packages/sklearn/linear_model/_logistic.py:1429: UserWarning: Inconsistent values: penalty=l1 with l1_ratio=0.0. penalty is deprecated. Please use l1_ratio only.
  warnings.warn(
23:09:13 | INFO |   fold 3/5: acc=0.6283 auc=0.6960 best_C=0.03
/users/3171356m/A-GCL/.venv/lib/python3.12/site-packages/sklearn/linear_model/_logistic.py:1403: FutureWarning: 'penalty' was deprecated in version 1.8 and will be removed in 1.10. To avoid this warning, leave 'penalty' set to its default value and use 'l1_ratio' or 'C' instead. Use l1_ratio=0 instead of penalty='l2', l1_ratio=1 instead of penalty='l1', l1_ratio set to a float between 0 and 1 instead of penalty='elasticnet', and C=np.inf instead of penalty=None.
  warnings.warn(
/users/3171356m/A-GCL/.venv/lib/python3.12/site-packages/sklearn/linear_model/_logistic.py:1429: UserWarning: Inconsistent values: penalty=l1 with l1_ratio=0.0. penalty is deprecated. Please use l1_ratio only.
  warnings.warn(
/users/3171356m/A-GCL/.venv/lib/python3.12/site-packages/sklearn/linear_model/_logistic.py:1403: FutureWarning: 'penalty' was deprecated in version 1.8 and will be removed in 1.10. To avoid this warning, leave 'penalty' set to its default value and use 'l1_ratio' or 'C' instead. Use l1_ratio=0 instead of penalty='l2', l1_ratio=1 instead of penalty='l1', l1_ratio set to a float between 0 and 1 instead of penalty='elasticnet', and C=np.inf instead of penalty=None.
  warnings.warn(
/users/3171356m/A-GCL/.venv/lib/python3.12/site-packages/sklearn/linear_model/_logistic.py:1429: UserWarning: Inconsistent values: penalty=l1 with l1_ratio=0.0. penalty is deprecated. Please use l1_ratio only.
  warnings.warn(
/users/3171356m/A-GCL/.venv/lib/python3.12/site-packages/sklearn/linear_model/_logistic.py:1403: FutureWarning: 'penalty' was deprecated in version 1.8 and will be removed in 1.10. To avoid this warning, leave 'penalty' set to its default value and use 'l1_ratio' or 'C' instead. Use l1_ratio=0 instead of penalty='l2', l1_ratio=1 instead of penalty='l1', l1_ratio set to a float between 0 and 1 instead of penalty='elasticnet', and C=np.inf instead of penalty=None.
  warnings.warn(
/users/3171356m/A-GCL/.venv/lib/python3.12/site-packages/sklearn/linear_model/_logistic.py:1429: UserWarning: Inconsistent values: penalty=l1 with l1_ratio=0.0. penalty is deprecated. Please use l1_ratio only.
  warnings.warn(
/users/3171356m/A-GCL/.venv/lib/python3.12/site-packages/sklearn/linear_model/_logistic.py:1403: FutureWarning: 'penalty' was deprecated in version 1.8 and will be removed in 1.10. To avoid this warning, leave 'penalty' set to its default value and use 'l1_ratio' or 'C' instead. Use l1_ratio=0 instead of penalty='l2', l1_ratio=1 instead of penalty='l1', l1_ratio set to a float between 0 and 1 instead of penalty='elasticnet', and C=np.inf instead of penalty=None.
  warnings.warn(
/users/3171356m/A-GCL/.venv/lib/python3.12/site-packages/sklearn/linear_model/_logistic.py:1429: UserWarning: Inconsistent values: penalty=l1 with l1_ratio=0.0. penalty is deprecated. Please use l1_ratio only.
  warnings.warn(
/users/3171356m/A-GCL/.venv/lib/python3.12/site-packages/sklearn/linear_model/_logistic.py:1403: FutureWarning: 'penalty' was deprecated in version 1.8 and will be removed in 1.10. To avoid this warning, leave 'penalty' set to its default value and use 'l1_ratio' or 'C' instead. Use l1_ratio=0 instead of penalty='l2', l1_ratio=1 instead of penalty='l1', l1_ratio set to a float between 0 and 1 instead of penalty='elasticnet', and C=np.inf instead of penalty=None.
  warnings.warn(
/users/3171356m/A-GCL/.venv/lib/python3.12/site-packages/sklearn/linear_model/_logistic.py:1429: UserWarning: Inconsistent values: penalty=l1 with l1_ratio=0.0. penalty is deprecated. Please use l1_ratio only.
  warnings.warn(
/users/3171356m/A-GCL/.venv/lib/python3.12/site-packages/sklearn/linear_model/_logistic.py:1403: FutureWarning: 'penalty' was deprecated in version 1.8 and will be removed in 1.10. To avoid this warning, leave 'penalty' set to its default value and use 'l1_ratio' or 'C' instead. Use l1_ratio=0 instead of penalty='l2', l1_ratio=1 instead of penalty='l1', l1_ratio set to a float between 0 and 1 instead of penalty='elasticnet', and C=np.inf instead of penalty=None.
  warnings.warn(
/users/3171356m/A-GCL/.venv/lib/python3.12/site-packages/sklearn/linear_model/_logistic.py:1429: UserWarning: Inconsistent values: penalty=l1 with l1_ratio=0.0. penalty is deprecated. Please use l1_ratio only.
  warnings.warn(
/users/3171356m/A-GCL/.venv/lib/python3.12/site-packages/sklearn/linear_model/_logistic.py:1403: FutureWarning: 'penalty' was deprecated in version 1.8 and will be removed in 1.10. To avoid this warning, leave 'penalty' set to its default value and use 'l1_ratio' or 'C' instead. Use l1_ratio=0 instead of penalty='l2', l1_ratio=1 instead of penalty='l1', l1_ratio set to a float between 0 and 1 instead of penalty='elasticnet', and C=np.inf instead of penalty=None.
  warnings.warn(
/users/3171356m/A-GCL/.venv/lib/python3.12/site-packages/sklearn/linear_model/_logistic.py:1429: UserWarning: Inconsistent values: penalty=l1 with l1_ratio=0.0. penalty is deprecated. Please use l1_ratio only.
  warnings.warn(
/users/3171356m/A-GCL/.venv/lib/python3.12/site-packages/sklearn/linear_model/_logistic.py:1403: FutureWarning: 'penalty' was deprecated in version 1.8 and will be removed in 1.10. To avoid this warning, leave 'penalty' set to its default value and use 'l1_ratio' or 'C' instead. Use l1_ratio=0 instead of penalty='l2', l1_ratio=1 instead of penalty='l1', l1_ratio set to a float between 0 and 1 instead of penalty='elasticnet', and C=np.inf instead of penalty=None.
  warnings.warn(
/users/3171356m/A-GCL/.venv/lib/python3.12/site-packages/sklearn/linear_model/_logistic.py:1429: UserWarning: Inconsistent values: penalty=l1 with l1_ratio=0.0. penalty is deprecated. Please use l1_ratio only.
  warnings.warn(
/users/3171356m/A-GCL/.venv/lib/python3.12/site-packages/sklearn/linear_model/_logistic.py:1403: FutureWarning: 'penalty' was deprecated in version 1.8 and will be removed in 1.10. To avoid this warning, leave 'penalty' set to its default value and use 'l1_ratio' or 'C' instead. Use l1_ratio=0 instead of penalty='l2', l1_ratio=1 instead of penalty='l1', l1_ratio set to a float between 0 and 1 instead of penalty='elasticnet', and C=np.inf instead of penalty=None.
  warnings.warn(
/users/3171356m/A-GCL/.venv/lib/python3.12/site-packages/sklearn/linear_model/_logistic.py:1429: UserWarning: Inconsistent values: penalty=l1 with l1_ratio=0.0. penalty is deprecated. Please use l1_ratio only.
  warnings.warn(
/users/3171356m/A-GCL/.venv/lib/python3.12/site-packages/sklearn/linear_model/_logistic.py:1403: FutureWarning: 'penalty' was deprecated in version 1.8 and will be removed in 1.10. To avoid this warning, leave 'penalty' set to its default value and use 'l1_ratio' or 'C' instead. Use l1_ratio=0 instead of penalty='l2', l1_ratio=1 instead of penalty='l1', l1_ratio set to a float between 0 and 1 instead of penalty='elasticnet', and C=np.inf instead of penalty=None.
  warnings.warn(
/users/3171356m/A-GCL/.venv/lib/python3.12/site-packages/sklearn/linear_model/_logistic.py:1429: UserWarning: Inconsistent values: penalty=l1 with l1_ratio=0.0. penalty is deprecated. Please use l1_ratio only.
  warnings.warn(
/users/3171356m/A-GCL/.venv/lib/python3.12/site-packages/sklearn/linear_model/_logistic.py:1403: FutureWarning: 'penalty' was deprecated in version 1.8 and will be removed in 1.10. To avoid this warning, leave 'penalty' set to its default value and use 'l1_ratio' or 'C' instead. Use l1_ratio=0 instead of penalty='l2', l1_ratio=1 instead of penalty='l1', l1_ratio set to a float between 0 and 1 instead of penalty='elasticnet', and C=np.inf instead of penalty=None.
  warnings.warn(
/users/3171356m/A-GCL/.venv/lib/python3.12/site-packages/sklearn/linear_model/_logistic.py:1429: UserWarning: Inconsistent values: penalty=l1 with l1_ratio=0.0. penalty is deprecated. Please use l1_ratio only.
  warnings.warn(
/users/3171356m/A-GCL/.venv/lib/python3.12/site-packages/sklearn/linear_model/_logistic.py:1403: FutureWarning: 'penalty' was deprecated in version 1.8 and will be removed in 1.10. To avoid this warning, leave 'penalty' set to its default value and use 'l1_ratio' or 'C' instead. Use l1_ratio=0 instead of penalty='l2', l1_ratio=1 instead of penalty='l1', l1_ratio set to a float between 0 and 1 instead of penalty='elasticnet', and C=np.inf instead of penalty=None.
  warnings.warn(
/users/3171356m/A-GCL/.venv/lib/python3.12/site-packages/sklearn/linear_model/_logistic.py:1429: UserWarning: Inconsistent values: penalty=l1 with l1_ratio=0.0. penalty is deprecated. Please use l1_ratio only.
  warnings.warn(
/users/3171356m/A-GCL/.venv/lib/python3.12/site-packages/sklearn/linear_model/_logistic.py:1403: FutureWarning: 'penalty' was deprecated in version 1.8 and will be removed in 1.10. To avoid this warning, leave 'penalty' set to its default value and use 'l1_ratio' or 'C' instead. Use l1_ratio=0 instead of penalty='l2', l1_ratio=1 instead of penalty='l1', l1_ratio set to a float between 0 and 1 instead of penalty='elasticnet', and C=np.inf instead of penalty=None.
  warnings.warn(
/users/3171356m/A-GCL/.venv/lib/python3.12/site-packages/sklearn/linear_model/_logistic.py:1429: UserWarning: Inconsistent values: penalty=l1 with l1_ratio=0.0. penalty is deprecated. Please use l1_ratio only.
  warnings.warn(
/users/3171356m/A-GCL/.venv/lib/python3.12/site-packages/sklearn/linear_model/_logistic.py:1403: FutureWarning: 'penalty' was deprecated in version 1.8 and will be removed in 1.10. To avoid this warning, leave 'penalty' set to its default value and use 'l1_ratio' or 'C' instead. Use l1_ratio=0 instead of penalty='l2', l1_ratio=1 instead of penalty='l1', l1_ratio set to a float between 0 and 1 instead of penalty='elasticnet', and C=np.inf instead of penalty=None.
  warnings.warn(
/users/3171356m/A-GCL/.venv/lib/python3.12/site-packages/sklearn/linear_model/_logistic.py:1429: UserWarning: Inconsistent values: penalty=l1 with l1_ratio=0.0. penalty is deprecated. Please use l1_ratio only.
  warnings.warn(
/users/3171356m/A-GCL/.venv/lib/python3.12/site-packages/sklearn/linear_model/_logistic.py:1403: FutureWarning: 'penalty' was deprecated in version 1.8 and will be removed in 1.10. To avoid this warning, leave 'penalty' set to its default value and use 'l1_ratio' or 'C' instead. Use l1_ratio=0 instead of penalty='l2', l1_ratio=1 instead of penalty='l1', l1_ratio set to a float between 0 and 1 instead of penalty='elasticnet', and C=np.inf instead of penalty=None.
  warnings.warn(
/users/3171356m/A-GCL/.venv/lib/python3.12/site-packages/sklearn/linear_model/_logistic.py:1429: UserWarning: Inconsistent values: penalty=l1 with l1_ratio=0.0. penalty is deprecated. Please use l1_ratio only.
  warnings.warn(
/users/3171356m/A-GCL/.venv/lib/python3.12/site-packages/sklearn/linear_model/_logistic.py:1403: FutureWarning: 'penalty' was deprecated in version 1.8 and will be removed in 1.10. To avoid this warning, leave 'penalty' set to its default value and use 'l1_ratio' or 'C' instead. Use l1_ratio=0 instead of penalty='l2', l1_ratio=1 instead of penalty='l1', l1_ratio set to a float between 0 and 1 instead of penalty='elasticnet', and C=np.inf instead of penalty=None.
  warnings.warn(
/users/3171356m/A-GCL/.venv/lib/python3.12/site-packages/sklearn/linear_model/_logistic.py:1429: UserWarning: Inconsistent values: penalty=l1 with l1_ratio=0.0. penalty is deprecated. Please use l1_ratio only.
  warnings.warn(
/users/3171356m/A-GCL/.venv/lib/python3.12/site-packages/sklearn/linear_model/_logistic.py:1403: FutureWarning: 'penalty' was deprecated in version 1.8 and will be removed in 1.10. To avoid this warning, leave 'penalty' set to its default value and use 'l1_ratio' or 'C' instead. Use l1_ratio=0 instead of penalty='l2', l1_ratio=1 instead of penalty='l1', l1_ratio set to a float between 0 and 1 instead of penalty='elasticnet', and C=np.inf instead of penalty=None.
  warnings.warn(
/users/3171356m/A-GCL/.venv/lib/python3.12/site-packages/sklearn/linear_model/_logistic.py:1429: UserWarning: Inconsistent values: penalty=l1 with l1_ratio=0.0. penalty is deprecated. Please use l1_ratio only.
  warnings.warn(
/users/3171356m/A-GCL/.venv/lib/python3.12/site-packages/sklearn/linear_model/_logistic.py:1403: FutureWarning: 'penalty' was deprecated in version 1.8 and will be removed in 1.10. To avoid this warning, leave 'penalty' set to its default value and use 'l1_ratio' or 'C' instead. Use l1_ratio=0 instead of penalty='l2', l1_ratio=1 instead of penalty='l1', l1_ratio set to a float between 0 and 1 instead of penalty='elasticnet', and C=np.inf instead of penalty=None.
  warnings.warn(
/users/3171356m/A-GCL/.venv/lib/python3.12/site-packages/sklearn/linear_model/_logistic.py:1429: UserWarning: Inconsistent values: penalty=l1 with l1_ratio=0.0. penalty is deprecated. Please use l1_ratio only.
  warnings.warn(
/users/3171356m/A-GCL/.venv/lib/python3.12/site-packages/sklearn/linear_model/_logistic.py:1403: FutureWarning: 'penalty' was deprecated in version 1.8 and will be removed in 1.10. To avoid this warning, leave 'penalty' set to its default value and use 'l1_ratio' or 'C' instead. Use l1_ratio=0 instead of penalty='l2', l1_ratio=1 instead of penalty='l1', l1_ratio set to a float between 0 and 1 instead of penalty='elasticnet', and C=np.inf instead of penalty=None.
  warnings.warn(
/users/3171356m/A-GCL/.venv/lib/python3.12/site-packages/sklearn/linear_model/_logistic.py:1429: UserWarning: Inconsistent values: penalty=l1 with l1_ratio=0.0. penalty is deprecated. Please use l1_ratio only.
  warnings.warn(
/users/3171356m/A-GCL/.venv/lib/python3.12/site-packages/sklearn/linear_model/_logistic.py:1403: FutureWarning: 'penalty' was deprecated in version 1.8 and will be removed in 1.10. To avoid this warning, leave 'penalty' set to its default value and use 'l1_ratio' or 'C' instead. Use l1_ratio=0 instead of penalty='l2', l1_ratio=1 instead of penalty='l1', l1_ratio set to a float between 0 and 1 instead of penalty='elasticnet', and C=np.inf instead of penalty=None.
  warnings.warn(
/users/3171356m/A-GCL/.venv/lib/python3.12/site-packages/sklearn/linear_model/_logistic.py:1429: UserWarning: Inconsistent values: penalty=l1 with l1_ratio=0.0. penalty is deprecated. Please use l1_ratio only.
  warnings.warn(
/users/3171356m/A-GCL/.venv/lib/python3.12/site-packages/sklearn/linear_model/_logistic.py:1403: FutureWarning: 'penalty' was deprecated in version 1.8 and will be removed in 1.10. To avoid this warning, leave 'penalty' set to its default value and use 'l1_ratio' or 'C' instead. Use l1_ratio=0 instead of penalty='l2', l1_ratio=1 instead of penalty='l1', l1_ratio set to a float between 0 and 1 instead of penalty='elasticnet', and C=np.inf instead of penalty=None.
  warnings.warn(
/users/3171356m/A-GCL/.venv/lib/python3.12/site-packages/sklearn/linear_model/_logistic.py:1429: UserWarning: Inconsistent values: penalty=l1 with l1_ratio=0.0. penalty is deprecated. Please use l1_ratio only.
  warnings.warn(
/users/3171356m/A-GCL/.venv/lib/python3.12/site-packages/sklearn/linear_model/_logistic.py:1403: FutureWarning: 'penalty' was deprecated in version 1.8 and will be removed in 1.10. To avoid this warning, leave 'penalty' set to its default value and use 'l1_ratio' or 'C' instead. Use l1_ratio=0 instead of penalty='l2', l1_ratio=1 instead of penalty='l1', l1_ratio set to a float between 0 and 1 instead of penalty='elasticnet', and C=np.inf instead of penalty=None.
  warnings.warn(
/users/3171356m/A-GCL/.venv/lib/python3.12/site-packages/sklearn/linear_model/_logistic.py:1429: UserWarning: Inconsistent values: penalty=l1 with l1_ratio=0.0. penalty is deprecated. Please use l1_ratio only.
  warnings.warn(
/users/3171356m/A-GCL/.venv/lib/python3.12/site-packages/sklearn/linear_model/_logistic.py:1403: FutureWarning: 'penalty' was deprecated in version 1.8 and will be removed in 1.10. To avoid this warning, leave 'penalty' set to its default value and use 'l1_ratio' or 'C' instead. Use l1_ratio=0 instead of penalty='l2', l1_ratio=1 instead of penalty='l1', l1_ratio set to a float between 0 and 1 instead of penalty='elasticnet', and C=np.inf instead of penalty=None.
  warnings.warn(
/users/3171356m/A-GCL/.venv/lib/python3.12/site-packages/sklearn/linear_model/_logistic.py:1429: UserWarning: Inconsistent values: penalty=l1 with l1_ratio=0.0. penalty is deprecated. Please use l1_ratio only.
  warnings.warn(
/users/3171356m/A-GCL/.venv/lib/python3.12/site-packages/sklearn/linear_model/_logistic.py:1403: FutureWarning: 'penalty' was deprecated in version 1.8 and will be removed in 1.10. To avoid this warning, leave 'penalty' set to its default value and use 'l1_ratio' or 'C' instead. Use l1_ratio=0 instead of penalty='l2', l1_ratio=1 instead of penalty='l1', l1_ratio set to a float between 0 and 1 instead of penalty='elasticnet', and C=np.inf instead of penalty=None.
  warnings.warn(
/users/3171356m/A-GCL/.venv/lib/python3.12/site-packages/sklearn/linear_model/_logistic.py:1429: UserWarning: Inconsistent values: penalty=l1 with l1_ratio=0.0. penalty is deprecated. Please use l1_ratio only.
  warnings.warn(
/users/3171356m/A-GCL/.venv/lib/python3.12/site-packages/sklearn/linear_model/_logistic.py:1403: FutureWarning: 'penalty' was deprecated in version 1.8 and will be removed in 1.10. To avoid this warning, leave 'penalty' set to its default value and use 'l1_ratio' or 'C' instead. Use l1_ratio=0 instead of penalty='l2', l1_ratio=1 instead of penalty='l1', l1_ratio set to a float between 0 and 1 instead of penalty='elasticnet', and C=np.inf instead of penalty=None.
  warnings.warn(
/users/3171356m/A-GCL/.venv/lib/python3.12/site-packages/sklearn/linear_model/_logistic.py:1429: UserWarning: Inconsistent values: penalty=l1 with l1_ratio=0.0. penalty is deprecated. Please use l1_ratio only.
  warnings.warn(
/users/3171356m/A-GCL/.venv/lib/python3.12/site-packages/sklearn/linear_model/_logistic.py:1403: FutureWarning: 'penalty' was deprecated in version 1.8 and will be removed in 1.10. To avoid this warning, leave 'penalty' set to its default value and use 'l1_ratio' or 'C' instead. Use l1_ratio=0 instead of penalty='l2', l1_ratio=1 instead of penalty='l1', l1_ratio set to a float between 0 and 1 instead of penalty='elasticnet', and C=np.inf instead of penalty=None.
  warnings.warn(
/users/3171356m/A-GCL/.venv/lib/python3.12/site-packages/sklearn/linear_model/_logistic.py:1429: UserWarning: Inconsistent values: penalty=l1 with l1_ratio=0.0. penalty is deprecated. Please use l1_ratio only.
  warnings.warn(
/users/3171356m/A-GCL/.venv/lib/python3.12/site-packages/sklearn/linear_model/_logistic.py:1403: FutureWarning: 'penalty' was deprecated in version 1.8 and will be removed in 1.10. To avoid this warning, leave 'penalty' set to its default value and use 'l1_ratio' or 'C' instead. Use l1_ratio=0 instead of penalty='l2', l1_ratio=1 instead of penalty='l1', l1_ratio set to a float between 0 and 1 instead of penalty='elasticnet', and C=np.inf instead of penalty=None.
  warnings.warn(
/users/3171356m/A-GCL/.venv/lib/python3.12/site-packages/sklearn/linear_model/_logistic.py:1429: UserWarning: Inconsistent values: penalty=l1 with l1_ratio=0.0. penalty is deprecated. Please use l1_ratio only.
  warnings.warn(
/users/3171356m/A-GCL/.venv/lib/python3.12/site-packages/sklearn/linear_model/_logistic.py:1403: FutureWarning: 'penalty' was deprecated in version 1.8 and will be removed in 1.10. To avoid this warning, leave 'penalty' set to its default value and use 'l1_ratio' or 'C' instead. Use l1_ratio=0 instead of penalty='l2', l1_ratio=1 instead of penalty='l1', l1_ratio set to a float between 0 and 1 instead of penalty='elasticnet', and C=np.inf instead of penalty=None.
  warnings.warn(
/users/3171356m/A-GCL/.venv/lib/python3.12/site-packages/sklearn/linear_model/_logistic.py:1429: UserWarning: Inconsistent values: penalty=l1 with l1_ratio=0.0. penalty is deprecated. Please use l1_ratio only.
  warnings.warn(
/users/3171356m/A-GCL/.venv/lib/python3.12/site-packages/sklearn/linear_model/_logistic.py:1403: FutureWarning: 'penalty' was deprecated in version 1.8 and will be removed in 1.10. To avoid this warning, leave 'penalty' set to its default value and use 'l1_ratio' or 'C' instead. Use l1_ratio=0 instead of penalty='l2', l1_ratio=1 instead of penalty='l1', l1_ratio set to a float between 0 and 1 instead of penalty='elasticnet', and C=np.inf instead of penalty=None.
  warnings.warn(
/users/3171356m/A-GCL/.venv/lib/python3.12/site-packages/sklearn/linear_model/_logistic.py:1429: UserWarning: Inconsistent values: penalty=l1 with l1_ratio=0.0. penalty is deprecated. Please use l1_ratio only.
  warnings.warn(
/users/3171356m/A-GCL/.venv/lib/python3.12/site-packages/sklearn/linear_model/_logistic.py:1403: FutureWarning: 'penalty' was deprecated in version 1.8 and will be removed in 1.10. To avoid this warning, leave 'penalty' set to its default value and use 'l1_ratio' or 'C' instead. Use l1_ratio=0 instead of penalty='l2', l1_ratio=1 instead of penalty='l1', l1_ratio set to a float between 0 and 1 instead of penalty='elasticnet', and C=np.inf instead of penalty=None.
  warnings.warn(
/users/3171356m/A-GCL/.venv/lib/python3.12/site-packages/sklearn/linear_model/_logistic.py:1429: UserWarning: Inconsistent values: penalty=l1 with l1_ratio=0.0. penalty is deprecated. Please use l1_ratio only.
  warnings.warn(
/users/3171356m/A-GCL/.venv/lib/python3.12/site-packages/sklearn/linear_model/_logistic.py:1403: FutureWarning: 'penalty' was deprecated in version 1.8 and will be removed in 1.10. To avoid this warning, leave 'penalty' set to its default value and use 'l1_ratio' or 'C' instead. Use l1_ratio=0 instead of penalty='l2', l1_ratio=1 instead of penalty='l1', l1_ratio set to a float between 0 and 1 instead of penalty='elasticnet', and C=np.inf instead of penalty=None.
  warnings.warn(
/users/3171356m/A-GCL/.venv/lib/python3.12/site-packages/sklearn/linear_model/_logistic.py:1429: UserWarning: Inconsistent values: penalty=l1 with l1_ratio=0.0. penalty is deprecated. Please use l1_ratio only.
  warnings.warn(
/users/3171356m/A-GCL/.venv/lib/python3.12/site-packages/sklearn/linear_model/_logistic.py:1403: FutureWarning: 'penalty' was deprecated in version 1.8 and will be removed in 1.10. To avoid this warning, leave 'penalty' set to its default value and use 'l1_ratio' or 'C' instead. Use l1_ratio=0 instead of penalty='l2', l1_ratio=1 instead of penalty='l1', l1_ratio set to a float between 0 and 1 instead of penalty='elasticnet', and C=np.inf instead of penalty=None.
  warnings.warn(
/users/3171356m/A-GCL/.venv/lib/python3.12/site-packages/sklearn/linear_model/_logistic.py:1429: UserWarning: Inconsistent values: penalty=l1 with l1_ratio=0.0. penalty is deprecated. Please use l1_ratio only.
  warnings.warn(
/users/3171356m/A-GCL/.venv/lib/python3.12/site-packages/sklearn/linear_model/_logistic.py:1403: FutureWarning: 'penalty' was deprecated in version 1.8 and will be removed in 1.10. To avoid this warning, leave 'penalty' set to its default value and use 'l1_ratio' or 'C' instead. Use l1_ratio=0 instead of penalty='l2', l1_ratio=1 instead of penalty='l1', l1_ratio set to a float between 0 and 1 instead of penalty='elasticnet', and C=np.inf instead of penalty=None.
  warnings.warn(
/users/3171356m/A-GCL/.venv/lib/python3.12/site-packages/sklearn/linear_model/_logistic.py:1429: UserWarning: Inconsistent values: penalty=l1 with l1_ratio=0.0. penalty is deprecated. Please use l1_ratio only.
  warnings.warn(
/users/3171356m/A-GCL/.venv/lib/python3.12/site-packages/sklearn/linear_model/_logistic.py:1403: FutureWarning: 'penalty' was deprecated in version 1.8 and will be removed in 1.10. To avoid this warning, leave 'penalty' set to its default value and use 'l1_ratio' or 'C' instead. Use l1_ratio=0 instead of penalty='l2', l1_ratio=1 instead of penalty='l1', l1_ratio set to a float between 0 and 1 instead of penalty='elasticnet', and C=np.inf instead of penalty=None.
  warnings.warn(
/users/3171356m/A-GCL/.venv/lib/python3.12/site-packages/sklearn/linear_model/_logistic.py:1429: UserWarning: Inconsistent values: penalty=l1 with l1_ratio=0.0. penalty is deprecated. Please use l1_ratio only.
  warnings.warn(
/users/3171356m/A-GCL/.venv/lib/python3.12/site-packages/sklearn/linear_model/_logistic.py:1403: FutureWarning: 'penalty' was deprecated in version 1.8 and will be removed in 1.10. To avoid this warning, leave 'penalty' set to its default value and use 'l1_ratio' or 'C' instead. Use l1_ratio=0 instead of penalty='l2', l1_ratio=1 instead of penalty='l1', l1_ratio set to a float between 0 and 1 instead of penalty='elasticnet', and C=np.inf instead of penalty=None.
  warnings.warn(
/users/3171356m/A-GCL/.venv/lib/python3.12/site-packages/sklearn/linear_model/_logistic.py:1429: UserWarning: Inconsistent values: penalty=l1 with l1_ratio=0.0. penalty is deprecated. Please use l1_ratio only.
  warnings.warn(
/users/3171356m/A-GCL/.venv/lib/python3.12/site-packages/sklearn/linear_model/_logistic.py:1403: FutureWarning: 'penalty' was deprecated in version 1.8 and will be removed in 1.10. To avoid this warning, leave 'penalty' set to its default value and use 'l1_ratio' or 'C' instead. Use l1_ratio=0 instead of penalty='l2', l1_ratio=1 instead of penalty='l1', l1_ratio set to a float between 0 and 1 instead of penalty='elasticnet', and C=np.inf instead of penalty=None.
  warnings.warn(
/users/3171356m/A-GCL/.venv/lib/python3.12/site-packages/sklearn/linear_model/_logistic.py:1429: UserWarning: Inconsistent values: penalty=l1 with l1_ratio=0.0. penalty is deprecated. Please use l1_ratio only.
  warnings.warn(
/users/3171356m/A-GCL/.venv/lib/python3.12/site-packages/sklearn/linear_model/_logistic.py:1403: FutureWarning: 'penalty' was deprecated in version 1.8 and will be removed in 1.10. To avoid this warning, leave 'penalty' set to its default value and use 'l1_ratio' or 'C' instead. Use l1_ratio=0 instead of penalty='l2', l1_ratio=1 instead of penalty='l1', l1_ratio set to a float between 0 and 1 instead of penalty='elasticnet', and C=np.inf instead of penalty=None.
  warnings.warn(
/users/3171356m/A-GCL/.venv/lib/python3.12/site-packages/sklearn/linear_model/_logistic.py:1429: UserWarning: Inconsistent values: penalty=l1 with l1_ratio=0.0. penalty is deprecated. Please use l1_ratio only.
  warnings.warn(
/users/3171356m/A-GCL/.venv/lib/python3.12/site-packages/sklearn/linear_model/_logistic.py:1403: FutureWarning: 'penalty' was deprecated in version 1.8 and will be removed in 1.10. To avoid this warning, leave 'penalty' set to its default value and use 'l1_ratio' or 'C' instead. Use l1_ratio=0 instead of penalty='l2', l1_ratio=1 instead of penalty='l1', l1_ratio set to a float between 0 and 1 instead of penalty='elasticnet', and C=np.inf instead of penalty=None.
  warnings.warn(
/users/3171356m/A-GCL/.venv/lib/python3.12/site-packages/sklearn/linear_model/_logistic.py:1429: UserWarning: Inconsistent values: penalty=l1 with l1_ratio=0.0. penalty is deprecated. Please use l1_ratio only.
  warnings.warn(
/users/3171356m/A-GCL/.venv/lib/python3.12/site-packages/sklearn/linear_model/_logistic.py:1403: FutureWarning: 'penalty' was deprecated in version 1.8 and will be removed in 1.10. To avoid this warning, leave 'penalty' set to its default value and use 'l1_ratio' or 'C' instead. Use l1_ratio=0 instead of penalty='l2', l1_ratio=1 instead of penalty='l1', l1_ratio set to a float between 0 and 1 instead of penalty='elasticnet', and C=np.inf instead of penalty=None.
  warnings.warn(
/users/3171356m/A-GCL/.venv/lib/python3.12/site-packages/sklearn/linear_model/_logistic.py:1429: UserWarning: Inconsistent values: penalty=l1 with l1_ratio=0.0. penalty is deprecated. Please use l1_ratio only.
  warnings.warn(
/users/3171356m/A-GCL/.venv/lib/python3.12/site-packages/sklearn/linear_model/_logistic.py:1403: FutureWarning: 'penalty' was deprecated in version 1.8 and will be removed in 1.10. To avoid this warning, leave 'penalty' set to its default value and use 'l1_ratio' or 'C' instead. Use l1_ratio=0 instead of penalty='l2', l1_ratio=1 instead of penalty='l1', l1_ratio set to a float between 0 and 1 instead of penalty='elasticnet', and C=np.inf instead of penalty=None.
  warnings.warn(
/users/3171356m/A-GCL/.venv/lib/python3.12/site-packages/sklearn/linear_model/_logistic.py:1429: UserWarning: Inconsistent values: penalty=l1 with l1_ratio=0.0. penalty is deprecated. Please use l1_ratio only.
  warnings.warn(
/users/3171356m/A-GCL/.venv/lib/python3.12/site-packages/sklearn/linear_model/_logistic.py:1403: FutureWarning: 'penalty' was deprecated in version 1.8 and will be removed in 1.10. To avoid this warning, leave 'penalty' set to its default value and use 'l1_ratio' or 'C' instead. Use l1_ratio=0 instead of penalty='l2', l1_ratio=1 instead of penalty='l1', l1_ratio set to a float between 0 and 1 instead of penalty='elasticnet', and C=np.inf instead of penalty=None.
  warnings.warn(
/users/3171356m/A-GCL/.venv/lib/python3.12/site-packages/sklearn/linear_model/_logistic.py:1429: UserWarning: Inconsistent values: penalty=l1 with l1_ratio=0.0. penalty is deprecated. Please use l1_ratio only.
  warnings.warn(
/users/3171356m/A-GCL/.venv/lib/python3.12/site-packages/sklearn/linear_model/_logistic.py:1403: FutureWarning: 'penalty' was deprecated in version 1.8 and will be removed in 1.10. To avoid this warning, leave 'penalty' set to its default value and use 'l1_ratio' or 'C' instead. Use l1_ratio=0 instead of penalty='l2', l1_ratio=1 instead of penalty='l1', l1_ratio set to a float between 0 and 1 instead of penalty='elasticnet', and C=np.inf instead of penalty=None.
  warnings.warn(
/users/3171356m/A-GCL/.venv/lib/python3.12/site-packages/sklearn/linear_model/_logistic.py:1429: UserWarning: Inconsistent values: penalty=l1 with l1_ratio=0.0. penalty is deprecated. Please use l1_ratio only.
  warnings.warn(
/users/3171356m/A-GCL/.venv/lib/python3.12/site-packages/sklearn/linear_model/_logistic.py:1403: FutureWarning: 'penalty' was deprecated in version 1.8 and will be removed in 1.10. To avoid this warning, leave 'penalty' set to its default value and use 'l1_ratio' or 'C' instead. Use l1_ratio=0 instead of penalty='l2', l1_ratio=1 instead of penalty='l1', l1_ratio set to a float between 0 and 1 instead of penalty='elasticnet', and C=np.inf instead of penalty=None.
  warnings.warn(
/users/3171356m/A-GCL/.venv/lib/python3.12/site-packages/sklearn/linear_model/_logistic.py:1429: UserWarning: Inconsistent values: penalty=l1 with l1_ratio=0.0. penalty is deprecated. Please use l1_ratio only.
  warnings.warn(
/users/3171356m/A-GCL/.venv/lib/python3.12/site-packages/sklearn/linear_model/_logistic.py:1403: FutureWarning: 'penalty' was deprecated in version 1.8 and will be removed in 1.10. To avoid this warning, leave 'penalty' set to its default value and use 'l1_ratio' or 'C' instead. Use l1_ratio=0 instead of penalty='l2', l1_ratio=1 instead of penalty='l1', l1_ratio set to a float between 0 and 1 instead of penalty='elasticnet', and C=np.inf instead of penalty=None.
  warnings.warn(
/users/3171356m/A-GCL/.venv/lib/python3.12/site-packages/sklearn/linear_model/_logistic.py:1429: UserWarning: Inconsistent values: penalty=l1 with l1_ratio=0.0. penalty is deprecated. Please use l1_ratio only.
  warnings.warn(
/users/3171356m/A-GCL/.venv/lib/python3.12/site-packages/sklearn/linear_model/_logistic.py:1403: FutureWarning: 'penalty' was deprecated in version 1.8 and will be removed in 1.10. To avoid this warning, leave 'penalty' set to its default value and use 'l1_ratio' or 'C' instead. Use l1_ratio=0 instead of penalty='l2', l1_ratio=1 instead of penalty='l1', l1_ratio set to a float between 0 and 1 instead of penalty='elasticnet', and C=np.inf instead of penalty=None.
  warnings.warn(
/users/3171356m/A-GCL/.venv/lib/python3.12/site-packages/sklearn/linear_model/_logistic.py:1429: UserWarning: Inconsistent values: penalty=l1 with l1_ratio=0.0. penalty is deprecated. Please use l1_ratio only.
  warnings.warn(
/users/3171356m/A-GCL/.venv/lib/python3.12/site-packages/sklearn/linear_model/_logistic.py:1403: FutureWarning: 'penalty' was deprecated in version 1.8 and will be removed in 1.10. To avoid this warning, leave 'penalty' set to its default value and use 'l1_ratio' or 'C' instead. Use l1_ratio=0 instead of penalty='l2', l1_ratio=1 instead of penalty='l1', l1_ratio set to a float between 0 and 1 instead of penalty='elasticnet', and C=np.inf instead of penalty=None.
  warnings.warn(
/users/3171356m/A-GCL/.venv/lib/python3.12/site-packages/sklearn/linear_model/_logistic.py:1429: UserWarning: Inconsistent values: penalty=l1 with l1_ratio=0.0. penalty is deprecated. Please use l1_ratio only.
  warnings.warn(
23:09:15 | INFO |   fold 4/5: acc=0.6859 auc=0.7144 best_C=0.03
/users/3171356m/A-GCL/.venv/lib/python3.12/site-packages/sklearn/linear_model/_logistic.py:1403: FutureWarning: 'penalty' was deprecated in version 1.8 and will be removed in 1.10. To avoid this warning, leave 'penalty' set to its default value and use 'l1_ratio' or 'C' instead. Use l1_ratio=0 instead of penalty='l2', l1_ratio=1 instead of penalty='l1', l1_ratio set to a float between 0 and 1 instead of penalty='elasticnet', and C=np.inf instead of penalty=None.
  warnings.warn(
/users/3171356m/A-GCL/.venv/lib/python3.12/site-packages/sklearn/linear_model/_logistic.py:1429: UserWarning: Inconsistent values: penalty=l1 with l1_ratio=0.0. penalty is deprecated. Please use l1_ratio only.
  warnings.warn(
/users/3171356m/A-GCL/.venv/lib/python3.12/site-packages/sklearn/linear_model/_logistic.py:1403: FutureWarning: 'penalty' was deprecated in version 1.8 and will be removed in 1.10. To avoid this warning, leave 'penalty' set to its default value and use 'l1_ratio' or 'C' instead. Use l1_ratio=0 instead of penalty='l2', l1_ratio=1 instead of penalty='l1', l1_ratio set to a float between 0 and 1 instead of penalty='elasticnet', and C=np.inf instead of penalty=None.
  warnings.warn(
/users/3171356m/A-GCL/.venv/lib/python3.12/site-packages/sklearn/linear_model/_logistic.py:1429: UserWarning: Inconsistent values: penalty=l1 with l1_ratio=0.0. penalty is deprecated. Please use l1_ratio only.
  warnings.warn(
/users/3171356m/A-GCL/.venv/lib/python3.12/site-packages/sklearn/linear_model/_logistic.py:1403: FutureWarning: 'penalty' was deprecated in version 1.8 and will be removed in 1.10. To avoid this warning, leave 'penalty' set to its default value and use 'l1_ratio' or 'C' instead. Use l1_ratio=0 instead of penalty='l2', l1_ratio=1 instead of penalty='l1', l1_ratio set to a float between 0 and 1 instead of penalty='elasticnet', and C=np.inf instead of penalty=None.
  warnings.warn(
/users/3171356m/A-GCL/.venv/lib/python3.12/site-packages/sklearn/linear_model/_logistic.py:1429: UserWarning: Inconsistent values: penalty=l1 with l1_ratio=0.0. penalty is deprecated. Please use l1_ratio only.
  warnings.warn(
/users/3171356m/A-GCL/.venv/lib/python3.12/site-packages/sklearn/linear_model/_logistic.py:1403: FutureWarning: 'penalty' was deprecated in version 1.8 and will be removed in 1.10. To avoid this warning, leave 'penalty' set to its default value and use 'l1_ratio' or 'C' instead. Use l1_ratio=0 instead of penalty='l2', l1_ratio=1 instead of penalty='l1', l1_ratio set to a float between 0 and 1 instead of penalty='elasticnet', and C=np.inf instead of penalty=None.
  warnings.warn(
/users/3171356m/A-GCL/.venv/lib/python3.12/site-packages/sklearn/linear_model/_logistic.py:1429: UserWarning: Inconsistent values: penalty=l1 with l1_ratio=0.0. penalty is deprecated. Please use l1_ratio only.
  warnings.warn(
/users/3171356m/A-GCL/.venv/lib/python3.12/site-packages/sklearn/linear_model/_logistic.py:1403: FutureWarning: 'penalty' was deprecated in version 1.8 and will be removed in 1.10. To avoid this warning, leave 'penalty' set to its default value and use 'l1_ratio' or 'C' instead. Use l1_ratio=0 instead of penalty='l2', l1_ratio=1 instead of penalty='l1', l1_ratio set to a float between 0 and 1 instead of penalty='elasticnet', and C=np.inf instead of penalty=None.
  warnings.warn(
/users/3171356m/A-GCL/.venv/lib/python3.12/site-packages/sklearn/linear_model/_logistic.py:1429: UserWarning: Inconsistent values: penalty=l1 with l1_ratio=0.0. penalty is deprecated. Please use l1_ratio only.
  warnings.warn(
/users/3171356m/A-GCL/.venv/lib/python3.12/site-packages/sklearn/linear_model/_logistic.py:1403: FutureWarning: 'penalty' was deprecated in version 1.8 and will be removed in 1.10. To avoid this warning, leave 'penalty' set to its default value and use 'l1_ratio' or 'C' instead. Use l1_ratio=0 instead of penalty='l2', l1_ratio=1 instead of penalty='l1', l1_ratio set to a float between 0 and 1 instead of penalty='elasticnet', and C=np.inf instead of penalty=None.
  warnings.warn(
/users/3171356m/A-GCL/.venv/lib/python3.12/site-packages/sklearn/linear_model/_logistic.py:1429: UserWarning: Inconsistent values: penalty=l1 with l1_ratio=0.0. penalty is deprecated. Please use l1_ratio only.
  warnings.warn(
/users/3171356m/A-GCL/.venv/lib/python3.12/site-packages/sklearn/linear_model/_logistic.py:1403: FutureWarning: 'penalty' was deprecated in version 1.8 and will be removed in 1.10. To avoid this warning, leave 'penalty' set to its default value and use 'l1_ratio' or 'C' instead. Use l1_ratio=0 instead of penalty='l2', l1_ratio=1 instead of penalty='l1', l1_ratio set to a float between 0 and 1 instead of penalty='elasticnet', and C=np.inf instead of penalty=None.
  warnings.warn(
/users/3171356m/A-GCL/.venv/lib/python3.12/site-packages/sklearn/linear_model/_logistic.py:1429: UserWarning: Inconsistent values: penalty=l1 with l1_ratio=0.0. penalty is deprecated. Please use l1_ratio only.
  warnings.warn(
/users/3171356m/A-GCL/.venv/lib/python3.12/site-packages/sklearn/linear_model/_logistic.py:1403: FutureWarning: 'penalty' was deprecated in version 1.8 and will be removed in 1.10. To avoid this warning, leave 'penalty' set to its default value and use 'l1_ratio' or 'C' instead. Use l1_ratio=0 instead of penalty='l2', l1_ratio=1 instead of penalty='l1', l1_ratio set to a float between 0 and 1 instead of penalty='elasticnet', and C=np.inf instead of penalty=None.
  warnings.warn(
/users/3171356m/A-GCL/.venv/lib/python3.12/site-packages/sklearn/linear_model/_logistic.py:1429: UserWarning: Inconsistent values: penalty=l1 with l1_ratio=0.0. penalty is deprecated. Please use l1_ratio only.
  warnings.warn(
/users/3171356m/A-GCL/.venv/lib/python3.12/site-packages/sklearn/linear_model/_logistic.py:1403: FutureWarning: 'penalty' was deprecated in version 1.8 and will be removed in 1.10. To avoid this warning, leave 'penalty' set to its default value and use 'l1_ratio' or 'C' instead. Use l1_ratio=0 instead of penalty='l2', l1_ratio=1 instead of penalty='l1', l1_ratio set to a float between 0 and 1 instead of penalty='elasticnet', and C=np.inf instead of penalty=None.
  warnings.warn(
/users/3171356m/A-GCL/.venv/lib/python3.12/site-packages/sklearn/linear_model/_logistic.py:1429: UserWarning: Inconsistent values: penalty=l1 with l1_ratio=0.0. penalty is deprecated. Please use l1_ratio only.
  warnings.warn(
/users/3171356m/A-GCL/.venv/lib/python3.12/site-packages/sklearn/linear_model/_logistic.py:1403: FutureWarning: 'penalty' was deprecated in version 1.8 and will be removed in 1.10. To avoid this warning, leave 'penalty' set to its default value and use 'l1_ratio' or 'C' instead. Use l1_ratio=0 instead of penalty='l2', l1_ratio=1 instead of penalty='l1', l1_ratio set to a float between 0 and 1 instead of penalty='elasticnet', and C=np.inf instead of penalty=None.
  warnings.warn(
/users/3171356m/A-GCL/.venv/lib/python3.12/site-packages/sklearn/linear_model/_logistic.py:1429: UserWarning: Inconsistent values: penalty=l1 with l1_ratio=0.0. penalty is deprecated. Please use l1_ratio only.
  warnings.warn(
/users/3171356m/A-GCL/.venv/lib/python3.12/site-packages/sklearn/linear_model/_logistic.py:1403: FutureWarning: 'penalty' was deprecated in version 1.8 and will be removed in 1.10. To avoid this warning, leave 'penalty' set to its default value and use 'l1_ratio' or 'C' instead. Use l1_ratio=0 instead of penalty='l2', l1_ratio=1 instead of penalty='l1', l1_ratio set to a float between 0 and 1 instead of penalty='elasticnet', and C=np.inf instead of penalty=None.
  warnings.warn(
/users/3171356m/A-GCL/.venv/lib/python3.12/site-packages/sklearn/linear_model/_logistic.py:1429: UserWarning: Inconsistent values: penalty=l1 with l1_ratio=0.0. penalty is deprecated. Please use l1_ratio only.
  warnings.warn(
/users/3171356m/A-GCL/.venv/lib/python3.12/site-packages/sklearn/linear_model/_logistic.py:1403: FutureWarning: 'penalty' was deprecated in version 1.8 and will be removed in 1.10. To avoid this warning, leave 'penalty' set to its default value and use 'l1_ratio' or 'C' instead. Use l1_ratio=0 instead of penalty='l2', l1_ratio=1 instead of penalty='l1', l1_ratio set to a float between 0 and 1 instead of penalty='elasticnet', and C=np.inf instead of penalty=None.
  warnings.warn(
/users/3171356m/A-GCL/.venv/lib/python3.12/site-packages/sklearn/linear_model/_logistic.py:1429: UserWarning: Inconsistent values: penalty=l1 with l1_ratio=0.0. penalty is deprecated. Please use l1_ratio only.
  warnings.warn(
/users/3171356m/A-GCL/.venv/lib/python3.12/site-packages/sklearn/linear_model/_logistic.py:1403: FutureWarning: 'penalty' was deprecated in version 1.8 and will be removed in 1.10. To avoid this warning, leave 'penalty' set to its default value and use 'l1_ratio' or 'C' instead. Use l1_ratio=0 instead of penalty='l2', l1_ratio=1 instead of penalty='l1', l1_ratio set to a float between 0 and 1 instead of penalty='elasticnet', and C=np.inf instead of penalty=None.
  warnings.warn(
/users/3171356m/A-GCL/.venv/lib/python3.12/site-packages/sklearn/linear_model/_logistic.py:1429: UserWarning: Inconsistent values: penalty=l1 with l1_ratio=0.0. penalty is deprecated. Please use l1_ratio only.
  warnings.warn(
/users/3171356m/A-GCL/.venv/lib/python3.12/site-packages/sklearn/linear_model/_logistic.py:1403: FutureWarning: 'penalty' was deprecated in version 1.8 and will be removed in 1.10. To avoid this warning, leave 'penalty' set to its default value and use 'l1_ratio' or 'C' instead. Use l1_ratio=0 instead of penalty='l2', l1_ratio=1 instead of penalty='l1', l1_ratio set to a float between 0 and 1 instead of penalty='elasticnet', and C=np.inf instead of penalty=None.
  warnings.warn(
/users/3171356m/A-GCL/.venv/lib/python3.12/site-packages/sklearn/linear_model/_logistic.py:1429: UserWarning: Inconsistent values: penalty=l1 with l1_ratio=0.0. penalty is deprecated. Please use l1_ratio only.
  warnings.warn(
/users/3171356m/A-GCL/.venv/lib/python3.12/site-packages/sklearn/linear_model/_logistic.py:1403: FutureWarning: 'penalty' was deprecated in version 1.8 and will be removed in 1.10. To avoid this warning, leave 'penalty' set to its default value and use 'l1_ratio' or 'C' instead. Use l1_ratio=0 instead of penalty='l2', l1_ratio=1 instead of penalty='l1', l1_ratio set to a float between 0 and 1 instead of penalty='elasticnet', and C=np.inf instead of penalty=None.
  warnings.warn(
/users/3171356m/A-GCL/.venv/lib/python3.12/site-packages/sklearn/linear_model/_logistic.py:1429: UserWarning: Inconsistent values: penalty=l1 with l1_ratio=0.0. penalty is deprecated. Please use l1_ratio only.
  warnings.warn(
/users/3171356m/A-GCL/.venv/lib/python3.12/site-packages/sklearn/linear_model/_logistic.py:1403: FutureWarning: 'penalty' was deprecated in version 1.8 and will be removed in 1.10. To avoid this warning, leave 'penalty' set to its default value and use 'l1_ratio' or 'C' instead. Use l1_ratio=0 instead of penalty='l2', l1_ratio=1 instead of penalty='l1', l1_ratio set to a float between 0 and 1 instead of penalty='elasticnet', and C=np.inf instead of penalty=None.
  warnings.warn(
/users/3171356m/A-GCL/.venv/lib/python3.12/site-packages/sklearn/linear_model/_logistic.py:1429: UserWarning: Inconsistent values: penalty=l1 with l1_ratio=0.0. penalty is deprecated. Please use l1_ratio only.
  warnings.warn(
/users/3171356m/A-GCL/.venv/lib/python3.12/site-packages/sklearn/linear_model/_logistic.py:1403: FutureWarning: 'penalty' was deprecated in version 1.8 and will be removed in 1.10. To avoid this warning, leave 'penalty' set to its default value and use 'l1_ratio' or 'C' instead. Use l1_ratio=0 instead of penalty='l2', l1_ratio=1 instead of penalty='l1', l1_ratio set to a float between 0 and 1 instead of penalty='elasticnet', and C=np.inf instead of penalty=None.
  warnings.warn(
/users/3171356m/A-GCL/.venv/lib/python3.12/site-packages/sklearn/linear_model/_logistic.py:1429: UserWarning: Inconsistent values: penalty=l1 with l1_ratio=0.0. penalty is deprecated. Please use l1_ratio only.
  warnings.warn(
/users/3171356m/A-GCL/.venv/lib/python3.12/site-packages/sklearn/linear_model/_logistic.py:1403: FutureWarning: 'penalty' was deprecated in version 1.8 and will be removed in 1.10. To avoid this warning, leave 'penalty' set to its default value and use 'l1_ratio' or 'C' instead. Use l1_ratio=0 instead of penalty='l2', l1_ratio=1 instead of penalty='l1', l1_ratio set to a float between 0 and 1 instead of penalty='elasticnet', and C=np.inf instead of penalty=None.
  warnings.warn(
/users/3171356m/A-GCL/.venv/lib/python3.12/site-packages/sklearn/linear_model/_logistic.py:1429: UserWarning: Inconsistent values: penalty=l1 with l1_ratio=0.0. penalty is deprecated. Please use l1_ratio only.
  warnings.warn(
/users/3171356m/A-GCL/.venv/lib/python3.12/site-packages/sklearn/linear_model/_logistic.py:1403: FutureWarning: 'penalty' was deprecated in version 1.8 and will be removed in 1.10. To avoid this warning, leave 'penalty' set to its default value and use 'l1_ratio' or 'C' instead. Use l1_ratio=0 instead of penalty='l2', l1_ratio=1 instead of penalty='l1', l1_ratio set to a float between 0 and 1 instead of penalty='elasticnet', and C=np.inf instead of penalty=None.
  warnings.warn(
/users/3171356m/A-GCL/.venv/lib/python3.12/site-packages/sklearn/linear_model/_logistic.py:1429: UserWarning: Inconsistent values: penalty=l1 with l1_ratio=0.0. penalty is deprecated. Please use l1_ratio only.
  warnings.warn(
/users/3171356m/A-GCL/.venv/lib/python3.12/site-packages/sklearn/linear_model/_logistic.py:1403: FutureWarning: 'penalty' was deprecated in version 1.8 and will be removed in 1.10. To avoid this warning, leave 'penalty' set to its default value and use 'l1_ratio' or 'C' instead. Use l1_ratio=0 instead of penalty='l2', l1_ratio=1 instead of penalty='l1', l1_ratio set to a float between 0 and 1 instead of penalty='elasticnet', and C=np.inf instead of penalty=None.
  warnings.warn(
/users/3171356m/A-GCL/.venv/lib/python3.12/site-packages/sklearn/linear_model/_logistic.py:1429: UserWarning: Inconsistent values: penalty=l1 with l1_ratio=0.0. penalty is deprecated. Please use l1_ratio only.
  warnings.warn(
/users/3171356m/A-GCL/.venv/lib/python3.12/site-packages/sklearn/linear_model/_logistic.py:1403: FutureWarning: 'penalty' was deprecated in version 1.8 and will be removed in 1.10. To avoid this warning, leave 'penalty' set to its default value and use 'l1_ratio' or 'C' instead. Use l1_ratio=0 instead of penalty='l2', l1_ratio=1 instead of penalty='l1', l1_ratio set to a float between 0 and 1 instead of penalty='elasticnet', and C=np.inf instead of penalty=None.
  warnings.warn(
/users/3171356m/A-GCL/.venv/lib/python3.12/site-packages/sklearn/linear_model/_logistic.py:1429: UserWarning: Inconsistent values: penalty=l1 with l1_ratio=0.0. penalty is deprecated. Please use l1_ratio only.
  warnings.warn(
/users/3171356m/A-GCL/.venv/lib/python3.12/site-packages/sklearn/linear_model/_logistic.py:1403: FutureWarning: 'penalty' was deprecated in version 1.8 and will be removed in 1.10. To avoid this warning, leave 'penalty' set to its default value and use 'l1_ratio' or 'C' instead. Use l1_ratio=0 instead of penalty='l2', l1_ratio=1 instead of penalty='l1', l1_ratio set to a float between 0 and 1 instead of penalty='elasticnet', and C=np.inf instead of penalty=None.
  warnings.warn(
/users/3171356m/A-GCL/.venv/lib/python3.12/site-packages/sklearn/linear_model/_logistic.py:1429: UserWarning: Inconsistent values: penalty=l1 with l1_ratio=0.0. penalty is deprecated. Please use l1_ratio only.
  warnings.warn(
/users/3171356m/A-GCL/.venv/lib/python3.12/site-packages/sklearn/linear_model/_logistic.py:1403: FutureWarning: 'penalty' was deprecated in version 1.8 and will be removed in 1.10. To avoid this warning, leave 'penalty' set to its default value and use 'l1_ratio' or 'C' instead. Use l1_ratio=0 instead of penalty='l2', l1_ratio=1 instead of penalty='l1', l1_ratio set to a float between 0 and 1 instead of penalty='elasticnet', and C=np.inf instead of penalty=None.
  warnings.warn(
/users/3171356m/A-GCL/.venv/lib/python3.12/site-packages/sklearn/linear_model/_logistic.py:1429: UserWarning: Inconsistent values: penalty=l1 with l1_ratio=0.0. penalty is deprecated. Please use l1_ratio only.
  warnings.warn(
/users/3171356m/A-GCL/.venv/lib/python3.12/site-packages/sklearn/linear_model/_logistic.py:1403: FutureWarning: 'penalty' was deprecated in version 1.8 and will be removed in 1.10. To avoid this warning, leave 'penalty' set to its default value and use 'l1_ratio' or 'C' instead. Use l1_ratio=0 instead of penalty='l2', l1_ratio=1 instead of penalty='l1', l1_ratio set to a float between 0 and 1 instead of penalty='elasticnet', and C=np.inf instead of penalty=None.
  warnings.warn(
/users/3171356m/A-GCL/.venv/lib/python3.12/site-packages/sklearn/linear_model/_logistic.py:1429: UserWarning: Inconsistent values: penalty=l1 with l1_ratio=0.0. penalty is deprecated. Please use l1_ratio only.
  warnings.warn(
/users/3171356m/A-GCL/.venv/lib/python3.12/site-packages/sklearn/linear_model/_logistic.py:1403: FutureWarning: 'penalty' was deprecated in version 1.8 and will be removed in 1.10. To avoid this warning, leave 'penalty' set to its default value and use 'l1_ratio' or 'C' instead. Use l1_ratio=0 instead of penalty='l2', l1_ratio=1 instead of penalty='l1', l1_ratio set to a float between 0 and 1 instead of penalty='elasticnet', and C=np.inf instead of penalty=None.
  warnings.warn(
/users/3171356m/A-GCL/.venv/lib/python3.12/site-packages/sklearn/linear_model/_logistic.py:1429: UserWarning: Inconsistent values: penalty=l1 with l1_ratio=0.0. penalty is deprecated. Please use l1_ratio only.
  warnings.warn(
/users/3171356m/A-GCL/.venv/lib/python3.12/site-packages/sklearn/linear_model/_logistic.py:1403: FutureWarning: 'penalty' was deprecated in version 1.8 and will be removed in 1.10. To avoid this warning, leave 'penalty' set to its default value and use 'l1_ratio' or 'C' instead. Use l1_ratio=0 instead of penalty='l2', l1_ratio=1 instead of penalty='l1', l1_ratio set to a float between 0 and 1 instead of penalty='elasticnet', and C=np.inf instead of penalty=None.
  warnings.warn(
/users/3171356m/A-GCL/.venv/lib/python3.12/site-packages/sklearn/linear_model/_logistic.py:1429: UserWarning: Inconsistent values: penalty=l1 with l1_ratio=0.0. penalty is deprecated. Please use l1_ratio only.
  warnings.warn(
/users/3171356m/A-GCL/.venv/lib/python3.12/site-packages/sklearn/linear_model/_logistic.py:1403: FutureWarning: 'penalty' was deprecated in version 1.8 and will be removed in 1.10. To avoid this warning, leave 'penalty' set to its default value and use 'l1_ratio' or 'C' instead. Use l1_ratio=0 instead of penalty='l2', l1_ratio=1 instead of penalty='l1', l1_ratio set to a float between 0 and 1 instead of penalty='elasticnet', and C=np.inf instead of penalty=None.
  warnings.warn(
/users/3171356m/A-GCL/.venv/lib/python3.12/site-packages/sklearn/linear_model/_logistic.py:1429: UserWarning: Inconsistent values: penalty=l1 with l1_ratio=0.0. penalty is deprecated. Please use l1_ratio only.
  warnings.warn(
/users/3171356m/A-GCL/.venv/lib/python3.12/site-packages/sklearn/linear_model/_logistic.py:1403: FutureWarning: 'penalty' was deprecated in version 1.8 and will be removed in 1.10. To avoid this warning, leave 'penalty' set to its default value and use 'l1_ratio' or 'C' instead. Use l1_ratio=0 instead of penalty='l2', l1_ratio=1 instead of penalty='l1', l1_ratio set to a float between 0 and 1 instead of penalty='elasticnet', and C=np.inf instead of penalty=None.
  warnings.warn(
/users/3171356m/A-GCL/.venv/lib/python3.12/site-packages/sklearn/linear_model/_logistic.py:1429: UserWarning: Inconsistent values: penalty=l1 with l1_ratio=0.0. penalty is deprecated. Please use l1_ratio only.
  warnings.warn(
/users/3171356m/A-GCL/.venv/lib/python3.12/site-packages/sklearn/linear_model/_logistic.py:1403: FutureWarning: 'penalty' was deprecated in version 1.8 and will be removed in 1.10. To avoid this warning, leave 'penalty' set to its default value and use 'l1_ratio' or 'C' instead. Use l1_ratio=0 instead of penalty='l2', l1_ratio=1 instead of penalty='l1', l1_ratio set to a float between 0 and 1 instead of penalty='elasticnet', and C=np.inf instead of penalty=None.
  warnings.warn(
/users/3171356m/A-GCL/.venv/lib/python3.12/site-packages/sklearn/linear_model/_logistic.py:1429: UserWarning: Inconsistent values: penalty=l1 with l1_ratio=0.0. penalty is deprecated. Please use l1_ratio only.
  warnings.warn(
/users/3171356m/A-GCL/.venv/lib/python3.12/site-packages/sklearn/linear_model/_logistic.py:1403: FutureWarning: 'penalty' was deprecated in version 1.8 and will be removed in 1.10. To avoid this warning, leave 'penalty' set to its default value and use 'l1_ratio' or 'C' instead. Use l1_ratio=0 instead of penalty='l2', l1_ratio=1 instead of penalty='l1', l1_ratio set to a float between 0 and 1 instead of penalty='elasticnet', and C=np.inf instead of penalty=None.
  warnings.warn(
/users/3171356m/A-GCL/.venv/lib/python3.12/site-packages/sklearn/linear_model/_logistic.py:1429: UserWarning: Inconsistent values: penalty=l1 with l1_ratio=0.0. penalty is deprecated. Please use l1_ratio only.
  warnings.warn(
/users/3171356m/A-GCL/.venv/lib/python3.12/site-packages/sklearn/linear_model/_logistic.py:1403: FutureWarning: 'penalty' was deprecated in version 1.8 and will be removed in 1.10. To avoid this warning, leave 'penalty' set to its default value and use 'l1_ratio' or 'C' instead. Use l1_ratio=0 instead of penalty='l2', l1_ratio=1 instead of penalty='l1', l1_ratio set to a float between 0 and 1 instead of penalty='elasticnet', and C=np.inf instead of penalty=None.
  warnings.warn(
/users/3171356m/A-GCL/.venv/lib/python3.12/site-packages/sklearn/linear_model/_logistic.py:1429: UserWarning: Inconsistent values: penalty=l1 with l1_ratio=0.0. penalty is deprecated. Please use l1_ratio only.
  warnings.warn(
/users/3171356m/A-GCL/.venv/lib/python3.12/site-packages/sklearn/linear_model/_logistic.py:1403: FutureWarning: 'penalty' was deprecated in version 1.8 and will be removed in 1.10. To avoid this warning, leave 'penalty' set to its default value and use 'l1_ratio' or 'C' instead. Use l1_ratio=0 instead of penalty='l2', l1_ratio=1 instead of penalty='l1', l1_ratio set to a float between 0 and 1 instead of penalty='elasticnet', and C=np.inf instead of penalty=None.
  warnings.warn(
/users/3171356m/A-GCL/.venv/lib/python3.12/site-packages/sklearn/linear_model/_logistic.py:1429: UserWarning: Inconsistent values: penalty=l1 with l1_ratio=0.0. penalty is deprecated. Please use l1_ratio only.
  warnings.warn(
/users/3171356m/A-GCL/.venv/lib/python3.12/site-packages/sklearn/linear_model/_logistic.py:1403: FutureWarning: 'penalty' was deprecated in version 1.8 and will be removed in 1.10. To avoid this warning, leave 'penalty' set to its default value and use 'l1_ratio' or 'C' instead. Use l1_ratio=0 instead of penalty='l2', l1_ratio=1 instead of penalty='l1', l1_ratio set to a float between 0 and 1 instead of penalty='elasticnet', and C=np.inf instead of penalty=None.
  warnings.warn(
/users/3171356m/A-GCL/.venv/lib/python3.12/site-packages/sklearn/linear_model/_logistic.py:1429: UserWarning: Inconsistent values: penalty=l1 with l1_ratio=0.0. penalty is deprecated. Please use l1_ratio only.
  warnings.warn(
/users/3171356m/A-GCL/.venv/lib/python3.12/site-packages/sklearn/linear_model/_logistic.py:1403: FutureWarning: 'penalty' was deprecated in version 1.8 and will be removed in 1.10. To avoid this warning, leave 'penalty' set to its default value and use 'l1_ratio' or 'C' instead. Use l1_ratio=0 instead of penalty='l2', l1_ratio=1 instead of penalty='l1', l1_ratio set to a float between 0 and 1 instead of penalty='elasticnet', and C=np.inf instead of penalty=None.
  warnings.warn(
/users/3171356m/A-GCL/.venv/lib/python3.12/site-packages/sklearn/linear_model/_logistic.py:1429: UserWarning: Inconsistent values: penalty=l1 with l1_ratio=0.0. penalty is deprecated. Please use l1_ratio only.
  warnings.warn(
/users/3171356m/A-GCL/.venv/lib/python3.12/site-packages/sklearn/linear_model/_logistic.py:1403: FutureWarning: 'penalty' was deprecated in version 1.8 and will be removed in 1.10. To avoid this warning, leave 'penalty' set to its default value and use 'l1_ratio' or 'C' instead. Use l1_ratio=0 instead of penalty='l2', l1_ratio=1 instead of penalty='l1', l1_ratio set to a float between 0 and 1 instead of penalty='elasticnet', and C=np.inf instead of penalty=None.
  warnings.warn(
/users/3171356m/A-GCL/.venv/lib/python3.12/site-packages/sklearn/linear_model/_logistic.py:1429: UserWarning: Inconsistent values: penalty=l1 with l1_ratio=0.0. penalty is deprecated. Please use l1_ratio only.
  warnings.warn(
/users/3171356m/A-GCL/.venv/lib/python3.12/site-packages/sklearn/linear_model/_logistic.py:1403: FutureWarning: 'penalty' was deprecated in version 1.8 and will be removed in 1.10. To avoid this warning, leave 'penalty' set to its default value and use 'l1_ratio' or 'C' instead. Use l1_ratio=0 instead of penalty='l2', l1_ratio=1 instead of penalty='l1', l1_ratio set to a float between 0 and 1 instead of penalty='elasticnet', and C=np.inf instead of penalty=None.
  warnings.warn(
/users/3171356m/A-GCL/.venv/lib/python3.12/site-packages/sklearn/linear_model/_logistic.py:1429: UserWarning: Inconsistent values: penalty=l1 with l1_ratio=0.0. penalty is deprecated. Please use l1_ratio only.
  warnings.warn(
/users/3171356m/A-GCL/.venv/lib/python3.12/site-packages/sklearn/linear_model/_logistic.py:1403: FutureWarning: 'penalty' was deprecated in version 1.8 and will be removed in 1.10. To avoid this warning, leave 'penalty' set to its default value and use 'l1_ratio' or 'C' instead. Use l1_ratio=0 instead of penalty='l2', l1_ratio=1 instead of penalty='l1', l1_ratio set to a float between 0 and 1 instead of penalty='elasticnet', and C=np.inf instead of penalty=None.
  warnings.warn(
/users/3171356m/A-GCL/.venv/lib/python3.12/site-packages/sklearn/linear_model/_logistic.py:1429: UserWarning: Inconsistent values: penalty=l1 with l1_ratio=0.0. penalty is deprecated. Please use l1_ratio only.
  warnings.warn(
/users/3171356m/A-GCL/.venv/lib/python3.12/site-packages/sklearn/linear_model/_logistic.py:1403: FutureWarning: 'penalty' was deprecated in version 1.8 and will be removed in 1.10. To avoid this warning, leave 'penalty' set to its default value and use 'l1_ratio' or 'C' instead. Use l1_ratio=0 instead of penalty='l2', l1_ratio=1 instead of penalty='l1', l1_ratio set to a float between 0 and 1 instead of penalty='elasticnet', and C=np.inf instead of penalty=None.
  warnings.warn(
/users/3171356m/A-GCL/.venv/lib/python3.12/site-packages/sklearn/linear_model/_logistic.py:1429: UserWarning: Inconsistent values: penalty=l1 with l1_ratio=0.0. penalty is deprecated. Please use l1_ratio only.
  warnings.warn(
/users/3171356m/A-GCL/.venv/lib/python3.12/site-packages/sklearn/linear_model/_logistic.py:1403: FutureWarning: 'penalty' was deprecated in version 1.8 and will be removed in 1.10. To avoid this warning, leave 'penalty' set to its default value and use 'l1_ratio' or 'C' instead. Use l1_ratio=0 instead of penalty='l2', l1_ratio=1 instead of penalty='l1', l1_ratio set to a float between 0 and 1 instead of penalty='elasticnet', and C=np.inf instead of penalty=None.
  warnings.warn(
/users/3171356m/A-GCL/.venv/lib/python3.12/site-packages/sklearn/linear_model/_logistic.py:1429: UserWarning: Inconsistent values: penalty=l1 with l1_ratio=0.0. penalty is deprecated. Please use l1_ratio only.
  warnings.warn(
/users/3171356m/A-GCL/.venv/lib/python3.12/site-packages/sklearn/linear_model/_logistic.py:1403: FutureWarning: 'penalty' was deprecated in version 1.8 and will be removed in 1.10. To avoid this warning, leave 'penalty' set to its default value and use 'l1_ratio' or 'C' instead. Use l1_ratio=0 instead of penalty='l2', l1_ratio=1 instead of penalty='l1', l1_ratio set to a float between 0 and 1 instead of penalty='elasticnet', and C=np.inf instead of penalty=None.
  warnings.warn(
/users/3171356m/A-GCL/.venv/lib/python3.12/site-packages/sklearn/linear_model/_logistic.py:1429: UserWarning: Inconsistent values: penalty=l1 with l1_ratio=0.0. penalty is deprecated. Please use l1_ratio only.
  warnings.warn(
/users/3171356m/A-GCL/.venv/lib/python3.12/site-packages/sklearn/linear_model/_logistic.py:1403: FutureWarning: 'penalty' was deprecated in version 1.8 and will be removed in 1.10. To avoid this warning, leave 'penalty' set to its default value and use 'l1_ratio' or 'C' instead. Use l1_ratio=0 instead of penalty='l2', l1_ratio=1 instead of penalty='l1', l1_ratio set to a float between 0 and 1 instead of penalty='elasticnet', and C=np.inf instead of penalty=None.
  warnings.warn(
/users/3171356m/A-GCL/.venv/lib/python3.12/site-packages/sklearn/linear_model/_logistic.py:1429: UserWarning: Inconsistent values: penalty=l1 with l1_ratio=0.0. penalty is deprecated. Please use l1_ratio only.
  warnings.warn(
/users/3171356m/A-GCL/.venv/lib/python3.12/site-packages/sklearn/linear_model/_logistic.py:1403: FutureWarning: 'penalty' was deprecated in version 1.8 and will be removed in 1.10. To avoid this warning, leave 'penalty' set to its default value and use 'l1_ratio' or 'C' instead. Use l1_ratio=0 instead of penalty='l2', l1_ratio=1 instead of penalty='l1', l1_ratio set to a float between 0 and 1 instead of penalty='elasticnet', and C=np.inf instead of penalty=None.
  warnings.warn(
/users/3171356m/A-GCL/.venv/lib/python3.12/site-packages/sklearn/linear_model/_logistic.py:1429: UserWarning: Inconsistent values: penalty=l1 with l1_ratio=0.0. penalty is deprecated. Please use l1_ratio only.
  warnings.warn(
/users/3171356m/A-GCL/.venv/lib/python3.12/site-packages/sklearn/linear_model/_logistic.py:1403: FutureWarning: 'penalty' was deprecated in version 1.8 and will be removed in 1.10. To avoid this warning, leave 'penalty' set to its default value and use 'l1_ratio' or 'C' instead. Use l1_ratio=0 instead of penalty='l2', l1_ratio=1 instead of penalty='l1', l1_ratio set to a float between 0 and 1 instead of penalty='elasticnet', and C=np.inf instead of penalty=None.
  warnings.warn(
/users/3171356m/A-GCL/.venv/lib/python3.12/site-packages/sklearn/linear_model/_logistic.py:1429: UserWarning: Inconsistent values: penalty=l1 with l1_ratio=0.0. penalty is deprecated. Please use l1_ratio only.
  warnings.warn(
/users/3171356m/A-GCL/.venv/lib/python3.12/site-packages/sklearn/linear_model/_logistic.py:1403: FutureWarning: 'penalty' was deprecated in version 1.8 and will be removed in 1.10. To avoid this warning, leave 'penalty' set to its default value and use 'l1_ratio' or 'C' instead. Use l1_ratio=0 instead of penalty='l2', l1_ratio=1 instead of penalty='l1', l1_ratio set to a float between 0 and 1 instead of penalty='elasticnet', and C=np.inf instead of penalty=None.
  warnings.warn(
/users/3171356m/A-GCL/.venv/lib/python3.12/site-packages/sklearn/linear_model/_logistic.py:1429: UserWarning: Inconsistent values: penalty=l1 with l1_ratio=0.0. penalty is deprecated. Please use l1_ratio only.
  warnings.warn(
/users/3171356m/A-GCL/.venv/lib/python3.12/site-packages/sklearn/linear_model/_logistic.py:1403: FutureWarning: 'penalty' was deprecated in version 1.8 and will be removed in 1.10. To avoid this warning, leave 'penalty' set to its default value and use 'l1_ratio' or 'C' instead. Use l1_ratio=0 instead of penalty='l2', l1_ratio=1 instead of penalty='l1', l1_ratio set to a float between 0 and 1 instead of penalty='elasticnet', and C=np.inf instead of penalty=None.
  warnings.warn(
/users/3171356m/A-GCL/.venv/lib/python3.12/site-packages/sklearn/linear_model/_logistic.py:1429: UserWarning: Inconsistent values: penalty=l1 with l1_ratio=0.0. penalty is deprecated. Please use l1_ratio only.
  warnings.warn(
/users/3171356m/A-GCL/.venv/lib/python3.12/site-packages/sklearn/linear_model/_logistic.py:1403: FutureWarning: 'penalty' was deprecated in version 1.8 and will be removed in 1.10. To avoid this warning, leave 'penalty' set to its default value and use 'l1_ratio' or 'C' instead. Use l1_ratio=0 instead of penalty='l2', l1_ratio=1 instead of penalty='l1', l1_ratio set to a float between 0 and 1 instead of penalty='elasticnet', and C=np.inf instead of penalty=None.
  warnings.warn(
/users/3171356m/A-GCL/.venv/lib/python3.12/site-packages/sklearn/linear_model/_logistic.py:1429: UserWarning: Inconsistent values: penalty=l1 with l1_ratio=0.0. penalty is deprecated. Please use l1_ratio only.
  warnings.warn(
23:09:16 | INFO |   fold 5/5: acc=0.6126 auc=0.6387 best_C=0.03
23:09:16 | INFO | L1-LogReg on raw FC edges: acc=0.6506 +- 0.0301 | auc=0.6939 +- 0.0361
23:09:16 | INFO | ==============================================================================
23:09:16 | INFO | Step 2: refit on full data at median best-C, extract edge importances
23:09:16 | INFO | ==============================================================================
/users/3171356m/A-GCL/.venv/lib/python3.12/site-packages/sklearn/linear_model/_logistic.py:1403: FutureWarning: 'penalty' was deprecated in version 1.8 and will be removed in 1.10. To avoid this warning, leave 'penalty' set to its default value and use 'l1_ratio' or 'C' instead. Use l1_ratio=0 instead of penalty='l2', l1_ratio=1 instead of penalty='l1', l1_ratio set to a float between 0 and 1 instead of penalty='elasticnet', and C=np.inf instead of penalty=None.
  warnings.warn(
/users/3171356m/A-GCL/.venv/lib/python3.12/site-packages/sklearn/linear_model/_logistic.py:1429: UserWarning: Inconsistent values: penalty=l1 with l1_ratio=0.0. penalty is deprecated. Please use l1_ratio only.
  warnings.warn(
23:09:16 | INFO | final C=0.03 | nonzero coefficients: 48 / 4005 edges
23:09:16 | INFO | ==============================================================================
23:09:16 | INFO | Step 3: cross-check against Layer 6's univariate diagnostic relevance (|t-stat|)
23:09:16 | INFO | ==============================================================================
23:09:16 | INFO | corr(supervised |coef|, univariate |t-stat|): pearson=+0.2627 spearman=+0.1694
23:09:16 | INFO | ==============================================================================
23:09:16 | INFO | Step 4: THE KEY CHECK -- is supervised importance just tracking raw magnitude?
23:09:16 | INFO | ==============================================================================
23:09:16 | INFO | corr(supervised |coef|, mean |edge_weight| across subjects): pearson=+0.0459 spearman=+0.0592
23:09:16 | INFO | ==============================================================================
23:09:16 | INFO | Step 5: top-20 most important edges (AAL label codes)
23:09:16 | INFO | ==============================================================================
23:09:16 | INFO | ROI_i  ROI_j  AAL_i      AAL_j          |coef|   |t-stat|
23:09:16 | INFO | 30     87     4001       8212           0.1377     6.1367
23:09:16 | INFO | 26     84     2701       8201           0.1372     6.5358
23:09:16 | INFO | 25     67     2612       6302           0.1263     6.3775
23:09:16 | INFO | 77     80     7102       8111           0.1038     6.2505
23:09:16 | INFO | 50     89     5201       8302           0.0990     5.8029
23:09:16 | INFO | 37     85     4102       8202           0.0985     3.5752
23:09:16 | INFO | 56     77     6001       7102           0.0967     6.2659
23:09:16 | INFO | 76     84     7101       8201           0.0918     5.2997
23:09:16 | INFO | 13     28     2312       3001           0.0800     3.7404
23:09:16 | INFO | 84     85     8201       8202           0.0755     5.0550
23:09:16 | INFO | 64     87     6221       8212           0.0747     5.5995
23:09:16 | INFO | 61     67     6202       6302           0.0745     4.4556
23:09:16 | INFO | 43     49     5002       5102           0.0699     3.7494
23:09:16 | INFO | 2      27     2101       2702           0.0682     5.1569
23:09:16 | INFO | 21     53     2502       5302           0.0675     2.8039
23:09:16 | INFO | 23     27     2602       2702           0.0616     5.6984
23:09:16 | INFO | 55     75     5402       7022           0.0553     3.8889
23:09:16 | INFO | 9      71     2212       7002           0.0532     3.1520
23:09:16 | INFO | 37     71     4102       7002           0.0523     3.8121
23:09:16 | INFO | 43     45     5002       5012           0.0456     3.1952
23:09:16 | INFO | Saved: /users/3171356m/A-GCL/layertesting/supervised_edge_discovery/edge_discovery_results.npz
