file_id,T,tr,nfft,n_s5,n_s4,n_cl,n_overlap,n_tail,n_extra,bins_on_nominal_edges,max_abs_err,max_rel_err,mismatch_1em9,tail_frac_of_cl
CMU_a_0050642,236,2.0,256,8,24,35,0,3,0,0,1.1368683772161603e-13,8.114753499179076e-16,0,0.04918336829670264
CMU_a_0050646,236,2.0,256,8,24,35,0,3,0,0,1.1368683772161603e-13,7.199231755727787e-16,0,0.05889833124722237
CMU_a_0050647,202,2.0,256,8,24,35,0,3,0,0,1.1368683772161603e-13,5.934276834079182e-16,0,0.06281319520151632
CMU_a_0050649,236,2.0,256,8,24,35,0,3,0,0,8.526512829121202e-14,8.154056595420231e-16,0,0.04545721669671662
CMU_a_0050654,236,2.0,256,8,24,35,0,3,0,0,1.1368683772161603e-13,4.44187772578722e-16,0,0.05825718121927712
CMU_a_0050656,236,2.0,256,8,24,35,0,3,0,0,1.1368683772161603e-13,5.249224668064035e-16,0,0.05535943726303797
CMU_a_0050659,236,2.0,256,8,24,35,0,3,0,0,1.1368683772161603e-13,6.04987420608643e-16,0,0.0645275950300147
CMU_a_0050660,236,2.0,256,8,24,35,0,3,0,0,1.7053025658242404e-13,5.48339036325213e-16,0,0.05546797929793087
CMU_a_0050663,236,2.0,256,8,24,35,0,3,0,0,8.526512829121202e-14,6.684824372069481e-16,0,0.05492271101699693
CMU_a_0050664,236,2.0,256,8,24,35,0,3,0,0,5.684341886080802e-14,5.260790069224403e-16,0,0.06943177013521976
CMU_a_0050665,236,2.0,256,8,24,35,0,3,0,0,1.7053025658242404e-13,5.185893432746186e-16,0,0.06229004309760224
CMU_a_0050666,236,2.0,256,8,24,35,0,3,0,0,5.684341886080802e-14,5.593915699838732e-16,0,0.07330837242749436
CMU_a_0050668,236,2.0,256,8,24,35,0,3,0,0,2.2737367544323206e-13,7.079309260136652e-16,0,0.05958966457450886
CMU_b_0050644,316,1.5,512,13,36,54,0,5,0,0,1.1368683772161603e-13,7.833696965084939e-16,0,0.06574052250837398
CMU_b_0050645,316,1.5,512,13,36,54,0,5,0,0,1.7053025658242404e-13,6.337986387523246e-16,0,0.06107672670394888
CMU_b_0050652,316,1.5,512,13,36,54,0,5,0,0,1.4210854715202004e-13,7.910108756624395e-16,0,0.07693910415524807
CMU_b_0050655,316,1.5,512,13,36,54,0,5,0,0,2.2737367544323206e-13,6.03590313420619e-16,0,0.06945353089354231
CMU_b_0050658,316,1.5,512,13,36,54,0,5,0,0,1.7053025658242404e-13,6.841355767939097e-16,0,0.07675130843838399
CMU_b_0050661,316,1.5,512,13,36,54,0,5,0,0,1.7053025658242404e-13,6.491809913445809e-16,0,0.05864233720212617
CMU_b_0050667,316,1.5,512,13,36,54,0,5,0,0,1.7053025658242404e-13,7.574028415817238e-16,0,0.0658125438445989
Caltech_0051456,146,2.0,256,8,24,35,0,3,0,0,5.684341886080802e-14,6.150129290235729e-16,0,0.058962976604641074
Caltech_0051458,146,2.0,256,8,24,35,0,3,0,0,5.684341886080802e-14,5.539833507160871e-16,0,0.07080978570334892
Caltech_0051459,146,2.0,256,8,24,35,0,3,0,0,5.684341886080802e-14,4.0486637305728736e-16,0,0.06128200128596542
Caltech_0051461,146,2.0,256,8,24,35,0,3,0,0,1.7053025658242404e-13,5.507615376124728e-16,0,0.06569039019527843
Caltech_0051462,146,2.0,256,8,24,35,0,3,0,0,8.526512829121202e-14,6.898678327541418e-16,0,0.07816113375157198
Caltech_0051463,146,2.0,256,8,24,35,0,3,0,0,8.526512829121202e-14,5.456696585144333e-16,0,0.07412162746073966
Caltech_0051465,146,2.0,256,8,24,35,0,3,0,0,5.684341886080802e-14,3.848875809890793e-16,0,0.06167446649591754
Caltech_0051468,146,2.0,256,8,24,35,0,3,0,0,5.684341886080802e-14,5.530900095504339e-16,0,0.0693833973365824
Caltech_0051470,146,2.0,256,8,24,35,0,3,0,0,5.684341886080802e-14,6.152985955550352e-16,0,0.07567004294860616
Caltech_0051472,146,2.0,256,8,24,35,0,3,0,0,1.1368683772161603e-13,4.688287994352112e-16,0,0.07709562469006385
Caltech_0051473,146,2.0,256,8,24,35,0,3,0,0,5.684341886080802e-14,5.752586659608985e-16,0,0.06600716671413337
Caltech_0051474,146,2.0,256,8,24,35,0,3,0,0,1.1368683772161603e-13,5.966730343517894e-16,0,0.06813697928197371
Caltech_0051476,146,2.0,256,8,24,35,0,3,0,0,7.105427357601002e-14,8.479961088539669e-16,0,0.06447149767222295
Caltech_0051477,146,2.0,256,8,24,35,0,3,0,0,1.7053025658242404e-13,7.899880344928582e-16,0,0.05055150793509935
Caltech_0051479,146,2.0,256,8,24,35,0,3,0,0,8.526512829121202e-14,4.781703267825738e-16,0,0.07759007278851533
Caltech_0051480,146,2.0,256,8,24,35,0,3,0,0,7.105427357601002e-14,9.65705106363892e-16,0,0.07781852854800748
Caltech_0051481,146,2.0,256,8,24,35,0,3,0,0,8.526512829121202e-14,4.96123975367136e-16,0,0.0724099105439783
Caltech_0051482,146,2.0,256,8,24,35,0,3,0,0,5.684341886080802e-14,5.186666497876342e-16,0,0.0806445640540014
Caltech_0051484,146,2.0,256,8,24,35,0,3,0,0,1.1368683772161603e-13,5.42802097955169e-16,0,0.06407644717817278
Caltech_0051485,146,2.0,256,8,24,35,0,3,0,0,5.684341886080802e-14,5.887092758483832e-16,0,0.061604497627224745
Caltech_0051486,146,2.0,256,8,24,35,0,3,0,0,8.526512829121202e-14,4.544297179785537e-16,0,0.06853337265384737
Caltech_0051487,146,2.0,256,8,24,35,0,3,0,0,5.684341886080802e-14,4.666365003391317e-16,0,0.06569385306858655
Caltech_0051488,146,2.0,256,8,24,35,0,3,0,0,8.526512829121202e-14,5.466205131091014e-16,0,0.0725274440004419
Caltech_0051489,146,2.0,256,8,24,35,0,3,0,0,2.2737367544323206e-13,6.830068362100053e-16,0,0.0847314267689722
Caltech_0051490,146,2.0,256,8,24,35,0,3,0,0,5.684341886080802e-14,5.699584857997844e-16,0,0.06911942811496148
Caltech_0051491,146,2.0,256,8,24,35,0,3,0,0,5.684341886080802e-14,4.1149001197075386e-16,0,0.08678878985154469
Caltech_0051492,146,2.0,256,8,24,35,0,3,0,0,1.1368683772161603e-13,6.047222352633726e-16,0,0.06585156780266749
Caltech_0051493,146,2.0,256,8,24,35,0,3,0,0,5.684341886080802e-14,5.641953791642397e-16,0,0.07192167098353319
KKI_0050772,152,2.5,256,11,29,45,0,5,0,0,1.1368683772161603e-13,5.531439769391255e-16,0,0.08828726409894198
KKI_0050773,152,2.5,256,11,29,45,0,5,0,0,1.7053025658242404e-13,5.588694359323596e-16,0,0.09392024365204865
KKI_0050774,152,2.5,256,11,29,45,0,5,0,0,1.1368683772161603e-13,6.385063464412201e-16,0,0.10362092412417119
KKI_0050775,152,2.5,256,11,29,45,0,5,0,0,3.410605131648481e-13,9.314442635794229e-16,0,0.08425086540299395
KKI_0050776,152,2.5,256,11,29,45,0,5,0,0,2.2737367544323206e-13,5.613976743071556e-16,0,0.0819266350793513
KKI_0050777,152,2.5,256,11,29,45,0,5,0,0,1.1368683772161603e-13,7.377775912355556e-16,0,0.09719377284574048
KKI_0050778,152,2.5,256,11,29,45,0,5,0,0,1.7053025658242404e-13,5.664000027112113e-16,0,0.07965114861972308
KKI_0050779,152,2.5,256,11,29,45,0,5,0,0,1.1368683772161603e-13,6.794540122619071e-16,0,0.09844672411580087
KKI_0050780,152,2.5,256,11,29,45,0,5,0,0,1.7053025658242404e-13,7.216607201257117e-16,0,0.0710884962901431
KKI_0050781,152,2.5,256,11,29,45,0,5,0,0,2.2737367544323206e-13,6.277309562541693e-16,0,0.08769141142489151
KKI_0050782,152,2.5,256,11,29,45,0,5,0,0,1.1368683772161603e-13,5.193745468281996e-16,0,0.0849891444330862
KKI_0050783,152,2.5,256,11,29,45,0,5,0,0,1.7053025658242404e-13,5.845961256919057e-16,0,0.10935761067110739
KKI_0050784,152,2.5,256,11,29,45,0,5,0,0,2.2737367544323206e-13,5.490060915846994e-16,0,0.0797164610923264
KKI_0050785,152,2.5,256,11,29,45,0,5,0,0,2.2737367544323206e-13,4.1598172653360333e-16,0,0.10071603373212151
KKI_0050786,152,2.5,256,11,29,45,0,5,0,0,2.2737367544323206e-13,6.251730565283131e-16,0,0.09364677290883852
KKI_0050787,152,2.5,256,11,29,45,0,5,0,0,2.2737367544323206e-13,4.4114205198462197e-16,0,0.08320862872346056
KKI_0050788,152,2.5,256,11,29,45,0,5,0,0,1.7053025658242404e-13,5.510838361000883e-16,0,0.10864925423857875
KKI_0050789,152,2.5,256,11,29,45,0,5,0,0,2.2737367544323206e-13,6.455425626177394e-16,0,0.07476691422647154
KKI_0050790,152,2.5,256,11,29,45,0,5,0,0,1.1368683772161603e-13,5.880361549857543e-16,0,0.09265930780676873
KKI_0050791,124,2.5,128,5,15,22,0,2,0,0,8.526512829121202e-14,4.776215065508547e-16,0,0.06598032649995697
KKI_0050792,124,2.5,128,5,15,22,0,2,0,0,1.1368683772161603e-13,3.400974030906249e-16,0,0.07116740190415129
KKI_0050793,124,2.5,128,5,15,22,0,2,0,0,8.526512829121202e-14,4.718021347055022e-16,0,0.08811558811818608
KKI_0050794,124,2.5,128,5,15,22,0,2,0,0,5.684341886080802e-14,3.6057833410669587e-16,0,0.07766440161306956
KKI_0050795,152,2.5,256,11,29,45,0,5,0,0,3.410605131648481e-13,9.039206797150735e-16,0,0.08627973170754605
KKI_0050796,152,2.5,256,11,29,45,0,5,0,0,1.7053025658242404e-13,6.260997332813062e-16,0,0.08453829027599681
KKI_0050797,152,2.5,256,11,29,45,0,5,0,0,3.410605131648481e-13,6.184411339870335e-16,0,0.08802787898462508
KKI_0050798,152,2.5,256,11,29,45,0,5,0,0,2.8421709430404007e-13,7.716306110661537e-16,0,0.11160761912649102
KKI_0050799,152,2.5,256,11,29,45,0,5,0,0,8.526512829121202e-14,6.603172257652753e-16,0,0.09539458716586602
KKI_0050800,152,2.5,256,11,29,45,0,5,0,0,2.2737367544323206e-13,5.709599309025428e-16,0,0.08459514972024329
KKI_0050801,152,2.5,256,11,29,45,0,5,0,0,3.410605131648481e-13,5.610929374952658e-16,0,0.11118402417739384
KKI_0050802,152,2.5,256,11,29,45,0,5,0,0,1.1368683772161603e-13,5.895021082581215e-16,0,0.08262804940417143
KKI_0050803,152,2.5,256,11,29,45,0,5,0,0,1.7053025658242404e-13,5.721652250286433e-16,0,0.0907889716296854
KKI_0050804,152,2.5,256,11,29,45,0,5,0,0,5.684341886080801e-13,6.858919679075168e-16,0,0.09986066339987906
KKI_0050807,152,2.5,256,11,29,45,0,5,0,0,2.2737367544323206e-13,8.636616874126271e-16,0,0.0891900809945894
KKI_0050812,152,2.5,256,11,29,45,0,5,0,0,1.7053025658242404e-13,6.031681948032913e-16,0,0.07732576801127686
KKI_0050814,152,2.5,256,11,29,45,0,5,0,0,1.1368683772161603e-13,5.693722114344005e-16,0,0.08298194828051297
KKI_0050815,152,2.5,256,11,29,45,0,5,0,0,2.2737367544323206e-13,6.147701646233858e-16,0,0.09433071773968721
KKI_0050816,124,2.5,128,5,15,22,0,2,0,0,5.684341886080802e-14,4.437642739999353e-16,0,0.07175976376776547
KKI_0050817,124,2.5,128,5,15,22,0,2,0,0,5.684341886080802e-14,5.331260941865397e-16,0,0.05879871669965898
KKI_0050818,152,2.5,256,11,29,45,0,5,0,0,1.4210854715202004e-13,6.162596475654967e-16,0,0.08236929629712395
KKI_0050819,152,2.5,256,11,29,45,0,5,0,0,1.1368683772161603e-13,5.917092057665746e-16,0,0.09174186768196928
KKI_0050820,152,2.5,256,11,29,45,0,5,0,0,1.1368683772161603e-13,6.849242155151826e-16,0,0.09057157198210401
KKI_0050821,152,2.5,256,11,29,45,0,5,0,0,1.7053025658242404e-13,5.303364097021935e-16,0,0.10225638646283293
KKI_0050822,152,2.5,256,11,29,45,0,5,0,0,2.2737367544323206e-13,6.264575648948208e-16,0,0.09912214494610515
KKI_0050823,152,2.5,256,11,29,45,0,5,0,0,2.2737367544323206e-13,7.095041933768266e-16,0,0.09605947317392133
KKI_0050824,152,2.5,256,11,29,45,0,5,0,0,1.1368683772161603e-13,6.257752312156201e-16,0,0.08084586818491522
KKI_0050825,152,2.5,256,11,29,45,0,5,0,0,1.1368683772161603e-13,5.844864812712045e-16,0,0.0910445812369526
Leuven_1_0050682,246,1.6666500568389893,256,7,20,30,0,3,0,0,2.2737367544323206e-13,5.041430879048486e-16,0,0.09251821789439314
Leuven_1_0050683,246,1.666159987449646,256,7,20,30,0,3,0,0,5.684341886080802e-14,4.737124330353073e-16,0,0.0787059913211902
Leuven_1_0050685,246,1.6657400131225586,256,7,20,30,0,3,0,0,1.7053025658242404e-13,5.289797930005772e-16,0,0.06057887921409975
Leuven_1_0050686,246,1.6663899421691897,256,7,20,30,0,3,0,0,1.1368683772161603e-13,4.954320724694516e-16,0,0.10407588785071537
Leuven_1_0050687,246,1.6664400100708008,256,7,20,30,0,3,0,0,1.4210854715202004e-13,5.750050527957858e-16,0,0.1053319460311116
Leuven_1_0050688,246,1.666800022125244,256,7,20,30,0,3,0,0,8.526512829121202e-14,5.511799573358002e-16,0,0.08158506648608838
Leuven_1_0050689,246,1.6660900115966797,256,7,20,30,0,3,0,0,1.1368683772161603e-13,5.361304030721033e-16,0,0.07227818179263971
Leuven_1_0050690,246,1.6661100387573242,256,7,20,30,0,3,0,0,1.1368683772161603e-13,5.14332685481673e-16,0,0.09324914905769073
Leuven_1_0050691,246,1.66552996635437,256,7,20,30,0,3,0,0,5.684341886080802e-14,5.80016629849771e-16,0,0.06992192909149038
Leuven_1_0050692,246,1.6667799949645996,256,7,20,30,0,3,0,0,5.684341886080802e-14,4.072952050365344e-16,0,0.06752043099453328
Leuven_1_0050693,246,1.6658400297164917,256,7,20,30,0,3,0,0,1.1368683772161603e-13,4.253331109400973e-16,0,0.1101973722548468
Leuven_1_0050694,246,1.6672300100326538,256,7,20,30,0,3,0,0,5.684341886080802e-14,4.9544533956403005e-16,0,0.07927914690336159
Leuven_1_0050695,246,1.6651899814605713,256,7,20,30,0,3,0,0,8.526512829121202e-14,4.928108443518677e-16,0,0.0800013441597873
Leuven_1_0050696,246,1.667099952697754,256,7,20,30,0,3,0,0,7.105427357601002e-14,7.701657172592281e-16,0,0.08770797959040144
Leuven_1_0050697,246,1.6664899587631226,256,7,20,30,0,3,0,0,8.526512829121202e-14,4.2204923904291457e-16,0,0.07378958426942929
Leuven_1_0050698,246,1.6666699647903442,256,7,20,30,0,3,0,0,5.684341886080802e-14,7.578983062034446e-16,0,0.08049257457432424
Leuven_1_0050699,246,1.6664700508117676,256,7,20,30,0,3,0,0,1.7053025658242404e-13,4.795147697109864e-16,0,0.08980740465807495
Leuven_1_0050700,246,1.6661800146102903,256,7,20,30,0,3,0,0,1.1368683772161603e-13,5.152139606797699e-16,0,0.08411490211170147
Leuven_1_0050701,246,1.66989004611969,256,7,20,30,0,3,0,0,1.1368683772161603e-13,4.4135183677908425e-16,0,0.0754028333196184
Leuven_1_0050702,246,1.6664999723434448,256,7,20,30,0,3,0,0,1.1368683772161603e-13,5.128978075897755e-16,0,0.07909490558584206
Leuven_1_0050703,246,1.666509985923767,256,7,20,30,0,3,0,0,8.526512829121202e-14,5.050434206474476e-16,0,0.07936527492147616
Leuven_1_0050704,246,1.6663199663162231,256,7,20,30,0,3,0,0,5.684341886080802e-14,4.988200763396984e-16,0,0.06906411694387589
Leuven_1_0050705,246,1.666790008544922,256,7,20,30,0,3,0,0,8.526512829121202e-14,5.614619990731438e-16,0,0.06783832431501632
Leuven_1_0050707,246,1.6663399934768677,256,7,20,30,0,3,0,0,8.526512829121202e-14,4.564387333725724e-16,0,0.09733948155603622
Leuven_1_0050708,246,1.664520025253296,256,7,20,30,0,3,0,0,5.684341886080802e-14,5.653694280613532e-16,0,0.06934857103418898
Leuven_1_0050709,246,1.6660900115966797,256,7,20,30,0,3,0,0,1.7053025658242404e-13,5.860234731042059e-16,0,0.05749137152689929
Leuven_1_0050710,246,1.666059970855713,256,7,20,30,0,3,0,0,8.526512829121202e-14,6.743030895359806e-16,0,0.07752746231626413
Leuven_1_0050711,246,1.666759967803955,256,7,20,30,0,3,0,0,1.1368683772161603e-13,4.2674898017578184e-16,0,0.07796042361345944
Leuven_2_0050722,246,1.6519099473953247,256,7,19,29,0,3,0,0,5.684341886080802e-14,5.092633832728732e-16,0,0.0906037627177504
Leuven_2_0050723,246,1.651520013809204,256,7,19,29,0,3,0,0,5.684341886080802e-14,3.719477292045787e-16,0,0.07995490680398881
Leuven_2_0050724,246,1.6505000591278076,256,7,19,29,0,3,0,0,5.684341886080802e-14,3.835381439956246e-16,0,0.07242369174074159
Leuven_2_0050725,246,1.650990009307861,256,7,19,29,0,3,0,0,5.684341886080802e-14,3.6381563113712116e-16,0,0.09918444683799205
Leuven_2_0050726,246,1.651020050048828,256,7,19,29,0,3,0,0,5.684341886080802e-14,5.474439825864428e-16,0,0.08629669818378412
Leuven_2_0050728,246,1.650760054588318,256,7,19,29,0,3,0,0,1.1368683772161603e-13,4.896899474237152e-16,0,0.10740476956947932
Leuven_2_0050730,246,1.650990009307861,256,7,19,29,0,3,0,0,1.1368683772161603e-13,4.2769616973886005e-16,0,0.10019511286906052
Leuven_2_0050731,246,1.6513999700546265,256,7,19,29,0,3,0,0,4.263256414560601e-14,5.143668447580629e-16,0,0.09187192714378029
Leuven_2_0050732,246,1.6512600183486938,256,7,19,29,0,3,0,0,1.1368683772161603e-13,5.944049394704296e-16,0,0.08612890196537641
Leuven_2_0050733,246,1.651239991188049,256,7,19,29,0,3,0,0,1.1368683772161603e-13,6.7672032867707e-16,0,0.08141497905583586
Leuven_2_0050735,246,1.6512500047683716,256,7,19,29,0,3,0,0,5.684341886080802e-14,5.428492624713302e-16,0,0.10538297305856036
Leuven_2_0050736,246,1.6516599655151367,256,7,19,29,0,3,0,0,5.684341886080802e-14,4.714754737899113e-16,0,0.10362013712759975
Leuven_2_0050737,246,1.6510299444198608,256,7,19,29,0,3,0,0,1.1368683772161603e-13,4.645853199181819e-16,0,0.08156772809101968
Leuven_2_0050738,246,1.651239991188049,256,7,19,29,0,3,0,0,1.1368683772161603e-13,5.425115993423853e-16,0,0.08245780815171927
Leuven_2_0050739,246,1.651379942893982,256,7,19,29,0,3,0,0,1.1368683772161603e-13,4.896105267043019e-16,0,0.06814780989381732
Leuven_2_0050740,246,1.650130033493042,256,7,19,29,0,3,0,0,5.684341886080802e-14,5.170061963045738e-16,0,0.08127375122288998
Leuven_2_0050741,246,1.651379942893982,256,7,19,29,0,3,0,0,5.684341886080802e-14,5.467598070735666e-16,0,0.08042530819906296
Leuven_2_0050742,246,1.6515300273895264,256,7,19,29,0,3,0,0,1.7053025658242404e-13,5.612186818706103e-16,0,0.07354751273905973
Leuven_2_0050743,246,1.6516300439834597,256,7,19,29,0,3,0,0,8.526512829121202e-14,5.595438929019097e-16,0,0.06449995735027526
Leuven_2_0050744,246,1.6511199474334717,256,7,19,29,0,3,0,0,1.7053025658242404e-13,4.993240700988163e-16,0,0.08702939449351858
Leuven_2_0050745,246,1.6512800455093384,256,7,19,29,0,3,0,0,8.526512829121202e-14,6.228183198357297e-16,0,0.08029662436406008
Leuven_2_0050746,246,1.6516300439834597,256,7,19,29,0,3,0,0,8.526512829121202e-14,4.656374407674845e-16,0,0.08692452194320567
Leuven_2_0050747,246,1.650990009307861,256,7,19,29,0,3,0,0,1.1368683772161603e-13,5.624971779184078e-16,0,0.08680758002415258
Leuven_2_0050748,246,1.6661800146102903,256,7,20,30,0,3,0,0,5.684341886080802e-14,4.740505473738645e-16,0,0.07662966153993463
Leuven_2_0050749,246,1.650760054588318,256,7,19,29,0,3,0,0,2.842170943040401e-14,3.6416297653861723e-16,0,0.08166783254386441
Leuven_2_0050750,246,1.6512600183486938,256,7,19,29,0,3,0,0,5.684341886080802e-14,4.628939336173689e-16,0,0.11614911497888139
Leuven_2_0050751,246,1.651039958000183,256,7,19,29,0,3,0,0,8.526512829121202e-14,5.073599244692546e-16,0,0.07947833904274358
Leuven_2_0050752,246,1.650760054588318,256,7,19,29,0,3,0,0,8.526512829121202e-14,5.343393898830274e-16,0,0.08015304040596842
Leuven_2_0050753,246,1.650760054588318,256,7,19,29,0,3,0,0,8.526512829121202e-14,5.18541062756219e-16,0,0.0764999120304098
Leuven_2_0050754,246,1.651360034942627,256,7,19,29,0,3,0,0,5.684341886080802e-14,5.443780105732618e-16,0,0.0653417218787509
Leuven_2_0050755,246,1.6512600183486938,256,7,19,29,0,3,0,0,5.684341886080802e-14,5.04838117789923e-16,0,0.08320900706367544
Leuven_2_0050756,246,1.6667699813842771,256,7,20,30,0,3,0,0,8.526512829121202e-14,5.856676064050099e-16,0,0.08001106804096109
Leuven_2_0050757,246,1.6664899587631226,256,7,20,30,0,3,0,0,1.1368683772161603e-13,6.814470428400192e-16,0,0.10358058531895076
MaxMun_a_0051318,116,3.0,128,7,18,27,0,2,0,0,5.684341886080802e-14,4.1636417322100606e-16,0,0.07112740268386605
MaxMun_a_0051319,116,3.0,128,7,18,27,0,2,0,0,4.263256414560601e-14,4.3096878570689855e-16,0,0.0617958170444543
MaxMun_a_0051320,116,3.0,128,7,18,27,0,2,0,0,5.684341886080802e-14,5.11436975464948e-16,0,0.061984205101693855
MaxMun_a_0051321,116,3.0,128,7,18,27,0,2,0,0,8.526512829121202e-14,5.506319743039889e-16,0,0.055659880230555764
MaxMun_a_0051362,116,3.0,128,7,18,27,0,2,0,0,5.684341886080802e-14,4.560041985526786e-16,0,0.05560182516215698
MaxMun_a_0051363,116,3.0,128,7,18,27,0,2,0,0,4.263256414560601e-14,5.236057633336313e-16,0,0.0614144238980133
MaxMun_a_0051364,116,3.0,128,7,18,27,0,2,0,0,8.526512829121202e-14,5.166547893353725e-16,0,0.058894863890717554
MaxMun_a_0051365,116,3.0,128,7,18,27,0,2,0,0,8.526512829121202e-14,5.422560154901798e-16,0,0.06019894540751672
MaxMun_a_0051369,116,3.0,128,7,18,27,0,2,0,0,5.684341886080802e-14,4.192299981966057e-16,0,0.06656983616928397
MaxMun_a_0051370,116,3.0,128,7,18,27,0,2,0,0,4.263256414560601e-14,6.445970783944164e-16,0,0.06643697439737199
MaxMun_a_0051373,116,3.0,128,7,18,27,0,2,0,0,2.842170943040401e-14,6.403264871323489e-16,0,0.06471730080694862
MaxMun_a_0051606,116,3.0,128,7,18,27,0,2,0,0,4.263256414560601e-14,3.890429988204629e-16,0,0.07663120610619062
MaxMun_a_0051607,116,3.0,128,7,18,27,0,2,0,0,5.684341886080802e-14,4.413032179085827e-16,0,0.07471300323654302
MaxMun_b_0051322,116,3.0,128,7,18,27,0,2,0,0,5.684341886080802e-14,4.654232633756054e-16,0,0.04945861264759406
MaxMun_b_0051323,116,3.0,128,7,18,27,0,2,0,0,5.684341886080802e-14,5.213087505981355e-16,0,0.06178083256165822
MaxMun_b_0051324,116,3.0,128,7,18,27,0,2,0,0,5.684341886080802e-14,4.4397926147118787e-16,0,0.05733845187734063
MaxMun_b_0051325,116,3.0,128,7,18,27,0,2,0,0,8.526512829121202e-14,5.80117748515792e-16,0,0.07731813202661775
MaxMun_b_0051326,116,3.0,128,7,18,27,0,2,0,0,5.684341886080802e-14,4.975525130564254e-16,0,0.05322170644981559
MaxMun_b_0051327,116,3.0,128,7,18,27,0,2,0,0,2.842170943040401e-14,4.486198744627477e-16,0,0.06909080887747805
MaxMun_c_0051328,116,3.0,128,7,18,27,0,2,0,0,5.684341886080802e-14,4.197403940120032e-16,0,0.045091867298110704
MaxMun_c_0051332,116,3.0,128,7,18,27,0,2,0,0,8.526512829121202e-14,5.953395650973094e-16,0,0.04982022300194821
MaxMun_c_0051333,116,3.0,128,7,18,27,0,2,0,0,8.526512829121202e-14,7.010646385170611e-16,0,0.05880983820466199
MaxMun_c_0051334,116,3.0,128,7,18,27,0,2,0,0,8.526512829121202e-14,6.174551987202376e-16,0,0.05585894262398096
MaxMun_c_0051335,116,3.0,128,7,18,27,0,2,0,0,4.263256414560601e-14,5.870765597867487e-16,0,0.05473510737677169
MaxMun_c_0051336,116,3.0,128,7,18,27,0,2,0,0,1.1368683772161603e-13,5.046900315025859e-16,0,0.044839390565512394
MaxMun_c_0051338,116,3.0,128,7,18,27,0,2,0,0,8.526512829121202e-14,4.464547912102041e-16,0,0.04893428311436043
MaxMun_c_0051339,116,3.0,128,7,18,27,0,2,0,0,5.684341886080802e-14,5.696757761886176e-16,0,0.06297461696142709
MaxMun_c_0051340,116,3.0,128,7,18,27,0,2,0,0,5.684341886080802e-14,4.3281885867349593e-16,0,0.0704710093667799
MaxMun_c_0051341,116,3.0,128,7,18,27,0,2,0,0,1.1368683772161603e-13,4.531877996412908e-16,0,0.06555548438792337
MaxMun_c_0051342,116,3.0,128,7,18,27,0,2,0,0,5.684341886080802e-14,4.587833065847379e-16,0,0.05614007126167125
MaxMun_c_0051343,116,3.0,128,7,18,27,0,2,0,0,1.1368683772161603e-13,5.156830754888842e-16,0,0.04671165295619677
MaxMun_c_0051344,116,3.0,128,7,18,27,0,2,0,0,1.1368683772161603e-13,5.36301599603753e-16,0,0.06715285608296993
MaxMun_c_0051345,116,3.0,128,7,18,27,0,2,0,0,5.684341886080802e-14,4.8579521906011e-16,0,0.05871718466507161
MaxMun_c_0051346,116,3.0,128,7,18,27,0,2,0,0,4.263256414560601e-14,4.75850124659375e-16,0,0.06124391305656007
MaxMun_c_0051347,116,3.0,128,7,18,27,0,2,0,0,1.1368683772161603e-13,4.399883772290453e-16,0,0.051283317865156955
MaxMun_c_0051348,116,3.0,128,7,18,27,0,2,0,0,8.526512829121202e-14,3.9135470037843564e-16,0,0.07896739672229877
MaxMun_d_0051329,196,3.0,256,13,36,54,0,5,0,0,1.7053025658242404e-13,5.56480120225557e-16,0,0.07524319272268554
MaxMun_d_0051330,196,3.0,256,13,36,54,0,5,0,0,2.8421709430404007e-13,8.148989984772737e-16,0,0.07092507633879885
MaxMun_d_0051331,196,3.0,256,13,36,54,0,5,0,0,2.8421709430404007e-13,7.247978558087229e-16,0,0.060778612043695404
MaxMun_d_0051349,196,3.0,256,13,36,54,0,5,0,0,2.8421709430404007e-13,6.465641107988817e-16,0,0.06644920158063279
MaxMun_d_0051350,196,3.0,256,13,36,54,0,5,0,0,3.410605131648481e-13,7.144496432334584e-16,0,0.08059415691961644
MaxMun_d_0051351,196,3.0,256,13,36,54,0,5,0,0,2.2737367544323206e-13,9.684992996310028e-16,0,0.06228167062922322
MaxMun_d_0051352,196,3.0,256,13,36,54,0,5,0,0,4.547473508864641e-13,5.882468941953444e-16,0,0.06999043342244408
MaxMun_d_0051354,196,3.0,256,13,36,54,0,5,0,0,1.7053025658242404e-13,6.331166169510538e-16,0,0.0814361350721018
MaxMun_d_0051355,196,3.0,256,13,36,54,0,5,0,0,2.8421709430404007e-13,6.532953668097806e-16,0,0.0760727196728253
MaxMun_d_0051356,196,3.0,256,13,36,54,0,5,0,0,2.2737367544323206e-13,6.775959651935598e-16,0,0.0597250175683753
MaxMun_d_0051357,196,3.0,256,13,36,54,0,5,0,0,2.2737367544323206e-13,7.000857456094461e-16,0,0.08088582945057352
MaxMun_d_0051360,196,3.0,256,13,36,54,0,5,0,0,1.7053025658242404e-13,5.040854062209552e-16,0,0.10325975433353142
MaxMun_d_0051361,196,3.0,256,13,36,54,0,5,0,0,2.2737367544323206e-13,6.007663154524043e-16,0,0.06979130128394236
NYU_0050952,176,2.0,256,8,24,35,0,3,0,0,2.2737367544323206e-13,4.574203206503231e-16,0,0.06573890747977476
NYU_0050954,176,2.0,256,8,24,35,0,3,0,0,8.526512829121202e-14,5.752003678128345e-16,0,0.07355231934431658
NYU_0050955,176,2.0,256,8,24,35,0,3,0,0,8.526512829121202e-14,5.038085379534257e-16,0,0.06983509398791868
NYU_0050956,176,2.0,256,8,24,35,0,3,0,0,1.7053025658242404e-13,5.859374392720819e-16,0,0.08445135693267389
NYU_0050957,176,2.0,256,8,24,35,0,3,0,0,1.1368683772161603e-13,5.700906420230612e-16,0,0.07110210929672985
NYU_0050958,176,2.0,256,8,24,35,0,3,0,0,2.2737367544323206e-13,5.656952881936405e-16,0,0.0769563595197542
NYU_0050959,176,2.0,256,8,24,35,0,3,0,0,1.7053025658242404e-13,4.646908043063283e-16,0,0.06265436134577453
NYU_0050960,176,2.0,256,8,24,35,0,3,0,0,1.1368683772161603e-13,6.092531659263393e-16,0,0.07356965410675234
NYU_0050961,176,2.0,256,8,24,35,0,3,0,0,1.7053025658242404e-13,6.722813385836507e-16,0,0.0826687269836948
NYU_0050962,176,2.0,256,8,24,35,0,3,0,0,1.7053025658242404e-13,6.076284495566173e-16,0,0.05762838862646885
NYU_0050964,176,2.0,256,8,24,35,0,3,0,0,1.1368683772161603e-13,5.523610827201967e-16,0,0.07282392518336038
NYU_0050965,176,2.0,256,8,24,35,0,3,0,0,1.7053025658242404e-13,5.927819630448919e-16,0,0.07382947685859603
NYU_0050966,176,2.0,256,8,24,35,0,3,0,0,1.7053025658242404e-13,6.126014689309244e-16,0,0.06934146904415643
NYU_0050967,176,2.0,256,8,24,35,0,3,0,0,1.1368683772161603e-13,6.160260804992736e-16,0,0.06637854308935655
NYU_0050968,176,2.0,256,8,24,35,0,3,0,0,1.1368683772161603e-13,4.954158550300046e-16,0,0.0744130293034773
NYU_0050969,176,2.0,256,8,24,35,0,3,0,0,1.1368683772161603e-13,5.229828087035262e-16,0,0.06610732891702346
NYU_0050970,176,2.0,256,8,24,35,0,3,0,0,1.1368683772161603e-13,5.737216759076698e-16,0,0.06274242362650236
NYU_0050972,176,2.0,256,8,24,35,0,3,0,0,1.1368683772161603e-13,5.131707332495511e-16,0,0.06838334232516598
NYU_0050973,176,2.0,256,8,24,35,0,3,0,0,1.1368683772161603e-13,4.955016006422873e-16,0,0.06819547861228378
NYU_0050974,176,2.0,256,8,24,35,0,3,0,0,1.1368683772161603e-13,5.692634821360301e-16,0,0.06194864990428918
NYU_0050976,176,2.0,256,8,24,35,0,3,0,0,1.1368683772161603e-13,5.089267171723872e-16,0,0.05874313324730188
NYU_0050977,176,2.0,256,8,24,35,0,3,0,0,8.526512829121202e-14,5.619094369401104e-16,0,0.07368909292985847
NYU_0050978,176,2.0,256,8,24,35,0,3,0,0,7.105427357601002e-14,7.199762160903194e-16,0,0.07399947470602254
NYU_0050979,176,2.0,256,8,24,35,0,3,0,0,1.1368683772161603e-13,5.658278225023252e-16,0,0.08343975420116538
NYU_0050981,176,2.0,256,8,24,35,0,3,0,0,1.1368683772161603e-13,4.575645398388834e-16,0,0.08613379456237005
NYU_0050982,176,2.0,256,8,24,35,0,3,0,0,1.1368683772161603e-13,5.729528687449333e-16,0,0.05590310731131468
NYU_0050983,176,2.0,256,8,24,35,0,3,0,0,1.1368683772161603e-13,6.269740359079424e-16,0,0.06248058607928775
NYU_0050984,176,2.0,256,8,24,35,0,3,0,0,1.7053025658242404e-13,6.363554961356616e-16,0,0.050926759430429895
NYU_0050985,176,2.0,256,8,24,35,0,3,0,0,1.1368683772161603e-13,4.737096550345157e-16,0,0.058483584814476276
NYU_0050986,176,2.0,256,8,24,35,0,3,0,0,1.1368683772161603e-13,6.730431410825423e-16,0,0.0753740941600828
NYU_0050987,176,2.0,256,8,24,35,0,3,0,0,5.684341886080802e-14,5.070504005419479e-16,0,0.06810339017044649
NYU_0050988,176,2.0,256,8,24,35,0,3,0,0,8.526512829121202e-14,6.89805010184652e-16,0,0.06355875588676511
NYU_0050989,176,2.0,256,8,24,35,0,3,0,0,8.526512829121202e-14,6.181836640576469e-16,0,0.05998040432575771
NYU_0050990,176,2.0,256,8,24,35,0,3,0,0,8.526512829121202e-14,4.556728878104981e-16,0,0.06270596544532807
NYU_0050991,176,2.0,256,8,24,35,0,3,0,0,8.526512829121202e-14,4.707928779837863e-16,0,0.06592043505001974
NYU_0050992,176,2.0,256,8,24,35,0,3,0,0,1.7053025658242404e-13,5.255372197253749e-16,0,0.06398666529739047
NYU_0050993,176,2.0,256,8,24,35,0,3,0,0,1.1368683772161603e-13,5.135467916949647e-16,0,0.06550123529673721
NYU_0050994,176,2.0,256,8,24,35,0,3,0,0,1.1368683772161603e-13,5.181744191868116e-16,0,0.06939100991649756
NYU_0050995,176,2.0,256,8,24,35,0,3,0,0,1.1368683772161603e-13,4.560765998374645e-16,0,0.06605679484038726
NYU_0050996,176,2.0,256,8,24,35,0,3,0,0,1.7053025658242404e-13,5.460137776496829e-16,0,0.0680838964094834
NYU_0050997,176,2.0,256,8,24,35,0,3,0,0,1.1368683772161603e-13,7.142602347501239e-16,0,0.0663183586060368
NYU_0050998,176,2.0,256,8,24,35,0,3,0,0,8.526512829121202e-14,4.359864883239359e-16,0,0.07136649822206592
NYU_0050999,176,2.0,256,8,24,35,0,3,0,0,1.1368683772161603e-13,5.328948898985922e-16,0,0.0613219992737923
NYU_0051000,176,2.0,256,8,24,35,0,3,0,0,1.7053025658242404e-13,6.561684404952471e-16,0,0.06100356803112312
NYU_0051001,176,2.0,256,8,24,35,0,3,0,0,8.526512829121202e-14,6.965788414276888e-16,0,0.06925779837357543
NYU_0051002,176,2.0,256,8,24,35,0,3,0,0,1.7053025658242404e-13,8.841702098785657e-16,0,0.0622857511260388
NYU_0051003,176,2.0,256,8,24,35,0,3,0,0,1.1368683772161603e-13,5.858724470574232e-16,0,0.07621199325679441
NYU_0051006,176,2.0,256,8,24,35,0,3,0,0,1.1368683772161603e-13,6.526923248194506e-16,0,0.07881948380549338
NYU_0051007,176,2.0,256,8,24,35,0,3,0,0,1.1368683772161603e-13,5.912092001444225e-16,0,0.06589079249230499
NYU_0051008,176,2.0,256,8,24,35,0,3,0,0,2.2737367544323206e-13,6.569044501920056e-16,0,0.07272171383027687
NYU_0051009,176,2.0,256,8,24,35,0,3,0,0,1.1368683772161603e-13,6.460840303467018e-16,0,0.06797639630530748
NYU_0051010,176,2.0,256,8,24,35,0,3,0,0,1.1368683772161603e-13,4.623949156722006e-16,0,0.06198573280515644
NYU_0051011,176,2.0,256,8,24,35,0,3,0,0,1.1368683772161603e-13,4.729431411531609e-16,0,0.07125029121674144
NYU_0051012,176,2.0,256,8,24,35,0,3,0,0,1.7053025658242404e-13,5.654372937564897e-16,0,0.055240951165964954
NYU_0051013,176,2.0,256,8,24,35,0,3,0,0,1.7053025658242404e-13,4.3896951881620313e-16,0,0.057130758208730946
NYU_0051014,176,2.0,256,8,24,35,0,3,0,0,2.2737367544323206e-13,8.411777979006286e-16,0,0.05913278978240646
NYU_0051015,176,2.0,256,8,24,35,0,3,0,0,8.526512829121202e-14,7.141027406941939e-16,0,0.06399050226695724
NYU_0051016,176,2.0,256,8,24,35,0,3,0,0,1.1368683772161603e-13,5.641821903549999e-16,0,0.06328706875583813
NYU_0051017,176,2.0,256,8,24,35,0,3,0,0,1.4210854715202004e-13,8.772282442612432e-16,0,0.07718914904075058
NYU_0051018,176,2.0,256,8,24,35,0,3,0,0,5.684341886080802e-14,6.644640539707225e-16,0,0.0677211571205089
NYU_0051019,176,2.0,256,8,24,35,0,3,0,0,1.1368683772161603e-13,7.496311769696934e-16,0,0.05667100089063635
NYU_0051021,176,2.0,256,8,24,35,0,3,0,0,1.1368683772161603e-13,4.415796670174997e-16,0,0.06629215221267803
NYU_0051023,176,2.0,256,8,24,35,0,3,0,0,8.526512829121202e-14,6.654766558125864e-16,0,0.07667234762696369
NYU_0051024,176,2.0,256,8,24,35,0,3,0,0,1.4210854715202004e-13,6.917590601268255e-16,0,0.06060161067167782
NYU_0051025,176,2.0,256,8,24,35,0,3,0,0,1.1368683772161603e-13,4.160889454383126e-16,0,0.07308877987762288
NYU_0051026,176,2.0,256,8,24,35,0,3,0,0,8.526512829121202e-14,4.416047759582142e-16,0,0.07162190810091607
NYU_0051027,176,2.0,256,8,24,35,0,3,0,0,8.526512829121202e-14,5.226156111163017e-16,0,0.071727687376434
NYU_0051028,176,2.0,256,8,24,35,0,3,0,0,1.1368683772161603e-13,4.583050735211668e-16,0,0.06456648951010696
NYU_0051029,176,2.0,256,8,24,35,0,3,0,0,1.7053025658242404e-13,5.610824839150282e-16,0,0.06694154256583124
NYU_0051030,176,2.0,256,8,24,35,0,3,0,0,2.2737367544323206e-13,6.21373130593653e-16,0,0.07007589171191676
NYU_0051032,176,2.0,256,8,24,35,0,3,0,0,8.526512829121202e-14,7.308487543300681e-16,0,0.07125670925701479
NYU_0051033,176,2.0,256,8,24,35,0,3,0,0,1.1368683772161603e-13,4.613713429060078e-16,0,0.06609072343308145
NYU_0051034,176,2.0,256,8,24,35,0,3,0,0,1.1368683772161603e-13,5.594606808921057e-16,0,0.08012955533827594
NYU_0051035,176,2.0,256,8,24,35,0,3,0,0,1.1368683772161603e-13,4.761435609623152e-16,0,0.06393585297921574
NYU_0051036,176,2.0,256,8,24,35,0,3,0,0,8.526512829121202e-14,5.855881786580389e-16,0,0.07879725493200973
NYU_0051038,176,2.0,256,8,24,35,0,3,0,0,5.684341886080802e-14,5.988969334318518e-16,0,0.07905973491287327
NYU_0051039,176,2.0,256,8,24,35,0,3,0,0,1.1368683772161603e-13,5.494614970045614e-16,0,0.06619635475729324
NYU_0051040,176,2.0,256,8,24,35,0,3,0,0,1.1368683772161603e-13,4.645919851612038e-16,0,0.0661747805867721
NYU_0051041,176,2.0,256,8,24,35,0,3,0,0,8.526512829121202e-14,5.446881329136537e-16,0,0.06196515246171301
NYU_0051042,176,2.0,256,8,24,35,0,3,0,0,1.1368683772161603e-13,5.559848434189468e-16,0,0.06909704839458734
NYU_0051044,176,2.0,256,8,24,35,0,3,0,0,8.526512829121202e-14,5.586845938291617e-16,0,0.0716587665668403
NYU_0051045,176,2.0,256,8,24,35,0,3,0,0,1.1368683772161603e-13,5.350214733466396e-16,0,0.06089406513054153
NYU_0051046,176,2.0,256,8,24,35,0,3,0,0,5.684341886080802e-14,5.536461367205327e-16,0,0.06848961962860951
NYU_0051047,176,2.0,256,8,24,35,0,3,0,0,8.526512829121202e-14,5.231052454582708e-16,0,0.05412482193898039
NYU_0051048,176,2.0,256,8,24,35,0,3,0,0,1.7053025658242404e-13,5.785056556928605e-16,0,0.0813215629565195
NYU_0051049,176,2.0,256,8,24,35,0,3,0,0,1.7053025658242404e-13,6.093581762442448e-16,0,0.06162241474437532
NYU_0051050,176,2.0,256,8,24,35,0,3,0,0,5.684341886080802e-14,8.02803126595174e-16,0,0.08274164244681016
NYU_0051051,176,2.0,256,8,24,35,0,3,0,0,1.1368683772161603e-13,5.098870804372179e-16,0,0.06302217219082187
NYU_0051052,176,2.0,256,8,24,35,0,3,0,0,1.1368683772161603e-13,5.136359780699666e-16,0,0.07051660767346034
NYU_0051053,176,2.0,256,8,24,35,0,3,0,0,8.526512829121202e-14,8.122849639654425e-16,0,0.06983245756323163
NYU_0051054,176,2.0,256,8,24,35,0,3,0,0,1.7053025658242404e-13,5.933137982876039e-16,0,0.058363955809900045
NYU_0051055,176,2.0,256,8,24,35,0,3,0,0,1.1368683772161603e-13,6.579460483346136e-16,0,0.05834123993199874
NYU_0051056,176,2.0,256,8,24,35,0,3,0,0,5.684341886080802e-14,4.890395757761954e-16,0,0.06141294214924347
NYU_0051057,176,2.0,256,8,24,35,0,3,0,0,1.7053025658242404e-13,5.941756666148207e-16,0,0.06358527177571138
NYU_0051058,176,2.0,256,8,24,35,0,3,0,0,8.526512829121202e-14,7.083733062284376e-16,0,0.07329046421526615
NYU_0051059,176,2.0,256,8,24,35,0,3,0,0,1.1368683772161603e-13,5.492815146060007e-16,0,0.06602363393056612
NYU_0051060,176,2.0,256,8,24,35,0,3,0,0,1.1368683772161603e-13,6.301089177866495e-16,0,0.08287824162000498
NYU_0051061,176,2.0,256,8,24,35,0,3,0,0,1.1368683772161603e-13,6.745102987529744e-16,0,0.0665220621980116
NYU_0051062,176,2.0,256,8,24,35,0,3,0,0,8.526512829121202e-14,4.4127801970922316e-16,0,0.07021919360011936
NYU_0051063,176,2.0,256,8,24,35,0,3,0,0,1.1368683772161603e-13,5.323840223909763e-16,0,0.07655326736381553
NYU_0051064,176,2.0,256,8,24,35,0,3,0,0,1.7053025658242404e-13,5.513057144460854e-16,0,0.0526426855390259
NYU_0051065,176,2.0,256,8,24,35,0,3,0,0,1.1368683772161603e-13,6.020271739777101e-16,0,0.07336867637924617
NYU_0051066,176,2.0,256,8,24,35,0,3,0,0,1.1368683772161603e-13,5.051810533330026e-16,0,0.075548319787866
NYU_0051067,176,2.0,256,8,24,35,0,3,0,0,1.1368683772161603e-13,4.594756096973454e-16,0,0.05771664504267998
NYU_0051068,176,2.0,256,8,24,35,0,3,0,0,1.1368683772161603e-13,4.984577360433061e-16,0,0.06743339039910205
NYU_0051069,176,2.0,256,8,24,35,0,3,0,0,8.526512829121202e-14,5.414633290617345e-16,0,0.08032122232795831
NYU_0051070,176,2.0,256,8,24,35,0,3,0,0,1.1368683772161603e-13,6.342265482902833e-16,0,0.057082937984394275
NYU_0051071,176,2.0,256,8,24,35,0,3,0,0,1.1368683772161603e-13,5.573389127725458e-16,0,0.06750967221651262
NYU_0051072,176,2.0,256,8,24,35,0,3,0,0,5.684341886080802e-14,5.059899497617218e-16,0,0.07131634661599476
NYU_0051073,176,2.0,256,8,24,35,0,3,0,0,8.526512829121202e-14,6.337677077239127e-16,0,0.07034019711686924
NYU_0051074,176,2.0,256,8,24,35,0,3,0,0,8.526512829121202e-14,5.223389014694455e-16,0,0.05713499159437777
NYU_0051075,176,2.0,256,8,24,35,0,3,0,0,1.7053025658242404e-13,6.198846767206652e-16,0,0.0714036689799934
NYU_0051076,176,2.0,256,8,24,35,0,3,0,0,1.1368683772161603e-13,6.718460732422566e-16,0,0.05781107157571583
NYU_0051077,176,2.0,256,8,24,35,0,3,0,0,1.7053025658242404e-13,5.701292503905032e-16,0,0.07700717370690466
NYU_0051078,176,2.0,256,8,24,35,0,3,0,0,8.526512829121202e-14,5.4235558079802945e-16,0,0.07053488352606721
NYU_0051079,176,2.0,256,8,24,35,0,3,0,0,1.1368683772161603e-13,5.83919245218637e-16,0,0.05209589823902877
NYU_0051080,176,2.0,256,8,24,35,0,3,0,0,1.7053025658242404e-13,5.208660512886675e-16,0,0.08581282613012003
NYU_0051081,176,2.0,256,8,24,35,0,3,0,0,1.1368683772161603e-13,5.70286921012006e-16,0,0.062341105004775806
NYU_0051082,176,2.0,256,8,24,35,0,3,0,0,1.7053025658242404e-13,6.048461041321855e-16,0,0.07381200161204982
NYU_0051083,176,2.0,256,8,24,35,0,3,0,0,1.1368683772161603e-13,7.378736025087056e-16,0,0.060606983881279615
NYU_0051084,176,2.0,256,8,24,35,0,3,0,0,1.7053025658242404e-13,4.703052193584448e-16,0,0.08004545006882835
NYU_0051085,176,2.0,256,8,24,35,0,3,0,0,1.1368683772161603e-13,7.052787536554385e-16,0,0.0645458136223957
NYU_0051086,176,2.0,256,8,24,35,0,3,0,0,1.7053025658242404e-13,4.720895377212427e-16,0,0.07071911271083273
NYU_0051087,176,2.0,256,8,24,35,0,3,0,0,1.1368683772161603e-13,5.599429254959309e-16,0,0.07678475362435092
NYU_0051088,176,2.0,256,8,24,35,0,3,0,0,1.1368683772161603e-13,5.068912790606023e-16,0,0.06569408921050791
NYU_0051089,176,2.0,256,8,24,35,0,3,0,0,1.7053025658242404e-13,7.530419620397184e-16,0,0.07461583937663085
NYU_0051090,176,2.0,256,8,24,35,0,3,0,0,1.1368683772161603e-13,4.737518638280243e-16,0,0.06898681062395934
NYU_0051091,176,2.0,256,8,24,35,0,3,0,0,1.4210854715202004e-13,5.756553200158914e-16,0,0.06707558124497248
NYU_0051093,176,2.0,256,8,24,35,0,3,0,0,1.1368683772161603e-13,6.157782725922952e-16,0,0.05722346022990509
NYU_0051094,176,2.0,256,8,24,35,0,3,0,0,1.7053025658242404e-13,5.893979143432955e-16,0,0.07466270577969021
NYU_0051095,176,2.0,256,8,24,35,0,3,0,0,1.1368683772161603e-13,5.592653968140886e-16,0,0.06286989240999584
NYU_0051096,176,2.0,256,8,24,35,0,3,0,0,8.526512829121202e-14,5.83079298391953e-16,0,0.06255698390368504
NYU_0051097,176,2.0,256,8,24,35,0,3,0,0,1.7053025658242404e-13,5.804281465502511e-16,0,0.05897067949323417
NYU_0051098,176,2.0,256,8,24,35,0,3,0,0,1.7053025658242404e-13,6.424512770479428e-16,0,0.06089597502416103
NYU_0051099,176,2.0,256,8,24,35,0,3,0,0,1.1368683772161603e-13,6.141869807364225e-16,0,0.05812540003328637
NYU_0051100,176,2.0,256,8,24,35,0,3,0,0,8.526512829121202e-14,5.245750998211975e-16,0,0.058861258170470505
NYU_0051101,176,2.0,256,8,24,35,0,3,0,0,1.1368683772161603e-13,5.08668973625425e-16,0,0.06359622462995879
NYU_0051102,176,2.0,256,8,24,35,0,3,0,0,1.1368683772161603e-13,4.848288603797908e-16,0,0.06670991980296002
NYU_0051103,176,2.0,256,8,24,35,0,3,0,0,5.684341886080802e-14,5.743292662070182e-16,0,0.07121524121470355
NYU_0051104,176,2.0,256,8,24,35,0,3,0,0,1.1368683772161603e-13,5.46246655209353e-16,0,0.05830676845870721
NYU_0051105,176,2.0,256,8,24,35,0,3,0,0,8.526512829121202e-14,6.74112242533906e-16,0,0.06437985920221172
NYU_0051106,176,2.0,256,8,24,35,0,3,0,0,1.1368683772161603e-13,5.134945870239772e-16,0,0.07381720101601333
NYU_0051107,176,2.0,256,8,24,35,0,3,0,0,5.684341886080802e-14,4.798215094737789e-16,0,0.07434783735038399
NYU_0051109,176,2.0,256,8,24,35,0,3,0,0,1.1368683772161603e-13,5.599824858403513e-16,0,0.06595448688975543
NYU_0051110,176,2.0,256,8,24,35,0,3,0,0,1.1368683772161603e-13,5.194152713329522e-16,0,0.07077220289310482
NYU_0051111,176,2.0,256,8,24,35,0,3,0,0,1.7053025658242404e-13,5.824539600700589e-16,0,0.06930997161339217
NYU_0051112,176,2.0,256,8,24,35,0,3,0,0,1.1368683772161603e-13,6.271501854954713e-16,0,0.06399931444954368
NYU_0051113,176,2.0,256,8,24,35,0,3,0,0,8.526512829121202e-14,6.499927809552499e-16,0,0.06595513980431146
NYU_0051114,176,2.0,256,8,24,35,0,3,0,0,1.7053025658242404e-13,5.677700766884033e-16,0,0.0708241443629365
NYU_0051116,176,2.0,256,8,24,35,0,3,0,0,1.1368683772161603e-13,5.063452106231467e-16,0,0.07769864580350275
NYU_0051117,176,2.0,256,8,24,35,0,3,0,0,1.1368683772161603e-13,7.377520305446853e-16,0,0.08383535119223368
NYU_0051121,176,2.0,256,8,24,35,0,3,0,0,1.1368683772161603e-13,5.638371611759081e-16,0,0.05645847480894822
NYU_0051122,176,2.0,256,8,24,35,0,3,0,0,1.1368683772161603e-13,5.480850093619441e-16,0,0.058211764999733615
NYU_0051123,176,2.0,256,8,24,35,0,3,0,0,1.1368683772161603e-13,6.131301167761384e-16,0,0.07269723445162667
NYU_0051124,176,2.0,256,8,24,35,0,3,0,0,8.526512829121202e-14,6.042388369411892e-16,0,0.07374487412711095
NYU_0051126,176,2.0,256,8,24,35,0,3,0,0,1.1368683772161603e-13,4.86614150346131e-16,0,0.08337663309285588
NYU_0051127,176,2.0,256,8,24,35,0,3,0,0,1.1368683772161603e-13,4.963617534196216e-16,0,0.09240407004276992
NYU_0051128,176,2.0,256,8,24,35,0,3,0,0,8.526512829121202e-14,5.33090463747094e-16,0,0.05681477168504151
NYU_0051129,176,2.0,256,8,24,35,0,3,0,0,1.1368683772161603e-13,6.918711816465587e-16,0,0.05894201035029708
NYU_0051130,176,2.0,256,8,24,35,0,3,0,0,1.7053025658242404e-13,5.700313627705789e-16,0,0.05801560548924192
NYU_0051131,176,2.0,256,8,24,35,0,3,0,0,1.7053025658242404e-13,6.916688267267514e-16,0,0.05534506181911803
NYU_0051146,176,2.0,256,8,24,35,0,3,0,0,1.1368683772161603e-13,5.01751801109998e-16,0,0.08511325549323576
NYU_0051147,176,2.0,256,8,24,35,0,3,0,0,2.2737367544323206e-13,5.441433341316773e-16,0,0.07278473340635361
NYU_0051148,176,2.0,256,8,24,35,0,3,0,0,1.7053025658242404e-13,5.698942848914201e-16,0,0.06201811652885277
NYU_0051149,176,2.0,256,8,24,35,0,3,0,0,8.526512829121202e-14,4.913000699166307e-16,0,0.085218749790523
NYU_0051150,176,2.0,256,8,24,35,0,3,0,0,8.526512829121202e-14,6.540973380919909e-16,0,0.0791791436326815
NYU_0051151,176,2.0,256,8,24,35,0,3,0,0,1.7053025658242404e-13,5.567390892659673e-16,0,0.060990260045390585
NYU_0051152,176,2.0,256,8,24,35,0,3,0,0,1.1368683772161603e-13,5.491477928760428e-16,0,0.06305296283000512
NYU_0051153,176,2.0,256,8,24,35,0,3,0,0,1.4210854715202004e-13,6.539845757899029e-16,0,0.060580900786500226
NYU_0051154,176,2.0,256,8,24,35,0,3,0,0,1.1368683772161603e-13,4.656695218474674e-16,0,0.07638239965760113
NYU_0051155,176,2.0,256,8,24,35,0,3,0,0,8.526512829121202e-14,5.342311397573836e-16,0,0.06920007101061916
NYU_0051156,176,2.0,256,8,24,35,0,3,0,0,1.1368683772161603e-13,5.195870449871381e-16,0,0.07084604354786327
NYU_0051159,176,2.0,256,8,24,35,0,3,0,0,1.7053025658242404e-13,7.067720742888042e-16,0,0.06328162258774257
Olin_0050102,206,1.5,256,7,18,27,0,2,0,0,8.526512829121202e-14,4.421089470522355e-16,0,0.07305053631107163
Olin_0050103,206,1.5,256,7,18,27,0,2,0,0,2.2737367544323206e-13,6.801274335442165e-16,0,0.049857824825758616
Olin_0050104,206,1.5,256,7,18,27,0,2,0,0,1.1368683772161603e-13,5.749303204248939e-16,0,0.05895662502281169
Olin_0050105,206,1.5,256,7,18,27,0,2,0,0,5.684341886080802e-14,5.169409701674853e-16,0,0.050572910680411004
Olin_0050106,206,1.5,256,7,18,27,0,2,0,0,8.526512829121202e-14,6.372856894698384e-16,0,0.0859053756411549
Olin_0050107,206,1.5,256,7,18,27,0,2,0,0,5.684341886080802e-14,5.25402524992346e-16,0,0.04837335388336091
Olin_0050109,206,1.5,256,7,18,27,0,2,0,0,8.526512829121202e-14,4.61820402412467e-16,0,0.05277258778226777
Olin_0050110,206,1.5,256,7,18,27,0,2,0,0,5.684341886080802e-14,4.343680651904289e-16,0,0.0585343575376612
Olin_0050111,206,1.5,256,7,18,27,0,2,0,0,5.684341886080802e-14,5.089062073396626e-16,0,0.06102731577388381
Olin_0050112,206,1.5,256,7,18,27,0,2,0,0,1.7053025658242404e-13,5.5293259728184665e-16,0,0.04910343094881278
Olin_0050113,206,1.5,256,7,18,27,0,2,0,0,5.684341886080802e-14,5.875905632057512e-16,0,0.0708020889911898
Olin_0050114,206,1.5,256,7,18,27,0,2,0,0,8.526512829121202e-14,4.707916947604245e-16,0,0.052731186472912965
Olin_0050115,206,1.5,256,7,18,27,0,2,0,0,5.684341886080802e-14,5.077558806700325e-16,0,0.03851788884011879
Olin_0050116,206,1.5,256,7,18,27,0,2,0,0,8.526512829121202e-14,5.416563438120486e-16,0,0.05683864813543679
Olin_0050117,206,1.5,256,7,18,27,0,2,0,0,8.526512829121202e-14,6.006828756703045e-16,0,0.05020688273340917
Olin_0050118,206,1.5,256,7,18,27,0,2,0,0,5.684341886080802e-14,4.92891161989411e-16,0,0.07741646017644477
Olin_0050119,206,1.5,256,7,18,27,0,2,0,0,5.684341886080802e-14,5.096231417602737e-16,0,0.06640717049285312
Olin_0050120,206,1.5,256,7,18,27,0,2,0,0,8.526512829121202e-14,5.038395773087099e-16,0,0.07030725472277936
Olin_0050121,206,1.5,256,7,18,27,0,2,0,0,8.526512829121202e-14,5.494891726239062e-16,0,0.05547102842564884
Olin_0050122,206,1.5,256,7,18,27,0,2,0,0,5.684341886080802e-14,3.9995862832092667e-16,0,0.07758196801698652
Olin_0050124,206,1.5,256,7,18,27,0,2,0,0,8.526512829121202e-14,4.4150036459097943e-16,0,0.0511062956542342
Olin_0050125,206,1.5,256,7,18,27,0,2,0,0,5.684341886080802e-14,4.907907414652107e-16,0,0.06693844843560914
Olin_0050126,206,1.5,256,7,18,27,0,2,0,0,5.684341886080802e-14,4.162382096687209e-16,0,0.0732270750493397
Olin_0050127,206,1.5,256,7,18,27,0,2,0,0,1.1368683772161603e-13,5.811533248113105e-16,0,0.0701724803952942
Olin_0050128,206,1.5,256,7,18,27,0,2,0,0,8.526512829121202e-14,5.632363495338047e-16,0,0.06355934490325221
Olin_0050129,206,1.5,256,7,18,27,0,2,0,0,5.684341886080802e-14,4.673505441756638e-16,0,0.058562446519636165
Olin_0050130,206,1.5,256,7,18,27,0,2,0,0,8.526512829121202e-14,5.231888671470629e-16,0,0.04553112156592086
Olin_0050131,206,1.5,256,7,18,27,0,2,0,0,5.684341886080802e-14,5.761427324664962e-16,0,0.05082788361339827
Olin_0050132,206,1.5,256,7,18,27,0,2,0,0,8.526512829121202e-14,4.792667540967621e-16,0,0.06840326423645413
Olin_0050133,206,1.5,256,7,18,27,0,2,0,0,8.526512829121202e-14,4.4348742266581127e-16,0,0.061697017461868155
Olin_0050134,206,1.5,256,7,18,27,0,2,0,0,8.526512829121202e-14,4.790044283500376e-16,0,0.0633386834390161
Olin_0050135,206,1.5,256,7,18,27,0,2,0,0,1.1368683772161603e-13,4.289519309852373e-16,0,0.09620974584281572
Olin_0050136,206,1.5,256,7,18,27,0,2,0,0,1.1368683772161603e-13,4.356447959541898e-16,0,0.0554692554162422
Pitt_0050003,196,1.5,256,7,18,27,0,2,0,0,2.2737367544323206e-13,5.829472227394937e-16,0,0.05197897468258153
Pitt_0050004,196,1.5,256,7,18,27,0,2,0,0,4.263256414560601e-14,4.294700712591642e-16,0,0.07521769565543736
Pitt_0050005,196,1.5,256,7,18,27,0,2,0,0,1.1368683772161603e-13,4.0252481388063177e-16,0,0.058840168084829766
Pitt_0050006,196,1.5,256,7,18,27,0,2,0,0,5.684341886080802e-14,6.076447529402058e-16,0,0.07154383009756142
Pitt_0050007,196,1.5,256,7,18,27,0,2,0,0,5.684341886080802e-14,3.822801872771656e-16,0,0.06637959056693342
Pitt_0050008,196,1.5,256,7,18,27,0,2,0,0,1.1368683772161603e-13,5.181182275018345e-16,0,0.04882140054110706
Pitt_0050009,196,1.5,256,7,18,27,0,2,0,0,5.684341886080802e-14,4.757484311990076e-16,0,0.05573669145959414
Pitt_0050010,196,1.5,256,7,18,27,0,2,0,0,4.263256414560601e-14,6.346374057494282e-16,0,0.05323605468156128
Pitt_0050011,196,1.5,256,7,18,27,0,2,0,0,5.684341886080802e-14,5.811451937807235e-16,0,0.05722971609539249
Pitt_0050012,196,1.5,256,7,18,27,0,2,0,0,5.684341886080802e-14,3.843036274262912e-16,0,0.05410753236838912
Pitt_0050013,196,1.5,256,7,18,27,0,2,0,0,5.684341886080802e-14,4.949010720598615e-16,0,0.05809774420472562
Pitt_0050014,196,1.5,256,7,18,27,0,2,0,0,8.526512829121202e-14,6.16817044066317e-16,0,0.05481727059665003
Pitt_0050015,196,1.5,256,7,18,27,0,2,0,0,8.526512829121202e-14,5.414003602570584e-16,0,0.06095182180495056
Pitt_0050016,196,1.5,256,7,18,27,0,2,0,0,8.526512829121202e-14,4.902683198779348e-16,0,0.055598430255755116
Pitt_0050017,196,1.5,256,7,18,27,0,2,0,0,8.526512829121202e-14,3.5459903075829e-16,0,0.055459533743922575
Pitt_0050019,196,1.5,256,7,18,27,0,2,0,0,8.526512829121202e-14,6.560802026060506e-16,0,0.0531222173477361
Pitt_0050020,196,1.5,256,7,18,27,0,2,0,0,8.526512829121202e-14,4.2168314257460584e-16,0,0.059431483034861655
Pitt_0050022,196,1.5,256,7,18,27,0,2,0,0,8.526512829121202e-14,5.971123939462034e-16,0,0.061047392047899156
Pitt_0050023,196,1.5,256,7,18,27,0,2,0,0,5.684341886080802e-14,4.2328521697991894e-16,0,0.0511846630732336
Pitt_0050024,196,1.5,256,7,18,27,0,2,0,0,5.684341886080802e-14,5.358653922713989e-16,0,0.04868548083431829
Pitt_0050025,196,1.5,256,7,18,27,0,2,0,0,1.1368683772161603e-13,5.062034302727301e-16,0,0.048219975511824234
Pitt_0050026,196,1.5,256,7,18,27,0,2,0,0,1.7053025658242404e-13,4.3397734468599287e-16,0,0.0474467648124868
Pitt_0050027,196,1.5,256,7,18,27,0,2,0,0,5.684341886080802e-14,4.690474648485028e-16,0,0.05598592982607706
Pitt_0050028,196,1.5,256,7,18,27,0,2,0,0,1.1368683772161603e-13,4.559511144663344e-16,0,0.044880107632073576
Pitt_0050029,196,1.5,256,7,18,27,0,2,0,0,8.526512829121202e-14,5.447770548637108e-16,0,0.06607545497807592
Pitt_0050030,196,1.5,256,7,18,27,0,2,0,0,5.684341886080802e-14,5.20064505846712e-16,0,0.053742763223652665
Pitt_0050031,196,1.5,256,7,18,27,0,2,0,0,1.1368683772161603e-13,5.126066043611818e-16,0,0.06300946857259418
Pitt_0050032,196,1.5,256,7,18,27,0,2,0,0,5.684341886080802e-14,5.444592151572107e-16,0,0.05394784211984293
Pitt_0050033,196,1.5,256,7,18,27,0,2,0,0,8.526512829121202e-14,4.303392578748631e-16,0,0.050671498153707056
Pitt_0050034,196,1.5,256,7,18,27,0,2,0,0,8.526512829121202e-14,5.0467130808969565e-16,0,0.06348974799216354
Pitt_0050035,196,1.5,256,7,18,27,0,2,0,0,1.1368683772161603e-13,5.507452473668706e-16,0,0.05438780577649238
Pitt_0050036,196,1.5,256,7,18,27,0,2,0,0,5.684341886080802e-14,5.645945971105154e-16,0,0.06067732209992729
Pitt_0050037,196,1.5,256,7,18,27,0,2,0,0,5.684341886080802e-14,5.220526039834129e-16,0,0.0681864998697939
Pitt_0050038,196,1.5,256,7,18,27,0,2,0,0,5.684341886080802e-14,6.595533271351333e-16,0,0.06003361087961014
Pitt_0050040,196,1.5,256,7,18,27,0,2,0,0,2.842170943040401e-14,5.70140141163807e-16,0,0.05841575218987697
Pitt_0050041,196,1.5,256,7,18,27,0,2,0,0,5.684341886080802e-14,5.097315010622421e-16,0,0.054862558208150294
Pitt_0050042,196,1.5,256,7,18,27,0,2,0,0,5.684341886080802e-14,4.612282093580368e-16,0,0.06154439695138503
Pitt_0050043,196,1.5,256,7,18,27,0,2,0,0,8.526512829121202e-14,5.619532656745546e-16,0,0.05325690075242075
Pitt_0050044,196,1.5,256,7,18,27,0,2,0,0,8.526512829121202e-14,5.401560747263197e-16,0,0.04174135494009888
Pitt_0050045,196,1.5,256,7,18,27,0,2,0,0,8.526512829121202e-14,5.506379387938518e-16,0,0.06475404573892109
Pitt_0050046,196,1.5,256,7,18,27,0,2,0,0,5.684341886080802e-14,4.770899157498456e-16,0,0.05115025660321513
Pitt_0050047,196,1.5,256,7,18,27,0,2,0,0,5.684341886080802e-14,5.095240055606805e-16,0,0.05616305646369594
Pitt_0050048,196,1.5,256,7,18,27,0,2,0,0,5.684341886080802e-14,4.3383557586358095e-16,0,0.061956197476986496
Pitt_0050049,196,1.5,256,7,18,27,0,2,0,0,1.7053025658242404e-13,4.425414958856785e-16,0,0.0653894195364672
Pitt_0050050,196,1.5,256,7,18,27,0,2,0,0,1.1368683772161603e-13,6.206561831335497e-16,0,0.061547466949876846
Pitt_0050051,196,1.5,256,7,18,27,0,2,0,0,4.263256414560601e-14,5.582382010117951e-16,0,0.06825549292598491
Pitt_0050052,196,1.5,256,7,18,27,0,2,0,0,5.684341886080802e-14,5.708826422478484e-16,0,0.07383380711780048
Pitt_0050053,196,1.5,256,7,18,27,0,2,0,0,1.1368683772161603e-13,5.919378855123324e-16,0,0.04004698979450882
Pitt_0050054,196,1.5,256,7,18,27,0,2,0,0,1.1368683772161603e-13,5.11812064861385e-16,0,0.06491793836194276
Pitt_0050055,196,1.5,256,7,18,27,0,2,0,0,4.263256414560601e-14,4.0162955763445144e-16,0,0.06522885525714288
Pitt_0050056,196,1.5,256,7,18,27,0,2,0,0,1.1368683772161603e-13,4.88102019242494e-16,0,0.07190970862140092
Pitt_0050057,196,1.5,256,7,18,27,0,2,0,0,5.684341886080802e-14,3.8982819686291617e-16,0,0.0652947341180241
Pitt_0050058,196,1.5,256,7,18,27,0,2,0,0,4.263256414560601e-14,5.180252769146231e-16,0,0.059159776640431656
Pitt_0050059,196,1.5,256,7,18,27,0,2,0,0,8.526512829121202e-14,4.570446708074675e-16,0,0.06581990016705287
Pitt_0050060,196,1.5,256,7,18,27,0,2,0,0,4.263256414560601e-14,4.444399721869088e-16,0,0.06673812805607061
SBL_0051556,196,2.200000047683716,256,10,26,40,0,4,0,0,3.410605131648481e-13,8.671684398000462e-16,0,0.05745658170082343
SBL_0051557,196,2.200000047683716,256,10,26,40,0,4,0,0,2.2737367544323206e-13,4.731126294437115e-16,0,0.08040055564043419
SBL_0051559,196,2.200000047683716,256,10,26,40,0,4,0,0,1.7053025658242404e-13,8.786791560381306e-16,0,0.09504213080312515
SBL_0051560,196,2.200000047683716,256,10,26,40,0,4,0,0,7.105427357601002e-14,7.301266584775592e-16,0,0.05804646041614193
SBL_0051561,196,2.200000047683716,256,10,26,40,0,4,0,0,1.1368683772161603e-13,5.924590132845493e-16,0,0.06688804071195788
SBL_0051562,196,2.200000047683716,256,10,26,40,0,4,0,0,1.1368683772161603e-13,5.168839481237096e-16,0,0.07528288311246571
SBL_0051563,196,2.200000047683716,256,10,26,40,0,4,0,0,2.2737367544323206e-13,6.773408595430872e-16,0,0.11159666897249283
SBL_0051564,196,2.200000047683716,256,10,26,40,0,4,0,0,1.7053025658242404e-13,8.498532436060227e-16,0,0.07565209920390606
SBL_0051565,196,2.200000047683716,256,10,26,40,0,4,0,0,8.526512829121202e-14,5.991627546929382e-16,0,0.07976406317933636
SBL_0051566,196,2.200000047683716,256,10,26,40,0,4,0,0,1.1368683772161603e-13,6.424351503901008e-16,0,0.07826945700854622
SBL_0051567,196,2.200000047683716,256,10,26,40,0,4,0,0,1.1368683772161603e-13,6.032262916858825e-16,0,0.09889107873532085
SBL_0051568,196,2.200000047683716,256,10,26,40,0,4,0,0,1.7053025658242404e-13,7.207148172910642e-16,0,0.07634834772884286
SBL_0051569,196,2.200000047683716,256,10,26,40,0,4,0,0,8.526512829121202e-14,5.556069312424275e-16,0,0.07701554388981056
SBL_0051570,196,2.200000047683716,256,10,26,40,0,4,0,0,2.2737367544323206e-13,7.175931288889387e-16,0,0.06809545012640988
SBL_0051571,196,2.200000047683716,256,10,26,40,0,4,0,0,8.526512829121202e-14,6.136091272050833e-16,0,0.07554825967412838
SBL_0051572,196,2.200000047683716,256,10,26,40,0,4,0,0,8.526512829121202e-14,5.115334777320626e-16,0,0.0793989732671942
SBL_0051573,196,2.200000047683716,256,10,26,40,0,4,0,0,1.1368683772161603e-13,5.047155190058334e-16,0,0.09086371325758434
SBL_0051574,196,2.200000047683716,256,10,26,40,0,4,0,0,1.1368683772161603e-13,6.797157840560477e-16,0,0.07986674850678986
SBL_0051575,196,2.200000047683716,256,10,26,40,0,4,0,0,2.2737367544323206e-13,6.109291890434433e-16,0,0.07699792728612372
SBL_0051576,196,2.200000047683716,256,10,26,40,0,4,0,0,1.1368683772161603e-13,6.6734075230382575e-16,0,0.06516398368044288
SBL_0051577,196,2.200000047683716,256,10,26,40,0,4,0,0,5.684341886080802e-14,7.531153022221909e-16,0,0.0808263881600696
SBL_0051578,196,2.200000047683716,256,10,26,40,0,4,0,0,1.1368683772161603e-13,4.967814870691855e-16,0,0.07669663187299215
SBL_0051579,196,2.200000047683716,256,10,26,40,0,4,0,0,1.1368683772161603e-13,5.734858455769478e-16,0,0.07054430779612812
SBL_0051580,196,2.200000047683716,256,10,26,40,0,4,0,0,1.7053025658242404e-13,5.723718909858541e-16,0,0.06676197663035684
SBL_0051581,196,2.200000047683716,256,10,26,40,0,4,0,0,8.526512829121202e-14,4.7852276614170185e-16,0,0.09797627958944466
SBL_0051582,196,2.200000047683716,256,10,26,40,0,4,0,0,1.1368683772161603e-13,6.158949807722125e-16,0,0.06204090091115968
SBL_0051583,196,2.200000047683716,256,10,26,40,0,4,0,0,1.1368683772161603e-13,5.882648496600981e-16,0,0.06385706377362405
SBL_0051584,196,2.200000047683716,256,10,26,40,0,4,0,0,2.2737367544323206e-13,5.900042975654042e-16,0,0.08116715104427441
SBL_0051585,196,2.200000047683716,256,10,26,40,0,4,0,0,1.1368683772161603e-13,5.42386344807625e-16,0,0.07133253201205333
SDSU_0050182,176,2.0,256,8,24,35,0,3,0,0,8.526512829121202e-14,4.999468606271418e-16,0,0.07624499014317193
SDSU_0050183,176,2.0,256,8,24,35,0,3,0,0,5.684341886080802e-14,4.987169976443242e-16,0,0.07218821384517958
SDSU_0050185,176,2.0,256,8,24,35,0,3,0,0,2.2737367544323206e-13,4.791205303353773e-16,0,0.06885495003164897
SDSU_0050186,176,2.0,256,8,24,35,0,3,0,0,1.1368683772161603e-13,6.311525426152923e-16,0,0.06951638346055478
SDSU_0050187,176,2.0,256,8,24,35,0,3,0,0,1.1368683772161603e-13,5.625722574663124e-16,0,0.06676975458026302
SDSU_0050188,176,2.0,256,8,24,35,0,3,0,0,2.2737367544323206e-13,4.709957642779101e-16,0,0.07754423519432557
SDSU_0050189,176,2.0,256,8,24,35,0,3,0,0,8.526512829121202e-14,7.01779420681168e-16,0,0.06054701786756453
SDSU_0050190,176,2.0,256,8,24,35,0,3,0,0,8.526512829121202e-14,4.898842931419542e-16,0,0.06762120518165075
SDSU_0050191,176,2.0,256,8,24,35,0,3,0,0,8.526512829121202e-14,4.437022590734136e-16,0,0.06971582779403437
SDSU_0050193,176,2.0,256,8,24,35,0,3,0,0,1.1368683772161603e-13,6.706370399541772e-16,0,0.09343297576605092
SDSU_0050194,176,2.0,256,8,24,35,0,3,0,0,8.526512829121202e-14,4.562567774555644e-16,0,0.07846934666447382
SDSU_0050196,176,2.0,256,8,24,35,0,3,0,0,8.526512829121202e-14,5.001475107063356e-16,0,0.05933498576476042
SDSU_0050197,176,2.0,256,8,24,35,0,3,0,0,1.1368683772161603e-13,4.879943408578683e-16,0,0.07691043284987899
SDSU_0050198,176,2.0,256,8,24,35,0,3,0,0,8.526512829121202e-14,4.931438741622119e-16,0,0.07546587700805207
SDSU_0050199,176,2.0,256,8,24,35,0,3,0,0,8.526512829121202e-14,6.554600853694339e-16,0,0.08507314802147113
SDSU_0050200,176,2.0,256,8,24,35,0,3,0,0,8.526512829121202e-14,6.101024003807918e-16,0,0.07216999503133908
SDSU_0050201,176,2.0,256,8,24,35,0,3,0,0,2.2737367544323206e-13,6.191917215825853e-16,0,0.07677400690526022
SDSU_0050202,176,2.0,256,8,24,35,0,3,0,0,1.1368683772161603e-13,5.984616256114287e-16,0,0.07568182093040116
SDSU_0050203,176,2.0,256,8,24,35,0,3,0,0,1.1368683772161603e-13,4.904742702386109e-16,0,0.0717126984508215
SDSU_0050204,176,2.0,256,8,24,35,0,3,0,0,8.526512829121202e-14,6.278276091369706e-16,0,0.07207499509491282
SDSU_0050205,176,2.0,256,8,24,35,0,3,0,0,1.1368683772161603e-13,7.962808993368747e-16,0,0.06100659752150714
SDSU_0050206,176,2.0,256,8,24,35,0,3,0,0,8.526512829121202e-14,5.209291326668919e-16,0,0.0584878185250001
SDSU_0050207,176,2.0,256,8,24,35,0,3,0,0,2.8421709430404007e-13,7.68830723647655e-16,0,0.06450161934132653
SDSU_0050208,176,2.0,256,8,24,35,0,3,0,0,5.684341886080802e-14,5.888503557884014e-16,0,0.06887655505542022
SDSU_0050210,176,2.0,256,8,24,35,0,3,0,0,8.526512829121202e-14,5.772792239179721e-16,0,0.06561307613710168
SDSU_0050211,176,2.0,256,8,24,35,0,3,0,0,8.526512829121202e-14,5.420549132656607e-16,0,0.07482909546675649
SDSU_0050212,176,2.0,256,8,24,35,0,3,0,0,2.2737367544323206e-13,5.536241869469629e-16,0,0.08114311422771436
SDSU_0050213,176,2.0,256,8,24,35,0,3,0,0,1.1368683772161603e-13,4.485849895881905e-16,0,0.0786767010166728
SDSU_0050214,176,2.0,256,8,24,35,0,3,0,0,1.1368683772161603e-13,4.466589177616718e-16,0,0.06680665498075722
SDSU_0050215,176,2.0,256,8,24,35,0,3,0,0,1.1368683772161603e-13,5.845588232104626e-16,0,0.06388106390998019
SDSU_0050217,176,2.0,256,8,24,35,0,3,0,0,1.1368683772161603e-13,6.044781965401705e-16,0,0.05926113404169325
Stanford_0051160,176,2.0,256,8,24,35,0,3,0,0,1.1368683772161603e-13,4.519004142748661e-16,0,0.07334349653234142
Stanford_0051161,176,2.0,256,8,24,35,0,3,0,0,2.2737367544323206e-13,4.760672027976452e-16,0,0.07942028144412375
Stanford_0051162,176,2.0,256,8,24,35,0,3,0,0,1.1368683772161603e-13,4.217701299148274e-16,0,0.06411737387029479
Stanford_0051163,176,2.0,256,8,24,35,0,3,0,0,1.1368683772161603e-13,5.289041982934182e-16,0,0.0687780133654597
Stanford_0051164,176,2.0,256,8,24,35,0,3,0,0,1.1368683772161603e-13,5.854489179101195e-16,0,0.0711205285444862
Stanford_0051165,176,2.0,256,8,24,35,0,3,0,0,1.1368683772161603e-13,5.831833610365911e-16,0,0.05234494582149714
Stanford_0051166,236,2.0,256,8,24,35,0,3,0,0,1.7053025658242404e-13,4.914574519614473e-16,0,0.08396551050190769
Stanford_0051167,177,2.0,256,8,24,35,0,3,0,0,1.1368683772161603e-13,5.623799588726012e-16,0,0.06033375158295348
Stanford_0051168,176,2.0,256,8,24,35,0,3,0,0,1.1368683772161603e-13,5.136430372295221e-16,0,0.061240371440389685
Stanford_0051169,176,2.0,256,8,24,35,0,3,0,0,8.526512829121202e-14,4.827409752970004e-16,0,0.06968949883913478
Stanford_0051170,176,2.0,256,8,24,35,0,3,0,0,5.684341886080802e-14,4.3651180435112137e-16,0,0.06697335460295085
Stanford_0051171,176,2.0,256,8,24,35,0,3,0,0,1.1368683772161603e-13,5.925729624301099e-16,0,0.07555807765581361
Stanford_0051172,176,2.0,256,8,24,35,0,3,0,0,1.1368683772161603e-13,5.605119960622683e-16,0,0.06210699899391905
Stanford_0051173,176,2.0,256,8,24,35,0,3,0,0,5.684341886080802e-14,4.776037404636068e-16,0,0.07346136562972977
Stanford_0051174,236,2.0,256,8,24,35,0,3,0,0,8.526512829121202e-14,5.273264671344168e-16,0,0.09618347894109389
Stanford_0051175,176,2.0,256,8,24,35,0,3,0,0,1.7053025658242404e-13,4.870702709725378e-16,0,0.07449115523034794
Stanford_0051177,176,2.0,256,8,24,35,0,3,0,0,8.526512829121202e-14,5.467300100934873e-16,0,0.08458400671224843
Stanford_0051178,176,2.0,256,8,24,35,0,3,0,0,1.1368683772161603e-13,4.543243921123464e-16,0,0.11476960756280037
Stanford_0051179,176,2.0,256,8,24,35,0,3,0,0,1.1368683772161603e-13,5.032607830017243e-16,0,0.08114636174067877
Stanford_0051180,236,2.0,256,8,24,35,0,3,0,0,1.7053025658242404e-13,6.589755264755683e-16,0,0.08784714522985922
Stanford_0051181,236,2.0,256,8,24,35,0,3,0,0,1.1368683772161603e-13,5.916916130521859e-16,0,0.06089233485252479
Stanford_0051182,236,2.0,256,8,24,35,0,3,0,0,1.1368683772161603e-13,5.491782704580583e-16,0,0.06097760477449414
Stanford_0051183,236,2.0,256,8,24,35,0,3,0,0,2.8421709430404007e-13,7.101270515068767e-16,0,0.08904370835927089
Stanford_0051184,236,2.0,256,8,24,35,0,3,0,0,1.1368683772161603e-13,6.712486465179785e-16,0,0.05911368002508398
Stanford_0051185,236,2.0,256,8,24,35,0,3,0,0,1.1368683772161603e-13,4.095263514677026e-16,0,0.08581489929315206
Stanford_0051186,236,2.0,256,8,24,35,0,3,0,0,1.1368683772161603e-13,4.914275241527265e-16,0,0.07668470097638842
Stanford_0051187,236,2.0,256,8,24,35,0,3,0,0,1.1368683772161603e-13,4.347268419333015e-16,0,0.06503571147750616
Stanford_0051188,236,2.0,256,8,24,35,0,3,0,0,1.1368683772161603e-13,7.139798866645128e-16,0,0.09040248796096767
Stanford_0051189,236,2.0,256,8,24,35,0,3,0,0,1.1368683772161603e-13,7.274852213815787e-16,0,0.06297710976306409
Stanford_0051190,236,2.0,256,8,24,35,0,3,0,0,1.1368683772161603e-13,6.029896972243114e-16,0,0.06090018169440592
Stanford_0051191,236,2.0,256,8,24,35,0,3,0,0,1.1368683772161603e-13,4.3742215455786316e-16,0,0.0770440164212402
Stanford_0051192,236,2.0,256,8,24,35,0,3,0,0,1.1368683772161603e-13,5.195103517940894e-16,0,0.07667069791775895
Stanford_0051193,236,2.0,256,8,24,35,0,3,0,0,1.7053025658242404e-13,6.443194779004554e-16,0,0.08254169801754506
Stanford_0051194,236,2.0,256,8,24,35,0,3,0,0,8.526512829121202e-14,5.475825250009075e-16,0,0.070907015857729
Stanford_0051195,236,2.0,256,8,24,35,0,3,0,0,1.7053025658242404e-13,5.164515629802831e-16,0,0.08060457533037216
Stanford_0051196,234,2.0,256,8,24,35,0,3,0,0,1.7053025658242404e-13,6.06024410641806e-16,0,0.07260784241640578
Stanford_0051197,236,2.0,256,8,24,35,0,3,0,0,5.684341886080802e-14,5.66314992944823e-16,0,0.0874103308681259
Stanford_0051198,236,2.0,256,8,24,35,0,3,0,0,5.684341886080802e-14,5.267914321072229e-16,0,0.06625967065194423
Stanford_0051199,234,2.0,256,8,24,35,0,3,0,0,1.4210854715202004e-13,6.606439436400565e-16,0,0.07456037768047521
Trinity_0050232,146,2.0,256,8,24,35,0,3,0,0,1.1368683772161603e-13,7.219033524236927e-16,0,0.0789611146594151
Trinity_0050233,146,2.0,256,8,24,35,0,3,0,0,5.684341886080802e-14,4.0309566102472723e-16,0,0.08177379065762809
Trinity_0050234,146,2.0,256,8,24,35,0,3,0,0,1.7053025658242404e-13,4.994887021891132e-16,0,0.07169198331806302
Trinity_0050235,146,2.0,256,8,24,35,0,3,0,0,1.1368683772161603e-13,6.240027257216672e-16,0,0.06556483388647781
Trinity_0050236,146,2.0,256,8,24,35,0,3,0,0,1.7053025658242404e-13,6.325914658468815e-16,0,0.08329794315491298
Trinity_0050237,146,2.0,256,8,24,35,0,3,0,0,5.684341886080802e-14,4.3930885478192423e-16,0,0.07321428212291282
Trinity_0050239,146,2.0,256,8,24,35,0,3,0,0,1.7053025658242404e-13,5.29596643604243e-16,0,0.091785924740185
Trinity_0050240,146,2.0,256,8,24,35,0,3,0,0,1.1368683772161603e-13,6.073500138490383e-16,0,0.05932191017849574
Trinity_0050241,146,2.0,256,8,24,35,0,3,0,0,1.7053025658242404e-13,5.806134079476739e-16,0,0.06821624504159021
Trinity_0050243,146,2.0,256,8,24,35,0,3,0,0,2.2737367544323206e-13,7.257906534488031e-16,0,0.07174521904348266
Trinity_0050245,146,2.0,256,8,24,35,0,3,0,0,1.1368683772161603e-13,5.726754630201965e-16,0,0.0764081679876464
Trinity_0050246,146,2.0,256,8,24,35,0,3,0,0,8.526512829121202e-14,5.539900642540288e-16,0,0.08115103215544273
Trinity_0050247,146,2.0,256,8,24,35,0,3,0,0,1.1368683772161603e-13,5.356588504079195e-16,0,0.08389822274834245
Trinity_0050248,146,2.0,256,8,24,35,0,3,0,0,5.684341886080802e-14,5.331944799216443e-16,0,0.07027655191561923
Trinity_0050249,146,2.0,256,8,24,35,0,3,0,0,1.1368683772161603e-13,5.349911820643755e-16,0,0.06948723636742664
Trinity_0050250,146,2.0,256,8,24,35,0,3,0,0,1.1368683772161603e-13,5.500678912335962e-16,0,0.05326608140230406
Trinity_0050251,146,2.0,256,8,24,35,0,3,0,0,1.7053025658242404e-13,6.336802302250428e-16,0,0.05819248101434855
Trinity_0050252,146,2.0,256,8,24,35,0,3,0,0,1.7053025658242404e-13,8.718374545501825e-16,0,0.06816342678132978
Trinity_0050253,146,2.0,256,8,24,35,0,3,0,0,8.526512829121202e-14,4.1408227060934816e-16,0,0.07386293270786001
Trinity_0050254,146,2.0,256,8,24,35,0,3,0,0,8.526512829121202e-14,4.753098858348973e-16,0,0.05784662598230606
Trinity_0050255,146,2.0,256,8,24,35,0,3,0,0,8.526512829121202e-14,5.562275436398147e-16,0,0.082627853641873
Trinity_0050257,146,2.0,256,8,24,35,0,3,0,0,8.526512829121202e-14,4.010701888500417e-16,0,0.07913541230028395
Trinity_0050260,146,2.0,256,8,24,35,0,3,0,0,8.526512829121202e-14,5.441868910107937e-16,0,0.08195819329600401
Trinity_0050261,146,2.0,256,8,24,35,0,3,0,0,8.526512829121202e-14,5.849598403711174e-16,0,0.06666827574624613
Trinity_0050262,146,2.0,256,8,24,35,0,3,0,0,1.7053025658242404e-13,5.945219507627965e-16,0,0.058057653193725356
Trinity_0050263,146,2.0,256,8,24,35,0,3,0,0,1.1368683772161603e-13,5.721719552622015e-16,0,0.07612762589598024
Trinity_0050264,146,2.0,256,8,24,35,0,3,0,0,1.1368683772161603e-13,7.563153066814291e-16,0,0.06367195700626668
Trinity_0050265,146,2.0,256,8,24,35,0,3,0,0,2.2737367544323206e-13,7.131986270711248e-16,0,0.057084735399753554
Trinity_0050266,146,2.0,256,8,24,35,0,3,0,0,1.7053025658242404e-13,5.158540422139257e-16,0,0.06849749135827304
Trinity_0050267,146,2.0,256,8,24,35,0,3,0,0,8.526512829121202e-14,4.495506640155261e-16,0,0.06519174564176661
Trinity_0050268,146,2.0,256,8,24,35,0,3,0,0,1.7053025658242404e-13,4.400027547035955e-16,0,0.09515683107303397
Trinity_0050269,146,2.0,256,8,24,35,0,3,0,0,1.1368683772161603e-13,4.2752671464322495e-16,0,0.07542560422439833
Trinity_0050270,146,2.0,256,8,24,35,0,3,0,0,1.1368683772161603e-13,6.889572913856021e-16,0,0.0433865994386489
Trinity_0050271,146,2.0,256,8,24,35,0,3,0,0,8.526512829121202e-14,5.933241274876934e-16,0,0.08863469586190452
Trinity_0051132,146,2.0,256,8,24,35,0,3,0,0,1.1368683772161603e-13,3.570471496698012e-16,0,0.08395557975842859
Trinity_0051133,146,2.0,256,8,24,35,0,3,0,0,1.7053025658242404e-13,5.339547872029113e-16,0,0.054751352676158445
Trinity_0051134,146,2.0,256,8,24,35,0,3,0,0,8.526512829121202e-14,5.594754390991547e-16,0,0.06161280701946238
Trinity_0051135,146,2.0,256,8,24,35,0,3,0,0,1.1368683772161603e-13,6.097611398398093e-16,0,0.08580150925710987
Trinity_0051136,146,2.0,256,8,24,35,0,3,0,0,2.2737367544323206e-13,4.861900872412878e-16,0,0.07279906221763141
Trinity_0051137,146,2.0,256,8,24,35,0,3,0,0,1.1368683772161603e-13,5.724973068682838e-16,0,0.07015430348095718
Trinity_0051138,146,2.0,256,8,24,35,0,3,0,0,1.1368683772161603e-13,4.338952587426908e-16,0,0.07557886590287484
Trinity_0051139,146,2.0,256,8,24,35,0,3,0,0,1.1368683772161603e-13,5.130326365173077e-16,0,0.07592666933759458
Trinity_0051140,146,2.0,256,8,24,35,0,3,0,0,1.1368683772161603e-13,7.212099722438029e-16,0,0.05915931459063204
Trinity_0051141,146,2.0,256,8,24,35,0,3,0,0,2.2737367544323206e-13,5.841167602766986e-16,0,0.0815332625675228
Trinity_0051142,146,2.0,256,8,24,35,0,3,0,0,1.1368683772161603e-13,6.169607545378499e-16,0,0.08341446792857031
UCLA_1_0051201,116,3.0,128,7,18,27,0,2,0,0,5.684341886080802e-14,3.7132099729791854e-16,0,0.10591595666099544
UCLA_1_0051202,116,3.0,128,7,18,27,0,2,0,0,8.526512829121202e-14,4.909212937017541e-16,0,0.0759510424979888
UCLA_1_0051204,116,3.0,128,7,18,27,0,2,0,0,1.1368683772161603e-13,4.76402829805516e-16,0,0.07443427660120337
UCLA_1_0051205,116,3.0,128,7,18,27,0,2,0,0,4.263256414560601e-14,5.8308193735689555e-16,0,0.0718697556596585
UCLA_1_0051206,116,3.0,128,7,18,27,0,2,0,0,4.263256414560601e-14,4.677375237276396e-16,0,0.06480252850512541
UCLA_1_0051207,116,3.0,128,7,18,27,0,2,0,0,1.1368683772161603e-13,4.264034333172412e-16,0,0.08204778208016035
UCLA_1_0051208,116,3.0,128,7,18,27,0,2,0,0,5.684341886080802e-14,4.534662696922542e-16,0,0.06342216687278479
UCLA_1_0051209,116,3.0,128,7,18,27,0,2,0,0,1.1368683772161603e-13,4.791264899078959e-16,0,0.08454116643405808
UCLA_1_0051210,116,3.0,128,7,18,27,0,2,0,0,8.526512829121202e-14,5.046601113984328e-16,0,0.054266978869199074
UCLA_1_0051211,116,3.0,128,7,18,27,0,2,0,0,5.684341886080802e-14,4.748322885679702e-16,0,0.05150090524482162
UCLA_1_0051212,116,3.0,128,7,18,27,0,2,0,0,5.684341886080802e-14,5.980336014763976e-16,0,0.04569745320794725
UCLA_1_0051214,116,3.0,128,7,18,27,0,2,0,0,5.684341886080802e-14,3.610652103097697e-16,0,0.05007880511927971
UCLA_1_0051215,116,3.0,128,7,18,27,0,2,0,0,5.684341886080802e-14,5.064683000795652e-16,0,0.0457747862443081
UCLA_1_0051216,116,3.0,128,7,18,27,0,2,0,0,5.684341886080802e-14,5.225354377372805e-16,0,0.0699690567638913
UCLA_1_0051217,116,3.0,128,7,18,27,0,2,0,0,5.684341886080802e-14,5.107356499602765e-16,0,0.058364802496118647
UCLA_1_0051218,116,3.0,128,7,18,27,0,2,0,0,4.263256414560601e-14,6.495226600550382e-16,0,0.05693841523399651
UCLA_1_0051219,116,3.0,128,7,18,27,0,2,0,0,5.684341886080802e-14,6.520160780899391e-16,0,0.06695772952019638
UCLA_1_0051220,116,3.0,128,7,18,27,0,2,0,0,8.526512829121202e-14,5.059158424072007e-16,0,0.06031379838101649
UCLA_1_0051221,116,3.0,128,7,18,27,0,2,0,0,5.684341886080802e-14,5.380236182143291e-16,0,0.05881363868045349
UCLA_1_0051222,116,3.0,128,7,18,27,0,2,0,0,5.684341886080802e-14,5.848298707181549e-16,0,0.05231669128730673
UCLA_1_0051223,116,3.0,128,7,18,27,0,2,0,0,5.684341886080802e-14,4.58378285686052e-16,0,0.06095598683247213
UCLA_1_0051224,116,3.0,128,7,18,27,0,2,0,0,5.684341886080802e-14,4.940742312930268e-16,0,0.060246905720088895
UCLA_1_0051225,116,3.0,128,7,18,27,0,2,0,0,8.526512829121202e-14,5.614810453105789e-16,0,0.05779625328593233
UCLA_1_0051226,116,3.0,128,7,18,27,0,2,0,0,5.684341886080802e-14,5.34910257611478e-16,0,0.05181511583878283
UCLA_1_0051227,116,3.0,128,7,18,27,0,2,0,0,8.526512829121202e-14,4.667722217411554e-16,0,0.06222830620534456
UCLA_1_0051229,116,3.0,128,7,18,27,0,2,0,0,5.684341886080802e-14,5.600962705696113e-16,0,0.05300537299973093
UCLA_1_0051230,116,3.0,128,7,18,27,0,2,0,0,5.684341886080802e-14,4.599000245982193e-16,0,0.0761143936199778
UCLA_1_0051231,116,3.0,128,7,18,27,0,2,0,0,5.684341886080802e-14,4.480273684618286e-16,0,0.06799408392335901
UCLA_1_0051234,116,3.0,128,7,18,27,0,2,0,0,4.263256414560601e-14,5.793740295318239e-16,0,0.06134799108048359
UCLA_1_0051235,116,3.0,128,7,18,27,0,2,0,0,8.526512829121202e-14,5.46716607992117e-16,0,0.06915344618549343
UCLA_1_0051236,116,3.0,128,7,18,27,0,2,0,0,8.526512829121202e-14,5.604349677582988e-16,0,0.052386733517180345
UCLA_1_0051237,116,3.0,128,7,18,27,0,2,0,0,4.263256414560601e-14,4.3166978587866065e-16,0,0.054562595503579434
UCLA_1_0051239,116,3.0,128,7,18,27,0,2,0,0,5.684341886080802e-14,4.798623233847737e-16,0,0.06014441322918629
UCLA_1_0051240,116,3.0,128,7,18,27,0,2,0,0,8.526512829121202e-14,6.12068175758325e-16,0,0.05716854124803061
UCLA_1_0051241,116,3.0,128,7,18,27,0,2,0,0,5.684341886080802e-14,4.286405745347851e-16,0,0.060145282748472195
UCLA_1_0051248,116,3.0,128,7,18,27,0,2,0,0,5.684341886080802e-14,5.168963156990356e-16,0,0.061616876235353536
UCLA_1_0051249,116,3.0,128,7,18,27,0,2,0,0,5.684341886080802e-14,5.358828745074205e-16,0,0.05359111175063064
UCLA_1_0051250,116,3.0,128,7,18,27,0,2,0,0,5.684341886080802e-14,4.114817669524366e-16,0,0.07595961304287632
UCLA_1_0051251,116,3.0,128,7,18,27,0,2,0,0,1.7053025658242404e-13,5.345551615612304e-16,0,0.07015017979322459
UCLA_1_0051252,116,3.0,128,7,18,27,0,2,0,0,4.263256414560601e-14,5.633564379317256e-16,0,0.06159899995216155
UCLA_1_0051253,116,3.0,128,7,18,27,0,2,0,0,5.684341886080802e-14,6.715051302383609e-16,0,0.06001294957191049
UCLA_1_0051254,116,3.0,128,7,18,27,0,2,0,0,8.526512829121202e-14,5.467168999028906e-16,0,0.05324028679957394
UCLA_1_0051255,116,3.0,128,7,18,27,0,2,0,0,5.684341886080802e-14,4.705691954143569e-16,0,0.05179626213237329
UCLA_1_0051256,116,3.0,128,7,18,27,0,2,0,0,5.684341886080802e-14,5.039160333750355e-16,0,0.05057409650056196
UCLA_1_0051257,116,3.0,128,7,18,27,0,2,0,0,8.526512829121202e-14,5.615464212583667e-16,0,0.08641995070229858
UCLA_1_0051260,116,3.0,128,7,18,27,0,2,0,0,8.526512829121202e-14,5.600007483159422e-16,0,0.06647329175569669
UCLA_1_0051261,116,3.0,128,7,18,27,0,2,0,0,5.684341886080802e-14,5.750676228040392e-16,0,0.04828988957384001
UCLA_1_0051262,116,3.0,128,7,18,27,0,2,0,0,8.526512829121202e-14,5.287956524238435e-16,0,0.08541863591350084
UCLA_1_0051264,116,3.0,128,7,18,27,0,2,0,0,8.526512829121202e-14,5.357311525226519e-16,0,0.05989854826255086
UCLA_1_0051265,116,3.0,128,7,18,27,0,2,0,0,4.263256414560601e-14,4.053322713773513e-16,0,0.060184364414313615
UCLA_1_0051266,116,3.0,128,7,18,27,0,2,0,0,8.526512829121202e-14,5.492322005517179e-16,0,0.08571315876989449
UCLA_1_0051267,116,3.0,128,7,18,27,0,2,0,0,8.526512829121202e-14,5.456916016731906e-16,0,0.0649516458106369
UCLA_1_0051268,116,3.0,128,7,18,27,0,2,0,0,1.1368683772161603e-13,6.415080343863601e-16,0,0.04925759157936568
UCLA_1_0051269,116,3.0,128,7,18,27,0,2,0,0,5.684341886080802e-14,3.81506531282328e-16,0,0.05383389658029101
UCLA_1_0051271,116,3.0,128,7,18,27,0,2,0,0,5.684341886080802e-14,4.593092162917924e-16,0,0.06591573254551805
UCLA_1_0051272,116,3.0,128,7,18,27,0,2,0,0,5.684341886080802e-14,4.765311743975209e-16,0,0.051381823538134926
UCLA_1_0051273,116,3.0,128,7,18,27,0,2,0,0,5.684341886080802e-14,4.4276043335612894e-16,0,0.07410362879929766
UCLA_1_0051274,116,3.0,128,7,18,27,0,2,0,0,1.1368683772161603e-13,3.9707439796706715e-16,0,0.11111049776249139
UCLA_1_0051275,116,3.0,128,7,18,27,0,2,0,0,8.526512829121202e-14,4.968038015227987e-16,0,0.05550335220294275
UCLA_1_0051276,116,3.0,128,7,18,27,0,2,0,0,4.263256414560601e-14,6.138820250788874e-16,0,0.05798215685618685
UCLA_1_0051277,116,3.0,128,7,18,27,0,2,0,0,5.684341886080802e-14,6.378801030872806e-16,0,0.05685358237646897
UCLA_1_0051278,116,3.0,128,7,18,27,0,2,0,0,5.684341886080802e-14,4.06318949405435e-16,0,0.0827243535142134
UCLA_1_0051279,116,3.0,128,7,18,27,0,2,0,0,5.684341886080802e-14,4.721011700929717e-16,0,0.06869738442688106
UCLA_1_0051280,116,3.0,128,7,18,27,0,2,0,0,5.684341886080802e-14,3.970725701643092e-16,0,0.06382036258656013
UCLA_1_0051281,116,3.0,128,7,18,27,0,2,0,0,5.684341886080802e-14,4.4057656696312555e-16,0,0.08007857765076934
UCLA_1_0051282,116,3.0,128,7,18,27,0,2,0,0,1.1368683772161603e-13,4.600183972198831e-16,0,0.04082912125407796
UCLA_2_0051291,116,3.0,128,7,18,27,0,2,0,0,8.526512829121202e-14,5.898052850911193e-16,0,0.04966011566994947
UCLA_2_0051293,116,3.0,128,7,18,27,0,2,0,0,5.684341886080802e-14,5.321134030956178e-16,0,0.0560650569899303
UCLA_2_0051294,116,3.0,128,7,18,27,0,2,0,0,1.4210854715202004e-13,7.461069896594248e-16,0,0.05729550357321563
UCLA_2_0051295,116,3.0,128,7,18,27,0,2,0,0,8.526512829121202e-14,5.385302202762314e-16,0,0.07671246094694345
UCLA_2_0051297,116,3.0,128,7,18,27,0,2,0,0,5.684341886080802e-14,4.0725031466844467e-16,0,0.06024533293108262
UCLA_2_0051298,116,3.0,128,7,18,27,0,2,0,0,5.684341886080802e-14,5.020449617988961e-16,0,0.059910730264244344
UCLA_2_0051299,116,3.0,128,7,18,27,0,2,0,0,5.684341886080802e-14,4.0226510404823865e-16,0,0.06685716185178582
UCLA_2_0051301,116,3.0,128,7,18,27,0,2,0,0,1.7053025658242404e-13,5.871911117787602e-16,0,0.045687556468851004
UCLA_2_0051302,116,3.0,128,7,18,27,0,2,0,0,5.684341886080802e-14,5.233772531756669e-16,0,0.0631513815702964
UCLA_2_0051303,116,3.0,128,7,18,27,0,2,0,0,5.684341886080802e-14,4.662564880985095e-16,0,0.05767096729746158
UCLA_2_0051304,116,3.0,128,7,18,27,0,2,0,0,1.1368683772161603e-13,4.674489643608269e-16,0,0.05306655902972817
UCLA_2_0051305,116,3.0,128,7,18,27,0,2,0,0,5.684341886080802e-14,4.803111184261653e-16,0,0.06608207910734637
UCLA_2_0051306,116,3.0,128,7,18,27,0,2,0,0,8.526512829121202e-14,5.164402101088483e-16,0,0.06448606486735343
UCLA_2_0051307,116,3.0,128,7,18,27,0,2,0,0,1.1368683772161603e-13,5.947924930382524e-16,0,0.06315369038788202
UCLA_2_0051308,116,3.0,128,7,18,27,0,2,0,0,5.684341886080802e-14,4.978898367074219e-16,0,0.06499385826597738
UCLA_2_0051309,116,3.0,128,7,18,27,0,2,0,0,5.684341886080802e-14,4.302231848577771e-16,0,0.060526840725193744
UCLA_2_0051311,116,3.0,128,7,18,27,0,2,0,0,5.684341886080802e-14,4.820902171943823e-16,0,0.0613134144590845
UCLA_2_0051312,116,3.0,128,7,18,27,0,2,0,0,8.526512829121202e-14,6.257779337951104e-16,0,0.056725855683086406
UCLA_2_0051313,116,3.0,128,7,18,27,0,2,0,0,5.684341886080802e-14,5.56955628512385e-16,0,0.06804730427813738
UCLA_2_0051314,116,3.0,128,7,18,27,0,2,0,0,5.684341886080802e-14,5.077073278011447e-16,0,0.05729307928983261
UCLA_2_0051315,116,3.0,128,7,18,27,0,2,0,0,5.684341886080802e-14,4.986300243247441e-16,0,0.07204003880536926
UCLA_2_0051316,116,3.0,128,7,18,27,0,2,0,0,5.684341886080802e-14,4.094606083881936e-16,0,0.06380722116855689
UCLA_2_0051317,116,3.0,128,7,18,27,0,2,0,0,8.526512829121202e-14,4.697221484506445e-16,0,0.060310947039007204
UM_1_0050272,296,2.0,512,17,47,71,0,7,0,0,4.547473508864641e-13,6.136441606414701e-16,0,0.08726534975283382
UM_1_0050273,296,2.0,512,17,47,71,0,7,0,0,1.7053025658242404e-13,6.845976390463885e-16,0,0.07151527616948923
UM_1_0050274,296,2.0,512,17,47,71,0,7,0,0,4.547473508864641e-13,7.561821429971975e-16,0,0.08207294727797632
UM_1_0050275,296,2.0,512,17,47,71,0,7,0,0,2.8421709430404007e-13,8.18990619627966e-16,0,0.07844301453678952
UM_1_0050276,296,2.0,512,17,47,71,0,7,0,0,1.7053025658242404e-13,6.251879382540213e-16,0,0.06859332930530844
UM_1_0050277,296,2.0,512,17,47,71,0,7,0,0,2.8421709430404007e-13,8.086876058112017e-16,0,0.08063230381196784
UM_1_0050278,296,2.0,512,17,47,71,0,7,0,0,4.547473508864641e-13,6.460724023091253e-16,0,0.08782612701168795
UM_1_0050280,296,2.0,512,17,47,71,0,7,0,0,2.2737367544323206e-13,6.519974337453851e-16,0,0.07612427212433706
UM_1_0050282,296,2.0,512,17,47,71,0,7,0,0,2.8421709430404007e-13,9.03964704722788e-16,0,0.0713510393975251
UM_1_0050283,296,2.0,512,17,47,71,0,7,0,0,4.547473508864641e-13,9.16104374033067e-16,0,0.06607781572118668
UM_1_0050284,296,2.0,512,17,47,71,0,7,0,0,6.821210263296962e-13,9.273151754253247e-16,0,0.06887102140551168
UM_1_0050285,296,2.0,512,17,47,71,0,7,0,0,3.979039320256561e-13,1.0727880215815413e-15,0,0.07447907200401728
UM_1_0050287,296,2.0,512,17,47,71,0,7,0,0,2.2737367544323206e-13,6.513546228857477e-16,0,0.07160954747194731
UM_1_0050288,296,2.0,512,17,47,71,0,7,0,0,6.821210263296962e-13,9.854370088761156e-16,0,0.07632967854006001
UM_1_0050289,296,2.0,512,17,47,71,0,7,0,0,3.410605131648481e-13,8.383759616635479e-16,0,0.08194074499577297
UM_1_0050290,296,2.0,512,17,47,71,0,7,0,0,2.2737367544323206e-13,7.383564110918767e-16,0,0.08047429416883076
UM_1_0050291,296,2.0,512,17,47,71,0,7,0,0,2.8421709430404007e-13,7.708206319758677e-16,0,0.08286335488729384
UM_1_0050292,296,2.0,512,17,47,71,0,7,0,0,3.410605131648481e-13,6.05448499172013e-16,0,0.07703614513567043
UM_1_0050293,296,2.0,512,17,47,71,0,7,0,0,2.2737367544323206e-13,7.634722299690025e-16,0,0.08958036845046424
UM_1_0050294,296,2.0,512,17,47,71,0,7,0,0,2.8421709430404007e-13,9.061190946688025e-16,0,0.09995758520439717
UM_1_0050295,296,2.0,512,17,47,71,0,7,0,0,2.2737367544323206e-13,6.729259976979921e-16,0,0.0760576043816053
UM_1_0050296,296,2.0,512,17,47,71,0,7,0,0,9.094947017729282e-13,1.039920505148321e-15,0,0.08787867614517492
UM_1_0050297,296,2.0,512,17,47,71,0,7,0,0,5.684341886080801e-13,9.218557509556353e-16,0,0.09408421473636591
UM_1_0050298,296,2.0,512,17,47,71,0,7,0,0,3.410605131648481e-13,8.058736330592175e-16,0,0.07765433376587083
UM_1_0050300,296,2.0,512,17,47,71,0,7,0,0,4.547473508864641e-13,7.272166941729969e-16,0,0.06066404156449262
UM_1_0050301,296,2.0,512,17,47,71,0,7,0,0,4.547473508864641e-13,7.772281722335876e-16,0,0.07195977128323541
UM_1_0050302,296,2.0,512,17,47,71,0,7,0,0,4.547473508864641e-13,1.2517314856925554e-15,0,0.0871803672723102
UM_1_0050304,296,2.0,512,17,47,71,0,7,0,0,9.094947017729282e-13,7.819483585898934e-16,0,0.09087705558960488
UM_1_0050305,296,2.0,512,17,47,71,0,7,0,0,4.547473508864641e-13,7.325826557969695e-16,0,0.07781873490215538
UM_1_0050306,296,2.0,512,17,47,71,0,7,0,0,4.547473508864641e-13,7.967698038985376e-16,0,0.06839008178731379
UM_1_0050307,296,2.0,512,17,47,71,0,7,0,0,2.2737367544323206e-13,6.525834447225987e-16,0,0.07713001515099538
UM_1_0050310,296,2.0,512,17,47,71,0,7,0,0,2.2737367544323206e-13,6.179559038098422e-16,0,0.08368212785701805
UM_1_0050311,296,2.0,512,17,47,71,0,7,0,0,6.821210263296962e-13,9.162620606786847e-16,0,0.08407761537954829
UM_1_0050312,296,2.0,512,17,47,71,0,7,0,0,3.410605131648481e-13,7.383172121008465e-16,0,0.07894298757182462
UM_1_0050314,296,2.0,512,17,47,71,0,7,0,0,4.547473508864641e-13,7.260264634740663e-16,0,0.06897108921829996
UM_1_0050315,296,2.0,512,17,47,71,0,7,0,0,2.2737367544323206e-13,6.770788797948952e-16,0,0.08376340023538285
UM_1_0050316,296,2.0,512,17,47,71,0,7,0,0,3.410605131648481e-13,6.689460765556093e-16,0,0.08545970678734528
UM_1_0050318,296,2.0,512,17,47,71,0,7,0,0,4.547473508864641e-13,6.182073419551234e-16,0,0.08003821351985821
UM_1_0050319,296,2.0,512,17,47,71,0,7,0,0,3.410605131648481e-13,8.484384273284733e-16,0,0.0823818929962843
UM_1_0050320,296,2.0,512,17,47,71,0,7,0,0,4.547473508864641e-13,7.518344310733902e-16,0,0.07268134734468358
UM_1_0050321,296,2.0,512,17,47,71,0,7,0,0,2.2737367544323206e-13,6.651977899558077e-16,0,0.0819141162530119
UM_1_0050322,296,2.0,512,17,47,71,0,7,0,0,4.547473508864641e-13,7.27246231053554e-16,0,0.07956071791349371
UM_1_0050324,296,2.0,512,17,47,71,0,7,0,0,2.2737367544323206e-13,6.354722073129609e-16,0,0.08102650919087535
UM_1_0050325,296,2.0,512,17,47,71,0,7,0,0,4.547473508864641e-13,9.75553184103715e-16,0,0.07102476435705858
UM_1_0050326,296,2.0,512,17,47,71,0,7,0,0,4.547473508864641e-13,6.374121560842875e-16,0,0.0861318300000264
UM_1_0050327,296,2.0,512,17,47,71,0,7,0,0,3.410605131648481e-13,8.99893248634484e-16,0,0.07309840083232189
UM_1_0050329,296,2.0,512,17,47,71,0,7,0,0,2.8421709430404007e-13,7.608923256491964e-16,0,0.0938465401880997
UM_1_0050330,296,2.0,512,17,47,71,0,7,0,0,2.8421709430404007e-13,8.074321569006633e-16,0,0.060344528693805355
UM_1_0050331,296,2.0,512,17,47,71,0,7,0,0,2.2737367544323206e-13,6.085925178123908e-16,0,0.06860317563699728
UM_1_0050332,296,2.0,512,17,47,71,0,7,0,0,3.410605131648481e-13,9.1360234563783e-16,0,0.06820638943111919
UM_1_0050333,296,2.0,512,17,47,71,0,7,0,0,6.821210263296962e-13,6.22087286563944e-16,0,0.08100565130284595
UM_1_0050334,296,2.0,512,17,47,71,0,7,0,0,4.547473508864641e-13,1.1668660657435561e-15,0,0.08745435694888411
UM_1_0050335,296,2.0,512,17,47,71,0,7,0,0,2.2737367544323206e-13,7.995529919605481e-16,0,0.07774493137981023
UM_1_0050336,296,2.0,512,17,47,71,0,7,0,0,2.2737367544323206e-13,6.973870969178278e-16,0,0.07570150310987904
UM_1_0050337,296,2.0,512,17,47,71,0,7,0,0,3.410605131648481e-13,7.877248967842575e-16,0,0.07123663239326468
UM_1_0050338,296,2.0,512,17,47,71,0,7,0,0,3.410605131648481e-13,6.328493046005684e-16,0,0.06716619339862336
UM_1_0050339,296,2.0,512,17,47,71,0,7,0,0,2.2737367544323206e-13,5.805641514677872e-16,0,0.08448842441150559
UM_1_0050340,296,2.0,512,17,47,71,0,7,0,0,3.410605131648481e-13,1.069665498262433e-15,0,0.0802533465823717
UM_1_0050341,296,2.0,512,17,47,71,0,7,0,0,1.7053025658242404e-13,8.53154535455367e-16,0,0.0853935082032311
UM_1_0050342,296,2.0,512,17,47,71,0,7,0,0,4.547473508864641e-13,7.726614466262478e-16,0,0.07182002753269058
UM_1_0050343,296,2.0,512,17,47,71,0,7,0,0,3.410605131648481e-13,7.551816909474856e-16,0,0.08596928981232728
UM_1_0050344,296,2.0,512,17,47,71,0,7,0,0,1.7053025658242404e-13,5.733314024565054e-16,0,0.0792489619036469
UM_1_0050345,296,2.0,512,17,47,71,0,7,0,0,3.410605131648481e-13,7.462220538028327e-16,0,0.07023294500451305
UM_1_0050346,296,2.0,512,17,47,71,0,7,0,0,2.8421709430404007e-13,7.724333640186314e-16,0,0.075469258485476
UM_1_0050347,296,2.0,512,17,47,71,0,7,0,0,2.2737367544323206e-13,6.925818555955909e-16,0,0.09055470346534561
UM_1_0050348,296,2.0,512,17,47,71,0,7,0,0,3.410605131648481e-13,6.361886619142436e-16,0,0.07712373997603561
UM_1_0050349,296,2.0,512,17,47,71,0,7,0,0,2.2737367544323206e-13,7.622135197792972e-16,0,0.08234036411763143
UM_1_0050350,296,2.0,512,17,47,71,0,7,0,0,1.7053025658242404e-13,6.775641911662539e-16,0,0.08745645148357359
UM_1_0050351,296,2.0,512,17,47,71,0,7,0,0,2.8421709430404007e-13,1.0210739076635892e-15,0,0.07604865924054079
UM_1_0050352,296,2.0,512,17,47,71,0,7,0,0,5.684341886080801e-13,7.970991371622401e-16,0,0.08019862486476281
UM_1_0050353,296,2.0,512,17,47,71,0,7,0,0,2.2737367544323206e-13,7.574650802246751e-16,0,0.07438273941323124
UM_1_0050354,296,2.0,512,17,47,71,0,7,0,0,5.684341886080801e-13,8.831587939046845e-16,0,0.07867021523558829
UM_1_0050355,296,2.0,512,17,47,71,0,7,0,0,3.410605131648481e-13,7.835199532060598e-16,0,0.07801716421789824
UM_1_0050356,296,2.0,512,17,47,71,0,7,0,0,1.7053025658242404e-13,7.865447845955622e-16,0,0.07630312923162301
UM_1_0050357,296,2.0,512,17,47,71,0,7,0,0,1.7053025658242404e-13,5.917302239652137e-16,0,0.08791096196391021
UM_1_0050358,296,2.0,512,17,47,71,0,7,0,0,3.410605131648481e-13,9.853239402512312e-16,0,0.08900962357362273
UM_1_0050359,296,2.0,512,17,47,71,0,7,0,0,5.684341886080801e-13,6.510799681311607e-16,0,0.09532863837255069
UM_1_0050360,296,2.0,512,17,47,71,0,7,0,0,4.547473508864641e-13,8.123251382654814e-16,0,0.06279315462935393
UM_1_0050361,296,2.0,512,17,47,71,0,7,0,0,6.821210263296962e-13,7.87075137541273e-16,0,0.07704542632045061
UM_1_0050362,296,2.0,512,17,47,71,0,7,0,0,2.2737367544323206e-13,6.62297506314427e-16,0,0.09572769201752264
UM_1_0050363,296,2.0,512,17,47,71,0,7,0,0,3.410605131648481e-13,6.474317929718459e-16,0,0.08237869653268175
UM_1_0050364,296,2.0,512,17,47,71,0,7,0,0,4.547473508864641e-13,7.192431336133866e-16,0,0.06674076126830578
UM_1_0050365,296,2.0,512,17,47,71,0,7,0,0,6.821210263296962e-13,8.245625765354007e-16,0,0.0699179602468457
UM_1_0050366,296,2.0,512,17,47,71,0,7,0,0,4.547473508864641e-13,6.91972680321583e-16,0,0.07721388686014974
UM_1_0050367,296,2.0,512,17,47,71,0,7,0,0,2.8421709430404007e-13,7.4725947909389e-16,0,0.0931347805435638
UM_1_0050368,296,2.0,512,17,47,71,0,7,0,0,3.410605131648481e-13,8.347478145613529e-16,0,0.06920028893266558
UM_1_0050369,296,2.0,512,17,47,71,0,7,0,0,2.8421709430404007e-13,8.665611553824608e-16,0,0.07224775705028258
UM_1_0050370,296,2.0,512,17,47,71,0,7,0,0,4.547473508864641e-13,7.506720564180824e-16,0,0.08195980418377691
UM_1_0050371,296,2.0,512,17,47,71,0,7,0,0,4.547473508864641e-13,7.222194407322214e-16,0,0.08322842397990594
UM_1_0050372,296,2.0,512,17,47,71,0,7,0,0,2.2737367544323206e-13,7.525978493918756e-16,0,0.088910406596731
UM_1_0050373,296,2.0,512,17,47,71,0,7,0,0,4.547473508864641e-13,7.935287034561751e-16,0,0.08432105654849445
UM_1_0050374,296,2.0,512,17,47,71,0,7,0,0,3.410605131648481e-13,8.105442925270975e-16,0,0.09123511509386983
UM_1_0050375,296,2.0,512,17,47,71,0,7,0,0,3.410605131648481e-13,8.530248809496349e-16,0,0.07689689010379071
UM_1_0050376,296,2.0,512,17,47,71,0,7,0,0,3.410605131648481e-13,6.474295914363183e-16,0,0.08882252348968808
UM_1_0050377,296,2.0,512,17,47,71,0,7,0,0,4.547473508864641e-13,8.134885837573714e-16,0,0.07244012121440241
UM_1_0050379,296,2.0,512,17,47,71,0,7,0,0,2.8421709430404007e-13,7.347361876677037e-16,0,0.11403069441930068
UM_1_0050380,296,2.0,512,17,47,71,0,7,0,0,3.410605131648481e-13,6.66919270064801e-16,0,0.08670696977246356
UM_1_0050381,296,2.0,512,17,47,71,0,7,0,0,3.979039320256561e-13,9.290893241278326e-16,0,0.07615582737711978
UM_2_0050382,296,2.0,512,17,47,71,0,7,0,0,3.410605131648481e-13,9.14627795152817e-16,0,0.08396406367650716
UM_2_0050385,296,2.0,512,17,47,71,0,7,0,0,5.684341886080801e-13,7.360473025824079e-16,0,0.09062778861584023
UM_2_0050386,296,2.0,512,17,47,71,0,7,0,0,2.8421709430404007e-13,9.235218782049162e-16,0,0.07545748999733845
UM_2_0050387,296,2.0,512,17,47,71,0,7,0,0,4.547473508864641e-13,7.77991024221553e-16,0,0.07832229630127366
UM_2_0050388,296,2.0,512,17,47,71,0,7,0,0,3.410605131648481e-13,7.236914976546189e-16,0,0.08593236563360826
UM_2_0050390,296,2.0,512,17,47,71,0,7,0,0,1.7053025658242404e-13,5.8939124256124e-16,0,0.0740710843761588
UM_2_0050391,296,2.0,512,17,47,71,0,7,0,0,3.410605131648481e-13,7.048443578208662e-16,0,0.05767964086065711
UM_2_0050397,296,2.0,512,17,47,71,0,7,0,0,1.7053025658242404e-13,6.312680688564979e-16,0,0.08356165549995863
UM_2_0050399,296,2.0,512,17,47,71,0,7,0,0,3.410605131648481e-13,8.862543710087162e-16,0,0.08215088643775445
UM_2_0050402,296,2.0,512,17,47,71,0,7,0,0,2.2737367544323206e-13,7.235505361833332e-16,0,0.08571542120269074
UM_2_0050403,296,2.0,512,17,47,71,0,7,0,0,4.547473508864641e-13,7.005236342386482e-16,0,0.08442559837496975
UM_2_0050404,296,2.0,512,17,47,71,0,7,0,0,4.547473508864641e-13,6.103765937786112e-16,0,0.062260080539622474
UM_2_0050405,296,2.0,512,17,47,71,0,7,0,0,1.7053025658242404e-13,7.173047811306659e-16,0,0.0820289235662983
UM_2_0050406,296,2.0,512,17,47,71,0,7,0,0,3.410605131648481e-13,9.126649565637884e-16,0,0.08093017001802212
UM_2_0050407,296,2.0,512,17,47,71,0,7,0,0,1.7053025658242404e-13,8.380035466928939e-16,0,0.0726381968107041
UM_2_0050408,296,2.0,512,17,47,71,0,7,0,0,3.410605131648481e-13,9.162553808011629e-16,0,0.07641766435964331
UM_2_0050410,296,2.0,512,17,47,71,0,7,0,0,4.547473508864641e-13,7.517551274259892e-16,0,0.08205263861641225
UM_2_0050411,296,2.0,512,17,47,71,0,7,0,0,3.410605131648481e-13,6.863744399905829e-16,0,0.06840825631888528
UM_2_0050412,296,2.0,512,17,47,71,0,7,0,0,2.8421709430404007e-13,1.0027190760585494e-15,0,0.06960535914765255
UM_2_0050413,296,2.0,512,17,47,71,0,7,0,0,1.7053025658242404e-13,5.117673196642196e-16,0,0.08581754591594583
UM_2_0050414,296,2.0,512,17,47,71,0,7,0,0,1.7053025658242404e-13,5.849674973777214e-16,0,0.09399132160297734
UM_2_0050415,296,2.0,512,17,47,71,0,7,0,0,2.2737367544323206e-13,7.603642317697285e-16,0,0.07168509383505287
UM_2_0050416,296,2.0,512,17,47,71,0,7,0,0,4.547473508864641e-13,8.449572036430502e-16,0,0.07410226352701266
UM_2_0050417,296,2.0,512,17,47,71,0,7,0,0,2.2737367544323206e-13,7.488523508900646e-16,0,0.07819265013720159
UM_2_0050418,296,2.0,512,17,47,71,0,7,0,0,5.684341886080801e-13,9.440601853475393e-16,0,0.07121465720888548
UM_2_0050419,296,2.0,512,17,47,71,0,7,0,0,5.684341886080801e-13,9.705029936182176e-16,0,0.07601904416065568
UM_2_0050421,296,2.0,512,17,47,71,0,7,0,0,4.547473508864641e-13,7.733805965695055e-16,0,0.08073355045141603
UM_2_0050422,296,2.0,512,17,47,71,0,7,0,0,3.410605131648481e-13,5.426460263891041e-16,0,0.0663920785195561
UM_2_0050424,296,2.0,512,17,47,71,0,7,0,0,2.8421709430404007e-13,8.471122064390808e-16,0,0.06468300401917516
UM_2_0050425,296,2.0,512,17,47,71,0,7,0,0,2.8421709430404007e-13,1.1948272776405967e-15,0,0.08456451054400531
UM_2_0050426,296,2.0,512,17,47,71,0,7,0,0,3.410605131648481e-13,7.811079975199277e-16,0,0.0852955039761933
UM_2_0050427,296,2.0,512,17,47,71,0,7,0,0,4.547473508864641e-13,6.722319697019856e-16,0,0.07795928721179404
UM_2_0050428,296,2.0,512,17,47,71,0,7,0,0,2.2737367544323206e-13,6.28356619987423e-16,0,0.07636028198093299
USM_0050433,236,2.0,256,8,24,35,0,3,0,0,8.526512829121202e-14,5.73554563342421e-16,0,0.06721112788327648
USM_0050434,236,2.0,256,8,24,35,0,3,0,0,1.7053025658242404e-13,6.408110631086463e-16,0,0.06642470919868593
USM_0050435,236,2.0,256,8,24,35,0,3,0,0,1.1368683772161603e-13,5.374570945336914e-16,0,0.07851649661239263
USM_0050436,236,2.0,256,8,24,35,0,3,0,0,1.1368683772161603e-13,5.168188885822993e-16,0,0.07619109369042715
USM_0050437,236,2.0,256,8,24,35,0,3,0,0,1.1368683772161603e-13,5.182113390984295e-16,0,0.06961981919969137
USM_0050438,236,2.0,256,8,24,35,0,3,0,0,1.7053025658242404e-13,6.269157500005462e-16,0,0.05988024914073027
USM_0050439,236,2.0,256,8,24,35,0,3,0,0,5.684341886080802e-14,4.224074512010844e-16,0,0.08327626721947767
USM_0050440,236,2.0,256,8,24,35,0,3,0,0,1.1368683772161603e-13,6.30744127949827e-16,0,0.06094216135479555
USM_0050441,236,2.0,256,8,24,35,0,3,0,0,5.684341886080802e-14,5.507485269175436e-16,0,0.07605198109540216
USM_0050442,236,2.0,256,8,24,35,0,3,0,0,5.684341886080802e-14,4.796256831171295e-16,0,0.07256644973840139
USM_0050443,236,2.0,256,8,24,35,0,3,0,0,8.526512829121202e-14,5.828421966197715e-16,0,0.07043923399011753
USM_0050444,236,2.0,256,8,24,35,0,3,0,0,8.526512829121202e-14,3.803403993735712e-16,0,0.06540530563187172
USM_0050445,236,2.0,256,8,24,35,0,3,0,0,1.1368683772161603e-13,5.933504339014644e-16,0,0.06821362322677031
USM_0050446,236,2.0,256,8,24,35,0,3,0,0,8.526512829121202e-14,5.404482916785923e-16,0,0.09616129582178978
USM_0050447,236,2.0,256,8,24,35,0,3,0,0,1.1368683772161603e-13,4.895208665292595e-16,0,0.06644892661715035
USM_0050448,236,2.0,256,8,24,35,0,3,0,0,1.1368683772161603e-13,5.598545374046384e-16,0,0.05291671115470015
USM_0050449,236,2.0,256,8,24,35,0,3,0,0,8.526512829121202e-14,4.85721604622455e-16,0,0.06390085676320194
USM_0050453,236,2.0,256,8,24,35,0,3,0,0,2.2737367544323206e-13,6.879477806134509e-16,0,0.0960416429385769
USM_0050455,236,2.0,256,8,24,35,0,3,0,0,8.526512829121202e-14,5.939590453570654e-16,0,0.0923812380149349
USM_0050463,236,2.0,256,8,24,35,0,3,0,0,8.526512829121202e-14,4.490818044767116e-16,0,0.08904036746522885
USM_0050466,236,2.0,256,8,24,35,0,3,0,0,5.684341886080802e-14,6.718322912338725e-16,0,0.07999093556336898
USM_0050467,236,2.0,256,8,24,35,0,3,0,0,1.1368683772161603e-13,4.640606838928926e-16,0,0.0743207653896805
USM_0050468,236,2.0,256,8,24,35,0,3,0,0,1.1368683772161603e-13,6.416823221826408e-16,0,0.08113366406583448
USM_0050469,236,2.0,256,8,24,35,0,3,0,0,8.526512829121202e-14,7.032741982006205e-16,0,0.0639093637381099
USM_0050470,236,2.0,256,8,24,35,0,3,0,0,2.2737367544323206e-13,6.495469967488421e-16,0,0.05415977136459986
USM_0050477,236,2.0,256,8,24,35,0,3,0,0,1.1368683772161603e-13,4.917864254709571e-16,0,0.05801843179780808
USM_0050480,236,2.0,256,8,24,35,0,3,0,0,5.684341886080802e-14,4.101340021611064e-16,0,0.07202225016234096
USM_0050481,236,2.0,256,8,24,35,0,3,0,0,1.1368683772161603e-13,4.43070284133891e-16,0,0.07984567905469005
USM_0050482,236,2.0,256,8,24,35,0,3,0,0,8.526512829121202e-14,5.466886872765705e-16,0,0.0711670439820572
USM_0050483,236,2.0,256,8,24,35,0,3,0,0,1.7053025658242404e-13,6.103078198599493e-16,0,0.06392191018664496
USM_0050485,236,2.0,256,8,24,35,0,3,0,0,5.684341886080802e-14,4.485951368195915e-16,0,0.061324914461554095
USM_0050486,236,2.0,256,8,24,35,0,3,0,0,1.1368683772161603e-13,5.431540590824459e-16,0,0.10823347706437993
USM_0050487,236,2.0,256,8,24,35,0,3,0,0,1.7053025658242404e-13,6.657504316392171e-16,0,0.05450894475294795
USM_0050488,236,2.0,256,8,24,35,0,3,0,0,1.1368683772161603e-13,4.444200229661585e-16,0,0.05235151648344474
USM_0050490,236,2.0,256,8,24,35,0,3,0,0,1.7053025658242404e-13,6.384189568512806e-16,0,0.06323555626146855
USM_0050491,236,2.0,256,8,24,35,0,3,0,0,5.684341886080802e-14,6.391044793510037e-16,0,0.05938608591955208
USM_0050492,236,2.0,256,8,24,35,0,3,0,0,1.1368683772161603e-13,5.52224108969922e-16,0,0.06270748414974277
USM_0050493,236,2.0,256,8,24,35,0,3,0,0,1.1368683772161603e-13,6.183736723599321e-16,0,0.06705214006931269
USM_0050494,236,2.0,256,8,24,35,0,3,0,0,8.526512829121202e-14,5.472031930100931e-16,0,0.06507750322220603
USM_0050496,236,2.0,256,8,24,35,0,3,0,0,1.1368683772161603e-13,3.81186462193054e-16,0,0.07040159718396033
USM_0050497,236,2.0,256,8,24,35,0,3,0,0,8.526512829121202e-14,5.039048214019484e-16,0,0.0736925140109293
USM_0050498,236,2.0,256,8,24,35,0,3,0,0,1.1368683772161603e-13,6.207937617249598e-16,0,0.07019067387724597
USM_0050499,236,2.0,256,8,24,35,0,3,0,0,8.526512829121202e-14,4.462416127208981e-16,0,0.07941429100676299
USM_0050500,236,2.0,256,8,24,35,0,3,0,0,1.1368683772161603e-13,4.865268754588995e-16,0,0.06637974997523333
USM_0050501,236,2.0,256,8,24,35,0,3,0,0,1.7053025658242404e-13,5.585883721612439e-16,0,0.06657800652745641
USM_0050502,236,2.0,256,8,24,35,0,3,0,0,5.684341886080802e-14,4.228828697786736e-16,0,0.0743130876016162
USM_0050503,236,2.0,256,8,24,35,0,3,0,0,1.1368683772161603e-13,5.806181613932918e-16,0,0.05682152690981783
USM_0050504,236,2.0,256,8,24,35,0,3,0,0,1.1368683772161603e-13,5.477009068758629e-16,0,0.07017105868667925
USM_0050505,236,2.0,256,8,24,35,0,3,0,0,8.526512829121202e-14,5.132901182186383e-16,0,0.07247106268325974
USM_0050507,236,2.0,256,8,24,35,0,3,0,0,1.1368683772161603e-13,6.972962777995912e-16,0,0.06059820587929717
USM_0050509,236,2.0,256,8,24,35,0,3,0,0,1.1368683772161603e-13,3.96480224989638e-16,0,0.08042310258924669
USM_0050510,236,2.0,256,8,24,35,0,3,0,0,1.4210854715202004e-13,6.608907036827813e-16,0,0.06595437480947161
USM_0050511,236,2.0,256,8,24,35,0,3,0,0,1.1368683772161603e-13,4.884143075109689e-16,0,0.08776404701655934
USM_0050514,236,2.0,256,8,24,35,0,3,0,0,8.526512829121202e-14,5.664833933823546e-16,0,0.07650723513109607
USM_0050515,236,2.0,256,8,24,35,0,3,0,0,8.526512829121202e-14,5.725681114443884e-16,0,0.08040851127618866
USM_0050516,236,2.0,256,8,24,35,0,3,0,0,1.1368683772161603e-13,6.260896506826768e-16,0,0.06362003734534967
USM_0050518,236,2.0,256,8,24,35,0,3,0,0,8.526512829121202e-14,5.973755614364062e-16,0,0.062334698044682106
USM_0050519,236,2.0,256,8,24,35,0,3,0,0,8.526512829121202e-14,5.222972184916808e-16,0,0.07190240841753498
USM_0050520,236,2.0,256,8,24,35,0,3,0,0,1.1368683772161603e-13,4.985326028789428e-16,0,0.06360144230674625
USM_0050521,236,2.0,256,8,24,35,0,3,0,0,1.1368683772161603e-13,4.846327043122278e-16,0,0.06024138123123841
USM_0050523,236,2.0,256,8,24,35,0,3,0,0,1.7053025658242404e-13,6.146546465209346e-16,0,0.056899109646077486
USM_0050524,236,2.0,256,8,24,35,0,3,0,0,1.7053025658242404e-13,4.60439679303827e-16,0,0.07016031099328529
USM_0050525,236,2.0,256,8,24,35,0,3,0,0,8.526512829121202e-14,4.910098982151825e-16,0,0.07693351105948824
USM_0050526,232,2.0,256,8,24,35,0,3,0,0,1.1368683772161603e-13,6.975930623675868e-16,0,0.0614650898000199
USM_0050527,236,2.0,256,8,24,35,0,3,0,0,8.526512829121202e-14,5.58074434832087e-16,0,0.059743309457523125
USM_0050528,236,2.0,256,8,24,35,0,3,0,0,1.4210854715202004e-13,8.169377207288419e-16,0,0.06013401317482643
USM_0050529,236,2.0,256,8,24,35,0,3,0,0,1.1368683772161603e-13,3.9252224400012517e-16,0,0.08271218379932692
USM_0050530,236,2.0,256,8,24,35,0,3,0,0,1.1368683772161603e-13,5.255255144968889e-16,0,0.07785262134312877
USM_0050532,236,2.0,256,8,24,35,0,3,0,0,1.4210854715202004e-13,6.882009819797477e-16,0,0.06129337635239633
Yale_0050551,196,2.0,256,8,24,35,0,3,0,0,5.684341886080802e-14,4.311056588882977e-16,0,0.058617848430043196
Yale_0050552,196,2.0,256,8,24,35,0,3,0,0,8.526512829121202e-14,5.162111644510698e-16,0,0.05783779370693579
Yale_0050553,196,2.0,256,8,24,35,0,3,0,0,5.684341886080802e-14,6.238891053227198e-16,0,0.06171159753534845
Yale_0050554,196,2.0,256,8,24,35,0,3,0,0,1.1368683772161603e-13,5.52423166708284e-16,0,0.07264357695024559
Yale_0050555,196,2.0,256,8,24,35,0,3,0,0,8.526512829121202e-14,7.317257896003509e-16,0,0.06900984213909282
Yale_0050556,196,2.0,256,8,24,35,0,3,0,0,8.526512829121202e-14,5.365307150818857e-16,0,0.06846929308572071
Yale_0050557,196,2.0,256,8,24,35,0,3,0,0,1.7053025658242404e-13,7.636281221238385e-16,0,0.05128695341940348
Yale_0050558,196,2.0,256,8,24,35,0,3,0,0,5.684341886080802e-14,6.503803465713668e-16,0,0.06601985380325937
Yale_0050559,196,2.0,256,8,24,35,0,3,0,0,1.1368683772161603e-13,6.017009990326106e-16,0,0.08376870806671216
Yale_0050560,196,2.0,256,8,24,35,0,3,0,0,8.526512829121202e-14,5.294463497508463e-16,0,0.07508317846897827
Yale_0050561,196,2.0,256,8,24,35,0,3,0,0,8.526512829121202e-14,4.801112491993946e-16,0,0.0741497181732435
Yale_0050562,196,2.0,256,8,24,35,0,3,0,0,8.526512829121202e-14,5.381380504280268e-16,0,0.0661374838367747
Yale_0050563,196,2.0,256,8,24,35,0,3,0,0,1.1368683772161603e-13,8.413365727695023e-16,0,0.04911735678860828
Yale_0050564,196,2.0,256,8,24,35,0,3,0,0,5.684341886080802e-14,5.303300227181491e-16,0,0.0680297397967327
Yale_0050565,196,2.0,256,8,24,35,0,3,0,0,1.1368683772161603e-13,5.146771756372427e-16,0,0.062003288471364076
Yale_0050566,196,2.0,256,8,24,35,0,3,0,0,8.526512829121202e-14,5.665543137266437e-16,0,0.06897588889449167
Yale_0050567,196,2.0,256,8,24,35,0,3,0,0,1.1368683772161603e-13,6.344494783396842e-16,0,0.06893561513172278
Yale_0050568,196,2.0,256,8,24,35,0,3,0,0,7.105427357601002e-14,6.679935732827726e-16,0,0.07127196157904211
Yale_0050569,196,2.0,256,8,24,35,0,3,0,0,1.1368683772161603e-13,6.723235871020672e-16,0,0.09430301167483629
Yale_0050570,196,2.0,256,8,24,35,0,3,0,0,5.684341886080802e-14,6.144868126219637e-16,0,0.06808491760147008
Yale_0050571,196,2.0,256,8,24,35,0,3,0,0,1.1368683772161603e-13,5.31724139805373e-16,0,0.056861776729605566
Yale_0050572,196,2.0,256,8,24,35,0,3,0,0,8.526512829121202e-14,5.09660943989207e-16,0,0.06277949675395629
Yale_0050573,196,2.0,256,8,24,35,0,3,0,0,1.1368683772161603e-13,5.42773084313782e-16,0,0.07038129301072056
Yale_0050574,196,2.0,256,8,24,35,0,3,0,0,1.1368683772161603e-13,4.1775986427652465e-16,0,0.07103808191576845
Yale_0050575,196,2.0,256,8,24,35,0,3,0,0,1.1368683772161603e-13,6.355470963023412e-16,0,0.050244644685976524
Yale_0050576,196,2.0,256,8,24,35,0,3,0,0,8.526512829121202e-14,5.795018782633861e-16,0,0.06531664205930725
Yale_0050577,196,2.0,256,8,24,35,0,3,0,0,8.526512829121202e-14,5.602857148180003e-16,0,0.059316534838441216
Yale_0050578,196,2.0,256,8,24,35,0,3,0,0,5.684341886080802e-14,4.758309947246298e-16,0,0.07280337582755846
Yale_0050601,196,2.0,256,8,24,35,0,3,0,0,1.1368683772161603e-13,6.716399275470211e-16,0,0.06762062015769028
Yale_0050602,196,2.0,256,8,24,35,0,3,0,0,1.1368683772161603e-13,5.134825295294989e-16,0,0.07070847662258653
Yale_0050603,196,2.0,256,8,24,35,0,3,0,0,5.684341886080802e-14,4.543870767792136e-16,0,0.07259400194608293
Yale_0050604,196,2.0,256,8,24,35,0,3,0,0,5.684341886080802e-14,4.823503712769203e-16,0,0.05028762770281708
Yale_0050605,196,2.0,256,8,24,35,0,3,0,0,5.684341886080802e-14,4.372015090793448e-16,0,0.05869986856058283
Yale_0050606,196,2.0,256,8,24,35,0,3,0,0,1.1368683772161603e-13,5.685722128385293e-16,0,0.053494149235832976
Yale_0050607,196,2.0,256,8,24,35,0,3,0,0,1.1368683772161603e-13,6.028313054497254e-16,0,0.06681305749234429
Yale_0050608,196,2.0,256,8,24,35,0,3,0,0,8.526512829121202e-14,4.63177270029362e-16,0,0.07195425995201049
Yale_0050609,196,2.0,256,8,24,35,0,3,0,0,1.1368683772161603e-13,4.97846572267612e-16,0,0.07501120684781483
Yale_0050611,196,2.0,256,8,24,35,0,3,0,0,5.684341886080802e-14,6.236184686276529e-16,0,0.06423434130578706
Yale_0050612,196,2.0,256,8,24,35,0,3,0,0,1.1368683772161603e-13,7.881116703876116e-16,0,0.07083149509223644
Yale_0050613,196,2.0,256,8,24,35,0,3,0,0,1.4210854715202004e-13,8.075576318081926e-16,0,0.053087969090519105
Yale_0050614,196,2.0,256,8,24,35,0,3,0,0,1.1368683772161603e-13,6.218979965168171e-16,0,0.07909248544447767
Yale_0050615,196,2.0,256,8,24,35,0,3,0,0,1.4210854715202004e-13,7.929868974421567e-16,0,0.06325706685633187
Yale_0050616,196,2.0,256,8,24,35,0,3,0,0,8.526512829121202e-14,4.535030253237413e-16,0,0.07882212419114434
Yale_0050617,196,2.0,256,8,24,35,0,3,0,0,8.526512829121202e-14,7.65619479127318e-16,0,0.0689834126207412
Yale_0050618,196,2.0,256,8,24,35,0,3,0,0,1.7053025658242404e-13,5.398783530386259e-16,0,0.07361782499949394
Yale_0050619,196,2.0,256,8,24,35,0,3,0,0,5.684341886080802e-14,4.6998620508974e-16,0,0.0647130400886968
Yale_0050620,196,2.0,256,8,24,35,0,3,0,0,5.684341886080802e-14,4.777445122525638e-16,0,0.06728830083468974
Yale_0050621,196,2.0,256,8,24,35,0,3,0,0,7.105427357601002e-14,7.774250389724657e-16,0,0.0685988298297265
Yale_0050622,196,2.0,256,8,24,35,0,3,0,0,1.1368683772161603e-13,4.794179678531436e-16,0,0.07083922843918496
Yale_0050623,196,2.0,256,8,24,35,0,3,0,0,5.684341886080802e-14,4.820715636730342e-16,0,0.07203975611163309
Yale_0050624,196,2.0,256,8,24,35,0,3,0,0,1.1368683772161603e-13,4.3384890202288444e-16,0,0.08150376484010294
Yale_0050625,196,2.0,256,8,24,35,0,3,0,0,5.684341886080802e-14,5.834154231373404e-16,0,0.07579244135870981
Yale_0050626,196,2.0,256,8,24,35,0,3,0,0,1.7053025658242404e-13,6.142510924502307e-16,0,0.06113870323746814
Yale_0050627,196,2.0,256,8,24,35,0,3,0,0,1.7053025658242404e-13,6.077106469170313e-16,0,0.07498404488938216
Yale_0050628,196,2.0,256,8,24,35,0,3,0,0,5.684341886080802e-14,4.714726748640073e-16,0,0.0900281443844189
